key,hospital_name,display_name
cc:00117837-839b-4714-98d0-4395a91d8d9a,BON SECOURS SOUTHSIDE REGIONAL MEDICAL CENTER,Bon Secours Southside Regional Medical Center
cc:00127d03-7027-41c2-8443-7584e20a17ff,CONNALLY MEMORIAL MEDICAL CENTER,Connally Memorial Medical Center
cc:0012bc6b-ac8c-4885-8247-24ea27ffd8b3,UPMC WASHINGTON,UPMC Washington
cc:00198fae-fdf7-42a0-abb4-3675352d82fa,HILLSDALE HOSPITAL,Hillsdale Hospital
cc:0030c38d-c3af-450c-a973-071d960ffd2b,NORTH KANSAS CITY HOSPITAL,North Kansas City Hospital
cc:0042114a-b635-4d5f-897b-2891efc2a4ae,UNIVERSITY OF MARYLAND MEDICAL CENTER MIDTOWN CAMPUS,University of Maryland Medical Center Midtown Campus
cc:005b11fc-e81c-4eb5-aa0b-e44e28aa1565,WEST RIVER HEALTH SERVICES,West River Health Services
cc:00738ed3-8630-478e-822e-bd68173684ad,HEART HOSPITAL OF AUSTIN,Heart Hospital of Austin
cc:00787b6d-808f-4e7f-894c-01d0bf916da1,HCA FLORIDA ENGLEWOOD HOSPITAL,HCA Florida Englewood Hospital
cc:0078b539-57e8-428b-bcbf-f762a308dad0,SCHNECK MEDICAL CENTER,Schneck Medical Center
cc:00809594-14b7-4496-8d7d-06a2a8a416a6,OKMULGEE PHYSICAL REHABILITATION CENTER,Okmulgee Physical Rehabilitation Center
cc:0081d8ad-cefb-407b-81a0-f23f961409fb,BENEFIS COMMUNITY CARE,Benefis Community Care
cc:0084897c-79c2-4913-a204-c7d34c4df527,KIOWA COUNTY MEMORIAL HOSPITAL,Kiowa County Memorial Hospital
cc:0088dff4-ea3c-4fca-a631-d27c045f2c1e,CSF MENONITA YABUCOA,CSF Menonita Yabucoa
cc:00a91c73-4ea6-44fc-b6be-e95bc2a7120d,VIBRA HOSPITAL OF SOUTHEASTERN MICHIGAN-DMC CAMPUS,Vibra Hospital of Southeastern Michigan-DMC Campus
cc:00b1e32c-75e3-43d2-9ad7-f906f0764720,BAYLOR SCOTT & WHITE EMERGENCY MEDICAL CENTER - CEDAR PARK,Baylor Scott & White Emergency Medical Center - Cedar Park
cc:00bbea0c-bcf8-4629-b98d-930035caf9a9,WK BOSSIER HEALTH CENTER,WK Bossier Health Center
cc:00c9aa42-a43f-4c53-9def-4f3971df9f85,ELY BLOOMENSON COMM HOSPITAL,Ely Bloomenson Community Hospital
cc:00cc946d-85bc-404f-a7a7-acc2b9102467,INTERMOUNTAIN HEALTH GOOD SAMARITAN MEDICAL CENTER,Intermountain Health Good Samaritan Medical Center
cc:00d4c24c-769d-441d-b35e-0433cda33f04,OSF SAINT FRANCIS MEDICAL CENTER,OSF Saint Francis Medical Center
cc:00dc951d-d437-4024-bb6d-455327941c02,ST. LUKE'S HOSPITAL,St. Luke's Hospital
cc:00ea6741-c09a-46e8-8038-e2c8d3895c40,UNIVERSITY OF MARYLAND BOWIE HEALTH CENTER,University of Maryland Bowie Health Center
cc:00ed36d6-be97-4ade-892e-5d6da2435019,PUTNAM HOSPITAL,Putnam Hospital
cc:00ee5bb3-d6e1-4a04-a62c-9be3215ec908,CHRISTUS SPOHN HOSPITAL CORPUS CHRISTI SOUTH,CHRISTUS Spohn Hospital Corpus Christi South
cc:00ef6797-7330-4014-af0c-4076fc729eca,COLUMBUS REGIONAL HEALTHCARE SYSTEM,Columbus Regional Healthcare System
cc:00f20fb4-bcba-42e2-8604-f84ac7e8ac8a,BAPTIST MD ANDERSON CANCER CENTER,Baptist MD Anderson Cancer Center
cc:00f9bf71-60cc-471c-ac29-1fdd685ffa9b,WASHINGTON HOSPITAL - FREMONT,Washington Hospital - Fremont
cc:00fd1345-285e-40cf-ad52-8603218ea53a,WYANDOT MEMORIAL HOSPITAL,Wyandot Memorial Hospital
cc:010e5c0d-4147-4e10-86dc-0959d1fd7929,MID COAST WELLCARE TRINITY,Mid Coast Wellcare Trinity
cc:010f3d54-e179-4e6a-9238-a3e506bda27f,HILLCREST HOSPITAL SOUTH,Hillcrest Hospital South
cc:0112527b-0e03-466f-8d06-37873dc39590,GUADALUPE REGIONAL MEDICAL CENTER,Guadalupe Regional Medical Center
cc:0112a1f7-9ff8-4519-b3b2-7c94b3b3c9be,EXALT HEALTH INPATIENT REHABILITATION HOSPITAL SCOTTSDALE,Exalt Health Inpatient Rehabilitation Hospital Scottsdale
cc:011935ca-6230-4f6b-931f-bce8b2767c0f,PAM HEALTH SPECIALTY HOSPITAL OF OKLAHOMA CITY,PAM Health Specialty Hospital of Oklahoma City
cc:0123ee78-a361-4be1-9867-05d697b60da3,PINE REST CHRISTIAN MENTAL HEALTH SERVICES,Pine Rest Christian Mental Health Services
cc:0128be90-e972-4c0c-9dce-5acd9ad52a44,SAMUEL MAHELONA MEMORIAL HOSPITAL,Samuel Mahelona Memorial Hospital
cc:012b60a3-d931-4f03-b59d-654ccf4d6019,CHI HEALTH MERCY CORNING,CHI Health Mercy Corning
cc:012c0d9e-fd5f-4f27-b2a4-b7029377dc6a,MERRIMACK HEALTH METHUEN HOSPITAL,Merrimack Health Methuen Hospital
cc:012d4ea2-f580-42c7-9e0f-2a8880563fc1,UNIVERSITY OF MARYLAND SHORE MEDICAL CENTER AT EASTON,University of Maryland Shore Medical Center at Easton
cc:01306801-a8b0-43ce-9a29-bae441c549a3,MERCY ST. FRANCIS HOSPITAL,Mercy St. Francis Hospital
cc:01389ca3-b73b-49b7-ac1c-152b36cd3b03,ANSON GENERAL HOSPITAL,Anson General Hospital
cc:014465b1-24e9-4ac8-b269-e003ae5a2799,MERCY HOSPITAL WASHINGTON,Mercy Hospital Washington
cc:01466bea-a751-4af5-a211-7f1548d32b3d,PARKVIEW KOSCIUSKO HOSPITAL,Parkview Kosciusko Hospital
cc:0146d0ea-5ccf-4a61-ae59-6c0a977703e9,M HEALTH FAIRVIEW CLINIC BETHESDA,M Health Fairview Clinic Bethesda
cc:015606a0-8b89-4120-898b-6ab252b25aac,COX MEDICAL CENTER BRANSON,Cox Medical Center Branson
cc:017e7247-43b8-435f-8c4c-f3dd71193709,ST. PETER'S HOSPITAL,St. Peter's Hospital
cc:019c10c0-9652-4bac-a538-72338c1abb5e,PIEDMONT HENRY HOSPITAL,Piedmont Henry Hospital
cc:019eed51-ba4a-48c8-a89a-e372b6216c93,WINDSOR LAURELWOOD CENTER FOR BEHAVORIAL MEDICINE,Windsor Laurelwood Center for Behavorial Medicine
cc:01a2eab6-cf6f-4e64-9d20-fcbda3483b87,ENCOMPASS HEALTH REHABILITATION HOSPITAL OF BLUFFTON,Encompass Health Rehabilitation Hospital of Bluffton
cc:01a3c9c5-c805-4f82-bbec-a83dffab204e,BUFFALO PSYCHIATRIC CENTER,Buffalo Psychiatric Center
cc:01aafb5a-38a4-47d7-a459-d2e6999ea733,UT HEALTH EAST TEXAS REHABILITATION HOSPITAL,UT Health East Texas Rehabilitation Hospital
cc:01b39891-c97c-43dd-9b3e-2fe53769a2c0,DIGNITY HEALTH ARIZONA GENERAL HOSPITAL - LAVEEN,Dignity Health Arizona General Hospital - Laveen
cc:01be8fa3-620a-4b77-8596-40705c6d58c6,GOOD HOPE HOSPITAL,Good Hope Hospital
cc:01bf11a2-9b96-4df1-832c-47c9faf8b3de,ONVIDA HEALTH YUMA REGIONAL MEDICAL CENTER,Onvida Health Yuma Regional Medical Center
cc:01c0e5f9-1a97-44e7-9e02-72a008ce0ab0,MEMORIAL COMMUNITY HOSPITAL,Memorial Community Hospital
cc:01d82802-8799-43e8-8a36-cf41fa9adc55,THE UNIVERSITY OF MISSISSIPPI MEDICAL CENTER UMMC,The University of Mississippi Medical Center UMMC
cc:01e8c8ab-ffcc-4397-b0ac-b6d45dc3a763,VIBRA HOSPITAL OF FARGO,Vibra Hospital of Fargo
cc:01f3eabb-d976-45de-a5df-e248fa1a7b2a,MARION GENERAL HOSPITAL,Marion General Hospital
cc:0203515d-4ec4-4b4d-a6c8-62b1790f66ce,TEXAS HEALTH HOSPITAL CLEARFORK,Texas Health Hospital Clearfork
cc:02068778-7a03-49e4-9be6-c741f177a20e,USA HEALTH CHILDREN'S AND WOMEN'S HOSPITAL,USA Health Children's and Women's Hospital
cc:020a7177-a33e-4612-bd01-67b5595bdc5f,ADAMS MEMORIAL HOSPITAL,Adams Memorial Hospital
cc:020b6bc0-5ad9-4edd-ac3f-363db853f504,VANDERBILT TULLAHOMA-HARTON HOSPITAL,Vanderbilt Tullahoma-Harton Hospital
cc:02144618-d4ae-4b8b-8c49-f14cc73ef457,BAPTIST MEMORIAL REHABILITATION HOSPITAL,Baptist Memorial Rehabilitation Hospital
cc:0216eb71-7c96-47f7-86aa-27060aac3a63,MEDINA MEMORIAL HOSPITAL,Medina Memorial Hospital
cc:021a08ed-59c9-4957-84d8-e6b4555fc70b,MADISON HEALTHCARE,Madison Healthcare
cc:0225fd2e-9bea-4a70-96f3-479d4b929d78,ASANTE THREE RIVERS MEDICAL CENTER,Asante Three Rivers Medical Center
cc:023a93ac-43fd-45ad-ae95-eaa193774498,METHODIST MCKINNEY HOSPITAL,Methodist McKinney Hospital
cc:02424546-f339-46d2-a0cd-22416d3c6de4,BAYLOR SCOTT AND WHITE TEXAS SPINE AND JOINT HOSPITAL,Baylor Scott and White Texas Spine and Joint Hospital
cc:025993b1-d2bd-4fe5-a645-8ee869480e7e,CHI ST ANTHONY HOSPITAL,CHI St. Anthony Hospital
cc:0260cb2a-502d-4415-ac29-34daf0d3ba75,HORIZON SPECIALTY HOSPITAL - LAS VEGAS,Horizon Specialty Hospital - Las Vegas
cc:0264412e-7473-482e-b4db-13e2a3ccd8ed,SUTTER MATERNITY AND SURGERY CENTER OF SANTA CRUZ,Sutter Maternity and Surgery Center of Santa Cruz
cc:026a22d9-a7ef-4813-a232-1e0aacddc1e4,FRANCISCAN HEALTH DYER,Franciscan Health Dyer
cc:0274b1f5-a8e4-490c-a714-0b35cee1f07d,DIMMIT REGIONAL HOSPITAL,Dimmit Regional Hospital
cc:0274d023-d68f-45b7-9446-3f11581064d9,LEHIGH VALLEY HOSPITAL - DICKSON CITY,Lehigh Valley Hospital - Dickson City
cc:0283ba66-5c78-40f7-9cfd-459ec6cc3f7d,MEDSTAR HEALTH PHYSICAL THERAPY AT UNION MEMORIAL CURTIS NATIONAL HAND CENTER,MedStar Health Physical Therapy at Union Memorial Curtis National Hand Center
cc:028cc0f1-4d1e-4ab9-9696-65a46a538e7b,HANSEN FAMILY HOSPITAL,Hansen Family Hospital
cc:0296d614-6e9e-4086-b461-d4e47d17c956,AURORA PSYCHIATRIC HOSPITAL,Aurora Psychiatric Hospital
cc:02a37a22-17be-4209-908f-31bdf8b4d944,UCI HEALTH - PLACENTIA LINDA,UCI Health - Placentia Linda
cc:02a52371-e77c-4679-96ac-6f54a1287405,CHI SAINT JOSEPH HOSPITAL LONDON,CHI Saint Joseph Hospital London
cc:02acb3ed-7d4a-40fa-825c-2f139f30392c,UCSF LANGLEY PORTER PSYCHIATRIC HOSPITAL - MOUNT ZION,UCSF Langley Porter Psychiatric Hospital - Mount Zion
cc:02b8bc11-8dc7-4b76-a2c5-a49c58cdb4f0,ST. JAMES HEALTHCARE,St. James Healthcare
cc:02c18de1-374f-447e-96b8-6d4632366dfc,GUNDERSEN LUTHERAN MEDICAL CENTER,Gundersen Lutheran Medical Center
cc:02d2e0d5-208d-4846-8819-7675e2b4e83e,UT HEALTH TYLER HOSPITAL,UT Health Tyler Hospital
cc:02d676c9-4800-4fd0-b193-438b8a231dd1,VIBRA HOSPITAL OF BOISE,Vibra Hospital of Boise
cc:02e61243-b8d8-462a-9db1-321811fbdfc0,NEW YORK-PRESBYTERIAN HUDSON VALLEY HOSPITAL,New York-Presbyterian Hudson Valley Hospital
cc:02e6f4f6-a9e6-414d-8708-d910363ce12e,HCA FLORIDA LARGO HOSPITAL,HCA Florida Largo Hospital
cc:02f7420f-2f23-4af6-9228-9f8431803633,OKLAHOMA STATE UNIVERSITY MEDICAL CENTER,Oklahoma State University Medical Center
cc:02f91d2d-9b7a-48ef-9d48-b020e3457c63,GOOD SHEPHERD REHABILITATION HOSPITAL,Good Shepherd Rehabilitation Hospital
cc:03087a5c-a76d-4259-8017-83dac296437c,UPMC MAGEE-WOMENS HOSPITAL,UPMC Magee-Womens Hospital
cc:0308a13d-ece6-43e9-ad97-a3f97733c2f2,OCEANS BEHAVIORAL HOSPITAL CORPUS CHRISTI,Oceans Behavioral Hospital Corpus Christi
cc:0308abc6-9e0a-4e83-b1c4-a6abf32a8b4b,LONG ISLAND JEWISH FOREST HILLS HOSPITAL,Long Island Jewish Forest Hills Hospital
cc:031c7ac9-7bc8-48b8-b98d-b4b87ce5a27c,BRADLEY HOSPITAL,Bradley Hospital
cc:031f985a-bb5c-479b-b947-642aad87e271,UM R ADAMS COWLEY SHOCK TRAUMA CENTER,UM R. Adams Cowley Shock Trauma Center
cc:03224585-76bf-44d6-a4c6-1d4142dbe0cb,HOWARD YOUNG MEDICAL CENTER,Howard Young Medical Center
cc:0325c396-4deb-47de-b8ef-7832097bb6b2,OKLAHOMA ER & HOSPITAL,Oklahoma ER & Hospital
cc:03262e05-ba49-4d42-b74f-3ecf4fce7791,MULTICARE VALLEY HOSPITAL,MultiCare Valley Hospital
cc:032ddf89-3b18-4973-a110-65e985d8c1d9,NORTH ARKANSAS REGIONAL MEDICAL CENTER,North Arkansas Regional Medical Center
cc:033bf2cf-2826-46d7-b803-aa297650cba7,PHOEBE PUTNEY MEMORIAL HOSPITAL - NORTH CAMPUS,Phoebe Putney Memorial Hospital - North Campus
cc:0340abc4-9cbf-4695-9920-b104f9a2ca69,FALLS COMMUNITY HOSPITAL AND CLINIC,Falls Community Hospital and Clinic
cc:035285c1-4968-41db-83ec-98bb0d82c587,OAKLAWN HOSPITAL,Oaklawn Hospital
cc:0353a927-202c-4969-a749-90978ac09c72,ESSENTIA HEALTH FOSSTON CLINIC,Essentia Health Fosston Clinic
cc:03780e6f-73f0-4fe7-85ca-4ba5015fa08e,LAWRENCE COUNTY HOSPITAL,Lawrence County Hospital
cc:037eabdc-13bd-44e8-996a-67f9462c6977,SHARE MEDICAL CENTER,Share Medical Center
cc:0382e073-aac8-4bb9-8f25-480b7ee78c02,TEXAS HEALTH HUGULEY HOSPITAL,Texas Health Huguley Hospital
cc:038d2700-3ecd-42e8-ba5e-42af23065500,HOLDENVILLE GENERAL HOSPITAL,Holdenville General Hospital
cc:03991cac-b9e2-4178-8f58-46e4d3eeb07a,TEXAS HEALTH SPECIALTY HOSPITAL FORT WORTH,Texas Health Specialty Hospital Fort Worth
cc:039ed8ed-1750-4737-8f2f-8dc765b06ff8,KINGS COUNTY HOSPITAL CENTER,Kings County Hospital Center
cc:03a44d71-ac86-4ebc-a9dd-be9f04741006,DEACONESS ILLINOIS MEDICAL CENTER,Deaconess Illinois Medical Center
cc:03aed3ab-c286-4c6c-8f6a-7f87dceb2ee0,AULTMAN HOSPITAL,Aultman Hospital
cc:03af61c1-e1a6-433a-a29b-8239c17e06d8,BLESSING HOSPITAL,Blessing Hospital
cc:03c6d470-a31f-4719-82ff-d3724d596d35,CLARA MAASS MEDICAL CENTER,Clara Maass Medical Center
cc:03ca8336-c6f4-49da-a933-88c0485c7daf,SUMMA REHABILITATION HOSPITAL,Summa Rehabilitation Hospital
cc:03d8224c-60f3-421e-b5f4-2c3169ec35b2,BIG SANDY MEDICAL CENTER,Big Sandy Medical Center
cc:03df7650-3bcd-4765-9c16-2a7f0af4406a,LANCASTER BEHAVIORAL HEALTH HOSPITAL,Lancaster Behavioral Health Hospital
cc:03e1f96f-618a-466f-aba5-73fe4390b633,OCHSNER BAPTIST MEDICAL CENTER,Ochsner Baptist Medical Center
cc:03e54326-b8ce-4fd8-8af4-ece553f0b74c,ORTHOINDY NORTHWEST HOSPITAL,Orthoindy Northwest Hospital
cc:03ea0278-84b2-4f97-b643-3ad989506916,PAGE MEMORIAL HOSPITAL,Page Memorial Hospital
cc:03f401c9-b77c-456c-82b5-adb61455f9f6,PAM VOYAGES BEHAVIORAL HEALTH OF CONROE,PAM Voyages Behavioral Health of Conroe
cc:03f4cefc-6d20-4afd-a898-215235aada90,RURAL WELLNESS STROUD,Rural Wellness Stroud
cc:03f53021-88fb-4500-b42b-ed260510d009,ELLIS HOSPITAL,Ellis Hospital
cc:03fc7bb8-85ac-4216-aaa0-f9ed7f0b7342,ST. LUKE'S HEALTH MEMORIAL HOSPITAL SAN AUGUSTINE,St. Luke's Health Memorial Hospital San Augustine
cc:0412e1f5-4402-4cb9-9e2c-872c919cce6d,ASCENSION ST. VINCENT CARMEL AMBULATORY SURGERY CENTER,Ascension St. Vincent Carmel Ambulatory Surgery Center
cc:0413543f-68f8-47c6-b2da-805c6a0216fc,WAKEMED CARY HOSPITAL,Wakemed Cary Hospital
cc:041916aa-c6d5-4a1e-8a20-e37f761de04a,HIGHPOINT HEALTH - RIVERVIEW WITH ASCENSION SAINT THOMAS,Highpoint Health - Riverview with Ascension Saint Thomas
cc:04210d35-c797-4e34-a63f-4af30701a682,HCA HEALTHCARE LIVE OAK MENTAL HEALTH AND WELLNESS,HCA Healthcare Live Oak Mental Health and Wellness
cc:042e9dd5-b78d-4a4a-b0f5-eee6eac6dc57,CARLE HOOPESTON REGIONAL HEALTH CENTER,Carle Hoopeston Regional Health Center
cc:0447d185-0cdb-430b-940b-262fcbfefae3,ALTA BATES SUMMIT MEDICAL CENTER - SUMMIT CAMPUS,Alta Bates Summit Medical Center - Summit Campus
cc:045a6730-3857-4bb3-bfc6-6205b1900fd5,QUEENS MEDICAL CENTER,Queens Medical Center
cc:045e59f4-6387-4174-988c-743f56e885dd,RIVERSIDE HOSPITAL OF LOUISIANA,Riverside Hospital of Louisiana
cc:0464c6ad-cb7f-4293-a2c6-adb57459ea41,UH BEDFORD MEDICAL CENTER,UH Bedford Medical Center
cc:04674a02-3c57-4f5d-96ec-7de813dbc511,GLACIAL RIDGE HOSPITAL,Glacial Ridge Hospital
cc:046c1aaf-c5d6-4ba5-988e-758532e63394,ADVOCATE CHILDREN'S HOSPITAL - PARK RIDGE,Advocate Children's Hospital - Park Ridge
cc:046c3806-6220-460c-9c95-1f65ad54bf06,LANDMARK HOSPITAL OF COLUMBIA,Landmark Hospital of Columbia
cc:047032f9-af29-472a-8e9f-78b7d3e9cc09,UPMC EAST,UPMC East
cc:04770aeb-5393-4eb6-9864-bd9e99e7111c,SURGEONS CHOICE MEDICAL CENTER,Surgeons Choice Medical Center
cc:048be0bf-6ec5-4408-9db2-fb6fdf5c407f,ELLSWORTH COUNTY MEDICAL CENTER,Ellsworth County Medical Center
cc:049493a3-fc84-4a80-acaa-99f7a8ed77bf,SHARON REGIONAL HEALTH SYSTEM,Sharon Regional Health System
cc:049f3699-7178-43ff-96f6-aa66151804e6,GUADALUPE COUNTY HOSPITAL,Guadalupe County Hospital
cc:04abf91b-6dc8-400c-bcfa-2bd977b80e26,DALE MEDICAL CENTER,Dale Medical Center
cc:04aece68-a970-4258-bc42-58cb3c285bdb,SANFORD TRANSPLANT CENTER,Sanford Transplant Center
cc:04b5688b-57aa-4e83-afa2-92506a7edcf1,BRIGHTWELL BEHAVIORAL HEALTH MAIN,Brightwell Behavioral Health Main
cc:04b6d3d9-0c76-4072-b735-0923d003b784,TOPS SURGICAL SPECIALTY HOSPITAL,Tops Surgical Specialty Hospital
cc:04bd3bfa-4f11-4eab-addb-eeee2b88efad,PRESTON MEMORIAL HOSPITAL,Preston Memorial Hospital
cc:04c6d712-b583-4c09-a441-cf2bff546730,WEBSTER MEMORIAL HOSPITAL,Webster Memorial Hospital
cc:04c8714a-c1b3-44a6-8b53-128c160f66d0,BRIGHTWELL BEHAVIORAL HEALTH,Brightwell Behavioral Health
cc:04cb6a73-0d5b-47f1-bfab-6caa588b9b62,SPECIALTY REHABILITATION HOSPITAL OF COUSHATTA,Specialty Rehabilitation Hospital of Coushatta
cc:04cba0f5-25a2-4e91-8c1b-04e6e662eb50,INSPIRA HEALTH CENTER BRIDGETON,Inspira Health Center Bridgeton
cc:04cedcec-0149-43e6-adee-b74dd63d554a,ALLIED SERVICES WILKES-BARRE REHAB HOSPITAL,Allied Services Wilkes-Barre Rehabilitation Hospital
cc:04dc47d9-9c90-4393-8775-2e6f60ba987f,FRANCISCAN HOSPITAL FOR CHILDREN,Franciscan Hospital for Children
cc:04df5451-0683-43b9-8ecd-99784a390657,LAWRENCE MEDICAL CENTER,Lawrence Medical Center
cc:04ebd57e-f321-4843-98e9-2666e34606d5,UP HEALTH SYSTEM - BELL,UP Health System - Bell
cc:04f0888c-6c90-4676-8d60-080ff3d0d23d,READING HOSPITAL,Reading Hospital
cc:04f4872e-1161-49f8-9814-b292f4d4e257,PEAK BEHAVIORAL HEALTH SERVICES,Peak Behavioral Health Services
cc:04f7634c-3d39-4ba8-86c3-b38fa7a07d71,METHODIST OLIVE BRANCH HOSPITAL,Methodist Olive Branch Hospital
cc:04f9f4b1-23aa-4a1c-8a66-e3bd11c6cf25,HOSPITAL MENONITA HUMACAO,Hospital Menonita Humacao
cc:05057837-dd17-46c2-bd57-da9c9f9a82c6,MCLAREN LAPEER REGION,McLaren Lapeer Region
cc:050b83c8-7bbf-48d4-8882-8137b9091d10,NAVOS BEHAVIORAL HEALTH HOSPITAL,Navos Behavioral Health Hospital
cc:05283417-507a-479a-b072-c896c650971b,DEER LODGE MEDICAL CENTER,Deer Lodge Medical Center
cc:052a9974-80c2-4da0-8886-16d6640e5263,HARMON MEMORIAL HOSPITAL,Harmon Memorial Hospital
cc:053cf2bd-1023-4e50-ae79-6b7097078d8a,HAVEN BEHAVIORAL HOSPITAL OF PHILADELPHIA,Haven Behavioral Hospital of Philadelphia
cc:053e06e1-a77d-43ac-b68d-5186d5f681dd,ADVENTIST HEALTH GLENDALE,Adventist Health Glendale
cc:0556a0e4-73d9-49b2-8cc8-111128cc40ea,APOLLO BEHAVIORAL HEALTH HOSPITAL,Apollo Behavioral Health Hospital
cc:05756e8f-6418-4292-ae61-27ee8bab1de4,FROEDTERT COMMUNITY HOSPITAL OAK CREEK,Froedtert Community Hospital Oak Creek
cc:057987c5-0277-4917-8221-a9c92e7c67af,COREWELL HEALTH BIG RAPIDS HOSPITAL,Corewell Health Big Rapids Hospital
cc:057bbefa-79c1-4f38-846f-8f82fe4dcd0b,HENDERSON COUNTY COMMUNITY HOSPITAL,Henderson County Community Hospital
cc:05828cd3-131c-4c81-8d15-61487da20885,NCH NORTH NAPLES HOSPITAL,NCH North Naples Hospital
cc:0585162b-e35c-4a1c-bfff-e634af5ba386,GREENWOOD REGIONAL REHABILITATION HOSPITAL,Greenwood Regional Rehabilitation Hospital
cc:0592b74c-cbb9-4f58-936f-e887c273fa11,BAPTIST HEALTH LEXINGTON,Baptist Health Lexington
cc:05a25a76-9b37-40d5-8129-728b48acb172,MARSHFIELD MEDICAL CENTER NEILLSVILLE,Marshfield Medical Center Neillsville
cc:05a6ea74-1125-48a8-8856-f15a49d84930,AKRON CHILDREN'S HOSPITAL,Akron Children's Hospital
cc:05b3d6cd-17f2-4b32-b974-6e98bebaa827,UAB ST. VINCENT'S BIRMINGHAM,UAB St. Vincent's Birmingham
cc:05b41d09-1386-448b-9203-5cadbcedc60a,INTERMOUNTAIN HEALTH OREM COMMUNITY HOSPITAL,Intermountain Health Orem Community Hospital
cc:05b8fadb-a4f7-4043-aaf0-bec131a7cbf0,NORTHERN LIGHT MAYO HOSPITAL,Northern Light Mayo Hospital
cc:05b95e00-d946-4c53-9828-722fa87b9e8f,SUNRISE VISTA HEALTH AND WELLNESS,Sunrise Vista Health and Wellness
cc:05bbfa9c-28e8-4960-a009-6066292be3aa,MEMORIAL HOSPITAL LOS BANOS,Memorial Hospital los Banos
cc:05bd171e-0f78-48d8-8176-b15a8bd361ba,BAYLOR SCOTT & WHITE EMERGENCY HOSPITAL - COLLEYVILLE,Baylor Scott & White Emergency Hospital - Colleyville
cc:05c52596-dcb1-4ce6-9632-bb9e1eb24ebd,ELITE MEDICAL CENTER,Elite Medical Center
cc:05c6331c-dde9-4699-8af4-7c72c6a3bc52,NEWPORT HOSPITAL & HEALTH SERVICES,Newport Hospital & Health Services
cc:05d7803f-5b6f-4c02-86ee-7119c2db2f70,MISSION HOSPITAL MCDOWELL,Mission Hospital McDowell
cc:05e08b40-1cdf-4660-a819-aace02460e22,PAM HEALTH SPECIALTY HOSPITAL OF SHREVEPORT,PAM Health Specialty Hospital of Shreveport
cc:05e70dbc-d365-45c4-8632-a51401537186,OCHSNER MEDICAL CENTER- KENNER,Ochsner Medical Center- Kenner
cc:05e7759b-d135-4d87-8e54-cde65f2d9d2e,SHEPHERD CENTER,Shepherd Center
cc:05e776f1-c301-4cdc-b108-e5dfec237dae,ARBOUR HOSPITAL,Arbour Hospital
cc:05e77cf5-f8f7-4440-9e43-17fd9a59f5ea,REGIONAL MEDICAL CENTER OF CENTRAL ALABAMA,Regional Medical Center of Central Alabama
cc:06091caf-6c62-47c5-8b76-1a440dbc9e43,DOCTORS HOSPITAL OF MANTECA,Doctors Hospital of Manteca
cc:061c6c0b-c2f4-4d30-ac56-6e11dc2cbb03,IVINSON MEMORIAL HOSPITAL,Ivinson Memorial Hospital
cc:061d9388-9b5d-4cc4-9322-580d4bf23d1b,MERCYONE DYERSVILLE MEDICAL CENTER,Mercyone Dyersville Medical Center
cc:061f4f98-5c4b-4780-bd4e-b6373575bec1,VISTA PLAINS HEALTH,Vista Plains Health
cc:0625b7c7-4497-4136-9412-aca031de7d6c,AMG SPECIALTY HOSPITAL LAS VEGAS,AMG Specialty Hospital Las Vegas
cc:064642d1-97fa-4f8a-a2ff-e56f392eb273,BLUE RIDGE REGIONAL HOSPITAL,Blue Ridge Regional Hospital
cc:0649a072-acfd-4cdf-8ff5-3a6e790c5e0e,KINDRED HOSPITAL ONTARIO,Kindred Hospital Ontario
cc:064a7ea4-f4a7-4f03-b30e-38728684ee59,REHABILITATION HOSPITAL OF INDIANA INC,Rehabilitation Hospital of Indiana Inc
cc:0659374a-56e7-4543-9fe9-7da188c7fecc,HSHS ST. MARY'S HOSPITAL,HSHS St. Mary's Hospital
cc:065b8422-a9d9-4241-9966-39e848535c13,ENCOMPASS HEALTH REHABILITATION HOSPITAL OF PENSACOLA,Encompass Health Rehabilitation Hospital of Pensacola
cc:065b8f44-72f3-462b-aca6-d42800ab07f0,HENRY FORD MADISON HEIGHTS HOSPITAL,Henry Ford Madison Heights Hospital
cc:0662edc7-5a90-4536-93ef-27bf5855c7c5,FAIRFIELD MEMORIAL HOSPITAL,Fairfield Memorial Hospital
cc:06678bf5-e7d8-49bd-88dd-1b787c17b50e,UCHEALTH MEMORIAL HOSPITAL CENTRAL,UCHealth Memorial Hospital Central
cc:06698d1f-b750-43aa-8a4a-417956d954ae,UH GEAUGA MEDICAL CENTER,UH Geauga Medical Center
cc:0669b6a5-2d90-414a-a9d9-ccbd830576be,SANFORD LUVERNE MEDICAL CENTER,Sanford Luverne Medical Center
cc:0675aa9a-8d3c-4580-bc5e-688559604841,CASCADE MEDICAL CENTER,Cascade Medical Center
cc:0676d176-424a-4f3f-bc71-4f372b8cc2dd,BOYS TOWN NATIONAL RESEARCH HOSPITAL,Boys Town National Research Hospital
cc:0688a357-03df-4d71-85bc-07310666e284,GAYLORD HOSPITAL,Gaylord Hospital
cc:068ee24f-7306-4d4c-8c12-e786b63c9668,MYMICHIGAN MEDICAL CENTER ALPENA,Mymichigan Medical Center Alpena
cc:0690f28f-e781-451c-b8d2-acd304a3bd96,ROCK COUNTY HOSPITAL,Rock County Hospital
cc:069aaa8b-f1f1-4004-9390-78f38ffb293f,THE PAVILION AT WILLIAMSBURG PLACE,The Pavilion at Williamsburg Place
cc:06a5a3e9-3a2e-45dc-8c59-e223c70628cc,HSS PARAMUS MIDLAND OUTPATIENT CENTER,HSS Paramus Midland Outpatient Center
cc:06a6be3f-aa12-490f-899d-7a6aa28faba9,OSF SAINT ANTHONY'S HEALTH CENTER,OSF Saint Anthony's Health Center
cc:06ae137b-f978-4dfa-b115-1784d155bddd,ENLOE MEDICAL CENTER,Enloe Medical Center
cc:06b244df-3953-4e98-93e9-8b511c39460b,AVERA ORTHOPEDIC HOSPITAL,Avera Orthopedic Hospital
cc:06c5696d-9c77-4650-85c8-97a330c4c791,SANTIAM HOSPITAL,Santiam Hospital
cc:06d1baed-0d6e-45e4-b7e6-e1e88c5c9cc4,FIRELANDS HEALTH THE BELLEVUE HOSPITAL,Firelands Health the Bellevue Hospital
cc:06d279c5-b47a-4a26-a415-5dae5e37e9ae,DESOTO REGIONAL HEALTH SYSTEM,DeSoto Regional Health System
cc:06ddb679-8672-44ad-9102-03be65fdc79d,SELECT SPECIALTY HOSPITAL-AKRON,Select Specialty Hospital-Akron
cc:06e02661-17b2-4654-b15f-f8379a604a51,TWIN COUNTY REGIONAL HOSPITAL,Twin County Regional Hospital
cc:06ea54c7-011c-4867-ab13-c17ec97e21b8,ENCOMPASS HEALTH REHABILITATION HOSPITAL OF FORT MILL,Encompass Health Rehabilitation Hospital of Fort MILL
cc:06ec06de-a4dc-4ca4-977f-befb9f66925a,ORLANDO HEALTH REGIONAL MEDICAL CENTER,Orlando Health Regional Medical Center
cc:06f1c35b-cdc3-49b2-a9bf-27220b62ea35,THE EMILY PROGRAM ATLANTA,The Emily Program Atlanta
cc:06f5f6a4-f973-4d53-8dfd-8226f8ddf284,SAGE SPECIALTY HOSPITAL OF OPELOUSAS,Sage Specialty Hospital of Opelousas
cc:06fb3ad8-c593-463f-bf4d-8d4818efe5d1,JASPER GENERAL HOSPITAL,Jasper General Hospital
cc:06fc7b71-6785-4ce9-b16b-e6e5f005e1df,PROVIDENCE ST JOSEPH MEDICAL CENTER,Providence St. Joseph Medical Center
cc:0702f0b3-fef3-44e6-a4b1-f4872684265f,MEMORIAL HOSPITAL BILOXI,Memorial Hospital Biloxi
cc:070efce3-b070-4277-9ad4-4e6a074309dd,GOOD SHEPHERD SPECIALTY HOSPITAL,Good Shepherd Specialty Hospital
cc:0710adf1-3292-4510-86ac-d2c3f3789048,OCEANS BEHAVIORAL HOSPITAL OF GREATER NEW ORLEANS - KENNER,Oceans Behavioral Hospital of Greater New Orleans - Kenner
cc:071d2eff-0957-4e85-a9a1-6c1d2b60045c,MERCY HEALTH - MARCUM AND WALLACE HOSPITAL,Mercy Health - Marcum and Wallace Hospital
cc:0726936c-5c07-4d29-ada1-1f72b46c554d,NORTHWESTERN MEDICINE DELNOR HOSPITAL,Northwestern Medicine Delnor Hospital
cc:0728c72c-c614-4ad3-ad38-43a91010ae9c,GUTTENBERG MUNICIPAL HOSPITAL,Guttenberg Municipal Hospital
cc:072fd2b7-1f3f-41b2-8dac-ec73133cb6e9,ELIZABETHTOWN COMMUNITY HOSPITAL,Elizabethtown Community Hospital
cc:0731c824-699a-4a9f-be92-7aec13d7f435,NORMAN REGIONAL NINE,Norman Regional Nine
cc:074bbda7-7604-4efc-9bf4-1d54e1f69db7,PRISMA HEALTH TUOMEY HOSPITAL,Prisma Health Tuomey Hospital
cc:07513272-685f-44de-af4f-00934d54a50b,THE BROOKLYN HOSPITAL CENTER,The Brooklyn Hospital Center
cc:0751e4d0-6c3f-4ca5-a70a-7601eb8d6504,CHI HEALTH SAINT JOSEPH HOSPITAL,CHI Health Saint Joseph Hospital
cc:076b9afe-cc58-4888-a07d-4dbabe083f92,HAZARD ARH REGIONAL MEDICAL CENTER,Hazard ARH Regional Medical Center
cc:076f267d-9039-4514-a085-5a49a28d2b62,OCHSNER ST. MARTIN HOSPITAL,Ochsner St. Martin Hospital
cc:078d926d-76d0-4a59-8cda-0534d3b325d2,ALASKA NATIVE MEDICAL CENTER,Alaska Native Medical Center
cc:079302c0-931d-4d43-a79d-1aeeb1e623dc,OCEANS LOUISIANA BEHAVIORAL HEALTH,Oceans Louisiana Behavioral Health
cc:07964b78-328e-4e29-8fb2-d2263ca1bb8a,"ASPIRUS MEDFORD HOSPITAL & CLINICS, INC","Aspirus Medford Hospital & Clinics, Inc"
cc:079cdaf9-16cf-4a00-b4f3-dde6b153124b,ADVENTHEALTH AVISTA,AdventHealth Avista
cc:07a9b4c9-9023-4360-9c56-909bed7236c3,TAMPA GENERAL HOSPITAL SPRING HILL,Tampa General Hospital Spring Hill
cc:07ac8e11-c350-4b20-a26b-9682cf88428b,OTHELLO COMMUNITY HOSPITAL,Othello Community Hospital
cc:07ad1c90-9996-4b84-bc39-944521577643,LIMESTONE MEDICAL CENTER,Limestone Medical Center
cc:07b57592-ce10-4423-9c29-c1af1a5d47bc,PAWNEE VALLEY COMMUNITY HOSPITAL,Pawnee Valley Community Hospital
cc:07bcae64-00ec-43aa-b94f-ed40e47395c4,OHIOHEALTH MANSFIELD HOSPITAL,Ohiohealth Mansfield Hospital
cc:07c610dd-9b50-48be-b41d-a8d175caac64,GLENWOOD REGIONAL MEDICAL CENTER,Glenwood Regional Medical Center
cc:07c662c9-fae5-40c2-a2da-574c9825c584,TRISTAR HORIZON MEDICAL CENTER,TriStar Horizon Medical Center
cc:07de205e-64c4-4884-8b48-1cdf9807505f,GROVE HILL RURAL EMERGENCY HOSPITAL,Grove Hill Rural Emergency Hospital
cc:07e7998d-fc52-41bc-9047-a261c3aef7dd,SAINT ALPHONSUS MEDICAL CENTER - BAKER CITY,Saint Alphonsus Medical Center - Baker City
cc:07e8a483-e27f-4c9d-9d54-8a32f8970bf9,DUKES MEMORIAL HOSPITAL,Dukes Memorial Hospital
cc:07e93d76-2870-489a-a17b-ece636f140a0,SAINT MARYS HOSPITAL,Saint Marys Hospital
cc:07feccc3-c91e-438c-ba37-69f6a150837c,WAYNE HOSPITAL,Wayne Hospital
cc:08014c90-1238-49e2-bba9-c6c5b0044078,MIMBRES MEMORIAL HOSPITAL,Mimbres Memorial Hospital
cc:08050825-0aaf-46ab-af81-c29afc9a98a6,WHITFIELD REGIONAL HOSPITAL,Whitfield Regional Hospital
cc:0809f2d5-729c-4e0b-bce2-06057550d904,UH CLEVELAND MEDICAL CENTER,UH Cleveland Medical Center
cc:08266756-2b7f-4263-8c81-619e96446286,ESSENTIA HEALTH-MOOSE LAKE,Essentia Health-Moose Lake
cc:082d231f-6b3d-4d01-a0fc-94c205a52661,HEART OF AMERICA MEDICAL CENTER,Heart of America Medical Center
cc:083a051a-2f5a-45ba-8700-e6d8d40ab198,EDGERTON HOSPITAL WHITEWATER CLINIC,Edgerton Hospital Whitewater Clinic
cc:083c1915-3a29-41fe-b572-955c2b6e755e,CONEMAUGH MEMORIAL HOSPITAL,Conemaugh Memorial Hospital
cc:0847f223-d2a8-4085-92aa-a6cb3ce753ae,SAINT FRANCIS HOSPITAL MUSKOGEE,Saint Francis Hospital Muskogee
cc:08514d89-48c4-4f81-a55a-a4f0ac72db99,PAM HEALTH REHABILITATION HOSPITAL OF GREELEY,PAM Health Rehabilitation Hospital of Greeley
cc:08536ad3-6693-46f7-b8a2-6c9e86416cd3,HIGHLANDS-CASHIERS HOSPITAL,Highlands-Cashiers Hospital
cc:0863104f-6188-45dd-84c7-0b523784fbdc,TEMPLE REHABILITATION HOSPITAL,Temple Rehabilitation Hospital
cc:0863cd67-8f11-468f-91f0-e58ace1eba12,ST BERNARD HOSPITAL,St. Bernard Hospital
cc:08726929-30fe-4ca3-bbfc-82a4b5d73fe0,HENRY FORD JACKSON HOSPITAL,Henry Ford Jackson Hospital
cc:0879749d-ed3c-4d82-8520-d02e8e3ed5aa,WICKENBURG COMMUNITY HOSPITAL,Wickenburg Community Hospital
cc:0880aef2-0c13-4fdb-8a35-8b36228909b0,UF HEALTH  PSYCHIATRIC HOSPITAL,UF Health Psychiatric Hospital
cc:088ea1d9-c8aa-4985-a130-4fc1b66d3d36,WEST CARROLL MEMORIAL HOSPITAL,West Carroll Memorial Hospital
cc:0895525f-ed4a-46c9-af9b-5ed514d796bc,ST. DAVID'S MEDICAL CENTER,St. David's Medical Center
cc:089d6292-1cd6-4d8e-b905-5e1df4490f73,ST. DOMINIC HOSPITAL,St. Dominic Hospital
cc:08ad624e-fd06-4374-95a0-7304e145f5d0,FRIO REGIONAL HOSPITAL,Frio Regional Hospital
cc:08b010fe-0a35-49b8-8cf9-459a7a572105,ST JOSEPH HOSPITAL,St. Joseph Hospital
cc:08b3e37e-f732-48f1-8e71-81ab5b0f9c9a,CHRISTUS CHILDREN'S HOSPITAL,CHRISTUS Children's Hospital
cc:08b6403e-b836-462b-8ad4-519db37710f3,MEMORIALCARE LONG BEACH MEDICAL CENTER,MemorialCare Long Beach Medical Center
cc:08b973b3-ed71-404d-b645-159bf24ce4f3,BENEWAH COMMUNITY HOSPITAL,Benewah Community Hospital
cc:08cfc9ec-37e4-487f-8d79-7df76fb34b97,OLMSTED MEDICAL CENTER,Olmsted Medical Center
cc:08d5baef-e64e-45a2-b3e9-9a164d40f995,SHRINERS HOSPITAL FOR CHILDREN,Shriners Hospital for Children
cc:08daa022-cca2-43f7-8f29-61df78ebb931,INTERMOUNTAIN HEALTH CEDAR CITY HOSPITAL,Intermountain Health Cedar City Hospital
cc:08e4bbdf-c103-4f94-b0a7-ff4e54d6f48b,KAISER PERMANENTE MANTECA MEDICAL CENTER,Kaiser Permanente Manteca Medical Center
cc:08e6476f-c7b1-4fc6-90be-3e3bfa36a776,MERCY HOSPITAL LOGAN COUNTY,Mercy Hospital Logan County
cc:08e6d56f-ba74-4ca9-af6d-7d8e99e7792e,HCA FLORIDA FORT WALTON-DESTIN HOSPITAL,HCA Florida Fort Walton-Destin Hospital
cc:08eab93a-59b7-43f1-9630-312589915a07,LAFAYETTE SURGICAL SPECIALTY HOSPITAL,Lafayette Surgical Specialty Hospital
cc:09048ec9-731a-4b0b-8978-e3713112d6f3,BAYLOR SCOTT & WHITE MEDICAL CENTER LAKEWAY,Baylor Scott & White Medical Center Lakeway
cc:090fe6a8-aaa0-4e39-9461-39536ac82173,MIZELL MEMORIAL MEDICAL CLINIC 2,Mizell Memorial Medical Clinic 2
cc:09111fc2-ef41-4d16-a020-c4334665dc4d,TEXAS CHILDREN'S HOSPITAL NORTH AUSTIN CAMPUS,Texas Children's Hospital North Austin Campus
cc:0923f940-6467-4d8a-9156-22c572d24402,YAVAPAI REGIONAL MEDICAL CENTER EAST,Yavapai Regional Medical Center East
cc:0924ab04-70d2-4177-97ca-345a5f5926eb,CONWAY REGIONAL REHABILITATION HOSPITAL,Conway Regional Rehabilitation Hospital
cc:093391c6-40fa-4fcc-aa4d-9a7ed33a7add,STARR REGIONAL MEDICAL CENTER ETOWAH,Starr Regional Medical Center Etowah
cc:09347517-d9c1-4500-a6ce-df152b15196b,NOLAND HOSPITAL ANNISTON,Noland Hospital Anniston
cc:094b8205-dcd6-4cd6-bf07-b688b5a7d4c1,MEDSTAR FRANKLIN SQUARE MEDICAL CENTER,MedStar Franklin Square Medical Center
cc:0951bd9b-0b56-42a6-97b2-3d9692ec54f4,SELECT SPECIALTY HOSPITAL - TOWN AND CO,Select Specialty Hospital - Town and Co
cc:0957264a-5246-4144-b7f4-808e159c3ba0,MANATI MEDICAL CENTER DR ALEJANDRO OTERO LOPEZ,Manati Medical Center Dr. Alejandro Otero Lopez
cc:0958c2a6-1dc1-4174-b683-33971bf8b8b3,LAS PALMAS DEL SOL HEALTHCARE HORIZON,Las Palmas del Sol Healthcare Horizon
cc:09689e7d-b1c3-46e4-9fb1-a522677eaa5e,THE JOHNS HOPKINS HOSPITAL,The Johns Hopkins Hospital
cc:096dd1b4-6b95-4f2f-8127-a8beca43c771,SWEDISH MILL CREEK CAMPUS,Swedish MILL Creek Campus
cc:096f0a65-d79d-491d-b0d4-dc4551b5370a,BAYLOR SCOTT & WHITE EMERGENCY HOSPITAL - AUBREY,Baylor Scott & White Emergency Hospital - Aubrey
cc:0976fb05-44b2-4b97-99f4-448bf0feba37,METHODIST DALLAS MEDICAL CENTER,Methodist Dallas Medical Center
cc:097a10e0-c038-402b-9e5d-44003be824ba,SOUTH SHORE HOSPITAL,South Shore Hospital
cc:097be62f-255f-48d7-9137-6f4719394255,DEL AMO BEHAVIORAL HEALTH SYSTEM,Del Amo Behavioral Health System
cc:09890870-634f-479e-8e09-2b14cdd89cf6,ELLINWOOD DISTRICT HOSPITAL,Ellinwood District Hospital
cc:09a7e69f-800a-4165-bb77-fa18f1ea8bb0,SANFORD MEDICAL CENTER MAYVILLE,Sanford Medical Center Mayville
cc:09af7ffb-0215-4adc-8b5a-25699de78ac3,CLAIBORNE COUNTY HOSPITAL,Claiborne County Hospital
cc:09af8b3a-bc11-40b6-a7c9-7dda7c53ab41,INDEPENDENCE HEIGHTS HOSPITAL,Independence Heights Hospital
cc:09b046d8-047b-405c-95aa-cd8b8a2af8fd,PHYSICIANS CARE SURGICAL HOSPITAL,Physicians Care Surgical Hospital
cc:09d2fc94-360b-43c3-87aa-759d2ede9271,DHR HEALTH BROWNSVILLE,DHR Health Brownsville
cc:09db2db3-9084-4066-8da6-c1ac1235493f,INTERFAITH MEDICAL CENTER,Interfaith Medical Center
cc:09de5472-4d3d-4064-964a-93ae50c2e9b2,AURORA MEDICAL CENTER GRAFTON,Aurora Medical Center Grafton
cc:09df2ae6-761e-4f56-85f4-4940e734d29b,SWIFT CREEK ER,Swift Creek ER
cc:09e704fc-4955-4854-9c26-a1e739361c3a,ST. VINCENT REGIONAL HOSPITAL,St. Vincent Regional Hospital
cc:09f35af8-61c6-483b-902b-a7992c0b37f5,NEW YORK PRESBYTERIAN WESTCHESTER BEHAVIORAL HEALTH CENTER,New York Presbyterian Westchester Behavioral Health Center
cc:09f3b5df-82f4-42e5-a40b-b3379511c323,UPMC HORIZON - GREENVILLE,UPMC Horizon - Greenville
cc:09f81911-f7aa-4835-b59c-188bdb1105db,SCRIPPS MERCY HOSPITAL CHULA VISTA,Scripps Mercy Hospital Chula Vista
cc:09f9cc15-bebf-435f-9971-2aa1d5935dcf,KEOKUK COUNTY HEALTH CENTER,Keokuk County Health Center
cc:09fec0bf-d02d-4afb-847b-6c92621ae7c6,NORTON SCOTT HOSPITAL,Norton Scott Hospital
cc:0a01d0dd-f0e7-4f6d-b6a5-f23f196bb8af,RIVER VISTA BEHAVIORAL HEALTH,River Vista Behavioral Health
cc:0a061347-32c5-4787-9de3-7601c870595a,ASPIRUS TOMAHAWK HOSPITAL,Aspirus Tomahawk Hospital
cc:0a185a15-89dd-47ec-af9d-c33a96a64275,ST. LUKE'S THE WOODLANDS HOSPITAL,St. Luke's the Woodlands Hospital
cc:0a1c142e-b329-458b-9a99-ceabaec352b1,MARTHA'S VINEYARD HOSPITAL,Martha's Vineyard Hospital
cc:0a2197c6-27b8-41d7-adbf-cddae5535a40,MARK TWAIN MEDICAL CENTER,Mark Twain Medical Center
cc:0a2e2847-ef4e-4e5c-bf5e-bff2dac8d13a,ST. CLAIRE REGIONAL MEDICAL CENTER,St. Claire Regional Medical Center
cc:0a3705e4-69b1-4c11-a0f9-81508e9d851d,LANCASTER REHABILITATION HOSPITAL,Lancaster Rehabilitation Hospital
cc:0a4cc571-a167-4d71-97ef-211423379e4c,MERCY HOSPITAL ANDERSON,Mercy Hospital Anderson
cc:0a5062f5-ebda-4350-887d-218b6124356f,VIRGINIA MASON MEDICAL CENTER,Virginia Mason Medical Center
cc:0a5220f1-f446-4901-b10d-47d3dad89659,BAPTIST HOSPITALS OF SOUTHEAST TEXAS,Baptist Hospitals of Southeast Texas
cc:0a52f4c7-f914-4b20-943e-e5a9eef2785b,ECU HEALTH DUPLIN HOSPITAL,ECU Health Duplin Hospital
cc:0a53679e-faf5-4216-83d2-29a6d82e0d60,THE CHILDREN'S HOSPITAL AT TRISTAR CENTENNIAL,The Children's Hospital at TriStar Centennial
cc:0a541a2e-aa77-4d74-8aa3-cfa09d0a1da2,BANNER DEL E. WEBB MEDICAL CENTER,Banner del E. Webb Medical Center
cc:0a593f43-ec40-4d65-90e1-cda786e41811,UTMB HEALTH LEAGUE CITY CAMPUS HOSPITAL & CLINICS,UTMB Health League City Campus Hospital & Clinics
cc:0a597acf-bbe2-470e-8c50-22dc53924a25,ATRIUM HEALTH BEHAVIORAL HEALTH CHARLOTTE,Atrium Health Behavioral Health Charlotte
cc:0a617c4e-e015-4ec2-af80-45f8dfac8d7e,ST. BERNARDS MEDICAL CENTER,St. Bernards Medical Center
cc:0a689ac6-a096-4a19-b636-ba709e0f4375,WASHINGTON COUNTY REGIONAL MEDICAL CENTER,Washington County Regional Medical Center
cc:0a756c66-28e2-4bba-a587-996a3fb44757,DOLLY PARTON CHILDREN'S HOSPITAL,Dolly Parton Children's Hospital
cc:0a7d69bc-4c32-424c-a6b6-e496966e9ef4,ADVOCATE CHRIST MEDICAL CENTER,Advocate Christ Medical Center
cc:0a800de2-f9ba-4be7-a201-1d8d409bac67,PEACEHEALTH PEACE HARBOR MEDICAL CENTER,Peacehealth Peace Harbor Medical Center
cc:0a8e9c23-8ac5-4915-9d68-3a9df0601af3,JOHNSON MEMORIAL HEALTH SERVICES,Johnson Memorial Health Services
cc:0aa360b6-dc9d-4aad-95b6-364153891e01,ENCOMPASS HEALTH REHABILITATION HOSPITAL OF  BAKERSFIELD,Encompass Health Rehabilitation Hospital of Bakersfield
cc:0aa82af4-25fc-4c7f-bacb-fe1d47bd06e9,ALBANY MEDICAL CENTER,Albany Medical Center
cc:0ab71bab-ac14-44ec-9f0f-8797b2df55e5,OSF SAINT LUKE MEDICAL CENTER,OSF Saint Luke Medical Center
cc:0add4c78-284a-4124-bdcf-bb8b45ac8eaf,BOSTON CHILDREN'S HOSPITAL MARTHA ELIOT HEALTH CENTER,Boston Children's Hospital Martha Eliot Health Center
cc:0ae060ec-83ea-40cd-9be4-795f21d5fe97,NORTHSIDE HOSPITAL,Northside Hospital
cc:0aece776-7ff0-4cb4-af51-f7815539c92c,LIFEBRITE COMMUNITY HOSPITAL OF STOKES,Lifebrite Community Hospital of Stokes
cc:0afe57db-8af3-44ef-a52d-6ce3c744fb23,ST. MARY'S MEDICAL CENTER,St. Mary's Medical Center
cc:0b0a31a6-737d-4b1a-ab5d-851413e3a1fb,SAMARITAN MEDICAL CENTER,Samaritan Medical Center
cc:0b28db03-04f5-4cad-b543-780289e94a89,BRONXCARE HOSPITAL CENTER - FULTON CAMPUS,Bronxcare Hospital Center - Fulton Campus
cc:0b2aeaec-9eca-4e9b-bc92-24695b6f2fa2,NORTH MISSISSIPPI MEDICAL CENTER GILMORE-AMORY,North Mississippi Medical Center Gilmore-Amory
cc:0b2cecc4-7f27-40a8-9cb2-363d678ceeb9,LOS ALAMOS MEDICAL CENTER,Los Alamos Medical Center
cc:0b410cd4-46c7-4fcf-b05f-5fdd34b073f8,METHODIST HOSPITAL NORTHEAST,Methodist Hospital Northeast
cc:0b4371aa-703d-426a-be01-956c4e117272,BATTLE MOUNTAIN GENERAL HOSPITAL,Battle Mountain General Hospital
cc:0b4f3ca8-9ab7-4060-9712-4b121301fad6,FRANKLIN COUNTY MEMORIAL HOSPITAL,Franklin County Memorial Hospital
cc:0b667968-c672-4a54-bd07-f84928237f52,ENCOMPASS HEALTH REHABILITATION HOSPITAL OF NAPLES,Encompass Health Rehabilitation Hospital of Naples
cc:0b72660f-8b63-4e82-b705-c36227cd29af,ENCOMPASS HEALTH REHABILITATION HOSPITAL OF ABILENE,Encompass Health Rehabilitation Hospital of Abilene
cc:0b73a661-e0c9-42f4-8171-2d6abbc7f053,PROVIDENCE MISSION HOSPITAL LAGUNA BEACH,Providence Mission Hospital Laguna Beach
cc:0b7620de-64ff-4056-86b3-c6709a249d2e,SAINT BARNABAS HOSPITAL HEALTH SYSTEM,Saint Barnabas Hospital Health System
cc:0b7b2183-4fd4-4a46-be33-10a8e4fee5df,HSHS ST ELIZABETH'S HOSPITAL,HSHS St. Elizabeth's Hospital
cc:0b7d2b9c-f059-49fc-9f7d-790a1eeee821,BAPTIST HEALTH SHELBY HOSPITAL,Baptist Health Shelby Hospital
cc:0b89de61-1d5d-49bc-a07d-9c153deb55ad,EATING RECOVERY CENTER BAYLOR CAMPUS,Eating Recovery Center Baylor Campus
cc:0b8e949f-ae88-4164-8685-fec3d63d9ccf,OKLAHOMA CITY REHABILITATION HOSPITAL,Oklahoma City Rehabilitation Hospital
cc:0b94b752-29ce-440d-b411-0b997782aa4b,SAME DAY SURGERY CENTER,Same Day Surgery Center
cc:0b951cf1-2137-47ae-98a9-0a638832200d,BEAVER COUNTY MEMORIAL HOSPITAL,Beaver County Memorial Hospital
cc:0b9b2f32-be14-40a7-9fdc-04081d2f3e8b,MANIILAQ HEALTH SERVICES,Maniilaq Health Services
cc:0b9b95a5-5729-4fc7-8c68-6ab8ada7e697,ST. LUKE'S MAGIC VALLEY MEDICAL CENTER,St. Luke's Magic Valley Medical Center
cc:0b9e5af6-e58f-4103-9e01-f8f827874c98,HILLSBORO AREA HOSPITAL,Hillsboro Area Hospital
cc:0bc97535-bc14-432c-9d80-53be5dbe88ff,BUTLER MEMORIAL HOSPITAL,Butler Memorial Hospital
cc:0bcdf8ae-e7e6-46e7-9839-6db03aea2197,MERCY HEALTH - FAIRFIELD HOSPITAL,Mercy Health - Fairfield Hospital
cc:0bdbb783-ab4e-4f8c-9bab-fe6e08d16c49,PAM HEALTH REHABILITATION HOSPITAL OF MIAMISBURG,PAM Health Rehabilitation Hospital of Miamisburg
cc:0be807ae-ba97-4337-bb64-9e837f1560ef,RAWLINS COUNTY HEALTH CENTER,Rawlins County Health Center
cc:0bfeb43c-957c-4d41-8cef-f3f35bb35aab,LOVELACE UNM REHABILITATION HOSPITAL,Lovelace UNM Rehabilitation Hospital
cc:0c01129e-8003-4c21-8119-c9425da80da1,UNIVERSITY OF UTAH HOSPITAL,University of Utah Hospital
cc:0c032df4-f2ee-4bf5-9005-665d4b944aae,PARKVIEW ORTHO HOSPITAL,Parkview Ortho Hospital
cc:0c079e34-5b18-48dc-889a-d89185c64ddd,COQUILLE VALLEY HOSPITAL,Coquille Valley Hospital
cc:0c0943f6-fda9-476f-a8a4-6a19a6ccd936,VAN DIEST MEDICAL CENTER,Van Diest Medical Center
cc:0c113cde-41a4-431e-a0fe-21bdcb1bb8bd,GRANT MEMORIAL HOSPITAL,Grant Memorial Hospital
cc:0c2702fb-b4c9-4496-95b5-b4c892d7909a,ENCOMPASS HEALTH REHABILITATION HOSPITAL OF AUSTIN,Encompass Health Rehabilitation Hospital of Austin
cc:0c3317d8-8cc9-40ed-9891-c4ad53c213c8,WAR MEMORIAL HOSPITAL,War Memorial Hospital
cc:0c40a552-f027-44c4-9c72-910e6cde4965,CONEMAUGH MEYERSDALE MEDICAL CENTER,Conemaugh Meyersdale Medical Center
cc:0c424dd0-501e-4eef-838b-d5ad49251c19,MARINERS HOSPITAL,Mariners Hospital
cc:0c4b7300-45e8-4af7-bff7-710689de0d03,HELEN HAYES HOSPITAL,Helen Hayes Hospital
cc:0c4f9e52-477c-4178-b6be-aeb016adb0d7,SSM HEALTH CARDINAL GLENNON CHILDREN'S MEDICAL CENTER,SSM Health Cardinal Glennon Children's Medical Center
cc:0c512d28-e736-4075-bcc4-d54e61d95705,SWEETWATER HOSPITAL ASSOCIATION,Sweetwater Hospital Association
cc:0c6d67d2-5977-4ac8-a68a-48a240910407,ST. FRANCIS HOSPITAL,St. Francis Hospital
cc:0c6e74c6-b96e-4a4a-b2af-082738fff0df,VIBRA HOSPITAL OF DENVER,Vibra Hospital of Denver
cc:0c8d9ead-59af-4464-a344-5df213f75271,TIDELANDS HEALTH REHABILITATION HOSPITAL,Tidelands Health Rehabilitation Hospital
cc:0c8deaed-80c4-4e52-b034-312ee9fc1036,FREEDOM BEHAVIORAL HOSPITAL PLAINVIEW,Freedom Behavioral Hospital Plainview
cc:0c92a1be-5520-4e03-92be-98f8b51d6ebd,SELBY GENERAL HOSPITAL,Selby General Hospital
cc:0c933b41-4984-4c29-aab3-66a70b131752,ASCENSION PROVIDENCE HOSPITAL,Ascension Providence Hospital
cc:0c9dcf6a-5301-40eb-985c-605593dda5dd,ADVENTHEALTH LITTLETON,AdventHealth Littleton
cc:0cb3f135-8a3b-4efa-a8ad-97412baf3f90,MCLEOD REGIONAL MEDICAL CENTER,McLeod Regional Medical Center
cc:0cb40e99-49fd-47f4-bec9-a224af5124fc,HARLEM HOSPITAL CENTER,Harlem Hospital Center
cc:0cb885f8-8e66-4bc7-a097-20412cc8707a,CENTRASTATE MEDICAL CENTER,Centrastate Medical Center
cc:0cb9f5b1-b072-4b5b-bf01-dd275c60758d,MEDSTAR HEALTH PHYSICAL THERAPY AT IRVING STREET - HAND CENTER,MedStar Health Physical Therapy at Irving Street - Hand Center
cc:0cbbf634-6e84-4482-aa9f-c762be0abdb7,ROBERT WOOD JOHNSON UNIVERSITY HOSPITAL AT RAHWAY,Robert Wood Johnson University Hospital at Rahway
cc:0cc19d93-c931-4e25-b51c-14cc1122d8a1,MENORAH MEDICAL CENTER,Menorah Medical Center
cc:0cc6ae3c-adff-4d0d-80e8-35153d6bcf7f,SELECT SPECIALTY HOSPITAL - CLEVELAND FAIRHILL,Select Specialty Hospital - Cleveland Fairhill
cc:0ccaeb29-e830-4f2a-b201-24c07a6ab1ef,TWELVE CLANS UNITY HOSPITAL,Twelve Clans Unity Hospital
cc:0cd4808d-8ffb-4238-b823-4b446a94cc05,NAVARRO REGIONAL HOSPITAL,Navarro Regional Hospital
cc:0ce23897-d30b-479a-bf45-3158493c9345,PLYMOUTH MEDICAL CENTER,Plymouth Medical Center
cc:0ce392bc-d442-4c98-9b5f-3e7839b9a9c4,APPLETON MUNICIPAL HOSPITAL,Appleton Municipal Hospital
cc:0ce6c80d-c67b-4aa2-8c4f-78a0e1db7dce,PAM HEALTH REHABILITATION HOSPITAL OF DOVER,PAM Health Rehabilitation Hospital of Dover
cc:0cf95639-17f6-457b-b321-904551d8f254,MARIAN CENTER,Marian Center
cc:0d06b820-d811-4a17-9ad8-740d435d04a7,MULTICARE ALLENMORE HOSPITAL,MultiCare Allenmore Hospital
cc:0d0a4592-4b55-4cae-b5fb-82c0abfbe83c,METHODIST MANSFIELD MEDICAL CENTER,Methodist Mansfield Medical Center
cc:0d1edc70-eb9f-4642-9205-f051175f9ea2,HOAG HOSPITAL IRVINE,Hoag Hospital Irvine
cc:0d281704-fdad-4aa0-a13f-e5730297c991,EMORY UNIVERSITY HOSPITAL MIDTOWN,Emory University Hospital Midtown
cc:0d3aea2b-8e35-4de1-8e79-e9ba2babf3cb,KINGMAN REGIONAL MEDICAL CENTER,Kingman Regional Medical Center
cc:0d3bac46-3d24-4272-b196-807f47b28a79,WEST VALLEY MEDICAL CENTER,West Valley Medical Center
cc:0d51abaf-957e-47ad-baf2-44887836dcca,PIONEER MEMORIAL HOSPITAL AND HEALTH SERVICES,Pioneer Memorial Hospital and Health Services
cc:0d620ca5-6023-495c-8806-b756096db06a,CLARK FORK VALLEY HOSPITAL,Clark Fork Valley Hospital
cc:0d6a7a1f-cce2-4bc8-99c9-8f07b9993d02,UPMC WELLSBORO,UPMC Wellsboro
cc:0d769e3a-6b60-422e-9bfe-3c91cf020003,MORGAN MEDICAL CENTER,Morgan Medical Center
cc:0d8b08a1-1d3a-46a3-b3ec-48474b5db38e,SOUTHERN VIRGINIA MENTAL HEALTH INSTITUTE,Southern Virginia Mental Health Institute
cc:0d93c834-253b-4f32-b238-65603d8cc8c4,NEW YORK EYE AND EAR INFIRMARY,New York Eye and Ear Infirmary
cc:0d974844-5914-4b47-91f1-4505645e689e,WEST TENNESSEE HEALTHCARE REHABILITATION HOSPITAL,West Tennessee Healthcare Rehabilitation Hospital
cc:0d9da043-7fd4-42f8-be6c-93a4a3d96c7e,MIZELL SPECIALTY CLINIC,Mizell Specialty Clinic
cc:0dbf972a-2efb-47a0-9da5-ddd3f4285e0f,OHIOHEALTH REHABILITATION HOSPITAL - DUBLIN,Ohiohealth Rehabilitation Hospital - Dublin
cc:0dc3bcfb-4421-4826-b7a3-9f60a86610ce,PERIMETER BEHAVIORAL HOSPITAL OF NEW ORLEANS,Perimeter Behavioral Hospital of New Orleans
cc:0dcac344-4661-4004-9bf0-7038eaf57300,BOONE COUNTY HOSPITAL,Boone County Hospital
cc:0dcc8f41-9349-4baa-b7ba-20e13accbd15,KENMORE MERCY HOSPITAL,Kenmore Mercy Hospital
cc:0de2d870-9e67-4811-82c9-33199da4bf57,SAN ANTONIO BEHAVIORAL HEALTHCARE HOSPITAL,San Antonio Behavioral Healthcare Hospital
cc:0de36de1-38ee-470b-a0e0-58b2da84b658,UT HEALTH SAN ANTONIO MULTISPECIALTY AND RESEARCH HOSPITAL,UT Health San Antonio Multispecialty and Research Hospital
cc:0dfd594b-0daf-4e90-939d-ae0acb60d8e1,SELECT SPECIALTY HOSPITAL - FORT SMITH,Select Specialty Hospital - Fort Smith
cc:0e06868a-35d2-4a0a-8325-eee1f3e67555,BUCHANAN GENERAL HOSPITAL,Buchanan General Hospital
cc:0e2d0745-fd66-4322-88d5-9bb94aafc9af,MITCHELL COUNTY HOSPITAL,Mitchell County Hospital
cc:0e2d6008-fe4c-4ab2-9543-71565328f9ee,OHSU HOSPITAL PORTLAND,OHSU Hospital Portland
cc:0e32843a-ac5a-4c5b-923b-376d6d12e10f,BETH ISRAEL DEACONESS HOSPITAL PLYMOUTH,Beth Israel Deaconess Hospital Plymouth
cc:0e348201-091c-40a5-a5ec-7eb7b652cf58,ESSENTIA HEALTH ST. MARY'S DETROIT LAKES,Essentia Health St. Mary's Detroit Lakes
cc:0e3a1988-ac7e-494e-8a85-48b002381013,BARTOW REGIONAL MEDICAL CENTER,Bartow Regional Medical Center
cc:0e3c7553-1e37-42e0-b273-2feec1033985,MOUNT CARMEL DUBLIN,Mount Carmel Dublin
cc:0e4f7f5c-33a8-4c5d-8818-ac65c9c8d031,SAINT JOHN HOSPITAL,Saint John Hospital
cc:0e51ea4f-42e2-42c3-a085-ba450f19ffe6,AVERA GREGORY HOSPITAL,Avera Gregory Hospital
cc:0e5908aa-e69e-4421-a4da-eeb39011222b,SELECT SPECIALTY HOSPITAL - PHOENIX,Select Specialty Hospital - Phoenix
cc:0e7054eb-08da-4909-b4d1-304a0d341e92,PROVIDENCE ST. JUDE MEDICAL CENTER,Providence St. Jude Medical Center
cc:0e8d15ce-afbd-4d47-a2ed-fa1519cbb2ce,CHAMBERS MEMORIAL HOSPITAL,Chambers Memorial Hospital
cc:0e95ecd9-e24a-4485-874c-175b7f676216,ST LUKES HOSPITAL SACRED HEART CAMPUS,St. Lukes Hospital Sacred Heart Campus
cc:0ea15cc4-f72c-4c0b-9667-37c5c0fffa49,KAISER PERMANENTE VACAVILLE MEDICAL CENTER,Kaiser Permanente Vacaville Medical Center
cc:0ea40697-3196-4618-894a-3c57c543912d,PRAIRIE LAKES HOSPITAL,Prairie Lakes Hospital
cc:0ea62716-ad5e-4e48-af8e-27a8ead6528c,COMMUNITY ENDOSCOPY CENTER,Community Endoscopy Center
cc:0eaaa9ae-c6bb-4102-829c-8cb2bc1116b9,ASCENSION ST. VINCENT WOMEN AND INFANTS HOSPITAL,Ascension St. Vincent Women and Infants Hospital
cc:0eb48180-586a-4d2d-83f1-c8b17a82fb86,ANDERSON COUNTY HOSPITAL,Anderson County Hospital
cc:0eb6f15d-9ffc-4068-81ed-0a2de7ce3e79,WHITE FENCE SURGICAL SUITES,White Fence Surgical Suites
cc:0ec9ba82-aef7-4aaf-b07c-3bdd7d22ebd6,PIEDMONT MEDICAL CENTER,Piedmont Medical Center
cc:0ed77f5d-e3ea-4b38-b789-789f0e26a0e0,KENTUCKY RIVER MEDICAL CENTER,Kentucky River Medical Center
cc:0ede1d49-056f-4549-9f3f-f2da6a346902,LAUREL HEIGHTS HOSPITAL,Laurel Heights Hospital
cc:0ee55b16-fae1-4bda-a50c-04bd0ab7647f,SAN JOAQUIN VALLEY REHABILITATION HOSPITAL,San Joaquin Valley Rehabilitation Hospital
cc:0ef1e270-9ddf-4c0a-b38c-c3e1a7f0779c,LEHIGH VALLEY HEALTH NETWORK - HIGHLAND AVENUE,Lehigh Valley Health Network - Highland Avenue
cc:0ef2dbf6-f730-4bba-9e3b-05ec7e1a2417,BECKETT SPRINGS,Beckett Springs
cc:0f030969-b790-4363-8ff3-7c111570e29d,BAXTER HEALTH FULTON COUNTY HOSPITAL,Baxter Health Fulton County Hospital
cc:0f071a8f-e27c-4901-a9f9-64a0393ca7b1,ASPIRUS MERRILL HOSPITAL,Aspirus Merrill Hospital
cc:0f089d0c-900e-4429-bceb-4de05d5748d3,PERRY COUNTY MEMORIAL HOSPITAL,Perry County Memorial Hospital
cc:0f14a46d-5ee6-469b-ac27-080d88a20104,MEDSTAR HEALTH PHYSICAL THERAPY AT DUNDALK,MedStar Health Physical Therapy at Dundalk
cc:0f591741-e13c-4eb6-9e08-cbd4d397d11a,DOMINICAN HOSPITAL,Dominican Hospital
cc:0f59d8d0-dc7c-4450-98f8-a9d1437ed020,HAVEN BEHAVIORAL HEALTH OF EASTERN PENNSYLVANIA,Haven Behavioral Health of Eastern Pennsylvania
cc:0f5b5fb5-a902-4144-ac76-fa5354343a2a,WHITE MOUNTAIN REGIONAL MEDICAL CENTER,White Mountain Regional Medical Center
cc:0f5d9cf3-1e11-4b1b-b5fe-4dd08bcf4f84,CHI ST. VINCENT HOT SPRINGS REHABILITATION HOSPITAL AN AFFILIATE OF HEALTHSOUTH,CHI St. Vincent Hot Springs Rehabilitation Hospital An Affiliate of Healthsouth
cc:0f63e398-8111-4d02-a31f-20606569d242,HOSPITAL PAVIA HATO REY,Hospital Pavia Hato Rey
cc:0f7e6e2a-2d93-4b68-a766-f831708689eb,ST. FRANCIS MEDICAL CENTER,St. Francis Medical Center
cc:0f810a44-7bbd-47eb-96b2-937ae6ba139d,COMMUNITY HOSPITAL ANDERSON,Community Hospital Anderson
cc:0f865b94-50d5-4ecd-a1e1-eefc5c07142d,ASHFORD HOSPITAL,Ashford Hospital
cc:0f873212-7087-41c3-a207-12342a2cffcb,OCHSNER EXTENDED CARE HOSPITAL JEFFERSON,Ochsner Extended Care Hospital Jefferson
cc:0f8ec227-2efd-4a5c-a270-057e0be188de,ROCKVILLE GENERAL HOSPITAL,Rockville General Hospital
cc:0f98b3bc-3d52-4a8e-9675-59c9d3319eea,UNIVERSITY OF VERMONT MEDICAL CENTER,University of Vermont Medical Center
cc:0f9939db-a84f-45ff-ad40-728d2a3ecf27,NORTHWEST FLORIDA COMMUNITY HOSPITAL,Northwest Florida Community Hospital
cc:0faf9fae-435b-4be3-a893-70f6b536cf39,SELECT SPECIALTY HOSPITAL - SOUTH DAKOTA,Select Specialty Hospital - South Dakota
cc:0fbb6b6b-b7ba-4baa-9656-5b6b1fbf8e26,PIEDMONT WALTON,Piedmont Walton
cc:0fc4058e-5d44-4276-87bd-75a2dabbbfd5,ANDERSON REHABILITATION INSTITUTE,Anderson Rehabilitation Institute
cc:0fda7946-9c24-4f64-8279-2d1bb1d8ea6d,ADVENTIST HEALTH DELANO,Adventist Health Delano
cc:0fdda5e8-8b87-433f-96c9-1244b33ef5a8,SSM HEALTH ST. ANTHONY HOSPITAL - MIDWEST,SSM Health St. Anthony Hospital - Midwest
cc:0fe69dc4-a635-4ad6-ba36-c622a3bf10a3,PERTH AMBOY MEDICAL CENTER,Perth Amboy Medical Center
cc:0feadc58-5ffc-4ee4-90fa-11587d529e4c,ENCOMPASS HEALTH REHABILITATION HOSPITAL OF FITCHBURG,Encompass Health Rehabilitation Hospital of Fitchburg
cc:10048fe8-516b-433e-8ec7-6b984d592ab1,SELECT SPECIALTY HOSPITAL WICHITA,Select Specialty Hospital Wichita
cc:100ac139-1cb4-4aba-abf4-042113f74442,RESOLUTE BAPTIST HOSPITAL,Resolute Baptist Hospital
cc:1012aac0-332c-42d8-99f9-1a207a5c04d9,VALLEY VIEW HOSPITAL,Valley View Hospital
cc:101bed99-b4a7-4271-a110-addd655b5f9d,NORTH OKALOOSA MEDICAL CENTER,North Okaloosa Medical Center
cc:101ccad5-088b-4fc8-96f5-627b08ae3181,SOUTHEASTERN OHIO REGIONAL MEDICAL CENTER,Southeastern Ohio Regional Medical Center
cc:102059b7-93e5-492e-98f5-481a80fab98f,ST. FRANCIS PRIMARY CARE CLINIC - WEST MONROE,St. Francis Primary Care Clinic - West Monroe
cc:1023e145-c5d0-48b0-9ac3-48af0718be55,JOHNSTON MEMORIAL HOSPITAL,Johnston Memorial Hospital
cc:102f4df0-02b4-4034-b5e7-71019f2bdb3f,ENCOMPASS HEALTH REHABILITATION HOSPITAL OF VINELAND,Encompass Health Rehabilitation Hospital of Vineland
cc:10377d1b-8bc0-4c65-931a-14a86ad2b0ba,KAISER PERMANENTE SACRAMENTO MEDICAL CENTER,Kaiser Permanente Sacramento Medical Center
cc:104314c7-2031-4756-ae78-e81b9a87cdfc,TEMPLE UNIVERSITY HOSPITAL - MAIN CAMPUS,Temple University Hospital - Main Campus
cc:104cb945-f55e-495e-bd2f-1cb563218587,TRINITY MEDICAL CENTER EAST,Trinity Medical Center East
cc:1050611a-7855-49fb-9e9b-6fdaa42be60d,WARM SPRINGS MEDICAL CENTER,Warm Springs Medical Center
cc:10536d8c-af88-4238-9163-f9d2b4874fb0,SINAI HOSPITAL OF BALTIMORE,Sinai Hospital of Baltimore
cc:1054d27b-03f9-4d9c-a352-a292ce8982f8,RURAL WELLNESS ANADARKO,Rural Wellness Anadarko
cc:1056432c-3b15-4328-914d-97feb06e994f,DAKOTA REGIONAL MEDICAL CENTER,Dakota Regional Medical Center
cc:105b1103-1d5e-4e54-8c5d-bfd5d572bbc0,PIONEER SPECIALTY HOSPITAL - PONTIAC,Pioneer Specialty Hospital - Pontiac
cc:105c17b4-fc71-4804-81aa-2858ccaf5b57,FREEMAN NEOSHO HOSPITAL,Freeman Neosho Hospital
cc:106564e8-cecd-4bb7-aacd-3302424766d2,SANFORD UNIVERSITY OF SOUTH DAKOTA MEDICAL CENTER,Sanford University of South Dakota Medical Center
cc:106ba09e-16fe-4803-a14a-0ae37b3f040a,PROVIDENCE COVENANT MEDICAL CENTER,Providence Covenant Medical Center
cc:106bf939-48d8-4355-a967-7b9681001952,SAINT LUKE'S HOSPITAL CRITTENTON CHILDREN'S CENTER,Saint Luke's Hospital Crittenton Children's Center
cc:106e1c41-fc4b-4d42-832d-41cda59275fc,CREEDMOOR PSYCHIATRIC CENTER,Creedmoor Psychiatric Center
cc:106f52fa-2251-423e-b773-e366a0ee635f,SHENANDOAH MEDICAL CENTER,Shenandoah Medical Center
cc:1074108c-9c46-4e00-9a35-2a675393714a,ST. FRANCIS MEDICAL CENTER,St. Francis Medical Center
cc:10826f8f-3eef-4887-aa25-0faa412052d3,WESTON COUNTY HEALTH SERVICES,Weston County Health Services
cc:109145dd-603a-499f-ae08-3d29a050c1ab,ENCOMPASS HEALTH REHABILITATION HOSPITAL OF KATY,Encompass Health Rehabilitation Hospital of Katy
cc:10aad5ea-b202-4a86-bf26-0c5cd28db174,ENCOMPASS HEALTH REHABILITATION HOSPITAL OF TOLEDO,Encompass Health Rehabilitation Hospital of Toledo
cc:10ad9fbd-f935-49e3-be8c-823def830b72,UNC REHABILITATION CENTER,UNC Rehabilitation Center
cc:10b68a40-107e-4adf-89d7-974cedd1fe91,ASCENSION SAINT THOMAS HIGHLANDS HOSPITAL,Ascension Saint Thomas Highlands Hospital
cc:10bfe234-35c8-43af-a861-1d082005ea24,MEMORIAL HERMANN MEMORIAL CITY MEDICAL CENTER,Memorial Hermann Memorial City Medical Center
cc:10cc4734-7c38-4fda-a5fe-58274fff9d9e,NEUROBEHAVIORAL HOSPITAL OF THE PALM BEACHES-NORTH,Neurobehavioral Hospital of the Palm Beaches-North
cc:10ce4510-bb54-4530-a82d-d4fd93983a6b,BAPTIST MEDICAL CENTER SOUTH,Baptist Medical Center South
cc:10cee331-def5-42d0-a3cf-6adda15ae023,CENTRACARE ST CLOUD HOSPITAL,Centracare St. Cloud Hospital
cc:10d96cfb-d28c-4b05-92ba-fc35a0748ae2,SAINT JOSEPH HOSPITAL,Saint Joseph Hospital
cc:10d98793-a188-4296-a4c9-948e45275f6e,OCEANS BEHAVIORAL HOSPITAL WACO,Oceans Behavioral Hospital Waco
cc:10d9cddf-4926-4889-95e5-3844cc425c71,UNITYPOINT HEALTH MERITER,UnityPoint Health Meriter
cc:10ddc3ed-bc29-4f4f-a722-8062bf4b9550,STAR VALLEY HEALTH MAIN CAMPUS,Star Valley Health Main Campus
cc:10e3658b-f383-4983-8742-53f33849d7ea,UPMC LITITZ,UPMC Lititz
cc:10ec1919-3304-4ec9-9eae-9c65978cb405,REGIONS HOSPITAL,Regions Hospital
cc:11041371-2664-4d2f-a2e6-28bb36aaef74,OCEANS BEHAVIORAL HOSPITAL JACKSON,Oceans Behavioral Hospital Jackson
cc:11101fb1-5045-4ca4-9205-fbc3d6ca8089,UW HEALTH UNIVERSITY HOSPITAL,UW Health University Hospital
cc:11234f81-9740-419a-b139-23c5feb81e3e,GULF BREEZE HOSPITAL,Gulf Breeze Hospital
cc:1126c1f5-d1e8-4f78-af7e-e0d16d1f27bf,ER AT ALIANTE,ER at Aliante
cc:112eae61-d8cd-47e0-a175-b7d465640625,LAS PALMAS DEL SOL EMERGENCY ROOM NORTHEAST,Las Palmas del Sol Emergency Room Northeast
cc:1137bd11-0056-4dc4-b074-c663009a6e35,MEDSTAR HEALTH PHYSICAL THERAPY AT MORGAN STATE UNIVERSITY,MedStar Health Physical Therapy at Morgan State University
cc:1143035d-ddc7-4ddb-a58a-c7b31016179f,ST. DAVID'S EMERGENCY CENTER - BASTROP,St. David's Emergency Center - Bastrop
cc:11466547-a18b-40d6-9aa7-6b5157065b57,GREENLEAF BEHAVIORAL HEALTH HOSPITAL,Greenleaf Behavioral Health Hospital
cc:1155ae90-9783-4aa2-8b89-57f11e686aed,AURORA MEDICAL CENTER FOND DU LAC,Aurora Medical Center Fond du LAC
cc:1160bbe9-4db7-4f0d-9a8b-46389b9e5d91,MEMORIAL HOSPITAL ASSOCIATION,Memorial Hospital Association
cc:1161647b-8f07-475a-ac88-6c02197a205a,UPSTATE UNIVERSITY HOSPITAL,Upstate University Hospital
cc:116a192c-5388-4c46-91f9-3026dd772539,PARRISH MEDICAL CENTER,Parrish Medical Center
cc:1170d15d-6f8e-4581-900b-5513c7a6d864,CHI ST. VINCENT HOSPITAL HOT SPRINGS,CHI St. Vincent Hospital Hot Springs
cc:117377e8-65ec-461e-9dc5-b02870aa84d2,INTEGRIS JIM THORPE REHABILITATION,Integris Jim Thorpe Rehabilitation
cc:1173efeb-75cb-4d94-97b5-83c2cdded11e,MORRIS COUNTY HOSPITAL,Morris County Hospital
cc:117b28ad-4568-4c45-9e95-8bf57152c1cf,BAPTIST NEIGHBORHOOD HOSPITAL OVERLOOK,Baptist Neighborhood Hospital Overlook
cc:1181b09f-4939-4412-a154-06a8addfa35a,SAN JOAQUIN COUNTY P.H.F.,San Joaquin County P.H.F.
cc:118c3a8d-1050-4978-b97f-ee16630306ec,LAUREL RIDGE TREATMENT CENTER,Laurel Ridge Treatment Center
cc:118ec463-1d30-4e05-99ee-067701c1777f,GEORGE REGIONAL HOSPITAL,George Regional Hospital
cc:119ae8c1-2100-4632-8c7c-18dbd9ba352d,LAFAYETTE-AMG SPECIALTY HOSPITAL,AMG Specialty Hospital - Lafayette
cc:119c8f76-a6f0-45bf-ac9a-b48612e645b6,UNITYPOINT HEALTH JONES REGIONAL MEDICAL CENTER,UnityPoint Health Jones Regional Medical Center
cc:11a58726-1682-4412-a135-ee5c30c18ff6,BECKLEY ARH HOSPITAL,Beckley ARH Hospital
cc:11a600fd-5512-45d0-a677-7cffb2c31f8c,ROGERS MEMORIAL HOSPITAL OCONOMOWOC,Rogers Memorial Hospital Oconomowoc
cc:11b57d7c-fc98-4677-aca7-56d5cc6a50f4,UPMC WEST SHORE,UPMC West Shore
cc:11ba49f9-80fd-48e1-ac8a-07107e09b4d8,UW HEALTH REHABILITATION HOSPITAL,UW Health Rehabilitation Hospital
cc:11c42643-7918-4a90-99dd-733adef9c64f,ENCINO HOSPITAL MEDICAL CENTER,Encino Hospital Medical Center
cc:11d1827c-547f-464b-a4d2-7419cf62a1c7,ESSENTIA HEALTH ADA,Essentia Health Ada
cc:11d43c89-d0d6-428d-b6f6-07f35b2244fc,COMMONSPIRIT LONGMONT UNITED HOSPITAL,Commonspirit Longmont United Hospital
cc:11e8b2b3-bec3-46bf-b018-b0c91c393ffa,WHITTIER REHABILITATION HOSPITAL,Whittier Rehabilitation Hospital
cc:11e96f48-d07e-47d6-ab5a-b3ccd5c23e2d,LOVELACE WESTSIDE HOSPITAL,Lovelace Westside Hospital
cc:11f8d71b-e1c1-4ed8-8ef5-496b387db513,WEST TENNESSEE HEALTHCARE HENRY COUNTY MEDICAL CENTER,West Tennessee Healthcare Henry County Medical Center
cc:11fd7781-192a-4a3a-a835-970334bcb687,TRI-CITY MEDICAL CENTER,Tri-City Medical Center
cc:120d11f2-d1b8-490a-94e8-0bc064c2714e,CONCORD HOSPITAL LACONIA,Concord Hospital Laconia
cc:12199f60-4de0-4c86-aee5-d6e3244edea0,BAYLOR UNIVERSITY MEDICAL CENTER,Baylor University Medical Center
cc:122a73db-0927-450c-bf59-83f5a2b94398,WILSON MEMORIAL HOSPITAL,Wilson Memorial Hospital
cc:122d865e-52a3-4302-917e-d808017f757a,COLORADO RIVER MEDICAL CENTER,Colorado River Medical Center
cc:122fe597-4648-4b1c-8ba2-174e6be3fc2c,REBA MCENTIRE CENTER FOR REHABILITATION,Reba McEntire Center for Rehabilitation
cc:1230f429-a894-4ea4-b146-debb6113c994,NOVANT HEALTH ROWAN MEDICAL CENTER,Novant Health Rowan Medical Center
cc:123673e6-0fe6-470b-a6cf-a62ea5d82550,KANSAS CITY ORTHOPAEDIC INSTITUTE,Kansas City Orthopaedic Institute
cc:123f0255-bed1-47f2-9e83-777a0d7f064b,BAPTIST MEDICAL CENTER EAST,Baptist Medical Center East
cc:126e5515-e124-40a1-a23f-0e19cee0bc80,PROVIDENCE CEDARS-SINAI TARZANA MEDICAL CENTER,Providence Cedars-Sinai Tarzana Medical Center
cc:12823357-c4df-4484-984e-0d59d89a9ceb,SELECT SPECIALTY HOSPITAL BELHAVEN,Select Specialty Hospital Belhaven
cc:128b1a6d-6616-4b3c-8525-a8ecadaf0556,LAHEY HOSPITAL AND MEDICAL CENTER,Lahey Hospital and Medical Center
cc:128c2bf6-6f60-4680-a60e-089e3e7b032b,NORTHWESTERN MEDICINE CENTRAL DUPAGE HOSPITAL,Northwestern Medicine Central DuPage Hospital
cc:12bae64e-1a8e-484d-812f-f2da8e0e380a,HOUSTON METHODIST BAYTOWN HOSPITAL,Houston Methodist Baytown Hospital
cc:12c7dab4-e1aa-4436-85ac-c1ac9d256819,SAMARITAN HOSPITAL - ALBANY MEMORIAL CAMPUS,Samaritan Hospital - Albany Memorial Campus
cc:12cd54c4-243b-458c-afd0-c477082d9ed3,WINNESHIEK MEDICAL CENTER,Winneshiek Medical Center
cc:12d32c77-05c3-4630-ac84-db3a4b605d0a,HIGHLAND DISTRICT HOSPITAL,Highland District Hospital
cc:12d82a75-f93c-45af-a942-df1efbdc1e62,GOOD SAMARITAN HOSPITAL,Good Samaritan Hospital
cc:12efeeec-8d29-4da8-9ad8-c7aee278a807,UNION GENERAL HOSPITAL,Union General Hospital
cc:12f7d731-7c92-4c26-afe5-2b5559a18431,MERCY ORTHOPEDIC HOSPITAL SPRINGFIELD,Mercy Orthopedic Hospital Springfield
cc:130424d7-c173-4abf-a45a-5f6cbf9dcfed,"NEMOURS CHILDREN'S HOSPITAL, DELAWARE","Nemours Children's Hospital, Delaware"
cc:130a4457-8de2-4468-acf9-c254f5eef4db,TRISTAR SKYLINE MEDICAL CENTER,TriStar Skyline Medical Center
cc:13112a88-11bf-4715-9c88-bc180ee1affc,UNC ROCKINGHAM HOSPITAL,UNC Rockingham Hospital
cc:1314f082-3a4c-4d5c-a33b-470e3bd48c1c,PAM HEALTH REHABILITATION HOSPITAL FARGO,PAM Health Rehabilitation Hospital Fargo
cc:131c8263-54f9-46cb-8701-b1be137339c1,REGIONS BEHAVIORAL HOSPITAL,Regions Behavioral Hospital
cc:131eec14-be90-4474-b829-3f02a05a9634,CROUSE HOSPITAL,Crouse Hospital
cc:1320d9ba-4657-4002-b7f5-570cddf4f3f9,GOOD SAMARITAN REGIONAL MEDICAL CENTER,Good Samaritan Regional Medical Center
cc:1321a16d-f562-4e38-b70f-f33ce362e928,ARKANSAS VALLEY REGIONAL MEDICAL CENTER,Arkansas Valley Regional Medical Center
cc:1330e5ab-e4aa-461e-8349-74426c4afff3,CABINET PEAKS MEDICAL CENTER,Cabinet Peaks Medical Center
cc:13376d15-6f74-4d53-af20-88db5e8a4e83,ST. HELENA PARISH HOSPITAL,St. Helena Parish Hospital
cc:1342fb19-0ab6-4e3b-9809-2f37d039f3f3,MARSHALL COUNTY HEALTHCARE CENTER,Marshall County Healthcare Center
cc:13430fde-8179-4c70-9a37-4dbdfdfb6476,SELECT SPECIALTY HOSPITAL - ANN ARBOR,Select Specialty Hospital - Ann Arbor
cc:13549547-54b7-4e06-a320-a9fdb276dfd0,ESSENTIA HEALTH HOLY TRINITY HOSPITAL,Essentia Health Holy Trinity Hospital
cc:135baa42-8f04-475f-ac08-70428ce4261c,HARDEMAN COUNTY CLINIC,Hardeman County Clinic
cc:135e0b81-e3a1-4697-bbe6-b5dbd1adf9dd,MIRAMONT BEHAVIORAL HEALTH,Miramont Behavioral Health
cc:13664339-524f-483a-87c7-7c43a8771917,ENCOMPASS HEALTH LAKESHORE REHABILITATION HOSPITAL,Encompass Health Lakeshore Rehabilitation Hospital
cc:136a4594-6d55-42a0-9a03-e9bd83432ad1,MINNEOLA DISTRICT HOSPITAL,Minneola District Hospital
cc:136e8325-b6d2-4f47-bf8f-8ab0e763dfab,MERCY ST ANNE HOSPITAL,Mercy St. Anne Hospital
cc:13797579-ffef-4d10-94d4-f5cee18fa5f9,MOUNT SINAI WEST,Mount Sinai West
cc:137d3132-4bff-4422-af55-2dc9245bbf13,MARY LANNING MEMORIAL HOSPITAL,Mary Lanning Memorial Hospital
cc:13832c73-5af8-4ba3-a265-4a8843b81895,BAPTIST HEALTH MEDICAL CENTER - NORTH LITTLE ROCK,Baptist Health Medical Center - North Little Rock
cc:1383512d-f3ec-4402-95f6-a2b74be33b7f,CUMBERLAND HOSPITAL FOR CHILDREN AND ADOLESCENTS,Cumberland Hospital for Children and Adolescents
cc:139558de-5f0c-42d4-88f0-563d7230a56d,LEE REHABILITATION HOSPITAL,Lee Rehabilitation Hospital
cc:13965dc4-373e-41f8-9e96-c605d726eca2,NORTH COUNTRY HOSPITAL,North Country Hospital
cc:13973a3b-f4fa-4cae-907e-96c876795baa,RESTON HOSPITAL CENTER,Reston Hospital Center
cc:139ebbac-5722-4ddf-8944-54099f6ab3a0,NORTH CENTRAL KANSAS MEDICAL CENTER,North Central Kansas Medical Center
cc:139faba8-14d6-48da-8632-c687833e4e4a,LINCOLN SURGICAL HOSPITAL,Lincoln Surgical Hospital
cc:13a480ed-f4ba-4b89-8c03-e685f408398e,UCHEALTH PIKES PEAK REGIONAL HOSPITAL,UCHealth Pikes Peak Regional Hospital
cc:13a6a262-c2db-4473-a249-1a96e6a5f5e8,FORT LOUDOUN MEDICAL CENTER,Fort Loudoun Medical Center
cc:13a6f635-1a3e-4a5c-97f5-1952300ea0a7,KESSLER INSTITUTE FOR REHABILITATION,Kessler Institute for Rehabilitation
cc:13af51ef-3a18-4d7c-a149-4176c97e1f51,METHODIST HOSPITAL ATASCOSA,Methodist Hospital Atascosa
cc:13b44c44-2a96-4247-8bd4-6509efcacaf1,ST. LUKE'S CARBON CAMPUS,St. Luke's Carbon Campus
cc:13d33723-1be4-43ab-aa71-c9e6d77d7a25,AUDUBON COUNTY MEMORIAL HOSPITAL,Audubon County Memorial Hospital
cc:13de15bd-ce6e-4a05-aeaf-2e46f567d967,WILKES-BARRE GENERAL HOSPITAL,Wilkes-Barre General Hospital
cc:13e69704-f46d-4fbd-b281-a552861d30f1,BRIDGEPOINT HOSPITAL CAPITOL HILL,Bridgepoint Hospital Capitol Hill
cc:13e723cf-ce4a-4443-bbfd-bea608230a2a,UPSON REGIONAL MEDICAL CENTER,Upson Regional Medical Center
cc:13fee754-fbcb-475a-9ea4-4eaebde33a34,GRACIE SQUARE HOSPITAL,Gracie Square Hospital
cc:140691ea-1140-459c-9131-fcdc6e180565,COREWELL HEALTH ST. JOSEPH HOSPITAL,Corewell Health St. Joseph Hospital
cc:1406baec-24cf-4c94-ac64-fc8d07e567ae,CALHOUN LIBERTY HOSPITAL,Calhoun Liberty Hospital
cc:1415254a-0c9e-4c8f-a54a-e1b31091b9db,ESSENTIA HEALTH FARGO,Essentia Health Fargo
cc:1435ead7-1f3b-47d9-a131-90fd3a28e241,MARY FREE BED REHABILITATION CENTER,Mary Free Bed Rehabilitation Center
cc:143bb1cd-892b-4b73-b2b7-35bb783ddbfd,ST. DAVID'S EMERGENCY CENTER - PFLUGERVILLE,St. David's Emergency Center - Pflugerville
cc:144bbc54-531e-49cb-9c01-650a83cb5eb4,UNION HOSPITAL REGIONAL,Union Hospital Regional
cc:14507c5c-f598-438d-b4a9-3bf4e568b02b,TERREBONNE GENERAL MEDICAL CENTER,Terrebonne General Medical Center
cc:145e2808-2c96-4383-8562-4b4c14234e40,HENDRICK MEDICAL CENTER SOUTH,Hendrick Medical Center South
cc:145ed249-239e-46d9-b820-713a8b1753b9,PROVIDENCE ST. JOSEPH'S HOSPITAL,Providence St. Joseph's Hospital
cc:14661103-9178-4a0d-ba61-42625ab29488,SOUTHCOAST BEHAVIORAL HEALTH,Southcoast Behavioral Health
cc:14676d8b-d4d9-4d9e-96ce-dde2475a7823,SUTTER SANTA ROSA REGIONAL HOSPITAL,Sutter Santa Rosa Regional Hospital
cc:146c216c-8ffe-43b6-93f6-e64ef89d6f69,MID-JEFFERSON EXTENDED CARE HOSPITAL,MID-Jefferson Extended Care Hospital
cc:146cdc53-fffd-4381-8f3f-854f457b5329,ALAMEDA HOSPITAL,Alameda Hospital
cc:147b80fe-de85-420d-aa00-1b003aeb05fd,HCA FLORIDA NORTHWEST REHABILITATION CENTER,HCA Florida Northwest Rehabilitation Center
cc:1488cc7d-8afd-4c9f-b0c9-bdf40f0dccbc,KINGS DAUGHTERS MEDICAL CENTER OHIO,Kings Daughters Medical Center Ohio
cc:14b63bcb-afe8-4ff9-847a-1dccc1b812a4,NORTH OAKS MEDICAL CENTER,North Oaks Medical Center
cc:14dca775-23d2-4c37-ae81-685bd746cf73,BEVERLY HOSPITAL ADDISON GILBERT CAMPUS,Beverly Hospital Addison Gilbert Campus
cc:14e1073d-7799-403f-a178-247517a1061d,ADVENTISTHEALTH WHITE MEMORIAL MONTEBELLO,Adventisthealth White Memorial Montebello
cc:14fb9f84-1ed8-4582-8cf0-b49370fed9e0,HOAG HOSPITAL NEWPORT BEACH,Hoag Hospital Newport Beach
cc:14ff3a27-881c-489c-bafe-6a57dc1ab002,BAPTIST MEMORIAL HOSPITAL-LEAKE,Baptist Memorial Hospital-Leake
cc:151124d4-2ee5-4503-84d1-07bc3c0c21e8,SANFORD MEDICAL CENTER FARGO,Sanford Medical Center Fargo
cc:1514325f-e890-4801-8f07-1268a06498c7,AURORA LAKELAND MEDICAL CENTER,Aurora Lakeland Medical Center
cc:1514ca9e-c8b0-49cc-a33d-5a653445b1e3,TIRR MEMORIAL HERMANN,TIRR Memorial Hermann
cc:15246bce-ccc8-41b7-9ea8-8f527ffab35a,LARABIDA CHILDREN'S HOSPITAL,Larabida Children's Hospital
cc:152f03c0-3434-416f-8be2-b7c626dfcf5d,RIVENDELL BEHAVIORAL HEALTH HOSPITAL,Rivendell Behavioral Health Hospital
cc:15352435-4e88-46f0-8fd0-0d7e06db9072,TULSA SPINE & SPECIALTY HOSPITAL,Tulsa Spine & Specialty Hospital
cc:1538f1ec-b243-49e1-a160-f98d95b0cf9f,REDLANDS COMMUNITY HOSPITAL,Redlands Community Hospital
cc:154549b8-7454-4ba8-8bac-41a45cb5be76,CONE HEALTH ALAMANCE REGIONAL MEDICAL CENTER,Cone Health Alamance Regional Medical Center
cc:1564206c-6426-4676-ac64-8b353f7c24d5,VALLEY COUNTY HEALTH SYSTEM,Valley County Health System
cc:15737239-e349-4fc0-b4aa-99551e1c8dd7,CONEMAUGH MEMORIAL MEDICAL CENTER - LEE CAMPUS,Conemaugh Memorial Medical Center - Lee Campus
cc:157dfea6-d140-47e0-bff4-d21b0c99ad40,KAISER PERMANENTE SAN LEANDRO MEDICAL CENTER,Kaiser Permanente San Leandro Medical Center
cc:158b9a10-88ab-43bb-a4e7-27ce32e7b3ed,MEMORIAL HOSPITAL OF SOUTH BEND,Memorial Hospital of South Bend
cc:158dd933-4491-4389-a4fb-78c6b690c0b4,MILESTONE FOUNDATION - EXTENDED CARE,Milestone Foundation - Extended Care
cc:159b8d62-e3bb-4b0b-8c2f-9cc1efa875bd,IU HEALTH WEST HOSPITAL,IU Health West Hospital
cc:159f3672-28e8-4954-9b50-984650e1595d,HCA FLORIDA LARGO WEST HOSPITAL,HCA Florida Largo West Hospital
cc:15a84949-0f94-41d6-b249-3588c82387ce,LYNDON B JOHNSON HOSPITAL,Lyndon B. Johnson Hospital
cc:15ad8673-a65d-4870-9515-c635f18d9250,ATLANTICARE REGIONAL MEDICAL CENTER,Atlanticare Regional Medical Center
cc:15b0bdff-94df-4d89-8131-3c287b91ffdc,ROGERS MEMORIAL HOSPITAL WEST ALLIS,Rogers Memorial Hospital West Allis
cc:15bf049e-1c31-479d-8eff-e035e079addf,ASCENSION ST. VINCENT EVANSVILLE,Ascension St. Vincent Evansville
cc:15bf7dbf-241c-47e8-86eb-81c71c437506,OCEANS BEHAVIORAL HOSPITAL LAKE CHARLES,Oceans Behavioral Hospital Lake Charles
cc:15c14679-5573-4c62-ba86-eb7b5be2336b,ROCHESTER GENERAL HOSPITAL,Rochester General Hospital
cc:15d25d53-0a9e-45ef-823c-ff0b9100fb5e,REHABILITATION HOSPITAL OF JENNINGS,Rehabilitation Hospital of Jennings
cc:15e1f04b-3a58-4cc5-8d67-a8aec318f63c,CENTRA LYNCHBURG GENERAL HOSPITAL,Centra Lynchburg General Hospital
cc:15e6a8ca-3bd2-4079-aa56-b08cdc3d49b5,MISH HOSPITAL AND CLINICS,Mish Hospital and Clinics
cc:15eb2ebb-4d9c-46fa-8180-36c2d94fe01d,KAISER PERMANENTE VALLEJO MEDICAL CENTER,Kaiser Permanente Vallejo Medical Center
cc:15f1a8fb-f311-439d-bac7-bd2e4ec3ad9f,MEDICAL CITY DECATUR BEHAVIORAL HEALTH,Medical City Decatur Behavioral Health
cc:15f5ba10-3393-427f-a9de-f63c3e24040d,SELECT SPECIALTY HOSPITAL - TULSA,Select Specialty Hospital - Tulsa
cc:15f9cae6-fa99-43da-9535-f95221dc9ddc,BARTLETT SURGERY AND SPECIALTY CLINIC,Bartlett Surgery and Specialty Clinic
cc:15fc4453-e0eb-4d70-bf68-f0ed571d6f2d,OLIVIA HOSPITAL & CLINIC,Olivia Hospital & Clinic
cc:1605f2f2-2286-4272-9d10-8776400c232f,SOUTHERN TENNESSEE REGIONAL HEALTH SYSTEM PULASKI,Southern Tennessee Regional Health System Pulaski
cc:161360fb-794a-4a98-add9-cb332b7f0acd,HOLY FAMILY MEMORIAL,Holy Family Memorial
cc:16279951-1b70-4c6d-aa6f-1631dd1ff2f2,MARSHALL BROWNING HOSPITAL,Marshall Browning Hospital
cc:162cf4c0-a716-4873-ad04-f7a48bc574cf,FAIRVIEW RANGE MEDICAL CENTER,Fairview Range Medical Center
cc:1632249d-1cc4-4f52-bdc6-20715967a7e4,JOHN F KENNEDY MEMORIAL HOSPITAL,John F. Kennedy Memorial Hospital
cc:163641c4-d6c1-4dc1-9d61-f8bc6683176c,SELECT SPECIALTY HOSPITAL HAMPTON ROADS,Select Specialty Hospital Hampton Roads
cc:16595b0b-f068-4296-b97b-a01356a03239,NORTH CANYON MEDICAL CENTER,North Canyon Medical Center
cc:165b1aea-ed85-4cae-af28-b48b7e689241,NORTHERN COLORADO REHABILITATION HOSPITAL,Northern Colorado Rehabilitation Hospital
cc:168b7fb8-aeac-461b-82c0-478f7ffcd6e9,PROMEDICA FOSTORIA COMMUNITY HOSPITAL,ProMedica Fostoria Community Hospital
cc:168e6eef-4305-433d-8ece-15c1171e320f,BROOKS-TLC HOSPITAL SYSTEM,Brooks-TLC Hospital System
cc:16a0b4de-154e-4abc-81a5-e756bdcb1a19,FORT DUNCAN REGIONAL MEDICAL CENTER,Fort Duncan Regional Medical Center
cc:16a39d8f-ff99-4c1f-8774-7225973790e7,CARONDELET ST. JOSEPH'S HOSPITAL,Carondelet St. Joseph's Hospital
cc:16a64572-708b-4364-b314-db879ae33d1c,BAPTIST MEMORIAL REHABILITATION HOSPITAL MADISON,Baptist Memorial Rehabilitation Hospital Madison
cc:16b0482c-0996-496b-a6fc-6bfb4c2e4e1a,DUNCAN REGIONAL HOSPITAL,Duncan Regional Hospital
cc:16bd3580-75c5-4fa3-983b-523e43048425,HCA HEALTHCARE SUMMERVILLE HOSPITAL,HCA Healthcare Summerville Hospital
cc:16c11acd-31a0-4169-8d29-4cb2cfff4949,BRIDGEPORT HOSPITAL MILFORD CAMPUS,Bridgeport Hospital Milford Campus
cc:16cd192e-01fe-428d-8733-6083d403c8ff,PAM SPECIALTY HOSPITAL OF COVINGTON,PAM Specialty Hospital of Covington
cc:16d13cf3-b6f6-48d5-818f-685b8e0380c3,ER AT SKYE CANYON,ER at Skye Canyon
cc:16d8aeea-7607-4e57-b882-0983205814c0,BAPTIST NEIGHBORHOOD HOSPITAL WESTOVER HILLS,Baptist Neighborhood Hospital Westover Hills
cc:16e449f2-ec88-455a-84c4-d382d047b385,AHN FORBES HOSPITAL,AHN Forbes Hospital
cc:16e7dbb9-408c-42f2-a808-815bdc481d7f,UT HEALTH ATHENS,UT Health Athens
cc:16e84cef-abf1-414e-83ac-50ab548792ca,GARFIELD COUNTY HOSPITAL,Garfield County Hospital
cc:16ea06c2-1945-478e-9530-3554fb686fc0,HARRISON MEMORIAL HOSPITAL,Harrison Memorial Hospital
cc:16f763a9-1224-4156-bbff-c557062db7ca,ENCOMPASS HEALTH HOSPITAL OF ROUND ROCK,Encompass Health Hospital of Round Rock
cc:16f9dc58-67bf-43f6-bce0-9701e0b4e5f4,ASCENSION SAINT THOMAS WEST HOSPITAL,Ascension Saint Thomas West Hospital
cc:16fc29ed-7cda-40f7-afbd-afd60c11a128,CHEYENNE COUNTY HOSPITAL,Cheyenne County Hospital
cc:1705aed1-2287-4558-8e6a-edec6881140d,MEMORIAL HOSPITAL,Memorial Hospital
cc:170cc119-9d49-4d1d-9d26-5dd0de5740f7,CITIZENS MEMORIAL HOSPITAL,Citizens Memorial Hospital
cc:170f29ba-36c6-4248-9810-63d5381b6aec,NORTH VISTA HOSPITAL,North Vista Hospital
cc:170fa9b3-48ea-4986-9793-9150eecf5153,COVINGTON BEHAVIORAL HEALTH,Covington Behavioral Health
cc:1718a22b-a0f9-487e-8434-8917096bb41a,BAYLOR SCOTT & WHITE HOSPITAL TAYLOR,Baylor Scott & White Hospital Taylor
cc:17219866-dfd7-4c8b-be08-f7fc9e3bfb5c,MAYO CLINIC HEALTH SYSTEM LAKE CITY,Mayo Clinic Health System Lake City
cc:1724b9a8-d410-49cb-90fd-d2e23427b571,RED BAY HOSPITAL,Red Bay Hospital
cc:1740b3e4-b83d-4a02-bc1e-9e12f7759ff5,MERIT HEALTH RIVER REGION,Merit Health River Region
cc:1740e42f-c545-4a1b-b3a0-6ad73908ddc5,KENNEDY KREIGER INSTITUTE,Kennedy Kreiger Institute
cc:1742ca88-bdb5-47ec-8e15-3e82a2f833a8,MEDSTAR HEALTH PHYSICAL THERAPY AT GAMBRILLS,MedStar Health Physical Therapy at Gambrills
cc:1744a58f-452f-436f-b727-47f8473f02c7,ST VINCENT GENERAL HOSPITAL DISTRICT,St. Vincent General Hospital District
cc:17511265-8151-4709-a501-a78ac5b90936,KINDRED HOSPITAL SAN FRANCISCO BAY AREA,Kindred Hospital San Francisco Bay Area
cc:177ae969-6cd9-41b2-bf52-8d8088184682,EL CAMINO HOSPITAL MOUNTAIN VIEW,El Camino Hospital Mountain View
cc:1781f50f-aa8f-46ce-81a2-cdbc8c1dff6c,VAL VERDE REGIONAL MEDICAL CENTER,Val Verde Regional Medical Center
cc:178bb1b5-02db-405b-9875-43e7121b84db,SAINT PETERS UNIVERSITY HOSPITAL,Saint Peters University Hospital
cc:179daac8-66eb-40a5-a554-5cdb199101d2,CITY OF HOPE ATLANTA CANCER HOSPITAL,City of Hope Atlanta Cancer Hospital
cc:17a83579-2fc9-4c35-85a1-5bbdf497bec9,CENTRAL DESERT BEHAVIORAL HEALTH HOSPITAL,Central Desert Behavioral Health Hospital
cc:17aaf2e7-2f33-44f1-9c4b-0eb47d2a2f7a,MIZELL MEMORIAL MEDICAL CLINIC 1,Mizell Memorial Medical Clinic 1
cc:17bcbb94-98f7-4ace-982e-0caf0773db9b,UPMC SHADYSIDE,UPMC Shadyside
cc:17bda1ff-fa03-494f-9e8f-90927ef27201,WESTBOROUGH BEHAVIORAL HEALTHCARE HOSPITAL,Westborough Behavioral Healthcare Hospital
cc:17bf9b8a-8c3a-442f-aafa-567e7e05d516,REHABILITATION AND CRITICAL CARE HOSPITAL OF THE BLACK HILLS,Rehabilitation and Critical Care Hospital of the Black Hills
cc:17c2aed6-caaf-4761-8162-5ad72c03adad,TETON VALLEY HEALTH,Teton Valley Health
cc:17c2b78b-34a8-4443-ba23-263f7d1bc75f,MEDICAL CITY DECATUR,Medical City Decatur
cc:17c3206d-25b9-468a-a71b-4b79e08e7862,HCA FLORIDA ST. PETERSBURG HOSPITAL,HCA Florida St. Petersburg Hospital
cc:17c477ea-379e-407e-a7d4-22ebb5652b43,WESTCHESTER MEDICAL CENTER,Westchester Medical Center
cc:17ce8e60-7349-4619-8b35-2e72bf9b79f4,SARAH D CULBERTSON MEMORIAL HOSPITAL,Sarah D. Culbertson Memorial Hospital
cc:17db1f5b-e6e5-4736-8a66-fcef9941c94b,EXCEPTIONAL COMMUNITY HOSPITAL PRESCOTT,Exceptional Community Hospital Prescott
cc:17df1ce0-323b-4685-a564-ae28c089f3f9,COMMUNITY HOSPITAL EAST,Community Hospital East
cc:17ef8ff8-0413-48d1-a455-686c39b97381,WASHINGTON COUNTY HOSPITAL,Washington County Hospital
cc:17f5dbd0-f959-4d35-9f47-d628221f186a,HOSPITAL PAV YAUCO,Hospital PAV Yauco
cc:181d0ed1-87b2-4952-8fe5-c547d41dfe0d,MYMICHIGAN MEDICAL CENTER SAGINAW,Mymichigan Medical Center Saginaw
cc:181e52a1-a051-43fc-bfa7-53dd486812b8,ASCENSION ST. VINCENT'S ST. JOHNS COUNTY HOSPITAL,Ascension St. Vincent's St. Johns County Hospital
cc:1827b8ed-baaf-40c8-898e-5d35cc220193,BAYLOR SCOTT & WHITE MEDICAL CENTER AT WAXAHACHIE,Baylor Scott & White Medical Center at Waxahachie
cc:183c05eb-c5e3-40c7-a4a6-a6a9ac6cdecd,ADVENTHEALTH SOUTH OVERLAND PARK,AdventHealth South Overland Park
cc:183e8494-c642-42b9-bfc7-ebb549d6f81f,LAREDO REHABILITATION HOSPITAL,Laredo Rehabilitation Hospital
cc:18471ea0-5572-45a9-b649-43110dcdd93c,IZARD REGIONAL HOSPITAL,Izard Regional Hospital
cc:18566ed2-f977-4d69-bb3a-82429c86f05e,EDWARDS COUNTY MEDICAL CENTER,Edwards County Medical Center
cc:186a26b4-a57f-48dc-9bf6-39827593a5e0,COPPER HILLS YOUTH CENTER,Copper Hills Youth Center
cc:187b76b7-00a8-4421-ab51-f8ea92d60d63,HEALTHPARK MEDICAL CENTER,Healthpark Medical Center
cc:187ce86a-6489-4489-911d-e93ab16f93dc,MERCY HEALTH - SPRINGFIELD REGIONAL MEDICAL CENTER,Mercy Health - Springfield Regional Medical Center
cc:187d2f57-7bf0-40b9-8646-7ee481db2d3c,KINDRED HOSPITAL SAN ANTONIO,Kindred Hospital San Antonio
cc:18832ca6-5431-436d-ad21-bb874ffb174f,ROCK SPRINGS,Rock Springs
cc:1899db3a-617d-43c5-be61-347c057dfb7d,THOMPSON HOSPITAL,Thompson Hospital
cc:189abdf5-4856-464e-ab6d-645e3ff5c719,WESLEY WEST ER,Wesley West ER
cc:18b2f9db-d4fc-4cb1-a8e7-a5c3c520b17d,CINCINNATI CHILDREN'S LIBERTY CAMPUS,Cincinnati Children's Liberty Campus
cc:18c56e60-eeca-4ea6-a4f4-9a663265ed4e,MERCY HOSPITAL PITTSBURG,Mercy Hospital Pittsburg
cc:18c5c9fd-fd8d-4acc-8ade-8a9cafd31bfb,GRACE HOSPITAL,Grace Hospital
cc:18c95e9a-fe69-4db3-81df-da8caf6b0709,COREWELL HEALTH BEAUMONT GROSSE POINTE HOSPITAL,Corewell Health Beaumont Grosse Pointe Hospital
cc:18e8b110-8ce7-45b4-afc2-7108036bf190,MCCULLOUGH-HYDE MEMORIAL HOSPITAL,McCullough-Hyde Memorial Hospital
cc:18ed9fba-144d-4bd6-967f-b92ee55c7423,DELL SETON MEDICAL CENTER AT THE UNIVERSITY OF TEXAS,Dell Seton Medical Center at the University of Texas
cc:18f61fec-2185-4582-91fb-6226b322dd07,PATHLIGHT MOOD & ANXIETY CENTER DENVER,Pathlight Mood & Anxiety Center Denver
cc:18fce4e0-e16a-48d8-8cb8-e9a2ed0b39d4,MORTON COUNTY HOSPITAL,Morton County Hospital
cc:1900eea6-6604-4ae1-a113-7a7eaca45f9b,HCA FL CITRUS PARK ER,HCA Fl Citrus Park ER
cc:190d985c-406a-4d78-8f7c-05bed7e84377,ST MARY'S GOOD SAMARITAN HOSPITAL,St. Mary's Good Samaritan Hospital
cc:191637e1-7162-45cd-89cc-7414396498d3,DEGRAFF MEDICAL PARK,Degraff Medical Park
cc:1916eb80-9497-4b48-beb9-5def86f06889,ST. JAMES BEHAVIORAL HEALTH HOSPITAL,St. James Behavioral Health Hospital
cc:191ddd93-fb51-4550-898b-b1fc1a9fffda,LITTLE RIVER MEMORIAL HOSPITAL,Little River Memorial Hospital
cc:1927c527-4571-43b8-b37b-175ecd402b74,MASONICARE HEALTH CENTER,Masonicare Health Center
cc:194da0f4-86fb-4078-9054-02afa8b6b3ce,LAS PALMAS REHABILITATION HOSPITAL,Las Palmas Rehabilitation Hospital
cc:19512fc3-55a9-4e1f-9860-bbd776868a91,SSM HEALTH MONROE HOSPITAL,SSM Health Monroe Hospital
cc:1957b448-cef0-4ae6-9825-048e8524e02c,CHILDREN'S WISCONSIN FOX VALLEY HOSPITAL,Children's Wisconsin Fox Valley Hospital
cc:1968c0b8-ed6b-48b2-9c74-95cb5bbdd18b,REUNION REHABILITATION HOSPITAL PLANO,Reunion Rehabilitation Hospital Plano
cc:198c941c-ed3c-4533-85dd-d41e4c714cd7,UHS WILSON MEDICAL CENTER,UHS Wilson Medical Center
cc:19925fd1-e972-4dd0-a5f0-ee5f0d0c8885,COPLEY HOSPITAL,Copley Hospital
cc:19a54e3f-667a-4818-bc89-a417794e2d03,AMG PHYSICAL REHABILITATION HOSPITAL LAFAYETTE,AMG Physical Rehabilitation Hospital Lafayette
cc:19b4916d-d981-4ca2-bb0b-7688a5cc0ad4,ST JOHN VIANNEY CENTER,St. John Vianney Center
cc:19be3acd-0f91-43f9-8c4f-15f1148c3ce3,DECATUR COUNTY MEMORIAL HOSPITAL,Decatur County Memorial Hospital
cc:19c03ef2-22b6-4645-aff4-9e559c46feae,ABRAZO CAVE CREEK HOSPITAL,Abrazo Cave Creek Hospital
cc:19c0dcee-d42f-4d29-a270-1b2c504ee959,PROVIDENCE REDWOOD MEMORIAL HOSPITAL,Providence Redwood Memorial Hospital
cc:19c82b84-02d6-4467-a361-deaed8bb82cb,COMMONSPIRIT - HOLY CROSS HOSPITAL - DAVIS,Commonspirit - Holy Cross Hospital - Davis
cc:19d053e9-ac22-438f-9872-82f77bca9686,UOFL HEALTH - UOFL HOSPITAL,UofL Health - UofL Hospital
cc:19d22225-d4ad-4fcd-99a0-68cb00749086,SOUTH POINTE HOSPITAL,South Pointe Hospital
cc:19d3b73e-39fe-4cd8-9dda-1b52f23854e6,ST JOHNS MEDICAL CENTER,St. Johns Medical Center
cc:19d89262-a57c-4692-a0ec-1a92c5aad2f1,KANSAS SPINE & SPECIALTY HOSPITAL,Kansas Spine & Specialty Hospital
cc:19dad183-eea6-4c00-a002-772ef41131f8,BAYLOR SCOTT & WHITE EMERGENCY HOSPITAL - MURPHY,Baylor Scott & White Emergency Hospital - Murphy
cc:19dc17c8-5262-4d0d-b713-d02035826229,KAISER PERMANENTE WOODLAND HILLS MEDICAL CENTER,Kaiser Permanente Woodland Hills Medical Center
cc:19dff715-bb4d-4c26-82d2-cbdd5c998134,PEACEHEALTH UNITED GENERAL MEDICAL CENTER,Peacehealth United General Medical Center
cc:19ed8cf4-eeae-43e0-961f-da4bd36f3a01,CHADRON COMMUNITY HOSPITAL AND HEALTH SERVICES,Chadron Community Hospital and Health Services
cc:19f1c087-df2b-4ff5-9aeb-e9a2f990bc7e,MEDICAL CITY WEATHERFORD,Medical City Weatherford
cc:19f4e6ea-7931-4a15-943e-787a44d528c1,ENCOMPASS HEALTH REHABILITATION HOSPITAL OF KINGSPORT,Encompass Health Rehabilitation Hospital of Kingsport
cc:19f96337-d1ad-4e71-9452-273db184f3cd,ADVENTIST HEALTH TWIN CITIES,Adventist Health Twin Cities
cc:19ffed1c-fa79-4cd3-941d-164e1a52aa15,ADVENTIST HEALTH TEHACHAPI VALLEY,Adventist Health Tehachapi Valley
cc:1a0b7a7a-592c-447a-9a7d-20b04bb5dda6,SENTARA VIRGINIA BEACH GENERAL HOSPITAL,Sentara Virginia Beach General Hospital
cc:1a25e121-da47-4fe5-a4b0-90694acec22f,RUMFORD HOSPITAL,Rumford Hospital
cc:1a3dfcd7-5b28-4505-a07c-8a5de6b602ba,TEXAS NEUROREHAB CENTER BEHAVIORAL HEALTH SERVICES,Texas Neurorehab Center Behavioral Health Services
cc:1a42f967-aa8a-44b5-84fd-d3ad6cc7ec70,HARBORVIEW MEDICAL CENTER,Harborview Medical Center
cc:1a439520-6b54-44b1-b779-17f19f31a091,DOCTORS CENTER HOSPITAL BAYAMON,Doctors Center Hospital Bayamon
cc:1a793019-d210-418e-9f9a-d6c28573664c,SELECT SPECIALITY HOSPITAL - FORT MYERS,Select Speciality Hospital - Fort Myers
cc:1a7cfbca-19c5-43dc-9bea-2ada0aa9d9ce,YALE-NEW HAVEN HOSPITAL,Yale-New Haven Hospital
cc:1a7dec3f-1cb2-4f05-a761-1d98e204fe3d,PROWERS MEDICAL CENTER,Prowers Medical Center
cc:1a81ea3e-8240-4788-8541-f1deed978650,HCA FLORIDA GULF COAST HOSPITAL,HCA Florida Gulf Coast Hospital
cc:1a89a295-6afc-4f9f-9958-1cfb0465190c,SAINT CLARES DOVER HOSPITAL,Saint Clares Dover Hospital
cc:1aa15d0d-971e-4cac-b55e-f863a58040bf,GEISINGER JERSEY SHORE HOSPITAL,Geisinger Jersey Shore Hospital
cc:1aa777b5-8de9-4982-8626-6bc9d5200615,GENERATIONS BEHAVIORAL HEALTH YOUNGSTOWN,Generations Behavioral Health Youngstown
cc:1aadcf4d-b0e4-42bf-931e-7f983266e135,RIVERS EDGE HOSPITAL,Rivers Edge Hospital
cc:1ab4f7d1-d4ea-48ce-8bae-268ed7cbd151,CHI HEALTH CREIGHTON UNIVERSITY MEDICAL - BERGAN MERCY,CHI Health Creighton University Medical - Bergan Mercy
cc:1ab8651c-483e-4e07-ba41-980e07198122,HAMPSTEAD HOSPITAL AND RESIDENTIAL TREATMENT FACILITY,Hampstead Hospital and Residential Treatment Facility
cc:1abc6b8f-9617-4538-8354-84053cddf4ad,SPARTANBURG REHABILITATION INSTITUTE,Spartanburg Rehabilitation Institute
cc:1adc5382-e7bf-4b40-8de1-c35e7c96cdfc,HASKELL REGIONAL HOSPITAL,Haskell Regional Hospital
cc:1af576ec-d252-49f6-a313-7b7cc8c00710,CAPE FEAR VALLEY BLADEN COUNTY HOSPITAL,Cape Fear Valley Bladen County Hospital
cc:1afd0673-9e5b-4fe4-a14e-b1e4762a1737,AHMC SETON MEDICAL CENTER,AHMC Seton Medical Center
cc:1b08daaa-9242-461a-a626-740b3bda4b43,SPARROW EATON HOSPITAL,Sparrow Eaton Hospital
cc:1b099777-b6dd-4bd7-8bf3-a67b5c8a21d9,CHOCTAW MEMORIAL HOSPITAL,Choctaw Memorial Hospital
cc:1b0a6486-36f0-4e87-a022-dc8841442262,ENCOMPASS HEALTH REHABILITATION HOSPITAL OF HENDERSON,Encompass Health Rehabilitation Hospital of Henderson
cc:1b200816-4aae-4e23-9e52-d92b5c03b4ee,QUAIL RUN BEHAVIORAL HEALTH,Quail Run Behavioral Health
cc:1b372eb9-82a8-4e02-bc7a-5c80b3d09db9,SPEARE MEMORIAL HOSPITAL,Speare Memorial Hospital
cc:1b3edaa9-529e-4909-9b53-8f1adbd75e43,SIMPSON GENERAL HOSPITAL,Simpson General Hospital
cc:1b457796-bf5d-4958-8816-396ed611075e,CHAN SOON SHIONG MEDICAL CENTER AT WINDBER,Chan Soon Shiong Medical Center at Windber
cc:1b4b3148-c11c-4862-886b-61c87d84e16e,LOS ROBLES HOSPITAL AND MEDICAL CENTER,Los Robles Hospital and Medical Center
cc:1b6b9759-cd24-4114-b395-24f7604d9be1,SOUTHERN CALIFORNIA HOSPITAL AT VAN NUYS,Southern California Hospital at van Nuys
cc:1b6ea781-a80e-4e7c-ab0e-4dd6d9316a3c,CORNERSTONE SPECIALTY HOSPITALS HUNTINGTON,Cornerstone Specialty Hospitals Huntington
cc:1b7154d0-964f-449c-8fc9-c7c205c3d5c1,ORLANDO HEALTH MELBOURNE HOSPITAL,Orlando Health Melbourne Hospital
cc:1b752b12-ca03-4506-88c7-5035a33e3081,PIEDMONT AUGUSTA SUMMERVILLE,Piedmont Augusta Summerville
cc:1b7df2fb-17ab-45d9-a36b-3ce6f249eb46,DIGNITY HEALTH ST. ROSE DOMINICAN SAHARA CAMPUS,Dignity Health St. Rose Dominican Sahara Campus
cc:1b9084c2-3c6e-4dd7-bb7a-9ed1a1baf091,FROEDTERT PLEASANT PRARIE HOSPITAL,Froedtert Pleasant Prarie Hospital
cc:1b9858b9-4c23-4626-bb28-5bdb9c183c08,TEXAS HEALTH HARRIS METHODIST HOSPITAL FORT WORTH,Texas Health Harris Methodist Hospital Fort Worth
cc:1b9f932e-c008-4a93-a07c-974bc0310810,PIGGOTT COMMUNITY HOSPITAL,Piggott Community Hospital
cc:1bbea45e-f8a1-4ab8-82e8-cee25f57e79c,SEVIER COUNTY MEDICAL CENTER,Sevier County Medical Center
cc:1bcb5140-ae1d-4561-b43a-47f0876b27f6,INTERMOUNTAIN HEALTH PARK CITY HOSPITAL,Intermountain Health Park City Hospital
cc:1bd8a889-087f-4807-b63b-fbb0bd133cea,DECATUR MEMORIAL HOSPITAL,Decatur Memorial Hospital
cc:1bdbfb9c-6021-4cf9-8208-17a61115fcd8,BAPTIST & WOLFSON OAKLEAF EMERGENCY ROOM,Baptist & Wolfson Oakleaf Emergency Room
cc:1be4c8fe-4a66-43b2-84c9-a7c2070e578a,"MERCY HOSPITAL, ORCHARD PARK DIVISION","Mercy Hospital, Orchard Park Division"
cc:1be82724-ada0-490c-b198-ba28088f4c61,MERCY CEDAR RAPIDS,Mercy Cedar Rapids
cc:1bf147ad-c08f-4c81-becd-3da8fe563d10,NIOBRARA VALLEY HOSPITAL,Niobrara Valley Hospital
cc:1c16fbdb-f1a4-4d92-9894-fccbecb0e210,DELTA REGIONAL MEDICAL CENTER - WEST CAMPUS,Delta Regional Medical Center - West Campus
cc:1c1c734f-2d32-4a07-bfb5-f367a6d66327,MAYO CLINIC HEALTH SYSTEM NORTHLAND,Mayo Clinic Health System Northland
cc:1c3419ad-9167-4a14-9ee0-d5af0d91a5eb,CLEARSKY REHABILITATION HOSPITAL OF KENOSHA,Clearsky Rehabilitation Hospital of Kenosha
cc:1c34d740-d722-404f-88d9-616e3336929d,MEDICAL CITY DALLAS HOSPITAL,Medical City Dallas Hospital
cc:1c368b22-f64c-4f98-85f8-47574c3b7309,ST VINCENT HOSPITAL,St. Vincent Hospital
cc:1c3f705b-1bdc-444d-ba7e-93b2e7551f70,SPRING HARBOR HOSPITAL,Spring Harbor Hospital
cc:1c49cfad-3d30-4b85-bef8-cdae383935e4,COMMUNITY MEDICAL CENTER,Community Medical Center
cc:1c5e99bc-0a8c-4919-8127-ec4b0b8f9f54,MEDSTAR HEALTH PHYSICAL THERAPY AT STEVENSON UNIVERSITY,MedStar Health Physical Therapy at Stevenson University
cc:1c5f3873-abee-4fba-b60c-d2dd53fc4158,MOSAIC MEDICAL CENTER MARYVILLE,Mosaic Medical Center Maryville
cc:1c64d9b5-8c68-4f7c-800c-ca8d7909fc56,PAM HEALTH SPECIALTY HOSPITAL OF RENO,PAM Health Specialty Hospital of Reno
cc:1c75f761-acf0-4fe5-9b38-3bc70cccd544,NORTH MEMORIAL HEALTH HOSPITAL,North Memorial Health Hospital
cc:1c7609dd-6431-4459-8490-017202fbcacf,GUTHRIE TROY COMMUNITY HOSPITAL,Guthrie Troy Community Hospital
cc:1c7dc0c2-f612-4451-a0c6-84cf232307a9,SUN BEHAVIORAL HOUSTON,Sun Behavioral Houston
cc:1c842317-6eef-40e6-b1cf-df2beec90ce4,GRAND ITASCA CLINIC AND HOSPITAL,Grand Itasca Clinic and Hospital
cc:1c860e33-8e50-4d23-a609-96c36e4edb51,PARKVIEW REGIONAL MEDICAL CENTER,Parkview Regional Medical Center
cc:1c91d914-1d8c-4945-9e9f-bc3d656f6b17,ESKENAZI HOSPITAL,Eskenazi Hospital
cc:1c92f07e-32a6-4d8f-85cb-5310ada762f7,ANDERSON REGIONAL MEDICAL CENTER SOUTH,Anderson Regional Medical Center South
cc:1cbcc827-343f-41c6-a8d5-df71698dd619,INTEGRIS BAPTIST MEDICAL CENTER,Integris Baptist Medical Center
cc:1ce06639-7593-4a49-8760-3a4e316562fa,SELECT SPECIALTY HOSPITAL - NORTHERN KENTUCKY,Select Specialty Hospital - Northern Kentucky
cc:1cf6c8ee-11d3-4ad2-b020-7f3fd7c1e40f,EVEREST REHABILITATION HOSPITAL LONGVIEW,Everest Rehabilitation Hospital Longview
cc:1d047925-d38e-47d9-9cfd-88fbb5a220ff,DMC HARPER UNIVERSITY HOSPITAL,DMC Harper University Hospital
cc:1d0ebf4b-c2be-4f73-bbf6-283ad2a8765d,SOVAH HEALTH DANVILLE,Sovah Health Danville
cc:1d246aab-6179-4a2a-95e0-1b73b4251393,OSWEGO HOSPITAL,Oswego Hospital
cc:1d2ad440-6f4e-440e-8d3d-d7a23e2c90f4,CLINTON REGIONAL HOSPITAL,Clinton Regional Hospital
cc:1d2db75a-f972-4c4d-834d-b6673f28a3d8,PROVIDENCE SACRED HEART MEDICAL CENTER,Providence Sacred Heart Medical Center
cc:1d4144a7-064f-465d-a254-bb030072a143,PARKRIDGE VALLEY HOSPITAL,Parkridge Valley Hospital
cc:1d53b0e8-5e17-41b7-9dee-586418e55536,MEDSTAR HEALTH PHYSICAL THERAPY AT HYATTSVILLE,MedStar Health Physical Therapy at Hyattsville
cc:1d669ff0-d1ad-41d6-9ffe-bc279892d905,STERLING SURGICAL HOSPITAL,Sterling Surgical Hospital
cc:1d76e5da-2300-4957-910a-2b16d76a6a66,ASCENSION ST. VINCENT CASTLETON,Ascension St. Vincent Castleton
cc:1d7d0b10-fe70-4da1-94cd-883a5a7ecda1,WESLACO REGIONAL REHABILITATION HOSPITAL,Weslaco Regional Rehabilitation Hospital
cc:1d80aec3-37c5-4746-907b-31ad37055be3,BOULDER CITY HOSPITAL,Boulder City Hospital
cc:1d8639ba-ada9-4fce-aa12-8857e5bf6e9d,DIGNITY HEALTH ST. ROSE DOMINICAN SIENA CAMPUS,Dignity Health St. Rose Dominican Siena Campus
cc:1d9798ec-9caf-4219-a063-a92b25d2c77b,DESTINY SPRINGS HEALTHCARE,Destiny Springs Healthcare
cc:1d97ec4c-e291-4c65-898f-f51e0897523b,IU HEALTH MORGAN HOSPITAL,IU Health Morgan Hospital
cc:1d998baf-5ac3-4821-abb5-bd9b79b7e908,ADVANCED SPECIALTY HOSPITAL OF TOLEDO,Advanced Specialty Hospital of Toledo
cc:1da024e7-c135-4747-842e-aa09d1ebb568,RIVERSIDE HEALTHCARE,Riverside Healthcare
cc:1da4cc28-2bb6-49e2-8571-ef8b1812c30b,HCA FLORIDA SOUTH TAMPA HOSPITAL,HCA Florida South Tampa Hospital
cc:1da53cc3-9d8e-42b6-b735-044fcdef7c3d,PROVIDENCE REGIONAL MEDICAL CENTER EVERETT COLBY CAMPUS,Providence Regional Medical Center Everett Colby Campus
cc:1db6f48a-a440-4771-9beb-ac79ed82fa3d,YUMA DISTRICT HOSPITAL,Yuma District Hospital
cc:1dc3907b-829e-439a-8902-1306809232fb,BOZEMAN HEALTH BIG SKY MEDICAL CENTER,Bozeman Health Big Sky Medical Center
cc:1dd02b4a-232c-4175-bd00-bec7ac84e819,CENTRAL TEXAS REHABILITATION HOSPITAL,Central Texas Rehabilitation Hospital
cc:1ddacef6-72b6-425c-b611-762d5345f0c0,ENCOMPASS HEALTH REHABILITATION HOSPITAL OF SAN JUAN,Encompass Health Rehabilitation Hospital of San Juan
cc:1de212bd-13a2-4744-81f2-3244626eab19,KAISER PERMANENTE SAN RAFAEL MEDICAL CENTER,Kaiser Permanente San Rafael Medical Center
cc:1de86446-3217-4705-80a9-841a739910c3,MEDSTAR HEALTH PHYSICAL THERAPY AT FEDERAL HILL,MedStar Health Physical Therapy at Federal Hill
cc:1df64cfc-5942-4023-a8f2-7a3dbe2198be,SOUTHERN COOS HOSPITAL & HEALTH CENTER,Southern Coos Hospital & Health Center
cc:1df8e2a6-851e-4b76-a423-6c24f8ee24f0,CLEARSKY REHABILITATION HOSPITAL OF LECANTO,Clearsky Rehabilitation Hospital of Lecanto
cc:1dfa4ec7-a86c-4144-9c9b-4bda3d900ba2,UCHICAGO MEDICINE CENTER FOR CARE AND DISCOVERY,UChicago Medicine Center for Care and Discovery
cc:1dfa6e72-66a2-4a81-b54f-514ccd1fb726,HILL CREST BEHAVIORAL HEALTH SERVICES,Hill Crest Behavioral Health Services
cc:1e031906-dd0d-402b-819b-6a3bb864b235,PROVIDENCE LITTLE COMPANY OF MARY MEDICAL CENTER TORRANCE,Providence Little Company of Mary Medical Center Torrance
cc:1e09fa28-f0b0-4e48-96e5-5b835d44a2fa,NORTH CADDO MEDICAL CENTER,North Caddo Medical Center
cc:1e152d0e-8dc5-46cb-83f7-0f68165bd13b,M HEALTH FAIRVIEW RIDGES HOSPITAL,M Health Fairview Ridges Hospital
cc:1e165019-40e0-4be3-b71c-f9c01c5cdf4a,FRAZIER REHABILITATION HOSPITAL - BROWNSBORO,Frazier Rehabilitation Hospital - Brownsboro
cc:1e1a0385-a8f1-49c4-9f0f-a18d2ea64988,SELECT SPECIALTY HOSPITAL BIRMINGHAM,Select Specialty Hospital Birmingham
cc:1e2d4278-201e-41e2-bda2-3ad531b51e53,MENDOTA MENTAL HEALTH INSTITUTE,Mendota Mental Health Institute
cc:1e3790bf-f795-424f-a966-21b564520b49,ASCENSION ST. JOHN MEDICAL CENTER,Ascension St. John Medical Center
cc:1e411a1f-24b7-4421-a532-744295ee15be,WAYNE COUNTY HOSPITAL,Wayne County Hospital
cc:1e48de43-aeba-494b-bbea-7829fd1cc5df,COVINGTON COUNTY HOSPITAL,Covington County Hospital
cc:1e536f3b-824c-4ee0-bf82-b5763ba8e2da,BAPTIST MEMORIAL HOSPITAL-ATTALA,Baptist Memorial Hospital-Attala
cc:1e54c0fe-7bc6-4db8-9996-fd01ab1c48b4,TEXAS HEALTH HARRIS METHODIST HOSPITAL SOUTHWEST FORT WORTH,Texas Health Harris Methodist Hospital Southwest Fort Worth
cc:1e6d3aa2-842f-4fb8-9f41-bdfcf0d38968,SAINT ALPHONSUS MEDICAL CENTER - NAMPA,Saint Alphonsus Medical Center - Nampa
cc:1e808a9f-53bb-4427-afa6-59ffab625979,PAM REHABILITATION HOSPITAL OF VICTORIA,PAM Rehabilitation Hospital of Victoria
cc:1e833e8a-a9a1-4caf-a4fc-603cca20dd7f,CENTERPOINT MEDICAL CENTER,Centerpoint Medical Center
cc:1e83dfc9-e2cc-4d79-bfc9-91e3a4910d18,INTERMOUNTAIN HEALTH DELTA COMMUNITY HOSPITAL,Intermountain Health Delta Community Hospital
cc:1e9f106c-a61d-4aea-8982-f5146802b3f1,BRIDGEPOINT CONTINUING CARE HOSPITAL NATIONAL HARBORSIDE,Bridgepoint Continuing Care Hospital National Harborside
cc:1ea9c9db-9d29-4ced-8ebc-ddd3591def17,PALOMAR MEDICAL CENTER POWAY,Palomar Medical Center Poway
cc:1eaac56b-8316-48e6-aca1-fcafe61f9e1e,BAPTIST HEALTH FLOYD,Baptist Health Floyd
cc:1eab2319-8d9a-472a-985d-06921eacfafb,CALIFORNIA PACIFIC MEDICAL CENTER - DAVIES CAMPUS,California Pacific Medical Center - Davies Campus
cc:1eb8ffcb-fecc-4f54-9b99-bbd286e3f1f4,YUKON KUSKOKWIM DELTA REGIONAL HOSPITAL,Yukon Kuskokwim Delta Regional Hospital
cc:1ebb733e-5612-406f-ba8a-c2c5406711e4,MEMORIAL HERMANN KATY HOSPITAL,Memorial Hermann Katy Hospital
cc:1ebb8c33-f434-441b-a28c-39c854c87c61,NORTHERN IDAHO ADVANCED CARE HOSPITAL,Northern Idaho Advanced Care Hospital
cc:1ed18e4d-14d1-4e76-88c2-cc4bac9a01b5,COMMUNITY BEHAVIORAL HEALTH CENTER,Community Behavioral Health Center
cc:1ed5af84-4cd8-4bd6-a8d4-6e175f7c1c5d,GENERATIONS BEHAVIORAL HEALTH HOSPITAL - GENEVA,Generations Behavioral Health Hospital - Geneva
cc:1ee14740-36b5-472e-8176-251a448597a6,SSM HEALTH ST. ANTHONY HOSPITAL-OKLAHOMA CITY,SSM Health St. Anthony Hospital-Oklahoma City
cc:1eea68e6-507e-41b5-8be5-f754da7cf979,PAM SPECIALTY HOSPITAL OF TULSA,PAM Specialty Hospital of Tulsa
cc:1f0c876e-ba3f-4426-96ec-cb27eda5bc10,CALIFORNIA REHABILITATION INSTITUTE,California Rehabilitation Institute
cc:1f192088-bbb5-451e-bb4a-998ab5966e4a,SOUTHWEST ARKANSAS REGIONAL MEDICAL CENTER,Southwest Arkansas Regional Medical Center
cc:1f1c3eba-ab5e-4213-bd78-46c66ab071d6,WHITE ROCK MEDICAL CENTER,White Rock Medical Center
cc:1f27316d-ac06-445e-a4ce-719f783c454f,COCHRAN MEMORIAL HOSPITAL,Cochran Memorial Hospital
cc:1f38a0c9-aff5-4a00-af0f-9119a1d05306,INSPIRA HEALTH CENTER WOODBURY,Inspira Health Center Woodbury
cc:1f42cae1-91a6-4ea1-8b77-eea59625ccf9,UCSF HEALTH HYDE HOSPITAL,UCSF Health Hyde Hospital
cc:1f55cce3-11df-4ddb-ba7b-d726bea1044d,NOLAND HOSPITAL BIRMINGHAM,Noland Hospital Birmingham
cc:1f60af06-9651-41d1-9c91-682f03a7e937,MEMORIALCARE MILLER CHILDRENS AND WOMENS HOSPITAL,MemorialCare Miller Childrens and Womens Hospital
cc:1f6f1af7-1ad3-40a4-89f6-2f89208975e2,JOHN C FREMONT HEALTHCARE DISTRICT,John C. Fremont Healthcare District
cc:1f8041ae-c954-4c1e-a70f-153accc0f42e,MEDSTAR HEALTH PHYSICAL THERAPY AT HUNT VALLEY,MedStar Health Physical Therapy at Hunt Valley
cc:1f87d9a7-45ef-4a28-bb3b-4b360ebcf7d6,DHR WOMEN'S HOSPITAL AT RENAISSANCE,DHR Women's Hospital at Renaissance
cc:1f892b5a-8d13-49e3-aee9-77b706b65d4b,NORTHEAST REHABILITATION HOSPITAL PORTSMOUTH,Northeast Rehabilitation Hospital Portsmouth
cc:1f95e86d-a2c5-4382-adbc-17e58977b687,LEE'S SUMMIT MEDICAL CENTER,Lee's Summit Medical Center
cc:1fa0999d-1610-42fe-9814-849597fbcaf3,KAISER PERMANENTE SOUTH BAY MEDICAL CENTER,Kaiser Permanente South Bay Medical Center
cc:1fa0bbd3-1c2f-43fa-abb5-38fd387a015a,OCHSNER LAIRD HOSPITAL,Ochsner Laird Hospital
cc:1fa8cb44-1f41-4fd1-a54e-c2de84fb6b54,SPRING VALLEY HOSPITAL MEDICAL CENTER,Spring Valley Hospital Medical Center
cc:1facb82d-46fc-4188-ab9c-ebaed389f93d,NEIGHBORS EMERGENCY CENTER LUBBOCK,Neighbors Emergency Center Lubbock
cc:1fb313ce-db14-4ec3-9b60-10a60a6645a6,WASHINGTON COUNTY HOSPITAL,Washington County Hospital
cc:1fb5638f-c82c-4c9d-a8b9-01ac64bf9457,BRYLIN HOSPITAL,Brylin Hospital
cc:1fc0c4d2-b10e-4fed-ab32-4fcb9203eba5,TIMPANOGOS REGIONAL HOSPITAL,Timpanogos Regional Hospital
cc:1fc36681-f731-4783-9eed-425ac0436589,ALLEN COUNTY REGIONAL HOSPITAL,Allen County Regional Hospital
cc:1fcc0b0d-6fc0-492e-a941-d92e3f3de64a,"THEDACARE MEDICAL CENTER ORTHOPEDIC, SPINE AND PAIN","Thedacare Medical Center Orthopedic, Spine and Pain"
cc:1fcc1b9f-1088-43f2-9f33-40df77d97682,GREATER BINGHAMTON HEALTH CENTER,Greater Binghamton Health Center
cc:1fcc76fd-49e9-4eaf-aa3d-91c06d42e3f0,BANNER - UNIVERSITY MEDICAL CENTER TUCSON,Banner - University Medical Center Tucson
cc:1fccbaa1-35b3-4502-98aa-87efd688fc91,ASCENSION ST. VINCENT CARMEL ENDOSCOPY CENTER,Ascension St. Vincent Carmel Endoscopy Center
cc:1fd079b1-908b-47de-bb3b-270e3d24b800,DUPONT HOSPITAL,DuPont Hospital
cc:1fe33493-770b-4207-adac-d4f052725034,NESHOBA GENERAL,Neshoba General
cc:1fe8f4f4-56f4-4993-874a-b8cfeb0b5250,HEYWOOD HOSPITAL,Heywood Hospital
cc:1ff872cb-91c9-4cae-97f4-46ad719af1db,SACRAMENTO REHABILITATION HOSPITAL,Sacramento Rehabilitation Hospital
cc:2001122d-bd6b-43c4-b632-bea5f571c7c4,FRANKLIN GENERAL HOSPITAL,Franklin General Hospital
cc:2008c83c-1d23-4810-a305-f562e7244ab0,CHI SAINT JOSEPH HEALTH WOMEN'S HOSPITAL AT SAINT JOSEPH EAST,CHI Saint Joseph Health Women's Hospital at Saint Joseph East
cc:201186db-c100-498b-abd7-054abf724dd0,LANKENAU MEDICAL CENTER,Lankenau Medical Center
cc:201365a2-9b8c-4449-8b51-4e24db177d71,PAMPA REGIONAL MEDICAL CENTER,Pampa Regional Medical Center
cc:201883fa-be0b-4c8e-8c4a-965adf89f11b,MEMORIAL SLOAN KETTERING SKIN CANCER CENTER HAUPPAUGE,Memorial Sloan Kettering Skin Cancer Center Hauppauge
cc:2019d954-f970-4e2d-8174-86e6e31a00b6,SWISHER MEMORIAL HOSPITAL,Swisher Memorial Hospital
cc:2020c8ef-a111-4d14-928d-a89d6549d5cc,FAMILY MEDICAL CENTER ROUND ROCK,Family Medical Center Round Rock
cc:2021e0a2-6e71-41b4-8182-c9868154935a,LAKESIDE MEDICAL CENTER,Lakeside Medical Center
cc:2023b4cf-6e8c-4bf6-ab5c-4b3f1204918a,KINDRED HOSPITAL AURORA,Kindred Hospital Aurora
cc:2024888b-0280-4921-a4f1-ef99c02eef38,PENN HIGHLANDS CLEARFIELD,Penn Highlands Clearfield
cc:202ac614-332b-44f5-966a-4b76ecc5a043,TRINITY HOSPITAL,Trinity Hospital
cc:202c75e0-c3ba-4f97-89ed-de8a5106e5c8,CARONDELET HOLY CROSS HOSPITAL,Carondelet Holy Cross Hospital
cc:203f6298-a729-4d2b-a529-329cce3dcf2c,CAYUGA MEDICAL CENTER,Cayuga Medical Center
cc:203fc632-d06c-47cf-b1f2-2b0b9df00dc9,SAINT FRANCIS HOSPITAL VINITA,Saint Francis Hospital Vinita
cc:204c0b29-c1fe-48e9-9ade-2751aab5f5b3,CHI ST. ALEXIUS HEALTH BISMARCK,CHI St. Alexius Health Bismarck
cc:20568f67-6138-48dc-8d7d-f0e2111bc67b,LEGACY UNITY CENTER FOR BEHAVIORAL HEALTH PES,Legacy Unity Center for Behavioral Health Pes
cc:20665339-e6ff-4a59-861a-99669b0a6cb8,EASTERN OKLAHOMA MEDICAL CENTER,Eastern Oklahoma Medical Center
cc:20677d45-cac3-4365-9eb7-093db569b62f,JACKSON MEMORIAL HOSPITAL,Jackson Memorial Hospital
cc:207698ab-1a68-4efa-bdef-c45e30f17637,KINDRED HOSPITAL - CHICAGO,Kindred Hospital - Chicago
cc:207ef62d-260e-47de-a454-d6b57f90cfab,CHILDREN'S HOSPITAL AT MISSION,Children's Hospital at Mission
cc:207f84a7-7b7a-4bfe-849c-3916b966d331,FORKS COMMUNITY HOSPITAL,Forks Community Hospital
cc:2080832c-6a6e-4d0c-95ef-5c61caa13814,TREGO COUNTY LEMKE MEMORIAL HOSPITAL,Trego County Lemke Memorial Hospital
cc:20bc4106-61aa-41c6-b75e-ff0d9b1ac8d1,ADVENTHEALTH WAUCHULA,AdventHealth Wauchula
cc:20c0710c-bb6e-494c-9a5f-c0e7373ff66c,SHARP CORONADO HOSPITAL AND HEALTHCARE CENTER,Sharp Coronado Hospital and Healthcare Center
cc:20c92598-5f0e-4df5-b6fa-56fc2a899ffb,BAPTIST MEDICAL CENTER YAZOO,Baptist Medical Center Yazoo
cc:20cf1051-9b93-4315-ba8e-e4276fdced00,BAYLOR SCOTT & WHITE THE HEART HOSPITAL DENTON,Baylor Scott & White the Heart Hospital Denton
cc:20db43a7-36e9-4ec3-8f8c-1b1cf78d6014,INTEGRIS BAPTIST MEDICAL CENTER PORTLAND AVENUE,Integris Baptist Medical Center Portland Avenue
cc:20f4a458-e696-404c-b6cb-59816d09a337,GREAT PLAINS REGIONAL MEDICAL CENTER,Great Plains Regional Medical Center
cc:20f5087e-0c44-4c08-b46c-c57dbf618605,CABOT EMERGENCY HOSPITAL,Cabot Emergency Hospital
cc:20fe0efa-a463-4b14-a138-6b2720016c8f,SALEM MEMORIAL DISTRICT HOSPITAL,Salem Memorial District Hospital
cc:2112415f-1e23-422a-bbfa-2484984f3a30,PENN STATE HEALTH HAMPDEN MEDICAL CENTER,Penn State Health Hampden Medical Center
cc:21131a03-4819-4c19-9866-5b40682097a8,HAVASU REGIONAL MEDICAL CENTER,Havasu Regional Medical Center
cc:21138ab3-5bef-4c27-9062-4fa73464c5bd,CROSBYTON CLINIC HOSPITAL,Crosbyton Clinic Hospital
cc:2124b750-f47c-482a-a03b-c88a4399b8ad,MASSAC MEMORIAL HOSPITAL,Massac Memorial Hospital
cc:212a95a2-f55c-4a34-b753-71a5ce3e68a6,HOUSTON METHODIST SUGAR LAND HOSPITAL,Houston Methodist Sugar Land Hospital
cc:21351ce1-64e3-43b1-a723-8ba932a27ff9,ST MARY'S SACRED HEART HOSPITAL,St. Mary's Sacred Heart Hospital
cc:2147abc7-f479-4a2b-b461-4788474a78af,CHRISTUS HEALTH PALESTINE,CHRISTUS Health Palestine
cc:214d8568-b2ba-4d15-ad93-16f98b7cdc7f,"CLEVELAND CLINIC REHABILITATION HOSPITAL, EDWIN SHAW","Cleveland Clinic Rehabilitation Hospital, Edwin Shaw"
cc:214e0f1d-d9a3-462c-a700-ef12065f101e,UT HEALTH QUITMAN,UT Health Quitman
cc:2155ce28-4b64-4784-9bea-6b08dd870a21,MANNING REGIONAL HEALTHCARE CENTER,Manning Regional Healthcare Center
cc:216d4f7e-97bd-4ad5-9ded-b121a3f8fa18,MCLEOD MEDICAL CENTER-DILLON,McLeod Medical Center-Dillon
cc:2173c6b7-d22f-4593-ab08-470744437d08,MONUMENT HEALTH SPEARFISH HOSPITAL,Monument Health Spearfish Hospital
cc:217714c6-d64b-444f-a7ed-78cd561aa235,STONESPRINGS HOSPITAL CENTER,Stonesprings Hospital Center
cc:217bbe18-c5c5-4ae6-909b-9cff07ee780f,J PAUL JONES HOSPITAL,J. Paul Jones Hospital
cc:217f20ba-4bd3-4af9-a92e-d97dba2439f4,BON SECOURS MARY IMMACULATE HOSPITAL,Bon Secours Mary Immaculate Hospital
cc:217fbc1a-b1ad-4cb3-8e39-5434fe6a3244,HOSPITAL PAVIA CAGUAS,Hospital Pavia Caguas
cc:218733b5-7772-44e7-a3b6-b4b82f8f4155,ADVENTISTHEALTH SPECIALTY BAKERSFIELD,Adventisthealth Specialty Bakersfield
cc:21878f88-ff0c-438e-94a8-4c8e3af4e1b1,M HEALTH FAIRVIEW ST. JOHN'S HOSPITAL,M Health Fairview St. John's Hospital
cc:218e05bd-e377-4f46-92ef-00172e39308b,CARRUS REHABILITATION HOSPITAL,Carrus Rehabilitation Hospital
cc:21a35e5c-82dc-43bc-862b-5480dc7374c9,CONFLUENCE HEALTH OMAK CAMPUS,Confluence Health Omak Campus
cc:21a501e8-9db5-4f34-af87-a3a0c74ce79f,NORTHWEST HEALTH PORTER,Northwest Health Porter
cc:21b16219-5107-4721-a9d5-0804ee708734,CROSS CREEK HOSPITAL,Cross Creek Hospital
cc:21c148a5-f1e9-42e0-85be-bece08b63cfc,ASCENSION ST. VINCENT HEART CENTER,Ascension St. Vincent Heart Center
cc:21c77f2d-d3d2-4008-8636-e2ee38dde6fa,AVERA TYLER HOSPITAL,Avera Tyler Hospital
cc:21d50741-00d4-4622-9448-0a07a5ee8f2e,ESSENTIA HEALTH DULUTH,Essentia Health Duluth
cc:21d7a6ff-740c-4034-b6f3-ffe3322eef81,UNIVERSITY HOSPITAL SUNY DOWNSTATE,University Hospital SUNY Downstate
cc:21e19621-164b-4926-be1d-172272af3467,ESSENTIA HEALTH VIRGINIA,Essentia Health Virginia
cc:21fe3551-0010-45a7-a991-1975ae44b04d,GEORGETOWN BEHAVIORAL HEALTH INSTITUTE,Georgetown Behavioral Health Institute
cc:220015f9-f670-4e89-8f30-36a93fef4acf,CHILDRENS HOSPITAL COLORADO SOUTH CAMPUS,Childrens Hospital Colorado South Campus
cc:2207152a-b515-4393-9c20-9371cfc89b57,INTERMOUNTAIN HEALTH LUTHERAN HOSPITAL,Intermountain Health Lutheran Hospital
cc:2216c7d3-74b6-4d23-8d80-7e93a501fb30,EMANATE HEALTH FOOTHILL PRESBYTERIAN HOSPITAL,Emanate Health Foothill Presbyterian Hospital
cc:222b2ced-da83-4b24-975c-3cf43a8bba74,ORANGE CITY AREA HEALTH SYSTEM,Orange City Area Health System
cc:22355fa0-cc01-4360-9762-bd9f26381bc5,BRISTOL MYERS SQUIBB CHILDRENS HOSPITAL,Bristol Myers Squibb Childrens Hospital
cc:2236749b-3b82-484b-a0eb-36e8c4655178,HEALDSBURG DISTRICT HOSPITAL,Healdsburg District Hospital
cc:223b05c6-fc99-40bf-96f5-ceddd70f7c41,PROMEDICA MEMORIAL HOSPITAL,ProMedica Memorial Hospital
cc:223bd2b5-23f3-480b-9bd7-e607bbbf394d,SCHLEICHER COUNTY MEDICAL CENTER,Schleicher County Medical Center
cc:224e1260-b1d2-41db-8ce9-718fbd8b8b1f,PAM HEALTH REHABILITATION HOSPITAL OF EL PASO,PAM Health Rehabilitation Hospital of El Paso
cc:225010bd-97fb-4d3c-ba1b-5f8f8e3e86cf,FOUNDATIONS BEHAVIORAL HEALTH,Foundations Behavioral Health
cc:22570119-8526-4972-99fe-8f92473682fb,ST. BERNARD PARISH HOSPITAL,St. Bernard Parish Hospital
cc:2259eb6d-675d-4a03-b8f6-893801cd48e0,CHAMPLAIN VALLEY PHYSICIANS HOSPITAL,Champlain Valley Physicians Hospital
cc:225b3871-2830-4d5b-92cc-83c595a752c5,ANAHEIM COMMUNITY HOSPITAL,Anaheim Community Hospital
cc:227c3db0-f790-4136-b0bf-c2888d91361f,EXALT HEALTH INPATIENT REHABILITATION HOSPITAL WELLEN PARK,Exalt Health Inpatient Rehabilitation Hospital Wellen Park
cc:2282a128-0474-459f-aab5-eabab4f8ce17,"AURORA LAS ENCINAS HOSPITAL, LLC","Aurora las Encinas Hospital, LLC"
cc:229d89fe-05b4-4252-a732-21fa53e1ec08,LOVELACE MEDICAL CENTER,Lovelace Medical Center
cc:22aa8772-7d70-48a2-8371-746604b7e467,BAYLOR SCOTT & WHITE MEDICAL CENTER AT GRAPEVINE,Baylor Scott & White Medical Center at Grapevine
cc:22dcd133-11d0-49a9-bee4-36c86770e1a7,SINGING RIVER GULFPORT,Singing River Gulfport
cc:22dee0a8-6a46-4190-9893-7985e339613c,MAYO CLINIC ROCHESTER HOSPITAL METHODIST CAMPUS,Mayo Clinic Rochester Hospital Methodist Campus
cc:22e69fe0-433f-4d6b-84a7-9576b1267b85,KAISER PERMANENTE SANTA ROSA MEDICAL CENTER,Kaiser Permanente Santa Rosa Medical Center
cc:22e6d7af-29e6-4557-88e7-7b241c4095f9,BAYLOR ST. LUKE'S MEDICAL CENTER BERTNER,Baylor St. Luke's Medical Center Bertner
cc:22ef6d04-f98a-409d-90b0-c2e46f37ce86,HOLMES REGIONAL MEDICAL CENTER,Holmes Regional Medical Center
cc:23038abc-903a-49e0-9375-be5d512a804b,MILLWOOD HOSPITAL,Millwood Hospital
cc:231d8c49-0130-4955-974c-ba8d639f35cd,ADVENTHEALTH EAST ORLANDO,AdventHealth East Orlando
cc:231db562-9571-4407-8c40-2c300cffbf86,HERMANN AREA DISTRICT HOSPITAL,Hermann Area District Hospital
cc:2325a8cc-b461-4ddb-9572-56f69d5e2ef8,GARFIELD COUNTY HEALTH CENTER,Garfield County Health Center
cc:232f8be4-e2d7-4e9d-af51-800e8f0320bf,UNIVERSITY HOSPITAL,University Hospital
cc:2342c3a7-c1cc-4ace-bdb6-d21fca0928fc,JACKSON COUNTY HOSPITAL DISTRICT,Jackson County Hospital District
cc:23460967-f85d-4eaf-a836-688fbe568164,BANNER FORT COLLINS MEDICAL CENTER,Banner Fort Collins Medical Center
cc:236fb030-2aad-4dfb-8f7d-8e302144960a,ENCOMPASS HEALTH REHABILITATION HOSPITAL OF MURRIETA,Encompass Health Rehabilitation Hospital of Murrieta
cc:2376a663-e9b2-4c05-807a-2aa0127927a4,BAPTIST MEMORIAL HOSPITAL - CARROLL COUNTY,Baptist Memorial Hospital - Carroll County
cc:238027b7-351b-4e3f-abbd-7c1eafeb7612,MARIA PARHAM MEDICAL CENTER,Maria Parham Medical Center
cc:23844057-a2a9-455b-b871-4c10108f4853,KPC PROMISE HOSPITAL OF PHOENIX,KPC Promise Hospital of Phoenix
cc:23844e4a-920c-4139-8732-17246f5c7dbe,GRANITE COUNTY MEDICAL CENTER,Granite County Medical Center
cc:238cf683-2f44-4833-816b-ff0512079d5f,THE BROOK - DUPONT,The Brook - DuPont
cc:23a4982c-353a-44c8-a7e0-3990befaa661,ENCOMPASS HEALTH REHABILITATION HOSPITAL OF PEARLAND,Encompass Health Rehabilitation Hospital of Pearland
cc:23a8518d-3b15-4e48-845f-3ea793df54a9,USA HEALTH UNIVERSITY HOSPITAL,USA Health University Hospital
cc:23b272af-635a-4d23-a13f-d372d77d6bd4,MYMICHIGAN MEDICAL CENTER CLARE,Mymichigan Medical Center Clare
cc:23debba1-a78c-4345-b689-e91469fab586,JACKSON SOUTH MEDICAL CENTER,Jackson South Medical Center
cc:23ead49b-eb7d-47d5-ab91-59824ff865c8,CAREPOINT HEALTH-CHRIST HOSPITAL,Carepoint Health-Christ Hospital
cc:23fa9bc5-ea0c-46ba-b82c-639135e2db69,ST. LAWRENCE PSYCHIATRIC CENTER,St. Lawrence Psychiatric Center
cc:240864da-114d-4af2-9c9b-f652559d4d33,MERIDIAN HEALTH SERVICES,Meridian Health Services
cc:240912ed-8cf9-423e-8553-4f608dcc977f,ADVENTIST HEALTH REEDLEY,Adventist Health Reedley
cc:241374e0-9681-463a-a6aa-825dc86605f1,VANDERBILT STALLWORTH REHABILITATION HOSPITAL,Vanderbilt Stallworth Rehabilitation Hospital
cc:241691fa-b39a-410e-ab0a-24ac85dc855c,SWEDISH MEDICAL CENTER - EDMONDS,Swedish Medical Center - Edmonds
cc:241c7757-1d78-4308-94c1-f9ac358ac4da,ANNA JAQUES HOSPITAL,Anna Jaques Hospital
cc:241e8409-5345-4a10-aa4d-c4ca3b12f44e,CAREWELL HEALTH MEDICAL CENTER,Carewell Health Medical Center
cc:24338f01-528d-4383-93bd-f497f798ba41,O'DONNELL CLINIC,O.'Donnell Clinic
cc:243936cf-5b23-431f-bec8-f2ae0f887666,SANFORD CHILDREN'S HOSPITAL FARGO,Sanford Children's Hospital Fargo
cc:2439acf4-5af4-49dd-a952-adc36f01940a,KING'S DAUGHTERS MEDICAL CENTER,King's Daughters Medical Center
cc:243ad345-9e38-45ee-bb0a-3f57b8850996,SAINT AGNES MEDICAL CENTER,Saint Agnes Medical Center
cc:243b9ace-0e0e-4d57-9d08-133acbfbdd13,HCA HEALTHONE ROCKY MOUNTAIN CHILDREN'S,HCA HealthONE Rocky Mountain Children's
cc:245a0f41-a07c-4c30-b5cd-b95c2db8b249,ADVENTHEALTH OTTAWA,AdventHealth Ottawa
cc:245bd484-ba25-439d-9528-afe62e8514c9,MERCY HEALTH - PERRYSBURG HOSPITAL,Mercy Health - Perrysburg Hospital
cc:245be224-cfea-490f-b973-9c50683ddcf1,MIDLAND MEMORIAL HOSPITAL,Midland Memorial Hospital
cc:24606672-5412-4136-be52-22d05d389b2f,HCA HEALTHONE CENTENNIAL,HCA HealthONE Centennial
cc:246571e7-f6fc-46a6-bd79-d5860acae9a0,WASHINGTON COUNTY HOSPITAL,Washington County Hospital
cc:246e7589-7172-494c-b6b2-adb2c5971fa1,EVERGREEN MEDICAL CENTER,Evergreen Medical Center
cc:2479e7c4-e6ff-4bac-a207-ab0a008e557c,RIVER PARK HOSPITAL,River Park Hospital
cc:247de05d-8843-4644-b7e0-a5e412f96048,VCU MEDICAL CENTER MAIN HOSPITAL,VCU Medical Center Main Hospital
cc:24902507-7a7a-4833-95d4-f5d4726e4006,HARDIN MEMORIAL HOSPITAL,Hardin Memorial Hospital
cc:2493b54b-3470-4c34-96a2-e2f50203590a,MAIMONIDES MEDICAL CENTER,Maimonides Medical Center
cc:249d942c-0310-4d99-ad51-c3cb46167e25,OCEANS BEHAVIORAL HOSPITAL AMARILLO,Oceans Behavioral Hospital Amarillo
cc:24a23f2f-ae1d-4c76-84b0-f219a5934c07,MID COAST MEDICAL CLINIC PALACIOS,Mid Coast Medical Clinic Palacios
cc:24a512b4-6758-4cff-959b-210d8515388b,COMMUNITY FAIRBANKS RECOVERY CENTER,Community Fairbanks Recovery Center
cc:24aa28b8-2c8f-46d7-9c5f-4f29ec97c83b,MID COAST MEDICAL CLINIC WHARTON,Mid Coast Medical Clinic Wharton
cc:24ae346f-c9d7-41b1-9de7-a6e29bc4fe37,BARLOW RESPIRATORY HOSPITAL,Barlow Respiratory Hospital
cc:24b015e8-af44-45a6-9b98-0bd5fa70d44f,PROHEALTH  MUKWONAGO HOSPITAL,ProHealth Mukwonago Hospital
cc:24b8ff38-19e9-4faf-8b10-8cb71e30a30b,GENEVA GENERAL HOSPITAL,Geneva General Hospital
cc:24bd8768-d310-45d3-8a4c-cc7feb07b766,CUYUNA REGIONAL MEDICAL CENTER CROSBY,Cuyuna Regional Medical Center Crosby
cc:24e00078-4dbd-4716-a975-ddf730328c09,SELECT SPECIALTY HOSPITAL-CINCINNATI,Select Specialty Hospital-Cincinnati
cc:24e5ab92-628f-46ed-be67-4769446fe251,MEDSTAR HEALTH PHYSICAL THERAPY AT PASADENA,MedStar Health Physical Therapy at Pasadena
cc:24e84db5-f4ec-428b-9c67-0f53375dd934,LEE HEALTH COCONUT POINT,Lee Health Coconut Point
cc:24e8b27d-9f72-4457-8dca-420e5a7edb67,INOVA LOUDOUN HOSPITAL,Inova Loudoun Hospital
cc:24ed14a2-f079-41e2-8443-d62ee646cad2,RUSK REHABILITATION CENTER,Rusk Rehabilitation Center
cc:24ee60e5-2304-4ad0-aea8-2ee0ad70fef5,SAN GABRIEL VALLEY MEDICAL CENTER,San Gabriel Valley Medical Center
cc:2509923c-7193-46a4-889b-e8c7ab961f07,COGDELL MEMORIAL HOSPITAL,Cogdell Memorial Hospital
cc:250b00ac-b08f-4113-ab8c-b49a9933276b,FRANCISCAN HEALTH LAFAYETTE EAST,Franciscan Health Lafayette East
cc:250dfc20-827e-4edb-b47d-79ed80a86684,FRANKLIN WOODS COMMUNITY HOSPITAL,Franklin Woods Community Hospital
cc:251199e4-35fc-4b89-a552-1f4536c836c2,SARASOTA MEMORIAL HOSPITAL-VENICE CAMPUS,Sarasota Memorial Hospital-Venice Campus
cc:252a4c5a-b69d-4cf2-84d4-425d854c8928,REGIONAL MEDICAL CENTER SANTA CLARA VALLEY HEALTHCARE,Regional Medical Center Santa Clara Valley Healthcare
cc:253149f9-fdd8-4db8-ae3f-d4989ba3d592,NORTH ALABAMA SHOALS HOSPITAL,North Alabama Shoals Hospital
cc:25383e1d-9051-4326-b371-ea336b9d42dc,CASCADE VALLEY HOSPITAL,Cascade Valley Hospital
cc:2543fa7f-240e-411c-9adc-276e0c71d924,ST FRANCIS HOSPITAL AND MEDICAL CENTER,St. Francis Hospital and Medical Center
cc:254b5127-12ff-4c6f-9dee-4021ec217415,GORYEB CHILDRENS CENTER,Goryeb Childrens Center
cc:2559d745-4a33-41c1-b592-5f8987d39f97,MCGEHEE-DESHA COUNTY HOSPITAL,McGehee-Desha County Hospital
cc:256989c3-aa58-4772-b38a-428394010190,PROMISE HOSPITAL OF DALLAS,Promise Hospital of Dallas
cc:257494d3-62fa-4e2a-9a3c-dd5b0f8301d2,MEDSTAR HEALTH PHYSICAL THERAPY AT BEL AIR MACC,MedStar Health Physical Therapy at Bel Air Macc
cc:2576cb63-d272-48ff-b432-67ba512bde40,MENTAL HEALTH EMERGENCY CENTER,Mental Health Emergency Center
cc:2583d0d3-0dee-49c4-94ac-e59004b28f09,CENTERPOINTE HOSPITAL OF COLUMBIA,Centerpointe Hospital of Columbia
cc:25842768-a6a4-40ce-be66-488f12148763,MERIT HEALTH NATCHEZ,Merit Health Natchez
cc:259ce0d3-a239-4057-9d04-4a0799872ce6,ROGER WILLIAMS MEDICAL CENTER,Roger Williams Medical Center
cc:25a707db-af7b-4daf-a5d1-8678a925ca78,WILSON MEDICAL CENTER,Wilson Medical Center
cc:25af014e-0f1b-428b-a8e3-4e22e657b6b9,KINDRED HOSPITAL - DENVER,Kindred Hospital - Denver
cc:25b8f3d6-770a-4388-933d-c69438c05cea,HENRY FORD GENESYS HOSPITAL,Henry Ford Genesys Hospital
cc:25b978ad-ac60-4668-bc74-34961d78ad0d,LAKES REGIONAL HEALTHCARE,Lakes Regional Healthcare
cc:25c61560-79b1-45dc-91b3-42ee8d2f71f6,FRANCISCAN HEALTH MOORESVILLE,Franciscan Health Mooresville
cc:25c77183-9dfc-4bc4-96ad-a5a8258d42e4,PENN STATE HEALTH HOLY SPIRIT MEDICAL CENTER,Penn State Health Holy Spirit Medical Center
cc:25def387-545a-4f54-98c5-b93130f0ea98,MOHAWK VALLEY PSYCHIATRIC CENTER,Mohawk Valley Psychiatric Center
cc:25e12dd9-958d-4a2e-b4b7-84eb6fa4b561,NORTH CAMPUS REHABILITATION & NURSING CENTER,North Campus Rehabilitation & Nursing Center
cc:25e79f97-2350-4a75-afc0-c47a810a9620,SAMARITAN LEBANON COMMUNITY HOSPITAL,Samaritan Lebanon Community Hospital
cc:25f1c4df-35b8-4387-8741-2cd089b388d2,UH REHABILITATION HOSPITAL IN AVON,UH Rehabilitation Hospital in Avon
cc:26167481-e9f3-4f02-b2be-697e04888cf9,SOUTH COUNTY HEALTH,South County Health
cc:2618fbf2-7c87-4761-b796-229b2cc86601,LONE PEAK HOSPITAL,Lone Peak Hospital
cc:2625805f-4674-4b85-a627-3d35fce9f558,SALT LAKE BEHAVIORAL HEALTH,Salt Lake Behavioral Health
cc:262c4995-bfc2-4a6b-9c01-113fe68aa6d4,BRONSON SOUTH HAVEN HOSPITAL,Bronson South Haven Hospital
cc:2644ae74-823a-48cf-9992-ddeae9aac1af,REUNION REHABILITATION HOSPITAL PEORIA,Reunion Rehabilitation Hospital Peoria
cc:2644e2e2-46bc-408c-bcb4-303d64221ac6,HOSPITAL MENONITA CULEBRA,Hospital Menonita Culebra
cc:2657eeaf-a30b-4c2d-942f-ba031df86994,GEISINGER BEHAVIORAL HEALTH CENTER DANVILLE,Geisinger Behavioral Health Center Danville
cc:2659892e-3be0-463d-b547-96185f4a4fc9,MAGRUDER HOSPITAL,Magruder Hospital
cc:265c53b5-e73d-44fc-80fc-80fda4764225,HOSPITAL MENONITA CIDRA,Hospital Menonita Cidra
cc:265d9b94-8647-4a36-9a07-5fab164a8947,BAPTIST HEART HOSPITAL,Baptist Heart Hospital
cc:2670c1f0-8343-468d-9eff-bb5e693d016a,RICELAND VIDOR CLINIC,Riceland Vidor Clinic
cc:2677a55b-0148-4723-995f-ad4cc4ab9d78,BOSTON CHILDREN'S HOSPITAL WALTHAM,Boston Children's Hospital Waltham
cc:267b7105-a9b2-41fc-a401-e7560120eaac,ROXBURY HOSPITAL,Roxbury Hospital
cc:267fe932-f42d-4e1d-82d8-83b54b8ddc49,TENNOVA JEFFERSON MEMORIAL HOSPITAL,Tennova Jefferson Memorial Hospital
cc:2698428b-9697-40b7-9595-470472074b8d,HOUSTON PHYSICIANS' HOSPITAL,Houston Physicians' Hospital
cc:269b2335-f029-4e84-ae2e-579e1c5e4673,UCHEALTH MEDICAL CENTER OF THE ROCKIES,UCHealth Medical Center of the Rockies
cc:26aa254c-db88-4ceb-8316-694fea1922ad,CALIFORNIA HOSPITAL MEDICAL CENTER - LOS ANGELES,California Hospital Medical Center - Los Angeles
cc:26aa64af-7ef2-424d-9ad9-f0a159485939,RUSH COUNTY MEMORIAL HOSPITAL,Rush County Memorial Hospital
cc:26b87dec-5556-40d4-b08b-e3f1369e9814,FRANCISCAN HEALTH INDIANAPOLIS,Franciscan Health Indianapolis
cc:26b9a48b-d6ea-43a7-9b2a-4b0390643d82,COMMUNITY HOSPITAL OF SAN BERNARDINO,Community Hospital of San Bernardino
cc:26bf17fd-05ff-49e0-9f03-3e76fe43a506,PALISADES MEDICAL CENTER,Palisades Medical Center
cc:26c040fe-620b-4b12-bb54-5a92fc1ef68b,MONTROSE BEHAVIORAL HEALTH HOSPITAL,Montrose Behavioral Health Hospital
cc:26c31316-7ea0-4614-aa95-622ed49c1c8c,TULSA ER & HOSPITAL,Tulsa ER & Hospital
cc:26cd01b4-c89f-4611-8207-6a7078a26657,MALVERN BEHAVIORAL HEALTH,Malvern Behavioral Health
cc:26d12fa1-8a3f-4355-b8b8-707805c333e0,GEISINGER MEDICAL CENTER,Geisinger Medical Center
cc:26daacaf-b0b5-40f9-aa23-14bf8f05c6ac,CLARITY CHILD GUIDANCE CENTER,Clarity Child Guidance Center
cc:26ddb3ca-4c4f-4098-86fc-06ed1dca480a,JFK JOHNSON REHABILITATION INSTITUTE,JFK Johnson Rehabilitation Institute
cc:26f44ac4-3962-4c30-a6f6-009f235a7d2a,MARY BRECKINRIDGE ARH HOSPITAL,Mary Breckinridge ARH Hospital
cc:26f602af-2e9a-4f93-995c-dbd74705263c,ENCOMPASS HEALTH REHABILITATION HOSPITAL OF SCOTTSDALE,Encompass Health Rehabilitation Hospital of Scottsdale
cc:27057b99-a85a-451e-813c-a3a897a85ef0,MAYO CLINIC HEALTH SYSTEM OWATONNA,Mayo Clinic Health System Owatonna
cc:2707e07f-834f-4a7c-b6b0-1b4ade53bcfc,PLAINVIEW HOSPITAL,Plainview Hospital
cc:2710f9c5-ef81-4f04-88e3-d59a9e8f9de9,DECATUR HEALTH HOSPITAL,Decatur Health Hospital
cc:2716a7e6-19a5-48a2-9785-09b65adc7e59,ARKANSAS CHILDREN'S HOSPITAL PINE BLUFF CLINIC,Arkansas Children's Hospital Pine Bluff Clinic
cc:2721c1dd-d6f2-4032-b64c-e2db92be69e4,VALLEY BEHAVIORAL HEALTH SYSTEM,Valley Behavioral Health System
cc:2727e97f-3b06-45fc-bd67-c09664d0a98c,PRAIRIE VIEW,Prairie View
cc:27462904-556e-4d2f-aab6-6beeba5da2ae,TENNOVA NORTH KNOXVILLE MEDICAL CENTER,Tennova North Knoxville Medical Center
cc:275308e5-5f5b-4a39-854b-0b118ee00e6f,HEART HOSPITAL OF NEW MEXICO AT LOVELACE MEDICAL,Heart Hospital of New Mexico at Lovelace Medical
cc:275a0eec-b011-4067-86c8-e4977fc8f421,ATRIUM HEALTH LEVINE CHILDREN'S HOSPITAL,Atrium Health Levine Children's Hospital
cc:2771d3ab-5833-4b2e-9000-40b4e69f8e8c,JACKSON PARISH HOSPITAL,Jackson Parish Hospital
cc:2773d045-42d6-4ee5-a1f4-57544b9c72cc,OUR LADY OF THE LAKE LIVINGSTON,Our Lady of the Lake Livingston
cc:2774049e-8e51-42a5-9709-1307349b2ad8,HEMPHILL COUNTY HOSPITAL,Hemphill County Hospital
cc:277ce80c-be00-4c07-9b27-e567c496e7e2,SOUTHWELL MEDICAL HOSPITAL AND SURGICAL CENTER,Southwell Medical Hospital and Surgical Center
cc:2780cda6-daea-41eb-befa-898788277084,PARKLAND MEMORIAL HOSPITAL,Parkland Memorial Hospital
cc:2787899f-9f28-4e73-a7d0-e6f2a9dfbb79,MORRIS HOSPITAL & HEALTHCARE CENTERS,Morris Hospital & Healthcare Centers
cc:278f7ae4-833f-4a0a-9745-c3b2678a923c,ENCOMPASS HEALTH REHABILITATION HOSPITAL OF MORGANTOWN,Encompass Health Rehabilitation Hospital of Morgantown
cc:27913717-886e-4782-a080-906b807031a4,THE HOSPITALS OF PROVIDENCE - SPECIALTY CAMPUS,The Hospitals of Providence - Specialty Campus
cc:27989022-1298-40d5-867b-98a4c766ec86,OZARKS MEDICAL CENTER,Ozarks Medical Center
cc:27a21f01-f4fd-4524-9b05-f1ca46285f91,LOWER BUCKS HOSPITAL,Lower Bucks Hospital
cc:27ac801a-ee16-4d8e-8e0f-84b5fe86b2c5,GREEN BAY REHABILITATION HOSPITAL,Green Bay Rehabilitation Hospital
cc:27b5015d-3d32-455a-949a-1787b8d45c64,ADENA PIKE MEDICAL CENTER,Adena Pike Medical Center
cc:27bdaa83-f90c-4300-b74a-4f162e21eb83,PRISMA HEALTH PATEWOOD HOSPITAL,Prisma Health Patewood Hospital
cc:27be46ad-61dc-45d9-9629-f3f3e07272ac,MEDICAL CENTER ENTERPRISE,Medical Center Enterprise
cc:28046c91-53aa-46ae-b23c-612c8f489b61,THE UNIVERSITY OF KANSAS HEALTH SYSTEM ST. FRANCIS CAMPUS,The University of Kansas Health System St. Francis Campus
cc:280637f4-b75a-4759-a346-9cb6cb018b36,GUNDERSEN TRI COUNTY MEMORIAL HOSPITAL,Gundersen Tri County Memorial Hospital
cc:28132f00-a853-4f04-ac1a-ffaacc0c9e77,ANGLE HEALTH PLAN,Angle Health Plan
cc:283f8066-0286-44fd-88e4-c8bc0a3ebdac,SSM HEALTH ST. MARY'S HOSPITAL - MADISON,SSM Health St. Mary's Hospital - Madison
cc:28462a4b-f93d-462b-bf67-0b5d70b07f83,ASPIRUS DIVINE SAVIOR HOSPITAL,Aspirus Divine Savior Hospital
cc:284be511-8ce0-4893-b725-feba59456d38,UNION GENERAL HOSPITAL,Union General Hospital
cc:284e70b8-5282-45d8-9163-7a3cb821e34f,ADVOCATE GOOD SAMARITAN HOSPITAL,Advocate Good Samaritan Hospital
cc:285075f1-405b-4d9f-b1cb-282fc362f2e0,OLD BRIDGE MEDICAL CENTER,Old Bridge Medical Center
cc:28519645-a88a-4102-83d2-b53684b3bace,MEMORIAL HOSPITAL,Memorial Hospital
cc:285405ab-3b5d-442b-8f2c-b4291ca688d8,GUNNISON VALLEY HOSPITAL,Gunnison Valley Hospital
cc:2856dcfd-1c3d-4d33-86b0-ab8d7c3f0428,REHABILITATION INSTITUTE OF MICHIGAN,Rehabilitation Institute of Michigan
cc:285a2f68-12a3-470d-929b-d3cb35c3865b,YALE-NEW HAVEN HOSPITAL SAINT RAPHAEL CAMPUS,Yale-New Haven Hospital Saint Raphael Campus
cc:285ea14c-ddf6-416a-8c58-a0b92295ead8,UCSF MEDICAL CENTER AT MISSION BAY,UCSF Medical Center at Mission Bay
cc:2867e926-d482-4bd2-915f-708f3182c315,BAYLOR SCOTT & WHITE MEDICAL CENTER COLLEGE STATION,Baylor Scott & White Medical Center College Station
cc:2893612c-4006-4773-8bfc-88f1439b31e3,ARH ADVANCED CARE KENTUCKY RIVER,ARH Advanced Care Kentucky River
cc:28af00e1-8ec2-4661-98cf-8d4dac8314a1,TEXAS HEALTH AZLE,Texas Health Azle
cc:28b02a80-88b2-4444-8a23-76b9516c8082,MOREHOUSE GENERAL HOSPITAL,Morehouse General Hospital
cc:28bf1f11-4caf-4ff9-bc3a-2f91bf78db02,VALLEY VIEW MEDICAL CENTER,Valley View Medical Center
cc:28c408d3-0283-4902-a97e-72776dd3497a,UH PORTAGE MEDICAL CENTER,UH Portage Medical Center
cc:28cb62f9-2302-4bba-99a0-502fdbde135c,AUBURN COMMUNITY HOSPITAL,Auburn Community Hospital
cc:28cf0b62-651b-4355-ad6e-345fe3af07a2,SALEM REGIONAL MEDICAL CENTER,Salem Regional Medical Center
cc:28d5869e-a3a3-4112-80a0-5b13e59f5e82,SELECT SPECIALTY HOSPITAL - DAYTONA BEACH,Select Specialty Hospital - Daytona Beach
cc:28d91af8-0a33-45af-9bb5-dd00d1a9028e,HORIZON REHABILITATION HOSPITAL OF MCKINNEY,Horizon Rehabilitation Hospital of McKinney
cc:28dabadb-30e8-4743-8d3f-05148ea07e89,MESQUITE SPECIALTY HOSPITAL,Mesquite Specialty Hospital
cc:28f2d69b-24eb-47a0-b946-aca6903acf96,OCEANS BEHAVIORAL HOSPITAL OF ABILENE,Oceans Behavioral Hospital of Abilene
cc:28f54dbc-9b67-44e9-9eca-4eb0dd7905f6,ST FRANCIS EMORY HEALTHCARE,St. Francis Emory Healthcare
cc:28fd6801-947b-49e1-a6e6-f516e189bd53,RESTPADD RED BLUFF PSYCHIATRIC HEALTH FACILITY,Restpadd Red Bluff Psychiatric Health Facility
cc:28fdc59f-a19a-4e81-9af5-d4a2798c4b56,ROCKEFELLER OUTPATIENT PAVILION,Rockefeller Outpatient Pavilion
cc:28fefa97-8cec-4a11-90d4-fc6e5bf4c19d,NORTHERN LIGHT MAINE COAST HOSPITAL,Northern Light Maine Coast Hospital
cc:2902174d-44c2-472f-825f-bfd7c4efd8e4,SUNRISE HOSPITAL AND MEDICAL CENTER,Sunrise Hospital and Medical Center
cc:2906d13f-dee3-4f36-85ac-306b0e3284dc,BAYCARE HOSPITAL WESLEY CHAPEL,Baycare Hospital Wesley Chapel
cc:290b2e4f-018a-4a0f-ac07-326de78fe98a,LOS ANGELES COMMUNITY HOSPITAL,Los Angeles Community Hospital
cc:290b405c-1917-4489-b6a0-b82d99ef8891,COLEMAN COUNTY MEDICAL CENTER,Coleman County Medical Center
cc:290d39a9-b6aa-4d83-b649-8f44e4020a8c,DENVER REGIONAL REHABILITATION HOSPITAL,Denver Regional Rehabilitation Hospital
cc:291a5135-c515-4fce-b64e-8c9fe3618f1f,ROLLING HILLS HOSPITAL,Rolling Hills Hospital
cc:29225f9d-ef60-4b94-b3e8-f81019a81185,MONUMENT HEALTH ORTHOPEDIC & SPECIALTY HOSPITAL,Monument Health Orthopedic & Specialty Hospital
cc:29321c81-4a24-4aba-94d8-5ad9d6862d87,BALDPATE TREATMENT CENTER,Baldpate Treatment Center
cc:293256ba-edfc-44d7-a53e-3e30e00f946f,KINDRED HOSPITAL CLEAR LAKE,Kindred Hospital Clear Lake
cc:2939cdf3-ecc8-43b5-9bea-1af463c0bd4a,BEACON BEHAVIORAL OUTPATIENT BATON ROUGE,Beacon Behavioral Outpatient Baton Rouge
cc:293b05c0-1ea7-40cd-9dee-5019b3000bc3,HOSPITAL FOR BEHAVIORAL MEDICINE,Hospital for Behavioral Medicine
cc:294071cb-600e-442f-a7f2-536d8d92da07,MITCHELL COUNTY HOSPITAL HEALTH SYSTEMS,Mitchell County Hospital Health Systems
cc:29422271-be67-4420-b286-47cb3ed871de,BHC STREAMWOOD HOSPITAL BEHAVIORAL HEALTH CENTER,BHC Streamwood Hospital Behavioral Health Center
cc:2948c570-77a8-4010-9408-e9c30261912d,GREENBRIAR HEALTHCARE CENTER,Greenbriar Healthcare Center
cc:2949c601-d767-40a5-9379-991adb1c9f63,FRANCISCAN HEALTH OLYMPIA FIELDS,Franciscan Health Olympia Fields
cc:294c584a-a4e0-4f38-85e7-66b4518f619c,EVERGREEN HEALTH MONROE,Evergreen Health Monroe
cc:2952f5e1-286f-4879-885f-2d7868392e28,ST JOSEPHS HOSPITAL,St. Josephs Hospital
cc:29531a03-a769-4601-9e73-73fea82645ba,ACUTE REHABILITATION HOSPITAL OF PLANO,Acute Rehabilitation Hospital of Plano
cc:29657081-4feb-48f1-af59-ddfb51856b26,UNITY HEALTH WHITE COUNTY MEDICAL CENTER,Unity Health White County Medical Center
cc:2975e153-b87e-4058-8f4b-a239af192716,UNITY SPECIALTY HOSPITAL,Unity Specialty Hospital
cc:2979a2ee-d47c-4864-9d2b-543c5b50293c,JEFF DAVIS HOSPITAL,Jeff Davis Hospital
cc:299ac00f-1ded-4081-88f2-5bce2eb3a1ed,UNITY PSYCHIATRIC CARE COLUMBIA,Unity Psychiatric Care Columbia
cc:299c9511-51a7-4b13-b2ef-c53be036a46c,DAVIS COUNTY HOSPITAL,Davis County Hospital
cc:29a4a8a7-7490-40f9-8628-00b659fe5155,ANDERSON REGIONAL MEDICAL CENTER,Anderson Regional Medical Center
cc:29b721ff-8b81-4ebf-8284-a40003a34a85,EAST GEORGIA REGIONAL MEDICAL CENTER,East Georgia Regional Medical Center
cc:29b89c30-5b7d-4f42-915d-60bc9be0402b,HCA FL PLANTATION ER,HCA Fl Plantation ER
cc:29cdc40c-4346-42cd-b4ee-bd8741f99fc0,ENCOMPASS HEALTH REHABILITATION HOSPITAL OF YORK,Encompass Health Rehabilitation Hospital of York
cc:29e331a7-9026-4242-8ed3-5d00bd686ba9,SELECT SPECIALTY HOSPITAL - RICHMOND,Select Specialty Hospital - Richmond
cc:29e91f14-1070-4ed5-bcb2-50c795a8b0ed,MANATEE HEALTH,Manatee Health
cc:29ee0e83-25bc-4abc-bcd7-c4de4fc9cdc0,MULTICARE DEACONESS HOSPITAL,MultiCare Deaconess Hospital
cc:29f2f602-4c47-471a-a3c1-2a6775e3137f,HCA FLORIDA OCALA HOSPITAL,HCA Florida Ocala Hospital
cc:29f74cf0-6251-4fe6-90ae-ef9b04c7619a,ADVANCED DALLAS HOSPITAL & CLINICS,Advanced Dallas Hospital & Clinics
cc:2a0bd4de-5485-4d94-a60f-2faf940e10f0,WINONA HEALTH SERVICES,Winona Health Services
cc:2a1268a4-4c65-423c-84c1-28aed01e4ffe,TEXAS INSTITUTE FOR SURGERY AT TEXAS HEALTH PRESBYTERIAN DALLAS,Texas Institute for Surgery at Texas Health Presbyterian Dallas
cc:2a19f33d-d6d6-4e95-bfff-f13e6acdc652,TEXAS CHILDREN'S HOSPITAL WEST CAMPUS,Texas Children's Hospital West Campus
cc:2a1bdc6a-db0c-4d70-b006-2a7f6d3322ca,INTERMOUNTAIN HOSPITAL,Intermountain Hospital
cc:2a1dbefc-6c60-4157-ac16-289035e71ac2,UNITYPOINT HEALTH METHODIST WEST HOSPITAL,UnityPoint Health Methodist West Hospital
cc:2a2c4c98-8350-4cc5-a875-99f167292ab8,FRANCISCAN HEALTH CRAWFORDSVILLE,Franciscan Health Crawfordsville
cc:2a33188c-2448-448d-90bd-2d0f0bcc3c2f,SAMARITAN NORTH LINCOLN HOSPITAL,Samaritan North Lincoln Hospital
cc:2a3a97ec-6868-4ea6-b36e-7ee49a58eb1b,INTEGRIS HEALTH GROVE HOSPITAL,Integris Health Grove Hospital
cc:2a4d0bb8-5ef3-44a8-b38a-b382f547a223,MERCY HOSPITAL SOUTH,Mercy Hospital South
cc:2a4f4779-488f-49b6-a935-1c35e953ba77,EMANUEL MEDICAL CENTER,Emanuel Medical Center
cc:2a52380a-f5d2-4fe1-8d86-bc324b95160b,CARLE FOUNDATION HOSPITAL,Carle Foundation Hospital
cc:2a58a8de-6ef7-4ed1-849a-6c2b1b8de386,UAB ST. VINCENT'S ST. CLAIR,UAB St. Vincent's St. Clair
cc:2a5a830c-7d04-4160-95c5-02e0d551322b,METROPOLITAN BEHAVIORAL HEALTH,Metropolitan Behavioral Health
cc:2a6aa742-7f01-441e-a8a8-943a4f9cec3c,OCHSNER SCOTT REGIONAL,Ochsner Scott Regional
cc:2a71904e-3406-4e8f-bcfb-b49bfe6eaf8f,THE UNIVERSITY HOSPITAL,The University Hospital
cc:2a77f089-bc6d-4118-ad0d-08c0f89b68f7,PARKVIEW HOSPITAL RANDALLIA,Parkview Hospital Randallia
cc:2a7a2d3e-0acb-403f-833c-a30e8e5ddd8e,NEXUS CHILDREN'S HOSPITAL DALLAS,Nexus Children's Hospital Dallas
cc:2a85bd41-303c-491a-a97c-d3a1d11108ce,KANSAS SURGERY & RECOVERY CENTER,Kansas Surgery & Recovery Center
cc:2a8b2b64-28a1-4dae-b1ec-2d18558b7ed7,MERCY REHABILITATION HOSPITAL SOUTH,Mercy Rehabilitation Hospital South
cc:2a913be6-0e3a-4f7f-8368-08b6acd7f3de,CHICOT MEMORIAL MEDICAL CENTER,Chicot Memorial Medical Center
cc:2a924828-6ba7-4bb1-9b42-af1e99ab1a48,ST. ANTHONY HOSPITAL,St. Anthony Hospital
cc:2a93626c-c190-48fb-b922-b31c1b23861b,ANMED HEALTH REHABILITATION HOSPITAL,AnMed Health Rehabilitation Hospital
cc:2aab9808-e0f9-4614-8192-b629f8d09eab,NYU LANGONE HOSPITAL - SUFFOLK,NYU Langone Hospital - Suffolk
cc:2abcbfbc-8de2-4d83-bbd0-6fb4eaf544ad,ENCOMPASS HEALTH DEACONESS REHABILITATION HOSPITAL - DOWNTOWN,Encompass Health Deaconess Rehabilitation Hospital - Downtown
cc:2aceff83-ae75-443d-adde-8a36df351912,UNC REX HOSPITAL,UNC REX Hospital
cc:2acff80a-1b33-4c39-82cd-d486b4ea403a,VIRTUA OUR LADY OF LOURDES HOSPITAL,Virtua Our Lady of Lourdes Hospital
cc:2ad336a3-45db-48ec-a7f7-5fa4dac3c906,BRATTLEBORO RETREAT,Brattleboro Retreat
cc:2af15755-d480-4965-9b8e-1453c4d7347f,KAISER PERMANENTE FREMONT MEDICAL CENTER,Kaiser Permanente Fremont Medical Center
cc:2af15e2d-0715-4d47-a9f2-d2565ff73525,HCA HEALTHONE AURORA,HCA HealthONE Aurora
cc:2af191d5-1c52-4512-9d94-fdbf0c9b5024,COLLEGE HOSPITAL COSTA MESA,College Hospital Costa Mesa
cc:2af589ce-fbd3-44ce-af1e-25055ffdbdcf,ORLANDO HEALTH HORIZON WEST HOSPITAL,Orlando Health Horizon West Hospital
cc:2af5ff7a-5013-4a63-9bbe-5cb2cde80b76,HCA HOUSTON HEALTHCARE MAINLAND MEDICAL CENTER,HCA Houston Healthcare Mainland Medical Center
cc:2af6287d-188d-48ec-8084-9fe9347805f9,MOUNTAIN VIEW HOSPITAL,Mountain View Hospital
cc:2af86b7d-a14a-4d95-8ae9-43099838f6fd,LAS PALMAS DEL SOL EMERGENCY CENTER WEST,Las Palmas del Sol Emergency Center West
cc:2af9670f-886e-4207-b823-8fc7fca3a089,LOVELACE WOMENS HOSPITAL,Lovelace Womens Hospital
cc:2afecce0-a37f-4a78-998e-01f33347d39b,CONE HEALTH MOSES CONE HOSPITAL,Cone Health Moses Cone Hospital
cc:2b0dbd73-0fb3-4cf4-8a0f-e1425126340b,BANNER ESTRELLA MEDICAL CENTER,Banner Estrella Medical Center
cc:2b1c0528-44ce-4297-b269-e128945d64c7,SELECT SPECIALTY HOSPITAL - NASHVILLE,Select Specialty Hospital - Nashville
cc:2b23b8ce-aee8-4fb2-87d3-6d7fbf5b3500,WELLFOUND BEHAVIORAL HEALTH HOSPITAL,Wellfound Behavioral Health Hospital
cc:2b23f070-1eef-4c70-b93f-8b83fbc49016,JAMAICA HOSPITAL MEDICAL CENTER,Jamaica Hospital Medical Center
cc:2b2629d5-7e20-4f1f-b6f4-f3d79098f735,VCU MEDICAL CENTER WEST HOSPITAL,VCU Medical Center West Hospital
cc:2b33cc20-5da0-497b-b1d5-0e5a88eb7170,MOUNT CARMEL REHABILITATION HOSPITAL,Mount Carmel Rehabilitation Hospital
cc:2b384f0e-07f7-44a6-915e-c3fd932beaa8,SPAULDING HOSPITAL FOR CONTINUING MED CARE CAMBRIDGE,Spaulding Hospital for Continuing Medical Care Cambridge
cc:2b3a1cd5-a490-4e59-9806-bae4942e0f03,MCBRIDE ORTHOPEDIC HOSPITAL,McBride Orthopedic Hospital
cc:2b40aa3b-46c6-490e-8403-de8a87595e0f,WASHINGTON COUNTY MEMORIAL HOSPITAL,Washington County Memorial Hospital
cc:2b491c64-ad1f-48fd-af51-76da43982785,LENOX HILL HOSPITAL,Lenox Hill Hospital
cc:2b4f210c-daa4-46fa-9090-18b84454b007,UM HEALTH-SPARROW LANSING,UM Health-Sparrow Lansing
cc:2b54ddab-caef-418f-b321-eb0ec4e2c2f1,MONMOUTH MEDICAL CENTER SOUTHERN CAMPUS,Monmouth Medical Center Southern Campus
cc:2b5ae00b-2038-4e58-bb45-25be06a61711,MEMORIAL HOSPITAL MIRAMAR,Memorial Hospital Miramar
cc:2b5df563-49c6-40ba-aa8c-15ef291a3e63,LAWRENCE MEMORIAL HOSPITAL,Lawrence Memorial Hospital
cc:2b680665-b88c-40c7-b798-e7d8d212ecbc,MEMORIAL SLOAN KETTERING COUNSELING CENTER,Memorial Sloan Kettering Counseling Center
cc:2b6db605-9663-441c-a794-52770aebba5e,NEOSHO MEMORIAL REGIONAL MEDICAL CENTER,Neosho Memorial Regional Medical Center
cc:2b757a2a-7c10-4ea0-883f-617c743f2a27,MERCY HEALTH - ST. RITA'S MEDICAL CENTER,Mercy Health - St. Rita's Medical Center
cc:2b7c1df1-bd62-43e8-b945-fb6beb2ef515,OSS HEALTH ORTHOPAEDIC HOSPITAL,OSS Health Orthopaedic Hospital
cc:2b7eac51-0441-49a2-8db9-02ccf8a118a9,KERN VALLEY HEALTHCARE DISTRICT,Kern Valley Healthcare District
cc:2b8825e0-eb75-47e0-a249-93f03f52807c,POPLAR BLUFF REGIONAL MEDICAL CENTER - WESTWOOD,Poplar Bluff Regional Medical Center - Westwood
cc:2b8df042-f804-4f48-97de-383881f8d950,NOVANT HEALTH FORSYTH MEDICAL CENTER,Novant Health Forsyth Medical Center
cc:2b90b185-0819-4078-a606-8fc721519dc6,WINTER HAVEN WOMEN'S HOSPITAL,Winter Haven Women's Hospital
cc:2b9b7324-55d9-40f3-a377-94dd9dd307fb,CHI HEALTH ST. FRANCIS,CHI Health St. Francis
cc:2b9dc030-f389-41a6-b708-ec09b17b67cc,LOYOLA UNIVERSITY MEDICAL CENTER,Loyola University Medical Center
cc:2b9f035d-7c6c-491e-b8ff-dcfc2424a343,ELLIS HOSPITAL - BELLEVUE WOMAN'S CARE CENTER,Ellis Hospital - Bellevue Woman's Care Center
cc:2ba1ef2f-1a67-445e-9606-7b12364c16f4,MISSOURI ORTHOPAEDIC INSTITUTE,Missouri Orthopaedic Institute
cc:2ba31afc-3ae5-454c-9127-c997b2e22a0e,ST. ELIZABETH COVINGTON,St. Elizabeth Covington
cc:2ba6e7ea-7fda-4072-81d4-27b24d58fc7e,KITTSON HEALTHCARE,Kittson Healthcare
cc:2baa5ac3-cf54-4272-836b-989c49ed3f7e,HEBREW REHABILITATION CENTER AT NEWBRIDGE,Hebrew Rehabilitation Center at Newbridge
cc:2baeb035-76d8-4ab2-8dcc-9ff06ad97093,ADVENTHEALTH POLK,AdventHealth Polk
cc:2bba0989-fa89-4ec9-9c88-9bc506c2af47,KNOXVILLE HOSPITAL,Knoxville Hospital
cc:2bbe5f7e-57a7-4066-aeb0-617166c1221a,EARLY MEDICAL CENTER,Early Medical Center
cc:2bbf5d60-2be2-489f-86e3-5c822c3cb8ed,WARREN MEMORIAL HOSPITAL,Warren Memorial Hospital
cc:2bc14874-0629-4af3-81f9-61f8de105d3c,OSF ST MARY MEDICAL CENTER,OSF St. Mary Medical Center
cc:2bd9ab09-2fbd-45ea-89ab-60af284b7780,MOUNT WASHINGTON PEDIATRIC HOSPITAL,Mount Washington Pediatric Hospital
cc:2bf6c937-2e24-4c4d-984f-eb22e94772ba,GOODALL-WITCHER HEALTHCARE,Goodall-Witcher Healthcare
cc:2c05b25d-b82f-4709-be58-daa42697eb67,SAINT CLARE'S BEHAVIORAL HEALTH BOONTON,Saint Clare's Behavioral Health Boonton
cc:2c0902f8-fac7-4938-bbd0-4737359427fa,MUNSON HEALTHCARE CHARLEVOIX HOSPITAL,Munson Healthcare Charlevoix Hospital
cc:2c0bda3b-0996-4d74-ab59-f0d996c5cd44,SENTARA LEIGH HOSPITAL,Sentara Leigh Hospital
cc:2c0c02b4-a5d8-401d-a206-6f08b5adc118,COMMUNITY HOSPITAL,Community Hospital
cc:2c1bb58c-5c43-49f3-a431-10497abd957a,YOAKUM COUNTY HOSPITAL,Yoakum County Hospital
cc:2c27fb3e-58e3-4e2e-9fe4-7085cd09926c,LUMINIS HEALTH DOCTORS COMMUNITY MEDICAL CENTER,Luminis Health Doctors Community Medical Center
cc:2c2e0f41-dd18-41de-b7c8-1a7bcab151a6,ATLANTICARE REGIONAL MEDICAL CENTER - MAINLAND DIVISION,Atlanticare Regional Medical Center - Mainland Division
cc:2c3b4fc5-9624-47ed-b8bf-b667e77e94ca,CLEARSKY REHABILITATION HOSPITAL OF ROCKWALL COUNTY,Clearsky Rehabilitation Hospital of Rockwall County
cc:2c405c28-0b97-4576-a0fc-4fa61de9d57e,CORE INSTITUTE SPECIALTY HOSPITAL,Core Institute Specialty Hospital
cc:2c479bcb-c65d-4c1b-8fe9-c9a201f529b9,CHRISTUS SANTA ROSA HOSPITAL - WESTOVER HILLS,CHRISTUS Santa Rosa Hospital - Westover Hills
cc:2c479f99-224b-4975-aee9-9edd9756b3df,"ENCOMPASS HEALTH REHABILITATION HOSPITAL, A PARTNER OF WASHINGTON REGIONAL","Encompass Health Rehabilitation Hospital, A Partner of Washington Regional"
cc:2c47e544-e9ac-4111-ac29-ce7bbf502a9b,CHRISTUS MOTHER FRANCES HOSPITAL - SOUTH TYLER,CHRISTUS Mother Frances Hospital - South Tyler
cc:2c50d8a6-e79f-4210-b737-d9af60ebed0e,FROEDTERT MENOMONEE FALLS HOSPITAL,Froedtert Menomonee Falls Hospital
cc:2c57a7e8-1326-4e18-82fa-81d6a1d1c3cd,CARLE BROMENN MEDICAL CENTER,Carle Bromenn Medical Center
cc:2c65de34-328f-47b2-bd5f-798d9897a2d6,ST JOSEPH'S HOSPITAL BEHAVIORAL HEALTH CENTER,St. Joseph's Hospital Behavioral Health Center
cc:2c6a55a2-2daf-4cdf-876c-fc950b291015,TRIHEALTH CLINTON REGIONAL HOSPITAL,Trihealth Clinton Regional Hospital
cc:2c6bb3da-d6d5-410c-b973-58a4391a75c0,QUEEN'S NORTH HAWAII COMMUNITY HOSPITAL,Queen's North Hawaii Community Hospital
cc:2c6c3978-9821-419e-bbe5-c21c4c2243be,MERCY PRIMARY CARE - BERNIE,Mercy Primary Care - Bernie
cc:2c8877cb-bdf7-406e-9b9f-d79ceacb90cc,ENCOMPASS HEALTH REHABILITATION HOSPITAL OF LAS VEGAS,Encompass Health Rehabilitation Hospital of Las Vegas
cc:2c8b75a4-0f02-41f1-8fce-c6d746c919f5,GUTHRIE COUNTY HOSPITAL,Guthrie County Hospital
cc:2c8f0224-4177-40aa-9fa9-37575508cb94,BEHAVIORAL HOSPITAL OF BELLAIRE,Behavioral Hospital of Bellaire
cc:2c9b824d-d2a1-4334-9b02-878adcf51192,BEAUMONT BONE & JOINT INSTITUTE,Beaumont Bone & Joint Institute
cc:2ca3ac30-8c66-4652-9760-1a7b2d6bfe41,REGENCY MINNEAPOLIS,Regency Minneapolis
cc:2ca90277-57b4-4dd4-bd44-a6e45713e84a,CORPUS CHRISTI MEDICAL CENTER ER 24/7 ROCKPORT,Corpus Christi Medical Center ER 24/7 Rockport
cc:2cb185fb-ed87-4eae-9530-636e3781f113,MEMORIALCARE SADDLEBACK MEDICAL CENTER,MemorialCare Saddleback Medical Center
cc:2cc61e17-1247-4618-9d80-9f1c047cbdd1,MOUNT CARMEL NEW ALBANY HOSPITAL,Mount Carmel New Albany Hospital
cc:2ccce395-7d36-42b9-a1e2-5736d7207499,SPRING MOUNTAIN SAHARA,Spring Mountain Sahara
cc:2cd29ce8-6904-4e8c-a056-0d9f8905ef40,ST. MARY MEDICAL CENTER,St. Mary Medical Center
cc:2cd3bcbf-f969-430b-9be6-7316a7a188eb,ASCENSION SETON SMITHVILLE REGIONAL HOSPITAL,Ascension Seton Smithville Regional Hospital
cc:2cd4cf73-1fd4-4c2b-9c10-7c9cb2919847,SHARP CHULA VISTA MEDICAL CENTER,Sharp Chula Vista Medical Center
cc:2cdf1429-2d3e-4adb-8434-6ac600d7e80f,SOUTH FLORIDA STATE HOSPITAL,South Florida State Hospital
cc:2cf08256-ea8c-4137-8424-7354d4be962c,ARBOR HEALTH MORTON HOSPITAL,Arbor Health Morton Hospital
cc:2cf1b65a-037b-4bcd-a705-ddb6b46f2314,NORTON HOSPITAL,Norton Hospital
cc:2cf39ce2-d0f8-4d81-ba63-9d50772e780d,LAS PALMAS DEL SOL EMERGENCY CENTER EAST,Las Palmas del Sol Emergency Center East
cc:2cf56c42-071b-4289-9800-8a822a49c225,SCRIPPS MEMORIAL HOSPITAL LA JOLLA,Scripps Memorial Hospital la Jolla
cc:2cfa05a4-971a-4ced-96c3-c33707a97789,CHRISTUS MOTHER FRANCES HOSPITAL - SULPHUR SPRINGS,CHRISTUS Mother Frances Hospital - Sulphur Springs
cc:2cff9f62-e519-44b4-8822-b3e8be4de916,PIEDMONT MOUNTAINSIDE HOSPITAL,Piedmont Mountainside Hospital
cc:2d197bfd-9ed5-4828-be08-0af524e020af,CCOC HOSPITAL,Ccoc Hospital
cc:2d23a8d8-73f0-48ab-bba5-5dd11a0b7865,PAM HEALTH SPECIALTY HOSPITAL OF SAN ANTONIO,PAM Health Specialty Hospital of San Antonio
cc:2d296de7-166d-455a-9303-c3dbece589ae,CAMPBELL COUNTY MEMORIAL HOSPITAL,Campbell County Memorial Hospital
cc:2d32a6ce-2930-408e-9d6f-ce9f81570434,CONNALLY MEMORIAL HEALTH CENTERS - MAIN CAMPUS,Connally Memorial Health Centers - Main Campus
cc:2d399048-13a8-4a91-b471-81c29d945bb5,UP HEALTH SYSTEM - MARQUETTE,UP Health System - Marquette
cc:2d41376d-3a1f-4af5-874d-4a12f89f75d2,WILLINGWAY HOSPITAL,Willingway Hospital
cc:2d53c93e-d432-4662-a400-ce22564d3bdb,HEALTHBRIDGE CHILDREN'S HOSPITAL - ORANGE,HealthBridge Children's Hospital - Orange
cc:2d54b4aa-b158-4178-9b30-64d055cace7a,MERCYONE WEST DES MOINES MEDICAL CENTER,Mercyone West Des Moines Medical Center
cc:2d551e13-876a-4f27-a3a3-79b747dfec35,BAYLOR SCOTT & WHITE MEDICAL CENTER - SUNNYVALE,Baylor Scott & White Medical Center - Sunnyvale
cc:2d5552e3-7748-4f44-ae34-4f0910c9d37c,SYRINGA HOSPITAL & CLINICS,Syringa Hospital & Clinics
cc:2d5b9445-4d44-46cf-96b4-0457345ebd52,TRISTAR ASHLAND CITY MEDICAL CENTER,TriStar Ashland City Medical Center
cc:2d6aafdf-b09f-4c25-8b39-76284bb45485,PROVIDENT HOSPITAL OF COOK COUNTY,Provident Hospital of Cook County
cc:2d6d6e0a-75df-4a78-ac98-f9880b154811,GREENWOOD COUNTY HOSPITAL,Greenwood County Hospital
cc:2d70f605-940e-4832-ad8b-3d38a64c240b,STORMONT VAIL HEALTH FLINT HILLS CAMPUS,Stormont Vail Health Flint Hills Campus
cc:2d757d81-59be-41df-bcbf-4d02506d98f7,MERCYHEALTH HOSPITAL - FREEPORT,Mercyhealth Hospital - Freeport
cc:2d778560-7c13-40d5-85d2-11fd68be0909,COVENANT CHILDREN'S HOSPITAL,Covenant Children's Hospital
cc:2d7a9bb1-a8a3-46c7-a837-ad98a4c4c1bc,BAYCARE ALLIANT HOSPITAL,Baycare Alliant Hospital
cc:2d8b7dee-66d0-4d35-acfa-4012d90417b1,NOCONA GENERAL HOSPITAL,Nocona General Hospital
cc:2d8c551d-7532-45d1-9d24-bf87f3b02d39,SELECT SPECIALTY HOSPITAL - TUCSON EAST,Select Specialty Hospital - Tucson East
cc:2d8d0fca-369c-4af5-ac05-ec45e837f97b,MEMORIAL HERMANN IMAGING CENTER - BELLAIRE,Memorial Hermann Imaging Center - Bellaire
cc:2da1cc56-cd83-4bf7-a868-7e0a7ce6d973,PRAIRIE RIDGE HEALTH HOSPITAL,Prairie Ridge Health Hospital
cc:2db96439-d883-4d0f-b85f-cb8ea86e4b58,ST. LUKE'S MINERS CAMPUS,St. Luke's Miners Campus
cc:2dbd6291-479a-40a8-8a58-87b908815b38,SAINT FRANCIS HOSPITAL BARTLETT,Saint Francis Hospital Bartlett
cc:2dbff95b-8686-45f5-8962-22ffe09fa902,METHODIST HOSPITAL HILL COUNTRY,Methodist Hospital Hill Country
cc:2dc0813d-dd9b-4d87-ac88-cc6739b6cf6f,UCSF MEDICAL CENTER,UCSF Medical Center
cc:2dc0a115-9029-4872-8c26-940f5825d06c,TEXAS HEALTH HOSPITAL MANSFIELD,Texas Health Hospital Mansfield
cc:2dc0e4c0-384c-470e-91af-cbfc7d18f28d,MORTON HOSPITAL,Morton Hospital
cc:2dc5e635-5297-4b00-8d89-08ea6f98cf7d,TRISTAR CENTENNIAL WOMEN'S HOSPITAL,TriStar Centennial Women's Hospital
cc:2dcf91c0-d49a-4dee-8636-acbb35680d10,MAYO CLINIC HEALTH SYSTEM WASECA,Mayo Clinic Health System Waseca
cc:2dd335db-88f7-4b04-8ce4-2fb0c69e648a,MCKENZIE MEMORIAL HOSPITAL,McKenzie Memorial Hospital
cc:2dec2e12-4965-4102-85db-99396103c9cd,SOUTHERN OHIO MEDICAL CENTER,Southern Ohio Medical Center
cc:2e081b3f-4faf-4c75-9135-02fc8198df1c,OCEANS BEHAVIORAL HOSPITAL OF THE PERMIAN BASIN,Oceans Behavioral Hospital of the Permian Basin
cc:2e0838a9-9e07-4c13-b31b-fedd567c496c,HOSPITAL PEDIATRICO UNIVERSITARIO,Hospital Pediatrico Universitario
cc:2e0eb8fd-591f-4e22-beee-cdabc675c938,BANNER REHABILITATION HOSPITAL WEST,Banner Rehabilitation Hospital West
cc:2e134b87-b2df-4a33-b2b7-83dc564c4c93,UAMS MEDICAL CENTER,UAMS Medical Center
cc:2e22e09d-5974-4be4-9d28-04e83d36baa9,PLATTE VALLEY MEDICAL CENTER,Platte Valley Medical Center
cc:2e248d15-e70b-4f57-8c4d-7df6e0bf55c7,HAMILTON MEMORIAL HOSPITAL DISTRICT,Hamilton Memorial Hospital District
cc:2e272c34-ce8e-4118-8c8b-3f58410adb93,HENRY COUNTY MEMORIAL HOSPITAL,Henry County Memorial Hospital
cc:2e2a70d3-f0a3-4a38-baf2-c541ecd71d63,ADVENTIST HEALTH VALLEJO,Adventist Health Vallejo
cc:2e334bd4-e589-4e9f-a38a-2c50cd1260f1,SSM HEALTH BONE AND JOINT HOSPITAL AT ST. ANTHONY,SSM Health Bone and Joint Hospital at St. Anthony
cc:2e34d76d-103b-4728-984b-ac81f5564b00,ASCENSION ST. VINCENT'S RIVERSIDE HOSPITAL,Ascension St. Vincent's Riverside Hospital
cc:2e350ccd-4c29-4e85-913f-7bb6e20de836,CATHOLIC HEALTH ST. JOSEPH HOSPITAL,Catholic Health St. Joseph Hospital
cc:2e401971-9852-4067-b69d-37c99462560e,ADENA REGIONAL MEDICAL CENTER,Adena Regional Medical Center
cc:2e49a67f-8068-4417-a2a7-29e8fae2adeb,MISSION REGIONAL MEDICAL CENTER,Mission Regional Medical Center
cc:2e53ecf6-0251-41ac-9689-6b01b1147592,KAISER PERMANENTE WALNUT CREEK MEDICAL CENTER,Kaiser Permanente Walnut Creek Medical Center
cc:2e555573-00d7-42f0-b724-c7380237a1bd,COMMONWEALTH HEALTH CENTER,Commonwealth Health Center
cc:2e599fea-5424-4ca9-af24-bbab075c1763,SARATOGA HOSPITAL,Saratoga Hospital
cc:2e5fdba2-d801-4463-9794-b2f47c22024f,EVANSTON HOSPITAL,Evanston Hospital
cc:2e62335c-1821-4204-8907-04d359e33b12,ENCOMPASS HEALTH DEACONESS REHABILITATION HOSPITAL,Encompass Health Deaconess Rehabilitation Hospital
cc:2e624ff5-06fc-4667-be4d-5ba0753e9a70,ASCENSION SACRED HEART BAY,Ascension Sacred Heart Bay
cc:2e80d9e9-5cb3-4426-873a-35541791cf9a,DEACONESS MIDTOWN HOSPITAL,Deaconess Midtown Hospital
cc:2e8dae14-7021-47fd-b092-13cc96609236,CONE HEALTH WESLEY LONG HOSPITAL,Cone Health Wesley Long Hospital
cc:2e934443-8f32-4a32-b793-13b7772176a5,CHI ST. VINCENT INFIRMARY HEALTH SYSTEM,CHI St. Vincent Infirmary Health System
cc:2e9592f0-a695-4d14-91c1-326ceebabd53,ENCOMPASS HEALTH REHABILITATION HOSPITAL OF LARGO,Encompass Health Rehabilitation Hospital of Largo
cc:2e97bb88-92b2-4b51-a416-2040fe5ff14a,CENTERSTONE BRADENTON - HOSPITAL AND ADDICTION CENTER,Centerstone Bradenton - Hospital and Addiction Center
cc:2eb38f9f-fbe3-4234-90e3-0a35a4878074,LA CASA PSYCHIATRIC HEALTH FACILITY,La Casa Psychiatric Health Facility
cc:2eb867a9-19ab-4c14-a75a-098d715c657c,AVERA ST. MARY'S HOSPITAL,Avera St. Mary's Hospital
cc:2ec03cf5-c0d3-4f7d-b4c1-ddad27ed960d,ADVOCATE SHERMAN HOSPITAL,Advocate Sherman Hospital
cc:2ec54079-2625-48af-b2dc-fa4f090dfaa3,NYU LANGONE HOSPITAL BROOKLYN,NYU Langone Hospital Brooklyn
cc:2ec8e7fc-bd15-45ac-8518-ec2e2050cb17,MCPHERSON HOSPITAL,McPherson Hospital
cc:2ecb1209-3a91-49af-ba7d-c11e768af1bd,ENCOMPASS HEALTH REHABILITATION HOSPITAL OF DANBURY,Encompass Health Rehabilitation Hospital of Danbury
cc:2ecd87fe-607c-4546-9b4e-4f97886cb7bf,HACKETTSTOWN MEDICAL CENTER,Hackettstown Medical Center
cc:2ed06c1a-c47d-4a78-840d-abcf70a5df89,REUNION REHABILITATION HOSPITAL PHOENIX,Reunion Rehabilitation Hospital Phoenix
cc:2ed0e835-4e70-4434-bc1a-1943dde8db8d,SAMARITAN HOSPITAL,Samaritan Hospital
cc:2ed13368-f68a-4a4d-b83b-4bb7e87d1b93,"TIDELANDS HEALTH REHABILITATION HOSPITAL, AN AFFILIATE OF ENCOMPASS HEALTH","Tidelands Health Rehabilitation Hospital, An Affiliate of Encompass Health"
cc:2ed4ea97-c8b6-45ec-8d43-ed8a2be8e79f,OHIOHEALTH REHABILITATION HOSPITAL,Ohiohealth Rehabilitation Hospital
cc:2eda964b-7eb8-41b6-aa93-2c86c3b0e3f3,ENCOMPASS HEALTH REHABILITATION HOSPITAL OF NEWNAN,Encompass Health Rehabilitation Hospital of Newnan
cc:2edb071c-ed93-4d30-9fec-b8bc4c4c576f,DRISCOLL CHILDREN'S HOSPITAL RIO GRANDE VALLEY,Driscoll Children's Hospital Rio Grande Valley
cc:2ee6a9bb-0e4b-4f0b-b702-41533a7f2314,BROOKINGS HEALTH SYSTEM,Brookings Health System
cc:2ee89743-c0af-4284-934c-aead13e63939,SILVER HILL HOSPITAL,Silver Hill Hospital
cc:2eec15be-7196-4079-9a87-9b758af452c3,HPI COMMUNITY HOSPITAL SOUTH,HPI Community Hospital South
cc:2eedf5b5-2f6b-45a0-92d8-acee74512842,CHRISTUS LOUIS AND PEACHES OWEN HEART HOSPITAL,CHRISTUS Louis and Peaches Owen Heart Hospital
cc:2eff530b-6bf1-450e-84af-07825f33d80b,WINTER HAVEN HOSPITAL,Winter Haven Hospital
cc:2f049abc-be9c-4b70-8e4c-387fb1acd2c2,PARKSIDE PSYCHIATRIC HOSPITAL & CLINIC,Parkside Psychiatric Hospital & Clinic
cc:2f10ed1b-39dd-4691-b863-d7aa5875b6da,CHILDREN'S MINNESOTA - ST. PAUL HOSPITAL,Children's Minnesota - St. Paul Hospital
cc:2f248e43-c6c6-4d39-acfa-fd6ffdca378b,HASBRO CHILDRENS HOSPITAL,Hasbro Childrens Hospital
cc:2f30e539-53e1-4446-af8b-0c73932e8ffe,STRAITH HOSPITAL,Straith Hospital
cc:2f3181ab-0ad3-4b51-aeb4-0d112831079e,FRIENDS HOSPITAL,Friends Hospital
cc:2f3cfb88-6303-477b-8a29-ba6c029632c4,ENCOMPASS HEALTH REHABILITATION HOSPITAL OF ROCK HILL,Encompass Health Rehabilitation Hospital of Rock Hill
cc:2f3e0395-4c66-4997-b209-ed7aa5788d3e,SAINT FRANCIS BRISTOW,Saint Francis Bristow
cc:2f4668e1-6eaf-4e8a-b836-a44cfcf4209b,AHMC GREATER EL MONTE COMMUNITY HOSPITAL,AHMC Greater El Monte Community Hospital
cc:2f4a63ee-6260-4166-8529-e25992451251,AVERA SACRED HEART HOSPITAL,Avera Sacred Heart Hospital
cc:2f515855-9453-4b46-8870-13410b475ba6,THOMAS HOSPITAL,Thomas Hospital
cc:2f5f3421-e83f-4e82-945c-4b00df79db6f,BENCHMARK REGIONAL HOSPITAL,Benchmark Regional Hospital
cc:2f62e130-0b00-4cde-9a1c-e0f8f8fc54ff,PARKVIEW LAGRANGE HOSPITAL,Parkview Lagrange Hospital
cc:2f6ab566-4183-4625-9ca9-e4f4be234d4b,ASCENSION ALL SAINTS HOSPITAL WISCONSIN AVENUE CAMPUS,Ascension All Saints Hospital Wisconsin Avenue Campus
cc:2f762d74-e325-4eab-b3fe-49ea95698c77,OSF HEALTHCARE DIVINE MERCY CONTINUING CARE HOSPITAL,OSF Healthcare Divine Mercy Continuing Care Hospital
cc:2f78d703-1f89-493e-88ec-8cb65cfe7fc0,HEGG HEALTH CENTER,Hegg Health Center
cc:2f9cc3ab-139d-4e5a-8e24-8447741674a5,GOLDEN PLAINS COMMUNITY HOSPITAL,Golden Plains Community Hospital
cc:2f9f4dd6-34d2-4a28-9838-a4989f31ddc6,TEXAS HEALTH SPRINGWOOD BEHAVIORAL HEALTH HEB,Texas Health Springwood Behavioral Health HEB
cc:2fafc56b-baea-42cf-8663-dae26404cd05,CARILION NEW RIVER VALLEY MEDICAL CENTER,Carilion New River Valley Medical Center
cc:2fc3621c-afce-4124-aeb7-721286fdc0e2,JASPER MEMORIAL HOSPITAL,Jasper Memorial Hospital
cc:2fcc9dbf-72ac-4087-9c64-d4abad9294ea,BALDWIN HEALTH,Baldwin Health
cc:2fd5121c-93a2-4591-b09b-6dc19874a969,PARKLAND MEDICAL CENTER,Parkland Medical Center
cc:2fde5761-da74-44d2-96fc-159b28d5c8dc,J. D. MCCARTY CENTER FOR CHILDREN WITH DEVELOPMENTAL DISABILITIES,J. D. McCarty Center for Children with Developmental Disabilities
cc:2fe54086-b6fc-4155-b961-6c78061d7da8,KINGSBROOK JEWISH MEDICAL CENTER,Kingsbrook Jewish Medical Center
cc:2fef75b4-8f98-4d09-a613-512566baeabd,ASCENSION ST. JOHN SAPULPA,Ascension St. John Sapulpa
cc:2fff8b36-eda9-4c1b-8269-793c7c467889,DENVER SPRINGS,Denver Springs
cc:3007db79-3347-4f9e-92ba-e990ff03a882,MERCY MEDICAL CENTER MERCED,Mercy Medical Center Merced
cc:300a0d35-0669-4f4e-bdc2-eef8fcd08d23,SOUTHWEST GENERAL HEALTH CENTER,Southwest General Health Center
cc:3010dd5e-b051-4afc-affc-686194cac031,MEDSTAR HEALTH PHYSICAL THERAPY AT GEORGETOWN UNIVERSITY,MedStar Health Physical Therapy at Georgetown University
cc:301208e5-4d49-4f95-855a-c8199548a337,ENCOMPASS HEALTH REHABILITATION HOSPITAL OF HOUSTON AT THE MEDICAL CENTER,Encompass Health Rehabilitation Hospital of Houston at the Medical Center
cc:302cb0fb-47e1-4c37-bfe1-ca526e66a86a,MUENSTER MEMORIAL HOSPITAL,Muenster Memorial Hospital
cc:30337152-a379-4d1e-aa20-0821c02e94a7,OSF SAINT ELIZABETH MEDICAL CENTER,OSF Saint Elizabeth Medical Center
cc:303a3e54-a986-4154-adf8-80d7a487dd17,SHERIDAN MEMORIAL HOSPITAL,Sheridan Memorial Hospital
cc:303f17ac-6b6a-487d-bf10-3ba24c957a9c,COMPASS SENIOR CARE HOSPITAL,Compass Senior Care Hospital
cc:3043be5f-4282-411e-80a0-1c8704023a03,GLEN OAKS HOSPITAL,Glen Oaks Hospital
cc:304588b9-3c9e-4800-ab2f-ba19257b930b,EMORY HILLANDALE HOSPITAL,Emory Hillandale Hospital
cc:30498e19-668f-4833-a0fc-102488d1202c,HAXTUN HOSPITAL DISTRICT,Haxtun Hospital District
cc:304a98d8-d1ad-4ac3-9a23-455c8934a71c,BRADLEY COUNTY MEDICAL CENTER,Bradley County Medical Center
cc:3058c26b-d867-4448-88f6-dedfb8aa39d0,ELIZABETHTOWN COMMUNITY HOSPITAL - SWING BED UNIT,Elizabethtown Community Hospital - Swing Bed Unit
cc:30601303-ed57-4d86-b1b4-d80c110d9168,ASCENSION ST. VINCENT MERCY,Ascension St. Vincent Mercy
cc:306cdfa1-a00f-4a91-a344-85c1cc8687e1,MAINE MEDICAL CENTER,Maine Medical Center
cc:306dab34-682c-4a25-b24a-d9e07054da72,RISE COMMUNITY HOSPITAL,Rise Community Hospital
cc:306f3b39-1a20-45a7-b462-65e297add7e7,GREELEY COUNTY HOSPITAL,Greeley County Hospital
cc:3076ca1c-619d-4bc0-a090-f684e294a507,CULLMAN REGIONAL MEDICAL CENTER,Cullman Regional Medical Center
cc:307a7bd0-3c8d-4151-b68d-cd16f7c5617f,NORTHWEST HEALTH STARKE,Northwest Health Starke
cc:307c79fc-2891-4378-a3bc-a04596069574,ELLIOT HOSPITAL,Elliot Hospital
cc:3089bf12-2026-44e8-afc0-62d8489a41f7,SNOQUALMIE VALLEY HOSPITAL,Snoqualmie Valley Hospital
cc:30a0b1da-0760-404b-872f-698f3c33fd8e,VALLEY BAPTIST MEDICAL CENTER - HARLINGEN,Valley Baptist Medical Center - Harlingen
cc:30b11472-ce6a-42ca-a5e6-fdedc006a0c2,MYMICHIGAN MEDICAL CENTER MIDLAND,Mymichigan Medical Center Midland
cc:30bb4149-1d86-4161-b00a-1a2bad58738d,UNITY PSYCHIATRIC CARE MARTIN,Unity Psychiatric Care Martin
cc:30cae623-2ae2-42e4-b913-6c0fee2ce1d2,PAM HEALTH REHABILITATION HOSPITAL OF HAMPDEN,PAM Health Rehabilitation Hospital of Hampden
cc:30cb9d2e-132a-4924-a182-ce5c9b228d82,GOOD SAMARITAN HOSPITAL,Good Samaritan Hospital
cc:30ce53b4-9151-4526-9c8b-94a1754c5833,SALINA REGIONAL HEALTH CENTER,Salina Regional Health Center
cc:30d27a1d-a8cd-4a34-8652-66f2ae8711d4,INTERMOUNTAIN HEALTH PRIMARY CHILDREN'S HOSPITAL,Intermountain Health Primary Children's Hospital
cc:30d36502-b98b-4326-a358-aa68abde5e85,NEUROBEHAVIORAL HOSPITAL OF THE PALM BEACHES-SOUTH,Neurobehavioral Hospital of the Palm Beaches-South
cc:30d3cc13-be2f-45b1-9d88-f873df4de126,BANNER IRONWOOD MEDICAL CENTER,Banner Ironwood Medical Center
cc:30d8c755-6c89-4230-9bed-0cd08f12fd3b,MAD RIVER COMMUNITY HOSPITAL,Mad River Community Hospital
cc:30f51665-7a2e-409e-b1cd-09ee51379578,SOUTH MISSISSIPPI COUNTY REGIONAL MEDICAL CENTER,South Mississippi County Regional Medical Center
cc:3100720d-444d-4178-8a15-cd34117e4e52,HOSPITAL MENONITA COMERIO,Hospital Menonita Comerio
cc:31010ee5-229e-46f7-ab3d-3cf005ca79f2,HUNTSVILLE MEMORIAL HOSPITAL,Huntsville Memorial Hospital
cc:31030201-e923-467c-bfbd-f2b49fb5059f,MEDSTAR HEALTH PHYSICAL THERAPY AT MITCHELLVILLE,MedStar Health Physical Therapy at Mitchellville
cc:31055cf7-9e8a-4fc4-8053-dfac8bf99f5a,METHODIST NORTH HOSPITAL,Methodist North Hospital
cc:310ddafe-bed3-422a-ad83-81dd3096d1ad,DIGNITY HEALTH GLENDALE MEMORIAL HOSPITAL AND HEALTH CENTER,Dignity Health Glendale Memorial Hospital and Health Center
cc:31102381-b0cd-4e5d-80cd-cb5c45f014ad,FROEDTERT WEST BEND HOSPITAL,Froedtert West Bend Hospital
cc:31195e2b-4363-4ff2-8b0c-64f0e5576c40,WEST TENNESSEE HEALTHCARE VOLUNTEER HOSPITAL,West Tennessee Healthcare Volunteer Hospital
cc:31346ae8-6698-4638-8ba0-1cac78e059bf,ASCENSION SAINT THOMAS BEHAVIORAL HEALTH HOSPITAL,Ascension Saint Thomas Behavioral Health Hospital
cc:3147d35b-5e7d-4dff-bdbd-3572f3ea62ad,EASTPOINTE HOSPITAL,Eastpointe Hospital
cc:31486674-86d9-4ae3-af23-2b652ef5f1d3,BELTON REGIONAL MEDICAL CENTER,Belton Regional Medical Center
cc:315cb417-4964-4257-a9f3-7394e6772251,GLENBEIGH HOSPITAL OF ROCK CREEK,Glenbeigh Hospital of Rock Creek
cc:3161436b-4996-4b89-858d-e68b42aa4463,THE KANSAS REHABILITATION HOSPITAL,The Kansas Rehabilitation Hospital
cc:316fc925-b0a7-46b9-b552-1741090a9728,HCA FLORIDA FAWCETT HOSPITAL,HCA Florida Fawcett Hospital
cc:317b9a07-030b-4157-9041-61d93b94f710,STRINGFELLOW MEMORIAL HOSPITAL,Stringfellow Memorial Hospital
cc:318d4088-3b18-49ac-9259-baf71b3f206c,NEW YORK PRESBYTERIAN MORGAN STANLEY CHILDREN'S HOSPITAL,New York Presbyterian Morgan Stanley Children's Hospital
cc:319539de-b782-4bf2-9a62-07b8e11684a8,REHABILITATION HOSPITAL OF HENRY,Rehabilitation Hospital of Henry
cc:319d8b7e-8ab3-43d0-b33c-96f7aa8e2b12,LINCOLN HOSPITAL,Lincoln Hospital
cc:31ac6fd6-25fa-4dc6-9fa2-6ef04a69c566,"SHANNON REHABILITATION HOSPITAL, AFFILIATE OF ENCOMPASS HEALTH","Shannon Rehabilitation Hospital, Affiliate of Encompass Health"
cc:31ada2f3-3de8-47b0-81dd-904cbaace31d,SHEPPARD PRATT BALTIMORE/WASHINGTON CAMPUS,Sheppard Pratt Baltimore/washington Campus
cc:31aee7a9-64ca-4c1b-b166-0dc2a77315a3,ERLANGER BLEDSOE,Erlanger Bledsoe
cc:31b41b1c-bfd0-4b35-8188-e97c841a44c9,SOUTHWESTERN MEDICAL CENTER,Southwestern Medical Center
cc:31b4c9f6-6abb-4ac9-acb6-ce7d2e708794,GUTHRIE CORTLAND REGIONAL MEDICAL CENTER,Guthrie Cortland Regional Medical Center
cc:31be80e0-f955-40a3-953a-031077cfb8ed,NORTHERN VIRGINIA MENTAL HEALTH INSTITUTE,Northern Virginia Mental Health Institute
cc:31c03738-cf3e-4a0e-af38-809c8392694f,FAMILY CARE CENTER MOUNT VERNON,Family Care Center Mount Vernon
cc:31c13018-5da2-454c-a57d-bc647584f98c,HOSP SAN FRANCISCO,Hospital San Francisco
cc:31c423cd-e068-46af-87bb-b2c3565eaa08,"EXODUS RECOVERY, INC. PSYCHIATRIC HEALTH FACILITY - PHF FRESNO","Exodus Recovery, Inc. Psychiatric Health Facility - PHF Fresno"
cc:31d11c97-bf3b-4fc0-b082-3c9adb098ca5,FIRST BAPTIST MEDICAL CENTER,First Baptist Medical Center
cc:31d72b38-9443-4855-b181-ccf280ebd31b,LEHIGH VALLEY REILLY CHILDREN'S HOSPITAL,Lehigh Valley Reilly Children's Hospital
cc:31dd63f1-beb5-4d34-9c0e-d3026f142536,MERCY HOSPITAL SOUTHEAST,Mercy Hospital Southeast
cc:31e9588a-ece2-4dd2-b98a-06dc3fdc3cee,ENCOMPASS HEALTH REHABILITATION HOSPITAL OF CAPE CORAL,Encompass Health Rehabilitation Hospital of Cape Coral
cc:31f37454-b767-4d52-a31b-7df7c6e121cd,PENNSYLVANIA PSYCHIATRIC INSTITUTE,Pennsylvania Psychiatric Institute
cc:31f9a66a-7ae7-4699-be3b-8c7c1098c84a,KINDRED HOSPITAL-BAY AREA-ST PETERSBURG,Kindred Hospital-Bay Area-St. Petersburg
cc:320d933c-85b5-4948-ba93-c675196bc719,NCH BAKER DOWNTOWN,NCH Baker Downtown
cc:321a9a67-35ed-433d-834b-9567f5602c3e,DUNDY COUNTY HOSPITAL,Dundy County Hospital
cc:324ddf3e-0b97-4d1e-aee3-f2ba7e09f2e6,LEHIGH VALLEY HOSPITAL - CEDAR CREST,Lehigh Valley Hospital - Cedar Crest
cc:3252d376-451a-4840-8e23-076cad6692c9,CENTRACARE - BENSON HOSPITAL,Centracare - Benson Hospital
cc:3256710c-da85-416f-a023-46a6965879a0,SAN JUAN HEALTH BLANDING CLINIC,San Juan Health Blanding Clinic
cc:325c19e6-a009-441a-8b33-92dc3e625853,HARBOR BEACH COMMUNITY HOSPITAL,Harbor Beach Community Hospital
cc:3263d22f-eabd-4d1b-8c77-fd4fcb41021f,PALESTINE REGIONAL MEDICAL CENTER,Palestine Regional Medical Center
cc:3267e173-d920-4f3d-89b6-1218f5e4dda4,NMMC WOMEN'S HOSPITAL,Nmmc Women's Hospital
cc:32698fc9-2597-4020-a7c6-fcf459938da4,COMMUNITY SURGERY CENTER HOWARD,Community Surgery Center Howard
cc:327c4af4-6a40-40ef-ab12-6eb06ef9d35c,FIRSTHEALTH MOORE REGIONAL HOSPITAL,FirstHealth Moore Regional Hospital
cc:327d7901-698b-4133-8d35-ddb500a391e3,SELF REGIONAL HEALTHCARE,Self Regional Healthcare
cc:3286309a-a29a-4661-bff6-d8d19edc0986,CATAWBA HOSPITAL,Catawba Hospital
cc:328a3d93-e2a4-4435-ac4d-3fbb7e422e3c,ST JOSEPH HOSPITAL,St. Joseph Hospital
cc:32a727ab-a449-4112-9607-83b12753818f,BAYLOR SCOTT & WHITE EMERGENCY HOSPITAL - BURLESON,Baylor Scott & White Emergency Hospital - Burleson
cc:32a89909-cfec-4039-9bfa-7769227c2928,WESTERN STATE HOSPITAL,Western State Hospital
cc:32aa0d8f-ed56-4bd6-99ca-ff54336fe752,PIEDMONT ATLANTA HOSPITAL,Piedmont Atlanta Hospital
cc:32b29779-099a-414a-a2f9-18ebea901af2,GEISINGER-BLOOMSBURG HOSPITAL,Geisinger-Bloomsburg Hospital
cc:32bb1003-0bb5-4bfb-ba57-3d5d79d68745,INSPIRA MEDICAL CENTER MULLICA HILL,Inspira Medical Center Mullica Hill
cc:32c7ccbd-6cf5-4f6b-b934-8eaeaeb2f413,ST. JAMES HOSPITAL,St. James Hospital
cc:32c97b1a-3305-4e7f-b731-8bd87afda27f,SIBLEY MEMORIAL HOSPITAL,Sibley Memorial Hospital
cc:32d1eeed-66d4-4b90-9b1d-0855b62b4173,TRINITY HEALTH OAKLAND HOSPITAL,Trinity Health Oakland Hospital
cc:32e4a2c3-437f-4005-932a-89cde18be4ed,STAT SPECIALTY HOSPITAL LAREDO NORTH,Stat Specialty Hospital Laredo North
cc:32e709af-d7b1-442a-9e9f-33bebae6177b,AHMC GARFIELD MEDICAL CENTER,AHMC Garfield Medical Center
cc:32e9d6a6-0566-4712-b682-e69b838c7e6e,RIVERVIEW HEALTH,Riverview Health
cc:32eb0cb6-f50f-439a-9732-1fea19bc41db,ST. JOSEPH'S BEHAVIORAL HEALTH CENTER,St. Joseph's Behavioral Health Center
cc:3305fe0a-c6fd-4f61-808b-a772901ebf37,LODI HOSPITAL,Lodi Hospital
cc:33310749-0faf-4daf-8073-3132ed548eeb,MEMORIAL HERMANN NORTHEAST HOSPITAL,Memorial Hermann Northeast Hospital
cc:33396af6-f7d3-4d62-a05a-cbdbc3a95d2e,AHN CANONSBURG GENERAL HOSPITAL,AHN Canonsburg General Hospital
cc:3339ca81-395a-4d86-8fca-7149f6a5c3d0,HOSPITAL MENONITA PONCE,Hospital Menonita Ponce
cc:334d102d-ee42-410d-8207-b3953395cd4a,JEFFERSON TORRESDALE HOSPITAL,Jefferson Torresdale Hospital
cc:334fc7b1-581a-4ed4-b2cc-17c054b2bc2c,ST. DAVID'S GEORGETOWN HOSPITAL,St. David's Georgetown Hospital
cc:33503de4-c816-4a78-8ba1-caf410b4b5b8,NEMOURS CHILDREN'S HOSPITAL,Nemours Children's Hospital
cc:3357c3f6-c8b5-45b4-907e-da4d7b9d52bf,FULLER HOSPITAL,Fuller Hospital
cc:337731e6-ea71-41d5-8bdb-a2c4c107944c,PROVIDENCE ST. PETER HOSPITAL,Providence St. Peter Hospital
cc:337762dd-5190-447c-a0c1-ce65ef143913,SPANISH PEAKS REGIONAL HEALTH CENTER,Spanish Peaks Regional Health Center
cc:3377fcc4-75a6-4b00-9211-e78d88e3f700,GOV JUAN F LUIS HOSPITAL & MEDICAL CTR,Gov Juan F. Luis Hospital & Medical Center
cc:337b2674-8bb5-41e3-815a-27738bdf0026,WHITTIER HOSPITAL MEDICAL CENTER,Whittier Hospital Medical Center
cc:338b9261-1e20-40ae-bbfe-3425d506a955,RICELAND WINNIE COMMUNITY CLINIC,Riceland Winnie Community Clinic
cc:33950caa-c8f3-4a36-9ea5-de36959ba98b,SEATTLE CHILDREN'S HOSPITAL,Seattle Children's Hospital
cc:33a1468e-5591-480d-8b21-4c3f2c1ed87a,HAVEN BEHAVIORAL HOSPITAL OF ALBUQUERQUE,Haven Behavioral Hospital of Albuquerque
cc:33a14d81-b260-48f2-86ee-62afcf3ec5c4,AURORA MEDICAL CENTER WASHINGTON COUNTY,Aurora Medical Center Washington County
cc:33a1b32d-b6a0-4db4-9903-2e9201242914,HENRY MAYO NEWHALL MEMORIAL HOSPITAL,Henry Mayo Newhall Memorial Hospital
cc:33a60767-96e8-4425-ba2f-65aa1a41c17d,INTENSIVE SPECIALTY HOSPITAL - PIERREMONT CAMPUS,Intensive Specialty Hospital - Pierremont Campus
cc:33a899b1-bdaa-403b-a852-678028f5fee2,LOGAN HEALTH CONRAD,Logan Health Conrad
cc:33a8a5fd-32f7-4342-9680-8328cd81659d,"ALTRU REHABILITATION HOSPITAL, AFFILIATE OF ENCOMPASS HEALTH","Altru Rehabilitation Hospital, Affiliate of Encompass Health"
cc:33ab4d84-3e94-4d41-bb9b-6c31a2e81be5,MEDSTAR HEALTH PHYSICAL THERAPY AT CLINTON,MedStar Health Physical Therapy at Clinton
cc:33aed46e-ad82-41d8-bb6f-0a6335b4352e,TRINITY HEALTH MUSKEGON HOSPITAL,Trinity Health Muskegon Hospital
cc:33b2fcc3-8b7f-453f-b93f-8585e9e39e95,ADVENTIST HEALTH TULARE,Adventist Health Tulare
cc:33b38d91-0b9c-4e8c-8855-b2e061426310,HOLZER MEDICAL CENTER JACKSON,Holzer Medical Center Jackson
cc:33b6c6b0-3748-41c7-98d9-d1809c4e99c8,WAGONER COMMUNITY HOSPITAL,Wagoner Community Hospital
cc:33ba57fa-46a8-493f-bd1d-ec826d7f4a51,MAGEE REHABILITATION HOSPITAL,Magee Rehabilitation Hospital
cc:33bfc372-5d17-4fb3-b7e5-b11d53d6a899,UCHEALTH MEMORIAL HOSPITAL NORTH,UCHealth Memorial Hospital North
cc:33d9f541-b6d5-4805-8d8c-f3bbd845fc87,LINCOLN MEMORIAL HOSPITAL,Lincoln Memorial Hospital
cc:33dbe50e-5f60-48fa-a877-9a4fc4d1f89b,ENDEAVOR HEALTH SWEDISH HOSPITAL,Endeavor Health Swedish Hospital
cc:33e94072-c729-4564-8804-15957c0d9fd4,THE HOSPITALS OF PROVIDENCE NORTHEAST CAMPUS,The Hospitals of Providence Northeast Campus
cc:33f405ac-11c1-4b5e-b74e-8358245f9a2f,REGENCY HOSPITAL OF CLEVELAND EAST,Regency Hospital of Cleveland East
cc:33f62605-1a77-4f3b-a0d2-ba43cb16b74f,COLLINGSWORTH GENERAL HOSPITAL,Collingsworth General Hospital
cc:3407833d-8bda-4048-b307-24688cb8d66e,CENTRAL MONTANA MEDICAL CENTER,Central Montana Medical Center
cc:341f6853-683e-4a82-a5b9-f17553eaf887,FAIRMONT REHABILITATION AND WELLNESS,Fairmont Rehabilitation and Wellness
cc:3427df8f-b178-4179-b04d-8f4d93d9b141,MEDSTAR HEALTH PHYSICAL THERAPY AT PERRY HALL,MedStar Health Physical Therapy at Perry Hall
cc:342c3032-ef12-404d-a91f-9cd81d289f47,RUSSELL MEDICAL,Russell Medical
cc:342cd57c-412c-4f81-bb73-a35ad1c9cbdb,BEATRICE COMMUNITY HOSPITAL,Beatrice Community Hospital
cc:342d387e-3523-4fa5-9c3d-f812ef4d03aa,DAVIS MEDICAL CENTER,Davis Medical Center
cc:3440ebec-ed96-49ed-b17c-bd869128eb2b,GENESIS HOSPITAL,Genesis Hospital
cc:34487b41-ab4c-4651-8d4f-e6cf86b13d00,M HEALTH FAIRVIEW MAPLE GROVE SURGERY CENTER,M Health Fairview Maple Grove Surgery Center
cc:344cfea6-3c77-4156-8a0b-f3f6eacfcc80,NORTHERN REGIONAL HOSPITAL,Northern Regional Hospital
cc:344d27de-2aa6-4192-94c0-a8b766812736,CHILDRENS SCOTTISH RITE HOSPITAL,Childrens Scottish Rite Hospital
cc:34585dd7-7e2e-4677-8b9b-d8221737f916,SOLDIERS AND SAILORS MEMORIAL HOSPITAL,Soldiers and Sailors Memorial Hospital
cc:3458b195-f930-4ec8-ac76-99a5dc863110,AURORA BAYCARE MEDICAL CENTER,Aurora Baycare Medical Center
cc:346ce050-1f78-41b0-b2bc-c634c193979c,CROOK COUNTY HOSPITAL,Crook County Hospital
cc:3472438c-d5c1-4c8d-8df1-0ee9544e64cd,KNOX COMMUNITY HOSPITAL,Knox Community Hospital
cc:347e2d16-051e-42ea-9861-49a9647c6f5d,MISSOURI BAPTIST HOSPITAL SULLIVAN,Missouri Baptist Hospital Sullivan
cc:3489bc0d-76df-423e-a2fd-51b75d2d593b,GIBSON COMMUNITY HOSPITAL,Gibson Community Hospital
cc:348abf03-6608-40fb-949e-b129794bd857,GREEN CLINIC SURGICAL HOSPITAL,Green Clinic Surgical Hospital
cc:348f42e2-ff35-47aa-af7e-270d2cceeb3d,FAIRFAX BEHAVIORAL HEALTH MONROE,Fairfax Behavioral Health Monroe
cc:349706d1-ea0d-40a6-9568-d44b199548c2,SURPRISE VALLEY COMMUNITY HOSPITAL,Surprise Valley Community Hospital
cc:3497eddf-ae01-4d15-ba8a-7e3e11cf7309,ADVENTHEALTH KISSIMMEE,AdventHealth Kissimmee
cc:349e1bd9-d90c-4bf6-ae97-34901bb185b2,WILLAMETTE VALLEY MEDICAL CENTER,Willamette Valley Medical Center
cc:34a008c3-0b76-4ae9-9e2b-e428595c16b1,HOLY CROSS GERMANTOWN HOSPITAL,Holy Cross Germantown Hospital
cc:34aa8f6a-ba2c-4985-a094-61edadd8dfd7,GRAHAM REGIONAL MEDICAL CENTER,Graham Regional Medical Center
cc:34c0604e-905f-4d53-b42a-3a74668b3850,SUN BEHAVIORAL HEALTH LEXINGTON,Sun Behavioral Health Lexington
cc:34c0cff9-b827-4dd1-b6d5-7b8dbc2f95a8,ELKHART GENERAL HOSPITAL,Elkhart General Hospital
cc:34c22d31-418d-4955-8171-f334beea5364,ADVENTHEALTH MINNEOLA,AdventHealth Minneola
cc:34c3a42c-157e-4d31-97ef-f69d6e73ae99,REDINGTON-FAIRVIEW GENERAL HOSPITAL,Redington-Fairview General Hospital
cc:34cafda6-1fe9-4fa0-b6ff-522f50b4646e,KENT COUNTY MEMORIAL HOSPITAL,Kent County Memorial Hospital
cc:34cc6342-c770-4fb4-8736-078361b2604f,MOUNT SINAI SOUTH NASSAU,Mount Sinai South Nassau
cc:34dda847-f6a8-4512-9a05-e4b5dcff5bb7,AMERY HOSPITAL,Amery Hospital
cc:34f6158b-61b0-44e1-a419-684404dedce7,ENCOMPASS HEALTH REHABILITATION HOSPITAL OF BRAINTREE,Encompass Health Rehabilitation Hospital of Braintree
cc:34fa9794-4360-482d-a03e-b0dc295eac6f,UCHEALTH YAMPA VALLEY MEDICAL CENTER,UCHealth Yampa Valley Medical Center
cc:3500891b-e1f3-4af6-979b-c2a0a9ebe0fb,PHOENIX MEDICAL PSYCHIATRIC HOSPITAL,Phoenix Medical Psychiatric Hospital
cc:3507079f-5249-4fd9-ba9e-045491f7ff22,LINCOLN COUNTY MEDICAL CENTER,Lincoln County Medical Center
cc:350d78cf-4a5b-4afc-8155-e1d43280ae31,MOUNT SINAI HOSPITAL,Mount Sinai Hospital
cc:350dbc0e-560e-4c95-b3f9-321f6c168cf9,KAISER PERMANENTE LOS ANGELES SUNSET MEDICAL CENTER,Kaiser Permanente los Angeles Sunset Medical Center
cc:3523626d-ca0a-4f3b-8329-81862256fda0,RIVER HOSPITAL,River Hospital
cc:353cf4a8-a4c3-402f-914d-fac9d09f31ba,POINTE COUPEE GENERAL HOSPITAL,Pointe Coupee General Hospital
cc:3556b801-3ae2-4a97-990b-2f909721ebcd,UM HEALTH-WEST HOSPITAL,UM Health-West Hospital
cc:355d08d7-4604-414a-aafc-fa7f7a4711ca,BRIDGTON HOSPITAL,Bridgton Hospital
cc:355e9691-b5b7-4d26-8bce-1f04c1028c06,BURKE REHABILITATION HOSPITAL,Burke Rehabilitation Hospital
cc:35606ecb-3f6a-4b83-be82-a8baee1309fa,ST. FRANCIS CANCER CENTER,St. Francis Cancer Center
cc:3564face-9272-49e8-8162-7d863e77f025,PARKVIEW HOSPITAL,Parkview Hospital
cc:356a6788-8a90-412c-83e7-4e76e468119b,PIEDMONT COLUMBUS REGIONAL NORTHSIDE,Piedmont Columbus Regional Northside
cc:356c002c-2f9e-41db-8692-8cec86ebd25c,MOUNT CARMEL ST ANN'S HOSPITAL,Mount Carmel St. Ann's Hospital
cc:356f1a0e-5eff-458d-b202-2e550a70c334,MENTOR HOSPITAL,Mentor Hospital
cc:359384a3-b807-4451-9347-69342426361d,FERRY COUNTY MEMORIAL HOSPITAL,Ferry County Memorial Hospital
cc:3595e018-d903-4107-b75c-c9662e8371f6,COOSA VALLEY MEDICAL CENTER,Coosa Valley Medical Center
cc:359abb89-ad45-49f3-8945-0ab2f603ce1f,UNIVERSITY MEDICAL CENTER SURGICAL CENTER,University Medical Center Surgical Center
cc:359fc49d-2c0a-496b-8640-7047ea432353,LONE STAR BEHAVIORAL HEALTH CYPRESS,Lone Star Behavioral Health Cypress
cc:35ab1f19-9272-47b7-93dc-ae4f8b0fa6a6,HANCOCK COUNTY HOSPITAL,Hancock County Hospital
cc:35b4b3da-4054-424d-ad90-57f345130316,RICHLAND HOSPITAL CLINIC,Richland Hospital Clinic
cc:35b92a30-877b-44bd-8cc8-8c30b426f11b,CHRISTUS MOTHER FRANCES HOSPITAL WINNSBORO,CHRISTUS Mother Frances Hospital Winnsboro
cc:35bd5dff-f17a-4199-82f8-31d3363364dd,DAYTON GENERAL HOSPITAL,Dayton General Hospital
cc:35caa9a7-a397-41aa-bdbb-dd8cb944e001,SONOMA VALLEY HOSPITAL,Sonoma Valley Hospital
cc:35d8fe5d-1ae7-4785-9cb5-72fa4febf915,ATRIUM HEALTH STANLY,Atrium Health Stanly
cc:35e54709-9b9f-4d9b-9a0d-effa61e4f84c,RIVER PLACE BEHAVIORAL HEALTH,River Place Behavioral Health
cc:35e7028d-424e-4d07-a515-4453f14509cd,SELECT SPECIALTY HOSPITALS - DOWNRIVER,Select Specialty Hospitals - Downriver
cc:35ef45b7-57dc-427b-889e-de7cc18241e3,WESTERN ARIZONA REGIONAL MEDICAL CENTER,Western Arizona Regional Medical Center
cc:35f3faa3-9511-4773-8a26-1606d44cdd15,OCHSNER MEDICAL CENTER-BATON ROUGE,Ochsner Medical Center-Baton Rouge
cc:35feb6ac-0548-4233-971f-b26cfb7601e5,BARSTOW COMMUNITY HOSPITAL,Barstow Community Hospital
cc:3604fb3c-e460-496f-be92-87f8fb546105,ALHAMBRA HOSPITAL,Alhambra Hospital
cc:36051a56-ef3d-4ba1-958f-9a19f5da7245,KAISER PERMANENTE ZION MEDICAL CENTER,Kaiser Permanente Zion Medical Center
cc:3607bf5b-c1c7-4e97-b110-8f6f9930ac69,REGENCY NORTHWEST INDIANA - PORTER COUNTY,Regency Northwest Indiana - Porter County
cc:360c42ec-d3dd-4449-8164-3845cc2426e4,PROVIDENCE ST. JOSEPH HOSPITAL EUREKA,Providence St. Joseph Hospital Eureka
cc:360d8b2b-7079-4cba-be09-92c919a7a3d4,CATHOLIC HEALTH ST. FRANCIS HOSPITAL & HEART CENTER,Catholic Health St. Francis Hospital & Heart Center
cc:3627f44f-a083-4182-a023-31e29b02b647,MILFORD REGIONAL MEDICAL CENTER,Milford Regional Medical Center
cc:362bfb3b-6fff-469f-a4a4-a05441ca8140,SUTTER LAKESIDE HOSPITAL,Sutter Lakeside Hospital
cc:3631e1d6-417b-4775-be2f-e66356448a4c,SOUTHWEST HEALTHCARE INLAND VALLEY HOSPITAL,Southwest Healthcare Inland Valley Hospital
cc:3632d8ff-1a86-4552-a024-3f5443c311c4,OTTAWA COUNTY HEALTH CENTER,Ottawa County Health Center
cc:364367e5-de55-40d3-93eb-b79ea9170acb,TANNER MEDICAL CENTER - EAST ALABAMA,Tanner Medical Center - East Alabama
cc:364b64c3-c86f-438c-9bc6-f41a9ae59cb0,PAM HEALTH SPECIALTY HOSPITAL OF DENVER,PAM Health Specialty Hospital of Denver
cc:36567b32-f09c-4ebc-8be8-31a60510e0fe,HSHS ST. JOSEPH'S HOSPITAL BREESE,HSHS St. Joseph's Hospital Breese
cc:3657f8cb-d7da-4876-a0c8-dfc70798e963,NASHVILLE GENERAL HOSPITAL,Nashville General Hospital
cc:365e3b55-915a-454e-b5c8-a420bf0cd7b9,BAPTIST HEALTH HOSPITAL DORAL,Baptist Health Hospital Doral
cc:36694bfc-bd6f-482b-b2f7-2eb89abfb159,THEDACARE MEDICAL CENTER WILD ROSE,Thedacare Medical Center Wild Rose
cc:368f6703-5de3-483e-830e-8adf98835f68,FORT MEMORIAL HEALTHCARE,Fort Memorial Healthcare
cc:369007c5-35cd-40e8-8d35-22a52c910434,T.J. HEALTH COLUMBIA,T.J. Health Columbia
cc:369fdb8f-ad6a-48fa-a09d-64c62fd81520,MUSC HEALTH LANCASTER MEDICAL CENTER,MUSC Health Lancaster Medical Center
cc:36a97dd0-1eba-44f5-810d-cecb4a5b58ec,ADVENTHEALTH REDMOND,AdventHealth Redmond
cc:36b5f264-0135-4012-b68f-b4d477659287,HACKENSACK UNIVERSITY MEDICAL CENTER,Hackensack University Medical Center
cc:36bb17ab-67c2-40da-8ad4-75901d6a752d,MERCY CHILDREN'S HOSPITAL ST. LOUIS,Mercy Children's Hospital St. Louis
cc:36c0899f-2254-4395-b5cc-30a3b8997288,ASCENSION ST. JOHN OWASSO,Ascension St. John Owasso
cc:36c13af0-7a48-4115-8985-791decb8f785,PUTNAM COUNTY MEMORIAL HOSPITAL,Putnam County Memorial Hospital
cc:36cb0c37-65a9-480f-9a56-4fc750abfa61,SANFORD TRACY MEDICAL CENTER,Sanford Tracy Medical Center
cc:36cc3f01-f3d8-4762-9d2b-577086257201,PEARL RIVER COUNTY HOSPITAL,Pearl River County Hospital
cc:36cf3457-58ca-4a80-b64f-8df92359f79a,LANDMARK HOSPITAL OF SOUTHWEST FLORIDA,Landmark Hospital of Southwest Florida
cc:36cf4555-d4cf-46c9-8195-098d8d5e9b8c,WINDOM AREA HOSPITAL,Windom Area Hospital
cc:36d76418-1c66-4020-983c-6e99055a0418,MEADOWVIEW REGIONAL MEDICAL CENTER,Meadowview Regional Medical Center
cc:36dd6570-6bfb-4112-ab12-99b446b04788,PARKWOOD BEHAVIORAL HEALTH SYSTEM,Parkwood Behavioral Health System
cc:36ef14af-52e1-499a-b242-a57b1768fae8,BARNES-JEWISH HOSPITAL PSYCHIATRIC CARE,Barnes-Jewish Hospital Psychiatric Care
cc:36f133bc-eed5-4ee5-ac45-6e8006886b95,GEORGIA REGIONAL HOSPITAL,Georgia Regional Hospital
cc:36f4fbf2-a4fc-4066-97a6-32eb88ad1518,LANDMARK HOSPITAL OF JOPLIN,Landmark Hospital of Joplin
cc:36f81420-8393-4658-9052-4a3f9ebbf7ea,BETHESDA REHABILITATION HOSPITAL,Bethesda Rehabilitation Hospital
cc:370305d4-54ee-47b2-b2c5-95cff196f41e,ABRAZO SURPRISE HOSPITAL,Abrazo Surprise Hospital
cc:3704429d-6ed1-4282-9665-98eef27fa762,CHILDREN'S HOSPITAL AND BIRTHING CENTER,Children's Hospital and Birthing Center
cc:3707175e-64a8-4e99-845b-33010e8ff00c,PANA COMMUNITY HOSPITAL,Pana Community Hospital
cc:370c8c0e-ca0d-476e-ad61-835415b5705f,CHRISTUS ST. MICHAEL REHABILITATION HOSPITAL,CHRISTUS St. Michael Rehabilitation Hospital
cc:370cc7b7-5957-4b21-9a51-0a3156178692,CRESTWOOD PSYCHIATRIC HEALTH FACILITY-SACRAMENTO,Crestwood Psychiatric Health Facility-Sacramento
cc:37229491-bc43-458d-922b-4a03f41ecd23,ROXBOROUGH MEMORIAL HOSPITAL,Roxborough Memorial Hospital
cc:373eccc8-a21d-498a-9861-7bd796e58a82,HILL REGIONAL HOSPITAL,Hill Regional Hospital
cc:374f82d6-80e8-4382-9706-d5b51a7ecc4d,UPMC HARRISBURG,UPMC Harrisburg
cc:37514738-6c86-4d36-8476-2ba412d8849f,HILLCREST HOSPITAL CUSHING,Hillcrest Hospital Cushing
cc:37538246-be13-4e0c-af18-66c920a25d90,JEFFERSON EINSTEIN HOSPITAL,Jefferson Einstein Hospital
cc:375bcefd-b2da-4291-affa-4678f8e9f304,BELMONT PINES HOSPITAL,Belmont Pines Hospital
cc:37638470-724e-4e53-9b96-ba50ff4dc88c,NGMC GAINESVILLE,NGMC Gainesville
cc:3769bf07-9bf1-46f3-a240-cddefe622604,BAPTIST HEALTH MEDICAL CENTER - HEBER SPRINGS,Baptist Health Medical Center - Heber Springs
cc:376b842a-cd31-4380-85b2-1a6bc2660c50,SEVEN HILLS BEHAVIORAL INSTITUTE,Seven Hills Behavioral Institute
cc:3774750b-ece7-46fc-8705-e1de353ef89c,BROWARD HEALTH IMPERIAL POINT,Broward Health Imperial Point
cc:37792177-d681-4358-9d04-c09cf8c956e1,MEMORIAL HEALTH MEADOWS HOSPITAL,Memorial Health Meadows Hospital
cc:377bb819-d959-422e-b106-84baa6885af2,VARMED HEALTH CENTER,Varmed Health Center
cc:37885385-d147-4661-8921-cbd83826633f,HOOD MEMORIAL HOSPITAL,Hood Memorial Hospital
cc:3790d363-5949-4d56-b8c1-8540bf8cb7bc,INTERMOUNTAIN HEALTH LOGAN REGIONAL HOSPITAL,Intermountain Health Logan Regional Hospital
cc:3796685b-0a09-4d94-884e-b9918d03db73,INDIANA UNIVERSITY HEALTH PAOLI HOSPITAL,Indiana University Health Paoli Hospital
cc:37a385f0-de83-4aac-8e92-5a806a269252,OCHSNER CHILDREN'S HOSPITAL,Ochsner Children's Hospital
cc:37a4e7e6-f461-4a1b-8eec-fa71e348dc5b,SANFORD BROADWAY MEDICAL CENTER,Sanford Broadway Medical Center
cc:37a7552b-2be8-4506-a904-dd72c1a32d0e,BAYLOR SCOTT & WHITE MEDICAL CENTER LAKE POINTE,Baylor Scott & White Medical Center Lake Pointe
cc:37b7c8e7-2c7d-4de2-9a77-8a757727dd2d,MARSHFIELD MEDICAL CENTER - EAU CLAIRE,Marshfield Medical Center - Eau Claire
cc:37bd1c3d-2ad0-41eb-8315-6acedae33e54,COMPASS INTERVENTION CENTER,Compass Intervention Center
cc:37be3ad3-705c-4de9-9d29-69cea66737e3,AVERA HEART HOSPITAL OF SOUTH DAKOTA,Avera Heart Hospital of South Dakota
cc:37c62cca-1b69-4a08-81dd-cfa8f1a6d284,KNAPP MEDICAL CENTER,Knapp Medical Center
cc:37cbe890-7d0c-41d5-818e-8f23be2a3e86,ARBUCKLE MEMORIAL HOSPITAL,Arbuckle Memorial Hospital
cc:37dcd057-d561-4c67-a551-f56f60901356,UNITYPOINT HEALTHCARE FINLEY HOSPITAL,UnityPoint Healthcare Finley Hospital
cc:37dd2b77-8f75-46a7-b3af-0760cf93365c,OSBORNE COUNTY MEMORIAL HOSPITAL,Osborne County Memorial Hospital
cc:37df6c6d-e16d-40bb-bb08-198bb2024146,WHIDBEY MEDICAL CENTER,Whidbey Medical Center
cc:37f71927-62b9-472a-b00d-397bafa1dfd2,GORDON MEMORIAL HOSPITAL DISTRICT,Gordon Memorial Hospital District
cc:37fd4ec0-9ac9-4b53-a37b-40a41152df4b,TEXOMA MEDICAL CENTER,Texoma Medical Center
cc:37fe127c-dd21-45fa-8f39-1af6244142af,OGDEN REGIONAL MEDICAL CENTER,Ogden Regional Medical Center
cc:37fe3c22-31bc-4b4c-92e3-b16dbf2b5c74,ST. FRANCIS P & S SURGERY & HEART CENTER,St. Francis P & S Surgery & Heart Center
cc:380df1f0-9793-4f95-81e1-ca510bc2dc83,SAINT ALPHONSUS MEDICAL CENTER - ONTARIO,Saint Alphonsus Medical Center - Ontario
cc:38114e5e-9440-4270-9319-15f84c4113b0,NATIONAL PARK MEDICAL CENTER,National Park Medical Center
cc:3827be03-f547-4bcf-a342-a2f8ca5bbf57,EXALT HEALTH INPATIENT REHABILITATION HOSPITAL CONROE,Exalt Health Inpatient Rehabilitation Hospital Conroe
cc:382c157f-4360-4b56-b368-75af21d82a3d,OUR LADY OF LOURDES WOMEN'S & CHILDREN'S HOSPITAL,Our Lady of Lourdes Women's & Children's Hospital
cc:382f9ba4-9920-46c1-ae9b-67199f483422,EL DORADO SPRINGS BEHAVIORAL HEALTH,El Dorado Springs Behavioral Health
cc:384dbb25-16b3-4ae3-87af-ef7078237ef7,BAYLOR SCOTT & WHITE MEDICAL CENTER UPTOWN,Baylor Scott & White Medical Center Uptown
cc:384f1e83-7c4d-4015-b109-c5bc92a63db2,BROWARD HEALTH CORAL SPRINGS,Broward Health Coral Springs
cc:3851dc01-bf31-475f-a204-dadf9ab5c00b,HOSPITAL CARIBBEAN MEDICAL CENTER,Hospital Caribbean Medical Center
cc:387d0373-9b51-4816-b23d-b7f00524d5a0,ADVOCATE LUTHERAN GENERAL HOSPITAL,Advocate Lutheran General Hospital
cc:38844843-64b8-4922-82e5-a9050d097c3d,BAYLOR SCOTT & WHITE EMERGENCY HOSPITAL - MANSFIELD,Baylor Scott & White Emergency Hospital - Mansfield
cc:388b3b75-4e24-40a3-bb4e-c48b7e76263d,ESSENTIA HEALTH ST. MARY'S CHILDREN'S HOSPITAL,Essentia Health St. Mary's Children's Hospital
cc:388fa96f-10e3-477a-a58a-7571cc1a43d3,NORTHWEST HOSPITAL CENTER,Northwest Hospital Center
cc:389592d4-3818-4ad1-a605-3e7393f9339f,ER AT BOULDER'S EDGE,ER at Boulder's Edge
cc:389762af-af3c-4838-9595-4c71e4bdbb6b,MERCY HEALTH - CLERMONT HOSPITAL,Mercy Health - Clermont Hospital
cc:38a28199-5a0c-4bf2-9597-bba5c042db2c,HILLCREST HOSPITAL CLAREMORE,Hillcrest Hospital Claremore
cc:38a5f55d-315b-46f0-9264-fbed76f5d119,DECATUR MORGAN HOSPITAL,Decatur Morgan Hospital
cc:38a9c8dc-8581-43ba-ac26-6e6875ade477,ALICE HYDE MEDICAL CENTER,Alice Hyde Medical Center
cc:38b1787f-1d83-401a-9d8a-e06bac1cd7f6,KAISER PERMANENTE RIVERSIDE MEDICAL CENTER,Kaiser Permanente Riverside Medical Center
cc:38b7aad8-9141-42e5-b117-c2edfbce30ef,SISTERSVILLE GENERAL HOSPITAL,Sistersville General Hospital
cc:38b840d6-2762-4dd0-a66d-8757d9e70fa2,ST LUKE'S BAPTIST HOSPITAL,St. Luke's Baptist Hospital
cc:38bea8b2-b777-46a9-9937-ead5772d8798,CHILDREN'S MERCY HOSPITAL,Children's Mercy Hospital
cc:38c62652-6290-4910-bb02-d9aff96355be,METHODIST HOSPITAL WESTOVER HILLS,Methodist Hospital Westover Hills
cc:38c9084c-de42-470f-b7e4-afabbac4824f,BAPTIST HOSPITAL,Baptist Hospital
cc:38da49ae-1706-42dd-8e9b-649f93fd0799,FRISBIE MEMORIAL HOSPITAL,Frisbie Memorial Hospital
cc:38db8cea-d562-4280-887b-2b7e80feb999,MONTGOMERY COUNTY MENTAL HEALTH TREATMENT FACILITY,Montgomery County Mental Health Treatment Facility
cc:38dcca4a-c956-441e-96e5-1d2da4a7a6cc,MASSACHUSETTS EYE AND EAR INFIRMARY,Massachusetts Eye and Ear Infirmary
cc:38dfa6f7-7ec1-4404-960c-e3b2cf44424c,COMMONSPIRIT HOLY CROSS HOSPITAL - JORDAN VALLEY WEST,Commonspirit Holy Cross Hospital - Jordan Valley West
cc:38e114ff-3972-48c1-a57b-95c5f8320e81,COREWELL HEALTH TRENTON HOSPITAL,Corewell Health Trenton Hospital
cc:38f0523a-048a-481b-97e2-96b51011c697,WELLSPAN EPHRATA COMMUNITY HOSPITAL,WellSpan Ephrata Community Hospital
cc:38f1ecc1-9843-4d2f-bc1d-46c7186253ea,TEXARKANA EMERGENCY CENTER & HOSPITAL,Texarkana Emergency Center & Hospital
cc:38f5b6d8-1baf-4341-a49f-13bff01662b4,INOVA FAIRFAX HOSPITAL,Inova Fairfax Hospital
cc:39042e83-6ea0-4b99-891f-8078d3d31251,PIEDMONT MACON NORTH,Piedmont Macon North
cc:390633fd-aaa0-490b-a48e-b7b1dd7b596e,PAM SPECIALTY HOSPITAL OF HAMMOND,PAM Specialty Hospital of Hammond
cc:39116c50-f825-418c-b7cd-f927053d0866,ST. MARY'S REGIONAL MEDICAL CENTER,St. Mary's Regional Medical Center
cc:3915e800-de0e-446b-b26b-26e17654d3c8,SCHWAB REHABILITATION CENTER,Schwab Rehabilitation Center
cc:391987dc-0697-439a-9809-c40f3e656caa,GRAHAM COUNTY HOSPITAL,Graham County Hospital
cc:391abf36-3f57-4880-a2d8-8bb3b9ffe93f,ST ELIZABETH YOUNGSTOWN HOSPITAL,St. Elizabeth Youngstown Hospital
cc:391b8d0b-9ee3-47a9-ac01-9381f3c116a7,SELECT SPECIALTY HOSPITAL - HARRISBURG,Select Specialty Hospital - Harrisburg
cc:3922b18b-558e-4790-8d75-6ff6b08bfd92,PETERSBURG MEDICAL CENTER,Petersburg Medical Center
cc:39360b8d-a794-479e-8cb5-9ac150e4e909,PROVIDENCE SAINT JOSEPH MEDICAL CENTER,Providence Saint Joseph Medical Center
cc:3937d575-950a-4474-85b4-d75e17aacf0d,NORTH CENTRAL BAPTIST HOSPITAL,North Central Baptist Hospital
cc:3947e0ac-670d-4736-a7bb-2a5f02143c1b,DICKENSON COMMUNITY HOSPITAL,Dickenson Community Hospital
cc:394895fc-ec90-4d45-b808-ee95467e1e62,HENRY FORD WARREN HOSPITAL,Henry Ford Warren Hospital
cc:39506f8d-7dc0-493e-838d-19a14b5775b8,MEDICAL CITY GREEN OAKS HOSPITAL,Medical City Green Oaks Hospital
cc:3950e483-532c-421a-95d4-455e54d5679e,MIDLANDS BEHAVIORAL HEALTH HOSPITAL,Midlands Behavioral Health Hospital
cc:396097ad-c7bb-4be1-9de6-17728f4ffc5e,MAYO CLINIC HEALTH SYSTEM ST. JAMES,Mayo Clinic Health System St. James
cc:39639552-4468-413b-8175-f427ed8b656c,CORNERSTONE SPECIALITY HOSPITAL - ROUND ROCK,Cornerstone Speciality Hospital - Round Rock
cc:396b595b-2fa4-4a0c-8aa3-7fd493684dbe,NOVANT HEALTH NEW HANOVER ORTHOPEDIC HOSPITAL,Novant Health New Hanover Orthopedic Hospital
cc:39722888-ef6a-4248-8dda-75f3639ca50d,ROCKFORD CENTER,Rockford Center
cc:39810f8b-6f84-4c1c-90ad-efd68494b675,LANE REGIONAL MEDICAL CENTER,Lane Regional Medical Center
cc:3984213e-6742-4ee9-bdfd-991a6f7fbd4f,ADVENTHEALTH WATERMAN,AdventHealth Waterman
cc:399021c0-21dc-4cb8-bb36-aa48fb9eb8a3,CONWAY BEHAVIORAL HEALTH,Conway Behavioral Health
cc:3992368f-fe6c-43d4-b442-65a6613010c7,AVENIR BEHAVIORAL HEALTH CENTER,Avenir Behavioral Health Center
cc:3999ea16-8603-4038-9b75-840ba653f4b1,UVA ENCOMPASS HEALTH REHABILITATION HOSPITAL,UVA Encompass Health Rehabilitation Hospital
cc:39a7fc8f-96c5-4609-aacc-49698d2820ec,HOSPITAL ESPANOL AUXILIO MUTUO SAN PABLO,Hospital Espanol Auxilio Mutuo San Pablo
cc:39ab39c3-567e-415e-8a69-3dc7f214a597,HORN MEMORIAL HOSPITAL,Horn Memorial Hospital
cc:39add6ac-7a21-4df2-a7b8-7a62e2bec636,UPMC PRESBYTERIAN,UPMC Presbyterian
cc:39ba6dc8-045f-4dc9-9e90-9f5bec6359ba,WOODLAWN HOSPITAL,Woodlawn Hospital
cc:39bd0f54-c106-4fa1-acd1-1d5d5236d29a,MELROSE WAKEFIELD HOSPITAL,Melrose Wakefield Hospital
cc:39cb3c76-f22f-48a6-ad83-bf11aa8a79bc,MERCYONE GENESIS ALEDO MEDICAL CENTER,Mercyone Genesis Aledo Medical Center
cc:39d1def3-4b73-4289-bcb2-8a03a97f9e42,CHI ST. ALEXIUS HEALTH TURTLE LAKE,CHI St. Alexius Health Turtle Lake
cc:39da16f7-0305-422f-9ba0-a1b3b3211766,WELLSTONE REGIONAL HOSPITAL,Wellstone Regional Hospital
cc:39fb101c-5a8f-4ab8-bfda-9af19f537f6a,NORTHWEST REGIONAL,Northwest Regional
cc:39fd4af8-0c49-4a70-89fb-98eafa5ea11f,BEACON PLAINWELL,Beacon Plainwell
cc:3a058c70-d758-437d-acdb-886c2f48a71f,HANNIBAL REGIONAL HOSPITAL,Hannibal Regional Hospital
cc:3a06df28-2d82-4a34-8f3a-104cc7f9a94a,GUNNISON VALLEY HOSPITAL,Gunnison Valley Hospital
cc:3a1afe13-78e4-4080-8739-69226dafa7b7,BAYSTATE FRANKLIN MEDICAL CENTER,Baystate Franklin Medical Center
cc:3a26e6bf-a1cb-42dc-8448-7fe6906c8e1f,NORTH BAY MEDICAL CENTER,North Bay Medical Center
cc:3a2bd24c-f785-427a-8023-613616a0866f,KINDRED HOSPITAL SAN GABRIEL VALLEY,Kindred Hospital San Gabriel Valley
cc:3a3a9d9c-adab-4001-9d71-f45867a6cf99,HENRY FORD HOSPITAL,Henry Ford Hospital
cc:3a3eae16-d686-4842-a7e7-e6cd2d4a0b37,HARTFORD HOSPITAL,Hartford Hospital
cc:3a5667d6-076b-4a69-af35-44d3c7c88c47,LIGHTHOUSE AT MAYS LANDING,Lighthouse at Mays Landing
cc:3a571e23-4209-443d-a54d-7d447aa678c4,SELECT SPECIALTY HOSPITAL - ALLE KISKI,Select Specialty Hospital - Alle Kiski
cc:3a5d788b-e4b7-4f58-8e36-6108df72e47e,MONTEFIORE WAKEFIELD CAMPUS,Montefiore Wakefield Campus
cc:3a5eb45a-79cb-46f7-933e-37d3e90f2864,BUTLER HOSPITAL,Butler Hospital
cc:3a6d09bf-4ad8-4c3d-b158-592a6e60945e,KINDRED HOSPITAL PARAMOUNT,Kindred Hospital Paramount
cc:3a86625a-8c6b-4a8d-a382-428a921c1356,HAYWOOD REGIONAL MEDICAL CENTER,Haywood Regional Medical Center
cc:3a8ef564-1b75-46e2-a9be-22fc8a9907fa,ASCENSION ST. VINCENT WARRICK,Ascension St. Vincent Warrick
cc:3a94b085-65a6-4ecb-97ee-e9b6b98b687e,ENCOMPASS HEALTH REHABILITATION HOSPITAL OF MIDDLETOWN,Encompass Health Rehabilitation Hospital of Middletown
cc:3a990825-baf5-44fd-941b-c94349df0be7,REFUGIO COUNTY MEMORIAL HOSPITAL DISTRICT,Refugio County Memorial Hospital District
cc:3a9bec5e-fe84-4318-8b2c-b414a175c3e6,BEACON BEHAVIORAL HOSPITAL NORTHSHORE,Beacon Behavioral Hospital Northshore
cc:3a9d6fbe-622e-4785-9bc6-8ac5eea669b2,SUBLETTE COUNTY HEALTH,Sublette County Health
cc:3a9f367c-7769-4d5a-a178-00348b4041d2,STERLINGTON REHABILITATION HOSPITAL,Sterlington Rehabilitation Hospital
cc:3abb7d12-46c2-44db-bf5d-373b77f0f1c4,BIG SOUTH FORK MEDICAL CENTER,Big South Fork Medical Center
cc:3abf8e09-d5b5-4000-b487-5c6e7d99b9b8,ASCENSION SAINT AGNES HOSPITAL,Ascension Saint Agnes Hospital
cc:3adc4b8a-71d6-44c3-af37-d0bb8c27ff51,OCEANS BEHAVIORAL HEALTHCARE OF LONGVIEW,Oceans Behavioral Healthcare of Longview
cc:3ae1ca96-723b-4421-a85f-d6563a7a23ce,FRAMINGHAM UNION HOSPITAL,Framingham Union Hospital
cc:3aec05e7-5270-49a4-9952-7273eaf4cee2,INTEGRIS COMMUNITY HOSPITAL - COUNCIL CROSSING,Integris Community Hospital - Council Crossing
cc:3afe4313-49f6-4c34-b9d9-09c6dace95d2,SOUTHEAST GEORGIA HEALTH SYSTEM - BRUNSWICK CAMPUS,Southeast Georgia Health System - Brunswick Campus
cc:3b00c2cc-2819-4148-8f41-9664335a4450,MIRAVISTA BEHAVIORAL HEALTH CENTER,Miravista Behavioral Health Center
cc:3b0fd356-2059-43cf-bfa1-f6922afff844,EXCEPTIONAL COMMUNITY HOSPITAL LUBBOCK,Exceptional Community Hospital Lubbock
cc:3b132a3a-5db2-4fc4-9492-d05e9ee54bc8,FAIRMONT MEDICAL CENTER,Fairmont Medical Center
cc:3b1438e2-61bd-41be-a8c8-e44e36f9fc05,INTEGRIS HEALTH COMMUNITY HOSPITAL - OKC WEST,Integris Health Community Hospital - OKC West
cc:3b280996-8bcf-4869-9dc5-f76133d57b7b,DCH REGIONAL MEDICAL CENTER,DCH Regional Medical Center
cc:3b28e753-6ae2-4fbd-8785-98cd7fa58f6e,BRODSTONE MEMORIAL HOSPITAL,Brodstone Memorial Hospital
cc:3b37cd2a-2b25-43a6-bbaf-bff826290ceb,THE VALLEY HOSPITAL,The Valley Hospital
cc:3b3ee277-75e3-45b1-b000-00dae1020f2f,CONCORD HOSPITAL,Concord Hospital
cc:3b4f900d-ad94-4084-9d24-55abeb73b4b1,MEDICAL CITY CHILDREN'S HOSPITAL,Medical City Children's Hospital
cc:3b57de85-2b9e-4619-b723-82e63ebbe25c,PAM HEALTH WARM SPRINGS REHABILITATION HOSPITAL OF SAN ANTONIO,PAM Health Warm Springs Rehabilitation Hospital of San Antonio
cc:3b5bee38-5ee2-4bec-931f-055ccf2889f5,OCHSNER LAFAYETTE GENERAL ORTHOPEDIC HOSPITAL,Ochsner Lafayette General Orthopedic Hospital
cc:3b65f909-f648-4922-aabf-c444ec29f82c,METHODIST JENNIE EDMUNDSON,Methodist Jennie Edmundson
cc:3b6a8f31-6833-4bcf-9220-90d3467b813b,STAFFORD COUNTY HOSPITAL,Stafford County Hospital
cc:3b765baf-92b8-4262-9f7d-2224bbb1fb68,CHILDREN'S MINNESOTA - MINNEAPOLIS HOSPITAL,Children's Minnesota - Minneapolis Hospital
cc:3b7792df-2326-4390-983d-1d0bdb30728d,COFFEE REGIONAL MEDICAL CENTER,Coffee Regional Medical Center
cc:3b81d6c4-8368-4c57-9833-f75592e1d2a7,ST CHARLES MEDICAL CENTER BEND,St. Charles Medical Center Bend
cc:3b88c438-6326-4e6d-a11f-cb42713c7069,GRIFFIN HOSPITAL,Griffin Hospital
cc:3b9650b3-aea4-4d4f-b518-ed9a63eec5f2,KINDRED HOSPITAL SOUTH BAY,Kindred Hospital South Bay
cc:3ba00ebc-277a-436a-a580-4cc0bfc3b1b8,FOUR WINDS HOSPITAL SARATOGA,Four Winds Hospital Saratoga
cc:3ba4541f-2491-4627-8aac-d253ab53cfe3,OPTIM MEDICAL CENTER SCREVEN,Optim Medical Center Screven
cc:3ba633ff-edaa-48dd-97d2-ffbd2560854b,MOUNT CARMEL BEHAVIORAL HEALTHCARE,Mount Carmel Behavioral Healthcare
cc:3ba6e7db-1d1b-4f15-9a82-92c050a013b4,SOUTHWEST HEALTHCARE SERVICES,Southwest Healthcare Services
cc:3bd38c2e-3e9e-4bee-b557-50da909e9bf6,EDGERTON HOSPITAL FULTON SQUARE CLINIC,Edgerton Hospital Fulton Square Clinic
cc:3bff0cd1-a296-4117-a452-4437a65aa65a,VANDERBILT BEDFORD HOSPITAL,Vanderbilt Bedford Hospital
cc:3c098507-8db9-4de9-9e9f-f26a58377d33,LAKEVIEW CENTER - PSYCHIATRIC HOSPITAL,Lakeview Center - Psychiatric Hospital
cc:3c17144d-0f26-4ea1-b1e3-6d2e129fd812,ENCOMPASS HEALTH REHABILITATION HOSPITAL OF SALISBURY,Encompass Health Rehabilitation Hospital of Salisbury
cc:3c182c33-e629-43c8-957c-6af833f74fba,HCA FLORIDA LAKE TARPON EMERGENCY,HCA Florida Lake Tarpon Emergency
cc:3c1bdaf4-2155-47fd-ad5f-c519bb6e3987,MADISON HOSPITAL,Madison Hospital
cc:3c2289cb-d8f6-4152-b939-74ce55b92120,UPMC CHAUTAUQUA,UPMC Chautauqua
cc:3c3ca9c4-0b60-41d9-8a9c-2ba6f1aaa087,SGMC LANIER CAMPUS,SGMC Lanier Campus
cc:3c3dad05-396a-4848-a100-4ec3a123b0e4,COMMUNITY HOSPITAL,Community Hospital
cc:3c4857a2-2936-4adb-b587-161322e65e05,ST. JOHN REHABILITATION HOSPITAL AFFILIATED WITH ENCOMPASS HEALTH,St. John Rehabilitation Hospital Affiliated with Encompass Health
cc:3c4dbd32-1db4-4fc0-a293-e922891f4266,PARKRIDGE VALLEY ADULT AND SENIOR CAMPUS,Parkridge Valley Adult and Senior Campus
cc:3c56f732-30d1-436c-a259-4538d65b03c9,CHI HEALTH SCHUYLER,CHI Health Schuyler
cc:3c5bc5b3-21d2-46a2-9a65-06bd84449a70,CORNERSTONE REGIONAL HOSPITAL,Cornerstone Regional Hospital
cc:3c5e4f0e-75e3-46f1-8ff5-75a7a771f608,BAPTIST MEDICAL CENTER - BEACHES,Baptist Medical Center - Beaches
cc:3c5ea899-33ad-4ac1-a00a-e015cdee9eb6,TOURO LCMC HEALTH,Touro LCMC Health
cc:3c6b2083-b4ea-409e-893b-a5b7faaa1d4f,LINCOLN TRAIL BEHAVIORAL HEALTH SYSTEM,Lincoln Trail Behavioral Health System
cc:3c736f1a-7183-4fa0-91a8-3e6591b43d7f,HUNT REGIONAL MEDICAL CENTER GREENVILLE,Hunt Regional Medical Center Greenville
cc:3c7d488d-dda0-4c03-b5ef-9d47009c59ee,GREENE COUNTY HOSPITAL,Greene County Hospital
cc:3c8b4ba5-f549-40f3-af39-dd1ab93ede8f,COMANCHE COUNTY MEDICAL CENTER,Comanche County Medical Center
cc:3c98b98b-e990-49c2-be3e-71202ab0057c,THE BETTY FORD CENTER,The Betty Ford Center
cc:3ca8928a-1f1d-4c60-8ccc-3e32cb90f6ef,ENCOMPASS HEALTH REHABILITATION HOSPITAL OF MONTGOMERY,Encompass Health Rehabilitation Hospital of Montgomery
cc:3ca9cb4c-fdaa-43ea-9f8b-4463bdadc9e7,SOUTHERN KENTUCKY REHABILITATION HOSPITAL,Southern Kentucky Rehabilitation Hospital
cc:3cbb8d14-1df9-4b09-a6b5-b69de1725e66,HCA FLORIDA UNIVERSITY HOSPITAL,HCA Florida University Hospital
cc:3cc4db11-1175-4050-8b6d-8ceaeeddf163,ASCENSION VIA CHRISTI REHABILITATION HOSPITAL,Ascension Via Christi Rehabilitation Hospital
cc:3cd6a115-34bc-413a-9460-6590ecb5ab72,ATHOL HOSPITAL,Athol Hospital
cc:3ce5b791-13ec-4833-a6f1-12cecb609870,ROCHESTER PSYCHIATRIC CENTER,Rochester Psychiatric Center
cc:3cef4089-2364-479f-ba1c-2866d06f45a8,UNITED MEMORIAL MEDICAL CENTER,United Memorial Medical Center
cc:3d0e157f-44e8-4b8c-a628-b8b2731ca04a,SOUTHWESTERN VIRGINIA MENTAL HEALTH INSTITUTE,Southwestern Virginia Mental Health Institute
cc:3d15e9ef-3775-4380-9537-32c5ebcd6cf0,NEBRASKA METHODIST HOSPITAL,Nebraska Methodist Hospital
cc:3d1c875d-13d7-48a6-8e58-812bffea5f82,SAINT ALPHONSUS REGIONAL MEDICAL CENTER,Saint Alphonsus Regional Medical Center
cc:3d248c2d-26d3-49ee-9e31-cf7981dea6e9,ATRIUM HEALTH PINEVILLE,Atrium Health Pineville
cc:3d323281-be81-4890-bc2f-9fcb47adf76c,BARNES-JEWISH HOSPITAL,Barnes-Jewish Hospital
cc:3d3ed3cf-c611-4236-beb4-2ad3ad577153,TEXAS HEALTH PRESBYTERIAN HOSPITAL PLANO,Texas Health Presbyterian Hospital Plano
cc:3d608019-ef03-4b2c-8418-0797cca0af42,ADVOCATE CONDELL MEDICAL CENTER,Advocate Condell Medical Center
cc:3d736002-af8d-481e-85c9-08f4f20a5f29,DEACONESS GIBSON HOSPITAL,Deaconess Gibson Hospital
cc:3d76ce2f-3bfe-49a0-a4b7-b36439ce97a8,MONTEFIORE ST. LUKE'S CORNWALL CAMPUS,Montefiore St. Luke's Cornwall Campus
cc:3d7ae830-c599-4ab8-8f44-fe8facaae835,WELLSPAN SURGERY AND REHABILITATION HOSPITAL,WellSpan Surgery and Rehabilitation Hospital
cc:3d8073c5-27e0-44b4-bd28-2ea1b0939df3,BAPTIST NORTH MEDICAL CAMPUS,Baptist North Medical Campus
cc:3d87f20a-db9c-426b-9f2b-57911c270bb9,ATRIUM HEALTH ANSON,Atrium Health Anson
cc:3d8a8792-00ac-4cb7-a0eb-9ba3b9b2c030,MARGARETVILLE HOSPITAL,Margaretville Hospital
cc:3d8ccc7a-8dfc-4272-bf70-c1853622a6f5,PHOEBE PUTNEY MEMORIAL HOSPITAL,Phoebe Putney Memorial Hospital
cc:3d9aeee9-23c3-49fd-8e19-f81358bae3ae,THE REHABILITATION HOSPITAL OF BRISTOL,The Rehabilitation Hospital of Bristol
cc:3dbfec74-b30c-4d33-9803-80ff90ded3cb,IU HEALTH FISHERS,IU Health Fishers
cc:3dcb10f5-33cc-48fe-aecf-1b1ebbb79154,CARILION ROANOKE COMMUNITY HOSPITAL,Carilion Roanoke Community Hospital
cc:3dcef6f4-3a0c-4f1c-bfa9-25da109f9790,CLARA BARTON HOSPITAL,Clara Barton Hospital
cc:3dd3c45b-269f-43a4-b57f-b3691190a72a,WILLS MEMORIAL HOSPITAL,Wills Memorial Hospital
cc:3ded3d64-bba7-43a2-82fc-2d2f5ce6798a,ST. CHARLES PRINEVILLE,St. Charles Prineville
cc:3dfdcaba-dc1f-44b8-a097-2287fd458e50,LONESOME PINE HOSPITAL,Lonesome Pine Hospital
cc:3e0327a2-5291-4dd2-99cf-1ece665881ea,BETHESDA HOSPITAL WEST,Bethesda Hospital West
cc:3e182606-f145-43bd-ab10-0227400091e6,WICHITA COUNTY HEALTH CENTER,Wichita County Health Center
cc:3e22a481-196c-440b-81bf-52cc0d95ed49,SOUTH LYON MEDICAL CENTER,South Lyon Medical Center
cc:3e34ecd5-d0fc-4f63-bc7f-875cec493a66,CLEARSKY REHABILITATION HOSPITAL OF MANSFIELD,Clearsky Rehabilitation Hospital of Mansfield
cc:3e3e8126-a6f5-4e27-b01c-c33c651e3e34,VIA LINDA BEHAVIORAL HOSPITAL,Via Linda Behavioral Hospital
cc:3e40d7e2-12fb-4dfe-9836-b7f3f96eb573,HOMESTEAD HOSPITAL,Homestead Hospital
cc:3e58d066-025c-4f6a-96c3-78fd7b74006b,THE MEADOWS SEASONS,The Meadows Seasons
cc:3e65d952-aa7f-48f0-8eec-bcae7bad28fd,WELLSTAR PAULDING MEDICAL CENTER,Wellstar Paulding Medical Center
cc:3e67bc65-65bd-41aa-8e86-6a82cac50b74,CARRUS BEHAVIORAL HEALTH HOSPITAL,Carrus Behavioral Health Hospital
cc:3e6ad966-c82b-4978-876f-7393d6e26de4,WINDMOOR HEALTHCARE OF CLEARWATER,Windmoor Healthcare of Clearwater
cc:3e712758-62a8-4254-b7c2-5e37d7e45183,NELL J. REDFIELD MEMORIAL HOSPITAL,Nell J. Redfield Memorial Hospital
cc:3e7663a6-98d0-4696-a480-14453bf49828,JOHNSON COUNTY HOSPITAL,Johnson County Hospital
cc:3e870cbb-b3af-44a8-8cda-47894a286e31,SHASTA REGIONAL MEDICAL CENTER,Shasta Regional Medical Center
cc:3e8974c5-583a-468e-abe7-73ccb5a4cde2,ENNIS REGIONAL MEDICAL CENTER,Ennis Regional Medical Center
cc:3e95263b-8379-4f64-b52d-5162c9b6cc6b,MEMORIAL HOSPITAL OF UNION COUNTY,Memorial Hospital of Union County
cc:3e9aef5f-e14c-4191-9c40-543365750b6a,INTEGRIS MIAMI HOSPITAL,Integris Miami Hospital
cc:3ea449ae-56ae-4555-bdf7-983a09ba7b9f,OCEANS BEHAVIORAL HOSPITAL OF GREATER NEW ORLEANS - MARRERO,Oceans Behavioral Hospital of Greater New Orleans - Marrero
cc:3ea517b8-b8bd-440a-ad44-0f0092633185,ADVENTHEALTH WESLEY CHAPEL,AdventHealth Wesley Chapel
cc:3eaa4498-2507-4875-8f8c-1454504bac6b,HOUSTON METHODIST WEST HOSPITAL,Houston Methodist West Hospital
cc:3eabffb9-bbad-4e1c-add4-a8773289eccb,MAGEE GENERAL HOSPITAL,Magee General Hospital
cc:3eae2db3-6ad5-4934-be2d-fc05f51dc9d8,AVERA FLANDREAU HOSPITAL,Avera Flandreau Hospital
cc:3eb3cda9-e2a3-4524-8832-986253e9366f,WINCHESTER HOSPITAL,Winchester Hospital
cc:3eb4307f-7840-4d7e-89f6-662afee88d55,UAB ST. VINCENT'S BLOUNT,UAB St. Vincent's Blount
cc:3eb7fee9-6c2c-4178-827b-624b0da65675,QUAIL CREEK SURGICAL HOSPITAL,Quail Creek Surgical Hospital
cc:3ebdb036-0ea0-420b-b572-b67234ef27f6,KAISER PERMANENTE SAN DIEGO MEDICAL CENTER,Kaiser Permanente San Diego Medical Center
cc:3ec5a6e1-dc4b-49a7-af0c-38ec9463b5a9,MEMORIAL REGIONAL HOSPITAL SOUTH,Memorial Regional Hospital South
cc:3ec74fa1-a9cf-4c44-88ad-07667c173320,HOLY CROSS HOSPITAL,Holy Cross Hospital
cc:3ecd4612-7195-4549-a9eb-efd0a037c4dc,BEAR LAKE MEMORIAL HOSPITAL,Bear Lake Memorial Hospital
cc:3ed2579a-cb4e-46e1-87a1-7c4565423cd0,UPMC MCKEESPORT,UPMC McKeesport
cc:3ed2f0cc-a47c-4315-a443-4386ba9db336,FAMILY CARE CENTER AT DAINGERFIELD,Family Care Center at Daingerfield
cc:3ee65831-2cb8-455d-aa76-068ea2c24a65,RIVERWOODS BEHAVIORAL HEALTH SYSTEM,Riverwoods Behavioral Health System
cc:3ee8b493-c886-449d-83be-d5d13ff68642,MONROE COUNTY HOSPITAL,Monroe County Hospital
cc:3eeb735d-ea42-4c5f-8d2e-9a2f1ccad785,ST. BERNARDS FIVE RIVER MEDICAL CENTER,St. Bernards Five River Medical Center
cc:3ef6c7d3-f1a4-41df-adc5-564c128d3850,ST LUKES HEALTH MEMORIAL LUFKIN,St. Lukes Health Memorial Lufkin
cc:3f05cacd-c610-4333-9eee-b5cc9b975b30,CLEVELAND CLINIC CHILDREN'S HOSPITAL FOR REHAB,Cleveland Clinic Children's Hospital for Rehabilitation
cc:3f226c03-cc13-444c-ac89-404003c14aeb,HCA HOUSTON HEALTHCARE CLEAR LAKE,HCA Houston Healthcare Clear Lake
cc:3f2da9a5-20c9-4ded-bed4-b56c5fc972aa,CHI ST JOSEPH HEALTH BURLESON HOSPITAL,CHI St. Joseph Health Burleson Hospital
cc:3f2dfd24-d21f-4daa-ac4e-7e123c3a61ba,CENTERPOINTE HOSPITAL,Centerpointe Hospital
cc:3f2edcbd-20e6-49a2-bc46-8ae0660fb528,PRESBYTERIAN RUST MEDICAL CENTER,Presbyterian Rust Medical Center
cc:3f34deda-988b-4f24-a854-d0550807f751,PLATTE COUNTY MEMORIAL HOSPITAL,Platte County Memorial Hospital
cc:3f38fbb7-1fbb-4711-893f-827d999bbac3,FREEDOM BEHAVIORAL HOSPITAL MONROE,Freedom Behavioral Hospital Monroe
cc:3f3c39de-1b38-4d89-aea1-b4b75dd55a9c,MARSHALL MEDICAL CENTER,Marshall Medical Center
cc:3f409177-9cf7-4042-9ab0-8d57cad692bf,GOUVERNEUR HOSPITAL,Gouverneur Hospital
cc:3f4aa071-e9a5-4628-a31b-eaf5c37edf6a,TEXAS REHABILITATION HOSPITAL OF KELLER,Texas Rehabilitation Hospital of Keller
cc:3f517cb6-ad52-47a8-ab50-7e93360c6099,CHAPMAN GLOBAL MEDICAL CENTER,Chapman Global Medical Center
cc:3f77495c-3f93-44eb-9251-83dbb05e0862,D. W. MCMILLAN MEMORIAL HOSPITAL,D. W. McMillan Memorial Hospital
cc:3f953a31-50b4-415a-b2d9-c5de597beb3c,NEUROPSYCHIATRIC HOSPITAL OF INDIANAPOLIS,Neuropsychiatric Hospital of Indianapolis
cc:3fa069d6-b702-4eb0-8adf-9b2cbdfd274a,MEDSTAR HEALTH PHYSICAL THERAPY AT GOUCHER COLLEGE,MedStar Health Physical Therapy at Goucher College
cc:3fbd4ee9-a82b-4a50-b9d0-2217d8ee9df6,WELLSPAN GETTYSBURG HOSPITAL,WellSpan Gettysburg Hospital
cc:3fc0b189-ef55-4d99-94c0-320643d7599b,HILL HOSPITAL OF SUMTER COUNTY,Hill Hospital of Sumter County
cc:3fc2f8d3-5431-4888-aa8a-efaa3f09f65f,ENCOMPASS HEALTH REHABILITATION HOSPITAL OF PROSPER,Encompass Health Rehabilitation Hospital of Prosper
cc:3fd5f7e0-ba84-4d0e-927c-1d4e93ee75ff,OCEANS BEHAVIORAL HOSPITAL OF KATY,Oceans Behavioral Hospital of Katy
cc:3fdb989e-2295-4781-a226-445c12f95d04,REHABILITATION HOSPITAL OF SOUTHERN CALIFORNIA,Rehabilitation Hospital of Southern California
cc:3fdd2a4b-cc53-481e-a366-82f28220aaf8,MOUNTAIN VIEW HOSPITAL PAYSON,Mountain View Hospital Payson
cc:3fe5a271-c981-4e10-b27e-4f31bcfb4bf5,CRITTENDEN COMMUNITY HOSPITAL,Crittenden Community Hospital
cc:3ff474ed-2207-4d85-abb6-5113f65a4dec,MOSES TAYLOR HOSPITAL,Moses Taylor Hospital
cc:3ff62b44-54c6-44fd-bfa7-6c9fa3896e13,KECK HOSPITAL OF USC,Keck Hospital of USC
cc:3ff85b05-6a19-41bf-a905-018ad7a00f8e,ADVENTHEALTH PRAIRIE STAR,AdventHealth Prairie Star
cc:40016651-3660-4915-bfe4-71e5abe16a48,ADVANCED EAST HOUSTON HOSPITAL & CLINICS,Advanced East Houston Hospital & Clinics
cc:40080fbb-1081-41b5-a805-d06cc7c1e987,HARBOR OAKS HOSPITAL,Harbor Oaks Hospital
cc:4011634b-6608-404e-88b5-397dd1fb17df,BRYN MAWR REHABILITATION HOSPITAL,Bryn Mawr Rehabilitation Hospital
cc:40153b5b-6509-47c5-8d65-8f9fed82c757,BEACON DOWAGIAC,Beacon Dowagiac
cc:4022b1f8-aa45-4d23-afb0-0f1217a8f432,ATRIUM HEALTH WAKE FOREST BAPTIST DAVIE MEDICAL CENTER,Atrium Health Wake Forest Baptist Davie Medical Center
cc:40401cad-f903-45df-9b7e-b9a635d5ad66,COLLEGE HOSPITAL,College Hospital
cc:4058f3db-7884-43c8-95fc-17c21cc4b477,CRESCENT REGIONAL HOSPITAL,Crescent Regional Hospital
cc:40660b5e-8182-4747-803a-a889bf629bb2,ST ANTHONY HOSPITAL,St. Anthony Hospital
cc:407d6631-8c23-419b-99d2-268c5ef65920,LECONTE MEDICAL CENTER,Leconte Medical Center
cc:407ed286-4dde-400b-a0d9-7794d0e26e59,CATAWBA VALLEY MEDICAL CENTER,Catawba Valley Medical Center
cc:4082ea66-7118-47af-9a18-348bd7444bbf,BEAUFORT MEMORIAL HOSPITAL,Beaufort Memorial Hospital
cc:408648c6-4302-48b4-b05d-7442cc4abadd,CUMBERLAND HALL HOSPITAL,Cumberland Hall Hospital
cc:40cf1504-6164-4661-bad6-51d1a57e4161,NORTHEASTERN CENTER,Northeastern Center
cc:40da6803-63b6-403d-bade-66d54b32da36,VETERANS MEMORIAL HOSPITAL,Veterans Memorial Hospital
cc:40da8cdb-2ac3-4724-86a6-9ef8279add33,UW HEALTH EAST MADISON HOSPITAL,UW Health East Madison Hospital
cc:40dcc173-84d8-464b-a84d-4061922711bb,CHILDRENS HOME OF PITTSBURGH & LEMIEUX FAMILY CENTER,Childrens Home of Pittsburgh & Lemieux Family Center
cc:40e0a073-d93e-4359-917c-553543de5933,RICELAND REGENTS PARK CLINIC,Riceland Regents Park Clinic
cc:40e397f9-c089-4674-950f-6e2c936543c5,MERCY SAN JUAN HOSPITAL,Mercy San Juan Hospital
cc:40f7d21e-090e-45c8-898c-3bcfc56ff5f5,RENOWN REHABILITATION HOSPITAL,Renown Rehabilitation Hospital
cc:40ff1bcf-5c8c-410c-ad91-39eeccc09ade,ORLANDO HEALTH WINNIE PALMER HOSPITAL FOR WOMEN & BABIES,Orlando Health Winnie Palmer Hospital for Women & Babies
cc:4124283c-5676-4f09-9b34-d298b265a900,SELECT SPECIALTY HOSPITAL JOHNSTOWN,Select Specialty Hospital Johnstown
cc:412bba86-4a73-403b-8412-a73669ae3dad,COMPASS BEHAVIORAL CENTER OF ALEXANDRIA,Compass Behavioral Center of Alexandria
cc:41340147-2fa5-455e-8be4-021f1619f2f3,HOSPITAL BUEN SAMARITANO,Hospital Buen Samaritano
cc:41412b0b-94ff-457a-8543-02ab53c461b4,MOUNTAINVIEW BEHAVIORAL HOSPITAL,Mountainview Behavioral Hospital
cc:41415ea8-8e50-435c-9a2d-eeafb726c92a,MCLEOD HEALTH CLARENDON,McLeod Health Clarendon
cc:4158463c-f32a-4057-9555-9d7b6b49714c,MEDSTAR HEALTH PHYSICAL THERAPY AT PIKESVILLE,MedStar Health Physical Therapy at Pikesville
cc:415e6d14-12ec-4756-b53d-3350529be77d,MEDICAL BEHAVIORAL HOSPITAL OF INDIANAPOLIS,Medical Behavioral Hospital of Indianapolis
cc:41851c2b-c4c7-4ef5-a53a-2170285b85d0,CITY OF HOPE ORANGE COUNTY CANCER SPECIALTY HOSPITAL,City of Hope Orange County Cancer Specialty Hospital
cc:41b9fe61-78e0-45be-a96a-61d0d5aa7517,TRINITY MEDICAL,Trinity Medical
cc:41c55d82-6358-4574-87f9-7ef2aaccf194,CARSON TAHOE REGIONAL MEDICAL CENTER,Carson Tahoe Regional Medical Center
cc:41cdab8e-3683-458a-b00e-02c438c966ab,CHI HEALTH LAKESIDE,CHI Health Lakeside
cc:41e17689-7385-4158-b379-3d515d87e0e0,FAMILY HOSPITAL AT LAKE TRAVIS,Family Hospital at Lake Travis
cc:41eb0dd2-2d9d-4e61-af25-a2eeaa3e84b6,BAYLOR SCOTT & WHITE MEDICAL CENTER BUDA,Baylor Scott & White Medical Center Buda
cc:41fcfdba-7dda-4d2a-9a1f-839e1a2833bb,PRINCETON HOUSE BEHAVIORAL HEALTH,Princeton House Behavioral Health
cc:4209ed50-c0b7-4d02-9fbb-530eacaa8f58,ST. ELIZABETH HOSPITAL,St. Elizabeth Hospital
cc:42124e88-ab08-4c15-ad3a-248b641c99f5,HOBOKEN UNIVERSITY HOSPITAL,Hoboken University Hospital
cc:421bee53-148a-4567-84ea-50db5126a539,COMMONSPIRIT ST. ELIZABETH HOSPITAL,Commonspirit St. Elizabeth Hospital
cc:4221d3a5-4ad2-4c7d-916b-cba5f3d5f786,NORTH ALABAMA SPECIALTY HOSPITAL,North Alabama Specialty Hospital
cc:422bf8ab-5528-46cd-8aaf-4df376a98c65,POWER COUNTY HOSPITAL DISTRICT,Power County Hospital District
cc:4230eee6-8197-4fa3-be59-95238c5f9c2c,WESTERN NEW YORK CHILDREN'S PSYCHIATRIC CENTER,Western New York Children's Psychiatric Center
cc:423b0754-a6d4-4f7f-bfc2-e26d8e56c29f,AURORA CHARTER OAK,Aurora Charter Oak
cc:42434acd-3755-4d78-8280-cec886142107,OKLAHOMA CHILDREN'S HOSPITAL OU HEALTH,Oklahoma Children's Hospital OU Health
cc:425a909b-0716-4b80-bb5a-8b5d2e562b2e,NEW YORK PRESBYTERIAN HOSPITAL - COLUMBIA UNIVERSITY IRVING MEDICAL CENTER,New York Presbyterian Hospital - Columbia University Irving Medical Center
cc:4262b6bf-2fde-4bbe-ab96-b44b710c3fb8,KETTERING HEALTH WASHINGTON TOWNSHIP,Kettering Health Washington Township
cc:4267df55-e32a-4b09-b5d7-9f43238d1435,BANNER NORTH COLORADO MEDICAL CENTER,Banner North Colorado Medical Center
cc:427ad012-05f0-40d7-8c08-c4d466cf57d4,REHABILITATION HOSPITAL OF RHODE ISLAND,Rehabilitation Hospital of Rhode Island
cc:42890543-0766-43d0-9d31-6ede46cc0596,UNIVERSITY MEDICAL CENTER OF SOUTHERN NEVADA,University Medical Center of Southern Nevada
cc:42904a10-489d-4454-a30e-5a506b04a62f,LAFAYETTE PHYSICAL REHABILITATION HOSPITAL,Lafayette Physical Rehabilitation Hospital
cc:4296469b-e792-4052-81d7-257c69e3faad,BANNER CHILDREN'S AT DESERT,Banner Children's at Desert
cc:42af2512-20f3-4f37-8811-e1b95be5f767,WOOSTER COMMUNITY HOSPITAL,Wooster Community Hospital
cc:42ca365f-6c75-4760-9e34-dd53b728551b,NORTHWESTERN MEDICINE WOODSTOCK HOSPITAL,Northwestern Medicine Woodstock Hospital
cc:42d06e36-fe58-46ba-bdec-2042bb419591,IRON COUNTY MEDICAL CENTER,Iron County Medical Center
cc:42d48538-d358-4019-b74e-dff1a4b2d165,ST. MARKS HOSPITAL,St. Marks Hospital
cc:42e7cd44-04b9-45ff-a838-0341f06d47eb,AUXILIO MUTUO HOSPITAL,Auxilio Mutuo Hospital
cc:42ee6433-96d6-4e59-8119-2a7afcbc0a74,SPARTANBURG HOSPITAL FOR RESTORATIVE CARE,Spartanburg Hospital for Restorative Care
cc:42f30f33-a7f2-413d-b26a-e4aea01672dc,MOLOKAI GENERAL HOSPITAL,Molokai General Hospital
cc:42f959f4-2a92-449d-a6ec-fb1104d51e3c,KINDRED HOSPITAL SANTA ANA,Kindred Hospital Santa Ana
cc:4300848d-9d25-45e4-86ef-05cd58206e38,VANDERBILT WILSON COUNTY HOSPITAL,Vanderbilt Wilson County Hospital
cc:43040534-ab7b-4da5-adbe-32206fcc7828,NOLAND HOSPITAL TUSCALOOSA,Noland Hospital Tuscaloosa
cc:430bd59d-6db2-4dd1-97c3-5fae342f553c,UNITYPOINT HEALTH IOWA LUTHERAN HOSPITAL,UnityPoint Health Iowa Lutheran Hospital
cc:430d71da-8c21-44a3-b83d-fdfe6e49f849,SELECT SPECIALTY HOSPITAL - AUGUSTA,Select Specialty Hospital - Augusta
cc:43129cf1-ff07-4cea-a0de-6f355db739ba,MYMICHIGAN MEDICAL CENTER STANDISH,Mymichigan Medical Center Standish
cc:43133f96-0c2a-4716-a915-d52f306594fd,NOXUBEE GENERAL HOSPITAL,Noxubee General Hospital
cc:43201830-d4ef-4167-a414-a698dfee879d,WOLFSON CHILDREN'S HOSPITAL MAIN CAMPUS,Wolfson Children's Hospital Main Campus
cc:4329d387-8de3-41e5-97bb-b090c3e4bd58,BAPTIST NEIGHBORHOOD HOSPITAL KELLY,Baptist Neighborhood Hospital Kelly
cc:432a72a1-9e2f-4d36-a8c7-1ed07fb38f66,ASCENSION SETON SOUTHWEST HOSPITAL,Ascension Seton Southwest Hospital
cc:4331b6fb-efd8-46bf-a091-1a9ba1440b04,ENCOMPASS HEALTH REHABILITATION HOSPITAL OF PANAMA CITY,Encompass Health Rehabilitation Hospital of Panama City
cc:4335b142-440a-4db6-b78d-dc6c0c2ec598,COMMUNITY MEMORIAL HOSPITAL - OJAI,Community Memorial Hospital - Ojai
cc:433d2beb-02eb-4a56-a202-eb9bd3db38ef,RESEARCH MEDICAL CENTER - BROOKSIDE CAMPUS,Research Medical Center - Brookside Campus
cc:434017b1-f494-41bd-90aa-69ab104e6499,SILVER OAKS BEHAVIORAL HOSPITAL,Silver Oaks Behavioral Hospital
cc:43412490-e3df-476c-aed3-3f87b11b014c,WABASH GENERAL HOSPITAL,Wabash General Hospital
cc:434fa916-54e9-492d-b3f0-b2c9ee364c57,HCA FL CASSELBERRY FSED,HCA Fl Casselberry Fsed
cc:43508943-8d35-4cf9-a893-41c8427edc03,PIKEVILLE MEDICAL CENTER,Pikeville Medical Center
cc:4352789d-c377-4acb-8e36-677d1a94b5d8,HCA HEALTHONE MOUNTAIN RIDGE,HCA HealthONE Mountain Ridge
cc:436b22ef-4325-491f-8da0-02be3af1c290,PARKVIEW DEKALB HOSPITAL,Parkview DeKalb Hospital
cc:436b9b9f-3a67-4e2c-96f4-ba7e5794d3eb,CINCINNATI CHILDREN'S COLLEGE HILL CAMPUS,Cincinnati Children's College Hill Campus
cc:4378e896-0cea-46b2-8be8-c8566f364915,NORTHRIDGE HOSPITAL MEDICAL CENTER,Northridge Hospital Medical Center
cc:438b8a4b-98f2-421b-b7b2-d019b1e9d3f5,ASPIRUS STANLEY HOSPITAL,Aspirus Stanley Hospital
cc:438bdb1b-4eeb-4fd3-b9c3-7319752d92f0,EUCLID HOSPITAL,Euclid Hospital
cc:4397bba4-631e-4e10-81b7-89baec84459e,SAINT MARY'S REGIONAL MEDICAL CENTER,Saint Mary's Regional Medical Center
cc:439f9c41-793d-4a69-9784-b875ce69c670,MINERAL COMMUNITY HOSPITAL,Mineral Community Hospital
cc:43a2d873-7f71-481d-871d-52b07c4e46ab,CHESHIRE MEDICAL CENTER,Cheshire Medical Center
cc:43ab8c76-a868-4cd6-8900-bbb14c01c25e,PROVIDENCE MILWAUKIE HOSPITAL,Providence Milwaukie Hospital
cc:43ac9b1d-ba1f-4f14-9be7-ec0db05cadaf,MERCY HEALTH - ST CHARLES HOSPITAL,Mercy Health - St. Charles Hospital
cc:43b9c6ab-0d6f-420f-9279-55d290c7a9b5,DIGNITY HEALTH ST. ROSE DOMINICAN BLUE DIAMOND CAMPUS,Dignity Health St. Rose Dominican Blue Diamond Campus
cc:43d794a0-531b-4ea6-b931-c82c15e0af96,GEORGE C GRAPE COMMUNITY HOSPITAL,George C. Grape Community Hospital
cc:43d82d36-3930-430b-bb5c-030e5caac4f0,NEBRASKA MEDICINE BELLEVUE MEDICAL CENTER,Nebraska Medicine Bellevue Medical Center
cc:43de3eb8-dbe1-427a-a877-91be3b98eade,MAPLE GROVE HOSPITAL,Maple Grove Hospital
cc:43e63121-34e6-44db-aefd-b287d593878a,LAKE MARTIN COMMUNITY HOSPITAL,Lake Martin Community Hospital
cc:43f9c09c-975a-4035-afac-183496fb13fc,PINEWOOD SPRINGS,Pinewood Springs
cc:43fece28-5bc5-45de-8fab-4b1c2b9b93b4,POMERENE HOSPITAL,Pomerene Hospital
cc:441f386b-6712-4b76-9191-ed48ec934487,CHOCTAW NATION INDIAN HOSPITAL (TALIHINA),Choctaw Nation Indian Hospital (Talihina)
cc:442d8ac9-c5d7-411f-8e9e-4d16ffb96758,GOOD SHEPHERD MEDICAL CENTER,Good Shepherd Medical Center
cc:442f9d68-adbc-43f3-a8db-3491f5bd9930,ST JOSEPH'S MEDICAL CENTER,St. Joseph's Medical Center
cc:443631ff-6681-48c3-96ed-88670e050ec1,MAYO CLINIC HEALTH SYSTEM FRANCISCAN MEDICAL CENTER LA CROSSE,Mayo Clinic Health System Franciscan Medical Center la Crosse
cc:443e19f6-ebd2-472e-8d6c-986cba927b8f,TIFT REGIONAL MEDICAL CENTER,Tift Regional Medical Center
cc:44564e84-c2ee-46cf-b9a4-e002405b4472,ENCOMPASS HEALTH REHABILITATION HOSPITAL VISION PARK,Encompass Health Rehabilitation Hospital Vision Park
cc:44582108-ab5a-40ff-99a0-ba9bc247158a,PINEVILLE COMMUNITY HOSPITAL,Pineville Community Hospital
cc:445b0cfb-ad90-4abb-a664-f8f45b02117f,STONEY BROOK SOUTHAMPTON HOSPITAL,Stoney Brook Southampton Hospital
cc:446dac6f-bf02-427b-b226-057b1eabe2ab,MOTION PICTURE AND TELEVISION HOSPITAL,Motion Picture and Television Hospital
cc:448107bf-2445-4e1b-bd82-7c3469e8087a,ASPIRUS RHINELANDER HOSPITAL,Aspirus Rhinelander Hospital
cc:448d9e56-b5d1-4bda-a1d3-4b6f33833a9a,CHRISTUS HOSPITAL ORANGE,CHRISTUS Hospital Orange
cc:4495279e-5667-46c3-8b06-beef5c387d68,ROBERT WOOD JOHNSON UNIVERSITY HOSPITAL SOMERSET,Robert Wood Johnson University Hospital Somerset
cc:44ac2e0a-5216-407d-9672-9f1ef35ef3c3,UNIVERSITY OF MARYLAND BALTIMORE WASHINGTON MEDICAL CENTER,University of Maryland Baltimore Washington Medical Center
cc:44afc078-022e-4f33-8a83-fc1842414ca7,MONTEVIDEO HOSPITAL AND CLINIC,Montevideo Hospital and Clinic
cc:44c8d95b-3869-4b2a-9741-816144cbbbe5,KINDRED HOSPITAL LOS ANGELES,Kindred Hospital los Angeles
cc:44c915e8-c20a-4b68-aa4b-05550b39bcce,SELECT SPECIALTY HOSPITAL MADISON,Select Specialty Hospital Madison
cc:44dc2059-4659-4582-9932-aa7f99834885,COOPER UNIVERSITY HOSPITAL CAPE REGIONAL,Cooper University Hospital Cape Regional
cc:44e36ba5-014e-4d97-bdaf-d976d4e02727,ARROWHEAD BEHAVIORAL HEALTH,Arrowhead Behavioral Health
cc:44ecd965-f87e-43fc-a0a8-f29770e1a77e,PENN STATE HEALTH LANCASTER MEDICAL CENTER,Penn State Health Lancaster Medical Center
cc:44fcd049-9513-484e-a259-11950da8c516,ASPIRUS EAGLE RIVER HOSPITAL,Aspirus Eagle River Hospital
cc:4511ea8d-c0bc-47f6-a037-61bee40fda97,DECATUR MORGAN HOSPITAL PARKWAY CAMPUS,Decatur Morgan Hospital Parkway Campus
cc:45121a74-09d9-4615-b6a3-ae0e2acbe76d,SUTTER HEALTH MILLS-PENINSULA MEDICAL CENTER,Sutter Health Mills-Peninsula Medical Center
cc:4517048f-16c7-4cd3-ac8a-f2a75dcb302e,DOCTORS CENTER HOSPITAL SAN FERNANDO DE CAROLINA,Doctors Center Hospital San Fernando de Carolina
cc:453bdfe3-e86c-4f21-85ef-6b47a4e3a608,HONORHEALTH GREENBAUM SURGICAL SPECIALTY HOSPITAL,HonorHealth Greenbaum Surgical Specialty Hospital
cc:453d91ef-5b8b-4989-8485-3789f80a7388,PANHANDLE SURGICAL HOSPITAL,Panhandle Surgical Hospital
cc:454396be-9463-412d-b081-4f3707576d2b,SUTTER SURGICAL HOSPITAL NORTH VALLEY,Sutter Surgical Hospital North Valley
cc:454cad58-88b5-4adc-a4f3-fa73ab8340e7,LAWRENCE REHABILITATION HOSPITAL,Lawrence Rehabilitation Hospital
cc:4550ffa8-0842-46de-8f80-57399fdfa643,PATIENTS' HOSPITAL OF REDDING,Patients' Hospital of Redding
cc:455133c5-5b61-4c1f-a864-31c75ed6befc,SCA HEALTH ORTHOPEDIC INSTITUTE SURGERY CENTER,SCA Health Orthopedic Institute Surgery Center
cc:455c7f54-f7dc-4215-8c57-e5926b4ae965,INOVA SPECIALTY HOSPITAL,Inova Specialty Hospital
cc:455f4d07-ffc7-48dd-8088-593a8f5236aa,MAYO CLINIC HEALTH SYSTEM EAU CLAIRE,Mayo Clinic Health System Eau Claire
cc:4565db5e-f193-427d-a2fe-6cb9b31db86e,ADVENTHEALTH CONNERTON,AdventHealth Connerton
cc:4569885d-77ba-425c-90f0-2d693f82adbd,EXCEPTIONAL COMMUNITY HOSPITAL MARICOPA,Exceptional Community Hospital Maricopa
cc:4585dcf9-2b47-43dc-81a7-bea496fcd2a5,BOSTON CHILDREN'S HOSPITAL NORTH DARTMOUTH,Boston Children's Hospital North Dartmouth
cc:4597551b-b374-44f3-a5f5-0bc9f8ab220f,JUPITER MEDICAL CENTER,Jupiter Medical Center
cc:459bb7b3-c2a0-4a92-ba91-199bdf243c8e,BAPTIST MEDICAL CENTER SOUTH,Baptist Medical Center South
cc:45a12c1a-0438-41f4-b2ed-913ef86cb837,AKRON CHILDREN'S HOSPITAL MAHONING VALLEY,Akron Children's Hospital Mahoning Valley
cc:45aaad69-4c81-43c4-a939-fcc6e608dda9,SOUTHERN NEW HAMPSHIRE MEDICAL CENTER,Southern New Hampshire Medical Center
cc:45ab538a-7282-41d3-baa1-7851cededdf3,CORALVITA RICHARDSON,Coralvita Richardson
cc:45b2ef5b-4b5e-4dbb-aab5-6dc4eba90273,WETZEL COUNTY HOSPITAL,Wetzel County Hospital
cc:45b4f021-45ef-4bff-bf83-7440e1a1b9aa,PETERSON REGIONAL MEDICAL CENTER,Peterson Regional Medical Center
cc:45cb1876-e18a-46db-8004-e1155fc77171,SAVOY MEDICAL CENTER,Savoy Medical Center
cc:45dffa3f-8893-4760-b4eb-672479a687ae,KINDRED HOSPITAL DALLAS CENTRAL,Kindred Hospital Dallas Central
cc:45ec3b87-71ba-482d-b6d6-67b28dae73ef,ATRIUM HEALTH LEVINE CHILDREN'S BEVERLY KNIGHT OLSON CHILDREN'S HOSPITAL,Atrium Health Levine Children's Beverly Knight Olson Children's Hospital
cc:45ede35e-fddf-49c0-8664-c978190fe40f,SENTARA HOSPITAL FOR EXTENDED RECOVERY,Sentara Hospital for Extended Recovery
cc:45f11bd5-a2a0-44b0-979e-993e728ddf6e,UCLA WEST VALLEY MEDICAL CENTER,UCLA West Valley Medical Center
cc:45f7bc49-7bd0-4b20-9cf8-66a8fcfb2a09,CLAIBORNE MEMORIAL MEDICAL CENTER,Claiborne Memorial Medical Center
cc:45fd21d5-05d3-4ad2-912f-9b43bea2ec65,CHILDREN'S HEALTHCARE OF ATLANTA ARTHUR M. BLANK HOSPITAL,Children's Healthcare of Atlanta Arthur M. Blank Hospital
cc:4613640f-e234-468a-bec0-65ebe9d68266,GATEWAYS HOSPITAL AND MENTAL HEALTH CENTER,Gateways Hospital and Mental Health Center
cc:46157eff-d1c2-4f83-99f7-83d5dee076e8,ARROWHEAD REGIONAL MEDICAL CENTER,Arrowhead Regional Medical Center
cc:46196fa0-b9bf-495c-a7ad-de9dc92b2a1d,ENCOMPASS HEALTH REHABILITATION HOSPITAL OF ALTAMONTE SPRINGS,Encompass Health Rehabilitation Hospital of Altamonte Springs
cc:461e38a8-5ddd-4c0f-81eb-bbcaeab9e472,JAVON BEA HOSPITAL-RIVERSIDE,Javon Bea Hospital-Riverside
cc:4626e6af-4589-4d76-877a-1236410588dc,EAST ADAMS RURAL HEALTHCARE,East Adams Rural Healthcare
cc:463bc679-7e30-4916-9b5f-8056c271fb1a,BEN TAUB HOSPITAL,Ben Taub Hospital
cc:46426d59-7b5c-4dbd-9188-9295f6ac3916,GLENDORA COMMUNITY HOSPITAL,Glendora Community Hospital
cc:46437d96-4d15-40c4-83c9-d87167bd0323,SELECT SPECIALTY HOSPITAL - WEIRTON,Select Specialty Hospital - Weirton
cc:465784d2-5590-48bc-b223-123bb4045241,TEMECULA VALLEY HOSPITAL,Temecula Valley Hospital
cc:46678b87-3ce6-448e-9945-f60b1a599a57,UOFL HEALTH - MEDICAL CENTER NORTHEAST,UofL Health - Medical Center Northeast
cc:466b651d-3941-440a-a16e-2d464ba6f043,ADVENTHEALTH ALTAMONTE SPRINGS,AdventHealth Altamonte Springs
cc:4670fe37-b39a-4205-8605-dd468b727143,ASCENSION VIA CHRISTI ST. FRANCIS,Ascension Via Christi St. Francis
cc:467e2c14-1b87-4f6a-b8af-3a00515ea0f2,SOUTH BEACH PSYCHIATRIC CENTER,South Beach Psychiatric Center
cc:46818f80-c01d-46d2-9720-fe4c28c16695,BAKERSFIELD BEHAVIORAL HEALTHCARE HOSPITAL,Bakersfield Behavioral Healthcare Hospital
cc:46842fc8-9525-40e5-b33b-8cb828397136,ARROYO GRANDE COMMUNITY HOSPITAL,Arroyo Grande Community Hospital
cc:4687553a-7f30-4045-9e7b-97b3a8e7ddee,ARIZONA SPINE & JOINT HOSPITAL,Arizona Spine & Joint Hospital
cc:468a1654-d7e4-4230-8230-e54bfcbee5c7,CEDAR HILL REGIONAL MEDICAL CENTER GW HEALTH,Cedar Hill Regional Medical Center Gw Health
cc:468ca974-a976-4849-92d1-845618251496,RIVEREDGE HOSPITAL,Riveredge Hospital
cc:4699a421-1583-488a-b677-7d94222ed5cc,MIDHUDSON REGIONAL HOSPITAL,Midhudson Regional Hospital
cc:46b7dcc6-eb7f-4972-8863-8c6c1f326522,COACHELLA VALLEY BEHAVIORAL HEALTH,Coachella Valley Behavioral Health
cc:46b7f73b-ebc7-4069-b91e-d8ab9ca08792,CHAMBERS HEALTH,Chambers Health
cc:46bbbe69-309a-47b2-9f87-49e992c80ec5,MEMORIAL HOSPITAL BELLEVILLE,Memorial Hospital Belleville
cc:46c3866e-287a-48de-ada3-8a03ed6b1da9,MONROE COMMUNITY HOSPITAL,Monroe Community Hospital
cc:46d1d38b-10ce-4566-8365-3c6a491e57d0,HAWARDEN REGIONAL HEALTHCARE,Hawarden Regional Healthcare
cc:46d3256c-5a8e-4ada-bd87-0a5766868992,REHABILITATION INSTITUTE OF SOUTH SAN ANTONIO,Rehabilitation Institute of South San Antonio
cc:46d33787-1626-411d-8ed5-2265b535d77f,NEWARK BETH ISRAEL MEDICAL CENTER,Newark Beth Israel Medical Center
cc:46e2ddee-b04c-440c-913c-7e532397519c,HUNTINGTON HOSPITAL,Huntington Hospital
cc:46e60dc3-337a-47f5-b608-be3392f207cd,FLORIDA MEDICAL CENTER,Florida Medical Center
cc:46e8113f-d6bf-43b6-8750-8d9ceb1250a2,MEDICAL CITY ALLIANCE,Medical City Alliance
cc:470be6f1-c6c3-4b00-a570-ea83b9f7be34,PENN HIGHLANDS MON VALLEY HOSPITAL,Penn Highlands Mon Valley Hospital
cc:4712c86e-f472-4930-9d14-60f1afefaa3c,ST. JOSEPH REGIONAL HEALTH CENTER - BRYAN,St. Joseph Regional Health Center - Bryan
cc:47139c90-0d9b-4409-9470-8575c78f1380,ENCOMPASS HEALTH REHABILITATION HOSPITAL OF TUSTIN,Encompass Health Rehabilitation Hospital of Tustin
cc:471f0679-771f-4bf8-81a5-b363da3c3555,SYOSSET HOSPITAL,Syosset Hospital
cc:471f63d7-8e01-461c-9f99-0d27e76a297f,MILWAUKEE CAMPUS-CHILDREN'S WISCONSIN,Milwaukee Campus-Children's Wisconsin
cc:472a8049-71e2-483c-a568-c81472483388,MULTICARE CAPITAL MEDICAL CENTER,MultiCare Capital Medical Center
cc:4738ce3a-f616-40f2-af8e-226e0dbffcfa,ENCOMPASS HEALTH REHABILITATION HOSPITAL OF NORTH MEMPHIS,Encompass Health Rehabilitation Hospital of North Memphis
cc:473e25f3-c60c-4e9b-bbf9-94bc6ae1bda8,THREE RIVERS HOSPITAL,Three Rivers Hospital
cc:4744797b-f168-4352-a25b-a6b01c1f84ed,ST. MICHAEL MEDICAL CENTER,St. Michael Medical Center
cc:4746d82f-abf3-4040-82bc-daba824097fd,CAPE FEAR VALLEY HOKE HOSPITAL,Cape Fear Valley Hoke Hospital
cc:474b3d63-3b77-46f5-a082-ae42fbc4328a,BANNER DESERT MEDICAL CENTER,Banner Desert Medical Center
cc:474b4f5f-337a-4baf-9690-df60393a04e0,MERCY HOSPITAL BOONEVILLE,Mercy Hospital Booneville
cc:475ac089-14f8-4054-829f-c9d2979c3e49,BARTLETT REGIONAL HOSPITAL,Bartlett Regional Hospital
cc:4766f48e-59f4-4b57-92f6-6d7c67585375,ST. JOHN'S RIVERSIDE HOSPITAL - DOBBS FERRY,St. John's Riverside Hospital - Dobbs Ferry
cc:477434ee-8d18-4071-90ae-4a58dd3f6f63,PROVIDENCE SWEDISH REHABILITATION HOSPITAL,Providence Swedish Rehabilitation Hospital
cc:4775830c-0d16-44c5-935b-e421f37887de,LIVINGSTON REGIONAL HOSPITAL,Livingston Regional Hospital
cc:477cde00-9335-487e-9a1e-27fc25c20064,MCLAREN CARO REGION,McLaren Caro Region
cc:4782e20e-a501-4e06-8ec2-dca63ab85b8c,MOSS MEMORIAL CLINIC,Moss Memorial Clinic
cc:479634c3-1c01-4115-9e01-adac3d27a503,PUTNAM GENERAL HOSPITAL,Putnam General Hospital
cc:479e0db9-c398-4881-b7bc-40345209e3a1,LOMPOC VALLEY MEDICAL CENTER COMPREHENSIVE CARE CENTER D/P S,Lompoc Valley Medical Center Comprehensive Care Center D/P S
cc:47bd681d-ba34-4b78-b78e-aaa4097a8e3a,RUSH COPLEY MEDICAL CENTER,Rush Copley Medical Center
cc:47d8a7ac-8293-4990-a9d8-17d5fa6f5213,SAINT ALPHONSUS REGIONAL REHABILITATION HOSPITAL,Saint Alphonsus Regional Rehabilitation Hospital
cc:47dc286c-065a-4180-8af4-2f28ab6cbc90,O'CONNOR HOSPITAL,O.'Connor Hospital
cc:47eca136-8303-47a5-a59b-db035bb66f61,WELLSPAN CARLISLE HOSPITAL,WellSpan Carlisle Hospital
cc:47f0e454-ad72-4479-bdcd-7729fa8c0017,DOCTORS HOSPITAL OF AUGUSTA,Doctors Hospital of Augusta
cc:47f3b00d-7429-48a7-a0a1-703fb663eaba,MERCYONE DUBUQUE,Mercyone Dubuque
cc:47f66c5f-6a0e-4d14-a51c-8f3dc0f115ad,JEFFERSON COMMUNITY HEALTH CENTER,Jefferson Community Health Center
cc:481708d8-0ee3-49de-8a4c-ca68c78ba91e,MEMORIAL HEALTH SYSTEM OF SOUTHWEST OKLAHOMA.,Memorial Health System of Southwest Oklahoma.
cc:4820b303-9479-4e21-8d9b-5f86b76f3a2b,HCA FLORIDA WOODMONT HOSPITAL,HCA Florida Woodmont Hospital
cc:48285531-f116-4687-ab50-5d8d2b6b2541,ASCENSION ALEXIAN BROTHERS BEHAVIORAL HEALTH HOSPITAL,Ascension Alexian Brothers Behavioral Health Hospital
cc:482a081a-62d1-4a85-8510-f15001afda3d,BAPTIST MEMORIAL HOSPITAL UNION CITY,Baptist Memorial Hospital Union City
cc:48302cbf-2ae1-4d52-ba54-727369c3936a,MORTON PLANT NORTH BAY HOSPITAL,Morton Plant North Bay Hospital
cc:483ce101-d0eb-434f-8f40-db066c58aa76,CHARLOTTE HUNGERFORD HOSPITAL,Charlotte Hungerford Hospital
cc:483ee035-5763-42b3-8a5a-65d5220e24d9,MEDICAL CITY MENTAL HEALTH AND WELLNESS CENTER FRISCO,Medical City Mental Health and Wellness Center Frisco
cc:484473cf-6cd6-4c96-b2d1-6f39d93f6a99,BRAXTON COUNTY MEMORIAL HOSPITAL,Braxton County Memorial Hospital
cc:484971ed-609f-4f96-bd30-9063ad251511,ENCOMPASS HEALTH REHABILITATION HOSPITAL OF ST. AUGUSTINE,Encompass Health Rehabilitation Hospital of St. Augustine
cc:485235e5-dd72-42ae-bc0d-0cce33a7e629,UTAH VALLEY SPECIALTY HOSPITAL,Utah Valley Specialty Hospital
cc:485817d4-e09a-48a7-8da9-5360ae8b4c66,LMH MEMORIAL HOSPITAL,LMH Memorial Hospital
cc:485aa99e-600a-4539-af90-c7d9734f3295,UCHEALTH UNIVERSITY OF CINCINNATI MEDICAL CENTER,UCHealth University of Cincinnati Medical Center
cc:485cda60-a884-407a-9746-70097bd771d8,CALDWELL MEMORIAL HOSPITAL,Caldwell Memorial Hospital
cc:485d6a85-6d55-4300-9edf-1f73f5096ae3,CATHOLIC HEALTH GOOD SAMARITAN UNIVERSITY HOSPITAL,Catholic Health Good Samaritan University Hospital
cc:486b8da5-d559-4cca-abb9-7ada671baca4,HIGHLAND SPRINGS HOSPITAL,Highland Springs Hospital
cc:486e351c-064d-4557-a8bf-0102a52c12da,FAMILY CARE CENTER AT HARTS BLUFF,Family Care Center at Harts Bluff
cc:487db26a-96a7-4a29-8c25-75c0e617314b,COVENANT MEDICAL CENTER COOPER,Covenant Medical Center Cooper
cc:487f3651-b31a-431b-99c0-551e28a20681,RHODE ISLAND HOSPITAL,Rhode Island Hospital
cc:488b0d01-3de3-491d-838e-1153e99ba080,MONTEFIORE MOUNT VERNON HOSPITAL,Montefiore Mount Vernon Hospital
cc:488b95af-b838-4567-88dc-de5af3c0b396,RICE COUNTY DISTRICT HOSPITAL,Rice County District Hospital
cc:4895344b-0634-4e7b-948e-3f7431520c08,WILLAPA HARBOR HOSPITAL,Willapa Harbor Hospital
cc:489c8a3f-0539-4a9a-ac7f-c4452cd5c345,MOUNT SINAI BEHAVIORAL HEALTH CENTER,Mount Sinai Behavioral Health Center
cc:48a172e1-dcfa-4e3f-b75d-bc6be9d127af,PAM HEALTH SPECIALTY HOSPITAL OF SARASOTA,PAM Health Specialty Hospital of Sarasota
cc:48b1b545-52de-4fb0-99b0-126362978693,CHINO VALLEY MEDICAL CENTER,Chino Valley Medical Center
cc:48d0f5db-3920-4699-b391-9b2410d74a7d,MARSHFIELD MEDICAL CENTER RIVER REGION STEVENS POINT CAMPUS,Marshfield Medical Center River Region Stevens Point Campus
cc:48da0b74-51a6-40a9-8ddc-6bbdeff2a2f5,SANDIA CREST BEHAVIORAL HEALTH,Sandia Crest Behavioral Health
cc:48e2ca50-ff7d-4d0e-9061-20faf61ecf4e,NORTHEAST MONTANA HEALTH SERVICES TRINITY HOSPITAL,Northeast Montana Health Services Trinity Hospital
cc:48e87d46-0454-4457-9a88-125185ebebea,CHRISTIANACARE UNION HOSPITAL,Christianacare Union Hospital
cc:48eafcef-d428-4901-8247-1bec522181bc,AHN ALLEGHENY GENERAL HOSPITAL,AHN Allegheny General Hospital
cc:490aa472-3783-4ba8-a0b5-86e311b1c5f4,TOSH - THE ORTHOPEDIC SPECIALTY HOSPITAL,TOSH - The Orthopedic Specialty Hospital
cc:491136c3-bc5c-4df3-9117-1e35892b1d98,LAKE CHARLES MEMORIAL HOSPITAL FOR WOMEN,Lake Charles Memorial Hospital for Women
cc:491310d0-a7c7-41ca-9e64-84b571f35602,SSM HEALTH ST. CLARE HOSPITAL - FENTON,SSM Health St. Clare Hospital - Fenton
cc:49148611-cd7c-4b72-bd88-f6c0e0445b6b,LINDEN OAKS BEHAVIORAL HEALTH,Linden Oaks Behavioral Health
cc:4927f774-bf96-4836-a57c-277f10c09ec7,NOLAND HOSPITAL DOTHAN,Noland Hospital Dothan
cc:49295226-ba9e-4a36-82b5-823c5069adde,SHEPERD HILL HOSPITAL,Sheperd Hill Hospital
cc:4933d7c7-06f0-426a-91be-d3b4e0c9b312,RIVERSIDE METHODIST HOSPITAL,Riverside Methodist Hospital
cc:49379cd9-1d26-4920-b88d-87ba2738f231,DOCTORS HOSPITAL OF LAREDO PROVIDENCE HOSPITAL,Doctors Hospital of Laredo Providence Hospital
cc:4940cc1e-9d17-4b05-969c-e55a3e764094,PROVIDENCE NEWBERG MEDICAL CENTER,Providence Newberg Medical Center
cc:494c1382-9c7e-49d1-bc79-7b85f6ed30fd,OCHSNER BEHAVIORAL HEALTH ACADIANA - LAFAYETTE,Ochsner Behavioral Health Acadiana - Lafayette
cc:494d2248-4c2c-4d82-aec3-c90419e5e383,WORCESTER RECOVERY CENTER AND HOSPITAL,Worcester Recovery Center and Hospital
cc:4966de5f-1b70-4286-81e3-d28fcea2bd2c,BARNES-KASSON COUNTY HOSPITAL,Barnes-Kasson County Hospital
cc:49694930-d694-4017-9926-3a6ad85b2c38,REBOUND BEHAVIORAL HEALTH,Rebound Behavioral Health
cc:497029d5-30aa-41da-a485-3a16b61650d0,IRA DAVENPORT MEMORIAL HOSPITAL INC,Ira Davenport Memorial Hospital Inc
cc:49741db9-f0f3-45e3-bc4e-ad081366fcb6,BENEFIS SENIOR SERVICES,Benefis Senior Services
cc:49755746-803f-4526-a6d3-cfac6c86f923,FRESNO SURGICAL HOSPITAL,Fresno Surgical Hospital
cc:49807931-dfb2-4246-a156-b360cc644731,MEDICAL CITY SURGICAL HOSPITAL ALLIANCE,Medical City Surgical Hospital Alliance
cc:49814510-2a97-402c-8246-9e5a91773073,OCHSNER WATKINS HOSPITAL,Ochsner Watkins Hospital
cc:4987c178-fb87-4c8d-bc87-ee455a956792,BEARTOOTH BILLINGS CLINIC,Beartooth Billings Clinic
cc:499193b0-3364-4793-92e6-227a64d9c0ed,MEMORIAL REGIONAL HOSPITAL,Memorial Regional Hospital
cc:49985a63-8f68-45be-b2f7-8c85eb76d2c3,ALLEN PARISH HOSPITAL,Allen Parish Hospital
cc:499b1535-2aa6-4981-8d2b-d1a78be54aeb,RIVERSIDE DOCTORS' HOSPITAL WILLIAMSBURG,Riverside Doctors' Hospital Williamsburg
cc:499c3d40-7290-4a92-9caa-08ab1ed330e8,LOWER UMPQUA HOSPITAL DISTRICT,Lower Umpqua Hospital District
cc:49a8b136-b53c-446f-b1aa-899ba5ec18dc,SAMARITAN HOSPITAL ST MARY'S CAMPUS,Samaritan Hospital St. Mary's Campus
cc:49b3a0a4-b74c-4881-a986-9e343928aca1,MEDSTAR HEALTH PHYSICAL THERAPY AT BRANDYWINE,MedStar Health Physical Therapy at Brandywine
cc:49bb8edf-ac80-4d4b-ab8c-c171f91c5ec7,SHODAIR CHILDRENS HOSPITAL,Shodair Childrens Hospital
cc:49bc846a-3df4-4218-abb4-d93cbe5d2ccf,GLENCOE REGIONAL HEALTH,Glencoe Regional Health
cc:49cbd04d-af2e-4270-8670-20c8fc558d1a,WENTWORTH-DOUGLASS HOSPITAL,Wentworth-Douglass Hospital
cc:49d1bb57-5b36-4401-9b33-0b06bb318635,MONROE SURGICAL HOSPITAL,Monroe Surgical Hospital
cc:49d5a3d7-1400-495b-96a4-5f996c1fa59b,CONCORD ENDOSCOPY CENTER,Concord Endoscopy Center
cc:49e5d1be-0a2c-4d38-bf81-3dc53eada950,DOUGLAS GARDENS HOSPITAL,Douglas Gardens Hospital
cc:49e7f263-7d06-4528-a08c-46c70c6dd272,NORTHWESTERN MEDICINE MCHENRY HOSPITAL,Northwestern Medicine McHenry Hospital
cc:49f147fd-3c26-4588-81c2-3159ef95ca06,MORRISTOWN MEDICAL CENTER,Morristown Medical Center
cc:49f4cbca-5e7a-45f9-8d63-78992404007b,HUDSON HOSPITAL,Hudson Hospital
cc:4a02295f-cea9-4532-a5a0-c5bc925e4968,HUNTSVILLE HOSPITAL,Huntsville Hospital
cc:4a0751aa-4810-4904-be43-9475c8fff38f,FOOTHILL REGIONAL MEDICAL CENTER,Foothill Regional Medical Center
cc:4a0e2d6b-dce8-403b-9e10-431f14238356,GLEN ROSE MEDICAL CENTER,Glen Rose Medical Center
cc:4a101982-c3f2-49f1-b7b9-65ea5618807a,THOUSAND OAKS SURGICAL HOSPITAL,Thousand Oaks Surgical Hospital
cc:4a16aad9-db5c-4825-8f67-35769b4666d2,HIGHLANDS ARH REGIONAL MEDICAL CENTER,Highlands ARH Regional Medical Center
cc:4a18556d-2e44-4519-b622-d07eb29a2b63,EMORY SAINT JOSEPH'S HOSPITAL,Emory Saint Joseph's Hospital
cc:4a20de20-f0ec-43e7-a065-64ee2ee0da24,HCA FL SQ DARWIN ER,HCA Fl Sq Darwin ER
cc:4a29b9e6-96f7-495b-98b7-a23f625b6f76,OKMULGEE MEDICAL CENTER,Okmulgee Medical Center
cc:4a36369f-99a0-4ae1-9ee5-f21a72381c8e,M HEALTH FAIRVIEW BETHESDA HOSPITAL,M Health Fairview Bethesda Hospital
cc:4a4382c5-1aad-4a09-a9d5-3b2755a5cd9b,NORTHWESTERN MEMORIAL HOSPITAL,Northwestern Memorial Hospital
cc:4a534f47-c3e8-404a-ae0c-d159c231a4fc,VIBRA HOSPITAL OF CENTRAL DAKOTAS,Vibra Hospital of Central Dakotas
cc:4a5c97a0-8745-4b09-bbee-12aca5281110,BANNER PAYSON REGIONAL,Banner Payson Regional
cc:4a5d3e99-f194-484b-9e1f-8ce0b6a5f6e7,EAST ALABAMA MEDICAL CENTER,East Alabama Medical Center
cc:4a67fd45-fed3-47a7-aebb-5e2bee858df7,PAULDING COUNTY HOSPITAL,Paulding County Hospital
cc:4a9c2cbb-7f24-48b6-887b-a3d0b4f9bb15,ENCOMPASS HEALTH REHABILITATION HOSPITAL OF SAN ANTONIO,Encompass Health Rehabilitation Hospital of San Antonio
cc:4aa1c72a-a077-45cd-9ba2-e394e846c569,SELECT SPECIALTY HOSPITAL CHARLESTON,Select Specialty Hospital Charleston
cc:4ab2fe0e-ff63-4c08-a6d2-9f462d2f6e77,NORTON KING'S DAUGHTERS' HEALTH,Norton King's Daughters' Health
cc:4ab35afc-ab72-490d-b418-5f2c45e6ce93,CLEARSKY REHABILITATION HOSPITAL OF LANCASTER,Clearsky Rehabilitation Hospital of Lancaster
cc:4ab9a798-f7cf-4145-a3c4-661068f621ba,DANA-FARBER CANCER INSTITUTE,Dana-Farber Cancer Institute
cc:4ac9dabb-52fa-41a5-aab1-3c0d4fc5db17,LANAI COMMUNITY HOSPITAL,Lanai Community Hospital
cc:4acf6c88-8d71-486e-9b50-c633454ecf11,THE NEUROMEDICAL CENTER REHABILITATION HOSPITAL,The Neuromedical Center Rehabilitation Hospital
cc:4acfd81f-93d7-40a1-ae25-a8b80b7ca4a1,ENCOMPASS HEALTH REHABILITATION INSTITUTE OF LIBERTYVILLE,Encompass Health Rehabilitation Institute of Libertyville
cc:4ad1a9fe-5c9a-40b0-9e7b-244c5f7c1ed4,SOUTH CENTRAL REGIONAL MEDICAL CENTER,South Central Regional Medical Center
cc:4adc91b1-d2cf-46d3-b1c5-de450c8a986c,TAMARACK HEALTH HAYWARD MEDICAL CENTER,Tamarack Health Hayward Medical Center
cc:4af417e3-f1f4-4c38-a72f-708f0a595bd4,METHODIST REHABILITATION HOSPITAL TEXSAN,Methodist Rehabilitation Hospital Texsan
cc:4af4dbd7-adf5-4736-886e-9a21cc293887,MANCHESTER MEMORIAL HOSPITAL,Manchester Memorial Hospital
cc:4b11ea23-f6a4-4f22-86db-316263916af4,ARKANSAS HEART HOSPITAL,Arkansas Heart Hospital
cc:4b1685a4-40b5-402b-890f-f14a423d0638,CHOC HOSPITAL MAIN CAMPUS - ORANGE,Choc Hospital Main Campus - Orange
cc:4b2caff9-6672-4a36-b353-07f474670265,NORMAN REGIONAL HOSPITAL,Norman Regional Hospital
cc:4b53c4f4-a18a-406f-ae54-280b45e5aa5b,BRISTOL HOSPITAL,Bristol Hospital
cc:4b542eba-0981-4200-bdf3-bab7ac22db3b,BRECKINRIDGE MEMORIAL HOSPITAL,Breckinridge Memorial Hospital
cc:4b57528b-feab-428c-894a-25d321d06bae,BAPTIST HEALTH RICHMOND,Baptist Health Richmond
cc:4b6187b7-932c-49c4-9f73-d0b608c40019,PARKVIEW BEHAVIORAL HEALTH INSTITUTE,Parkview Behavioral Health Institute
cc:4b6336b9-5b42-45cb-bb91-18ac274539cb,ASCENSION NE WISCONSIN ST. ELIZABETH HOSPITAL,Ascension Ne Wisconsin St. Elizabeth Hospital
cc:4b65d3ba-1bf0-4d9c-9a35-18196a0a04a5,MEDSTAR HEALTH PHYSICAL THERAPY AT EDGEWOOD,MedStar Health Physical Therapy at Edgewood
cc:4b6898d5-ca26-483d-b3d7-14aba4daf944,SAMPSON REGIONAL MEDICAL CENTER,Sampson Regional Medical Center
cc:4b6bafc7-b935-49f7-b238-2957085dca8d,BAYLOR SCOTT & WHITE PAVILION TEMPLE,Baylor Scott & White Pavilion Temple
cc:4b6f3436-ac35-468e-b756-8039dfbf6b1a,NORTHEASTERN VERMONT REGIONAL HOSPITAL,Northeastern Vermont Regional Hospital
cc:4b7a41f7-30db-48c1-8255-c87bd8bc7b39,HOLY CROSS HOSPITAL,Holy Cross Hospital
cc:4b9d844a-2454-4fc5-bdf5-b194581ab9b2,ACADIA-ST. LANDRY HOSPITAL,Acadia-St. Landry Hospital
cc:4b9f8a96-8530-46b0-bbda-6644c873c637,OTTUMWA REGIONAL HEALTH CENTER,Ottumwa Regional Health Center
cc:4bc1df81-23c6-4464-8033-6fdfeb3cb6ee,CARSON VALLEY HEALTH HOSPITAL,Carson Valley Health Hospital
cc:4bef5a9b-d8e4-488d-814a-1004e19e6fdf,MEMORIAL HERMANN REHABILITATION HOSPITAL KATY,Memorial Hermann Rehabilitation Hospital Katy
cc:4bf6da35-e120-42f5-8660-df66ecb1db65,LAMB HEALTHCARE CENTER,Lamb Healthcare Center
cc:4bfc96e2-c40b-4c5c-8420-100ef4f9ef04,CHILDREN'S HOSPITAL OF RICHMOND AT VCU (BROOK ROAD),Children's Hospital of Richmond at VCU (Brook Road)
cc:4c024a10-ed4b-41e1-879d-c2948c0f6109,HOSPITAL MENONITA COAMO,Hospital Menonita Coamo
cc:4c15659a-7faf-48c3-ad7e-5259903e4e90,CRAIG HOSPITAL,Craig Hospital
cc:4c1a081b-3542-43b5-a76b-f3ac89477485,MAYO CLINIC HEALTH SYSTEM ALBERT LEA,Mayo Clinic Health System Albert Lea
cc:4c234905-86de-4645-86a0-27868b0b0e13,COMMONSPIRIT ST. ANTHONY NORTH HOSPITAL,Commonspirit St. Anthony North Hospital
cc:4c425945-70b5-45dc-b74c-ee6295ac7f26,ADVENTIST HEALTH PORTLAND,Adventist Health Portland
cc:4c5e4283-398a-4690-8ef9-ca2b4802f4bd,TCCADA WILLIAM J. MCCORD ADOLESCENT TREATMENT FACILITY,Tccada William J. McCord Adolescent Treatment Facility
cc:4ca0f78c-2409-4d69-b49d-9224accbf481,MOBERLY REGIONAL MEDICAL CENTER,Moberly Regional Medical Center
cc:4ca372f0-0960-4fee-83fc-df3f963682cf,CEDAR HILLS BEHAVIORAL		BEXAR,Cedar Hills Behavioral Bexar
cc:4cb2ec0c-6a0b-4c99-91cd-0917c686c90f,HOSPITAL DE LA CONCEPCION,Hospital de la Concepcion
cc:4cb85e82-b5f0-419d-90ab-0d04f82f31cd,DECATUR MORGAN HOSPITAL WEST,Decatur Morgan Hospital West
cc:4cc17bc7-ef20-49e6-8a2b-c1602a689c7b,AURORA MEDICAL CENTER BAY AREA,Aurora Medical Center Bay Area
cc:4cc7bfe3-f87c-48a7-a441-305efadc4321,ALTRU HOSPITAL DEVILS LAKE,Altru Hospital Devils Lake
cc:4ccaf9bb-5faf-49d1-a536-48772b074c02,OCEANS BEHAVIORAL HOSPITAL BROUSSARD,Oceans Behavioral Hospital Broussard
cc:4cdf9fae-aacf-451d-b23c-42e52fa1d599,MCLAREN OAKLAND,McLaren Oakland
cc:4ce56bec-5e3e-418b-8f40-7aa972da2a15,RURAL WELLNESS FAIRFAX,Rural Wellness Fairfax
cc:4cf23513-12e5-4c15-9553-a6058c533751,UCHEALTH UNIVERSITY OF COLORADO HOSPITAL,UCHealth University of Colorado Hospital
cc:4cf5124f-e0fc-4924-bcd5-27ed47d1ae1b,UNITY MEDICAL CENTER,Unity Medical Center
cc:4cfc8bee-3f4a-453a-bdff-4697bdc22138,COREWELL HEALTH LUDINGTON HOSPITAL,Corewell Health Ludington Hospital
cc:4d117751-3157-4ba7-a031-23be0ba1c265,SOUTH LINCOLN MEDICAL CENTER,South Lincoln Medical Center
cc:4d1dbb77-de81-47cc-8ef0-2386a8ac3113,THE MEDICAL CENTER AT SCOTTSVILLE,The Medical Center at Scottsville
cc:4d1e23e1-eba2-4b55-921e-0412c72eb189,THE BARIATRIC CENTER OF KANSAS CITY,The Bariatric Center of Kansas City
cc:4d280d8a-3a27-4c14-932c-fc1b87b137df,MERCYONE CENTERVILLE MEDICAL CENTER,Mercyone Centerville Medical Center
cc:4d2fd1cb-a26f-4e9d-9ac4-19b93f69a582,THE NEW MEXICO BEHAVIORAL HEALTH INSTITUTE AT LAS VEGAS,The New Mexico Behavioral Health Institute at Las Vegas
cc:4d34cd1a-89ef-4d8c-9e9c-a699d81220bd,MEMORIALCARE ORANGE COAST MEDICAL CENTER,MemorialCare Orange Coast Medical Center
cc:4d39096a-a0d3-435a-add0-d78c2632d189,UCLA SANTA MONICA MEDICAL CENTER,UCLA Santa Monica Medical Center
cc:4d48219a-3ba4-4fbe-9e99-5c82d6ec5b7b,MAYO CLINIC HEALTH SYSTEM MANKATO,Mayo Clinic Health System Mankato
cc:4d4e6c45-a4fa-45b5-80e5-f96761c12172,NORTHWEST TEXAS  BEHAVIORAL HEALTH,Northwest Texas Behavioral Health
cc:4d72b4cf-3e0f-42aa-a4a9-87fdbb1165aa,CHIPPENHAM HOSPITAL,Chippenham Hospital
cc:4d77d0fe-2159-4a76-b709-caa37e79a7a7,MAYO CLINIC HEALTH SYSTEM CHIPPEWA VALLEY,Mayo Clinic Health System Chippewa Valley
cc:4d796d4e-cd74-4591-a9c1-a0908cc46e53,AURORA MEDICAL CENTER SHEBOYGAN,Aurora Medical Center Sheboygan
cc:4d80e868-c84e-49ff-9b55-b6a524b4f555,ASCENSION SAINT THOMAS REHABILITATION HOSPITAL,Ascension Saint Thomas Rehabilitation Hospital
cc:4d830b57-8b49-4273-a1f1-2fc46de1a98d,MCLAREN THUMB REGION,McLaren Thumb Region
cc:4d892346-d93a-4e76-839f-7bd29c59cce9,HOSP METROPOLITANO DE SAN JUAN,Hospital Metropolitano de San Juan
cc:4d8ffbcb-ea26-4563-9e74-352027aa3b95,PAM HEALTH SPECIALTY HOSPITAL OF ROCKY MOUNT,PAM Health Specialty Hospital of Rocky Mount
cc:4d95f6cb-5901-4326-9700-92736abe25a4,NOVANT HEALTH NEW HANOVER REGIONAL MEDICAL CENTER,Novant Health New Hanover Regional Medical Center
cc:4da122e0-cde8-40c8-b244-5d447dfefffc,BEAUREGARD HEALTH SYSTEM,Beauregard Health System
cc:4dad6d01-e32b-4ff7-aa2e-77cac133052b,MEMORIAL HOSPITAL AND MANOR,Memorial Hospital and Manor
cc:4db43f9e-8621-4231-a8c4-06cb7f13262c,DRUMRIGHT REGIONAL HOSPITAL,Drumright Regional Hospital
cc:4db4586a-0eb1-44d6-844c-21cbb5725af8,MOUNT CARMEL GROVE CITY,Mount Carmel Grove City
cc:4db788ff-56d1-49be-8aca-1b5c064bf414,ST. DAVID'S REHABILITATION HOSPITAL,St. David's Rehabilitation Hospital
cc:4db9476a-af1b-4bf8-bd20-f87e93481378,NORTHFIELD HOSPITAL,Northfield Hospital
cc:4dbbc661-a78c-486f-a3e5-a7263781d3b8,BAYLOR SCOTT & WHITE MEDICAL CENTER IRVING,Baylor Scott & White Medical Center Irving
cc:4dc210d1-7acf-4a4c-b3d9-123a6d1bb2e1,ATRIUM HEALTH UNION WEST,Atrium Health Union West
cc:4dd5bc02-db61-4dd7-ad37-a4221fb7bc7d,ASCENSION COLUMBIA ST. MARY'S HOSPITAL MILWAUKEE,Ascension Columbia St. Mary's Hospital Milwaukee
cc:4ddb1c53-ccaf-42d0-8dbc-ffcd4d702e36,MEMORIAL SLOAN KETTERING IMAGING CENTER,Memorial Sloan Kettering Imaging Center
cc:4deb69f1-c350-4945-999a-7765bb8a96e7,KINDRED HOSPITAL SUGAR LAND,Kindred Hospital Sugar Land
cc:4e046be0-0563-492e-8317-5388d8d7869c,EASTLAND MEMORIAL HOSPITAL,Eastland Memorial Hospital
cc:4e060e48-cf29-4f54-aa28-728b6eac568b,ENCOMPASS HEALTH REHABILITATION HOSPITAL OF TEXARKANA,Encompass Health Rehabilitation Hospital of Texarkana
cc:4e0b760a-fb65-49ee-b4f5-abe1bfec25f2,MORGAN COUNTY ARH HOSPITAL,Morgan County ARH Hospital
cc:4e1d4da5-bdb5-43d2-b01e-08e2007ac08a,ST SIMONS BY-THE-SEA HOSPITAL,St. Simons by-the-Sea Hospital
cc:4e2e4b1c-2341-4797-9014-7236a2f25340,THE BRIDGEWAY,The Bridgeway
cc:4e2f009d-f8e0-4e4d-82be-4cfec683919f,ZUCKERBERG SAN FRANCISCO GENERAL HOSPITAL AND TRAUMA CENTER,Zuckerberg San Francisco General Hospital and Trauma Center
cc:4e3cb7ad-68f7-4e32-b82a-977ee1b754a8,MARIE GREEN PSYCHIATRIC CENTER - P H F,Marie Green Psychiatric Center - P H F
cc:4e3e355f-0f98-4d6f-9ea8-0031543decaa,UNITY HEALTH - JACKSONVILLE,Unity Health - Jacksonville
cc:4e52cb73-3b10-4ce0-901a-5d762f428519,OZARKS COMMUNITY HOSPITAL OF GRAVETTE,Ozarks Community Hospital of Gravette
cc:4e57277d-a678-4d80-b402-588bd35f1568,CAMERON HOSPITAL,Cameron Hospital
cc:4e5e623a-93e7-4890-b607-89a24257d936,PENN MEDICINE DOYLESTOWN HEALTH,Penn Medicine Doylestown Health
cc:4e5e935c-b23e-4bac-b2ba-6765c14df955,ASCENSION SETON EDGAR B DAVIS HOSPITAL,Ascension Seton Edgar B. Davis Hospital
cc:4e67684a-a186-4e1c-a073-23b7d35bdb65,KOOTENAI HEALTH,Kootenai Health
cc:4e67fd93-4e6d-41f0-80dc-42140e58cf9a,MONROE COUNTY HOSPITAL,Monroe County Hospital
cc:4e73a45e-ac78-42b0-896d-88ce01c92bd4,MISSISSIPPI BAPTIST MEDICAL CENTER JACKSON,Mississippi Baptist Medical Center Jackson
cc:4e78dada-ba7e-494d-8293-500a991039ec,VALLEY HEALTH SPECIALTY HOSPITAL,Valley Health Specialty Hospital
cc:4e882975-6d9d-49d4-bfa1-6e22730be3e3,DMC HUTZEL WOMEN'S HOSPITAL,DMC Hutzel Women's Hospital
cc:4ea08db3-1fff-4abd-869e-632c62ffe096,TEXAS HEALTH ALLIANCE,Texas Health Alliance
cc:4eac9f5c-eebc-4baa-93d3-69b754cf92da,ORTONVILLE HOSPITAL,Ortonville Hospital
cc:4eb2c73e-71b3-45ce-b22d-061728bd8d1a,KINDRED HOSPITAL SAN ANTONIO CENTRAL,Kindred Hospital San Antonio Central
cc:4ec2f5cb-fbc1-41ef-895d-272586d05d69,BAYLOR SCOTT & WHITE MEDICAL CENTER TROPHY CLUB,Baylor Scott & White Medical Center Trophy Club
cc:4ec5c259-7004-478f-9495-080b34a89dfe,PRISMA HEALTH OCONEE MEMORIAL HOSPITAL,Prisma Health Oconee Memorial Hospital
cc:4ec62546-e57b-440e-b266-7ac36017d94d,ST. MARY'S REGIONAL MEDICAL CENTER,St. Mary's Regional Medical Center
cc:4eddae26-f717-4597-8ee0-c2d9c9e42cb0,THOMAS MEMORIAL HOSPITAL,Thomas Memorial Hospital
cc:4ef6cdea-974e-48ad-946b-32a9c9c4f8ea,PAGOSA SPRINGS MEDICAL CENTER,Pagosa Springs Medical Center
cc:4ef8bf38-91db-4480-a414-420e1b667602,DOMINION HOSPITAL,Dominion Hospital
cc:4efbe861-1907-4f40-807c-1176f24817ee,COMMUNITY MEDICAL CENTER,Community Medical Center
cc:4f02019e-8e90-4b9f-98f8-12d5fc7b7962,DAVIESS COMMUNITY HOSPITAL,Daviess Community Hospital
cc:4f04d464-c293-4e64-badf-550f732f89a4,MCALESTER REGIONAL HEALTH CENTER,McAlester Regional Health Center
cc:4f04e9f0-6851-46f4-aea5-e311d5a0830c,CENTER FOR CHANGE,Center for Change
cc:4f0fc4c1-79bc-459b-9d30-fc3c8bf5dad4,BARRETT HOSPITAL & HEALTHCARE,Barrett Hospital & Healthcare
cc:4f191076-6e1d-43f9-87ca-11ab087ace75,ORLANDO HEALTH LAKE MARY HOSPITAL,Orlando Health Lake Mary Hospital
cc:4f1c845c-bc09-4dd8-bbf3-9c98a69b220e,HARRIS REGIONAL HOSPITAL,Harris Regional Hospital
cc:4f249926-16fb-4569-b989-90825910ae10,NEWPORT HOSPITAL,Newport Hospital
cc:4f2b233c-4229-45f4-a7fa-56c92af87112,NORTHERN NEVADA SIERRA MEDICAL CENTER,Northern Nevada Sierra Medical Center
cc:4f2b3ee0-915e-4679-9d64-2bcd9ab60d8f,RIDDLE HOSPITAL,Riddle Hospital
cc:4f319b69-be0b-4d68-802a-6213d248f695,CHARLESTON AREA MEDICAL CENTER WOMEN AND CHILDREN'S HOSPITAL,Charleston Area Medical Center Women and Children's Hospital
cc:4f37fd6f-a2a5-40da-a08b-77de5e3a619d,ST CROIX REGIONAL MEDICAL CENTER,St. Croix Regional Medical Center
cc:4f406a65-9e82-4958-9e00-f15bc1a27579,CHI ST. LUKE'S HEALTH - LAKESIDE HOSPITAL,CHI St. Luke's Health - Lakeside Hospital
cc:4f4872f8-c2d2-4ba4-9aa1-45f33af1f2e9,HENDRICKS COMMUNITY HOSPITAL,Hendricks Community Hospital
cc:4f64e7fd-46dd-4216-ba87-26b6fbdb5d76,LEGACY EMANUEL MEDICAL CENTER,Legacy Emanuel Medical Center
cc:4f67e677-deb7-48dc-9522-c7a1738972ee,GREATER REGIONAL HEALTH,Greater Regional Health
cc:4f6b0ad7-a925-4089-b855-dd146e188bc0,HCA HOUSTON HEALTHCARE CONROE,HCA Houston Healthcare Conroe
cc:4f78c477-bc0a-4020-93eb-0e1814535eb0,LAWRENCE COUNTY MEMORIAL HOSPITAL,Lawrence County Memorial Hospital
cc:4f8290a9-ed48-43c1-9b2b-39770bde8e3f,SHRINERS HOSPITAL FOR CHILDREN-PORTLAND,Shriners Hospital for Children-Portland
cc:4f8435e2-fc6d-486c-9525-2ad4145f0f30,GEISINGER ENCOMPASS HEALTH REHABILITATION HOSPITAL,Geisinger Encompass Health Rehabilitation Hospital
cc:4f933266-7891-4a00-959f-3eea730cf084,SOLARA HOSPITAL HARLINGEN,Solara Hospital Harlingen
cc:4f9722f7-2d87-459b-b068-600960ebfc06,HOLYOKE MEDICAL CENTER,Holyoke Medical Center
cc:4f9d2913-9243-4eff-9fd1-f074b07dab9e,BANNER - UNIVERSITY MEDICAL CENTER SOUTH CAMPUS,Banner - University Medical Center South Campus
cc:4fb61534-b7e2-49e7-b923-18561d25f77d,THE QUAD CITIES REHABILITATION INSTITUTE,The Quad Cities Rehabilitation Institute
cc:4fc743c0-9868-450d-9f69-dd6cb7224d6f,SARASOTA MEMORIAL HOSPITAL,Sarasota Memorial Hospital
cc:4fc998cb-15e0-4f80-b56e-2ea8704ce167,COMMONWEALTH CENTER FOR CHILDREN AND ADOLESCENTS,Commonwealth Center for Children and Adolescents
cc:4fca2df5-21d5-4733-b55a-67e0e35e122c,SPARROW CLINTON HOSPITAL,Sparrow Clinton Hospital
cc:4fcbfada-1e2c-452a-9c73-50d1715f344c,PALO VERDE HOSPITAL,Palo Verde Hospital
cc:4fd3add1-643a-432e-a116-2925d3633681,MANHATTAN SURGICAL HOSPITAL,Manhattan Surgical Hospital
cc:4fe5b07e-f185-4f93-b6cf-cea64b44249b,WASHAKIE MEDICAL CENTER,Washakie Medical Center
cc:4fec6c0e-ba8c-4641-acc5-a6c0bc8c7bb7,COVINGTON TRACE ER & HOSPITAL,Covington Trace ER & Hospital
cc:4fee67d3-7ea0-4a85-bd53-916dd6cdb725,DIGNITY HEALTH ST. ROSE DOMINICAN ROSE DE LIMA CAMPUS,Dignity Health St. Rose Dominican Rose de Lima Campus
cc:4ff52315-ada4-4478-8267-49cba09c88a1,NORTH VALLEY HEALTH CENTER,North Valley Health Center
cc:4ffd3ea8-c581-4c75-9f0e-5b49e4b262d6,ASCENSION SETON BASTROP,Ascension Seton Bastrop
cc:5009cdd7-a011-4068-a855-c178c4dc8122,ERLANGER NORTH HOSPITAL,Erlanger North Hospital
cc:500f6c3a-b65e-4f7c-8804-5b0721d8aa30,LONGVIEW CONTINUECARE HOSPITAL,Longview Continuecare Hospital
cc:500fe538-c650-41b5-8f12-1f6874ef0351,BROWARD HEALTH NORTH,Broward Health North
cc:5035a531-3505-4f77-a375-ef8938bf64b7,CHRISTUS OCHSNER LAKE AREA MEDICAL CENTER,CHRISTUS Ochsner Lake Area Medical Center
cc:5038bdca-9d77-45bb-bc70-e9d7b94635c9,BAYLOR SCOTT & WHITE MEDICAL CENTER - FRISCO AT PGA PARKWAY,Baylor Scott & White Medical Center - Frisco at Pga Parkway
cc:503f3b51-2fbd-4889-87f5-788a6c16cd80,STEWART MEMORIAL COMMUNITY HOSPITAL,Stewart Memorial Community Hospital
cc:504472fb-6aa3-43a2-a95b-833e6fc825c8,RANIER SPRINGS,Ranier Springs
cc:50505e2a-7ab6-4b54-be3b-404dcaaccfb7,WEST HOLT MEMORIAL HOSPITAL,West Holt Memorial Hospital
cc:505b4597-9766-41c3-859b-be9f20e530f8,HCA FLORIDA WEST TAMPA HOSPITAL,HCA Florida West Tampa Hospital
cc:50631518-4160-49a8-8fa6-85ae1a65138e,MERCY HOSPITAL ARDMORE,Mercy Hospital Ardmore
cc:506d7c5a-4f7a-4f86-bf4c-dcf561fcd3a0,CARSON TAHOE SPECIALTY MEDICAL CENTER,Carson Tahoe Specialty Medical Center
cc:5073dc7c-ebcc-4239-9c99-df1442e92d78,AHN HARMAR NEIGHBORHOOD HOSPITAL,AHN Harmar Neighborhood Hospital
cc:5077cc28-31dd-47e3-b19e-4d4c67001036,HCA HEALTHONE SOUTHWEST ER,HCA HealthONE Southwest ER
cc:508691d2-5336-4345-8ecf-b062a9b8c32a,UAB MEDICAL WEST HOSPITAL,UAB Medical West Hospital
cc:508b96b8-a7a8-45f5-ab6e-e3974776b1c6,JOHNS HOPKINS BAYVIEW MEDICAL CENTER,Johns Hopkins Bayview Medical Center
cc:5090a6c2-6431-4b16-a8ac-39e01e924e78,CHI HEALTH MERCY COUNCIL BLUFFS,CHI Health Mercy Council Bluffs
cc:50a6fd99-aace-4961-aa9b-3cdd19ed8080,BRIGHAM AND WOMEN'S FAULKNER HOSPITAL,Brigham and Women's Faulkner Hospital
cc:50a93f41-0003-447e-b3e1-a9c7ad831e92,ATRIUM HEALTH KINGS MOUNTAIN,Atrium Health Kings Mountain
cc:50ad7aa8-70dd-483d-9cee-4e4869540ee7,CLEARSKY REHABILITATION HOSPITAL OF ELWOOD-ST. JOSEPH,Clearsky Rehabilitation Hospital of Elwood-St. Joseph
cc:50b10c16-475b-45c8-a89e-650c3eebdf9d,VALLEY SPRINGS BEHAVIORAL HEALTH HOSPITAL,Valley Springs Behavioral Health Hospital
cc:50b25fd5-a54d-4e11-8eb1-20ebfe990059,RESEARCH MEDICAL CENTER,Research Medical Center
cc:50d30f2e-0620-4455-83b4-769175623fb0,ALTA BATES SUMMIT MED CTR-ALTA BATES CAMPUS,Alta Bates Summit Medical Center-Alta Bates Campus
cc:50d54f0a-e4d1-422d-9c8b-ae3a75f369dc,PRISMA HEALTH GREER MEMORIAL HOSPITAL,Prisma Health Greer Memorial Hospital
cc:50ea37cb-e2ea-4894-9e75-d9197dc7ed9f,CHARLTON MEMORIAL HOSPITAL,Charlton Memorial Hospital
cc:50fba13d-2cf6-46dc-9f24-0bf4f58326b4,ADVENTHEALTH ROLLINS BROOK,AdventHealth Rollins Brook
cc:50ffa12a-420c-4b81-a356-d4f89aa98c94,MERCYONE NEW HAMPTON,Mercyone New Hampton
cc:5108250a-297c-4cc8-ace9-6b21eb11b8b8,OCHSNER ACADIA GENERAL HOSPITAL,Ochsner Acadia General Hospital
cc:5118bb49-1f00-4fcb-bc69-66cad18f9907,NEW MILFORD HOSPITAL,New Milford Hospital
cc:511be8e0-dd00-47d3-bab1-2fdc3c74c471,KEMPSVILLE CENTER FOR BEHAVIORAL HEALTH,Kempsville Center for Behavioral Health
cc:511d3a16-308b-4e3e-b168-778275129420,EAST HOUSTON MEDICAL CENTER,East Houston Medical Center
cc:512bf239-953b-469c-a2ef-e7c812a606f0,BOSTON MEDICAL CENTER,Boston Medical Center
cc:51302917-9ef7-4373-96c2-8a9a0f4d25f5,ORCHARD HOSPITAL,Orchard Hospital
cc:513be081-bed7-43a7-9198-80b067c5278a,SALT LAKE SPECIALTY HOSPITAL,Salt Lake Specialty Hospital
cc:51494b23-fa7a-41cd-94b8-00b02ca61002,ASCENSION ST. VINCENT KOKOMO,Ascension St. Vincent Kokomo
cc:51513b18-cbd3-4f1e-80bf-eab82cd1d6fa,BOURNEWOOD HEALTH SYSTEMS,Bournewood Health Systems
cc:5160d272-27bc-4b46-a5a6-054416ff8039,RML SPECIALTY HOSPITAL CHICAGO,RML Specialty Hospital Chicago
cc:5165845a-79b3-4832-ad8c-47549857b92f,SCHEURER HOSPITAL,Scheurer Hospital
cc:51672047-54be-45e8-b5eb-fc98c9cbf172,KINDRED HOSPITAL-NORTH FLORIDA,Kindred Hospital-North Florida
cc:5173b2a8-c32a-4ef3-b924-6b51dce3de2c,ENCOMPASS HEALTH REHABILITATION HOSPITAL OF ARLINGTON,Encompass Health Rehabilitation Hospital of Arlington
cc:51772048-c608-49ae-8b7d-3b67dee391d3,ST. LUKE'S HOSPITAL AT THE VINTAGE,St. Luke's Hospital at the Vintage
cc:5188cff4-4ff1-4304-a9b2-06f8d6c2d196,NOVANT HEALTH BALLANTYNE MEDICAL CENTER,Novant Health Ballantyne Medical Center
cc:518b08b5-a00c-40d1-99d2-662c1e5a6237,IU HEALTH BEDFORD HOSPITAL,IU Health Bedford Hospital
cc:518b5bba-82e9-4104-b0ff-c066894a0614,MID COAST MEDICAL CLINIC EL CAMPO,Mid Coast Medical Clinic El Campo
cc:518ca7a2-9481-4b41-9e76-f891f1c5dce2,PHILLIPS COUNTY HOSPITAL,Phillips County Hospital
cc:51b03bbe-f79c-4a08-9919-0f09f95c660a,OCHSNER ST. MARY,Ochsner St. Mary
cc:51e9414c-9f0d-4cd9-8189-467d80ef15be,COREWELL HEALTH HELEN DEVOS CHILDREN'S HOSPITAL,Corewell Health Helen Devos Children's Hospital
cc:51f1cad4-fff1-4b22-bb62-de439d7b8926,SELECT SPECIALTY HOSPITAL - JACKSON,Select Specialty Hospital - Jackson
cc:51f328ee-01f4-48a6-901d-0ea480c8fe22,HCA FLORIDA SOUTH SHORE HOSPITAL,HCA Florida South Shore Hospital
cc:51f705fb-3676-486e-9b37-7a41b43ee8c6,MERCY WALMART CLINIC,Mercy Walmart Clinic
cc:51fe2362-b155-4540-9608-c63a3bb12530,WESTERN RESERVE HOSPITAL,Western Reserve Hospital
cc:5200a361-350c-425f-9522-332e4cb62279,UPMC WESTERN MARYLAND,UPMC Western Maryland
cc:5223e64e-bd7d-4088-bf11-09fd66eb910d,WASHINGTON REGIONAL PHYSICIANS' SPECIALTY HOSPITAL,Washington Regional Physicians' Specialty Hospital
cc:522a9eca-3e41-4931-bb4a-9913e6e79fa9,BON SECOURS ST FRANCIS EASTSIDE,Bon Secours St. Francis Eastside
cc:522f36be-8241-4e27-a645-08943b9cf052,CONNALLY MEMORIAL HEALTH CENTERS-NORTH CAMPUS,Connally Memorial Health Centers-North Campus
cc:523dffbd-58af-42d3-bc38-7c03e0d6d1b7,GLEN COVE HOSPITAL,Glen Cove Hospital
cc:5241db6c-2734-4c34-8cd0-ad11f9b820b2,SAINT MARY HOSPITAL KANKAKEE,Saint Mary Hospital Kankakee
cc:52511cff-83bb-4612-91b6-94a5196531c3,HIGHLANDS MEDICAL CENTER,Highlands Medical Center
cc:5259b11d-dc7e-4634-bf94-e5821d2ac5a7,RML SPECIALTY HOSPITAL HINSDALE,RML Specialty Hospital Hinsdale
cc:52770268-e60c-49a0-8f92-86d7e051c03a,"MAYO CLINIC HOSPITAL - ROCHESTER, GONDA BUILDING","Mayo Clinic Hospital - Rochester, Gonda Building"
cc:5288046b-7bb0-4e1b-a574-75409aec3644,BOSTON CHILDREN'S HOSPITAL WEYMOUTH,Boston Children's Hospital Weymouth
cc:5293308d-673c-4a88-95c4-c6ba6e9482a2,COMMONSPIRIT MERCY HOSPITAL,Commonspirit Mercy Hospital
cc:52a0bbc9-6400-4654-aefa-99b6e26a4afe,KAISER PERMANENTE MORENO VALLEY MEDICAL CENTER,Kaiser Permanente Moreno Valley Medical Center
cc:52a6b45c-eb06-4139-a20b-6a8b9004a411,RICHARDSON MEDICAL CENTER,Richardson Medical Center
cc:52b1febf-04c9-44db-9574-adffa90b5ce0,CHI OAKES HOSPITAL,CHI Oakes Hospital
cc:52b36464-2385-4b49-9ad2-d425744d218d,CANYON RIDGE HOSPITAL,Canyon Ridge Hospital
cc:52bbb3e7-b54b-42d9-90ef-48e1313e7f62,BENNETT COUNTY HOSPITAL,Bennett County Hospital
cc:52c2a3ef-cf7f-4c13-8c96-664a6d4994ad,HENDRY REGIONAL MEDICAL CENTER,Hendry Regional Medical Center
cc:52d322c0-4afe-4b7e-bbfb-3cf11a87f09c,MERCYONE GENESIS SILVIS MEDICAL CENTER,Mercyone Genesis Silvis Medical Center
cc:52d3409b-d762-463d-b8f4-453881ec4c20,HSS WEST SIDE ASC,HSS West Side ASC
cc:52d7af08-cf0f-4648-aa71-9aec27373027,BAILEY MEDICAL CENTER,Bailey Medical Center
cc:52e0b5df-1204-4761-99ca-e8ee8cc9be93,HENRY FORD MACOMB HOSPITAL,Henry Ford Macomb Hospital
cc:52e19e63-ac1d-489a-871a-f1ee32ac3d09,BELOIT MEMORIAL HOSPITAL,Beloit Memorial Hospital
cc:52e715e1-c39d-400b-9186-2851414da2c2,PEN BAY MEDICAL CENTER,Pen Bay Medical Center
cc:52f81edd-dfc3-4c75-ba7f-a7771d145454,ST VINCENT'S MEDICAL CENTER,St. Vincent's Medical Center
cc:5307df7a-89d3-44b2-b9ec-3b4d3bcb1ea4,SELECT SPECIALTY HOSPITAL - YOUNGSTOWN,Select Specialty Hospital - Youngstown
cc:53270031-c521-452a-9846-ed2de916c09d,VALLE VISTA HEALTH SYSTEM,Valle Vista Health System
cc:53322b35-de6b-4184-b2a8-c134c9b04ebd,NORTH MISSISSIPPI SURGERY CENTER,North Mississippi Surgery Center
cc:533f4f8f-e43a-414d-b284-08cde9d76817,DALLAS BEHAVIORAL HEALTHCARE HOSPITAL,Dallas Behavioral Healthcare Hospital
cc:534778b0-7cb7-42dd-b57d-975e031bde9b,KATE DISHMAN REHABILITATION HOSPITAL,Kate Dishman Rehabilitation Hospital
cc:534c86e4-833a-4294-badf-fb217b4ee69f,CENTRAL CAROLINA HOSPITAL,Central Carolina Hospital
cc:535f9fcd-71ef-441a-9191-e79cf2ddd43a,GOODLAND REGIONAL MEDICAL CENTER,Goodland Regional Medical Center
cc:5360c425-89c5-4847-bd84-990fbb67fe0b,PENN PRESBYTERIAN MEDICAL CENTER,Penn Presbyterian Medical Center
cc:5378f6a9-b0a6-4430-a51b-b4cad6119541,PROVIDENCE SEWARD MEDICAL CENTER,Providence Seward Medical Center
cc:5388e3b4-661b-4763-bda5-bed406358d99,NORTON CHILDREN'S HOSPITAL,Norton Children's Hospital
cc:539af258-18cd-4595-b001-0bf3259db1ab,AMERICAN RECOVERY CENTER,American Recovery Center
cc:539e384a-a3bb-45c7-8169-f67ce6ce6899,SATANTA DISTRICT HOSPITAL,Satanta District Hospital
cc:53a1946a-3265-4b87-bc40-a1ec69ac205c,WHITE RIVER MEDICAL CENTER,White River Medical Center
cc:53a58c79-aa40-46f6-b3fc-2ebb55514c2c,ENCOMPASS HEALTH REHABILITATION HOSPITAL OF OCALA,Encompass Health Rehabilitation Hospital of Ocala
cc:53b1431c-8144-46f6-bcd6-db7b04616950,ST LUKE'S WARREN HOSPITAL,St. Luke's Warren Hospital
cc:53b79836-acdc-4325-8275-fa337abbe3c2,TOMAH HEALTH HOSPITAL,Tomah Health Hospital
cc:53bdfd66-3537-4809-afe3-d5d1382ebaec,CIMARRON MEMORIAL HOSPITAL,Cimarron Memorial Hospital
cc:53c3678b-faae-4c96-957c-626ef7b56e37,VERNON MEMORIAL HOSPITAL,Vernon Memorial Hospital
cc:53d89688-f8c9-4328-be26-4235fdc5ebd4,BEVERLY HOSPITAL,Beverly Hospital
cc:53e922da-a2c0-45d1-b8ce-02840fffcbbc,NESS COUNTY HOSPITAL,Ness County Hospital
cc:53ee7df9-f504-4897-92ee-d01e7e095bf7,MEDICAL CITY MCKINNEY,Medical City McKinney
cc:53f11daf-e2b7-450a-8c4e-ff4cb3eb160c,UCHICAGO MEDICINE ADVENTHEALTH BOLINGBROOK,UChicago Medicine AdventHealth Bolingbrook
cc:53f5cc82-4c01-4c13-9190-f5d9fe2ddf20,SELECT SPECIALTY HOSPITAL - DALLAS DOWNTOWN,Select Specialty Hospital - Dallas Downtown
cc:53fae429-bc73-4a06-ac70-ad3975cf8320,LAKE REGIONAL HEALTH SYSTEM,Lake Regional Health System
cc:53ff140c-110f-4b6d-b3fb-a4707aa5f4f0,COREWELL HEALTH REED CITY CAMPUS,Corewell Health Reed City Campus
cc:5401c8d0-f394-4095-9942-9d10f0cfdeca,SWEDISH MEDICAL CENTER - CHERRY HILL CAMPUS,Swedish Medical Center - Cherry Hill Campus
cc:540fbb40-9928-44c4-a05e-c9829049ee7e,CAROMONT REGIONAL MEDICAL CENTER,Caromont Regional Medical Center
cc:54140580-cb7a-4ea7-95d2-183541c4ba01,RENO BEHAVIORAL HEALTHCARE HOSPITAL,Reno Behavioral Healthcare Hospital
cc:541965fc-896d-43c7-ad47-5ee8be86e82f,LAVACA MEDICAL CENTER,Lavaca Medical Center
cc:5422a614-1d49-42d4-9a02-acb0182f7e0a,ALTA BATES SUMMIT MEDICAL CENTER - SUMMIT CAMPUS - HAWTHORNE,Alta Bates Summit Medical Center - Summit Campus - Hawthorne
cc:5427b9ed-df14-468a-8ddc-551ee4a3506e,BIG HORN COUNTY MEMORIAL HOSPITAL,Big Horn County Memorial Hospital
cc:542bb0e1-db95-4b89-9197-0389d7f56d84,ADVENTHEALTH CASTLE ROCK,AdventHealth Castle Rock
cc:54342793-a55d-441f-8802-a2b19416c2d2,ENCOMPASS HEALTH REHABILITATION HOSPITAL OF COLORADO SPRINGS,Encompass Health Rehabilitation Hospital of Colorado Springs
cc:5447b444-6d64-4114-b842-013ce2314787,ASCENSION DELL CHILDREN'S MEDICAL CENTER,Ascension Dell Children's Medical Center
cc:546253d7-3c72-41b5-a3e5-7166e53181a5,POPLAR SPRINGS HOSPITAL,Poplar Springs Hospital
cc:54639154-d041-4f5f-b018-1bda1c5cf345,CENTENNIAL PEAKS HOSPITAL,Centennial Peaks Hospital
cc:546b76c9-2e6b-4417-b31a-95118f6a6985,CENTERPOINT HEALTH - PARIS,Centerpoint Health - Paris
cc:546dc104-0156-484f-98fe-7867bf1c92cb,BAPTIST HEALTH CITIZENS HOSPITAL,Baptist Health Citizens Hospital
cc:5471fb02-e951-4de4-857d-f5e9ed659940,TEXAS HEALTH DALLAS,Texas Health Dallas
cc:5476dfcf-3917-4f8d-9963-9200d2b564c9,SAMARITAN HEALTHCARE,Samaritan Healthcare
cc:54789554-879d-4be4-b120-56118c6c6bb9,ASCENSION ST. JOHN JANE PHILLIPS,Ascension St. John Jane Phillips
cc:54789a04-e670-4923-a43c-670bdfa3473d,TELECARE STANISLAUS COUNTY PHF,Telecare Stanislaus County PHF
cc:5495bf3f-40bb-4d60-9120-d72e3907be98,PEACEHEALTH ST JOHN MEDICAL CENTER,Peacehealth St. John Medical Center
cc:549aff9a-e5cd-472a-ac42-991ca4f057be,GREAT PLAINS REGIONAL WEST GARDEN COUNTY CLINIC,Great Plains Regional West Garden County Clinic
cc:54ae57c4-05e6-498b-940f-ae6f1ba00ddd,SSM HEALTH RIPON COMMUNITY HOSPITAL,SSM Health Ripon Community Hospital
cc:54eb75ea-0907-4405-a9e6-2dcf02974cc9,NORTON AUDUBON HOSPITAL,Norton Audubon Hospital
cc:54f7201b-9dcd-4a9f-8011-94ed2224cbe1,HOSP SAN CRISTOBAL,Hospital San Cristobal
cc:550ca927-db32-4bbf-a397-93aa9d30bc34,HOUSTON METHODIST CONTINUING CARE HOSPITAL,Houston Methodist Continuing Care Hospital
cc:550f8c28-8247-4bcd-aa7d-5b270484a27f,VIRTUA VOORHEES HOSPITAL (WEST JERSEY),Virtua Voorhees Hospital (West Jersey)
cc:5519883e-6dce-436a-a214-8737e3097eb5,POWELL VALLEY HEALTHCARE,Powell Valley Healthcare
cc:551edd1b-32d0-45af-a19f-0252d2bb81d8,BROADLAWNS EAST UNIVERSITY CLINIC,Broadlawns East University Clinic
cc:55290e31-41e0-41ee-b7d4-cfa4ec545205,CHI MERCY HEALTH VALLEY CITY,CHI Mercy Health Valley City
cc:5533a546-fe1c-46af-8690-6410869e13fb,THOMAS H BOYD MEMORIAL HOSPITAL,Thomas H. Boyd Memorial Hospital
cc:553625b2-2f72-482d-a967-dc160e4f82ac,SERENITY SPRINGS SPECIALTY HOSPITAL,Serenity Springs Specialty Hospital
cc:5546c183-e131-44f7-9d6e-97a5b50b0c73,COOK HOSPITAL,Cook Hospital
cc:5549a5e8-9df1-4fcc-aa6e-a3a6cf1dd496,CARNEGIE TRI-COUNTY MUNICIPAL HOSPITAL,Carnegie Tri-County Municipal Hospital
cc:554a4734-0962-4810-b1ed-2ce84473904c,RIDGEVIEW BEHAVIORAL HOSPITAL,Ridgeview Behavioral Hospital
cc:55589715-143c-44f4-8d9f-5661039949e7,WESLEY MEDICAL CENTER,Wesley Medical Center
cc:5567c90d-346a-467e-878f-606fa545c767,THE QUEENS MEDICAL CENTER WAHIAWA,The Queens Medical Center Wahiawa
cc:55909b8c-e503-479c-bd55-d24e15ccf501,MEMORIAL HERMANN IMAGING CENTER AT CYPRESS HOSPITAL,Memorial Hermann Imaging Center at Cypress Hospital
cc:55ab3920-f821-48c3-ae2e-3e47c550bac5,PHOENIX CHILDREN'S HOSPITAL,Phoenix Children's Hospital
cc:55bf7cad-3e9b-44f6-a828-d08f5f78880f,CHRISTUS ST. MICHAEL HOSPITAL ATLANTA,CHRISTUS St. Michael Hospital Atlanta
cc:55d2d303-e5f4-49f4-a9ae-722b37bb678b,THE HEALING PLACE,The Healing Place
cc:55e35580-487d-4839-b474-3ff6bd84b6f7,MCKENZIE-WILLAMETTE MEDICAL CENTER,McKenzie-Willamette Medical Center
cc:55e622c2-a8d1-4bbc-bd3c-d8e7e03c09eb,ENCOMPASS HEALTH THE REHABILITATION INSTITUTE OF ST. LOUIS,Encompass Health the Rehabilitation Institute of St. Louis
cc:55e6fa2b-7ec0-41c9-9519-7baa051b22dc,O'CONNOR HOSPITAL,O.'Connor Hospital
cc:55f2748f-12ee-49df-bf8e-10d0d2de0d28,PALM BEACH GARDENS MEDICAL CENTER,Palm Beach Gardens Medical Center
cc:55fca684-5d58-4ab8-9daf-b2eb87347851,WEST TEXAS MEDICAL CENTER,West Texas Medical Center
cc:55fdb00e-a0e5-4e28-a5fb-54afa5b85214,ENCOMPASS HEALTH REHAB HOSPITAL OF HUNTINGTON,Encompass Health Rehabilitation Hospital of Huntington
cc:560277a7-56b8-4c0a-a10f-9c6d57e40735,ST. JOHN RIVERSIDE HOSPITAL ANDRUS PAVILION,St. John Riverside Hospital Andrus Pavilion
cc:56044f36-5003-4e96-8d4b-391668fbc7a1,JACKSON MEDICAL CENTER,Jackson Medical Center
cc:5606fbcf-082d-4e62-acd8-5cae8592b798,LOMA LINDA UNIVERSITY MEDICAL CENTER-MURRIETA,Loma Linda University Medical Center-Murrieta
cc:560ffbaa-ae7c-46c1-a711-4264aed570db,NORTHERN COCHISE COMMUNITY HOSPITAL,Northern Cochise Community Hospital
cc:56139678-6cf3-4f56-9bdb-0fd185471809,RUTLAND REGIONAL MEDICAL CENTER,Rutland Regional Medical Center
cc:561ac30d-6bdb-4f70-bf0b-a42ac4afdfa2,THE MIRIAM HOSPITAL,The Miriam Hospital
cc:562a368f-6b59-4eea-83cd-96854fa94771,SELECT SPECIALTY HOSPITAL - SAVANNAH,Select Specialty Hospital - Savannah
cc:562dd75e-23a8-49ce-b707-0bc8352c16c3,MYMICHIGAN MEDICAL CENTER ALMA,Mymichigan Medical Center Alma
cc:5639f9bd-6744-406a-aad9-5483d8fd2d31,LOGAN HEALTH WHITEFISH,Logan Health Whitefish
cc:563b94b3-7b68-45c6-9d21-67426c282b27,INSPIRE SPECIALTY HOSPITAL,Inspire Specialty Hospital
cc:564331f0-ff02-4e27-b1f0-8db6d1e7a0cd,DOCTOR'S HOSPITAL AT RENAISSANCE,Doctor's Hospital at Renaissance
cc:5647c4b3-d5b3-47bc-b177-2729760576df,NEIGHBORS EMERGENCY CENTER CROSBY,Neighbors Emergency Center Crosby
cc:56531fe7-0c4d-43b8-a1ff-20e42a8a8500,TEXAS HEALTH HARRIS METHODIST SOUTHLAKE,Texas Health Harris Methodist Southlake
cc:5657c580-58bb-4a82-aaf7-51b35f2f8460,ST. LUKE'S REHABILITATION,St. Luke's Rehabilitation
cc:565c148c-1979-4948-b7ef-251b1493d8a6,THEDACARE MEDICAL CENTER OSHKOSH,Thedacare Medical Center Oshkosh
cc:566bb91d-7f26-4713-986b-82f7809db57a,SPAULDING REHABILITATION HOSPITAL CAPE COD,Spaulding Rehabilitation Hospital Cape Cod
cc:566ccbfa-05d2-4472-9537-884e49baa7fe,WELLSPAN WAYNESBORO HOSPITAL,WellSpan Waynesboro Hospital
cc:5677c439-f384-45af-9a63-31dca5bdaf6c,DESOTO MEMORIAL HOSPITAL,DeSoto Memorial Hospital
cc:567c6e27-51f1-4aad-b54f-138e8d13b0b3,ENCOMPASS HEALTH REHABILITATION HOSPITAL OF NEW ENGLAND AT LOWELL,Encompass Health Rehabilitation Hospital of New England at Lowell
cc:567f030e-8c5a-4e6f-b2a3-6007cbb8337b,CALIFORNIA PACIFIC MEDICAL CENTER - MISSION BERNAL CAMPUS,California Pacific Medical Center - Mission Bernal Campus
cc:56810e47-f9ce-4ea0-bf90-a5f7cc46e377,UCHICAGO MEDICINE COMER CHILDREN'S HOSPITAL,UChicago Medicine Comer Children's Hospital
cc:5696d749-8cfa-42df-8438-e48ea0ac4bc5,REEVES MEMORIAL MEDICAL CENTER,Reeves Memorial Medical Center
cc:56a1fef6-35ef-4ed4-a6c9-d366a30efb84,LAKEWOOD HEALTH SYSTEM,Lakewood Health System
cc:56a4e7f1-9fdd-47b4-8d4a-f54853f7b75a,JACKSON COUNTY MEMORIAL HOSPITAL,Jackson County Memorial Hospital
cc:56ac5d05-650c-44ba-b65f-3a801e8c72ae,MERCY REHABILITATION HOSPITAL ST. LOUIS,Mercy Rehabilitation Hospital St. Louis
cc:56b146b2-065f-4a3a-9060-afab5fd72841,ADVENTHEALTH NEW SMYRNA,AdventHealth New Smyrna
cc:56b449b3-8450-42d9-bcbc-2fffea4564a8,STORMONT VAIL HEALTH TOPEKA CAMPUS,Stormont Vail Health Topeka Campus
cc:56bd68a1-e7ff-4d59-adef-f3ed2dcf8e7d,CHANGEPOINT INTEGRATED HEALTH,Changepoint Integrated Health
cc:56df9b0b-1540-418b-adc7-9676deb96094,JAMESTOWN REGIONAL MEDICAL CENTER,Jamestown Regional Medical Center
cc:56f03939-6e45-4b42-8ffd-9e7de1255b87,CENTRAL VALLEY MEDICAL CENTER,Central Valley Medical Center
cc:56f18972-3567-4bbd-b73f-1ce459ce7b82,SENTARA RMH MEDICAL CENTER,Sentara RMH Medical Center
cc:56f39c00-1013-4ade-89dc-40b9f1f9194a,MEMORIAL SLOAN KETTERING BERGEN,Memorial Sloan Kettering Bergen
cc:56f60a7d-cf7b-45a4-ae6d-d6b2fcba6787,SOUTHWESTERN VERMONT MEDICAL CENTER,Southwestern Vermont Medical Center
cc:56f6797c-2768-44cf-b286-9bb5cb419fc4,MERIT HEALTH RIVER OAKS,Merit Health River Oaks
cc:571480d7-8281-49bc-8478-ea45ba23e70e,HENRY FORD ST. JOHN CHILDREN'S HOSPITAL,Henry Ford St. John Children's Hospital
cc:571a6a05-fe72-43a4-8c77-2c595a88138b,CLARION HOSPITAL,Clarion Hospital
cc:571e5bc5-deb0-4687-b528-b3add3eb93c2,BETH ISRAEL DEACONESS MEDICAL CENTER,Beth Israel Deaconess Medical Center
cc:57240bbe-0f19-490f-a6aa-be15af1fa6e9,OHIO STATE UNIVERSITY WEXNER MEDICAL CENTER,Ohio State University Wexner Medical Center
cc:57294b82-0264-48be-9855-d0752a59a21b,PRISMA HEALTH LAURENS COUNTY HOSPITAL,Prisma Health Laurens County Hospital
cc:572cbfd4-1e13-4c2b-971d-c751465c49fc,TRINITY HEALTH ST. CLAIRSVILLE NEIGHBORHOOD HOSPITAL,Trinity Health St. Clairsville Neighborhood Hospital
cc:572ee103-603e-439b-bb35-41488c25d10a,PROVIDENCE HOOD RIVER MEMORIAL HOSPITAL,Providence Hood River Memorial Hospital
cc:5734f0a5-f291-4673-815c-bf60a69da2a7,ELMIRA PSYCHIATRIC CENTER,Elmira Psychiatric Center
cc:573d15d7-b491-4ea4-86ff-d775b1e4c52d,HOWARD UNIVERSITY HOSPITAL,Howard University Hospital
cc:57432a6d-d8e9-4e73-8d7d-41cd81f666ae,UVA  CHILDRENS,UVA Childrens
cc:574c0337-afdb-4692-b2c6-e380d3bf259e,THE UNITY HOSPITAL OF ROCHESTER,The Unity Hospital of Rochester
cc:576e3c52-f21d-4d99-8757-8059196e6977,MEADOWBROOK REHABILITATION HOSPITAL,Meadowbrook Rehabilitation Hospital
cc:577c0c4c-364a-47bb-aef4-e2597c66f232,UCHICAGO MEDICINE ADVENTHEALTH HINSDALE,UChicago Medicine AdventHealth Hinsdale
cc:577ed634-54a5-4d8a-89eb-67557692416a,OCHSNER STENNIS HOSPITAL,Ochsner Stennis Hospital
cc:5786549c-3d7c-4e41-b66b-cb0427c561ba,MEMORIAL SATILLA HEALTH,Memorial Satilla Health
cc:57871c6e-52d9-461c-be09-e13f25837335,JACKSON COUNTY REGIONAL HEALTH CENTER,Jackson County Regional Health Center
cc:5789a702-d5ed-453a-ac5e-8f004cfcefe3,PHOEBE WORTH MEDICAL CENTER,Phoebe Worth Medical Center
cc:578aa0a9-6b6a-4cf5-aa28-71d8056fa5a0,THE MEDICAL CENTER AT CAVERNA,The Medical Center at Caverna
cc:578c0c34-e4a6-4310-8f66-2e7306ac3d77,BIGFORK VALLEY HOSPITAL,Bigfork Valley Hospital
cc:578c1fc1-d455-4fbd-b64a-d0edea28e726,VALLEY FORGE MEDICAL CENTER & HOSPITAL,Valley Forge Medical Center & Hospital
cc:57b2cc5d-b657-4b69-a5b8-71dc38be64b0,PRAIRIE SAINT JOHN'S,Prairie Saint John's
cc:57b3d957-3cdc-40e4-83ec-6c02b6a86d2d,SYRACUSE AREA HEALTH,Syracuse Area Health
cc:57b5978c-264c-4d7d-b2c8-4b798199367a,MEMORIAL MEDICAL CENTER,Memorial Medical Center
cc:57b6e64d-2037-4811-9586-59050f6b5e80,ASCENCION ST. VINCENT'S SOUTHSIDE HOSPITAL,Ascencion St. Vincent's Southside Hospital
cc:57b7bc52-c58a-4445-b6f8-e0e432abcfed,BAYLOR SCOTT & WHITE INSTITUTE FOR REHABILITATION DALLAS,Baylor Scott & White Institute for Rehabilitation Dallas
cc:57c6aacf-adc0-487f-9b1b-ed8edb3c1e99,TOBEY HOSPITAL,Tobey Hospital
cc:57c76187-7aa5-4cb8-bcb1-7de09b18156c,SANFORD SOUTH UNIVERSITY MEDICAL CENTER,Sanford South University Medical Center
cc:57d4bfef-19a6-4a72-9c4b-80ccaadd30f5,MEDSTAR HEALTH PHYSICAL THERAPY AT LEONARDTOWN,MedStar Health Physical Therapy at Leonardtown
cc:57da6cb2-c1a3-4068-b76d-fca1f8109686,BINGHAM MEMORIAL HOSPITAL,Bingham Memorial Hospital
cc:57e59c91-b6e0-477a-b595-425ae343c2ed,HELENA HOSPITAL,Helena Hospital
cc:57feee8a-b277-4681-81ee-4ab53a9f8e3d,UCHEALTH HIGHLANDS RANCH HOSPITAL,UCHealth Highlands Ranch Hospital
cc:5810c491-9c7f-4334-b975-aef3961cf930,SANFORD MEDICAL CENTER WHEATON,Sanford Medical Center Wheaton
cc:5831ec3e-9d87-4537-8680-56373c5e7e65,PERSHING GENERAL HOSPITAL,Pershing General Hospital
cc:5849bf25-e472-4a26-b3a8-668b05298b2b,RIVENDELL BEHAVIORAL HEALTH SERVICES,Rivendell Behavioral Health Services
cc:5850876a-d0d8-487e-9f14-0d4d644e2544,KENTFIELD HOSPITAL,Kentfield Hospital
cc:58534c86-574b-4fb7-8b2b-351e3234860c,ELMHURST HOSPITAL CENTER,Elmhurst Hospital Center
cc:585d9482-bc9d-4894-9a45-4ed7274ab1c0,PARKVIEW MONTPELIER HOSPITAL,Parkview Montpelier Hospital
cc:5860ed46-5ab2-469c-8393-e157e3c3bc6b,ENCOMPASS HEALTH REHABILITATION HOSPITAL OF PARKERSBURG,Encompass Health Rehabilitation Hospital of Parkersburg
cc:5864511e-d088-4b84-a228-8ed9b7c32598,MONTROSE REGIONAL HEALTH,Montrose Regional Health
cc:5868b699-1e4b-4017-acab-4d2a844f32f8,CENTRACARE REDWOOD HOSPITAL,Centracare Redwood Hospital
cc:5868d589-244e-4482-8c3b-74e0b94b8cef,ARCHBOLD BROOKS,Archbold Brooks
cc:58756592-1897-47d4-bf44-0288643b8a51,ERLANGER WESTERN CAROLINA HOSPITAL,Erlanger Western Carolina Hospital
cc:587710ba-c81f-4805-b2e2-acdcd6815203,CHA EVERETT HOSPITAL,CHA Everett Hospital
cc:58782b28-321f-4cd1-8ab9-5fb4a25b9a1d,ANMED HEALTH PIEDMONT,AnMed Health Piedmont
cc:58842a5a-e9a1-46db-94b6-e1a17556af68,DEER'S HEAD HOSPITAL CENTER,Deer's Head Hospital Center
cc:58886c79-c67d-445e-aeb1-74fc8f243c83,DECKERVILLE COMMUNITY HOSPITAL,Deckerville Community Hospital
cc:58899e6a-31c9-47bd-8551-515c47963f78,OUR LADY OF THE LAKE SURGICAL HOSPITAL,Our Lady of the Lake Surgical Hospital
cc:588e4e41-8610-4a3e-8863-86ddd05b0a38,THREE RIVERS MEDICAL CENTER,Three Rivers Medical Center
cc:58a30a33-4905-4c53-b98e-06bcde718907,BANNER BAYWOOD MEDICAL CENTER,Banner Baywood Medical Center
cc:58a31402-bf65-4eb9-b10e-a0cc9f08ffb1,M HEALTH FAIRVIEW UNIVERSITY OF MINNESOTA MASONIC CHILDREN'S HOSPITAL,M Health Fairview University of Minnesota Masonic Children's Hospital
cc:58b96820-a3a3-44d6-bf60-7714283a7bc9,OWENSBORO HEALTH MUHLENBERG COMMUNITY HOSPITAL,Owensboro Health Muhlenberg Community Hospital
cc:58c97328-1500-4358-9ecb-78fdd23f6d1a,STAT SPECIALTY HOSPITAL EAGLE PASS,Stat Specialty Hospital Eagle Pass
cc:58d70ee3-2b42-4f9b-9f4b-7db589507404,MEDICINE LODGE MEMORIAL HOSPITAL,Medicine Lodge Memorial Hospital
cc:58e04dfd-0b0f-4cca-a6df-e406c5f1a3f2,EMORY UNIVERSITY ORTHOPAEDICS & SPINE HOSPITAL,Emory University Orthopaedics & Spine Hospital
cc:58e26c9e-1675-4758-92be-c469676ac427,KPC PROMISE HOSPITAL OF SALT LAKE,KPC Promise Hospital of Salt Lake
cc:58e7da9b-cc38-4f11-a4d4-be34a4454b1a,FAMILY CARE CENTER AT BOGATA,Family Care Center at Bogata
cc:58e92fb7-2c93-4de4-b5bd-7ea202a66903,THE GUIDANCE CENTER,The Guidance Center
cc:58ff537f-cb67-4f68-9ebd-8a2be484ef4c,SULLIVAN COUNTY MEMORIAL HOSPITAL,Sullivan County Memorial Hospital
cc:5901c55d-60df-4854-9159-90c69331fb66,KAISER PERMANENTE PANORAMA CITY MEDICAL CENTER,Kaiser Permanente Panorama City Medical Center
cc:590376a6-a75f-4bd2-a9d9-2bc690c86cbe,SSM HEALTH REHABILITATION HOSPITAL - RICHMOND HEIGHTS,SSM Health Rehabilitation Hospital - Richmond Heights
cc:59069760-3999-4209-8719-a0845a196a2a,NORTHSIDE HOSPITAL - CHEROKEE,Northside Hospital - Cherokee
cc:590c2244-3a35-4114-9f1b-14024836035e,MOUNT ST. MARY'S HOSPITAL,Mount St. Mary's Hospital
cc:590d5cba-9e5c-4dc3-9aad-6b919cf05a07,ADVENTHEALTH PALM COAST,AdventHealth Palm Coast
cc:59229996-1433-4dc6-b3c9-6e8b1e023b31,GOTHENBURG MEMORIAL HOSPITAL,Gothenburg Memorial Hospital
cc:59376730-1df7-4260-93b9-f96613406e9f,REGIONAL MEDICAL CENTER,Regional Medical Center
cc:59405301-3406-4a17-9c85-125bb85a2691,CLAY COUNTY MEDICAL CENTER,Clay County Medical Center
cc:5946f7fd-e156-4c37-8c9d-3d5a011872fb,BEVERLY HOSPITAL BAYRIDGE,Beverly Hospital Bayridge
cc:5947570a-2ff3-4132-ba6f-bdab6bd4be07,STANFORD HEALTH CARE TRI-VALLEY LIVERMORE,Stanford Health Care Tri-Valley Livermore
cc:5951641f-8ea7-4c08-8dad-3b1d16926b8a,CHI HEALTH SAINT JOSEPH JESSAMINE,CHI Health Saint Joseph Jessamine
cc:595208db-f35d-48b2-b61d-27bc78131f9e,LEHIGH VALLEY HOSPITAL - POCONO,Lehigh Valley Hospital - Pocono
cc:595722b3-a698-47e4-b019-2ef68409962b,ST ANTHONY'S REHABILITATION HOSPITAL,St. Anthony's Rehabilitation Hospital
cc:595fead3-6d4b-4a23-8012-08c8b1a6c634,ASCENSION ST FRANCIS HOSPITAL,Ascension St. Francis Hospital
cc:59631571-c740-42c3-80f0-acb123b7f960,NORTH MISSISSIPPI MEDICAL CENTER,North Mississippi Medical Center
cc:5967a9a5-b938-4b8b-99ab-b72fcf7da440,INFIRMARY LTAC HOSPITAL,Infirmary Ltac Hospital
cc:596cd664-8a91-4e41-8786-f5e2d72a5bb6,DEACONESS MEMORIAL MEDICAL CENTER,Deaconess Memorial Medical Center
cc:5976ad01-73fa-4e3d-bcf4-5df6b5e4c87d,INTERMOUNTAIN HEALTH MCKAY-DEE HOSPITAL,Intermountain Health McKay-Dee Hospital
cc:597a49ae-e3b6-4e41-8293-7ded6f4e141f,KAISER PERMANENTE ONTARIO MEDICAL CENTER,Kaiser Permanente Ontario Medical Center
cc:5982325c-4c51-4a69-a828-fb82c229db87,CORPUS CHRISTI MEDICAL CENTER - BAY AREA,Corpus Christi Medical Center - Bay Area
cc:59848f93-579c-4d6b-a573-ad8cb19d5f06,RIVERSIDE SHORE MEMORIAL HOSPITAL,Riverside Shore Memorial Hospital
cc:5988ebc9-7362-45c6-b1bd-da99497204c0,OCEANS BEHAVIORAL HOSPITAL OF BILOXI,Oceans Behavioral Hospital of Biloxi
cc:59a5e7b5-3b96-48c2-b53a-bbc06dd63c3e,INOVA MOUNT VERNON HOSPITAL,Inova Mount Vernon Hospital
cc:59a7d853-7160-47c8-8d5d-1de6458a7716,BUENA VISTA REGIONAL MEDICAL CENTER,Buena Vista Regional Medical Center
cc:59b65884-9f7a-437d-93f4-49e25381ead1,CLEARWATER VALLEY HOSPITAL AND CLINICS,Clearwater Valley Hospital and Clinics
cc:59c2b941-09c7-4800-a6b7-8ced6ce021cc,MEDSTAR NATIONAL REHABILITATION HOSPITAL,MedStar National Rehabilitation Hospital
cc:59d4de53-ad1a-40d6-adf6-caa37d135034,SURGICAL SPECIALTY CENTER OF BATON ROUGE,Surgical Specialty Center of Baton Rouge
cc:59f0edeb-7a32-4419-981e-1be184bbebea,CHRISTUS SANTA ROSA EMERGENCY CENTER - ALON,CHRISTUS Santa Rosa Emergency Center - Alon
cc:59fa1c1d-a520-49a4-be3b-2d5fe0f88ac5,STOUGHTON HOSPITAL,Stoughton Hospital
cc:5a06fd13-822d-4640-a197-155a2045cc18,CENTERPOINT HEALTH - GEORGETOWN,Centerpoint Health - Georgetown
cc:5a0d95c5-3edb-45d3-b950-125ffbfefbc1,ER AT SWEETWATER,ER at Sweetwater
cc:5a199ac3-422d-41b7-93d4-8d98110f48d1,NORTON SOUND REGIONAL HOSPITAL,Norton Sound Regional Hospital
cc:5a21fbab-8c5d-4cbe-8cf1-9fbcbb9a0c6d,PAM HEALTH REHABILITATION HOSPITAL OF VENICE,PAM Health Rehabilitation Hospital of Venice
cc:5a28aba5-e26e-4fe5-b5ee-bca9d1abd524,MERRICK MEDICAL CENTER,Merrick Medical Center
cc:5a2966a8-54c4-4872-ac2e-cc754a8c21a2,PHYSICAL THERAPY & REHAB - STONES CROSSING,Physical Therapy & Rehabilitation - Stones Crossing
cc:5a2bef10-2cdc-41b8-9561-b4b1b3d9e9d4,BERKELEY MEDICAL CENTER,Berkeley Medical Center
cc:5a2f4201-b4a5-4a54-83e5-0081c44c72e7,CENTRAL LOUISIANA SURGICAL HOSPITAL,Central Louisiana Surgical Hospital
cc:5a312660-7167-4d6a-a3fd-3435b98435c3,ELBERT MEMORIAL HOSPITAL,Elbert Memorial Hospital
cc:5a320e87-db92-44a4-be80-2195f6f33cad,INTERMOUNTAIN HEALTH SEVIER VALLEY HOSPITAL,Intermountain Health Sevier Valley Hospital
cc:5a34b9fd-b7fa-45f4-b596-12a447543312,FIRELANDS REGIONAL MEDICAL CENTER,Firelands Regional Medical Center
cc:5a38dc89-965e-4363-affa-519af8a010e1,PEMBINA COUNTY MEMORIAL HOSPITAL,Pembina County Memorial Hospital
cc:5a3c0268-0ac0-491c-af40-1f06fbc9e36b,MERIT HEALTH RANKIN,Merit Health Rankin
cc:5a3d8326-0ac5-41e7-90ed-0c81415b47ce,PARKVIEW COMMUNITY HOSPITAL MEDICAL CENTER,Parkview Community Hospital Medical Center
cc:5a47e43e-8ee6-4381-8d53-37d53c644f6a,HCA HOUSTON HEALTHCARE TOMBALL,HCA Houston Healthcare Tomball
cc:5a5c2f11-ffc3-4136-9c57-9df0b33404ee,MCLEOD HEALTH CHERAW,McLeod Health Cheraw
cc:5a699782-dbcf-4a15-ba20-97e6c04c5cea,MOUNT ASCUTNEY HOSPITAL & HEALTH CENTER,Mount Ascutney Hospital & Health Center
cc:5a6ebf92-6bfa-47f7-96c7-305bff8b0db0,HEBREW HOME AND HOSPITAL INC,Hebrew Home and Hospital Inc
cc:5a7728bc-60fa-480a-a7bf-10b1942f19bb,MEMORIAL HOSPITAL SHILOH,Memorial Hospital Shiloh
cc:5a816c36-b96f-40a6-86c9-8def6a562025,NORTH MISSISSIPPI HEALTH SERVICES SOUTH MARION,North Mississippi Health Services South Marion
cc:5a817802-014f-4b79-a8ee-4e5cb2146a5d,SAMARITAN HOSPITAL,Samaritan Hospital
cc:5a9739e7-2f2a-4da2-bea1-0c3b020f7a19,MONROE HOSPITAL,Monroe Hospital
cc:5aa44bf3-eaf5-4769-a583-c5380b99e3cd,MERCY HOSPITAL STODDARD,Mercy Hospital Stoddard
cc:5aa8315d-6f46-440e-a093-ddb8b4be44f4,HCA HEALTHONE SWEDISH,HCA HealthONE Swedish
cc:5aac9267-b7d2-42a8-bb6a-bc9ccea5546c,GROVER C DILS MEDICAL CENTER,Grover C. Dils Medical Center
cc:5aae1922-5073-404c-ab30-242b4055158d,VIBRA HOSPITAL OF NORTHERN CALIFORNIA,Vibra Hospital of Northern California
cc:5ab0c936-fc50-497b-9388-0a91331c7382,BAPTIST NEIGHBORHOOD HOSPITAL HAUSMAN,Baptist Neighborhood Hospital Hausman
cc:5ab6ff5b-cc28-4c6e-a0ea-b59454d14217,MONTEFIORE HUTCHINSON CAMPUS,Montefiore Hutchinson Campus
cc:5ab9814d-0052-4191-b532-624a5f4b15bc,WELLSPAN NEWBERRY HOSPITAL,WellSpan Newberry Hospital
cc:5ac12693-a7f2-4507-a251-9c613cd925aa,WELLSTAR NORTH FULTON MEDICAL CENTER,Wellstar North Fulton Medical Center
cc:5ad6eb9b-84ad-41f2-af6c-914117c378ae,CHILDREN'S HOSPITAL COLORADO,Children's Hospital Colorado
cc:5ae04274-c61a-4ec1-a173-9003d480d5ad,THREE RIVERS HEALTH,Three Rivers Health
cc:5ae17a63-6a62-4f0b-bd5e-4825222e178f,LUMINIS HEALTH ANNE ARUNDEL MEDICAL CENTER,Luminis Health Anne Arundel Medical Center
cc:5ae4ef7b-1689-4e0b-a54a-4db541a42992,ASTRIA TOPPENISH COMMUNITY HOSPITAL,Astria Toppenish Community Hospital
cc:5ae58c60-bee5-46f9-bebd-c05cfa9223e5,CHRISTUS SPOHN HOSPITAL CORPUS CHRISTI SHORELINE,CHRISTUS Spohn Hospital Corpus Christi Shoreline
cc:5aeba910-3ecc-446b-8b7f-88a422e0e55b,COMMUNITY MEMORIAL HOSPITAL,Community Memorial Hospital
cc:5aec0488-3a9b-47de-9391-ccd161b47e81,MUSC HEALTH BLACK RIVER MEDICAL CENTER,MUSC Health Black River Medical Center
cc:5aee0030-7cde-4a70-b7f3-d427f601a5c9,HENDRICKS REGIONAL HEALTH DANVILLE HOSPITAL,Hendricks Regional Health Danville Hospital
cc:5af35110-202d-4686-8eb6-267647094b15,MID COAST PALACIOS COMMUNITY MEDICAL CENTER,Mid Coast Palacios Community Medical Center
cc:5af70d8a-1037-43c5-bcc5-df0c333c0dd2,COMMUNITY HOSPITAL SOUTH,Community Hospital South
cc:5af7225c-89ac-4271-8cd9-89e6d33f0809,UNM SANDOVAL REGIONAL MEDICAL CENTER,UNM Sandoval Regional Medical Center
cc:5af8cf95-2c02-40e1-8f1d-2b8ae6820e68,MARIETTA MEMORIAL HOSPITAL,Marietta Memorial Hospital
cc:5aff0695-7979-4073-bfd4-5a6025e5e1cf,HCA HEALTHONE PRESBYTERIAN ST. LUKE'S SPALDING REHABILITATION,HCA HealthONE Presbyterian St. Luke's Spalding Rehabilitation
cc:5b0e0409-66f0-4e6d-9b02-7f5cadc37018,HOSP ONCOLOGICO DR ISAAC GONZALEZ MARTINEZ,Hospital Oncologico Dr. Isaac Gonzalez Martinez
cc:5b0f1a01-328c-41dd-873d-a6878689b6a4,ALEXANDRIA EMERGENCY HOSPITAL,Alexandria Emergency Hospital
cc:5b131f39-cf6f-42f6-bb91-faba09893114,HEART OF TEXAS MEMORIAL HOSPITAL,Heart of Texas Memorial Hospital
cc:5b16d7ce-4cce-45a4-92d5-e25e19daadcb,UNITYPOINT HEALTH TRINITY MUSCATINE,UnityPoint Health Trinity Muscatine
cc:5b1b58e5-2e36-4f6a-9b1d-02363b09a12f,FREDONIA REGIONAL HOSPITAL,Fredonia Regional Hospital
cc:5b284bdd-0017-4b93-aea9-22f1c80e585c,COMANCHE COUNTY HOSPITAL,Comanche County Hospital
cc:5b3005f0-c5e3-4737-8a99-463908e3833f,MAURY REGIONAL HOSPITAL,Maury Regional Hospital
cc:5b364fa2-83e8-4776-9454-6d31f082cfea,OLATHE HOSPITAL,Olathe Hospital
cc:5b39eb78-4a70-4219-9e95-d0de21f02d90,MT SAN RAFAEL HOSPITAL,Mt. San Rafael Hospital
cc:5b52e727-e06b-4c0f-a343-d4db7805a6bd,SUMMIT MEDICAL CENTER,Summit Medical Center
cc:5b538b01-24a0-4db8-bf64-9c54cc428d10,FAITH COMMUNITY HOSPITAL,Faith Community Hospital
cc:5b5c62b1-58bc-4d97-b059-e159cbf9adff,PARKVIEW NOBLE HOSPITAL,Parkview Noble Hospital
cc:5b782610-a12c-4952-b1e7-871bf8b409d9,TEXAS SPECIALTY HOSPITAL,Texas Specialty Hospital
cc:5b82b11e-815f-4118-b558-5913b82cb3f6,KEDREN COMMUNITY MENTAL HEALTH CENTER,Kedren Community Mental Health Center
cc:5b92f2f6-3fb0-4df9-8539-9846de0f6c58,KINDRED HOSPITAL WESTMINSTER,Kindred Hospital Westminster
cc:5b9bade1-c8c7-4983-8bc3-41748caf2fad,RINGGOLD COUNTY HOSPITAL,Ringgold County Hospital
cc:5baddbf6-b9d4-426b-be27-6d629c538c2c,MARSHFIELD MEDICAL CENTER - BEAVER DAM,Marshfield Medical Center - Beaver Dam
cc:5bc95764-fab1-4b8c-a9fa-a580f7c07c1a,WHITE PLAINS HOSPITAL CENTER,White Plains Hospital Center
cc:5bdc2370-78e0-4fcb-a969-0d1cc85a39d1,BELMONT BEHAVIORAL HEALTH SYSTEM,Belmont Behavioral Health System
cc:5be264fb-f871-4731-b8a7-684157b210f8,MILWAUKEE ER & HOSPITAL,Milwaukee ER & Hospital
cc:5c136566-9ad6-43ef-9117-02f2b0850d91,NACOGDOCHES MEDICAL CENTER,Nacogdoches Medical Center
cc:5c1e2b5d-7a7c-40ce-b16c-ab674975a87e,ENCOMPASS HEALTH REHABILITATION HOSPITAL OF SEWICKLEY,Encompass Health Rehabilitation Hospital of Sewickley
cc:5c229f5e-402a-4635-9e83-711846588c08,HSHS ST. VINCENT'S HOSPITAL,HSHS St. Vincent's Hospital
cc:5c315f49-4a55-4c13-9164-4ce8e3dd51c7,NORTHWEST SURGICAL HOSPITAL,Northwest Surgical Hospital
cc:5c4113b2-473f-44ee-8262-0f56a20278a7,COMMONSPIRIT ST. THOMAS MORE HOSPITAL,Commonspirit St. Thomas More Hospital
cc:5c414592-ca38-48bf-b7a7-6f58e1dfea84,WALTHALL COUNTY GENERAL HOSPITAL,Walthall County General Hospital
cc:5c4afb12-5c50-4668-94a4-e3b7e5e01806,FREEDOM BEHAVIORAL HOSPITAL FERRIDAY,Freedom Behavioral Hospital Ferriday
cc:5c5c914a-eb54-4112-b322-0153dc81c246,ARKANSAS EXTENDED CARE HOSPITAL FORT SMITH,Arkansas Extended Care Hospital Fort Smith
cc:5c6420ec-04b8-4a00-a35e-73e0f4ddfec1,MOUNT CARMEL EAST,Mount Carmel East
cc:5c6ce46d-166f-479a-8d0b-7d6a1d756567,NEURODIAGNOSTIC INSTITUTE,Neurodiagnostic Institute
cc:5c85f1be-4510-47ee-9118-eae82df1287c,SUTTER CENTER FOR PSYCHIATRY,Sutter Center for Psychiatry
cc:5c92e9d9-a729-40ae-940d-e748eb4c27fb,BAYLOR ST. LUKE'S MEDICAL CENTER HOUSTON,Baylor St. Luke's Medical Center Houston
cc:5c95e615-4046-4e49-979b-88fdac91aab4,OSF SAINT KATHARINE MEDICAL CENTER,OSF Saint Katharine Medical Center
cc:5c982def-ffba-4c63-82fb-2fe9023cce1b,LEHIGH VALLEY HOSPITAL HAZLETON,Lehigh Valley Hospital Hazleton
cc:5ca2d753-9185-4771-8e20-86aea3d9c9a3,ATRIUM HEALTH UNIVERSITY CITY,Atrium Health University City
cc:5cba88e8-96eb-48e3-b3b4-87de5442fb9a,FLORIDA REHABILITATION HOSPITAL AT TAMPA,Florida Rehabilitation Hospital at Tampa
cc:5cbc9ee1-f52d-4eab-9e58-b87cfbf110ca,UPMC HAMOT,UPMC Hamot
cc:5cc923b2-dcbd-4775-90e1-ebe80f212e28,RIDGEVIEW MEDICAL CENTER,Ridgeview Medical Center
cc:5ceb8399-7aaf-4dee-821e-30cd0289361d,DEWITT HOSPITAL AND NURSING HOME,Dewitt Hospital and Nursing Home
cc:5cedd386-8510-4303-88c5-b9110777e5ce,ST. LUKE'S MCCALL MEDICAL CENTER,St. Luke's McCall Medical Center
cc:5cf3e544-58ac-464b-b055-6aab22141372,MADISON COUNTY MEMORIAL HOSPITAL,Madison County Memorial Hospital
cc:5cf60639-ac73-4b30-890a-9637b379bc56,BAYHEALTH MEDICAL CENTER SUSSEX CAMPUS,Bayhealth Medical Center Sussex Campus
cc:5cf67073-1c1f-4adc-8627-24b6b7bee195,HALE COUNTY HOSPITAL,Hale County Hospital
cc:5cfa6a7d-274f-4019-87b9-bedad1debbed,TRI-STATE MEMORIAL HOSPITAL,Tri-State Memorial Hospital
cc:5cfc3755-c9b0-4579-82fd-f0c7e415d757,COTTAGE HOSPITAL,Cottage Hospital
cc:5d0034c2-b12f-41ca-af8c-40b54d55752c,PARIS COMMUNITY HOSPITAL,Paris Community Hospital
cc:5d01b23a-acb0-428b-bd72-b7692e1c8800,SPRINGFIELD HOSPITAL,Springfield Hospital
cc:5d09cafb-73f3-415a-bb69-2486fcc3690a,MERCY HEALTH ST VINCENT MEDICAL CENTER,Mercy Health St. Vincent Medical Center
cc:5d103b0d-ed0f-4be2-9226-a993fbb1c8ee,NORTH ADAMS REGIONAL HOSPITAL,North Adams Regional Hospital
cc:5d16bd34-3f12-47bf-83e1-401874b2f839,METHODIST CHARLTON MEDICAL CENTER,Methodist Charlton Medical Center
cc:5d183035-46d6-44f4-a9df-57f1a150bb45,PROVIDENCE SACRED HEART CHILDRENS HOSPITAL,Providence Sacred Heart Childrens Hospital
cc:5d1ccae2-91be-44c7-835a-d59df9795442,"MARTIN LUTHER KING, JR. COMMUNITY HOSPITAL","Martin Luther King, Jr. Community Hospital"
cc:5d1f0bab-1440-4929-839d-c874f4edb8cb,WRAY COMMUNITY DISTRICT HOSPITAL,Wray Community District Hospital
cc:5d26eadb-07b0-40a8-a400-e260cc06a1da,ECU HEALTH NORTH HOSPITAL,ECU Health North Hospital
cc:5d31c959-d5fa-414e-b1c0-da529fc456df,ST. JOSEPH MEDICAL CENTER,St. Joseph Medical Center
cc:5d41ae0f-dc8a-4167-b9b4-d9cafb9fc994,MARSHALL MEDICAL CENTER SOUTH,Marshall Medical Center South
cc:5d51926a-819f-4edf-9da2-4a0f16c40e89,SUSAN B ALLEN MEMORIAL HOSPITAL,Susan B. Allen Memorial Hospital
cc:5d675b12-fa7d-4fad-bfb5-3fad38387697,ROCHELLE COMMUNITY HOSPITAL,Rochelle Community Hospital
cc:5d6d6075-f1e4-41cb-b52a-a85518bae844,PROVIDENCE ST. LUKE'S REHABILITATION MEDICAL CENTER,Providence St. Luke's Rehabilitation Medical Center
cc:5d72539c-dbff-4118-baaf-272ceaebd27d,VIBRA HOSPITAL OF SACRAMENTO,Vibra Hospital of Sacramento
cc:5d7642aa-fcfc-4ff3-9da8-ef0bf01a5e33,UNITED MEDICAL REHABILITATION HOSPITAL HAMMOND,United Medical Rehabilitation Hospital Hammond
cc:5d7d4a18-6b29-47b3-ab61-eb0fd4d743fd,SELECT SPECIALTY HOSPITAL - COREWELL HEALTH GRAND RAPIDS,Select Specialty Hospital - Corewell Health Grand Rapids
cc:5d9aff36-df56-4115-81c3-03a5f9ff84eb,JOHNS HOPKINS HOWARD COUNTY MEDICAL CENTER,Johns Hopkins Howard County Medical Center
cc:5d9d52f0-64af-47c2-9aab-02dc9e2e02e8,SSM HEALTH ST. LOUIS UNIVERSITY HOSPITAL,SSM Health St. Louis University Hospital
cc:5d9d7f68-a1aa-4364-bd80-8c1153d69521,STEVENS COUNTY HOSPITAL,Stevens County Hospital
cc:5d9e78fc-d23c-47b9-8764-bc088dfc9e7b,MCCAMEY HOSPITAL,McCamey Hospital
cc:5ddda718-79c1-4365-a6d4-d057e8fc7c7f,HAMILTON CENTER INC,Hamilton Center Inc
cc:5de46da2-b108-49e3-8dc7-322d9cff0a26,NEWTON MEDICAL CENTER,Newton Medical Center
cc:5de9cd77-c808-4ef1-bd9a-57aba270211e,MAYO CLINIC HEALTH SYSTEM AUSTIN,Mayo Clinic Health System Austin
cc:5dec6bd4-736b-4c80-b419-f53850577c03,WELLSTAR COBB MEDICAL CENTER,Wellstar Cobb Medical Center
cc:5def5366-abc5-4e0c-b3fb-7d515ad24925,DAYTON CHILDREN'S HOSPITAL,Dayton Children's Hospital
cc:5df35bfe-c179-4f39-89b2-f5c42b16992e,OCEANS BEHAVIORAL HOSPITAL HAMMOND,Oceans Behavioral Hospital Hammond
cc:5dfbfc78-3228-48b7-9941-b0b6ee33abba,BOSTON CHILDREN'S HOSPITAL,Boston Children's Hospital
cc:5e12ea46-0dd3-4173-8e41-93964915cf05,MULESHOE AREA MEDICAL CENTER,Muleshoe Area Medical Center
cc:5e2cd7a2-7f34-4ada-8bcd-744f9a156132,OCEAN VIEW PSYCHIATRIC HEALTH FACILITY,Ocean View Psychiatric Health Facility
cc:5e395036-50a6-49c7-a5bb-53c8ba6bc60c,FALLBROOK HOSP DISTRICT SKILLED NURSING FACILITY,Fallbrook Hospital District Skilled Nursing Facility
cc:5e39d51a-197c-49c2-a007-cb4f3f585a95,FREEMAN HOSPITAL EAST,Freeman Hospital East
cc:5e4bfe61-da88-4cb7-a68f-6214aea6a7f6,FORT SMITH ER & HOSPITAL,Fort Smith ER & Hospital
cc:5e57009b-b440-40e4-8548-3d2c67e7ade2,SOUTHERN TENNESSEE REGIONAL HEALTH SYSTEM LAWRENCEBURG,Southern Tennessee Regional Health System Lawrenceburg
cc:5e5ed1c6-20a3-4d30-886f-25ef7e04664b,KINDRED HOSPITAL RIVERSIDE,Kindred Hospital Riverside
cc:5e673c01-7c81-497f-932e-7bebca553a30,FORT LAUDERDALE BEHAVIORAL HEALTH CENTER,Fort Lauderdale Behavioral Health Center
cc:5e6d9293-420a-448a-930d-fb4576685088,MARY BRIDGE CHILDREN'S HOSPITAL,Mary Bridge Children's Hospital
cc:5e8d215c-5f52-4e93-8c67-7add7f330b10,ST JOSEPH'S HOSPITAL NORTH,St. Joseph's Hospital North
cc:5e91a7d8-f1a2-4867-80c5-94c1b61b71c2,UW HEALTH SWEDISH AMERICAN HOSPITAL,UW Health Swedish American Hospital
cc:5ea45db4-6070-48ed-a430-8365efd5d510,COMMONSPIRIT ST. CATHERINE HOSPITAL - DODGE CITY,Commonspirit St. Catherine Hospital - Dodge City
cc:5ea6bb09-34f5-4048-94dc-7df64096cc01,CHI HEALTH ST. MARY'S,CHI Health St. Mary's
cc:5eac3d6f-5a53-4d95-b803-2cb51f038389,UPMC COMMUNITY OSTEOPATHIC,UPMC Community Osteopathic
cc:5eb4477b-085d-4bf9-b965-f674b1a17e99,ALLIED SERVICES SCRANTON REHAB HOSPITAL,Allied Services Scranton Rehabilitation Hospital
cc:5eb74620-dfde-4c25-b54f-4e72aa2c23a9,COVENANT SPECIALTY HOSPITAL,Covenant Specialty Hospital
cc:5ebc3e11-49a2-4b3b-a799-fe9ea8038087,ST. JOSEPH'S HOSPITAL MEDICAL CENTER,St. Joseph's Hospital Medical Center
cc:5ec29b41-7337-4b34-b5ba-ec5f0b87cf0d,MERCY HOSPITAL NORTHWEST ARKANSAS,Mercy Hospital Northwest Arkansas
cc:5ec4abd1-91ba-47da-ba87-937483ef9140,TIDALHEALTH PENINSULA REGIONAL,Tidalhealth Peninsula Regional
cc:5ec5cff2-9252-4838-b1ef-b88eb1a39f5a,ARCHBOLD  GRADY GENERAL HOSPITAL,Archbold Grady General Hospital
cc:5ed4659f-f545-4a32-8220-1963d409d545,PIONEERS MEDICAL CENTER,Pioneers Medical Center
cc:5ee6c1af-1a21-4350-969b-486d1ce2f009,FREEMAN HOSPITAL WEST,Freeman Hospital West
cc:5eeb1953-a7fd-48f7-9f90-dff1a802b919,ASCENSION ST. VINCENT FISHERS,Ascension St. Vincent Fishers
cc:5eeddca4-5906-40ef-8dfe-cb6ec0a83f4c,PALMETTO LOWCOUNTRY BEHAVIORAL HEALTH,Palmetto Lowcountry Behavioral Health
cc:5eee5009-638f-48c6-8bee-fad0d0bf3323,NEW YORK PSYCHIATRIC INSTITUTE,New York Psychiatric Institute
cc:5eeecca8-d416-42ad-882b-370642e4ef45,SHRINERS CHILDREN'S SPOKANE,Shriners Children's Spokane
cc:5ef44e4e-8daf-49f1-aa3a-2b36cf99382f,HSS STAMFORD,HSS Stamford
cc:5ef9ec79-2384-4ab9-84c1-f6aa6ee6c9c8,JEFFERSON STRATFORD HOSPITAL,Jefferson Stratford Hospital
cc:5efb6bb4-c9e8-4dd3-bd50-72bf4c56a95a,CEDAR PARK EMERGENCY CENTER,Cedar Park Emergency Center
cc:5efe5e61-ddbc-44b8-95c7-fc4428beb70d,NEW MEXICO REHABILITATION CENTER,New Mexico Rehabilitation Center
cc:5f0481d5-73d1-499b-82e5-9573fd25ed8e,MONTCLAIR HOSPITAL MEDICAL CENTER,Montclair Hospital Medical Center
cc:5f0696e4-4b2e-4c15-a867-0724027f125c,THROCKMORTON COUNTY MEMORIAL HOSPITAL,Throckmorton County Memorial Hospital
cc:5f0800cc-bd73-4c3c-9e46-7a6d1da8432c,AMG SPECIALTY HOSPITAL CENTRAL INDIANA - MUNCIE,AMG Specialty Hospital Central Indiana - Muncie
cc:5f18dc28-f77f-4179-a1db-a0f2f1c9820b,HILLCREST HOSPITAL,Hillcrest Hospital
cc:5f2d5c73-76ff-48ea-9304-bcfd01d7de24,GOOD SHEPHERD PENN PARTNERS SPECIALTY HOSPITAL AT RITTENHOUSE,Good Shepherd Penn Partners Specialty Hospital at Rittenhouse
cc:5f2f2579-6058-4669-a6c9-81864e606152,CHRISTUS DUBUIS HOSPITAL OF BEAUMONT,CHRISTUS Dubuis Hospital of Beaumont
cc:5f31ee57-b604-4129-8492-b725c2bbf668,ADVENTIST HEALTHCARE WHITE OAK MEDICAL CENTER,Adventist Healthcare White Oak Medical Center
cc:5f365851-8962-422c-8cd4-a7d1b59ee9af,WEST TENNESSEE HEALTHCARE CAMDEN HOSPITAL,West Tennessee Healthcare Camden Hospital
cc:5f3f827b-3f6e-47dc-b157-0c6d895f9995,THE BEHAVIORAL WELLNESS CENTER AT GIRARD,The Behavioral Wellness Center at Girard
cc:5f431396-e5ab-4f8d-877e-ad4a786b9e30,SAINT LUKE'S NORTH HOSPITAL - SMITHVILLE,Saint Luke's North Hospital - Smithville
cc:5f650c8f-5d99-4a88-81a2-20441e876a19,NORTHEAST GEORGIA MEDICAL CENTER BRASELTON,Northeast Georgia Medical Center Braselton
cc:5f6ad71b-2070-41b9-b7eb-c315953f5811,TELECARE RIVERSIDE COUNTY PSYCHIATRIC HEALTH FACILITY,Telecare Riverside County Psychiatric Health Facility
cc:5f7155ca-0a6b-42f9-81ae-5306d4c9df26,COREWELL HEALTH ZEELAND HOSPITAL,Corewell Health Zeeland Hospital
cc:5f7a7867-604b-4664-93ec-2158b5c31f19,GULF COAST TREATMENT CENTER,Gulf Coast Treatment Center
cc:5f9258cd-1cdc-4141-ad8a-54f8b658d1b2,STRAUB BENIOFF MEDICAL CENTER,Straub Benioff Medical Center
cc:5f92c815-a776-46d6-9b83-b89d98a38a20,COHEN CHILDREN'S MEDICAL CENTER,Cohen Children's Medical Center
cc:5f99015f-7697-4d38-88b4-e0c1c864356a,UH LAKE CENTER FOR COMPREHENSIVE REHABILITATION,UH Lake Center for Comprehensive Rehabilitation
cc:5f9ddb97-a973-454a-b3f7-efa362ca40df,LEGACY UNITY CENTER FOR BEHAVIORAL HEALTH ADOLESCENT IP,Legacy Unity Center for Behavioral Health Adolescent IP
cc:5faa52f0-df94-45ce-86f5-2d7157d77253,NEWBERRY COUNTY MEMORIAL HOSPITAL,Newberry County Memorial Hospital
cc:5faf425c-7b3e-41f8-8963-e5975398c352,SISKIN HOSPITAL FOR PHYSICAL REHABILITATION,Siskin Hospital for Physical Rehabilitation
cc:5fbe16de-e89d-42b8-bd61-f942653c5a7b,SOUTHERN WINDS HOSPITAL,Southern Winds Hospital
cc:5fc1a733-8a81-4179-83c3-ba6e56078533,FREEMAN HEALTH SYSTEM - SILOAM SPRINGS MEDICAL CENTER,Freeman Health System - Siloam Springs Medical Center
cc:5fc27c28-22c3-44ee-9f43-23387f4d4be8,EAGLEVILLE HOSPITAL,Eagleville Hospital
cc:5fc81a25-cda3-4c24-911d-c1fc283000bf,FREEDOM BEHAVIORAL HOSPITAL LEESVILLE,Freedom Behavioral Hospital Leesville
cc:5fccf323-c8af-4279-a1a7-5045efc1c801,MCLAREN PORT HURON,McLaren Port Huron
cc:5fe8f10f-d873-4ed0-a44e-90c618846a59,HCA FLORIDA LAKE CITY HOSPITAL,HCA Florida Lake City Hospital
cc:5ffa3c85-5e38-4a3c-9c4a-7b4424223720,COMMUNITY MEMORIAL HOSPITAL,Community Memorial Hospital
cc:5ffe5d07-a08f-41a7-9a6e-e3781c5e8128,COLUMBUS REGIONAL HEALTH,Columbus Regional Health
cc:6004056a-9642-42d4-b24b-cbada548f127,DOCTORS MEMORIAL HOSPITAL BONIFAY,Doctors Memorial Hospital Bonifay
cc:6023a16d-467e-41cc-8a35-95517513f520,ADVOCATE CHILDREN'S HOSPITAL - OAK LAWN,Advocate Children's Hospital - Oak Lawn
cc:60329498-ac87-4f50-8330-0c0d200d5b0c,TREASURE VALLEY HOSPITAL,Treasure Valley Hospital
cc:60344ba4-3966-48b2-8068-ed797b8f6541,OSF SACRED HEART MEDICAL CENTER - URBANA,OSF Sacred Heart Medical Center - Urbana
cc:6053ee95-4305-4c63-bf9c-dd1dfdcd60de,BRENTWOOD HOSPITAL,Brentwood Hospital
cc:60562bf8-a63d-416d-b61f-911474af7705,BAYLOR SCOTT & WHITE MEDICAL CENTER HILLCREST,Baylor Scott & White Medical Center Hillcrest
cc:6071ac52-39c8-4dc7-b12f-40bd77b78302,MIDWEST ORTHOPEDIC SPECIALTY HOSPITAL,Midwest Orthopedic Specialty Hospital
cc:6074a1e1-2b50-4634-a9fd-4069af14f801,LAKEWOOD RANCH MEDICAL CENTER,Lakewood Ranch Medical Center
cc:6079a6a5-f65c-4236-9236-4b9002565152,MAYO CLINIC HEALTH SYSTEM RED WING,Mayo Clinic Health System Red Wing
cc:6082d261-0971-4174-966b-f78f876c16eb,AVERA MCKENNAN HOSPITAL & UNIVERSITY HEALTH CENTER,Avera McKennan Hospital & University Health Center
cc:60908787-dc88-44be-a65d-f5ea1c207bc3,SAINT ANNE'S HOSPITAL,Saint Anne's Hospital
cc:609a15d5-0c66-47ae-9f17-1c6db82a5e14,PATRICIA NEAL REHABILITATION HOSPITAL,Patricia Neal Rehabilitation Hospital
cc:60a92ac7-2608-4304-bb58-857c3d152552,DEERBROOK EMERGENCY HOSPITAL,Deerbrook Emergency Hospital
cc:60b3f187-a39c-49c2-85a0-757a79e5f287,ADVENTIST HEALTH SIERRA VISTA,Adventist Health Sierra Vista
cc:60bb269d-b52e-4752-bae7-65b2d6bd6ee7,BAPTIST HEALTH PADUCAH,Baptist Health Paducah
cc:60c39a49-7564-4e6e-8468-3b1da13502ef,SGMC SMITH NORTHVIEW,SGMC Smith Northview
cc:60c922d2-aee1-4d21-b366-93471d3bf750,ADVENTHEALTH CELEBRATION,AdventHealth Celebration
cc:60d11105-25cb-48d3-9d3a-31de407e03db,M HEALTH FAIRVIEW SOUTHDALE HOSPITAL,M Health Fairview Southdale Hospital
cc:60d9f581-f464-44a3-af09-466b5297f964,PAM HEALTH REHABILITATION HOSPITAL OF CORPUS CHRISTI,PAM Health Rehabilitation Hospital of Corpus Christi
cc:60dc8b1a-9ea7-4ff7-b58a-711017612d9a,ASCENSION ST. VINCENT STRESS CENTER,Ascension St. Vincent Stress Center
cc:60dd7e0e-3823-41bf-bea0-845d3ca4d10f,COVENANT HOSPITAL PLAINVIEW,Covenant Hospital Plainview
cc:60e8e2dc-8846-4d4e-ba8b-d5655537aa2e,SAINT FRANCIS HOSPITAL MEMPHIS,Saint Francis Hospital Memphis
cc:60f16a61-8d67-49ef-915f-e221d21dc95c,NEXUS SPECIALTY HOSPITAL - THE WOODLANDS,Nexus Specialty Hospital - The Woodlands
cc:60f74c55-672b-4bcd-b5fa-41260bc458bf,MEMORIAL MEDICAL CENTER,Memorial Medical Center
cc:60fb42e4-08c2-4175-b974-0b8779dced38,PROVIDENCE MEDICAL CENTER,Providence Medical Center
cc:61114348-2b5b-41d2-b6bf-211044f076fe,CRISP REGIONAL HOSPITAL,Crisp Regional Hospital
cc:6111ab72-0be6-4ac7-9bec-94b0e48ba8e9,MANHATTAN PSYCHIATRIC CENTER,Manhattan Psychiatric Center
cc:6112713b-f287-4516-84b3-50c043c711bc,GREENE COUNTY GENERAL HOSPITAL,Greene County General Hospital
cc:61128eb6-ab94-4c94-a894-5e061ba397a2,THEDACARE REGIONAL MEDICAL CENTER APPLETON,Thedacare Regional Medical Center Appleton
cc:61149f48-eb59-441b-91ce-53cb704e004b,MEDSTAR HEALTH PHYSICAL THERAPY AT WAVERLY,MedStar Health Physical Therapy at Waverly
cc:611d53c2-afc1-43c6-8ef1-e5975e17e8d3,MERCY HOSPITAL JOPLIN,Mercy Hospital Joplin
cc:611fe399-5716-46cf-8c17-424831460678,GEISINGER SHAMOKIN AREA COMMUNITY HOSPITAL,Geisinger Shamokin Area Community Hospital
cc:612515d4-7d36-46e6-b584-8085a580ab2c,VIRGINIA HOSPITAL CENTER,Virginia Hospital Center
cc:612b9c4a-0b50-4214-ab56-ec47840b0939,BOONE COUNTY HEALTH CENTER,Boone County Health Center
cc:612d1804-65f5-4fb6-b5e3-36f00ffbaf75,SANFORD MEDICAL CENTER - BISMARCK,Sanford Medical Center - Bismarck
cc:6133ba31-1e28-4680-aa7f-a1e72c5683da,PROVIDENCE MEDFORD MEDICAL CENTER,Providence Medford Medical Center
cc:61407423-eee7-4ac2-9777-f6c539209400,ADVENTIST HEALTH CASTLE,Adventist Health Castle
cc:614412b0-06f3-4a23-8dd5-2801cc1bad7d,GRIGGS COUNTY CARE CENTER,Griggs County Care Center
cc:614974ca-7268-4661-84b9-0dc3d857457f,ST ELIZABETH BOARDMAN HEALTH CENTER,St. Elizabeth Boardman Health Center
cc:61577285-bd15-4c57-badc-cf1c5fd8eaae,HOSPITAL DAMAS,Hospital Damas
cc:61681363-66c9-47fa-a440-e0eeacd81daf,BANNER REHABILITATION HOSPITAL TUCSON,Banner Rehabilitation Hospital Tucson
cc:6170839e-fe05-4d58-a064-90a0e70ad6e0,SELECT MEDICAL REHABILITATION MADISON,Select Medical Rehabilitation Madison
cc:6175f517-2775-4ce0-8564-5df69472962e,BAYLOR SCOTT & WHITE ALL SAINTS MEDICAL CENTER FORT WORTH,Baylor Scott & White All Saints Medical Center Fort Worth
cc:6179630c-a2a8-491b-bc6f-133050c832c1,HEREFORD REGIONAL MEDICAL CENTER,Hereford Regional Medical Center
cc:6195d060-e371-4488-9086-e5c826dd873c,RICE MEDICAL CENTER,Rice Medical Center
cc:61967b61-b59f-4825-ac94-993acc60ba2e,BON SECOURS SOUTHAMPTON MEMORIAL HOSPITAL,Bon Secours Southampton Memorial Hospital
cc:619cf615-3edd-451c-985a-a69f8e86de7c,HODGEMAN COUNTY HEALTH CENTER,Hodgeman County Health Center
cc:61a40b00-13c5-4b64-a70e-ae55a30a3346,KINGWOOD PINES HOSPITAL,Kingwood Pines Hospital
cc:61ab873e-70c5-48ce-ac18-ccbe2d124401,LOCKPORT MEMORIAL HOSPITAL,Lockport Memorial Hospital
cc:61cb5e26-b0bb-43f9-b6c2-e0b554a4d92d,ADVANCED HOUSTON SPECIALTY HOSPITAL,Advanced Houston Specialty Hospital
cc:61d0050e-d3b2-4a53-aa58-2656c48dcc75,HCA FLORIDA CITRUS HOSPITAL,HCA Florida Citrus Hospital
cc:61d6691b-b198-4bbb-8e10-8b532a745c9b,KEARNEY REGIONAL MEDICAL CENTER,Kearney Regional Medical Center
cc:61e45cf3-75c3-40e0-9663-86f67e11bd76,UNITYPOINT HEALTH MERITER CHILD AND ADOLESCENT PSYCH HOSPITAL,UnityPoint Health Meriter Child and Adolescent Psych Hospital
cc:62027531-314d-4dfb-b515-882d068cb1a2,HOPEDALE MEDICAL COMPLEX,Hopedale Medical Complex
cc:62074fcb-2f1a-473c-837a-a976062d715a,JOHN GEORGE PSYCHIATRIC HOSPITAL,John George Psychiatric Hospital
cc:620e8b2d-6716-42f9-9fb7-a305e7fe2a5f,ST LUKE HOSPITAL,St. Luke Hospital
cc:62103f27-b346-4edb-9c5d-ec217821538d,UOFL HEALTH - MEDICAL CENTER EAST,UofL Health - Medical Center East
cc:6217a23e-4e30-4f56-9ce1-c81032711954,WESTON HOSPITAL CLEVELAND CLINIC,Weston Hospital Cleveland Clinic
cc:621c5829-2a5b-49b5-a2ea-852d2fe1c2ba,BAPTIST HEALTH MEDICAL CENTER-CONWAY,Baptist Health Medical Center-Conway
cc:6226d458-1dbc-4508-bbf5-bc0275caef6d,IU HEALTH ARNETT HOSPITAL,IU Health Arnett Hospital
cc:622cb6ab-f5b1-478a-97f3-37d5201816ba,PARKVIEW WHITLEY HOSPITAL,Parkview Whitley Hospital
cc:623194be-a4bb-4813-9c6d-b6f2426588df,KONA COMMUNITY HOSPITAL,Kona Community Hospital
cc:62322f60-4704-44aa-8888-e1a6f7d72acf,UNIVERSITY OF MIAMI HOSPITAL AND CLINICS-BASCOM PALMER EYE INST,University of Miami Hospital and Clinics-Bascom Palmer Eye Inst
cc:62377dd2-8d43-44f9-b107-d822c3999686,BUNKIE GENERAL HOSPITAL,Bunkie General Hospital
cc:62414ec6-dc64-477d-9bb7-94d39cbc79e5,ASCENSION SE WISCONSIN HOSPITAL ST JOSEPH,Ascension Se Wisconsin Hospital St. Joseph
cc:62455473-68e5-486a-aa36-9909d4d45262,QUILLEN REHABILITATION HOSPITAL,Quillen Rehabilitation Hospital
cc:624c02d0-da5d-48f1-b939-db6eb9c3543e,ENCOMPASS HEALTH REHABILITATION OF CITY VIEW,Encompass Health Rehabilitation of City View
cc:62637d19-679b-4b94-873d-6e6ae14c432c,UT HEALTH JACKSONVILLE,UT Health Jacksonville
cc:6264f074-d836-42b4-8cb7-57e5c2fa24de,ORLANDO HEALTH CANCER INSTITUTE - DOWNTOWN ORLANDO,Orlando Health Cancer Institute - Downtown Orlando
cc:6275a041-b715-4b3e-90d6-d75a9249fa8f,THE COLONY ER HOSPITAL,The Colony ER Hospital
cc:627aa017-4eda-418d-94de-30b306108436,MYMICHIGAN MEDICAL CENTER SAULT,Mymichigan Medical Center Sault
cc:627e0316-45fc-4670-a951-6d608347f37a,VIRGINIA GAY HOSPITAL,Virginia Gay Hospital
cc:628d6e20-62d2-4181-99f4-5f277eb2cbd6,MERCYONE DES MOINES MEDICAL CENTER,Mercyone Des Moines Medical Center
cc:62951653-2db9-46ea-9f41-a1d22780cce8,COOK CHILDREN'S MEDICAL CENTER - PROSPER,Cook Children's Medical Center - Prosper
cc:6298217c-d70b-48c1-8e53-e650f6068375,PROGRESS WEST HOSPITAL,Progress West Hospital
cc:62af5ebb-cc7b-415c-b2fc-31342f6faa60,EMANATE HEALTH INTER-COMMUNITY HOSPITAL,Emanate Health Inter-Community Hospital
cc:62b2f309-451b-44df-9d66-7a6ccaec46bf,PAM REHABILITATION HOSPITAL OF CENTENNIAL HILLS,PAM Rehabilitation Hospital of Centennial Hills
cc:62bae54b-a762-4d52-9c62-3c4d1bf9f141,LANDMARK HOSPITAL OF ATHENS,Landmark Hospital of Athens
cc:62bc4967-1bb3-41f7-a21a-e36a2cc99d16,KIDSPEACE HOSPITAL,Kidspeace Hospital
cc:62c348ac-f006-4f84-b5a0-67e067ce7876,ALLINA HEALTH UNITED HOSPITAL,Allina Health United Hospital
cc:62cc3440-1c30-4724-a7c1-8aa588acbeb0,REHABILITATION HOSPITAL OF WISCONSIN,Rehabilitation Hospital of Wisconsin
cc:62ce4282-95dd-4869-b9af-082f59cd4554,ABRAZO ARROWHEAD CAMPUS,Abrazo Arrowhead Campus
cc:62d0d9bb-e75c-4e81-9832-4f78c7d2094d,ST. LUKE'S MERIDIAN MEDICAL CENTER,St. Luke's Meridian Medical Center
cc:62d690a3-4813-42a8-8a43-d3fe0e14be15,ETHAN CROSSING OF INDIANAPOLIS,Ethan Crossing of Indianapolis
cc:62dbc703-0e54-4db0-bff1-36969e907255,THE MEMORIAL HOSPITAL AT CRAIG,The Memorial Hospital at Craig
cc:62e0085f-1422-4f96-8446-4ad47c1e705b,HONORHEALTH REHABILITATION HOSPITAL,HonorHealth Rehabilitation Hospital
cc:62ebd60f-aa4b-4d8c-95d1-b1a7ee267f12,BAPTIST MEMORIAL HOSPITAL FOR WOMEN,Baptist Memorial Hospital for Women
cc:62f42eaf-fcef-4e47-829f-884cec81cf4f,SELECT SPECIALTY HOSPITAL - DES MOINES,Select Specialty Hospital - Des Moines
cc:6302cc20-0f84-4836-9cf5-45ecf3327a18,AHN GROVE CITY MEDICAL CENTER,AHN Grove City Medical Center
cc:631389d3-2005-48e7-b8c8-eb2681b62a4b,PROMEDICA CHARLES AND VIRGINIA HICKMAN HOSPITAL,ProMedica Charles and Virginia Hickman Hospital
cc:632202f6-5e7a-4c70-9ab2-28c06d270711,CORPUS CHRISTI REHABILITATION HOSPITAL,Corpus Christi Rehabilitation Hospital
cc:6334f401-6638-467d-a4f5-486fb8bb9a38,CREEK NATION COMMUNITY HOSPITAL,Creek Nation Community Hospital
cc:6340ed41-4cbb-4873-9786-4055ff49ec09,CLAY COUNTY HOSPITAL,Clay County Hospital
cc:6350af63-7728-4dc0-83ca-82e9aa4a9e36,MOUNT NITTANY MEDICAL CENTER,Mount Nittany Medical Center
cc:6352e292-0a3e-4cd8-96cb-5a6b210f66d4,PAM REHABILITATION HOSPITAL OF WAUSAU,PAM Rehabilitation Hospital of Wausau
cc:6355710d-9a42-4b1d-9e8e-8e9a3a7fdb34,PERRY COUNTY GENERAL HOSPITAL,Perry County General Hospital
cc:636ce16e-da13-4616-a35f-9191db7ea9b2,VISTA SPECIALTY HOSPITAL  LA MIRADA,Vista Specialty Hospital la Mirada
cc:63732bc0-5e6a-4d05-b1b7-1bb1bed0bb30,HEALTHALLIANCE HOSPITAL,Healthalliance Hospital
cc:6373a50e-1305-4c2e-9a69-391b4b911654,SHRINERS CHILDREN'S ST. LOUIS,Shriners Children's St. Louis
cc:637c8443-aa4b-4da6-abe3-4590008714ee,UNIVERSITY BEHAVIORAL HEALTH OF DENTON,University Behavioral Health of Denton
cc:63832e1c-5cc0-4a27-88d1-235638093416,GULFPORT BEHAVIORAL HEALTH SYSTEM,Gulfport Behavioral Health System
cc:63997895-7849-40ca-8ef8-0e0048df8391,NORTHERN NEVADA MEDICAL CENTER,Northern Nevada Medical Center
cc:63a10972-e6b8-4257-a347-411cb997be77,ENCOMPASS HEALTH REHABILITATION HOSPITAL OF ALBUQUERQUE,Encompass Health Rehabilitation Hospital of Albuquerque
cc:63a9dcb0-aaba-4f13-b845-0000eb0dddda,MULTICARE COVINGTON MEDICAL CENTER,MultiCare Covington Medical Center
cc:63b0ecbc-2bf0-4041-b571-40f7008622ff,KUAKINI MEDICAL CENTER,Kuakini Medical Center
cc:63bf1631-b747-4035-a0b4-4729ca28bb5c,ST. JOHNS RIVERSIDE HOSPITAL PARKCARE PAVILION,St. Johns Riverside Hospital Parkcare Pavilion
cc:63c11a70-d9b9-4c23-98ab-272195750a32,SARAH BUSH LINCOLN HEALTH CENTER,Sarah Bush Lincoln Health Center
cc:63c6e334-e6dd-43f3-9ccc-84f93eafa5ba,PIONEER MEDICAL CENTER - CAH,Pioneer Medical Center - CAH
cc:63c89e65-5139-4350-8dda-240bc773bf06,SANFORD THIEF RIVER FALLS BEHAVIORAL HEALTH CENTER,Sanford Thief River Falls Behavioral Health Center
cc:63cef1c4-d1bb-4b73-bae7-7db24a4e4f27,NEVADA REGIONAL MEDICAL CENTER,Nevada Regional Medical Center
cc:63e3ffce-4a90-4180-82e2-6190b5c507a9,CAPITAL DISTRICT PSYCHIATRIC CENTER,Capital District Psychiatric Center
cc:63f01deb-44cc-485c-a01c-f05975e9ac87,PIEDMONT MACON MEDICAL CENTER,Piedmont Macon Medical Center
cc:64061927-b159-4a22-8a87-742b1d3f402e,ATRIUM MEDICAL CENTER,Atrium Medical Center
cc:64099927-da1b-49e2-a0ba-48893e5bba68,SAKAKAWEA MEDICAL CENTER - CAH,Sakakawea Medical Center - CAH
cc:6410d2f4-43ef-4497-905b-3f9814f479dc,COREWELL HEALTH TAYLOR HOSPITAL,Corewell Health Taylor Hospital
cc:641e9d3b-056f-40ed-93bc-7c7d45088f2f,MARY WASHINGTON HOSPITAL,Mary Washington Hospital
cc:642523cb-d2f7-4992-a18c-268c1b78e7ca,ILLINI COMMUNITY HOSPITAL,Illini Community Hospital
cc:6429338f-075d-49f4-bb42-bada68984435,MEMORIAL HEALTHCARE HOSPITAL,Memorial Healthcare Hospital
cc:642f8b3a-fc57-4f94-ad0d-5e670d9c91dd,ST. JOSEPH'S WAYNE MEDICAL CENTER,St. Joseph's Wayne Medical Center
cc:643266cf-08d1-415d-b2a1-8e303dde99d1,AHN SAINT VINCENT HOSPITAL,AHN Saint Vincent Hospital
cc:643ef092-b234-4101-a4e8-3ccba24426c7,ST. LUKE'S HOSPITAL,St. Luke's Hospital
cc:644146d8-bb27-41c9-a7a3-60a4aa2a0f1a,CONTINUECARE HOSPITAL AT MEDICAL CENTER ODESSA,Continuecare Hospital at Medical Center Odessa
cc:64473766-bfcb-4b3e-a392-8c3f2dd51127,PIEDMONT NEWNAN HOSPITAL,Piedmont Newnan Hospital
cc:644a653c-98d0-4f9e-b071-f1efa8c5b217,KINDRED HOSPITAL SAN DIEGO,Kindred Hospital San Diego
cc:644c4c2c-0b8d-40fd-bf63-c2d56ddf2635,REGIONAL ONE HEALTH,Regional One Health
cc:644fc732-a454-473f-a55c-37599fe2599d,COMMUNITY HOSPITAL FAIRFAX,Community Hospital Fairfax
cc:6458a009-5c53-41f3-976b-153e42b64dd9,BATON ROUGE GENERAL - BLUEBONNET,Baton Rouge General - Bluebonnet
cc:6465053c-2f81-447d-b1ba-079461855f7e,CHI HEALTH ST. ELIZABETH,CHI Health St. Elizabeth
cc:646bac16-d790-4bf3-953e-408832eb7712,JANE TODD CRAWFORD MEMORIAL HOSPITAL,Jane Todd Crawford Memorial Hospital
cc:646dcfb5-2a04-4144-9a18-a54dd4fa9afa,CLEVELAND CLINIC MAIN CAMPUS,Cleveland Clinic Main Campus
cc:647af6f5-db17-4b2f-990b-528ba5353998,AMG SPECIALTY HOSPITAL NORTH MISSISSIPPI,AMG Specialty Hospital North Mississippi
cc:647f29f7-b545-44b7-99b0-b1e7d5d25e6f,HIGHLAND HOSPITAL,Highland Hospital
cc:647f95a5-eef9-48c3-8bda-17e870d65793,BEACON BEHAVIORAL HOSPITAL BUNKIE,Beacon Behavioral Hospital Bunkie
cc:647fdfa4-2d5d-4f85-9a14-d041c6abc11f,MERCYONE NEWTON MEDICAL CENTER,Mercyone Newton Medical Center
cc:64822b31-8c30-46d2-a9cb-67db32f53245,CONTINUECARE HOSPITAL AT HENDRICK MEDICAL CENTER,Continuecare Hospital at Hendrick Medical Center
cc:6482d99e-f9ed-49dd-9988-4bd1da32eefd,MERCY HOSPITAL OKLAHOMA CITY SOUTH,Mercy Hospital Oklahoma City South
cc:64a30113-425a-4283-a581-eb03af9f7ba1,MUSCOGEE NATION COUNCIL OAK COMPREHENSIVE HEALTHCARE,Muscogee Nation Council Oak Comprehensive Healthcare
cc:64a33776-929e-4cdc-89eb-2a6199eee84a,K HOVNANIAN CHILDRENS HOSPITAL,K. Hovnanian Childrens Hospital
cc:64a8a85f-9c42-4dd4-aef1-0453ed31d11b,NIOBRARA COMMUNITY HOSPITAL,Niobrara Community Hospital
cc:64ada5ec-20bf-4215-8031-13311fe6b2f6,GUNDERSEN ST JOSEPHS HOSPITAL,Gundersen St. Josephs Hospital
cc:64b9574e-0d5c-4dab-bcf0-e973cc60f450,PARK BRIDGE REHABILITATION AND WELLNESS CENTER,Park Bridge Rehabilitation and Wellness Center
cc:64bb90d7-bb59-48af-89d4-4b6dd0591db0,REGIONAL HEALTH SERVICES OF HOWARD COUNTY,Regional Health Services of Howard County
cc:64bc9e07-740d-4b16-8119-130887bd1a0f,SKYLINE HOSPITAL,Skyline Hospital
cc:64be98c3-23c2-44af-a0f3-abd85fe6cf47,BASSETT MEDICAL CENTER,Bassett Medical Center
cc:64c02edf-81de-4a12-8df1-ee55a58efd7c,OSCEOLA REGIONAL HEALTH CENTER,Osceola Regional Health Center
cc:64d7c2eb-d72e-4dc4-af6d-820f9b9eb810,CHRISTUS SANTA ROSA HOSPITAL - ALAMO HEIGHTS,CHRISTUS Santa Rosa Hospital - Alamo Heights
cc:64dc5987-4b8f-47f9-80f0-65511322411e,ASCENSION ST. VINCENT'S CLAY COUNTY HOSPITAL,Ascension St. Vincent's Clay County Hospital
cc:64de4961-3535-4c3d-9128-5172152e56bb,TRINITAS REGIONAL MEDICAL CENTER - NEW POINT CAMPUS,Trinitas Regional Medical Center - New Point Campus
cc:64ef699c-e4ed-4080-ab07-0d1a8bea1c53,LADY OF THE SEA GENERAL HOSPITAL,Lady of the Sea General Hospital
cc:64f25077-8c85-488a-955f-2d564899e3f3,MEDICAL CITY ARGYLE,Medical City Argyle
cc:64fa250f-6c0b-4c58-8ee2-629def181d7e,MEDSTAR HEALTH PHYSICAL THERAPY AT COCKEYSVILLE,MedStar Health Physical Therapy at Cockeysville
cc:64faa1a3-d949-49e8-8f7a-da297ac5ca1b,SUN BEHAVIORAL KENTUCKY,Sun Behavioral Kentucky
cc:64ff7c85-9f95-45d3-8b90-b33d40f72241,DAMERON HOSPITAL,Dameron Hospital
cc:6500eaaa-3aef-4d48-8ecd-28f1695187ff,UNITYPOINT HEALTH BLANK CHILDREN'S HOSPITAL,UnityPoint Health Blank Children's Hospital
cc:650dfa16-4f13-4fe8-865d-ae5b126b9416,CHI MEMORIAL HOSPITAL HIXSON,CHI Memorial Hospital Hixson
cc:6515f610-f78c-4e6b-ac77-a477c7e36dc1,TOUCHETTE REGIONAL HOSPITAL,Touchette Regional Hospital
cc:653c250b-5ab1-4b96-b252-5833cecea1f7,COMMUNITY REHABILITATION HOSPITAL NORTH,Community Rehabilitation Hospital North
cc:65485623-2283-421c-86a2-d199920b07f5,MEDSTAR HEALTH PHYSICAL THERAPY AT ELLICOTT CITY,MedStar Health Physical Therapy at Ellicott City
cc:65491e56-ce10-4224-92de-5090563a4560,UNIVERSITY MEDICAL CENTER,University Medical Center
cc:654fcbfe-b37c-4bec-be48-05f0d74c3acf,GADSDEN REGIONAL MEDICAL CENTER,Gadsden Regional Medical Center
cc:655f1257-5cca-461b-ae74-04726cfe816d,SENTARA OBICI HOSPITAL,Sentara Obici Hospital
cc:657405a9-32c8-4cbe-b94a-324a5bd594b3,HOLLYWOOD PRESBYTERIAN MEDICAL CENTER,Hollywood Presbyterian Medical Center
cc:65744fcb-007a-4ab0-8a65-c3d9348c7219,MUNDAY CLINIC,Munday Clinic
cc:6583584b-f2aa-4860-a57f-3a6d54c96123,OUR LADY OF THE LAKE NORTH EMERGENCY ROOM,Our Lady of the Lake North Emergency Room
cc:65855a3f-036f-4bb6-8136-842e5a89cb1e,RANCHO LOS AMIGOS NATIONAL REHAB CENTER,Rancho los Amigos National Rehabilitation Center
cc:658aa2b5-64cd-4f08-83d0-5c62193003d3,MILBANK AREA HOSPITAL AVERA,Milbank Area Hospital Avera
cc:658f5586-02ed-45a1-bb02-a979a0f8a29a,ERLANGER SEQUATCHIE VALLEY,Erlanger Sequatchie Valley
cc:659bb4af-5055-4b54-a6fa-2c73a5c443c0,UW HEALTH BELVIDERE HOSPITAL,UW Health Belvidere Hospital
cc:659d8a46-289c-4193-a365-abd321593296,PAM SPECIALTY HOSPITAL OF LULING,PAM Specialty Hospital of Luling
cc:65a09d5d-8df1-47e3-8771-2cc050ad350f,SAN GORGONIO MEMORIAL HOSPITAL,San Gorgonio Memorial Hospital
cc:65a1fcc6-3aeb-46d2-9a38-f3884f68b314,WYCKOFF HEIGHTS MEDICAL CENTER,Wyckoff Heights Medical Center
cc:65a2630e-557b-414a-8756-5fdd1728d057,PETALUMA VALLEY HOSPITAL,Petaluma Valley Hospital
cc:65ad6ae4-ec66-440e-a934-2b137f84c65a,IU HEALTH FRANKFORT HOSPITAL,IU Health Frankfort Hospital
cc:65b6b21c-914b-4ffa-8b68-358e0604f20f,CITIZENS MEDICAL CENTER,Citizens Medical Center
cc:65e59c42-f426-4949-a5fa-9c571e1d3bd4,ENCOMPASS HEALTH REHABILITATION HOSPITAL OF FREDERICKSBURG,Encompass Health Rehabilitation Hospital of Fredericksburg
cc:65f449b6-f2ed-4703-98d0-3f7046135045,ST JOSEPH'S WESTGATE MEDICAL CENTER,St. Joseph's Westgate Medical Center
cc:65f7dcfd-aff1-48ec-a439-346e97218810,AUSTIN OAKS HOSPITAL,Austin Oaks Hospital
cc:660cbddc-203f-45fa-b05a-f3a6855f6bc2,SPECIALISTS HOSPITAL SHREVEPORT,Specialists Hospital Shreveport
cc:660e5c75-534f-4226-baba-8ad5a5cac312,NORTHBAY VACAVALLEY HOSPITAL,Northbay Vacavalley Hospital
cc:66120240-438e-4b08-b569-f89796fc12cd,VENTURA COUNTY MEDICAL CENTER - SANTA PAULA HOSPITAL,Ventura County Medical Center - Santa Paula Hospital
cc:66147644-9821-48d1-859d-3da57faf79cd,HUDSON COUNTY MEADOWVIEW PSYCHIATRIC HOSPITAL,Hudson County Meadowview Psychiatric Hospital
cc:66352791-9e68-4eb3-bd82-fff7c7a34f49,COMMUNITY REHABILITATION HOSPITAL WEST,Community Rehabilitation Hospital West
cc:663836a0-dcdc-4cc9-a40c-b01408aaf165,HCA FLORIDA MEMORIAL HOSPITAL,HCA Florida Memorial Hospital
cc:66384fe7-e39a-498d-9d72-f8f3386cf680,ESSENTIA HEALTH SANDSTONE,Essentia Health Sandstone
cc:663f00a0-8d5c-40b9-982f-408e9a399041,OLEAN GENERAL HOSPITAL,Olean General Hospital
cc:66483182-05a1-4d8e-8100-9860bf4b439c,SALEM HEALTH WEST VALLEY HOSPITAL,Salem Health West Valley Hospital
cc:664adb72-693f-42c8-8531-dbc9848b45a4,APPALACHIAN REGIONAL BEHAVIORAL HEALTHCARE,Appalachian Regional Behavioral Healthcare
cc:66552a3a-5ba1-4259-9739-6fa5d0e8ce98,LAKE HURON MEDICAL CENTER,Lake Huron Medical Center
cc:6659ce91-1b8f-4b3b-b588-76adccb83aac,MEDICAL CITY NORTH HILLS,Medical City North Hills
cc:66703ff7-ee62-4c98-8f0d-e9162d4b20ea,ENCOMPASS HEALTH REHABILITATION HOSPITAL OF NORTHERN KENTUCKY,Encompass Health Rehabilitation Hospital of Northern Kentucky
cc:66866884-b7bb-48f7-8e1b-4a6c386a7318,BEACON ALLEGAN,Beacon Allegan
cc:66972c1f-3b81-4dcf-855f-1f9b535fb33a,CARLINVILLE AREA HOSPITAL & CLINICS,Carlinville Area Hospital & Clinics
cc:669c7e86-daa6-4c55-b4a1-7303112557df,WEEKS MEDICAL CENTER,Weeks Medical Center
cc:66b6ccc3-0a53-42a9-b8bf-0e213759788f,CHRISTUS WEST BEAUMONT,CHRISTUS West Beaumont
cc:66c496da-469e-47d4-9475-22e71d6cca15,CLEVELAND AREA HOSPITAL,Cleveland Area Hospital
cc:66d8c604-b785-4c68-a181-048b399302dc,MERCY HOSPITAL PERRY,Mercy Hospital Perry
cc:66dd31ee-a7d3-4afb-84fe-c8d624572dc5,ALBUQUERQUE ER & HOSPITAL EAST,Albuquerque ER & Hospital East
cc:66e850f7-ac36-459d-890d-acff8e219a23,BANDERA FAMILY HOSPITAL,Bandera Family Hospital
cc:66edc19b-554b-45de-a43a-df6b27760dd5,VENTURA COUNTY MEDICAL CENTER,Ventura County Medical Center
cc:66f04951-c82e-4da3-ba94-9bf124a8369b,BAYOU CITY ER & HOSPITAL,Bayou City ER & Hospital
cc:66f151e8-3600-4f39-ba45-7b592f89c97f,PARHAM DOCTORS' HOSPITAL,Parham Doctors' Hospital
cc:66f19d9d-dd8a-4a42-8263-2bfbf1a6cdbb,FAITH REGIONAL HEALTH SERVICES,Faith Regional Health Services
cc:66f49149-05a0-42ea-bcb7-4297a26c7faa,WALDO COUNTY GENERAL HOSPITAL,Waldo County General Hospital
cc:66fc8835-be46-4b96-9b7d-22e9264d69b4,BRUNSWICK MEDICAL CENTER AND 24-HOUR EMERGENCY ROOM,Brunswick Medical Center and 24-Hour Emergency Room
cc:66fe6533-5742-4336-872c-efe5f370bc1e,INTERMOUNTAIN HEALTH LAYTON HOSPITAL,Intermountain Health Layton Hospital
cc:6704a9b0-ed6a-46b6-a970-babf2fbd7a89,FROEDTERT HOSPITAL,Froedtert Hospital
cc:6710cf82-2ebd-46bd-96e1-21c9f97ad346,MEDSTAR GOOD SAMARITAN HOSPITAL,MedStar Good Samaritan Hospital
cc:6718f840-5016-4a50-b754-8f77fc20e0ce,SSM HEALTH GOOD SAMARITAN HOSPITAL - MT. VERNON,SSM Health Good Samaritan Hospital - Mt. Vernon
cc:671c69fb-8d2e-4067-a00a-f83ab338a025,RICELAND BEAUMONT CLINIC,Riceland Beaumont Clinic
cc:672d39c6-cf9d-4868-81fa-c832ce8a83ef,ENCOMPASS HEALTH REHABILITATION HOSPITAL OF DALLAS,Encompass Health Rehabilitation Hospital of Dallas
cc:672ef15f-4603-4e3d-b88d-ebdb8ee9ccd4,TRISTAR HENDERSONVILLE MEDICAL CENTER,TriStar Hendersonville Medical Center
cc:67430675-3a23-4977-b9fd-0c6b3c96b822,SAGEWEST LANDER,Sagewest Lander
cc:6749b697-b27b-43a1-a59d-1a59a9f7239f,JOE DIMAGGIO CHILDREN'S HOSPITAL,Joe Dimaggio Children's Hospital
cc:6749de6b-7dfb-4f29-be30-9e9dfc444082,FAIRVIEW PARK HOSPITAL,Fairview Park Hospital
cc:675452c0-eae8-4d71-8867-0a00fbdda48a,UMMC HOLMES COUNTY,UMMC Holmes County
cc:675577c0-4753-4bc3-b1d9-d8a59289f634,WAYNE UNC HEALTHCARE,Wayne UNC Healthcare
cc:678609da-df0c-4375-bfc8-ed7af986b82e,COMMUNITY HEALTHCARE SYTEM ONAGA,Community Healthcare Sytem Onaga
cc:67983586-bc17-4963-998e-fe1d7b8c4ce4,"SSM HEALTH ST. ANTHONY HOSPITAL - SHAWNEE, SEMINOLE CAMPUS","SSM Health St. Anthony Hospital - Shawnee, Seminole Campus"
cc:679e2652-4e5b-40d6-a8dd-2c5bd51e04f4,PIEDMONT ROCKDALE HOSPITAL,Piedmont Rockdale Hospital
cc:67a4f7ba-61ca-4345-bcbd-efbf8c682f70,READING HOSPITAL REHABILITATION AT WYOMISSING,Reading Hospital Rehabilitation at Wyomissing
cc:67ab3c43-ba5c-4f21-8162-2719643e4d48,LANDMARK HOSPITAL OF SAVANNAH,Landmark Hospital of Savannah
cc:67c74dcc-936a-450a-a38a-e0077c458643,RAINY LAKE MEDICAL CENTER,Rainy Lake Medical Center
cc:67c92642-d1cd-4a67-a204-1f7f82eaaad8,UP HEALTH SYSTEM PORTAGE,UP Health System Portage
cc:67cf43d8-138d-4d0d-a75b-57cdcfcdb3f5,ASPIRUS LANGLADE HOSPITAL,Aspirus Langlade Hospital
cc:67d27d8a-4d31-458b-a6ef-af98217d00f5,LABETTE HEALTH,Labette Health
cc:67d988be-75dc-4d3e-87cb-5c4f1b955d2c,ASHTABULA COUNTY MEDICAL CENTER,Ashtabula County Medical Center
cc:67e3f002-59df-4b95-96ac-748c7978c947,INTERMOUNTAIN HEALTH UTAH VALLEY HOSPITAL,Intermountain Health Utah Valley Hospital
cc:67ef0a43-eeae-4f05-9de8-65530ef1f119,TAMPA GENERAL HOSPITAL BROOKSVILLE,Tampa General Hospital Brooksville
cc:67f2de19-2d4e-4a8a-8b6d-04fc5cf96636,METHODIST SOUTH HOSPITAL,Methodist South Hospital
cc:68061467-c3e3-4ba9-a377-94a8290e8605,CENTRAL MAINE MEDICAL CENTER,Central Maine Medical Center
cc:680a0a4f-f87b-48a4-83a5-10b13ed0a3a8,HCA FLORIDA ST. LUCIE HOSPITAL,HCA Florida St. Lucie Hospital
cc:680bf262-caa2-4ab3-9ea3-9a344ebaf298,HAWKINS COUNTY MEMORIAL HOSPITAL,Hawkins County Memorial Hospital
cc:68117cb7-6f8b-43b7-b969-0ac83cf17f95,BATON ROUGE GENERAL - ASCENSION,Baton Rouge General - Ascension
cc:6812f4f8-a091-49b8-ac11-503cef5307dc,TIDELANDS WACCAMAW COMMUNITY HOSPITAL,Tidelands Waccamaw Community Hospital
cc:6830e402-879c-4716-bb78-4642b53484bf,HIGHLANDS BEHAVIORAL HEALTH SYSTEM,Highlands Behavioral Health System
cc:68372b82-5d91-468a-af5e-4219f6ac3f41,GREAT PLAINS REGIONAL MEDICAL CENTER,Great Plains Regional Medical Center
cc:685d9c95-c1a1-4500-9b6a-8d889525fadb,CAPE CORAL HOSPITAL,Cape Coral Hospital
cc:68621e72-7926-4cf9-8cb5-e436fcb690df,TITUS REGIONAL MEDICAL CENTER,Titus Regional Medical Center
cc:68621eb3-8420-4424-b188-0405f21c9064,SETON MEDICAL CENTER HARKER HEIGHTS,Seton Medical Center Harker Heights
cc:687336ce-282f-4311-af2d-8f41bb4fff84,PATHWAY REHABILITATION HOSPITAL OF BOSSIER,Pathway Rehabilitation Hospital of Bossier
cc:687382aa-dd91-42bd-8571-5ff6beb069a1,MASON DISTRICT HOSPITAL,Mason District Hospital
cc:687d5c5d-f436-45d5-93e4-bb81362d6e73,BONNER GENERAL HOSPITAL,Bonner General Hospital
cc:68883d4d-561c-4b9a-a4f0-4f5f09446784,SAGE SPECIALTY HOSPITAL DENHAM SPRINGS,Sage Specialty Hospital Denham Springs
cc:68958ffb-3cab-4320-95f7-72f049b293d6,THRIVE BEHAVIORAL HOSPITAL,Thrive Behavioral Hospital
cc:689f9b1b-5000-4ea0-8ece-598bf3356336,LAFAYETTE REGIONAL HEALTH CENTER,Lafayette Regional Health Center
cc:68a594ca-cb22-4aca-b171-728fd104f6c9,MID AMERICA REHABILITATION HOSPITAL,MID America Rehabilitation Hospital
cc:68aeb881-f8c7-47cb-b102-e1cc3fcb70d4,JEFFERSON COUNTY HOSPITAL,Jefferson County Hospital
cc:68c26712-bd7d-4855-9622-0d2b926ecb88,ROGER MILLS MEMORIAL HOSPITAL,Roger Mills Memorial Hospital
cc:68c72f24-6ff6-4e67-adb5-32ca40806ca9,ELIZABETHTOWN COMMUNITY HOSPITAL TICONDEROGA,Elizabethtown Community Hospital Ticonderoga
cc:68d46e5d-56f9-4c87-8536-d983591b840e,UNC LENOIR HEALTH CARE,UNC Lenoir Health Care
cc:68df9fb1-9bb3-4949-93bf-e1e909d531d8,FREEDOM BEHAVIORAL HOSPITAL LAKE CHARLES,Freedom Behavioral Hospital Lake Charles
cc:68e1f5d2-a090-4f98-ad5a-08b3772f48c3,GEORGE WASHINGTON UNIVERSITY HOSPITAL,George Washington University Hospital
cc:68e347cb-658c-473d-9730-6cfd3ea01400,TROY REGIONAL MEDICAL CENTER,Troy Regional Medical Center
cc:68ea233b-8d52-462e-9573-48d67821ebc6,NORTH PORT BEHAVIORAL HEALTH,North Port Behavioral Health
cc:68f21ac1-df71-4e4f-9349-422c0aba4e60,SPRING VIEW HOSPITAL,Spring View Hospital
cc:68f6399c-e935-4fe4-a4f1-0fef23070345,WESTERN MISSOURI MEDICAL CENTER,Western Missouri Medical Center
cc:68f7edf9-89b0-4a46-8d59-5ad30cd4477a,WELLSPAN SHREWSBURY HOSPITAL,WellSpan Shrewsbury Hospital
cc:68f87b9d-a240-47dc-ae4a-d548bdcbdbd3,NORWALK COMMUNITY HOSPITAL,Norwalk Community Hospital
cc:68ffde5d-8e71-4bcf-bf3d-6ab76d5df4ee,KAISER PERMANENTE ROSEVILLE MEDICAL CENTER,Kaiser Permanente Roseville Medical Center
cc:69093ccd-51cd-4ad1-93d0-487011dcfd40,KEENE STREET MEDICAL CENTER,Keene Street Medical Center
cc:69097886-5616-41a0-832e-3b39ca386724,PACIFIC GROVE HOSPITAL,Pacific Grove Hospital
cc:690e1314-a3b6-4a6c-bb85-feb623c26959,PLUMAS DISTRICT HOSPITAL,Plumas District Hospital
cc:6913094e-ec15-489b-a54e-036e0da04cea,MONTGOMERY COUNTY MEMORIAL HOSPITAL,Montgomery County Memorial Hospital
cc:6915d1a4-bed4-4331-a524-5bb6a95caeaf,BAPTIST HEALTH LOUISVILLE,Baptist Health Louisville
cc:69458f61-3f73-4f65-84b6-46bb560e7555,KETTERING HEALTH GREENE MEMORIAL,Kettering Health Greene Memorial
cc:6948326a-9cdb-4bf4-b66f-1ef81f805689,COASTAL HARBOR TREATMENT CENTER,Coastal Harbor Treatment Center
cc:694a1fed-604f-4c09-9924-434aeaea56b3,POTTSTOWN HOSPITAL,Pottstown Hospital
cc:69557649-8d0c-47a0-8dce-5273807c51e3,RAPIDES REGIONAL MEDICAL CENTER,Rapides Regional Medical Center
cc:69600953-863b-407f-bdd9-65cd4bf8570f,AURELIA OSBORN FOX MEMORIAL HOSPITAL,Aurelia Osborn Fox Memorial Hospital
cc:69661ca6-6299-425d-81fb-a8f7890654f2,ASCENSION SE WISCONSIN HOSPITAL FRANKLIN,Ascension Se Wisconsin Hospital Franklin
cc:696c932b-c9ef-413c-8e09-f66c4ecbf969,MOUNT SINAI BROOKLYN,Mount Sinai Brooklyn
cc:6973a02d-ef68-406b-92d2-a009bcb17d50,BIENVILLE MEDICAL CENTER,Bienville Medical Center
cc:69810d0f-4202-49cd-b037-93b72a8dfd74,UNIVERSITY HOSPITAL,University Hospital
cc:69862cf8-228e-4bc5-a150-dbfca1dd47fd,RIVER BEND HOSPITAL,River Bend Hospital
cc:698baa52-158b-44cf-88d8-261deb69acc7,FAIRLAWN REHABILITATION HOSPITAL,Fairlawn Rehabilitation Hospital
cc:698c2049-1b07-4703-8e36-99dca6c44fee,MERCY HOSPITAL TISHOMINGO,Mercy Hospital Tishomingo
cc:6996f0be-3464-48ea-a0f6-743996e382ab,HUMBOLDT COUNTY MEMORIAL HOSPITAL,Humboldt County Memorial Hospital
cc:6997f18d-151a-42c6-b322-86095ef9ed2b,SHORE MEDICAL CENTER,Shore Medical Center
cc:69a4716c-60cb-41ed-8499-65a38abdcb0e,MEADOW WOOD BEHAVIORAL HEALTH SYSTEM,Meadow Wood Behavioral Health System
cc:69afac19-4e98-4ac9-9b1d-4c3e1c783012,CHRISTUS TRINITY MOTHER FRANCES REHABILITATION HOSPITAL,CHRISTUS Trinity Mother Frances Rehabilitation Hospital
cc:69b03e19-8010-40c7-96bc-e5047355e448,PIEDMONT MCDUFFIE,Piedmont McDuffie
cc:69b4066f-723d-43c2-a104-802e886087e3,HOLZER GALLIPOLIS,Holzer Gallipolis
cc:69b46912-c4af-40f1-85ee-b9161f9c7494,HOWARD COUNTY MEDICAL CENTER,Howard County Medical Center
cc:69b659d0-c818-434f-9b25-62fbd47ef3ec,THOREK MEMORIAL HOSPITAL ANDERSONVILLE,Thorek Memorial Hospital Andersonville
cc:69bbc8c0-7158-4d86-8ba0-0f0e3ef7dfec,UVA UNIVERSITY HOSPITAL,UVA University Hospital
cc:69cb7bbc-350f-4dcf-899f-a3c38d5b6513,WYLIE ER,Wylie ER
cc:69d29c72-a6bc-4032-a050-c49295e0e7ff,MERCYONE CLIVE REHABILITATION HOSPITAL,Mercyone Clive Rehabilitation Hospital
cc:69d3f846-acb0-4463-9920-970a41752294,MERCY HOSPITAL,Mercy Hospital
cc:69d44c69-8705-416b-bb72-daed663cd11b,GLENS FALLS HOSPITAL,Glens Falls Hospital
cc:69e0c547-c7e3-4b00-b736-7b1dd2851f7f,SIH MEMORIAL HOSPITAL OF CARBONDALE,SIH Memorial Hospital of Carbondale
cc:69e5f48e-8bde-49ed-aeb1-e862063b6b9c,PHOEBE SUMTER MEDICAL CENTER,Phoebe Sumter Medical Center
cc:69f47c1e-7a26-4a12-bd23-1565d9e00ca9,RIVERBEND REHABILITATION HOSPITAL,Riverbend Rehabilitation Hospital
cc:6a1634d5-3cec-4836-8f1d-e3b1692ec261,ASHLAND HEALTH CENTER,Ashland Health Center
cc:6a1c6a24-11b6-47a8-8db4-20480844c22c,SPAULDING REHABILITATION HOSPITAL BOSTON,Spaulding Rehabilitation Hospital Boston
cc:6a1e1319-9efd-48aa-9cd2-1b85db9fee9a,GEISINGER MEDICAL CENTER MUNCY,Geisinger Medical Center Muncy
cc:6a2f3bd5-f337-40e4-b95e-4bb9f390de36,ACADIAN MEDICAL CENTER,Acadian Medical Center
cc:6a500688-8ef0-4f2f-a7bc-07395c2a0c32,CHILDRENS SPECIALIZED HOSPITAL LONG TERM CARE CENTER - MOUNTAINSIDE,Childrens Specialized Hospital Long Term Care Center - Mountainside
cc:6a504f90-7482-4237-ac19-5aa25aa40805,ADVENTHEALTH DELAND,AdventHealth Deland
cc:6a5c31fe-9bfe-466b-822a-a8172ee005a8,LIFESTREAM BEHAVIORAL CENTER,Lifestream Behavioral Center
cc:6a7b0cf0-0130-48af-b2cc-2dbac97925a2,FREMONT HOSPITAL,Fremont Hospital
cc:6a813b67-59dc-481c-88b9-759134cb5224,MOUNTAIN VALLEY REGIONAL REHABILITATION HOSPITAL,Mountain Valley Regional Rehabilitation Hospital
cc:6a81fda3-b2e2-4a57-8dd0-1539158dba09,WEBSTER COUNTY COMMUNITY HOSPITAL,Webster County Community Hospital
cc:6aace5c3-2d51-4d97-9197-569db6066d24,ASSURANCE HEALTH HUDSON,Assurance Health Hudson
cc:6aafdfbd-93c1-411e-aaf3-c1a4efa3f0a9,NORTHWESTERN MEDICINE MARIANJOY REHABILITATION CENTER,Northwestern Medicine Marianjoy Rehabilitation Center
cc:6abb9cf5-93b7-493c-a6f8-dda24a3424fe,SHRINERS HOSPITAL FOR CHILDREN - CHICAGO,Shriners Hospital for Children - Chicago
cc:6ac271f4-0875-44ef-8b31-92efd4a7b6d0,ST MARY MEDICAL CENTER,St. Mary Medical Center
cc:6ac4a8d3-d022-454e-8973-4fd7a2be3140,NEW BRAUNFELS REGIONAL REHABILITATION HOSPITAL,New Braunfels Regional Rehabilitation Hospital
cc:6ac6be48-343f-4fe9-a3ad-c7a7ac632b28,CLEVELAND CLINIC INDIAN RIVER HOSPITAL,Cleveland Clinic Indian River Hospital
cc:6ad27a82-cb2f-4223-85fc-2394596fabcc,MARSHFIELD MEDICAL CENTER LADYSMITH,Marshfield Medical Center Ladysmith
cc:6ae01023-31dd-4a5b-b08b-2ccf5078d0ec,MURRAY COUNTY MEDICAL CENTER,Murray County Medical Center
cc:6b08465c-bedc-46b6-8740-4a52e53f98fc,UMASS MEMORIAL HEALTHALLIANCE HOSPITAL BURBANK CAMPUS,UMass Memorial Healthalliance Hospital Burbank Campus
cc:6b12c91d-09f1-4688-ae08-21f6953b6821,DOUGLAS COUNTY MEMORIAL HOSPITAL,Douglas County Memorial Hospital
cc:6b15b406-939e-44dd-bf28-d7c58deb2f33,PULLMAN REGIONAL HOSPITAL,Pullman Regional Hospital
cc:6b1a5039-17b1-49e8-a53e-c39b75e89114,DEVEREUX ADVANCED BEHAVIORAL HEALTH,Devereux Advanced Behavioral Health
cc:6b1b9ee0-aea0-44b9-96f8-148d0ad79415,ROBERT WOOD JOHNSON UNIVERSITY HOSPITAL,Robert Wood Johnson University Hospital
cc:6b1c4bf2-e691-4aa1-876c-b650e90ce721,ECU HEALTH BEAUFORT HOSPITAL,ECU Health Beaufort Hospital
cc:6b24b763-5908-4275-98a7-df77a7a7abce,DIGNITY HEALTH ARIZONA GENERAL HOSPITAL - MESA,Dignity Health Arizona General Hospital - Mesa
cc:6b2a0128-e25f-4404-8a19-5f76df762d60,BAPTIST MEMORIAL HOSPITAL - GOLDEN TRIANGLE,Baptist Memorial Hospital - Golden Triangle
cc:6b2cf9c7-4937-4845-a24d-4331c0eeac0a,ANDALUSIA HEALTH,Andalusia Health
cc:6b333668-a16b-4b7a-8bd6-44c95ca0f034,SAINT LUKE'S SOUTH HOSPITAL,Saint Luke's South Hospital
cc:6b33ab52-a0f6-4cf7-bcf0-6aeb886bc22c,CAREPARTNERS REHABILITATION HOSPITAL,Carepartners Rehabilitation Hospital
cc:6b3c3d13-81fe-40ed-83b7-1274700a931e,PATHWAYS BEHAVIORAL HEALTH SERVICES,Pathways Behavioral Health Services
cc:6b3ed1c1-5217-4163-a2bc-e4b5cbbf212b,INTERMOUNTAIN HEALTH RIVERTON HOSPITAL,Intermountain Health Riverton Hospital
cc:6b44764e-0a4b-40f3-ba18-e2d37868bd2b,ALLEGIANCE SPECIALTY HOSPITAL OF GREENVILLE,Allegiance Specialty Hospital of Greenville
cc:6b56747f-95da-484c-bc43-9692c07ec2db,ASCENSION SAINT THOMAS RIVER PARK HOSPITAL,Ascension Saint Thomas River Park Hospital
cc:6b80984a-5dda-40be-9728-fc19cfd085b7,OSF LITTLE COMPANY OF MARY HOSPITAL,OSF Little Company of Mary Hospital
cc:6ba3e59e-3056-486c-8927-0a66a6f7c1b1,SSM HEALTH REHABILITATION HOSPITAL - BRIDGETON,SSM Health Rehabilitation Hospital - Bridgeton
cc:6bab7b08-906b-4318-8c00-ed81a4ff8773,WESLEY WOODLAWN HOSPITAL,Wesley Woodlawn Hospital
cc:6baedfa5-1d64-4290-8233-2c95ddba0a8e,RIVERVALLEY BEHAVIORAL HEALTH CHILDREN'S HOSPITAL - OWENSBORO,Rivervalley Behavioral Health Children's Hospital - Owensboro
cc:6bb460e2-092f-493b-8cdd-cd03010d6ca3,DANIELS MEMORIAL HOSPITAL,Daniels Memorial Hospital
cc:6bdc855d-64a5-4eb5-9b05-0f19ae25eab7,COMMUNITY HOSPITAL OF BREMEN,Community Hospital of Bremen
cc:6c027f88-5d91-4e57-b078-b8567df139d6,EDGEFIELD COUNTY HOSPITAL,Edgefield County Hospital
cc:6c03033a-68e1-4dfc-9bea-24e214110e37,TEMPLE UNIVERSITY - EPISCOPAL HOSPITAL,Temple University - Episcopal Hospital
cc:6c08f583-81f7-4227-8174-2b7e833b5704,PELLA REGIONAL HEALTH CENTER,Pella Regional Health Center
cc:6c0be529-1779-4fa1-8f9d-3ca32563bdff,HIGHLAND PARK HOSPITAL,Highland Park Hospital
cc:6c0d5e23-c120-4282-ba98-7531cd432791,SAMARITAN CENTER,Samaritan Center
cc:6c12ea97-7141-42d9-a88b-82866f282a3f,PENN HIGHLANDS TYRONE HOSPITAL,Penn Highlands Tyrone Hospital
cc:6c12fff2-4056-4f67-abc8-3805e0a0948f,LIBERTY REHABILITATION HOSPITAL,Liberty Rehabilitation Hospital
cc:6c1df2bd-10e7-4056-a305-fc8316d7d481,THE REHABILITATION INSTITUTE OF SOUTHERN ILLINOIS,The Rehabilitation Institute of Southern Illinois
cc:6c217edb-8c6c-4963-93e0-c1b814b54626,DELTA COUNTY MEMORIAL HOSPITAL,Delta County Memorial Hospital
cc:6c21f8e9-ede4-4c72-aced-5e64e1e37ec5,BAYLOR SCOTT & WHITE MEDICAL CENTER MARBLE FALLS,Baylor Scott & White Medical Center Marble Falls
cc:6c253fa9-dce5-4978-89e0-92227f784b02,KAISER PERMANENTE SAN FRANCISCO MEDICAL CENTER,Kaiser Permanente San Francisco Medical Center
cc:6c2709d0-39b8-4e1a-bf91-42f6128b8674,MASSENA HOSPITAL,Massena Hospital
cc:6c2b6ce0-125a-4ca5-8fdc-f2a193c86790,STE GENEVIEVE COUNTY MEMORIAL HOSPITAL,Ste Genevieve County Memorial Hospital
cc:6c34579e-c856-4c23-9970-5dea678617c2,HSS LONG ISLAND,HSS Long Island
cc:6c627966-fca5-4bbb-bbaa-267e791f0a22,HENRICO DOCTORS' HOSPITAL,Henrico Doctors' Hospital
cc:6c700c9d-da62-4d5b-b96f-22b706f59989,RICELAND NEDERLAND CLINIC,Riceland Nederland Clinic
cc:6c72856b-dba6-4c39-a9f5-d32c5e554e29,MEDINA REGIONAL HOSPITAL,Medina Regional Hospital
cc:6c784a16-13b3-4c0c-9e61-b9b19db5971e,LIFECARE MEDICAL CENTER,Lifecare Medical Center
cc:6c7d2348-bbfe-4054-9d5b-4387a94a27e8,GRANDE RONDE HOSPITAL,Grande Ronde Hospital
cc:6c8877ba-15a7-4d23-8bcf-a626d1751f5b,CHI HEALTH GOOD SAMARITAN,CHI Health Good Samaritan
cc:6c905deb-c559-4045-a59f-5ce1de580d40,BOYS TOWN NATIONAL RESEARCH HOSPITAL - WEST,Boys Town National Research Hospital - West
cc:6c9e34f8-736b-421a-a04d-8573442fa624,OCHSNER ST. ANNE GENERAL HOSPITAL,Ochsner St. Anne General Hospital
cc:6ca78618-d9b6-4ce5-aa01-a8d53673b410,RIVERSIDE UNIVERSITY HEALTH SYSTEM MEDICAL CENTER,Riverside University Health System Medical Center
cc:6cab71cd-d083-4cb9-879a-175614b233b3,SCOTTISH RITE FOR CHILDREN ORTHOPEDIC AND SPORTS MEDICINE CENTER,Scottish Rite for Children Orthopedic and Sports Medicine Center
cc:6cb1fa6a-1185-4d22-beee-9c764955d659,MEDSTAR HEALTH PHYSICAL THERAPY AT WALDORF PEMBROOKE SQUARE,MedStar Health Physical Therapy at Waldorf Pembrooke Square
cc:6cb7f893-8221-4ef9-b448-7d43992b9116,LTACH CAREONE AT TRINITAS REGIONAL MEDICAL CENTER,LTACH Careone at Trinitas Regional Medical Center
cc:6cc0bdf1-699d-4e81-8fd7-54a186e4c435,CAPE FEAR VALLEY REHABILITATION CENTER,Cape Fear Valley Rehabilitation Center
cc:6cc3e53d-0c68-4706-8644-78b67cfeb795,MODOC MEDICAL CENTER,Modoc Medical Center
cc:6ccd6006-e9e8-4f7a-b4fd-064fb723a758,CASCADE MEDICAL CENTER,Cascade Medical Center
cc:6cdaa53e-df56-4109-8c68-652c2279ec12,AMG SPECIALTY HOSPITAL CHARLESTON,AMG Specialty Hospital Charleston
cc:6cdb3c72-22ee-48a1-85af-cca199c4c1db,KNOX CITY CLINIC,Knox City Clinic
cc:6ce3b938-8b18-4b75-8d3e-59431735be34,CAROLINA FOREST ER,Carolina Forest ER
cc:6cf8e4aa-5c99-4447-a06f-ad8c6d981fa6,CENTRO MEDICO DEL NORESTE,Centro Medico del Noreste
cc:6d2979f0-c203-449e-81b8-0a5d9523de90,TRANSYLVANIA REGIONAL HOSPITAL,Transylvania Regional Hospital
cc:6d29db20-d4b5-4675-a25b-67c258562ed4,SUTTER SOLANO MEDICAL CENTER,Sutter Solano Medical Center
cc:6d2bf6b1-4fd3-4d96-90ca-1b62dbadb1e7,RUTGERS HEALTH UNIVERSITY BEHAVIORAL HEALTHCARE,Rutgers Health University Behavioral Healthcare
cc:6d3fdf42-cf5e-4705-8409-00511217365f,MADELIA COMMUNITY HOSPITAL,Madelia Community Hospital
cc:6d7e755f-5d93-4e93-b3f3-1a2a6fb735c7,MONROE COUNTY HOSPITAL,Monroe County Hospital
cc:6d84ab51-6702-4168-bc77-be1ef8b54a33,BAYLOR SCOTT & WHITE THE HEART HOSPITAL WAXAHACHIE,Baylor Scott & White the Heart Hospital Waxahachie
cc:6d8806fb-d60b-4661-a169-b4362a259a7a,SOUTH TEXAS BEHAVIORAL HEALTH CENTER,South Texas Behavioral Health Center
cc:6d89901e-a8af-46f7-a7fd-e7168e4c84e2,KEARNEY COUNTY HEALTH SERVICES HOSPITAL,Kearney County Health Services Hospital
cc:6d943c7a-45fb-4eed-ba44-5f5a3ac6cef1,WELLSPAN GOOD SAMARITAN HOSPITAL,WellSpan Good Samaritan Hospital
cc:6d9ac14d-0cd5-4083-82de-6a2701da27c9,GOOD SAMARITAN HOSPITAL,Good Samaritan Hospital
cc:6da2ba37-bd61-4482-8224-834262b5ee77,PARIS REGIONAL MEDICAL CENTER,Paris Regional Medical Center
cc:6db48e28-2406-4f0b-a8bd-e535c49ca1f7,WILLS EYE HOSPITAL,Wills Eye Hospital
cc:6dc37282-5882-4399-84d9-8a642212b405,MEDSTAR HEALTH PHYSICAL THERAPY AT CATHOLIC UNIVERSITY,MedStar Health Physical Therapy at Catholic University
cc:6dc7f2ac-e0c3-4165-933a-f9bf2e24eabd,THE REHABILITATION INSTITUTE OF OHIO,The Rehabilitation Institute of Ohio
cc:6dd0c3a2-da00-4fe0-af87-44cdb4a81a32,THE BROOK HOSPITAL - KMI,The Brook Hospital - KMI
cc:6dd53aff-bd48-4a5f-9320-a4db99406f13,UNITYPOINT HEALTH ST. LUKE'S DOWNTOWN,UnityPoint Health St. Luke's Downtown
cc:6dde5e2e-a277-4007-886b-8752da4cd89a,STILLWATER BILLINGS CLINIC,Stillwater Billings Clinic
cc:6de0d7e3-87ec-4e5a-876f-18eeee64ecf6,ARMC BEHAVIORAL HEALTH CENTER,ARMC Behavioral Health Center
cc:6de9ae97-cc11-4111-b709-b217f0e5a3a5,SPENCE AND BECKY WILSON BAPTIST CHILDREN'S HOSPITAL,Spence and Becky Wilson Baptist Children's Hospital
cc:6dea1ce3-2c21-4c2d-8912-3f206f9289c9,WOODLAND HEIGHTS MEDICAL CENTER,Woodland Heights Medical Center
cc:6dfc7fdd-1ac2-49d2-ac04-2bb57e3727b6,YALOBUSHA GENERAL HOSPITAL,Yalobusha General Hospital
cc:6e04d175-4ba4-45e9-b16a-646d464c36bd,ROSWELL PARK COMPREHENSIVE CANCER CENTER,Roswell Park Comprehensive Cancer Center
cc:6e09ae1e-99cb-4040-9a22-9b095fc98caa,HARLAN COUNTY HEALTH SYSTEM,Harlan County Health System
cc:6e0d7f15-5ad6-49d2-9f2f-fa5ecce998ca,LICKING MEMORIAL HEALTH SYSTEMS,Licking Memorial Health Systems
cc:6e142280-f857-4a41-a129-499f2dc62ba3,KETTERING HEALTH TROY,Kettering Health Troy
cc:6e162794-62f2-4530-8ac4-24450366c8ba,ENCOMPASS HEALTH REHABILITATION HOSPITAL OF TREASURE COAST,Encompass Health Rehabilitation Hospital of Treasure Coast
cc:6e17f335-accd-41a1-9521-0bc1d2227e79,DEACONESS HENDERSON HOSPITAL,Deaconess Henderson Hospital
cc:6e1dc2c5-a3bf-49d3-a3b4-af9000fb1a27,GREAT RIVER MEDICAL CENTER,Great River Medical Center
cc:6e23db4e-d5bc-49ad-b68b-03abb49188e4,SABINE MEDICAL CENTER,Sabine Medical Center
cc:6e268503-5f4a-4e97-adb2-7e4fc74d56ab,OKLAHOMA HEART HOSPITAL NORTH,Oklahoma Heart Hospital North
cc:6e2fd659-fe97-4db9-a5f0-a20484edae3d,ASCENSION SAINT THOMAS RUTHERFORD HOSPITAL,Ascension Saint Thomas Rutherford Hospital
cc:6e34d111-4be6-42da-92a8-a261f37a8f9e,ALLINA HEALTH SURGERY CENTER BROOKLYN PARK,Allina Health Surgery Center Brooklyn Park
cc:6e3b7095-20ef-4ed1-9992-15d087e4208d,HCA FLORIDA NORTHWEST HOSPITAL,HCA Florida Northwest Hospital
cc:6e492676-85d4-460b-abb6-33f145a7d640,PICKERINGTON METHODIST HOSPITAL,Pickerington Methodist Hospital
cc:6e49cdaf-cf81-4a11-98d2-8bc4959dbfa1,NOVANT HEALTH MATTHEWS MEDICAL CENTER,Novant Health Matthews Medical Center
cc:6e4f666d-1ee4-41a1-b47d-8990e80c24d9,HAMPTON BEHAVIORAL HEALTH CENTER,Hampton Behavioral Health Center
cc:6e517631-4b4a-44fa-8939-6fc3707cfe81,ST CHARLES MADRAS,St. Charles Madras
cc:6e572251-ac4e-49c8-97cd-ac72dd3659dc,BANNER CASA GRANDE MEDICAL CENTER,Banner Casa Grande Medical Center
cc:6e5a9dac-d458-4910-8ff2-3fd72dc18721,SENTARA HALIFAX REGIONAL HOSPITAL,Sentara Halifax Regional Hospital
cc:6e5ee791-ccfe-4f93-b1c4-556dd9664bb9,CLAY COUNTY HOSPITAL,Clay County Hospital
cc:6e69f90f-cfc8-447a-8d69-773b199923f2,BELLEVUE HOSPITAL CENTER,Bellevue Hospital Center
cc:6e792858-fd26-47c7-93a5-cfa810c15864,OHIO STATE EAST HOSPITAL,Ohio State East Hospital
cc:6e8b96b5-8fa9-4605-b364-5684ae2e3570,CENTRAL CALIFORNIA REHABILITATION HOSPITAL,Central California Rehabilitation Hospital
cc:6e97bbf6-7705-4034-9ea2-5e2bd492e75a,PAM REHABILITATION HOSPITAL OF TULSA,PAM Rehabilitation Hospital of Tulsa
cc:6e9d3032-c989-490e-af63-2dae09feff79,SANDY PINES RESIDENTIAL TREATMENT CENTER,Sandy Pines Residential Treatment Center
cc:6ea02209-1121-472f-acc2-d66c29c3c9f4,BETHESDA ARROW SPRINGS MEDICAL CENTER,Bethesda Arrow Springs Medical Center
cc:6ea2e398-c5c5-4b63-8df7-e93cdb8e25fa,CAROMONT REGIONAL MEDICAL CENTER - MOUNT HOLLY EMERGENCY DEPARTMENT,Caromont Regional Medical Center - Mount Holly Emergency Department
cc:6ea4d257-ed65-41ba-afed-354dcca26405,ZUCKER HILLSIDE HOSPITAL,Zucker Hillside Hospital
cc:6eac1e29-39f5-4356-ba64-06d76d081eea,CRAWFORD COUNTY MEMORIAL HOSPITAL,Crawford County Memorial Hospital
cc:6ec5b60b-85a8-4e42-9ae9-69b633ff3117,ENCOMPASS HEALTH REHABILITATION HOSPITAL OF READING,Encompass Health Rehabilitation Hospital of Reading
cc:6ecf9b0d-a325-4ed7-b8c0-f115911e790b,SAN JUAN HEALTH SPANISH VALLEY CLINIC,San Juan Health Spanish Valley Clinic
cc:6ed8a865-7ad7-45d3-8d84-f8448dc85c61,WINSTON MEDICAL CENTER,Winston Medical Center
cc:6eda0feb-c0d3-4e00-a61a-7e29c6d5d7d5,ENCOMPASS HEALTH REHABILITATION HOSPITAL OF CONCORD,Encompass Health Rehabilitation Hospital of Concord
cc:6edd8fc5-8bc9-4e5d-9c3d-d308db4fd130,WAKEMED MENTAL HEALTH & WELL-BEING HOSPITAL - WAKEBROOK,Wakemed Mental Health & Well-Being Hospital - Wakebrook
cc:6ee0a8cb-7a48-4463-8595-907e21380a50,MANNING FAMILY CHILDREN'S,Manning Family Children's
cc:6ee151bb-b497-49c4-a270-350bd5bdf5e1,INLAND NORTHWEST BEHAVIORAL HEALTH,Inland Northwest Behavioral Health
cc:6ee34bd3-3092-418b-865c-6bb2577ea9b2,MAYO CLINIC ARIZONA,Mayo Clinic Arizona
cc:6ee59b16-394c-4fa5-9ec5-fcdf0c2e5fd4,MERCYONE OELWEIN MEDICAL CENTER,Mercyone Oelwein Medical Center
cc:6ee76c73-d67c-4c81-b978-3b00adcf64fd,FRENCH HOSPITAL MEDICAL CENTER,French Hospital Medical Center
cc:6effe74e-5d85-4395-8f59-df5555b1de25,EXCEPTIONAL COMMUNITY HOSPITAL ARDMORE,Exceptional Community Hospital Ardmore
cc:6f182067-9009-43cb-b4db-0123c05aa0b4,CRESTWYN BEHAVIORAL HEALTH,Crestwyn Behavioral Health
cc:6f19f2a5-27d4-4579-9847-a996a756afcb,SHARP MARY BIRCH HOSPITAL FOR WOMEN AND NEWBORNS,Sharp Mary Birch Hospital for Women and Newborns
cc:6f1caf54-74b0-4cde-b57e-1946383fcc60,ST. JAMES BEHAVIORAL HEALTH HOSPITAL OUTPATIENT PROGRAM,St. James Behavioral Health Hospital Outpatient Program
cc:6f21ee75-915c-4c07-9e50-87cbae481d5f,MOUNT SINAI HOSPITAL,Mount Sinai Hospital
cc:6f2a44c9-76ea-4d5f-bde4-e5d604a3cf29,UW MEDICAL CENTER - NORTHWEST,UW Medical Center - Northwest
cc:6f2cf667-f3e5-4475-b0aa-2b807c3316be,RALEIGH GENERAL HOSPITAL,Raleigh General Hospital
cc:6f3bb53b-fdc8-4ce0-a8d2-ba647263fc0d,BSA AMARILLO SURGICAL AND ENDOSCOPY,BSA Amarillo Surgical and Endoscopy
cc:6f3de96c-b035-4a50-8b77-1443902cfc95,SUMMERS COUNTY ARH HOSPITAL,Summers County ARH Hospital
cc:6f56fb00-cbea-4c8e-a5a2-72589dc0ea61,THE QUEEN'S MEDICAL CENTER - KAHI MOHALA,The Queen's Medical Center - Kahi Mohala
cc:6f5a6a47-04db-47e9-bc22-5486d23ca87e,ST. LUKE'S GRAND VIEW CAMPUS,St. Luke's Grand View Campus
cc:6f79c8ae-affd-4cb9-b9f1-b25e52b059de,CARLSBAD MEDICAL CENTER,Carlsbad Medical Center
cc:6f914e1b-7f6c-4256-ba51-50ddca1fd26c,ENCOMPASS HEALTH REHABILITATION HOSPITAL OF SHREVEPORT,Encompass Health Rehabilitation Hospital of Shreveport
cc:6f9b6a1f-f7ba-46dc-a13b-f9c2faee2073,HCA HEALTHCARE COLLETON HOSPITAL,HCA Healthcare Colleton Hospital
cc:6fa3e0de-84e0-44b8-bf0f-5cda69fe0bad,WOODHULL MEDICAL AND MENTAL HEALTH CENTER,Woodhull Medical and Mental Health Center
cc:6fa75cae-7481-47fb-8ae7-97b1129ff4e7,CAPE COD HOSPITAL,Cape Cod Hospital
cc:6fa87a81-acd6-404b-bd04-7ab45afd0d55,MARSHALL COUNTY HOSPITAL,Marshall County Hospital
cc:6fbaa753-927c-4d16-8b67-657dafa40dbb,KINGS DAUGHTERS MEDICAL CENTER,Kings Daughters Medical Center
cc:6fbe23a6-169c-4cf2-ac12-acfd6e43d9a4,HONORHEALTH FLORENCE MEDICAL CENTER,HonorHealth Florence Medical Center
cc:6fc0ea6d-4ece-4b12-a041-5e87a5814afb,KIRBY MEDICAL CENTER MONTICELLO,Kirby Medical Center Monticello
cc:6fc18d09-d091-45b5-bc8e-8c71d0bee54b,OUR LADY OF LOURDES HEART HOSPITAL,Our Lady of Lourdes Heart Hospital
cc:6fc4367a-dcb9-4ff5-b984-170f9585c5cd,BARNES-JEWISH WEST COUNTY HOSPITAL,Barnes-Jewish West County Hospital
cc:6fd17799-e15d-4d8e-95b0-2b861abc7413,CLEARSKY REHABILITATION HOSPITAL OF AVONDALE,Clearsky Rehabilitation Hospital of Avondale
cc:6fd93add-fb18-46b5-8eb6-5842e4415e91,ASCENSION SE WISCONSIN HOSPITAL ELMBROOK,Ascension Se Wisconsin Hospital Elmbrook
cc:6fe448c6-e6ce-41a3-b0ca-99338e148ed4,ASCENSION SAINT ALEXIUS,Ascension Saint Alexius
cc:6fe8a0d9-19fe-41cc-8e7d-66c3571f2f7e,LEGACY UNITY CENTER FOR BEHAVIORAL HEALTH ADULT IP,Legacy Unity Center for Behavioral Health Adult IP
cc:6ff79b53-7d7e-4738-9a87-c7c4ce702bc3,OSF ST FRANCIS HOSPITAL & MEDICAL GROUP,OSF St. Francis Hospital & Medical Group
cc:7005b5e4-782e-4de5-845f-e6aabf163453,LAGUNA TREATMENT CENTER,Laguna Treatment Center
cc:7006b3d3-620a-411c-bd22-4af722da962a,SAN JOSE BEHAVIORAL HEALTH,San Jose Behavioral Health
cc:700f14fc-aa18-4ca3-b698-9becfcda511c,PIEDMONT COLUMBUS REGIONAL MIDTOWN,Piedmont Columbus Regional Midtown
cc:701492be-55aa-4f64-bc5b-cae597dd645c,LAKE TAYLOR TRANSITIONAL CARE HOSPITAL,Lake Taylor Transitional Care Hospital
cc:701cf3f2-74a2-472b-8dff-893263dc803b,CENTRAL STATE HOSPITAL,Central State Hospital
cc:7030d8dc-d99c-4426-9cb7-e5df151eef1e,BLUE RIDGE MEDICAL CENTER,Blue Ridge Medical Center
cc:70318f67-d184-47b8-93f0-a50c2b320881,SENTARA ALBEMARLE MEDICAL CENTER,Sentara Albemarle Medical Center
cc:7035bf51-a0ed-43ee-a113-04a6cf46d834,ASPIRUS PLOVER HOSPITAL,Aspirus Plover Hospital
cc:70361c39-3e48-4edc-9466-a6150060ecb7,GARNET HEALTH MEDICAL CENTER,Garnet Health Medical Center
cc:70398977-d7ce-4219-ad17-e32176635216,NORTHWESTERN MEDICINE KISHWAUKEE HOSPITAL,Northwestern Medicine Kishwaukee Hospital
cc:7047b5df-1bc0-4af5-ba26-1b8fa6ffba90,ARKANSAS SURGICAL HOSPITAL,Arkansas Surgical Hospital
cc:7053f86a-5032-4964-ace0-cd617303ff5b,MOSAIC MEDICAL CENTER - ST. JOSEPH,Mosaic Medical Center - St. Joseph
cc:7059a1b9-5b1b-4273-b3f5-8ebeb809612a,SELECT SPECIALTY HOSPITAL - NORTHWEST DETROIT,Select Specialty Hospital - Northwest Detroit
cc:705e06e8-77d2-4f21-b9bc-cfc502891035,OZARK HEALTH,Ozark Health
cc:7063cadb-32d4-4bdd-966a-7161a932b892,MEDSTAR HEALTH PHYSICAL THERAPY AT TIMONIUM,MedStar Health Physical Therapy at Timonium
cc:707af5a9-9c8a-4edd-b641-d3e6641484a3,LEHIGH VALLEY HOSPITAL-MUHLENBERG,Lehigh Valley Hospital-Muhlenberg
cc:7080c665-6b11-4316-8cab-bda2383f486b,ENCOMPASS HEALTH REHABILITATION HOSPITAL OF FRANKLIN,Encompass Health Rehabilitation Hospital of Franklin
cc:70847b0d-aeeb-4234-be13-533b52d78a47,ENCOMPASS HEALTH REHABILITATION HOSPITAL OF MIDLAND/ODESSA,Encompass Health Rehabilitation Hospital of Midland/odessa
cc:709123e0-5b7c-484e-8118-58c424a91a03,KINDRED HOSPITAL TARRANT COUNTY,Kindred Hospital Tarrant County
cc:7094b3bb-d4ed-4de1-acb6-1be39f4bdceb,JEFFERSON ABINGTON HOSPITAL,Jefferson Abington Hospital
cc:7097e847-d8e9-4a43-8149-a1a1a9d35718,MEMORIAL HOSPITAL PEMBROKE,Memorial Hospital Pembroke
cc:70a7ad1f-5f67-405e-8126-7c3809e3f00a,HALIFAX HEALTH UF HEALTH - MEDICAL CENTER OF DELTONA,Halifax Health UF Health - Medical Center of Deltona
cc:70a840fd-71e6-4885-b6ef-c4953af62ab0,CALLAWAY DISTRICT HOSPITAL,Callaway District Hospital
cc:70b6a0e2-e532-4611-8db4-0c9edc9d1a36,ENCOMPASS HEALTH REHABILITATION HOSPITAL OF NEW ENGLAND,Encompass Health Rehabilitation Hospital of New England
cc:70c2614d-02db-4a9e-a02e-647c9a24d4ae,RIVERVISTA BEHAVIORAL HOSPITAL,Rivervista Behavioral Hospital
cc:70c41db3-e387-4c17-b3ed-f01cd858701f,SHARKEY-ISSAQUENA COMMUNITY HOSPITAL,Sharkey-Issaquena Community Hospital
cc:70c816a2-26be-4fb0-9b64-608cace78469,FLOYD COUNTY MEDICAL CENTER,Floyd County Medical Center
cc:70ca7263-34ba-42f6-b98d-dc0f9ea44509,ST. MARYS HOSPITAL AMBULATORY SURGERY CENTER,St. Marys Hospital Ambulatory Surgery Center
cc:70cd8f45-a804-4eae-b19c-3dc57ca83c39,AHN WESTFIELD MEMORIAL HOSPITAL,AHN Westfield Memorial Hospital
cc:70cfb89a-d2a1-499b-be7f-fba60eedc1f3,SAINT FRANCIS HOSPITAL,Saint Francis Hospital
cc:70d4f138-0671-4aca-8309-9cd783677a76,ECU HEALTH CHOWAN HOSPITAL,ECU Health Chowan Hospital
cc:70d6b775-b782-4aea-ac4b-3752b1dcef12,MEMORIAL HOSPITAL,Memorial Hospital
cc:70d7061d-d203-4542-a307-1efbeb38152f,HANS P. PETERSON MEMORIAL HOSPITAL,Hans P. Peterson Memorial Hospital
cc:70d76ef7-6699-4e90-a936-a07f97d7c57c,BROWNFIELD REGIONAL MEDICAL CENTER,Brownfield Regional Medical Center
cc:70e95fdd-6abc-4015-809c-52f479d96ee0,MEMORIAL HERMANN SUGAR LAND,Memorial Hermann Sugar Land
cc:70f2c307-d1ef-4bc9-88fb-864a14f99868,LARKIN COMMUNITY HOSPITAL,Larkin Community Hospital
cc:70f3016a-27ac-41fe-aa4c-69642b8e47b3,COMMONSPIRIT ST. ANTHONY HOSPITAL,Commonspirit St. Anthony Hospital
cc:70fa52a9-902a-4695-8115-cfb9a6d83b3d,MARSHFIELD MEDICAL CENTER - RICE LAKE,Marshfield Medical Center - Rice Lake
cc:71098056-58c2-4b10-8376-0c9b13c64cef,LIGHTHOUSE CARE CENTER OF AUGUSTA,Lighthouse Care Center of Augusta
cc:710a8b1e-d3d4-40c0-8ce1-33e0363ef279,ST CATHERINE'S WEST REHABILITATION HOSPITAL,St. Catherine's West Rehabilitation Hospital
cc:710aec4c-1813-467a-a46a-6e9a36113bf2,PROVIDENCE ALASKA MEDICAL CENTER,Providence Alaska Medical Center
cc:710c6bbc-017a-4df5-881e-cd029886fd6e,ENCOMPASS HEALTH REHABILITATION HOSPITAL OF UTAH,Encompass Health Rehabilitation Hospital of Utah
cc:7124be22-7f86-4c4d-9a0d-5153a589841d,RETREAT DOCTORS' HOSPITAL,Retreat Doctors' Hospital
cc:7137f900-b485-456e-93e3-51fc8e40bcc7,SYCAMORE SPRINGS,Sycamore Springs
cc:713e9995-9bd0-45ba-abc3-4893f97a36f6,PROGRESSIVE HEALTH OF HOUSTON,Progressive Health of Houston
cc:71406728-5ff4-48b4-b428-a7f6278bd563,IU HEALTH BALL MEMORIAL HOSPITAL,IU Health Ball Memorial Hospital
cc:71442234-738a-44a3-999c-5bd6615bb7ec,UNIVERSITY MEDICAL CENTER OF EL PASO,University Medical Center of El Paso
cc:7150fa99-fcd2-4336-95e0-8fb6e4376d7c,TRISTAR CENTENNIAL PARTHENON PAVILION,TriStar Centennial Parthenon Pavilion
cc:71528554-2821-407f-afbc-7bfe7e490f62,UPPER VALLEY MEDICAL CENTER,Upper Valley Medical Center
cc:715ccb2d-560a-439d-8017-154a2215cb7c,SABINE COUNTY HOSPITAL,Sabine County Hospital
cc:71620157-3480-4974-ad58-784580d14acd,DHR REHABILITATION CENTER AT RENAISSANCE,DHR Rehabilitation Center at Renaissance
cc:71629791-3be3-469b-9993-66e5bec63b67,LANE COUNTY HOSPITAL,Lane County Hospital
cc:71656e45-8c56-48e9-888d-520b8b83311d,PIEDMONT ATHENS REGIONAL MEDICAL CENTER,Piedmont Athens Regional Medical Center
cc:717c62ce-037e-482d-a5c1-373974747ce4,MERCY HOSPITAL ADA,Mercy Hospital Ada
cc:717f9f39-7eb7-457e-bce3-ef76d73bf78b,PAWHUSKA HOSPITAL,Pawhuska Hospital
cc:7180175d-7152-4c37-9634-0c81f182e112,CHRISTUS HEALTH ALAMOGORDO,CHRISTUS Health Alamogordo
cc:7181d478-6138-44af-a26c-d07f536fa6ff,COAL COUNTY GENERAL HOSPITAL,Coal County General Hospital
cc:7194e609-9a3b-4ff5-bd4d-af95469f2158,VISTA MEDICAL CENTER EAST,Vista Medical Center East
cc:71a36430-9fe1-497b-869c-cc23e8f62548,WEISBROD MEMORIAL COUNTY HOSPITAL,Weisbrod Memorial County Hospital
cc:71ab3d18-1ccb-4d21-b29a-ff1d0a50c3e9,ST MARYS HOSPITAL AND MEDICAL CENTER,St. Marys Hospital and Medical Center
cc:71aeff6f-e589-4b75-b698-e5ef7e3cee15,CUMBERLAND HEALTHCARE,Cumberland Healthcare
cc:71bbbd8f-fa87-4a22-92dc-f8c5a0bc56c3,HANSFORD COUNTY HOSPITAL,Hansford County Hospital
cc:71ca07ac-4ba4-4e24-b958-282cf687cdc9,JW RUBY MEMORIAL HOSPITAL,Jw Ruby Memorial Hospital
cc:71d91009-f8c3-443e-b90e-a657933714a4,MCKENZIE COUNTY HEALTHCARE SYSTEMS,McKenzie County Healthcare Systems
cc:71e3580a-1631-42db-8c61-86ec409e1fdb,ABRAZO CENTRAL CAMPUS,Abrazo Central Campus
cc:71fbc173-221e-41c5-85dd-8306bb4a7610,CENTRO MEDICO MENONITA CAYEY,Centro Medico Menonita Cayey
cc:720c7f48-82fa-4a41-bf3f-d8bdc004eb94,MEDICAL CENTER HOSPITAL,Medical Center Hospital
cc:72202bab-129d-49fe-82cd-68e913cd318c,COMMUNITY HOSPITAL,Community Hospital
cc:7226754f-a8cb-4015-a3ed-6ddb4a792885,PINNACLE HOSPITAL,Pinnacle Hospital
cc:722d7b69-86eb-4367-bf2d-c9cc47850cf4,CENTRO MEDICO EPISCOPAL SAN LUCAS,Centro Medico Episcopal San Lucas
cc:72304b51-f31f-4850-8007-0cc2aeef5903,UNIVERSITY OF MICHIGAN HEALTH SYSTEM,University of Michigan Health System
cc:7231df8a-0e1e-4d46-927c-7284df645e42,RUSH UNIVERSITY MEDICAL CENTER,Rush University Medical Center
cc:723f6e15-d5cf-48d6-8a5a-df4f8086899b,BEACON BEHAVIORAL OUTPATIENT METAIRIE,Beacon Behavioral Outpatient Metairie
cc:724025a4-1c23-42e0-86dc-45f1b6b4f726,PALM BAY HOSPITAL,Palm Bay Hospital
cc:724146a2-dbb5-4d8e-8c28-4b3357f68c86,NORTHEAST REHABILITATION HOSPITAL MANCHESTER,Northeast Rehabilitation Hospital Manchester
cc:72461e80-685c-4ef7-ae1a-f045725f8cce,JEFFERSON LANSDALE HOSPITAL,Jefferson Lansdale Hospital
cc:72567552-0cc3-45ed-9b60-4f7e65deef57,REGENCY HOSPITAL NORTHWEST INDIANA,Regency Hospital Northwest Indiana
cc:725bfef3-6681-4c8d-8306-a521a35be63c,PENDER COMMUNITY HOSPITAL,Pender Community Hospital
cc:725c0dbd-a51a-4a91-a236-10b1646e5f87,VIRTUA WILLINGBORO HOSPITAL,Virtua Willingboro Hospital
cc:72659793-cbda-4ab0-86a4-7a6bc411e4b9,JENNIE STUART MEDICAL CENTER,Jennie Stuart Medical Center
cc:726eb42d-b00f-420f-9267-206ab63349f4,ASCENSION ST. VINCENT SETON SPECIALTY HOSPITAL,Ascension St. Vincent Seton Specialty Hospital
cc:72932772-10b5-43f6-b354-895383f0c821,GRADY MEMORIAL HOSPITAL,Grady Memorial Hospital
cc:729905a9-d535-4ee1-b3ca-4be1a456ec8e,HSHS GOOD SHEPHERD HOSPITAL,HSHS Good Shepherd Hospital
cc:7299b556-9838-42fe-a13e-8f8819c81b7c,MIDDLE PARK HEALTH FRASER,Middle Park Health Fraser
cc:729e2024-32a5-4688-9c4e-b99e6ba07ce4,ATRIUM HEALTH UNION,Atrium Health Union
cc:72a49762-1588-4d5c-b0a9-a6dfb5a8d02c,SIH HERRIN HOSPITAL,SIH Herrin Hospital
cc:72a79650-8fdc-46dd-a761-95db462dfc30,UNIVERSITY OF MISSISSIPPI MEDICAL CENTER - GRENADA,University of Mississippi Medical Center - Grenada
cc:72b0254b-1da6-4fff-b1be-5d46be82f4fc,THE MENNINGER CLINIC,The Menninger Clinic
cc:72bc251c-42fc-4e95-a8fc-82261cebe421,METHODIST HOSPITAL,Methodist Hospital
cc:72bf923c-9214-4e3a-9a3d-7295763ca2f2,MERCY WILLARD HOSPITAL,Mercy Willard Hospital
cc:72c79544-3c30-43d2-9f3d-660785b47cfa,HEART HOSPITAL OF AUSTIN AT ST. DAVID'S ROUND ROCK MEDICAL CENTER,Heart Hospital of Austin at St. David's Round Rock Medical Center
cc:72d1b945-c705-4031-b1fa-c3edd9e23aed,JEWELL COUNTY HOSPITAL,Jewell County Hospital
cc:72e21ac6-06d6-4380-bd2a-35024bbfb161,CALAIS COMMUNITY HOSPITAL,Calais Community Hospital
cc:72f192fa-b51b-4148-96ad-952635eda84a,AURORA TEMPE BEHAVIORAL HEALTHCARE,Aurora Tempe Behavioral Healthcare
cc:72f959ea-8697-4021-bb2a-6143f471e8e2,NEIGHBORS EMERGENCY CENTER BAYTOWN,Neighbors Emergency Center Baytown
cc:72fb771a-b755-4ea5-b6cc-d7bc1396f684,BIG BEND REGIONAL MEDICAL CENTER,Big Bend Regional Medical Center
cc:7312a7ed-e44b-44a9-acf8-746bb172fb6e,CLARKE COUNTY PUBLIC HOSPITAL,Clarke County Public Hospital
cc:73244170-27d8-4d46-ad33-0b661d1baa79,NELSON COUNTY HEALTH SYSTEM,Nelson County Health System
cc:73271749-401d-4e39-bef8-b149694d277b,EASTERN MAINE MEDICAL CENTER,Eastern Maine Medical Center
cc:736e35a0-7300-48d4-a793-42882654f993,DIAMOND GROVE CENTER,Diamond Grove Center
cc:7389a34e-7651-4599-8eb1-8424e528491b,BANNER NORTH COLORADO MEDICAL CENTER - LOVELAND CAMPUS,Banner North Colorado Medical Center - Loveland Campus
cc:738fe3fc-959e-402f-94d5-d741cec3e01f,NORTHEAST BAPTIST HOSPITAL,Northeast Baptist Hospital
cc:7391948b-f195-40cc-a1d9-fec7bb054348,ALTUS EMERGENCY CENTER LAKE JACKSON,Altus Emergency Center Lake Jackson
cc:73a14372-6358-4ef5-8f49-aaa23ced4835,VALLEY REGIONAL MEDICAL CENTER,Valley Regional Medical Center
cc:73a54746-da76-449c-aec8-06a87154d5ab,REHABILITATION HOSPITAL OF PHENIX CITY,Rehabilitation Hospital of Phenix City
cc:73c0bc01-789d-4772-a5cd-db7f1861d0f7,COMMUNITY HOWARD REGIONAL HEALTH,Community Howard Regional Health
cc:73c4e4cc-c91c-46db-a6b4-133091fe48e6,SEABROOK EMERGENCY ROOM,Seabrook Emergency Room
cc:73cf54b6-629d-4176-b03b-2cf01aedad1d,HCA FLORIDA NORTHSIDE HOSPITAL,HCA Florida Northside Hospital
cc:73d78c11-9894-4b7f-a80c-733997d41c50,ST LUKE COMMUNITY HOSPITAL,St. Luke Community Hospital
cc:73deb2e5-52be-4a7f-9491-4c36b9511fdb,SOUTH SOUND BEHAVIORAL HOSPITAL,South Sound Behavioral Hospital
cc:73e150af-e28d-4e0e-a9c5-44cdb3a9dc4c,ERLANGER BARONESS HOSPITAL,Erlanger Baroness Hospital
cc:73e5cb7a-0e17-40f2-8cb0-648f152c97f7,REGENCY HOSPITAL FLORENCE,Regency Hospital Florence
cc:73ee2148-7410-4365-a67c-e8b60bf04711,ASCENSION VIA CHRISTI ST. JOSEPH,Ascension Via Christi St. Joseph
cc:73f9c6b2-9ce4-4974-93c3-1948c473a28f,WOODLAND OAKS HOSPITAL,Woodland Oaks Hospital
cc:740162ca-4ce8-4b65-ac01-36aac24d8d54,PAM SPECIALTY HOSPITAL OF WILKES-BARRE,PAM Specialty Hospital of Wilkes-Barre
cc:7401fcef-e778-4a6a-9491-38737ecda265,SSM HEALTH ST. JOSEPH HOSPITAL-WENTZVILLE,SSM Health St. Joseph Hospital-Wentzville
cc:740a8cf5-c3ac-409e-b93b-549f4b11311f,NORTHWESTERN MEDICINE VALLEY WEST HOSPITAL,Northwestern Medicine Valley West Hospital
cc:740dfc31-31d0-4a26-a31e-77b2a6fe85a6,HARLAN ARH HOSPITAL,Harlan ARH Hospital
cc:740f88d7-24bd-489a-b412-17f1d79d3eb2,TRISTAR PORTLAND ER,TriStar Portland ER
cc:7420ae0d-844e-401f-88a2-eefe304f396c,HONORHEALTH SONORAN CROSSING MEDICAL CENTER,HonorHealth Sonoran Crossing Medical Center
cc:74253093-261c-48ab-bb25-ea2245baebe0,GOOD SAMARITAN WESTERN RIDGE,Good Samaritan Western Ridge
cc:742c8e25-5094-4f0e-b012-74b29d49ac8c,ABRAZO SCOTTSDALE CAMPUS,Abrazo Scottsdale Campus
cc:7446a9d4-860a-4c78-92fb-1184f2e9a754,JFK UNIVERSITY MEDICAL CENTER,JFK University Medical Center
cc:744c0459-69ad-4c86-a9a7-69c91253175d,RINCON MEDICAL CENTER,Rincon Medical Center
cc:744ec0c5-9784-43a7-8f29-0b7686ad0d43,SALINAS VALLEY MEMORIAL HOSPITAL,Salinas Valley Memorial Hospital
cc:74505626-fc18-4e38-8b11-f4739889a6e3,PAM HEALTH REHABILITATION HOSPITAL OF WESTMINSTER,PAM Health Rehabilitation Hospital of Westminster
cc:74553a98-6508-40c8-938f-dc3cb628c40a,BOMAR REHABILITATION CENTER,Bomar Rehabilitation Center
cc:745a83bc-17e9-4847-901d-d5286f36c8aa,BAPTIST MEMORIAL HOSPITAL - UNION COUNTY,Baptist Memorial Hospital - Union County
cc:745c9b22-799b-4d14-8a60-962ceb356015,CLEVELAND CLINIC MARTIN SOUTH,Cleveland Clinic Martin South
cc:74613875-f612-4769-a124-d2dc9faf383d,CRETE AREA MEDICAL CENTER,Crete Area Medical Center
cc:7472540f-401e-4fdd-866e-b58264a62b64,OUR LADY OF THE LAKE ASSUMPTION COMMUNITY HOSPITAL,Our Lady of the Lake Assumption Community Hospital
cc:748dfa06-eb1d-469c-8c9a-8c46226975eb,EL CAMINO HOSPITAL LOS GATOS,El Camino Hospital los Gatos
cc:748fe1bd-4c20-405b-991d-da3cf1eb1cd7,KESSLER INSTITUTE FOR REHABILITATION - WEST ORANGE,Kessler Institute for Rehabilitation - West Orange
cc:74971f22-245a-4688-bcc4-aee60d7d91c4,HONORHEALTH FOUR PEAKS MEDICAL CENTER,HonorHealth Four Peaks Medical Center
cc:74982e87-9113-4050-8106-2842c596b0db,ST CATHERINE HOSPITAL,St. Catherine Hospital
cc:74a4cb62-2364-4404-9103-016b57ddc560,HCA FLORIDA LEHIGH HOSPITAL,HCA Florida Lehigh Hospital
cc:74a89e77-9ba7-4dbc-9b25-b198a5145372,MEDSTAR HEALTH PHYSICAL THERAPY AT IRVING STREET ORTHOPEDIC CENTER,MedStar Health Physical Therapy at Irving Street Orthopedic Center
cc:74ba3c14-504a-4a43-a129-ff8d0fe71c4f,SANFORD THIEF RIVER FALLS MEDICAL CENTER,Sanford Thief River Falls Medical Center
cc:74ca0aea-f5e3-4590-82f8-48e34c92eb8c,BAPTIST MEDICAL CENTER SOUTH - MONTGOMERY CANCER CENTER,Baptist Medical Center South - Montgomery Cancer Center
cc:74cd6c6c-70cd-4b87-a824-5a905f35a581,JEFFERSON WASHINGTON TOWNSHIP HOSPITAL,Jefferson Washington Township Hospital
cc:74d34674-408d-4e93-8c84-f8539bc07420,PRESBYTERIAN KASEMAN HOSPITAL,Presbyterian Kaseman Hospital
cc:74e7689c-ffb1-45d1-9442-f981c6d1dd68,JACOBSON MEMORIAL HOSPITAL CARE CENTER,Jacobson Memorial Hospital Care Center
cc:74f11232-c81f-4a9b-9bd1-ad286a5731ef,MERCYONE WATERLOO MEDICAL CENTER,Mercyone Waterloo Medical Center
cc:74f5bc68-b2d4-43a0-860c-b6ff960d8098,LORETTO HOSPITAL,Loretto Hospital
cc:74f7d6e4-d467-4129-83dc-6ac3c9363618,BUTLER COUNTY HEALTH CARE CENTER,Butler County Health Care Center
cc:75045916-bd2a-4e7f-8e36-71ecb0f56c1f,RIVERVIEW HEALTH INSTITUTE,Riverview Health Institute
cc:750a6003-9a47-409e-8e80-9a7aecc43eb3,WEST ANAHEIM MEDICAL CENTER,West Anaheim Medical Center
cc:750c93e2-ec88-478f-bed0-354a961e6d02,RUSH OAK PARK HOSPITAL,Rush Oak Park Hospital
cc:750d6b54-6c6e-4f85-bb0d-a0ae4c0026bf,FREEDOM BEHAVIORAL HOSPITAL MAGNOLIA,Freedom Behavioral Hospital Magnolia
cc:751aab37-b52a-4abd-9238-4701c1fab13c,WEISER MEMORIAL HOSPITAL,Weiser Memorial Hospital
cc:752ac3be-a958-4f7e-b3a8-a4249c716552,EAGLE VIEW BEHAVIORAL HEALTH,Eagle View Behavioral Health
cc:752e47de-e173-442c-a0e5-dbd0e177378e,CHILDREN'S HOSPITAL OF MICHIGAN,Children's Hospital of Michigan
cc:753de459-7935-476d-8c94-7c81ea58c21a,REAGAN HOSPITAL DISTRICT,Reagan Hospital District
cc:754c89e6-dbd1-4b15-8f01-68517935323d,MENNONITE HOSPITAL GUAYAMA,Mennonite Hospital Guayama
cc:755504bf-4204-4208-8f6a-ffd803515a9f,ST CLAIR HOSPITAL,St. Clair Hospital
cc:7566445e-8226-4ae3-9a43-02744a08108a,MEMORIAL HEALTH UNIVERSITY MEDICAL CENTER,Memorial Health University Medical Center
cc:7575b2b7-e48c-4535-b5a6-8ea835c6cd12,LOGAN HEALTH MEDICAL CENTER,Logan Health Medical Center
cc:757ad40b-8eaa-4a93-acd9-374049a4823d,GARDEN CITY HOSPITAL,Garden City Hospital
cc:757fc948-059b-4c82-80cc-193e29ca0272,SUMMIT SURGICAL,Summit Surgical
cc:7581db1c-f0f2-48b8-9ab3-20d8cc78ae0c,HANOVER HOSPITAL,Hanover Hospital
cc:7590e8bf-24b3-4652-bebe-1e7aeff350ac,BARTLETT MEDICAL ONCOLOGY CENTER,Bartlett Medical Oncology Center
cc:759d0280-2e2e-4109-a9f0-4d8e4d1e87a0,GRAFTON CITY HOSPITAL,Grafton City Hospital
cc:759e2865-e715-42a5-a4c3-42376feb0d1c,NORTH TAMPA BEHAVIORAL HEALTH,North Tampa Behavioral Health
cc:75a6269d-4fdc-4675-a0c4-0a43fc8f89b9,FLAGSTAFF MEDICAL CENTER,Flagstaff Medical Center
cc:75ab15d8-53df-47df-9ef5-57d18ceb6fbe,SELECT SPECIALTY HOSPITAL-EVANSVILLE,Select Specialty Hospital-Evansville
cc:75b0a460-4156-47d7-901c-7a8e3906481d,KAWEAH DELTA MENTAL HEALTH HOSPITAL D/P APH,Kaweah Delta Mental Health Hospital D./p APH
cc:75b660d0-6496-4f64-b58c-59a777de0ab9,BATH COMMUNITY HOSPITAL,Bath Community Hospital
cc:75b6aa96-c655-4d3a-9334-1777fded97e4,MONADNOCK COMMUNITY HOSPITAL,Monadnock Community Hospital
cc:75b74c35-004f-4380-9941-2370df0ca8fd,EMORY DECATUR HOSPITAL,Emory Decatur Hospital
cc:75c04ae1-9b75-486c-95f8-515617107880,JERSEY CITY MEDICAL CENTER,Jersey City Medical Center
cc:75c51a6d-ecf2-496a-8167-4b7bcad19cb4,RIDGEVIEW INSTITUTE MONROE,Ridgeview Institute Monroe
cc:75d36dfc-26cb-4ba8-849f-9fd2fd9e1156,INTERMOUNTAIN HEALTH SANPETE VALLEY HOSPITAL,Intermountain Health Sanpete Valley Hospital
cc:75db3186-adbf-45d5-93ed-202b27d76663,ASCENSION WISCONSIN HOSPITAL - GREENFIELD,Ascension Wisconsin Hospital - Greenfield
cc:75dc2f97-11fb-4a71-af39-beb9eb1b2423,BAPTIST & WOLFSON NASSAU CROSSING EMERGENCY ROOM,Baptist & Wolfson Nassau Crossing Emergency Room
cc:75df2ce1-ea1b-4199-aa2f-6a16aa0390de,PENN STATE HEALTH ST. JOSEPH MEDICAL CENTER,Penn State Health St. Joseph Medical Center
cc:75f3b2bd-a2fa-456f-8a05-f9b230a32c91,MERCYHEALTH HOSPITAL AND MEDICAL CENTER-HARVARD,Mercyhealth Hospital and Medical Center-Harvard
cc:7601dbf1-d017-4553-9d87-bcde6ee65e02,MUNSON MEDICAL CENTER,Munson Medical Center
cc:7610127b-c507-481c-b045-36f3c75c0fe4,SPOONER HEALTH,Spooner Health
cc:761f1c56-0da4-48b6-bfd5-9a27e4817702,THE CHILDREN'S HOSPITAL AT MONTEFIORE,The Children's Hospital at Montefiore
cc:76229d1c-a147-42d6-9c8a-e7c8dc9d6562,CHI MERCY MEDICAL CENTER,CHI Mercy Medical Center
cc:7627c45c-2a41-4be2-b1d7-5840a4a69cef,WATSONVILLE COMMUNITY HOSPITAL,Watsonville Community Hospital
cc:762d0de4-220b-436d-b219-709c4be3b04b,MEMORIAL SLOAN KETTERING 64TH STREET OUTPATIENT CENTER,Memorial Sloan Kettering 64th Street Outpatient Center
cc:76353c25-0cf7-4256-a28c-de096a921a22,BROOKS REHABILITATION HOSPITAL,Brooks Rehabilitation Hospital
cc:76366c73-9532-446a-8f03-cba19602ae52,MADISON STATE HOSPITAL,Madison State Hospital
cc:76453287-c9ea-4a60-94be-fcd044e88fc2,LALLIE KEMP REGIONAL MEDICAL CENTER,Lallie Kemp Regional Medical Center
cc:76541e25-3d31-46f3-9a1e-759262c3ad2a,ADVOCATE SOUTH SUBURBAN HOSPITAL,Advocate South Suburban Hospital
cc:765711a2-897f-4ce1-901a-05513de0dc7c,WAYNE MEMORIAL HOSPITAL,Wayne Memorial Hospital
cc:7666404a-462d-441a-bed6-497e58dc71da,MERCY MEDICAL CENTER - SPRINGFIELD,Mercy Medical Center - Springfield
cc:76668c4f-6ebb-4cc2-9568-01b06420f611,BRYAN WEST CAMPUS,Bryan West Campus
cc:766ce6a5-1b47-48c8-8b8a-58c4376a7c87,MEMORIAL HERMANN ORTHOPEDIC HOSPITAL,Memorial Hermann Orthopedic Hospital
cc:76710e0a-a3f0-48af-839a-de2d502f1d0c,OCHSNER MEDICAL CENTER-WEST BANK,Ochsner Medical Center-West Bank
cc:7672432b-6974-4da9-a94b-e3a292ff70fc,KAISER PERMANENTE ORANGE COUNTY - IRVINE MEDICAL CENTER,Kaiser Permanente Orange County - Irvine Medical Center
cc:76842832-f518-4c1c-844a-434a0d0aaeee,HUNTSVILLE HOSPITAL FOR WOMEN & CHILDREN,Huntsville Hospital for Women & Children
cc:76867771-284b-429c-9f32-e7710d614633,SILVER LAKE HOSPITAL,Silver Lake Hospital
cc:7689fd73-76b4-43f5-be48-7cb2fe0748fb,BAPTIST NEIGHBORHOOD HOSPITAL ZARZAMORA,Baptist Neighborhood Hospital Zarzamora
cc:768ae088-9304-4380-94dc-ce437b3eeebd,PILGRIM PSYCHIATRIC CENTER,Pilgrim Psychiatric Center
cc:768e684f-03fe-45dd-94cf-7ed9265b3e7c,MORTON PLANT NORTH BAY HOSPITAL- RECOVERY CENTER,Morton Plant North Bay Hospital- Recovery Center
cc:7697aff5-4266-4650-bc15-67f30c73e29b,ST. ELIZABETH EDGEWOOD,St. Elizabeth Edgewood
cc:769ce1fe-b361-4819-ae90-81ab629d726c,PATRICK B. HARRIS PSYCHIATRIC HOSPITAL,Patrick B. Harris Psychiatric Hospital
cc:76bf3d05-f4c7-4db5-aed8-b06cf07870ae,CATHOLIC HEALTH MERCY HOSPITAL,Catholic Health Mercy Hospital
cc:76bf7037-6f92-4b33-a852-301ab72697d5,MEDICAL CITY FRISCO,Medical City Frisco
cc:76c07f5c-6933-4d44-8f27-277a44512795,SKAGIT VALLEY HOSPITAL,Skagit Valley Hospital
cc:76c77cc4-01df-446c-a14c-611a756ffb6b,EVERGREEN HOSPITAL MEDICAL CENTER,Evergreen Hospital Medical Center
cc:76d87bb6-3384-4eb4-b0db-b9af9c34325c,NICKLAUS CHILDREN'S HOSPITAL,Nicklaus Children's Hospital
cc:76e1b151-9cf7-445a-a334-764b48d77851,SCA HEALTH GREENWAY SURGICAL SUITES,SCA Health Greenway Surgical Suites
cc:76e59cac-585c-4c5f-b5d9-71a199b139cb,OHIOHEALTH GROVE CITY METHODIST HOSPITAL,Ohiohealth Grove City Methodist Hospital
cc:76ead7de-2c43-4fd5-af29-31f3a8ebd5c6,HONORHEALTH DEER VALLEY MEDICAL CENTER,HonorHealth Deer Valley Medical Center
cc:76f36229-b90a-4a91-bb34-154f99d7a21a,HOAG ORTHOPEDIC INSTITUTE,Hoag Orthopedic Institute
cc:772f5944-852f-4664-9f4a-6313b1ce4809,CATHOLIC HEALTH ST. CATHERINE OF SIENA HOSPITAL,Catholic Health St. Catherine of Siena Hospital
cc:77400008-b7f3-4c09-aa3c-ad8f401e210b,UCHEALTH LONGS PEAK HOSPITAL,UCHealth Longs Peak Hospital
cc:774e784e-0de7-4923-9520-824259bd7b15,SANFORD VERMILLION MEDICAL CENTER,Sanford Vermillion Medical Center
cc:7757d2d2-e4f9-4347-b360-f58e5dbf0397,CORPUS CHRISTI MEDICAL CENTER BAYVIEW,Corpus Christi Medical Center Bayview
cc:7758202e-e6cb-4d87-8b3e-547fb4a3e102,JOHN MUIR MEDICAL CENTER-WALNUT CREEK CAMPUS,John Muir Medical Center-Walnut Creek Campus
cc:77662ec4-33ac-4b3d-9feb-acfb4f04c365,AMBERWELL HIAWATHA HOSPITAL,Amberwell Hiawatha Hospital
cc:776a7136-a4ef-4d97-841f-0a3ee0e1c984,ST. JOSEPH MEDICAL CENTER,St. Joseph Medical Center
cc:776b6122-3dd3-4d91-bda1-fbdcdbce1f32,SHANNON MEDICAL CENTER SOUTH,Shannon Medical Center South
cc:776ce1f1-9f33-405b-8ba5-d4212d3827fa,RIVERS HEALTH REGIONAL HEALTH CENTER,Rivers Health Regional Health Center
cc:7773ae02-30d9-4cd8-a8cd-1809d1c025d8,ATMORE COMMUNITY HOSPITAL,Atmore Community Hospital
cc:77745e0a-0b9f-4e64-9c92-0645578ed15b,PIEDMONT MEDICAL CENTER FORT MILL,Piedmont Medical Center Fort MILL
cc:777c3136-dc14-46cd-a1c3-e51c1a2223ee,EAST CAMPUS MEDICAL CENTER AT UC SAN DIEGO HEALTH,East Campus Medical Center at UC San Diego Health
cc:7787e0c3-9051-49e1-8b9e-1694d38b3d79,MERIT HEALTH WOMEN'S HOSPITAL,Merit Health Women's Hospital
cc:77889fd1-579e-412a-9fc8-fae413f355af,UNIVERSITY HEALTH TRUMAN MEDICAL CENTER,University Health Truman Medical Center
cc:778b780e-1f32-44e0-91f6-c4109fab1f3c,FRANKLIN COUNTY MEMORIAL HOSPITAL,Franklin County Memorial Hospital
cc:778fb234-b8e6-4f4d-8e07-786b141c86bd,FLORIDA COAST MEDICAL CENTER,Florida Coast Medical Center
cc:77a05f29-ea94-47d4-8351-45337c0a3b97,NEIGHBORS EMERGENCY CENTER ER & HOSPITAL LIVINGSTON,Neighbors Emergency Center ER & Hospital Livingston
cc:77a8d7b6-7334-436f-9bda-55284e62cb77,SAN RAMON REGIONAL MEDICAL CENTER,San Ramon Regional Medical Center
cc:77b071a7-82a7-4c45-aea9-131ce4365d13,SSM HEALTH ST. JOSEPH HOSPITAL - LAKE SAINT LOUIS,SSM Health St. Joseph Hospital - Lake Saint Louis
cc:77c4f904-d019-462a-b88c-f4f0f0cd45ee,INTEGRIS CANADIAN VALLEY HOSPITAL,Integris Canadian Valley Hospital
cc:77c54594-d77d-48d1-9d8a-e18350bacced,MT. EDGECUMBE MEDICAL CENTER,Mt. Edgecumbe Medical Center
cc:77ce3fff-292d-4fd0-b871-5a0322ee632f,CHI ST. VINCENT MORRILTON,CHI St. Vincent Morrilton
cc:77db740e-4bec-4ac6-8bf4-bee1220d9500,WESTOVER HILLS BAPTIST HOSPITAL,Westover Hills Baptist Hospital
cc:77e2d7a6-2d41-484b-97fc-6556ce699c75,ST. JOHN'S HOSPITAL CAMARILLO,St. John's Hospital Camarillo
cc:77e944cb-6f40-45af-a116-34f486d51f99,BELLIN HEALTH PSYCHIATRIC HOSPITAL,Bellin Health Psychiatric Hospital
cc:77e97f64-32c7-4264-b449-1d14bfbf38f9,NORTH WALTON DOCTORS HOSPITAL,North Walton Doctors Hospital
cc:77efcd3f-edbe-4e32-9948-92a65e1d5e9d,MEMORIAL HOSPITAL OF CONVERSE COUNTY,Memorial Hospital of Converse County
cc:77f1b3b1-e45a-49de-b056-ec38c3d0ccc7,NAZARETH HOSPITAL,Nazareth Hospital
cc:77fa1075-ab44-4c05-9d02-ea6cfc481e2f,KETTERING HEALTH DAYTON,Kettering Health Dayton
cc:7800136b-28ef-4fa1-a71e-58b66ddbd6ab,SUTTER COAST HOSPITAL,Sutter Coast Hospital
cc:780dfd5c-23a0-4f51-9f17-8f96d67fe3bb,PAM SPECIALITY HOSPITAL OF NEW BRAUNFELS,PAM Speciality Hospital of New Braunfels
cc:7812b9ef-fb9c-48e4-9911-0d25c64866e8,CRESTWOOD PSYCHIATRIC HEALTH FACILITY-CARMICHAEL,Crestwood Psychiatric Health Facility-Carmichael
cc:781d235f-b016-4752-b278-1549252a4e2d,ENCOMPASS HEALTH REHABILITATION HOSPITAL OF GADSDEN,Encompass Health Rehabilitation Hospital of Gadsden
cc:781dce99-c410-418d-be92-081afd7c1fed,MAYO CLINIC HEALTH SYSTEM RED CEDAR,Mayo Clinic Health System Red Cedar
cc:781e3266-d74e-4d1a-a245-e6f52065e652,RENOWN REGIONAL MEDICAL CENTER,Renown Regional Medical Center
cc:781f86c4-4be4-431e-822a-6d1575507436,WELLSPAN CHAMBERSBURG HOSPITAL,WellSpan Chambersburg Hospital
cc:781f9a58-89a6-4fc8-a36b-04fa0975e895,CALVERT HEALTH MEDICAL CENTER,Calvert Health Medical Center
cc:78305015-3882-4e49-9998-3b171d844f78,CHI ST. ALEXIUS HEALTH DICKINSON,CHI St. Alexius Health Dickinson
cc:7833812c-8e8f-43ba-86e4-4e656ba2d3e8,PHOENIXVILLE HOSPITAL,Phoenixville Hospital
cc:78441b02-c862-4b95-8ce2-7ce75d5cde27,PROHEALTH WAUKESHA MEMORIAL HOSPITAL,ProHealth Waukesha Memorial Hospital
cc:7846721f-9b85-4d39-93b7-0e487a456631,BAYLOR SCOTT & WHITE HOSPITAL ROUND ROCK,Baylor Scott & White Hospital Round Rock
cc:78643d41-cdf5-4823-a3a0-e86b280667ba,EVANSTON REGIONAL HOSPITAL,Evanston Regional Hospital
cc:788c8e79-d8d0-41f4-b404-c6137be1651f,JACKSON BEHAVIORAL HEALTH HOSPITAL,Jackson Behavioral Health Hospital
cc:7893c22b-ae03-48c5-8bba-e53e4cfa8c02,INTEGRIS SOUTHWEST MEDICAL CENTER,Integris Southwest Medical Center
cc:789539cb-e4b5-4bca-b519-ad43af7c12dd,MISSOURI BAPTIST MEDICAL CENTER,Missouri Baptist Medical Center
cc:789c3677-e367-41f0-901d-b78cb90b8fc0,TMC BEHAVIORAL HEALTH CENTER,TMC Behavioral Health Center
cc:78be0e9c-e461-49ce-bcfd-b78243edb671,THE ORTHOPAEDIC HOSPITAL OF LUTHERAN HEALTH NETWORK,The Orthopaedic Hospital of Lutheran Health Network
cc:78c097de-2e72-4276-8e93-8b051351edae,WEST CENTRAL GEORGIA REGIONAL HOSPITAL,West Central Georgia Regional Hospital
cc:78c1bbe8-6a0e-47ad-a7d5-f0433a01e372,ATRIUM HEALTH NAVICENT PEACH,Atrium Health Navicent Peach
cc:78c3d931-157e-4284-b902-dbdf79f9f214,PROVIDENCE QUEEN OF THE VALLEY MEDICAL CENTER,Providence Queen of the Valley Medical Center
cc:78c9c2b0-7a08-4726-8918-dd5fc68a89d0,PAM REHABILITATION HOSPITAL OF BEAUMONT,PAM Rehabilitation Hospital of Beaumont
cc:78ec31e2-8290-492c-a545-4e66e0e84387,PROVIDENCE ST. JOSEPH HOSPITAL - ORANGE,Providence St. Joseph Hospital - Orange
cc:78f38660-8b5d-4d79-984b-ec61b10b979f,CHARLESTON AREA MEDICAL CENTER MEMORIAL HOSPITAL,Charleston Area Medical Center Memorial Hospital
cc:790716d4-d4ef-4731-a9f0-e8b142800d4c,RUSH SPECIALTY HOSPITAL INPATIENT REHABILITATION,Rush Specialty Hospital Inpatient Rehabilitation
cc:790c1263-25a8-432f-97a9-7b4e8b2a0260,KINDRED HOSPITAL HOUSTON MEDICAL CENTER,Kindred Hospital Houston Medical Center
cc:79198caf-74b8-4b72-9e8f-75fee217cf03,THE CHRIST HOSPITAL MEDICAL CENTER - LIBERTY TOWNSHIP,The Christ Hospital Medical Center - Liberty Township
cc:79224a6d-ae6e-4ba6-a317-3a5a1ffc883b,COTTONWOOD CREEK BEHAVIORAL HOSPITAL,Cottonwood Creek Behavioral Hospital
cc:793d7f03-6994-4446-8029-5c828bd8722a,RIVERSIDE COMMUNITY HOSPITAL,Riverside Community Hospital
cc:79514baf-5286-4050-98d0-2496e0505f29,UNITY MEDICAL CENTER,Unity Medical Center
cc:79746d2d-0dca-41aa-b2a0-3d1bcd1a7937,BELLA VISTA HOSPITAL,Bella Vista Hospital
cc:797661cf-05ef-404c-a6e8-575a0d36172f,RUSH MEMORIAL HOSPITAL,Rush Memorial Hospital
cc:797965da-0399-4478-8c7e-a8aacf586818,EL PASO BEHAVIORAL HEALTH SYSTEM,El Paso Behavioral Health System
cc:7991df2b-35b3-414c-8140-e8bb5c9c6d89,COREWELL HEALTH GREENVILLE HOSPITAL,Corewell Health Greenville Hospital
cc:7999bf4c-53ce-47f0-9c03-c2c82efa9e39,KPC PROMISE HOSPITAL OF BATON ROUGE,KPC Promise Hospital of Baton Rouge
cc:799c8c84-63a1-4612-984d-46556b1932d0,SHERMAN OAKS HOSPITAL,Sherman Oaks Hospital
cc:79a3ef6a-b59d-4d59-aa17-77dd60a8ae52,MILLE LACS HEALTH SYSTEM,Mille LACS Health System
cc:79bfba91-7c3c-4db7-bef2-ab877210060d,PEAK REHABILITATION HOSPITAL,Peak Rehabilitation Hospital
cc:79c1a8bc-df0f-4444-96f4-a3c5788d47e5,SIERRA VISTA HOSPITAL,Sierra Vista Hospital
cc:79c59de9-08f4-46ed-9cc9-8e7a38ea74b2,ADMINISTRACION DE SERVICIOS MEDICOS DE PR (ASEM),Administracion de Servicios Medicos de Pr (ASEM)
cc:79cecc86-b551-415f-9411-291e70dcca97,VALLEY BAPTIST MEDICAL CENTER - BROWNSVILLE,Valley Baptist Medical Center - Brownsville
cc:79cff2da-4674-4e26-a535-25bc4915735c,ECU HEALTH MEDICAL CENTER,ECU Health Medical Center
cc:79d5677f-5c77-423c-bb3c-ea56ed2fc49a,MCCONE COUNTY HEALTH CENTER,McCone County Health Center
cc:79d5a540-c74a-4d74-8f0d-819d6246fcf3,FRANCES MAHON DEACONESS HOSPITAL,Frances Mahon Deaconess Hospital
cc:79d63353-b824-4f6e-b1d0-22c0ecd81bd1,JEFFERSON MEDICAL CENTER,Jefferson Medical Center
cc:79d9211d-57c8-4ecf-9883-fb6cf2127f53,WHEELING HOSPITAL,Wheeling Hospital
cc:79e3b519-0825-4d94-aa8d-699a6c530701,MYMICHIGAN MEDICAL CENTER TAWAS,Mymichigan Medical Center Tawas
cc:79ea5152-4330-47b5-bdb7-0c0c7cf634dd,SGMC HEALTH MAIN CAMPUS,SGMC Health Main Campus
cc:79fd6095-f566-416f-a490-4519f9fd391a,ADVOCATE TRINITY HOSPITAL,Advocate Trinity Hospital
cc:7a0a74eb-3e39-43b7-bc37-f70f432531c1,MILTON S. HERSHEY MEDICAL CENTER,Milton S. Hershey Medical Center
cc:7a0c9108-b21d-4359-a7f5-1fe7b587e04d,DOSHER MEMORIAL HOSPITAL,Dosher Memorial Hospital
cc:7a209da2-29bf-4a30-b968-aa74a9c57ffb,MERITUS MEDICAL CENTER,Meritus Medical Center
cc:7a2427f0-7e72-4345-9ed2-40597dcb9bbd,THE HOSPITALS OF PROVIDENCE TRANSMOUNTAIN CAMPUS,The Hospitals of Providence Transmountain Campus
cc:7a36426c-e37a-4c20-995b-c8eb8aa9f20b,OCEANS BEHAVIORAL HOSPITAL OF GREATER NEW ORLEANS - GRETNA,Oceans Behavioral Hospital of Greater New Orleans - Gretna
cc:7a3944b9-c57e-4b6d-8edf-b726c2f3308d,PAINTSVILLE ARH HOSPITAL,Paintsville ARH Hospital
cc:7a3c3c62-7dae-4271-9f95-9465334a8bfe,BANNER HEART HOSPITAL,Banner Heart Hospital
cc:7a3ce657-f301-433c-b9fe-07c3b523ef16,GRACE COTTAGE HOSPITAL,Grace Cottage Hospital
cc:7a408891-53ad-4fe1-ba92-ea1977539334,KINDRED HOSPITAL-SOUTH FLORIDA-FT LAUDERDALE,Kindred Hospital-South Florida-Ft. Lauderdale
cc:7a46e718-8fe8-4605-9a1c-ccbcbb8d307d,ORLANDO HEALTH JEWETT ORTHOPEDIC INSTITUTE DOWNTOWN COMPLEX - ORTHOPEDIC HOSPITAL,Orlando Health Jewett Orthopedic Institute Downtown Complex - Orthopedic Hospital
cc:7a640b87-59f8-41bb-88b7-02ea30ac0af0,SENTARA CAREPLEX HOSPITAL,Sentara Careplex Hospital
cc:7a684842-5793-458b-bade-4dab643a2d0c,SCHOOLCRAFT MEMORIAL HOSPITAL,Schoolcraft Memorial Hospital
cc:7a68a343-1a21-4fb3-9513-c03147775cef,GRUNDY COUNTY MEMORIAL HOSPITAL,Grundy County Memorial Hospital
cc:7a713023-4af8-447e-8c52-23a0b5bbe5ef,AVOYELLES HOSPITAL,Avoyelles Hospital
cc:7a76a1b1-0f3a-4e92-8a08-b0f0c2b79c61,ALTUS EMERGENCY CENTER WAXAHACHIE,Altus Emergency Center Waxahachie
cc:7a7b0cf4-3ce7-4bc5-9fa5-60c6e594789a,HONORHEALTH SCOTTSDALE OSBORN MEDICAL CENTER,HonorHealth Scottsdale Osborn Medical Center
cc:7a7f0c74-686d-4904-9251-6fb8c2dbad2f,JEFFERSON COUNTY HEALTH CENTER,Jefferson County Health Center
cc:7a94c5e0-1579-4cb8-9685-07a0018d3337,MEDSTAR HEALTH PHYSICAL THERAPY AT PALISADES,MedStar Health Physical Therapy at Palisades
cc:7aa44008-6b60-4fbe-ad2f-261c48c8c98a,PEACEHEALTH SOUTHWEST MEDICAL CENTER,Peacehealth Southwest Medical Center
cc:7aacb136-4544-4581-82fa-f6733145715e,SOUTHWEST HEALTH CENTER,Southwest Health Center
cc:7abc909c-b1f4-4ed6-905e-e62cea836fa9,ST. MICHAEL'S HOSPITAL AVERA,St. Michael's Hospital Avera
cc:7acf081f-5d7c-4432-a425-7d694d4e7231,WEST TENNESSEE HEALTHCARE NORTH HOSPITAL,West Tennessee Healthcare North Hospital
cc:7ad6bc21-c8e7-40ba-bc90-24a1856a1c29,OCEANS BEHAVIORAL HOSPITAL TUPELO,Oceans Behavioral Hospital Tupelo
cc:7adccef1-6874-4ba9-af4a-c79398c80628,KPC PROMISE OF WICHITA FALLS,KPC Promise of Wichita Falls
cc:7afa338a-f229-4bb3-ba1a-84442b6085e7,UCSF BENIOFF CHILDREN'S HOSPITAL OAKLAND,UCSF Benioff Children's Hospital Oakland
cc:7b1406be-87a3-475b-815c-f3f0508e5ea5,ENCOMPASS HEALTH REHABILITATION HOSPITAL OF SIOUX FALLS,Encompass Health Rehabilitation Hospital of Sioux Falls
cc:7b17654d-7379-4279-886a-b3d3a16816b6,BRUNSWICK HOSPITAL CENTER,Brunswick Hospital Center
cc:7b207aa5-23e8-4f0e-bac4-aaf598d5f55c,CRESCENT CITY SURGICAL CENTRE,Crescent City Surgical Centre
cc:7b237693-8c76-4a09-9ee4-7f80066a1870,ELKHORN VALLEY REHABILITATION HOSPITAL,Elkhorn Valley Rehabilitation Hospital
cc:7b297ca6-d751-481b-89c2-de61a27ac981,JOHN HOPKINS ALL CHILDREN'S HOSPITAL,John Hopkins All Children's Hospital
cc:7b318350-3ae5-4843-963f-669a6ac29582,ROGERS BEHAVIORAL HEALTH OCONOMOWOC,Rogers Behavioral Health Oconomowoc
cc:7b32f033-da5a-4191-8651-f7e8ad0ef367,PAM SPECIALTY HOSPITAL OF TEXARKANA NORTH,PAM Specialty Hospital of Texarkana North
cc:7b36023c-431a-4460-9f1e-78ac00a3902c,ASCENSION SAINT THOMAS THREE RIVERS,Ascension Saint Thomas Three Rivers
cc:7b37f6f6-4bd7-41e3-be66-697bb117501e,BARTON MEMORIAL HOSPITAL,Barton Memorial Hospital
cc:7b38d607-b7b5-4193-882b-d4d7010296ea,FOX RURAL HEALTH CLINIC,Fox Rural Health Clinic
cc:7b40fc74-2b20-4b90-bf43-e31241ab8a2b,SHRINERS' HOSPITAL FOR CHILDREN-GREENVILLE,Shriners' Hospital for Children-Greenville
cc:7b42dec4-9c1e-4447-8ad6-341594a28380,MANGUM REGIONAL MEDICAL CENTER,Mangum Regional Medical Center
cc:7b443c40-9226-49e5-aed3-1f653a078c2e,MAUI MEMORIAL MEDICAL CENTER,Maui Memorial Medical Center
cc:7b4776f1-5686-42d6-8c91-67ae7684f0d3,NYU LANGONE TISCH HOSPITAL,NYU Langone Tisch Hospital
cc:7b4939d7-39e0-4b14-8ae4-0cdd1f3a0e26,MENNONITE HOSPITAL OF AIBONITO,Mennonite Hospital of Aibonito
cc:7b646b41-604f-4001-bc62-f31766894263,CHILDREN'S HOSPITAL OF THE KING'S DAUGHTERS - CHILDREN'S PAVILION,Children's Hospital of the King's Daughters - Children's Pavilion
cc:7b675cc1-cac9-415c-a810-ced25ab87d07,HOSPITAL EPISCOPAL SAN LUCAS METRO,Hospital Episcopal San Lucas Metro
cc:7b781e44-3ada-4fbd-bf3e-d26affcd4648,HCA FLORIDA PASADENA HOSPITAL,HCA Florida Pasadena Hospital
cc:7b7f91de-3c18-4816-af37-9163f94a0b82,ENCOMPASS HEALTH REHABILITATION HOSPITAL OF MIAMI,Encompass Health Rehabilitation Hospital of Miami
cc:7b88b56e-4362-48a5-a119-960e9224f2ed,CHILTON MEDICAL CENTER,Chilton Medical Center
cc:7b8b217f-d146-428d-8a48-7cc7f5ae4745,ASCENSION COLUMBIA SAINT MARY'S - WOMEN'S HOSPITAL,Ascension Columbia Saint Mary's - Women's Hospital
cc:7b8c8619-6608-4438-8644-971587253fd4,NAAB ROAD SURGERY CENTER,Naab Road Surgery Center
cc:7b972335-2b0e-467c-bdd6-c64183defa2a,ENCOMPASS HEALTH REHABILITATION HOSPITAL OF LAKEVIEW,Encompass Health Rehabilitation Hospital of Lakeview
cc:7b9a82f7-0991-4ba6-a6be-45c75fb6dc40,REID HOSPITAL,Reid Hospital
cc:7ba536c6-290d-4145-a5c5-7fb60c96a6b9,DOCTORS CENTER HOSPITAL SAN JUAN,Doctors Center Hospital San Juan
cc:7ba70df5-3898-47a5-ab0d-4869b0b57fdf,FREESTONE MEDICAL CENTER,Freestone Medical Center
cc:7bc7fe4e-70cf-4fdc-b7f8-c5a113161598,TEXAS CHILDREN'S HOSPITAL,Texas Children's Hospital
cc:7bd91eb4-28e6-4717-ac5f-a340f1e73c1f,KINDRED HOSPITAL PHILADELPHIA - HAVERTOWN,Kindred Hospital Philadelphia - Havertown
cc:7bddd479-f424-4146-8902-8b923d3756bb,RIMROCK,Rimrock
cc:7be1d025-9f0c-4447-9df7-77cd2e2f2a12,CENTRAL STATE HOSPITAL,Central State Hospital
cc:7be1e534-c1d1-4901-9568-ca98c58145b6,COMPASS BEHAVIORAL CENTER OF HOUMA,Compass Behavioral Center of Houma
cc:7be2f14d-9429-49c0-a7bb-ff3b4ef3b7be,JEFFERSON BUCKS HOSPITAL,Jefferson Bucks Hospital
cc:7bec48c8-760a-46c9-a110-8ad1d0bd3193,SUNRISE CHILDREN'S HOSPITAL,Sunrise Children's Hospital
cc:7bfd2872-f74a-4d53-ab89-3cbf22d8ca1f,SSM HEALTH ST MARYS HOSPITAL JANESVILLE,SSM Health St. Marys Hospital Janesville
cc:7c0071bf-4478-4a86-aeab-4fcbb33177ef,BAPTIST MEMORIAL HOSPITAL,Baptist Memorial Hospital
cc:7c032be0-d0da-49c1-b8c3-e281ed1de61c,KAU HOSPITAL,Kau Hospital
cc:7c035560-dfe6-40bb-9231-5c13296aa0f6,KINDRED HOSPITAL DAYTON,Kindred Hospital Dayton
cc:7c080e88-4570-4eef-8f3c-2366a0d00d3c,AURORA MEDICAL CENTER OSHKOSH,Aurora Medical Center Oshkosh
cc:7c0c8c80-2b9d-4acb-9e6d-3d9593525523,NORTHWESTERN MEDICINE HUNTLEY HOSPITAL,Northwestern Medicine Huntley Hospital
cc:7c16fe8f-2e0b-484f-83d6-a0c06a78d7fd,CHILDREN'S MERCY HOSPITAL KANSAS,Children's Mercy Hospital Kansas
cc:7c1c4b6b-7210-4939-9dbd-723af7605ea0,PSYCHIATRIC INSTITUTE OF WASHINGTON,Psychiatric Institute of Washington
cc:7c1ea362-6dd2-4121-b651-9bb7b36868d3,BARTLETT OUTPATIENT PSYCHIATRIC SERVICES (BOPS),Bartlett Outpatient Psychiatric Services (Bops)
cc:7c2848e3-eaa2-4776-9c8f-0716a92a5943,WAKEMED NORTH HOSPITAL,Wakemed North Hospital
cc:7c2a1d8c-86fb-4cb9-9d6a-e3a7969a396e,COZAD COMMUNITY HOSPITAL,Cozad Community Hospital
cc:7c354c8b-9f36-46b8-8df6-ba1a84e2a47e,MADISON VALLEY MEDICAL CENTER,Madison Valley Medical Center
cc:7c36c1d7-087a-4931-ac14-8f025b3febfd,BAYOU BEND HEALTH SYSTEM,Bayou Bend Health System
cc:7c37a139-403f-4173-84aa-2a51b8e63739,FROEDTERT COMMUNITY HOSPITAL - NEW BERLIN,Froedtert Community Hospital - New Berlin
cc:7c3820ef-c17b-42a0-b9ed-0229fedc37ee,WHITESBURG ARH HOSPITAL,Whitesburg ARH Hospital
cc:7c41082c-5f0c-4ff5-8885-358bbeec3f73,PAM HEALTH REHABILITATION HOSPITAL OF SURPRISE,PAM Health Rehabilitation Hospital of Surprise
cc:7c4dd0db-072c-413b-8ee8-b5a4246bd90d,MAYO CLINIC HEALTH SYSTEM CANNON FALLS,Mayo Clinic Health System Cannon Falls
cc:7c51ca49-127b-4eee-a8d6-299967616e3d,FAUQUIER HOSPITAL,Fauquier Hospital
cc:7c8ee6e1-d0a9-4a5b-97d8-57099ce2eaea,HUNTINGTON HOSPITAL,Huntington Hospital
cc:7c98ff75-a0df-480d-954f-8d6009083ac8,ST MARY'S MEDICAL CENTER,St. Mary's Medical Center
cc:7ca0059d-6b7e-4a23-bb18-ce0a6d998a78,HOLY ROSARY HEALTHCARE,Holy Rosary Healthcare
cc:7caf5f19-0545-4d23-a08c-bb4a803f820c,NORTH MISSISSIPPI MEDICAL CENTER HAMILTON,North Mississippi Medical Center Hamilton
cc:7cb3f32c-19be-481c-93e5-af6f6b74e39d,CARDINAL HILL REHABILITATION HOSPITAL,Cardinal Hill Rehabilitation Hospital
cc:7cb75a0f-59af-4e41-9840-2df74f61abed,ORLANDO HEALTH ARNOLD PALMER HOSPITAL FOR CHILDREN,Orlando Health Arnold Palmer Hospital for Children
cc:7cba75e4-280d-49f1-9991-90733c294930,JEFFERSON FRANKFORD HOSPITAL,Jefferson Frankford Hospital
cc:7cc3d2b8-0257-4994-82e3-28949516d616,CUMBERLAND MEDICAL CENTER,Cumberland Medical Center
cc:7cdf714c-df7d-4b62-bf65-83646cfb0fe3,WEATHERFORD REGIONAL HOSPITAL,Weatherford Regional Hospital
cc:7ce50789-2970-4ea2-9890-a0d8ef5394c3,SOCORRO GENERAL HOSPITAL,Socorro General Hospital
cc:7cf444c2-b0e1-4267-be5b-2f231fb2a28f,BLACK HILLS SURGICAL HOSPITAL,Black Hills Surgical Hospital
cc:7d00f6d4-e95e-41f8-99fc-94b723dd5488,UNIVERSITY OF UTAH HOSPITAL - HUNTSMAN CANCER INSTITUTE,University of Utah Hospital - Huntsman Cancer Institute
cc:7d14f814-cae3-4829-9e91-ecc337e219f3,REGENCY HOSPITAL OREGON,Regency Hospital Oregon
cc:7d1523da-26d3-4788-a74e-666166f4a8db,EVANSVILLE STATE HOSPITAL,Evansville State Hospital
cc:7d2e8d35-609d-4e4b-95d9-4528caac20e7,BAYLOR SCOTT & WHITE INSTITUTE FOR REHABILITATION FORT WORTH,Baylor Scott & White Institute for Rehabilitation Fort Worth
cc:7d37b5f0-8099-42c5-91c7-3637cd6cdd7a,WELLSTAR SPALDING MEDICAL CENTER,Wellstar Spalding Medical Center
cc:7d40a4c3-b3b9-4d4c-a2ee-58e68929c8c6,WILLOW CREEK BEHAVIORAL HEALTH,Willow Creek Behavioral Health
cc:7d4b4c10-46a6-4195-af67-7c771a11a714,KINDRED HOSPITAL THE PALM BEACHES,Kindred Hospital the Palm Beaches
cc:7d752af4-84fb-43a3-bb2f-6602b630ff64,COMMONSPIRIT HOLY CROSS HOSPITAL - MOUNTAIN POINT,Commonspirit Holy Cross Hospital - Mountain Point
cc:7d75d4f4-9b93-4c6e-9b17-0065bc45022d,FIRST HOSPITAL PAN AMERICANO,First Hospital Pan Americano
cc:7d80738f-52a6-4a33-b156-2887743cfd09,BERGER HOSPITAL,Berger Hospital
cc:7d8b24a1-2760-4e20-8d04-52d5e5327f3c,STANFORD HEALTH CARE,Stanford Health Care
cc:7d944f67-11c7-4b13-981b-030900ff3abe,KAISER PERMANENTE SOUTH SACRAMENTO MEDICAL CENTER,Kaiser Permanente South Sacramento Medical Center
cc:7d971d5b-4794-4749-897e-344bcd77bfb6,ANTELOPE VALLEY HOSPITAL,Antelope Valley Hospital
cc:7d9f30d4-42ad-40d3-b859-6779db6c60da,GRADY MEMORIAL HOSPITAL,Grady Memorial Hospital
cc:7d9fb832-096c-4f72-aeae-df1095f197dd,ALICE PECK DAY MEMORIAL HOSPITAL,Alice Peck Day Memorial Hospital
cc:7da26c4a-e16c-4290-84a2-696b4abd6b42,ST CHRISTOPHERS HOSPITAL FOR CHILDREN,St. Christophers Hospital for Children
cc:7da594b8-90b1-4497-b9ca-e7b018ad561d,PARK ROYAL HOSPITAL,Park Royal Hospital
cc:7da8d9d2-b1dd-4e32-ba8c-b16b674aef7f,OHIOHEALTH SHELBY HOSPITAL,Ohiohealth Shelby Hospital
cc:7db06853-22a5-470a-97f6-17a0a40999f8,WILLOW CREST HOSPITAL,Willow Crest Hospital
cc:7dc7d258-1e19-498a-9029-7e82a9524c5e,SKY LAKES MEDICAL CENTER,Sky Lakes Medical Center
cc:7dd43518-92cb-4d73-8b4a-0d44cd4e3ef2,CANYON VISTA MEDICAL CENTER,Canyon Vista Medical Center
cc:7dd5d6e2-eda9-4825-9e4a-bbaeff5eb405,ATRIUM HEALTH WAKE FOREST BAPTIST HIGH POINT MEDICAL CENTER,Atrium Health Wake Forest Baptist High Point Medical Center
cc:7dd96ab1-7d07-4946-882f-5ea0f798349a,NEW ULM MEDICAL CENTER,New ULM Medical Center
cc:7ddc831e-cb9c-441d-b6f7-05de89956653,SENTARA MARTHA JEFFERSON HOSPITAL,Sentara Martha Jefferson Hospital
cc:7deb1e39-ff89-48ea-9db0-63de15256972,THE WOMEN AND BABIES HOSPITAL,The Women and Babies Hospital
cc:7dfade08-da04-4f9f-ad88-de0472d5de58,SHERIDAN COMMUNITY HOSPITAL,Sheridan Community Hospital
cc:7dfc93db-ee27-4e9c-8ab1-003af697f695,PAM HEALTH REHABILITATION HOSPITAL OF JUPITER,PAM Health Rehabilitation Hospital of Jupiter
cc:7e04c17e-4b3c-455d-93e7-3d98bb872ef5,UCSF BENIOFF CHILDREN'S HOSPITAL SAN FRANCISCO,UCSF Benioff Children's Hospital San Francisco
cc:7e17a7e5-0a15-45e4-ab90-a86d843103c3,VAN MATRE ENCOMPASS HEALTH REHABILITATION INSTITUTE,Van Matre Encompass Health Rehabilitation Institute
cc:7e186c2e-ed94-471f-b42d-7b1d48611c55,ADIRONDACK MEDICAL CENTER,Adirondack Medical Center
cc:7e23773e-de6b-4bb9-8ee0-1da2f31f65cb,HALIFAX HEALTH MEDICAL CENTER- PORT ORANGE,Halifax Health Medical Center- Port Orange
cc:7e34484a-2a4f-4da2-a3dd-85e895480f0c,ELITE HOSPITAL ST MICHAELS,Elite Hospital St. Michaels
cc:7e3cc687-951c-47db-b28c-4f49356174ed,HCA FLORIDA WEST MARION HOSPITAL,HCA Florida West Marion Hospital
cc:7e563337-a932-4ce4-b8d1-149351a65324,BANNER BOSWELL MEDICAL CENTER,Banner Boswell Medical Center
cc:7e5c32ea-9bf5-42fd-9495-b6ebd1100765,MILLINOCKET REGIONAL HOSPITAL,Millinocket Regional Hospital
cc:7e5f7727-3bb8-41d1-9c81-d21a29b0963b,SEBASTICOOK VALLEY HOSPITAL,Sebasticook Valley Hospital
cc:7e6704b5-8c5e-48df-a8b2-2fd752875eb7,PARKRIDGE WEST HOSPITAL,Parkridge West Hospital
cc:7e751f22-4435-4189-8186-4a065d4e7101,HAYWOOD COUNTY COMMUNITY HOSPITAL,Haywood County Community Hospital
cc:7e9425ac-45eb-46e1-8c82-43ef926c3da5,THIBODAUX REGIONAL HEALTH SYSTEM,Thibodaux Regional Health System
cc:7ea5793b-c4a8-4a78-a283-7a872a6d05cc,COREWELL HEALTH WILLIAM BEAUMONT UNIVERSITY HOSPITAL,Corewell Health William Beaumont University Hospital
cc:7eac4074-b868-42d7-a87d-37c3a4ac9fdd,CHILDRENS HOSPITAL OF NEW JERSEY - NEWARK,Childrens Hospital of New Jersey - Newark
cc:7eaf3d21-144d-4d2f-8ac2-893c473b3632,HOUSTON BEHAVIORAL HEALTHCARE HOSPITAL,Houston Behavioral Healthcare Hospital
cc:7ec9200b-763d-4bad-9630-6cd39fcb196a,KESSLER INSTITUTE FOR REHABILITATION - CHESTER,Kessler Institute for Rehabilitation - Chester
cc:7ecc7b6a-384b-4fb0-8fab-9529830be28f,FIRSTHEALTH MOORE REGIONAL HOSPITAL - HOKE CAMPUS,FirstHealth Moore Regional Hospital - Hoke Campus
cc:7ee36a67-cdeb-4067-b6d3-5b225f0ab003,BEACON BEHAVIORAL OUTPATIENT BOGALUSA,Beacon Behavioral Outpatient Bogalusa
cc:7ee568e5-2aa3-40e2-b209-f82453f8f43c,ENCOMPASS HEALTH SUNRISE REHABILITATION HOSPITAL OF SUNRISE,Encompass Health Sunrise Rehabilitation Hospital of Sunrise
cc:7eead078-f8b1-4fb2-9bd0-76bbbf21842b,NEW LONDON HOSPITAL,New London Hospital
cc:7ef0cc51-f91e-4a06-a557-4f83170e7e41,EXETER HOSPITAL,Exeter Hospital
cc:7efda7df-da14-40f0-acc3-cb213cf4e4da,AURORA WEST ALLIS MEDICAL CENTER,Aurora West Allis Medical Center
cc:7f0c9b80-46ee-48f0-9e9d-dc20e066a2f8,ROLLING HILLS HOSPITAL,Rolling Hills Hospital
cc:7f0f150d-6840-409f-9f32-3f8e8956f0bc,ST ANTHONY COMMUNITY HOSPITAL,St. Anthony Community Hospital
cc:7f124b57-c8c8-41f1-9cb7-4284df824856,LAUREL OAKS BEHAVIORAL HEALTH CENTER,Laurel Oaks Behavioral Health Center
cc:7f1bb0e9-7ca3-472d-b081-dc45c3d35e91,MAT-SU REGIONAL MEDICAL CENTER,Mat-Su Regional Medical Center
cc:7f27fab7-fcc1-469c-814d-fcd99cdd3377,EXALT HEALTH INPATIENT REHABILITATION HOSPITAL LAKEWOOD RANCH,Exalt Health Inpatient Rehabilitation Hospital Lakewood Ranch
cc:7f29680e-ee12-4ce8-8b6b-ad162d7d3bed,STOCKTON REGIONAL REHABILITATION HOSPITAL,Stockton Regional Rehabilitation Hospital
cc:7f38c574-75df-47d7-a3b6-818f3646baac,CRESTWOOD MEDICAL CENTER,Crestwood Medical Center
cc:7f47740c-c6f9-48b3-8ac5-389ff324030d,AMG SPECIALTY HOSPITAL - HOUMA,AMG Specialty Hospital - Houma
cc:7f52c0e3-3216-4fdc-9ab5-12b5b280aa0a,OHIO HOSPITAL FOR PSYCHIATRY,Ohio Hospital for Psychiatry
cc:7f546d9c-d951-4d1a-8bc6-0651d905ded4,LEWISGALE HOSPITAL PULASKI,Lewisgale Hospital Pulaski
cc:7f769561-9e0e-4257-80f0-97efbaf50fcf,COREWELL HEALTH LAKELAND NILES HOSPITAL,Corewell Health Lakeland Niles Hospital
cc:7f78be6e-dbed-444b-88dc-f2c17a25ff45,THE HOSPITALS OF PROVIDENCE EAST CAMPUS,The Hospitals of Providence East Campus
cc:7f819d27-a7e9-446f-8f0d-a7540540a515,NORTH VALLEY BEHAVIORAL HEALTH,North Valley Behavioral Health
cc:7f83054b-98c8-4f87-8abd-6027f1ff4406,INTERMOUNTAIN HEALTH GARFIELD MEMORIAL HOSPITAL,Intermountain Health Garfield Memorial Hospital
cc:7f833cfb-999e-4768-b1bb-09df884bbfa2,SUMMA HEALTH SYSTEMS - AKRON CAMPUS,Summa Health Systems - Akron Campus
cc:7f974ec6-77d2-4fda-85bd-2b6a5aab6c9f,AMG SPECIALTY HOSPITAL NORTHWEST INDIANA,AMG Specialty Hospital Northwest Indiana
cc:7f99a86a-a9c0-4d90-b333-89423c1024c9,WATERBURY HOSPITAL,Waterbury Hospital
cc:7fa0708f-387a-4130-8251-acbf8073d3e2,SAN DIMAS COMMUNITY HOSPITAL,San Dimas Community Hospital
cc:7fa8b995-ec31-4c3d-86c3-961f0181c7df,UTMB ANGLETON-DANBURY MEDICAL CENTER,UTMB Angleton-Danbury Medical Center
cc:7fb2c804-5e28-4719-8219-974eaf1da09b,AURORA ST. LUKE'S SOUTH SHORE,Aurora St. Luke's South Shore
cc:7fce67ee-316b-4e76-8231-1aad16cdd567,LOVELACE REGIONAL HOSPITAL ROSWELL,Lovelace Regional Hospital Roswell
cc:7fcfe61b-58f3-4f01-aa1b-3f152f58d56d,SPALDING REHABILITATION HOSPITAL,Spalding Rehabilitation Hospital
cc:7fd121ea-9d46-4898-a668-c7eae108dd15,SLEEPY EYE MEDICAL CENTER,Sleepy Eye Medical Center
cc:7fd6d37c-c6d7-4573-b3f0-5436d6c1ab3a,LAKEVIEW MEMORIAL HOSPITAL,Lakeview Memorial Hospital
cc:8005c5d5-5688-470d-a46a-f46610d1dd0e,NEIGHBORS REGIONAL HOSPITAL AMARILLO,Neighbors Regional Hospital Amarillo
cc:80161802-9a6d-4f51-99f8-ef8f1caccd04,PROVIDENCE SEASIDE HOSPITAL,Providence Seaside Hospital
cc:8022e896-e325-4f70-9d9b-266faa02856e,UPMC MUNCY,UPMC Muncy
cc:803030f4-263c-4cb9-8d6f-44ecca24d7dc,CHI LISBON HEALTH,CHI Lisbon Health
cc:803541c5-71ca-4a05-908a-a2a53dd02f9a,LAKELINE FAMILY MEDICAL CENTER,Lakeline Family Medical Center
cc:803d7fef-638a-4a71-888d-a48c4899625a,ASTERA HEALTH MAIN CAMPUS,Astera Health Main Campus
cc:8045d604-07a6-416c-af39-923530ee9afa,REEVES REGIONAL HEALTH,Reeves Regional Health
cc:805dd4eb-6d9e-43e9-9794-bff544db477a,WALLOWA MEMORIAL HOSPITAL,Wallowa Memorial Hospital
cc:805df589-5cf7-4744-a755-e5ba11212901,THE QUEEN'S MEDICAL CENTER - WEST OAHU,The Queen's Medical Center - West Oahu
cc:805e8142-56ce-40a9-9340-a0f93439c63c,ADVENTHEALTH WINTER PARK,AdventHealth Winter Park
cc:8062c041-cba5-4d66-9b0f-6057c96b13a9,NGMC BARROW,NGMC Barrow
cc:8066fd5a-1fc7-4183-bfca-775385ff8641,GOLISANO CHILDREN'S HOSPITAL OF BUFFALO,Golisano Children's Hospital of Buffalo
cc:80765e77-e9b1-40c5-b403-541810479d8f,HEALTHSOURCE SAGINAW,Healthsource Saginaw
cc:8078974f-c130-4eb9-ad1c-fd4660f366ab,BLANCHARD VALLEY HOSPITAL,Blanchard Valley Hospital
cc:8092ce22-fe1b-4a41-8139-7ae4372b2387,FAULKTON AREA MEDICAL CENTER,Faulkton Area Medical Center
cc:809cf7a6-affc-4918-8a62-11e3af1aa78b,PLAINS CLINIC,Plains Clinic
cc:809e32a9-1cba-423a-92f5-4c7b9e4768af,QUENTIN MEASE HOSPITAL,Quentin Mease Hospital
cc:80a43733-5ccd-47e3-b575-222d388c58e7,NEBRASKA ORTHOPAEDIC HOSPITAL,Nebraska Orthopaedic Hospital
cc:80a57292-8e3c-4f30-aacf-1dea7131ce44,OGALLALA COMMUNITY HOSPITAL,Ogallala Community Hospital
cc:80a927c9-d9ed-4f9d-a6b0-3f047a8a7541,MERCY PRIMARY CARE - BLOOMFIELD,Mercy Primary Care - Bloomfield
cc:80abaa25-eb36-4409-a48e-b40058b39a51,UNITYPOINT TRINITY MOLINE,UnityPoint Trinity Moline
cc:80cd5efa-aeb0-4564-a956-24ddbbffd075,THE PHYSICIANS CENTRE HOSPITAL,The Physicians Centre Hospital
cc:80ce5237-9550-48a1-a95c-a46dc70ae2b5,SOUTHWEST HEALTHCARE RANCHO SPRINGS HOSPITAL,Southwest Healthcare Rancho Springs Hospital
cc:80db1e92-80e1-43b8-9dff-22faeb8a842d,CATHOLIC MEDICAL CENTER,Catholic Medical Center
cc:80ef3048-a3a8-4b7c-b690-6d55e259e258,KINDRED HOSPITAL BALDWIN PARK,Kindred Hospital Baldwin Park
cc:8104219f-3a59-4954-92bc-21b79473d191,NEW YORK PRESBYTERIAN LOWER MANHATTAN HOSPITAL,New York Presbyterian Lower Manhattan Hospital
cc:8114a3bd-d328-4c34-a8e5-f606ff11c147,CARRUS SPECIALTY HOSPITAL,Carrus Specialty Hospital
cc:8116fce6-f2b7-4063-9337-eb35376298cd,AVERA MARSHALL REGIONAL MEDICAL CENTER,Avera Marshall Regional Medical Center
cc:811c61f4-5657-4e20-b747-d65f2ec12360,MERCYONE NORTH IOWA,Mercyone North Iowa
cc:8124deb5-2197-45cc-ab0c-41297ed6a01e,FLINT RIVER HOSPITAL,Flint River Hospital
cc:8149b425-0204-4878-972a-9ee702e885d7,ELITECARE EMERGENCY HOSPITAL,Elitecare Emergency Hospital
cc:8150272c-b86a-4b22-b28a-8cad08462f2e,CHI ST. ALEXIUS HEALTH GARRISON,CHI St. Alexius Health Garrison
cc:8165af4b-06e2-443a-967f-6c17a7279ef6,HEDRICK MEDICAL CENTER,Hedrick Medical Center
cc:818223ad-1135-4c27-9f96-da8bcf74c96c,SMP HEALTH ST. KATERI,SMP Health St. Kateri
cc:818a6968-a716-4ae8-875b-bf92e77e8a22,RIVERVIEW BEHAVIORAL HEALTH,Riverview Behavioral Health
cc:818c1f64-bdf5-4285-bcec-abdc97e07672,CORNERSTONE SPECIALTY HOSPITALS BOSSIER CITY,Cornerstone Specialty Hospitals Bossier City
cc:819623c7-02d4-479e-9846-a45080d99a0c,CARLE EUREKA HOSPITAL,Carle Eureka Hospital
cc:81974103-91c1-4bbc-ae07-8d59f225a7ba,PENN STATE HERSHEY REHABILITATION HOSPITAL,Penn State Hershey Rehabilitation Hospital
cc:81a7e3f7-45c5-439c-8883-68f02ce612ca,IU HEALTH JAY HOSPITAL,IU Health Jay Hospital
cc:81cd9b39-7f72-4dfe-9187-d1457c4ad739,CONTRA COSTA REGIONAL MEDICAL CENTER,Contra Costa Regional Medical Center
cc:81d0044b-7ff3-4ebe-9093-5dc8bdae6579,HERITAGE OAKS HOSPITAL,Heritage Oaks Hospital
cc:81d9bbc3-bac7-4cc0-9681-cce6ce4f7d85,HANCOCK COUNTY HEALTH SYSTEM,Hancock County Health System
cc:81e49408-0c79-4c39-9ac3-a646763a6cf3,MEDSTAR SOUTHERN MARYLAND HOSPITAL CENTER,MedStar Southern Maryland Hospital Center
cc:81e52b34-1821-497e-8b7a-ff4cd6a5decb,METHODIST STONE OAK REHABILITATION HOSPITAL,Methodist Stone Oak Rehabilitation Hospital
cc:81e81062-ba08-41be-9815-32fb6e405396,HCA HEALTHONE PRESBYTERIAN ST. LUKE'S,HCA HealthONE Presbyterian St. Luke's
cc:81eb1d77-03e4-418b-83de-0288aa9f8600,UNION HOSPITAL,Union Hospital
cc:81f93d0b-7e49-4d31-ae1e-3d258611b0b9,ST. LUKE'S UNIVERSITY HOSPITAL - BETHLEHEM,St. Luke's University Hospital - Bethlehem
cc:81fe01c9-b889-4ca3-8131-5ecaa4b76318,ENCOMPASS HEALTH REHABILITATION HOSPITAL RICHARDSON,Encompass Health Rehabilitation Hospital Richardson
cc:8201ca41-0119-4013-bd9f-50b2edcd42b9,STONY BROOK EASTERN LONG ISLAND HOSPITAL,Stony Brook Eastern Long Island Hospital
cc:820232c4-03e5-4ec5-a8fc-fe9aa0e14cf7,ASCENSION ST. JOHN NOWATA HOSPITAL,Ascension St. John Nowata Hospital
cc:820a3ef3-38b4-4989-b245-998435c3b4bf,LEGACY GOOD SAMARITAN MEDICAL CENTER IP REHAB,Legacy Good Samaritan Medical Center IP Rehabilitation
cc:820f8ac3-5ef6-4d5a-98a7-a7b5e30c7641,SLIDELL MEMORIAL HOSPITAL,Slidell Memorial Hospital
cc:8213ccfb-5ce3-49e0-8a09-1ad97df61252,ALVARADO PARKWAY INSTITUTE B.H.S.,Alvarado Parkway Institute B.H.S.
cc:82274a0f-308d-4ec5-9dd7-8383943f2ab0,SIH ST JOSEPH MEMORIAL HOSPITAL,SIH St. Joseph Memorial Hospital
cc:822ddd76-4c46-412a-ba58-c180b46681e0,DECATUR COUNTY HOSPITAL,Decatur County Hospital
cc:82397a38-ac34-4d68-9433-47ee00168ae0,MONTEREY PARK HOSPITAL,Monterey Park Hospital
cc:823e5179-8728-42ef-a6df-d6338b15b5dc,KINDRED HOSPITAL LAS VEGAS - FLAMINGO CAMPUS,Kindred Hospital Las Vegas - Flamingo Campus
cc:82417b6a-0fd9-4a5d-a24d-67dd975a700b,DOCTORS CENTER HOSPITAL DORADO,Doctors Center Hospital Dorado
cc:82927880-eb77-4b73-b361-bd1d0d9c6ef3,BAYPOINTE HOSPITAL,Baypointe Hospital
cc:82932683-d050-47d7-b8d6-fa4584ced879,CLEARSKY REHABILITATION HOSPITAL OF LAKE CITY,Clearsky Rehabilitation Hospital of Lake City
cc:82a2d41e-bf24-4902-8de0-b7f7c81b14fd,PLATTE HEALTH CENTER,Platte Health Center
cc:82a64e90-4d4a-4ee1-8afc-15bc290a1f33,LANGDON PRAIRIE HEALTH,Langdon Prairie Health
cc:82c10a07-4bdf-4e02-9f94-a31e3fdfe8f9,SPRINGBROOK BEHAVIORAL HEALTH SYSTEM,Springbrook Behavioral Health System
cc:82c40897-1c13-41ad-9c88-a3beb18a4cad,RESURRECTION MEDICAL CENTER,Resurrection Medical Center
cc:82ede5b4-4de1-41cb-84de-f9b6ce78d916,LAKE BUTLER HOSPITAL,Lake Butler Hospital
cc:82f1839b-50a9-418c-8ca6-38bf337369c5,TEXAS HEALTH ROCKWALL,Texas Health Rockwall
cc:82f62d13-7b4e-4b4f-af90-1c9f65da5169,MCDONOUGH DISTRICT HOSPITAL,McDonough District Hospital
cc:82fc4641-47fb-44a9-9957-877cdff32686,KETTERING HEALTH MIAMISBURG,Kettering Health Miamisburg
cc:82ffbe6c-e22f-4b6b-a6b3-7cb1c8e47361,DESERT REGIONAL MEDICAL CENTER,Desert Regional Medical Center
cc:82ffe383-2940-4844-8226-bdeb6a2c9c66,SELECT SPECIALTY HOSPITAL - DALLAS PLANO,Select Specialty Hospital - Dallas Plano
cc:82fffdaa-90cc-46bb-8fbc-690802fc2cae,ENCOMPASS HEALTH REHABILITATION HOSPITAL OF FORT MYERS,Encompass Health Rehabilitation Hospital of Fort Myers
cc:830781e4-ee4a-4f6a-800a-96b30eee4a8a,GEORGIA REGIONAL HOSPITAL AT ATLANTA,Georgia Regional Hospital at Atlanta
cc:8317416f-8232-49a5-9d09-28a7003b1950,PROVIDENCE SANTA ROSA MEMORIAL HOSPITAL,Providence Santa Rosa Memorial Hospital
cc:8320445c-fbe6-49bc-8632-0e47eb55effd,COMMONSPIRIT ST. CATHERINE HOSPITAL - GARDEN CITY,Commonspirit St. Catherine Hospital - Garden City
cc:832814de-f8c6-401b-a8f1-9f05c0fa0acf,HILLSBORO COMMUNITY HOSPITAL,Hillsboro Community Hospital
cc:832ab5f4-b313-4603-98bd-5a0fbcecc9d1,DUKE UNIVERSITY HOSPITAL,Duke University Hospital
cc:832f69ec-1680-4528-9d78-062fe1989bce,MEDSTAR HEALTH PHYSICAL THERAPY AT WHITE PLAINS,MedStar Health Physical Therapy at White Plains
cc:83434f9a-bb54-446b-826f-72c62355ea17,MATHENY,Matheny
cc:834393c6-6988-452c-a970-7d69e657f5d1,BOSTON CHILDREN'S LEXINGTON,Boston Children's Lexington
cc:835cc068-7328-4e46-aaf3-8ecb853a8529,PAM HEALTH SPECIALTY HOSPITAL AT SAN ANTONIO MEDICAL CENTER,PAM Health Specialty Hospital at San Antonio Medical Center
cc:835d4d2b-5b32-448f-bf95-990874972988,SELECT SPECIALTY HOSPITAL - MORGANTOWN,Select Specialty Hospital - Morgantown
cc:836593d6-8e26-4ad7-ad18-ee796b30e9d8,CATALINA ISLAND MEDICAL CENTER,Catalina Island Medical Center
cc:836f328e-a511-4f0f-961c-50284647c62d,PROVIDENCE CENTRALIA HOSPITAL,Providence Centralia Hospital
cc:8371b2d7-a12b-49b1-833a-0168f7fb6dd9,ENCOMPASS HEALTH REHABILITATION HOSPITAL OF CLERMONT,Encompass Health Rehabilitation Hospital of Clermont
cc:83787619-4c6b-4630-891c-9d46637fefc3,MESA VIEW REGIONAL HOSPITAL,Mesa View Regional Hospital
cc:837b33c6-942c-4129-853d-93277f0d1985,SANTA CLARA VALLEY MEDICAL CENTER,Santa Clara Valley Medical Center
cc:837ba4dd-b3b8-4e2a-98b0-e7714fbb5450,UNIVERSITY OF MARYLAND CAPITAL REGION MEDICAL CENTER,University of Maryland Capital Region Medical Center
cc:8380912a-e465-45b9-93fe-b0a892c89c20,NORTH CENTRAL HEALTH CARE,North Central Health Care
cc:83982070-368e-4ff4-9cf8-0e66f90adb60,CANNON MEMORIAL HOSPITAL,Cannon Memorial Hospital
cc:83aef9b4-f634-4d82-9dcd-0e383d7da5e8,BLYTHEDALE CHILDREN'S HOSPITAL,Blythedale Children's Hospital
cc:83b2c5ac-04ad-4878-92d1-7b21a6df3e20,UCLA RESNICK NEUROPSYCHIATRIC HOSPITAL,UCLA Resnick Neuropsychiatric Hospital
cc:83d64c11-c8e6-4c5e-8cb2-88c6f50d16c7,MONROVIA MEMORIAL HOSPITAL,Monrovia Memorial Hospital
cc:84046afb-3ade-40da-b8c0-51c6acbfc580,UC DAVIS REHABILITATION HOSPITAL,UC Davis Rehabilitation Hospital
cc:8408ade1-8bd9-430c-9eb0-76e0f66baf40,GOLDEN VALLEY MEMORIAL HOSPITAL,Golden Valley Memorial Hospital
cc:8409b4b1-aad0-4514-bc91-333694983ab4,KAISER PERMANENTE BALDWIN PARK MEDICAL CENTER,Kaiser Permanente Baldwin Park Medical Center
cc:843e5137-0782-40fb-bdd7-8257c2fc79f0,BAYAMON REGIONAL HOSPITAL,Bayamon Regional Hospital
cc:843f969b-2cb4-4fa7-8fa7-bfdd7b1455f6,CHI HEALTH MISSOURI VALLEY,CHI Health Missouri Valley
cc:84437bc2-669f-4790-b88e-0efaa9fe78ad,JOHNSON COUNTY MEMORIAL HOSPITAL,Johnson County Memorial Hospital
cc:845818d6-7905-40ee-9426-28d4d45177c7,TUBA CITY REGIONAL HEALTH CARE,Tuba City Regional Health Care
cc:8458c7c5-daeb-4d8c-90d0-ca815edcc906,CONTINUECARE HOSPITAL AT BAPTIST HEALTH PADUCAH,Continuecare Hospital at Baptist Health Paducah
cc:8460aa60-1270-4dbc-9f3d-bc335fd6ae11,BEACHAM MEMORIAL HOSPITAL,Beacham Memorial Hospital
cc:84669727-8187-47ae-934f-8d89ee79f020,MIDDLESEX HOSPITAL,Middlesex Hospital
cc:84688eda-0e88-4c79-becb-4715ecb6ad7b,ST. DAVID'S SOUTH AUSTIN MEDICAL CENTER,St. David's South Austin Medical Center
cc:84724c09-7b95-4769-b859-a7ee2e4c8db7,OCHSNER HOSPITAL FOR ORTHOPEDICS AND SPORTS MEDICINE,Ochsner Hospital for Orthopedics and Sports Medicine
cc:847c331a-d80e-4334-bd6b-03d4a2ec29d3,LOGAN HEALTH CUT BANK,Logan Health Cut Bank
cc:847f2429-788e-4b2e-8016-d423bb954215,BEACON BEHAVIORAL OUTPATIENT SLIDELL,Beacon Behavioral Outpatient Slidell
cc:848f8c4c-3060-431d-a5b4-3cab1d15457c,MEDSTAR WASHINGTON HOSPITAL CENTER,MedStar Washington Hospital Center
cc:84923314-52af-416f-993b-bfec6ceaec69,BERTRAND CHAFFEE HOSPITAL,Bertrand Chaffee Hospital
cc:8497b09b-697e-4e11-91b5-bda7202d7a59,RIDGEVIEW LESUEUR,Ridgeview Lesueur
cc:84a1d767-f2b6-4f66-a790-9947631f60e0,HONORHEALTH SCOTTSDALE SHEA MEDICAL CENTER,HonorHealth Scottsdale Shea Medical Center
cc:84af3cff-0b2f-472c-906e-cb140e272f79,SENTARA PRINCESS ANNE HOSPITAL,Sentara Princess Anne Hospital
cc:84aff522-de7e-46af-9ddc-a999954c719e,CHARLESTON AREA MEDICAL CENTER TEAYS VALLEY HOSPITAL,Charleston Area Medical Center Teays Valley Hospital
cc:84b3ebbb-4693-4c20-b90e-9083047f6666,EMORY UNIVERSITY HOSPITAL,Emory University Hospital
cc:84cbecb3-65fb-4cb1-bec9-2b02bb9174e9,MULTICARE TACOMA GENERAL HOSPITAL,MultiCare Tacoma General Hospital
cc:84cd9ceb-7595-467c-ad11-84513ea05e22,BSA HOSPITAL,BSA Hospital
cc:84d44e6f-89aa-453b-8e59-8917a125bc1d,CALIFORNIA PACIFIC MEDICAL CENTER - VAN NESS CAMPUS,California Pacific Medical Center - Van Ness Campus
cc:84daf6a8-c3bb-47db-9978-963a4a421a32,OCHSNER AMERICAN LEGION HOSPITAL,Ochsner American Legion Hospital
cc:84dc48ba-a999-4231-989e-acd6f8acf730,ENCOMPASS HEALTH REHABILITATION HOSPITAL OF LAKELAND,Encompass Health Rehabilitation Hospital of Lakeland
cc:84e38949-a059-45c5-94a0-bc125e32982e,BRONXCARE HEALTH SYSTEM - BRONXCARE HOSPITAL CENTER CONCOURSE,Bronxcare Health System - Bronxcare Hospital Center Concourse
cc:84eb9cb7-2eda-4229-803e-765488657adc,MERCY HEALTH - DEFIANCE HOSPITAL,Mercy Health - Defiance Hospital
cc:84ec5525-e4ab-499a-bb1e-8e5472298603,NORTH CENTRAL SURGICAL CENTER,North Central Surgical Center
cc:84f4b960-8273-4e53-b8ce-73304b1010eb,CENTRACARE - PLAZA SURGERY CENTER,Centracare - Plaza Surgery Center
cc:84ff42de-532c-4b39-b228-29287b434673,TRICITIES HOSPITAL,Tricities Hospital
cc:84ffdf87-1f5e-4c70-bfdd-88f0f23ca4b7,VANDERBILT UNIVERSITY MEDICAL CENTER,Vanderbilt University Medical Center
cc:85025849-2ece-4cfa-a244-1e439d696c9c,ST. ANTHONY REGIONAL HOSPITAL,St. Anthony Regional Hospital
cc:850a67de-e74e-4286-b11b-27b807ab5b1a,SCOTLAND COUNTY HOSPITAL,Scotland County Hospital
cc:85213d48-5ac0-442b-a485-12573c5d64da,SMOKEY POINT BEHAVIORAL HOSPITAL,Smokey Point Behavioral Hospital
cc:85239487-bf70-4b16-81c6-7df1b262d517,UF HEALTH NORTH,UF Health North
cc:852507e4-d687-44c3-84b0-29738dc2239c,FAMILY HEALTH WEST HOSPITAL,Family Health West Hospital
cc:8534b76d-5658-4fbe-a13a-e195837fbd64,BAYLOR SCOTT & WHITE MEDICAL CENTER CENTENNIAL,Baylor Scott & White Medical Center Centennial
cc:8557297e-1f44-4866-858c-30295301d28e,ST. JOSEPH'S MEDICAL CENTER OF STOCKTON,St. Joseph's Medical Center of Stockton
cc:8580b0ac-fe66-47c3-83aa-8f32285187cb,PIKE COUNTY MEMORIAL HOSPITAL,Pike County Memorial Hospital
cc:858e0044-9939-479e-9162-1d0ed193b5b7,COLUMBUS COMMUNITY HOSPITAL,Columbus Community Hospital
cc:858ee3aa-5284-4260-b766-27480b0dd326,SAMARITAN ALBANY GENERAL HOSPITAL,Samaritan Albany General Hospital
cc:859fc560-f98e-4c42-8839-8cbbdb8a6d4f,PIH HEALTH DOWNEY HOSPITAL,PIH Health Downey Hospital
cc:85adb706-6089-49bf-a865-c9a4fe8fa5b6,HENDRICKS BEHAVIORAL HOSPITAL,Hendricks Behavioral Hospital
cc:85bacd32-3d27-4ffe-9866-2fc59030211b,MERCY BEHAVIORAL HOSPITAL,Mercy Behavioral Hospital
cc:85c4f844-6508-4d6c-a71f-b0c3ebba3cde,THE CHRIST HOSPITAL,The Christ Hospital
cc:85c5bb39-b58d-4457-b7ac-2f76c81aab22,CHILDREN'S HEALTHCARE OF ATLANTA AT MERIDIAN MARK,Children's Healthcare of Atlanta at Meridian Mark
cc:85d3a994-c610-4bcb-bfcc-61b8e1f69697,FAIRCHILD MEDICAL CENTER,Fairchild Medical Center
cc:85d3bd0f-eaf9-44fc-9277-22b60369fbde,SPOTSYLVANIA REGIONAL MEDICAL CENTER,Spotsylvania Regional Medical Center
cc:85e2dd4b-682b-4003-9e82-483aa7d400d4,JACKSON WEST MEDICAL CENTER,Jackson West Medical Center
cc:85eb7c30-ba36-43fb-9101-b230fb865118,UNIVERSITY OF MARYLAND SHORE MEDICAL CENTER AT CAMBRIDGE,University of Maryland Shore Medical Center at Cambridge
cc:85edbf19-24df-46de-8c52-84b8996f3287,HARSHA BEHAVIORAL CENTER,Harsha Behavioral Center
cc:85f6137f-75f5-4a92-ab1f-fb11bd10aae7,BENEFIS TETON MEDICAL CENTER,Benefis Teton Medical Center
cc:85fa30a6-610b-41c9-9f46-c589c0d4b70f,LAHEY MEDICAL CENTER - PEABODY,Lahey Medical Center - Peabody
cc:85fecddd-51fb-4fd3-a4e4-1fdc0b266b8e,SACRAMENTO BEHAVIORAL HEALTHCARE HOSPITAL,Sacramento Behavioral Healthcare Hospital
cc:860493d8-08cf-4051-b6b7-ba80232c602c,SMITH COUNTY EMERGENCY HOSPITAL,Smith County Emergency Hospital
cc:860912d4-a155-42c9-9ad7-be39164cedb3,KAISER SUNNYSIDE MEDICAL CENTER,Kaiser Sunnyside Medical Center
cc:860a9c90-f79d-4912-ad3f-c57874d97e15,PLAINS REGIONAL MEDICAL CENTER CLOVIS,Plains Regional Medical Center Clovis
cc:8630cf79-b21c-4bb0-aded-aa184bc8b521,VALLEY CHILDREN'S HOSPITAL,Valley Children's Hospital
cc:86330003-1dc9-4ced-9320-336a9bd22982,LEGACY MERIDIAN PARK MEDICAL CENTER,Legacy Meridian Park Medical Center
cc:863b17f9-f5e5-43a5-a8fa-260eeb27873b,IROQUOIS MEMORIAL HOSPITAL,Iroquois Memorial Hospital
cc:863ec94b-2f1b-4471-8f83-b331e7bc6a88,ARH ADVANCED CARE BIG SANDY,ARH Advanced Care Big Sandy
cc:863fcab6-502c-4e3f-83d6-401ec9fd8a88,ROANE MEDICAL CENTER,Roane Medical Center
cc:86484aeb-326e-425a-b1f6-6c716e3077d0,PARKRIDGE EAST HOSPITAL,Parkridge East Hospital
cc:864f3eac-3f6b-47f5-b280-c7555eb6bd0b,ELMORE COMMUNITY HOSPITAL,Elmore Community Hospital
cc:86585da7-afa0-41d1-907b-8815bd52c38e,COMMUNITY HOSPITAL OF STAUNTON,Community Hospital of Staunton
cc:865a1d0d-1623-483e-b54e-b0d267eebe93,YORK GENERAL HOSPITAL,York General Hospital
cc:866c2fcf-f3f5-4ee4-9f46-e7c7b8f3b508,SSM HEALTH REHABILITATION HOSPITAL - OKLAHOMA CITY,SSM Health Rehabilitation Hospital - Oklahoma City
cc:866c3a32-1f6d-47eb-b5ec-f3500aed28d5,TURQUOISE LODGE HOSPITAL,Turquoise Lodge Hospital
cc:866e154d-39a6-4c3d-8d35-cc759f6dd35b,STEVENS COMMUNITY MED CENTER,Stevens Community Medical Center
cc:86722f7d-7ded-41e9-9144-ec5518786e3f,HIGHLAND HILLS MEDICAL CENTER,Highland Hills Medical Center
cc:8673080d-78d5-429f-87e6-7f7a168a500c,ENCOMPASS HEALTH REHABILITATION HOSPITAL OF GREENVILLE,Encompass Health Rehabilitation Hospital of Greenville
cc:8685bc0a-70df-4351-b2e2-3b4bda063d1c,BLOOMINGTON MEADOWS HOSPITAL,Bloomington Meadows Hospital
cc:869af06d-ac8f-4a67-a453-df67c20f04d9,EAST JEFFERSON GENERAL HOSPITAL,East Jefferson General Hospital
cc:869e9cce-ddf6-4c97-a844-bcc1b23cc0dc,GEISINGER ST. LUKE'S HOSPITAL,Geisinger St. Luke's Hospital
cc:86acfffb-9151-4f22-a667-437bab636596,RANGELY DISTRICT HOSPITAL,Rangely District Hospital
cc:86c4cfd6-3b07-4728-966f-9ab38613c4ae,COPIAH COUNTY MEDICAL CENTER,Copiah County Medical Center
cc:86cf2847-11cb-4ab3-9d85-f9f22b6f67f8,DALLAS COUNTY HOSPITAL,Dallas County Hospital
cc:86cfe4cf-92f3-407f-a216-f728285f56e0,MERCY HOSPITAL PARIS,Mercy Hospital Paris
cc:86e83573-9f00-438a-901f-69daf16169f6,BRONSON BATTLE CREEK HOSPITAL,Bronson Battle Creek Hospital
cc:87016f4a-cc4b-4f62-8068-3f8054ba7165,UPMC COLE,UPMC Cole
cc:87224566-ff35-45cd-8da9-ce8cbaebe159,OAKBEND WHARTON HOSPITAL CAMPUS,Oakbend Wharton Hospital Campus
cc:87280e45-5a60-4a56-84df-d3e41cfec316,PAM HEALTH REHABILITATION HOSPITAL OF WIREGRASS RANCH,PAM Health Rehabilitation Hospital of Wiregrass Ranch
cc:872bdcb3-7e13-4437-a95c-4b24f974a8a6,GRANDVIEW MEDICAL CENTER,Grandview Medical Center
cc:8732219c-b596-42b8-84b2-760d9d653f47,AVERA MERRILL PIONEER HOSPITAL,Avera Merrill Pioneer Hospital
cc:8737ba9e-c90f-4e6a-a523-b351c0b0dcca,ADVENTHEALTH APOPKA,AdventHealth Apopka
cc:873a6cdb-7982-482b-95b8-d2dcfa18563d,LEHIGH VALLEY HOSPITAL - GILBERTSVILLE,Lehigh Valley Hospital - Gilbertsville
cc:87451531-eaf2-43bf-b788-afdeb22c7be0,ANN & ROBERT H LURIE CHILDREN'S HOSPITAL OF CHICAGO,Ann & Robert H. Lurie Children's Hospital of Chicago
cc:87487f94-320e-42ec-8971-8855377f00cb,LEHIGH VALLEY HOSPITAL - SCHUYLKILL S. JACKSON STREET,Lehigh Valley Hospital - Schuylkill S. Jackson Street
cc:8753a175-0cc1-44b0-b556-265e74cb608e,CLEVELAND CLINIC MERCY HOSPITAL,Cleveland Clinic Mercy Hospital
cc:8754d2a0-3243-4693-94cc-cdcf9ef0705a,STONECREST CENTER,Stonecrest Center
cc:8756aadf-9886-4900-8fd9-1041cfaebd76,FAIRFAX BEHAVIORAL HEALTH EVERETT,Fairfax Behavioral Health Everett
cc:876db908-363d-45ce-ab0c-b64513546ef7,COMMUNITY HOSPITAL,Community Hospital
cc:877e8143-c0d2-4c79-820e-652692411864,WILLIS-KNIGHTON MEDICAL CENTER,Willis-Knighton Medical Center
cc:877f0b40-06db-440b-82ec-6f67c6429b53,INSIGHT HOSPITAL & MEDICAL CENTER CHICAGO,Insight Hospital & Medical Center Chicago
cc:8787485a-16a1-4264-82a1-1c1dd99e6445,SOUTHEAST IOWA REGIONAL MEDICAL CENTER,Southeast Iowa Regional Medical Center
cc:8787863f-e383-4ea0-b74e-1463661201a5,BROADDUS HOSPITAL,Broaddus Hospital
cc:87a493d7-7ade-4cbb-b576-77f356fe5de1,INOVA FAIR OAKS HOSPITAL,Inova Fair Oaks Hospital
cc:87a561b8-553e-4482-8a6b-522fe65a6b1a,NOVANT HEALTH HUNTERSVILLE MEDICAL CENTER,Novant Health Huntersville Medical Center
cc:87ad5f61-fbe1-43a4-bec9-1f80b3aacee9,HCA HOUSTON HEALTHCARE SOUTHEAST,HCA Houston Healthcare Southeast
cc:87adde60-6053-489d-a244-1d1e716e80e5,MAYO CLINIC HOSPITAL ROCHESTER ST MARY'S CAMPUS,Mayo Clinic Hospital Rochester St. Mary's Campus
cc:87adf9eb-45c3-48a8-93fe-7af8d6e622d3,KEARNY COUNTY HOSPITAL,Kearny County Hospital
cc:87b49a55-7436-4361-923f-22fe2a78b6fd,WESTFIELDS HOSPITAL,Westfields Hospital
cc:87bd8911-2c7f-449e-966d-b588f7d7e632,ASCENSION ST. JOHN REHABILITATION HOSPITAL OF OWASSO,Ascension St. John Rehabilitation Hospital of Owasso
cc:87bd90c4-18a8-417b-a940-2b905b102cd1,SUNRISE CANYON HOSPITAL,Sunrise Canyon Hospital
cc:87c3abe7-3461-4b30-a8fd-84b0a1a4240f,MEDSTAR GEORGETOWN UNIVERSITY HOSPITAL,MedStar Georgetown University Hospital
cc:87ccaf12-edbd-4c20-ac5b-f8ea23ce4b14,FRAZIER REHABILITATION INSTITUTE,Frazier Rehabilitation Institute
cc:87ceed71-e7f9-4c6a-a842-0ad83c9b72ec,UNC HEALTH NASH,UNC Health Nash
cc:87d6921d-964a-44c7-8482-6bbfccf73980,MAINE HEALTH MEMORIAL HOSPITAL,Maine Health Memorial Hospital
cc:87dbe5a6-8cc7-41f2-9b2e-e1a800481f11,HENDRICKS REGIONAL HEALTH BROWNSBURG HOSPITAL,Hendricks Regional Health Brownsburg Hospital
cc:87e41ead-4e7e-4f65-a405-a4a394b396f7,RED RIVER HOSPITAL,Red River Hospital
cc:87f778b8-9f1e-4315-b184-f95c725bae56,SELECT SPECIALTY HOSPITAL - YORK,Select Specialty Hospital - York
cc:8803af98-6c43-4182-a7c4-c7453a8cc958,COMMUNITY FIRST MEDICAL CENTER,Community First Medical Center
cc:88146455-ceff-4701-b38e-48515d394bda,IBERIA MEDICAL CENTER,Iberia Medical Center
cc:8830b3b7-bb99-4c37-9736-48b1077d13fe,STANFORD HEALTH CARE TRI-VALLEY,Stanford Health Care Tri-Valley
cc:8846ca9d-d942-447d-b29a-939b0c3fcb87,TEXAS ORTHOPEDIC HOSPITAL,Texas Orthopedic Hospital
cc:885727af-cb1b-42f0-bd06-2026ba492ad0,PROVIDENCE ST. MARY MEDICAL CENTER,Providence St. Mary Medical Center
cc:885c1568-9b5e-4349-92e5-b6fed589d33f,GILLETTE CHILDREN'S,Gillette Children's
cc:8863f36c-529d-4fde-bf00-4466c74609f6,POCAHONTAS COMMUNITY HOSPITAL,Pocahontas Community Hospital
cc:8884fbb6-483d-4178-974a-e2cf7ae38677,VALOR HEALTH,Valor Health
cc:8885d41b-2ba6-408e-b5e2-d3b6c793b9b1,METROPOLITAN METHODIST HOSPITAL,Metropolitan Methodist Hospital
cc:888e9fc1-9cb6-4462-b6d3-85ddb5a8158d,SAN LUIS VALLEY HEALTH CONEJOS COUNTY HOSPITAL,San Luis Valley Health Conejos County Hospital
cc:889412e8-c4da-4fa9-9838-6aeb3c61a20d,MOUNT GRANT GENERAL HOSPITAL,Mount Grant General Hospital
cc:88a6839b-0af3-4b1a-8ef9-478a69a04d0d,SELECT SPECIALTY HOSPITAL - CAMP HILL,Select Specialty Hospital - Camp Hill
cc:88b2f67b-b97d-4366-b407-aaa72d408ec0,SUTTER TRACY COMMUNITY HOSPITAL,Sutter Tracy Community Hospital
cc:88c9fc79-8066-487b-82fb-bc81e75919b6,MID-VALLEY HOSPITAL,MID-Valley Hospital
cc:88d0af06-f86a-4f24-9e3b-9d31b6be069c,NORTHWEST MEDICAL CENTER HOUGHTON,Northwest Medical Center Houghton
cc:88d7a52a-38eb-46ad-9425-25f4821fc932,BAPTIST HOSPITAL OF MIAMI,Baptist Hospital of Miami
cc:88dc5f98-b914-45c2-b475-fc9ad3100b1d,KYLE ER & HOSPITAL,Kyle ER & Hospital
cc:88e5ac49-91c0-4c19-ac7a-54e86e73f613,M HEALTH FAIRVIEW UNIVERSITY OF MINNESOTA MEDICAL CENTER - EAST BANK,M Health Fairview University of Minnesota Medical Center - East Bank
cc:88e817f0-e651-4144-872a-5f37a7725097,SHOREWOOD BEHAVIORAL HEALTH,Shorewood Behavioral Health
cc:88f32854-8673-4b67-9f24-c0bc07f01d20,FERRELL HOSPITAL COMMUNITY FOUNDATIONS,Ferrell Hospital Community Foundations
cc:88fa6198-03a8-4189-9bbd-30ad9d1d7f38,ST. CHARLES PARISH HOSPITAL,St. Charles Parish Hospital
cc:88fd6ea7-0291-40be-a68b-6834f560c26b,KANSAS MEDICAL CENTER,Kansas Medical Center
cc:89072d2a-1e0d-4899-93c2-b130d52cab2e,ARTESIAN VALLEY HEALTH SYSTEM,Artesian Valley Health System
cc:890a93ce-df9b-413b-b1da-8791e2e9f5f3,KAHUKU MEDICAL CENTER,Kahuku Medical Center
cc:89148738-bbcf-41ad-989e-d261075cf6df,TEXAS HEALTH PRESBYTERIAN HOSPITAL KAUFMAN,Texas Health Presbyterian Hospital Kaufman
cc:8918200b-df99-4296-ba1c-102701704ddb,AVERA HAND COUNTY MEMORIAL HOSPITAL,Avera Hand County Memorial Hospital
cc:89243d7a-72b7-488a-b2d6-5fd4cac3b18f,THE SPINE HOSPITAL OF LOUISANA,The Spine Hospital of Louisana
cc:89376692-57ba-4c7a-b3ed-55834e6a3aad,PAM HEALTH REHABILITATION HOSPITAL OF ROUND ROCK,PAM Health Rehabilitation Hospital of Round Rock
cc:893a2abf-71b3-48f8-bbf0-a32e515aba9f,MADONNA REHABILITATION SPECIALTY HOSPITAL OMAHA,Madonna Rehabilitation Specialty Hospital Omaha
cc:89432667-b9dd-44ab-a664-c7e795739ece,HCA FLORIDA RAULERSON HOSPITAL,HCA Florida Raulerson Hospital
cc:894ca68e-525c-4c7a-9b73-bdb4b6022590,HENRY FORD WYANDOTTE HOSPITAL,Henry Ford Wyandotte Hospital
cc:8961a2a5-a621-4659-902b-5765750fb9b4,UHS BINGHAMTON GENERAL HOSPITAL,UHS Binghamton General Hospital
cc:8962c831-f100-4f83-9877-006ba134d168,ANIMAS SURGICAL HOSPITAL,Animas Surgical Hospital
cc:89762022-cb4d-41d4-9b99-34343be58282,NORTHSIDE HOSPITAL FORSYTH,Northside Hospital Forsyth
cc:8981140a-7290-4ae9-a985-10ba9e800d18,BEAVER VALLEY HOSPITAL,Beaver Valley Hospital
cc:89a6c54b-9d41-4d2c-b9c6-e6d5431eceda,UNITYPOINT HEALTH ST. LUKE'S,UnityPoint Health St. Luke's
cc:89a7ce2f-888a-4cb0-be4e-55f1476c263a,"SUTTER MEDICAL CENTER, SACRAMENTO","Sutter Medical Center, Sacramento"
cc:89afff2f-2aae-4361-9182-edac60305a89,CAPITAL HEALTH - HOPEWELL,Capital Health - Hopewell
cc:89bf2abc-510a-43f1-87e5-1e7a304dd98c,MEASE DUNEDIN HOSPITAL,Mease Dunedin Hospital
cc:89c1a8ed-0992-42ff-b49c-906367e6ce2b,SSM HEALTH ST JOSEPH HEALTH CENTER -SAINT CHARLES,SSM Health St. Joseph Health Center -Saint Charles
cc:89c1fd40-1e2f-4130-9fe6-a15d9492df06,COLUMBIA MEMORIAL HOSPITAL,Columbia Memorial Hospital
cc:89c70e03-a4c4-42c9-9804-95896e9618b9,DOCTORS HOSPITAL,Doctors Hospital
cc:89ce42b6-97c4-47d4-a5ed-f66bfb6cdc6e,SANFORD SHELDON MEDICAL CENTER,Sanford Sheldon Medical Center
cc:89dc6b82-8169-4395-8566-bcb36fe99286,SELECT SPECIALTY HOSPITAL - BATTLE CREEK,Select Specialty Hospital - Battle Creek
cc:89dfcc96-d77c-45f8-b028-b98e23141154,CAPE FEAR VALLEY BETSY JOHNSON HOSPITAL,Cape Fear Valley Betsy Johnson Hospital
cc:89e303f1-78f2-4414-8aff-f0e2bb457817,LUTHERAN KOSCIUSKO HOSPITAL,Lutheran Kosciusko Hospital
cc:89eacb7d-d4d4-453f-bb09-68ce4ce3d503,MONROE CARELL JR. CHILDREN'S HOSPITAL AT VANDERBILT,Monroe Carell Jr. Children's Hospital at Vanderbilt
cc:8a0ca91c-908e-4a36-9de1-ed7233ef82af,GENESIS BEHAVIORAL HEALTH NEW IBERIA,Genesis Behavioral Health New Iberia
cc:8a1148b8-6efb-4049-917f-1d1cd25df8cd,NATCHAUG HOSPITAL,Natchaug Hospital
cc:8a15cdc3-46d3-4ab4-9804-ddf273b43d37,CHRISTUS SPOHN HOSPITAL KLEBERG,CHRISTUS Spohn Hospital Kleberg
cc:8a2987dd-2809-4ef5-aa45-7b8a32e225d1,SAINT FRANCIS HOSPITAL,Saint Francis Hospital
cc:8a727ef7-bafd-48df-a0ed-a1bbec5891a0,THREE RIVERS HEALTH HOSPITAL,Three Rivers Health Hospital
cc:8a77b3a1-dc8f-4220-a933-8581444ffd43,TEXAS HEALTH FRISCO,Texas Health Frisco
cc:8a7aa41f-fe0a-4b48-b1ca-2cfda215985a,EVELYN H. LAUDER BREAST CENTER,Evelyn H. Lauder Breast Center
cc:8a86e85e-153e-45d8-b7b7-43ea0fdc4d49,ASCENSION WISCONSIN HOSPITAL MENOMONEE FALLS,Ascension Wisconsin Hospital Menomonee Falls
cc:8a8fb6d4-8af2-43ee-8f76-d9101730ec83,MCLEOD SEACOAST,McLeod Seacoast
cc:8a9ccc7d-70ac-4249-a788-9cd2e127f095,CHRISTUS SURGICAL HOSPITAL,CHRISTUS Surgical Hospital
cc:8aa2e9c8-af25-4a51-80e0-68c6ffc07b47,AURORA SINAI MEDICAL CENTER,Aurora Sinai Medical Center
cc:8aa3ae8a-207d-426d-8471-b36764cc2e55,UMASS MEMORIAL MEDICAL CENTER - UNIVERSITY CAMPUS,UMass Memorial Medical Center - University Campus
cc:8ab0205f-320f-4e03-b969-5d7828a1f427,HCA FLORIDA JFK NORTH HOSPITAL,HCA Florida JFK North Hospital
cc:8ab977f6-3cc8-4dca-95f1-98811399fa44,ASPIRE HEALTH PARTNERS,Aspire Health Partners
cc:8abe3892-8c63-401b-b2de-81bcb193537e,BAYLOR SCOTT & WHITE MEDICAL CENTER FRISCO,Baylor Scott & White Medical Center Frisco
cc:8abe84a8-08b7-4c7e-bfc0-b556284116ea,MT. GRAHAM REGIONAL MEDICAL CENTER,Mt. Graham Regional Medical Center
cc:8adb53bd-925c-409a-a0f2-7feed526b049,WIREGRASS MEDICAL CENTER,Wiregrass Medical Center
cc:8ae61648-095c-4394-81b4-5df67d3e70b3,EXODUS RECOVERY PHF,Exodus Recovery PHF
cc:8ae9db08-9b02-4cb2-b886-23c6fbea7c10,LIVINGSTON HOSPITAL AND HEALTHCARE SERVICES,Livingston Hospital and Healthcare Services
cc:8aebc021-c55d-4c8e-bf7d-fa1f0b66bac8,FAIRVIEW HOSPITAL,Fairview Hospital
cc:8af16593-53bf-4753-a69e-c34284126c67,SPRING MOUNTAIN TREATMENT CENTER,Spring Mountain Treatment Center
cc:8af25fd9-7cc8-4663-b3ba-c3c08e807a0d,ENCOMPASS HEALTH REHABILITATION HOSPITAL OF LAKE WORTH,Encompass Health Rehabilitation Hospital of Lake Worth
cc:8af29a51-88be-4a1a-ad45-51686df71584,UPMC GREENE,UPMC Greene
cc:8af75470-2d7b-4421-9649-b9f1dff05620,FREEMAN HEALTH SYSTEM - WILLOW CREEK MEDICAL CENTER,Freeman Health System - Willow Creek Medical Center
cc:8b028633-f21f-47e1-be1f-4857936ab8d7,WELLINGTON REGIONAL MEDICAL CENTER,Wellington Regional Medical Center
cc:8b037189-94c7-4cc3-8994-36e15fc49c99,MERCY HOSPITAL WALDRON,Mercy Hospital Waldron
cc:8b1711d0-2536-44bd-98e2-ec239791dba3,PRISMA HEALTH GREENVILLE MEMORIAL HOSPITAL,Prisma Health Greenville Memorial Hospital
cc:8b19f16c-4e9b-4227-b8aa-423d59fd87ba,ENCOMPASS HEALTH REHABILITATION HOSPITAL OF THE MID-CITIES,Encompass Health Rehabilitation Hospital of the MID-Cities
cc:8b1ae764-4426-45fd-a42f-0986fa203170,CHILDRESS REGIONAL MEDICAL CENTER,Childress Regional Medical Center
cc:8b1f84e1-077e-4cbd-a9f4-73338e34d986,HARDTNER MEDICAL CENTER,Hardtner Medical Center
cc:8b21a844-a2ca-463c-b169-779d54ac8ebc,WEST KENDALL BAPTIST HOSPITAL,West Kendall Baptist Hospital
cc:8b29beb3-1bea-4879-badb-ea1650807b39,GRAND RIVER MEDICAL CENTER,Grand River Medical Center
cc:8b2b3d87-126a-49d4-a9c9-1d3df4c0dccd,WILLOWBROOKE AT TANNER VILLA RICA,Willowbrooke at Tanner Villa Rica
cc:8b37cf8e-0ec1-42a2-98ce-beb71bad862d,MID COAST MEDICAL CENTER BELLVILLE,Mid Coast Medical Center Bellville
cc:8b3c72db-dd6b-429a-a21a-d32d5b107c1f,VALLEY HEALTH WARREN MEMORIAL HOSPITAL,Valley Health Warren Memorial Hospital
cc:8b49e207-497d-48fc-b647-741b053250f7,NEWYORK-PRESBYTERIAN BROOKLYN METHODIST HOSPITAL,Newyork-Presbyterian Brooklyn Methodist Hospital
cc:8b51a6df-45fa-4a56-8857-0d0ee418e43d,NORTH STRAND ER,North Strand ER
cc:8b5e1828-b90f-4510-8046-2a3c59fba6a7,ASCENSION SETON MEDICAL CENTER WILLIAMSON,Ascension Seton Medical Center Williamson
cc:8b6c6f07-b98d-40dd-8bfc-3496634e23a9,HICKORY BEHAVIORAL HEALTH CENTER,Hickory Behavioral Health Center
cc:8b6c94db-5c08-4f12-887c-58cb00fcaf43,MCLAREN BAY REGION,McLaren Bay Region
cc:8b704617-7d28-4f1f-9e06-97aa34be88da,HOUSTON METHODIST CYPRESS HOSPITAL,Houston Methodist Cypress Hospital
cc:8b70c893-42cf-444a-8be3-11918e698124,WYTHE COUNTY COMMUNITY HOSPITAL,Wythe County Community Hospital
cc:8b82637d-3087-43a6-b20d-77688a3b5452,CHARLESTON SURGICAL HOSPITAL,Charleston Surgical Hospital
cc:8b909cb7-c936-44c8-8c6b-e0900ee11b78,BANNER GOLDFIELD MEDICAL CENTER,Banner Goldfield Medical Center
cc:8b97097f-b204-48a5-955a-9df09a24ca43,CORPUS CHRISTI MEDICAL CENTER NORTHWEST,Corpus Christi Medical Center Northwest
cc:8b97531f-c6f7-4b04-a0c3-bf863b973788,CYPRESS CREEK HOSPITAL,Cypress Creek Hospital
cc:8ba66142-0aa9-431b-85de-88cd7ee0ea7f,JACK HUGHSTON MEMORIAL HOSPITAL,Jack Hughston Memorial Hospital
cc:8bb0fc64-be9c-4e42-8017-668f4e20675a,CARILION ROCKBRIDGE COMMUNITY HOSPITAL,Carilion Rockbridge Community Hospital
cc:8bbf349b-620c-4a9d-8ca1-9d0d95c08e5b,SANFORD BAGLEY MEDICAL CENTER,Sanford Bagley Medical Center
cc:8bd1b037-8506-4143-9f66-e6cef96320ff,UPMC SOMERSET,UPMC Somerset
cc:8be093e5-3b5a-49e2-8d3b-fa0277ae31a4,CHA CAMBRIDGE HOSPITAL,CHA Cambridge Hospital
cc:8be32543-586f-4ac9-bb65-865021b88bff,KINGMAN HEALTHCARE CENTER,Kingman Healthcare Center
cc:8be9c8ea-37b9-4c72-b413-e41dba46c0d2,THE MEDICAL CENTER AT RUSSELLVILLE,The Medical Center at Russellville
cc:8bf43460-1ad5-4621-80e5-b3ebab3156e0,LONGLEAF HOSPITAL,Longleaf Hospital
cc:8bf9681d-cb7e-4d6e-99b9-de716a998035,ALLINA HEALTH FARIBAULT MEDICAL CENTER,Allina Health Faribault Medical Center
cc:8c04587e-9952-4b5c-9f07-1b6c35458ccf,DALLAS REGIONAL MEDICAL CENTER,Dallas Regional Medical Center
cc:8c0fe90d-41e7-4309-a9c7-79ac5b548179,ROPER ST. FRANCIS MOUNT PLEASANT HOSPITAL,Roper St. Francis Mount Pleasant Hospital
cc:8c13fd13-44f0-4571-afdc-8928a6fc3bac,WILSON MEDICAL CENTER,Wilson Medical Center
cc:8c19a1c8-07cc-49aa-bc47-f9a00e6400f6,NEW YORK PRESBYTERIAN HOSPITAL - ALLEN HOSPITAL,New York Presbyterian Hospital - Allen Hospital
cc:8c1b804e-1754-450e-8875-367bc95459a6,PROVIDENCE ST. JOHN'S HEALTH CENTER,Providence St. John's Health Center
cc:8c2053c9-5635-4bd7-bc8e-933f6bea7c47,CARIBOU MEDICAL CENTER,Caribou Medical Center
cc:8c2a88f0-d29b-42c8-8a95-d3874d597ae2,ATRIUM HEALTH MERCY,Atrium Health Mercy
cc:8c3a5127-2f6f-4b59-82f1-fa80a001c0ba,HILLCREST HOSPITAL PRYOR,Hillcrest Hospital Pryor
cc:8c4e1d61-705c-41b1-9ddc-a957886a81aa,LINCOLN HEALTH MAIN HOSPITAL,Lincoln Health Main Hospital
cc:8c4fb634-31b8-419e-bcf6-8ffba3c38849,ASCENSION SETON HIGHLAND LAKES,Ascension Seton Highland Lakes
cc:8c519070-1e42-43f5-a8e0-32ff7efb177d,CLAXTON-HEPBURN MEDICAL CENTER,Claxton-Hepburn Medical Center
cc:8c56b04b-802a-4457-aaa5-9f44c927bf09,INTERMOUNTAIN HEALTH ALTA VIEW HOSPITAL,Intermountain Health Alta View Hospital
cc:8c5a54de-29ff-4732-9b3a-a343a005ffa6,MEDSTAR HEALTH PHYSICAL THERAPY AT WAUGH CHAPEL,MedStar Health Physical Therapy at Waugh Chapel
cc:8c5b617b-63c3-47ec-a79f-08a257fd2b98,LOMA LINDA UNIVERSITY CHILDREN'S HOSPITAL,Loma Linda University Children's Hospital
cc:8c5c64e3-b38f-41f9-9a2a-45694f6dccf1,CHI ST. VINCENT SHERWOOD REHABILITATION HOSPITAL,CHI St. Vincent Sherwood Rehabilitation Hospital
cc:8c67e8ad-1bfb-4ccb-a0ac-d4ff5ec56994,MILLER COUNTY HOSPITAL,Miller County Hospital
cc:8c6a2e1f-0ab6-44e6-aaad-28cea8c682f9,ST. ROSE HOSPITAL,St. Rose Hospital
cc:8c6ad405-9384-40ec-bced-7a18ac115027,NORTON CLARK HOSPITAL,Norton Clark Hospital
cc:8c6b7aa9-6b44-48cd-9f15-94f16e193278,ZALE LIPSHY PAVILION - WILLIAM P. CLEMENTS JR. UNIVERSITY HOSPITAL,Zale Lipshy Pavilion - William P. Clements Jr. University Hospital
cc:8c720549-2391-4362-8167-0bebec9f9b3c,BAYLOR SCOTT & WHITE ORTHOPEDIC AND SPINE HOSPITAL ARLINGTON,Baylor Scott & White Orthopedic and Spine Hospital Arlington
cc:8c727308-263e-44b1-be3e-de38f2a37ea4,SHANNON MEDICAL CENTER ST JOHNS CAMPUS,Shannon Medical Center St. Johns Campus
cc:8c734e85-7139-4fa8-89e3-da9078b38edd,ENCOMPASS HEALTH REHABILITATION HOSPITAL OF ST. PETERSBURG,Encompass Health Rehabilitation Hospital of St. Petersburg
cc:8c871cd6-29d6-47bb-8e78-083dd236c9b8,LARNED STATE HOSPITAL,Larned State Hospital
cc:8c88d94e-3b1a-43fb-b9e0-09e8a9d14516,MARSHFIELD MEDICAL CENTER - MINOCQUA,Marshfield Medical Center - Minocqua
cc:8c92d825-d94a-424d-9252-6a1e6f1402b0,SEDGWICK COUNTY HEALTH CENTER,Sedgwick County Health Center
cc:8c97449d-be23-4cd0-ad65-4dad9634e391,VISTA DEL MAR HOSPITAL,Vista del Mar Hospital
cc:8c9766d3-1ce2-4b7d-8de3-611408ce4beb,CASS COUNTY MEMORIAL HOSPITAL,Cass County Memorial Hospital
cc:8ca4b337-59b7-42bc-b71e-6e5a75ad5260,JOHNSON CITY MEDICAL CENTER,Johnson City Medical Center
cc:8cbabfce-186e-4bc8-83e4-f95bab3b450e,ASCENSION SAINT THOMAS RUTHERFORD WESTLAWN,Ascension Saint Thomas Rutherford Westlawn
cc:8cd80ae3-a973-4026-a4f1-4e7ce8eb7fda,ALASKA REGIONAL HOSPITAL,Alaska Regional Hospital
cc:8cdcc59c-d6a1-4125-b660-11010df46283,MERCY HOSPITAL FORT SMITH,Mercy Hospital Fort Smith
cc:8cdd74cd-004b-44a0-9bf8-abda4c321e2f,LEHIGH VALLEY HOSPITAL-17TH ST,Lehigh Valley Hospital-17th St.
cc:8ce068a5-bf63-425a-8181-7908af47e19c,LAKEVIEW REGIONAL MEDICAL CENTER,Lakeview Regional Medical Center
cc:8ce1d1ae-56d5-413f-a5b1-cb6cc0df4f19,SENECA HEALTHCARE DISTRICT,Seneca Healthcare District
cc:8d0a1a1f-9f62-467b-b56d-f0aad6e7fc11,PERKINS COUNTY HEALTH SERVICES,Perkins County Health Services
cc:8d255335-6695-4dcf-8a29-cc57e0d93d35,HCA HOUSTON HEALTHCARE MEDICAL CENTER,HCA Houston Healthcare Medical Center
cc:8d397cba-7bfa-4848-9432-4b41df6e56cf,WEST PINES BEHAVIORAL HOSPITAL,West Pines Behavioral Hospital
cc:8d41cf28-db46-4155-91a7-b33918be2264,REHABILITATION HOSPITAL OF AUGUSTA,Rehabilitation Hospital of Augusta
cc:8d437cdb-66ea-4589-b8e5-1f5a1128964d,MEDSTAR HEALTH PHYSICAL THERAPY AT HOLLYWOOD,MedStar Health Physical Therapy at Hollywood
cc:8d4835e0-d6f5-4eee-a2d0-d6c7585ffc50,CONNECTICUT CHILDBIRTH & WOMEN'S CENTER,Connecticut Childbirth & Women's Center
cc:8d4c3fc3-1ecf-4268-b7ec-01c633d227b9,OROVILLE HOSPITAL,Oroville Hospital
cc:8d4ff561-8112-4b6a-befb-41a68a4a014d,UNION MEDICAL CENTER,Union Medical Center
cc:8d515fda-835a-4cd5-b867-d8ccd8b8ac85,ST. LUKE'S HOSPITAL ANDERSON CAMPUS,St. Luke's Hospital Anderson Campus
cc:8d56faf1-f3b7-4199-8985-0855ed007ec7,WEST HENDERSON HOSPITAL,West Henderson Hospital
cc:8d593899-cec8-40e8-97d3-95996f7ed7b5,MEDSTAR HEALTH PHYSICAL THERAPY AT LORTON,MedStar Health Physical Therapy at Lorton
cc:8d5d67ab-91a7-4ab4-8571-ff85dff6223a,SUBURBAN COMMUNITY HOSPITAL,Suburban Community Hospital
cc:8d5dc56b-9cf7-4b06-bbb5-00f2fcd97418,OWENSBORO HEALTH TWIN LAKES MEDICAL CENTER,Owensboro Health Twin Lakes Medical Center
cc:8d6369ca-97e2-426f-94ed-2ccb46dade00,ALLINA HEALTH SURGERY CENTER LAKEVILLE,Allina Health Surgery Center Lakeville
cc:8d650970-beb8-429c-a2de-2366357876e8,PIH HEALTH WHITTIER HOSPITAL,PIH Health Whittier Hospital
cc:8d687521-faac-4c4f-8467-e43334b4a31c,CLEVELAND CLINIC AKRON GENERAL,Cleveland Clinic Akron General
cc:8d6907c2-3a73-41e8-b220-5a3743eace2c,IREDELL MEMORIAL HOSPITAL,Iredell Memorial Hospital
cc:8d6eadc0-0e15-4a43-bb07-72ae8e652cb6,NORTHKEY COMMUNITY CARE,Northkey Community Care
cc:8d70ba1c-62a0-423a-b8c4-0ba1454de323,COASTAL BEHAVIORAL HEALTH,Coastal Behavioral Health
cc:8d83a660-8046-4764-9c8d-62bb0a3c7244,ST JOSEPH'S HOSPITAL - SAVANNAH,St. Joseph's Hospital - Savannah
cc:8d8419b5-faca-40e2-b940-e21ad616b1ac,ATRIUM HEALTH CABARRUS,Atrium Health Cabarrus
cc:8d8c4dc5-7d3e-409f-86cb-fe855de377a9,MULTICARE GOOD SAMARITAN HOSPITAL,MultiCare Good Samaritan Hospital
cc:8da0dfb0-ddf4-417a-ad8c-19d1760dd180,TANNER MEDICAL CENTER - CARROLLTON,Tanner Medical Center - Carrollton
cc:8db801c0-9869-4c41-b767-8da8a7af49a5,JACOBS MEDICAL CENTER AT UC SAN DIEGO HEALTH,Jacobs Medical Center at UC San Diego Health
cc:8dd11eb7-f31e-416a-aca1-674a544f954e,CONFLUENCE CENTRAL WASHINGTON HOSPITAL,Confluence Central Washington Hospital
cc:8dd62c7a-b6d2-4693-8da6-1a1894d7293a,CHI ST. JOSEPH HEALTH REHABILITATION HOSPITAL,CHI St. Joseph Health Rehabilitation Hospital
cc:8de1499d-62db-48a4-8483-a84a332e69a0,MISSION TRAIL BAPTIST HOSPITAL,Mission Trail Baptist Hospital
cc:8deb9d7b-f489-46d0-a121-f005d23a7ed5,FALL RIVER HOSPITAL,Fall River Hospital
cc:8dee6c36-1c1d-4366-b2a4-94c7a2dd528b,ADVENTIST HEALTH SONORA,Adventist Health Sonora
cc:8df41ee0-00cb-4f85-a232-77fe3e453467,LEE COUNTY COMMUNITY HOSPITAL,Lee County Community Hospital
cc:8df9e5c5-439a-4447-8006-d3fd1e8ec5d4,KAISER PERMANENTE ORANGE COUNTY - ANAHEIM MEDICAL CENTER,Kaiser Permanente Orange County - Anaheim Medical Center
cc:8e0ca27d-3d2f-4177-a2db-be528c89c238,LAKELAND COMMUNITY HOSPITAL,Lakeland Community Hospital
cc:8e27b327-5d4f-4550-91f2-bd5a5ffdfd73,ENCOMPASS HEALTH REHABILITATION HOSPITAL OF DAYTONA BEACH,Encompass Health Rehabilitation Hospital of Daytona Beach
cc:8e290324-15a3-4a32-b37b-f9bcc42d7d10,MEDICAL CITY PLANO,Medical City Plano
cc:8e343d15-afea-4eba-894c-0670f273c61e,LAKELAND BEHAVIORAL HEALTH SYSTEM,Lakeland Behavioral Health System
cc:8e3707b9-7391-452e-8378-7c7be81fece7,PINECREST REHABILITATION HOSPITAL,Pinecrest Rehabilitation Hospital
cc:8e3a397c-656a-4217-a530-d0672d497047,CARLE HEALTH PROCTOR HOSPITAL,Carle Health Proctor Hospital
cc:8e3c2ff3-da03-4bbc-95b5-cb99bae6f845,NATIONWIDE CHILDREN'S HOSPITAL - TOLEDO,Nationwide Children's Hospital - Toledo
cc:8e4818ef-a44c-44ba-a07b-8eb1e3b3f499,CENTRAL FLORIDA BEHAVIORAL HOSPITAL,Central Florida Behavioral Hospital
cc:8e4ee555-631d-41f3-ad42-d5c941a1ffb8,INTERMOUNTAIN HEALTH BEAR RIVER VALLEY HOSPITAL,Intermountain Health Bear River Valley Hospital
cc:8e55a2f3-88eb-405d-8f25-daa7496b5dc2,NORTHSHORE GLENBROOK HOSPITAL,Northshore Glenbrook Hospital
cc:8e58de17-ecd9-4be4-8e69-9f9e5efbbb1c,ONSLOW MEMORIAL HOSPITAL,Onslow Memorial Hospital
cc:8e594980-482b-47ea-8e72-1de7f2155a15,MENNONITE HOSPITAL OF CAGUAS,Mennonite Hospital of Caguas
cc:8e9e7778-a066-4b20-a48a-77a9873e44e0,RUSH SPECIALTY HOSPITAL CRITICAL ILLNESS RECOVERY,Rush Specialty Hospital Critical Illness Recovery
cc:8ea031ef-c221-4a5a-ab2f-a3150078fa25,KAISER PERMANENTE MODESTO MEDICAL CENTER,Kaiser Permanente Modesto Medical Center
cc:8eaec524-005f-43f7-8fe5-7526abe78b4c,KENSINGTON HOSPITAL,Kensington Hospital
cc:8ec98dfd-cbad-4207-b5f4-247a05d70559,CASTLEVIEW HOSPITAL,Castleview Hospital
cc:8ee51354-9b9c-4ab3-aad3-a9b41e6c047b,SPRINGHILL MEDICAL CENTER,Springhill Medical Center
cc:8ee65be1-3611-4559-90da-fbd9f2acc271,HCA FLORIDA ORANGE PARK HOSPITAL,HCA Florida Orange Park Hospital
cc:8eec546e-1ef6-4a2d-9ba9-27fe43fe1eb2,ERLANGER EAST HOSPITAL,Erlanger East Hospital
cc:8eed2b30-3f9d-43d5-bb92-9cf0cf5c1e0e,PORTER MEDICAL CENTER,Porter Medical Center
cc:8f0bda99-7a36-4bfe-a397-722148d5db19,STERLING REGIONAL MEDICAL CENTER,Sterling Regional Medical Center
cc:8f12f084-2e49-448c-9525-839451005d68,NORWOOD HEALTH CENTER,Norwood Health Center
cc:8f1504a4-0588-42c9-bb41-6a5a167f2721,ASCENSION SACRED HEART GULF,Ascension Sacred Heart Gulf
cc:8f2c1ee7-f7da-4712-ac30-31b1e526800a,RICELAND MEDICAL CENTER,Riceland Medical Center
cc:8f313b2b-4d90-423b-894e-6bf2158f8929,MEDSTAR MONTGOMERY MEDICAL CENTER,MedStar Montgomery Medical Center
cc:8f410851-8576-4b74-b8f4-d678abe9325c,MERCY HEALTH - URBANA HOSPITAL,Mercy Health - Urbana Hospital
cc:8f450e1b-362a-431b-97da-9ce5468b5b79,PAM HEALTH REHABILITATION HOSPITAL OF HOUSTON HEIGHTS,PAM Health Rehabilitation Hospital of Houston Heights
cc:8f46afb6-8d07-49bc-8af8-4ea29a794fc9,GUTHRIE CORNING HOSPITAL,Guthrie Corning Hospital
cc:8f4ca4d3-2ce8-4ea8-bca0-01a14bd830b2,WEST SUBURBAN MEDICAL CENTER,West Suburban Medical Center
cc:8f560727-34f3-46ee-a9fe-eed136be7387,BMC NORTH HOSPITAL,BMC North Hospital
cc:8f562585-cdd0-4909-ab71-6e93d9bd0532,CORYELL MEMORIAL HOSPITAL,Coryell Memorial Hospital
cc:8f61b693-2645-4ce1-a567-55fd7a901e5a,GOSHEN HOSPITAL,Goshen Hospital
cc:8f7b06a9-16b8-4d6e-8384-0a4bb05e044d,TRISTAR MT. JULIET ER,TriStar Mt. Juliet ER
cc:8f7e4874-b1e8-4de0-b506-71d970d65fd6,ELKVIEW GENERAL HOSPITAL,Elkview General Hospital
cc:8f83f3d5-73d2-4edd-b0af-b5871e8019d5,KINDRED HOSPITAL - GREENSBORO,Kindred Hospital - Greensboro
cc:8f9b87d2-7a26-4874-aeda-82e0dc74b5a6,BAPTIST HEALTH MEDICAL CENTER - ARKADELPHIA,Baptist Health Medical Center - Arkadelphia
cc:8fa8ec04-9f86-46c1-ade3-cebf8b58fdf9,THE MEDICAL CENTER OF SOUTHEAST TEXAS,The Medical Center of Southeast Texas
cc:8faeb48c-f43d-460b-862b-4c39234fb810,NORTHERN WESTCHESTER HOSPITAL,Northern Westchester Hospital
cc:8fcd0878-899d-4505-a7a8-37fa2ceec9ab,BROADLAWNS COMMUNITY CLINIC AT DRAKE,Broadlawns Community Clinic at Drake
cc:8fd5ea81-818f-4f34-8b90-d886df6d193d,UCONN JOHN DEMPSEY HOSPITAL,UConn John Dempsey Hospital
cc:8fe4d06d-f928-44ff-89fa-d204234e565a,ATRIUM HEALTH LEVINE CHILDREN'S BRENNER CHILDREN'S HOSPITAL,Atrium Health Levine Children's Brenner Children's Hospital
cc:8fed024f-1c0d-4343-a00a-4b8b4e5e71ba,SANTA BARBARA COTTAGE HOSPITAL,Santa Barbara Cottage Hospital
cc:8ff4f75a-4377-4b5f-830d-843ac8124dc9,SAMARITAN PACIFIC COMMUNITIES HOSPITAL,Samaritan Pacific Communities Hospital
cc:8ffa4cb9-ee64-4d54-b51b-80c3a6d69a59,PEACEHEALTH KETCHIKAN MEDICAL CENTER,Peacehealth Ketchikan Medical Center
cc:901103f7-722a-4b95-b59e-8793a5edf2bd,NORTH SHORE HEALTH,North Shore Health
cc:902a71e7-a273-43a6-8ce9-4c92695ede6d,SELECT SPECIALTY HOSPITAL MEMPHIS EAST,Select Specialty Hospital Memphis East
cc:902ab404-6528-49e2-a132-95aa7ca9614e,MEDICAL CITY LEWISVILLE,Medical City Lewisville
cc:902ac1ab-8ce4-408d-82a6-31397f335b86,ADVENTIST HEALTH HOWARD MEMORIAL HOSPITAL,Adventist Health Howard Memorial Hospital
cc:902b8f6a-40e4-462a-be28-61d9d4be05ac,PHILLIPS COUNTY HOSPITAL,Phillips County Hospital
cc:902d8645-75a4-4995-ba92-2f3c241d0a50,MSK RALPH LAUREN CENTER,Msk Ralph Lauren Center
cc:902e93fe-fab7-4174-86ec-b011cd80eb02,THEDACARE MEDICAL CENTER WAUPACA,Thedacare Medical Center Waupaca
cc:904351bd-a6b8-4ee5-a788-1c77c2e8702a,SELECT SPECIALTY HOSPITAL - WHEELING,Select Specialty Hospital - Wheeling
cc:90475d8d-e600-48cd-9a5d-2081c827052d,COMMUNITY CARE HOSPITAL,Community Care Hospital
cc:904cefe9-3ed1-4de9-a316-080da2575b4f,BOONE MEMORIAL HOSPITAL,Boone Memorial Hospital
cc:90596493-56bd-4998-b867-431f41cdde37,SHARP MEMORIAL HOSPITAL,Sharp Memorial Hospital
cc:9059bad3-655f-4b35-85e4-7eb37371cc6d,UNITYPOINT HEALTH TRINITY,UnityPoint Health Trinity
cc:905e955d-af38-4d50-a535-ac55ba4eabbe,MEADVILLE MEDICAL CENTER,Meadville Medical Center
cc:90667acf-4f89-4a0f-9285-1c88a85e4091,NORTH CAROLINA SPECIALTY HOSPITAL,North Carolina Specialty Hospital
cc:9067bc53-8a59-43cc-93e2-8810fbc361fa,MEDICAL CITY HEART HOSPITAL,Medical City Heart Hospital
cc:9067dad0-811f-40e1-a905-8378a3248b3a,KADLEC REGIONAL MEDICAL CENTER,Kadlec Regional Medical Center
cc:906de3d8-23b3-482a-94fb-4468bcead617,PENN HIGHLANDS HUNTINGDON,Penn Highlands Huntingdon
cc:90759291-108f-4997-ba16-07ef8267a94d,ST MARY'S MEDICAL CENTER,St. Mary's Medical Center
cc:9079966e-15ea-4d8f-82ef-0cef42396fc9,PAM HEALTH SPECIALTY HOSPITAL OF VICTORIA SOUTHEAST,PAM Health Specialty Hospital of Victoria Southeast
cc:90902097-1713-49c1-baef-8ffaf44c04bf,DONALSONVILLE HOSPITAL,Donalsonville Hospital
cc:9090519e-16cb-453b-9ec1-8b2ee3ce68a0,STEPHENS COUNTY HOSPITAL,Stephens County Hospital
cc:909117c4-0801-431a-acce-9c29ff4dcc7f,FISHER-TITUS MEDICAL CENTER,Fisher-Titus Medical Center
cc:909b9ada-c989-459b-9382-dd920e4170b9,NOR LEA DISTRICT HOSPITAL,Nor Lea District Hospital
cc:909bc12a-5065-40ba-a11b-670a41aa43fe,ADVENTIST HEALTH BAKERSFIELD,Adventist Health Bakersfield
cc:909cf6dc-9483-460c-9e56-e908f9ac480b,BAYSTATE NOBLE HOSPITAL,Baystate Noble Hospital
cc:90b774a0-9bd0-479e-853d-103b17b5f708,HCA FLORIDA LAKE MONROE HOSPITAL,HCA Florida Lake Monroe Hospital
cc:90c1e9c4-2633-465b-976c-656f535e4627,OSCEOLA MEDICAL CENTER,Osceola Medical Center
cc:90cca1b7-c213-4013-8144-8dd1d81d0321,EAST TENNESSEE BEHAVIORAL HEALTH,East Tennessee Behavioral Health
cc:90d19a1f-b1b9-492c-8b02-79209a3a73aa,NEW ENGLAND BAPTIST HOSPITAL,New England Baptist Hospital
cc:90d818fb-b411-4929-a25e-59b10674a5d0,OSF ST JOSEPH MEDICAL CENTER,OSF St. Joseph Medical Center
cc:90e1b687-7193-4198-927d-c63b7a314e58,LAS PALMAS MEDICAL CENTER,Las Palmas Medical Center
cc:90f3a489-8dbd-45bd-873b-ed3c54a06447,INSIGHT SURGICAL HOSPITAL,Insight Surgical Hospital
cc:911f9cb0-229d-4dae-aae0-02b145191d59,ALLEGHANY MEMORIAL HOSPITAL,Alleghany Memorial Hospital
cc:91354842-b277-4f23-91cc-bfa2bcd5b877,WRIGHT MEMORIAL HOSPITAL,Wright Memorial Hospital
cc:9146a1c5-60ac-463d-802d-ba576bde3cd1,BON SECOURS SOUTHERN VIRGINIA MEDICAL CENTER,Bon Secours Southern Virginia Medical Center
cc:914e9755-c611-456c-9071-6b9f95aa84c6,FALMOUTH HOSPITAL,Falmouth Hospital
cc:9151b521-54cf-4032-b5ca-38ffcb1f6340,MARSHALL MEDICAL CENTER,Marshall Medical Center
cc:91664c64-71b5-447e-9fae-21e9d320c1d1,COX NORTH HOSPITAL,Cox North Hospital
cc:9172760d-6afd-4ff0-94e0-617c52f3c0f4,BHC ALHAMBRA HOSPITAL,BHC Alhambra Hospital
cc:9173f1d4-6734-4e42-a04f-6474a013c3c3,CAROLINAS CONTINUECARE HOSPITAL AT PINEVILLE,Carolinas Continuecare Hospital at Pineville
cc:917c65d5-7187-4b82-9b93-a806ea46bd4b,DEQUINCY MEMORIAL HOSPITAL,Dequincy Memorial Hospital
cc:91879a1e-9a63-4536-ba07-089c5e5ba116,FRANKLIN COUNTY MEDICAL CENTER,Franklin County Medical Center
cc:918f67dc-51c4-4aec-b0ec-482d0729f329,ENCOMPASS HEALTH REHABILITATION HOSPITAL OF JACKSONVILLE,Encompass Health Rehabilitation Hospital of Jacksonville
cc:91aa817f-80b0-4438-b971-f7217dedd360,EAMC - LANIER,EAMC - Lanier
cc:91ab458f-018b-4c7a-ad23-c6ce8cfee53a,COPPER SPRINGS EAST,Copper Springs East
cc:91bd6f63-28b3-47e4-aae7-bb8916a7b34d,OVERLAND PARK REGIONAL MEDICAL CENTER,Overland Park Regional Medical Center
cc:91c36a54-90e3-45c1-8d60-b74148d01c91,LOMA LINDA UNIVERSITY MEDICAL CENTER,Loma Linda University Medical Center
cc:91cf7ac8-8144-4976-a9a6-457be40fceae,HCA HOUSTON NORTH CYPRESS,HCA Houston North Cypress
cc:91d3fc63-50e5-4b1f-ba9e-c45a47adc95a,SOUTHEAST BEHAVIORAL HOSPITAL,Southeast Behavioral Hospital
cc:91df3aad-730a-4f64-b356-3f2662f0a79f,ST. MARY'S HEALTHCARE,St. Mary's Healthcare
cc:91e1fe87-fa3e-427d-8b28-8140a8e7f6a0,ENCOMPASS HEALTH REHABILITATION HOSPITAL OF TOMS RIVER,Encompass Health Rehabilitation Hospital of Toms River
cc:91f29dab-c75f-4d5b-aa4d-67dd661a708d,BAPTIST MEDICAL CENTER EAST - MONTGOMERY CARDIOVASCULAR,Baptist Medical Center East - Montgomery Cardiovascular
cc:91f43c62-be25-48a4-b052-ed6bd8d5e20d,ADVENTIST HEALTH ST HELENA HOSPITAL,Adventist Health St. Helena Hospital
cc:91f55828-1777-41c2-8fa5-0bb69b750a64,UM HEALTH-SPARROW CARSON,UM Health-Sparrow Carson
cc:922219db-dbe2-4a2f-b501-201c17959aab,NATCHITOCHES REGIONAL MEDICAL CENTER,Natchitoches Regional Medical Center
cc:9222a4d2-add2-40ef-868c-c51d26f59fe4,VALLEY VIEW SURGERY CENTER AT BASALT,Valley View Surgery Center at Basalt
cc:922c3e34-98a9-47f8-a0ac-091ac695234f,FRANCISCAN HEALTH MICHIGAN CITY LA PORTE,Franciscan Health Michigan City la Porte
cc:923c0e7e-d682-4d09-ac03-175393cc5191,CAROLINA CENTER FOR BEHAVIORAL HEALTH,Carolina Center for Behavioral Health
cc:924219e3-b405-4727-870b-442cf53eecd3,ADVENTIST HEALTH LODI MEMORIAL HOSPITAL,Adventist Health Lodi Memorial Hospital
cc:9248a44e-3be5-482e-b491-a58a10a5d962,MAINEGENERAL MEDICAL CENTER,Mainegeneral Medical Center
cc:9250357f-9ac2-4e52-a13f-fe02785ef162,BAPTIST HEALTH EXTENDED CARE HOSPITAL - LITTLE ROCK,Baptist Health Extended Care Hospital - Little Rock
cc:9256a840-e331-4b7e-88d9-f64497d636dd,BAYLOR SCOTT & WHITE CONTINUING CARE HOSPITAL,Baylor Scott & White Continuing Care Hospital
cc:925c8366-71c5-44a4-bce8-7afb1e8f3a9a,APPLING HEALTHCARE SYSTEM,Appling Healthcare System
cc:9263fe62-6459-4724-8a2e-5031b8e96772,UPMC NORTHWEST - SENECA,UPMC Northwest - Seneca
cc:9272013e-c4e6-4b41-bea1-c48e16e8cb59,MERCY HEALTH KINGS MILLS HOSPITAL,Mercy Health Kings Mills Hospital
cc:927371eb-3926-442f-bcc2-eda8947c18e2,MAPLE HEIGHTS BEHAVIORAL HEALTH,Maple Heights Behavioral Health
cc:927ddbd3-1b09-4a56-82b1-b0c0df83665a,FITZGIBBON HOSPITAL,Fitzgibbon Hospital
cc:928811ac-dea2-41d5-801d-66b24fbe0b7a,ROSEBUD HEALTH CARE CENTER HOSPITAL,Rosebud Health Care Center Hospital
cc:92895437-6fc3-4e87-8175-8ca5496e1db8,ASSURANCE HEALTH CINCINNATI,Assurance Health Cincinnati
cc:9296c2d1-be5f-4c83-bf3f-7d262f060b04,NOVANT HEALTH THOMASVILLE MEDICAL CENTER,Novant Health Thomasville Medical Center
cc:92acb62c-dd81-4a67-acf5-9e037243ecb2,SCA HEALTH WESTHEALTH SURGERY CENTER,SCA Health Westhealth Surgery Center
cc:92b7a0c4-d690-4f90-800e-c982d58fe178,WEKIVA SPRINGS,Wekiva Springs
cc:92ba9416-dde0-4711-a97e-d24827e72d68,CAPE FEAR VALLEY HIGHSMITH-RAINEY SPECIALTY HOSPITAL,Cape Fear Valley Highsmith-Rainey Specialty Hospital
cc:92c2a883-598a-4c07-b411-f5138e4c6b74,AVALA HOSPITAL,Avala Hospital
cc:92d819bb-36f5-418e-a909-95fbea963541,COVENANT HEALTH EMERGENCY CENTER - QUAKER AVE,Covenant Health Emergency Center - Quaker Ave
cc:92dee477-2fc5-400a-b283-f7d3c353546c,SAINT MARYS REGIONAL MEDICAL CENTER,Saint Marys Regional Medical Center
cc:92e2a96c-2220-446a-a776-c9bcd3b3188f,JEFFERSON METHODIST HOSPITAL,Jefferson Methodist Hospital
cc:92e5ee2f-6e09-45de-9e3a-e2361649a071,THE UNIVERSITY OF CHICAGO MEDICAL CENTER,The University of Chicago Medical Center
cc:92e8e71e-4350-4c96-880a-e15dadde614d,UNITY HEALTH - NEWPORT,Unity Health - Newport
cc:92f2539e-d2ca-4133-8302-fb0d8bec40cf,WESTERN PEAKS SPECIALTY HOSPITAL,Western Peaks Specialty Hospital
cc:9305d041-22d5-4104-8b5f-42e541c1aa3c,NEMAHA VALLEY COMMUNITY HOSPITAL,Nemaha Valley Community Hospital
cc:9311e913-39b5-4c97-a204-34adeafcdca3,CEDAR SPRINGS BEHAVIORAL HEALTH SYSTEM,Cedar Springs Behavioral Health System
cc:93131da5-bd04-4ea0-ad67-9a33755cd282,BSA HARRINGTON CANCER CENTER,BSA Harrington Cancer Center
cc:931e0477-4c34-4353-a051-771cdaaf4b0b,WEST ASCENSION PARISH HOSPITAL,West Ascension Parish Hospital
cc:932306b8-2cec-4391-95f3-4c0900481c1c,ST. LUKE'S LEHIGHTON CAMPUS,St. Luke's Lehighton Campus
cc:9325c723-3b38-42c0-a2fd-5548615dc84b,IOWA SPECIALTY HOSPITAL-CLARION,Iowa Specialty Hospital-Clarion
cc:933b1a22-5bab-4d27-8df8-142b4bbba458,ADVENTHEALTH NORTH PINELLAS,AdventHealth North Pinellas
cc:9342529a-cb48-4c2e-ac62-b33cd6f62a86,ADVENTIST REHABILITATION HOSPITAL,Adventist Rehabilitation Hospital
cc:934f1063-8c75-467f-944c-b1ca1b5d28c1,KERN MEDICAL CENTER,Kern Medical Center
cc:93625761-b741-4c06-8e87-f08a911e53b1,CHRISTUS OCHSNER ST PATRICK HOSPITAL,CHRISTUS Ochsner St. Patrick Hospital
cc:936d0339-b33a-4b8b-9d30-fb47a50d0a7f,HCA FLORIDA NORTH FLORIDA HOSPITAL,HCA Florida North Florida Hospital
cc:93777e5b-be4a-4752-9bf1-135a1abdcf2c,PENN STATE HEALTH CHILDREN'S HOSPITAL,Penn State Health Children's Hospital
cc:937cfa35-7e19-4557-92a3-1d602ba67671,CENTRO DE SALUD INTEGRAL DE OROCOVIS,Centro de Salud Integral de Orocovis
cc:938cc1cb-c09a-48d6-84cf-b03786beaa97,GARNER BEHAVIORAL HOSPITAL,Garner Behavioral Hospital
cc:9391d94f-89cd-49a6-8f18-d6a712eb6cb0,TRINITY MEDICAL CENTER WEST,Trinity Medical Center West
cc:9393ce01-58c3-4a6b-8662-9212649ffe06,EPHRAIM MCDOWELL JAMES B. HAGGIN HOSPITAL,Ephraim McDowell James B. Haggin Hospital
cc:93a5f1df-f50a-47b4-b896-405ce29114f1,SAN JUAN CITY HOSPITAL,San Juan City Hospital
cc:93abf799-ab9d-4ad2-bf01-bb053e94e8ee,OCEAN UNIVERSITY MEDICAL CENTER JOHNSON REHABILITATION INSTITUTE,Ocean University Medical Center Johnson Rehabilitation Institute
cc:93c04b1a-bf08-41e6-a82a-7bbeb4a3e2c6,LEGACY SILVERTON HOSPITAL,Legacy Silverton Hospital
cc:93ce674f-5c25-4033-ab00-6b8026b54791,FRANCISCAN HEALTH MUNSTER,Franciscan Health Munster
cc:93d3e47f-7fd0-4aa7-a539-e4d5768acf80,SHRINERS HOSPITALS FOR CHILDREN NORTHERN CALIF.,Shriners Hospitals for Children Northern Calif.
cc:93d8d111-b513-43b0-aaa8-74b28de01a35,HAZEL HAWKINS MEMORIAL HOSPITAL,Hazel Hawkins Memorial Hospital
cc:93ea2808-57b2-44ee-95df-51ebd0c056d8,KPC PROMISE HOSPITAL OF OVERLAND PARK,KPC Promise Hospital of Overland Park
cc:93f59134-698b-482b-a7dc-bfbf1d2877a0,CASTRO COUNTY HOSPITAL DISTRICT,Castro County Hospital District
cc:93fcf592-7dcb-4173-823b-84cb499cc02b,INTERMOUNTAIN HEALTH INTERMOUNTAIN MEDICAL CENTER,Intermountain Health Intermountain Medical Center
cc:93feaf90-0ec5-43f6-a832-3eac625a0748,UNM ADULT PSYCHIATRIC CENTER,UNM Adult Psychiatric Center
cc:940cdc8c-78e6-4574-9bff-8bf5791389a1,ADENA GREENFIELD MEDICAL CENTER,Adena Greenfield Medical Center
cc:943128b4-bb28-4c8c-84de-f6e595dbd101,ENCOMPASS HEALTH REHABILITATION HOSPITAL OF ALEXANDRIA,Encompass Health Rehabilitation Hospital of Alexandria
cc:9436caec-ad07-4370-a5f5-c300d1ba73e2,MERCYONE ELKADER MEDICAL CENTER,Mercyone Elkader Medical Center
cc:943749e6-0f66-4d11-b4a4-cf4ad6452b80,JEFFERSON HOSPITAL,Jefferson Hospital
cc:943803e9-886d-40bb-9fcd-b7945c5e75ff,THE HOSPITALS OF PROVIDENCE MEMORIAL CAMPUS,The Hospitals of Providence Memorial Campus
cc:9438ef31-6fe7-4567-9525-7c40840bd482,ANMED HEALTH NORTH CAMPUS,AnMed Health North Campus
cc:943d7563-4b0b-49c1-9d68-e72a26acd591,NORTHLAKE BEHAVIORAL HEALTH SYSTEM,Northlake Behavioral Health System
cc:944b4faf-48d7-439a-8abc-e8cb1e572b9c,ENCOMPASS HEALTH REHABILITATION HOSPITAL OF WICHITA FALLS,Encompass Health Rehabilitation Hospital of Wichita Falls
cc:945d9c80-e166-46e0-8d92-b31db5c71ade,KLICKITAT VALLEY HEALTH,Klickitat Valley Health
cc:9461a5b0-7193-4219-bc91-06f11c5c145d,NORTHWESTERN MEDICAL CENTER,Northwestern Medical Center
cc:946723a9-3f76-4ad1-8db7-566d0da43370,SELECT REHABILITATION HOSPITAL OF DENTON,Select Rehabilitation Hospital of Denton
cc:9472c012-3f68-44be-86f4-991fa86cab8f,GRAND STRAND REGIONAL MEDICAL CENTER,Grand Strand Regional Medical Center
cc:947ae0ea-ae5e-4730-9466-6772d7bfe9c5,EDWARD HOSPITAL,Edward Hospital
cc:948646e7-2fff-4902-9a03-5f75901c1095,ASPIRUS WAUSAU HOSPITAL,Aspirus Wausau Hospital
cc:948a6b99-4d25-456f-859b-e9d8d9ba056a,DEACONESS CROSS POINTE,Deaconess Cross Pointe
cc:949199cc-5121-407f-9d01-be87a55af79c,HCA HOUSTON HEALTHCARE WEST,HCA Houston Healthcare West
cc:9493ba53-284b-4ca4-8bd8-66881fce39e4,UNIVERSITY OF MARYLAND SHORE MEDICAL CTR AT CHESTERTOWN,University of Maryland Shore Medical Center at Chestertown
cc:9498d599-ec04-4255-a9a0-c25d40b468c3,MONUMENT HEALTH BEHAVIORAL HEALTH CENTER,Monument Health Behavioral Health Center
cc:949d4cfc-ba55-44c0-95b4-00f69b5185ec,CLARINDA REGIONAL HEALTH CENTER,Clarinda Regional Health Center
cc:94a4927c-b8a1-4820-8397-32fb2481f1c7,HARRISON COUNTY HOSPITAL,Harrison County Hospital
cc:94ad2078-bc69-4938-8488-b1a0b339c945,EVANSVILLE PSYCHIATRIC CHILDREN'S CENTER,Evansville Psychiatric Children's Center
cc:94b254b0-3fb4-4495-9443-2c631c5d4617,COMMUNITY REHABILITATION HOSPITAL SOUTH,Community Rehabilitation Hospital South
cc:94b67358-a63f-4afd-be6d-f43c8f4a54c2,WOMAN'S HOSPITAL,Woman's Hospital
cc:94c6071f-9ace-4b94-bf56-39d1c11af3c2,SOUTHERN OCEAN COUNTY HOSPITAL,Southern Ocean County Hospital
cc:94c77dca-6ec7-47c0-9fd1-0a7cde2ef1a6,SENTARA WILLIAMSBURG REGIONAL MEDICAL CENTER,Sentara Williamsburg Regional Medical Center
cc:94cc03f8-04f5-4c94-b34b-010d56288ed4,ATRIUM HEALTH NAVICENT BALDWIN,Atrium Health Navicent Baldwin
cc:94cf8b40-3b7d-4da3-ae29-066c84c86e44,DODGE COUNTY HOSPITAL,Dodge County Hospital
cc:94d24095-6abf-42a5-a6b5-aca7c2a9c6ae,TIOGA MEDICAL CENTER,Tioga Medical Center
cc:94d7e32e-8d1c-465d-9397-008f72045cae,PROMEDICA TOLEDO HOSPITAL,ProMedica Toledo Hospital
cc:94db303c-a3cd-435d-aa0d-76afd92023e4,CHINESE HOSPITAL,Chinese Hospital
cc:94dc73ae-fb46-443a-95bc-eedd80eba006,CAPITAL HEALTH - HAMILTON,Capital Health - Hamilton
cc:94eaf3bf-41a9-4b97-b34e-0316fa35db56,NORTHWEST MEDICAL CENTER SAHUARITA,Northwest Medical Center Sahuarita
cc:94eb1d03-8027-47bd-bdbe-ad9d9dbbff0d,MARLETTE REGIONAL HOSPITAL,Marlette Regional Hospital
cc:94f4afbb-9e58-45d5-9118-70fef1e00810,MUNISING MEMORIAL HOSPITAL,Munising Memorial Hospital
cc:94feef9e-21da-4712-bbd3-3b73a40c8295,ATRIUM MEDICAL CENTER,Atrium Medical Center
cc:9505e899-b511-4f4f-963a-ff0535de6529,MENTAL HEALTH SERVICES FOR CLARK AND MADISON COS,Mental Health Services for Clark and Madison Cos
cc:95080cff-0c77-4aa7-8909-2d40a8dd511e,OLYMPIC MEDICAL CENTER,Olympic Medical Center
cc:950d5399-d2b7-4e06-9464-85190b8b24b3,MOSAIC MEDICAL CENTER ALBANY,Mosaic Medical Center Albany
cc:950d9f94-8401-4e53-baad-75886d30b6b2,BURNETT MEDICAL CENTER,Burnett Medical Center
cc:9527e0f4-313c-4185-bec6-173c15ec77c4,ASCENSION SACRED HEART EMERALD COAST,Ascension Sacred Heart Emerald Coast
cc:953b7c6f-5547-42ec-9f83-3105a8fd7856,THREE RIVERS BEHAVIORAL HEALTH,Three Rivers Behavioral Health
cc:95400c95-3b8b-4e79-8c55-ed2720c75d34,DMC HURON VALLEY-SINAI HOSPITAL,DMC Huron Valley-Sinai Hospital
cc:9541e8f6-6bce-460b-9b9f-895af7c9172e,MCDOWELL ARH HOSPITAL,McDowell ARH Hospital
cc:9542946b-c0ec-4b6d-9b49-4cc706af8a6d,ROSELAND COMMUNITY HOSPITAL,Roseland Community Hospital
cc:9547c77b-d745-41f9-9134-f49169dc0771,JACKSON HOSPITAL,Jackson Hospital
cc:954f089e-0804-427e-8edc-16a12c91541c,HSHS ST. MARY'S HOSPITAL,HSHS St. Mary's Hospital
cc:9550c4a1-0dad-4da3-8c17-32ab5617916f,CHILDRENS HOSPITAL OF PHILADELPHIA,Childrens Hospital of Philadelphia
cc:9551ddc8-4889-4dc9-a83e-3a39671819bd,SWEDISH MEDICAL CENTER - BALLARD CAMPUS,Swedish Medical Center - Ballard Campus
cc:9559e297-36de-4645-a859-91ba5dbcb680,ODESSA REGIONAL MEDICAL CENTER,Odessa Regional Medical Center
cc:9575eb15-9833-4031-98a9-8a3eb87cdc3f,MISHAWAKA MEDICAL CENTER,Mishawaka Medical Center
cc:957d2270-b879-4189-9913-6c725b0430a6,OCHSNER SPECIALTY HOSPITAL,Ochsner Specialty Hospital
cc:958137e6-2990-42ad-8c04-095e4870482b,NEW YORK PRESBYTERIAN QUEENS,New York Presbyterian Queens
cc:95880234-6da2-4b47-a24a-a8e2d8c7a8f0,ADVENTHEALTH OCALA,AdventHealth Ocala
cc:95988cac-356f-4f98-87ac-c6c697c57edc,KAISER PERMANENTE MOANALUA MEDICAL CENTER,Kaiser Permanente Moanalua Medical Center
cc:9599236b-5591-4fde-b604-f2ddfdf3498f,GOOD SAMARITAN HOSPITAL-BAKERSFIELD,Good Samaritan Hospital-Bakersfield
cc:95a154b7-a5a6-4cf9-8de2-b37739a75922,HERITAGE VALLEY SEWICKLEY,Heritage Valley Sewickley
cc:95abae0e-ad4a-4c6b-9970-9056b461ec0e,SENECA REHABILITATION HOSPITAL,Seneca Rehabilitation Hospital
cc:95ac5be3-3fea-465d-85a0-63f538765457,TRISTAR SOUTHERN HILLS MEDICAL CENTER,TriStar Southern Hills Medical Center
cc:95b31a14-66c2-4179-8369-5f95e262d6db,THEDACARE REGIONAL MEDICAL CENTER NEENAH,Thedacare Regional Medical Center Neenah
cc:95b40545-881a-46ae-90c1-655aa23ecd0c,DIGNITY HEALTH REHABILITATION HOSPITAL,Dignity Health Rehabilitation Hospital
cc:95b7d40f-71a3-40a4-aa17-e2fdf5dc97c1,WEISMAN CHILDRENS REHABILITATION HOSPITAL,Weisman Childrens Rehabilitation Hospital
cc:95c6dd03-fed8-4bd8-8132-82fc659baff6,CAPE FEAR VALLEY MEDICAL CENTER,Cape Fear Valley Medical Center
cc:95d51f91-0e7b-48f0-a229-efe876443c19,GROVE CREEK MEDICAL CENTER,Grove Creek Medical Center
cc:95dc49bb-663f-47fb-b343-88d9df1ed57f,PARADISE VALLEY HOSPITAL,Paradise Valley Hospital
cc:95e518d3-028c-4450-a93d-5de74697fc7a,MARSHFIELD MEDICAL CENTER - MARSHFIELD,Marshfield Medical Center - Marshfield
cc:95ef3af3-906f-4c54-b0cb-0d3dea614193,INCLINE VILLAGE COMMUNITY HOSPITAL,Incline Village Community Hospital
cc:960aa8f8-03f6-42ae-b1db-6aa8d0a8295d,MUNSON HEALTHCARE GRAYLING,Munson Healthcare Grayling
cc:960dcd8b-6af4-41cf-b719-f1ff489d79dc,ATRIUM HEALTH CAROLINAS MEDICAL CENTER,Atrium Health Carolinas Medical Center
cc:9619fbdd-b4a0-4edb-9889-be175243705e,ANSON FAMILY WELLNESS CLINIC,Anson Family Wellness Clinic
cc:961e9c7b-9ebb-425c-871f-a5e9141ef499,MEMORIAL SLOAN KETTERING CANCER CENTER NASSAU,Memorial Sloan Kettering Cancer Center Nassau
cc:96281e7c-46bd-4582-8e6d-12b671dfe2a1,FAIRFAX BEHAVIORAL HEALTH KIRKLAND,Fairfax Behavioral Health Kirkland
cc:963cc240-a93c-4feb-9d13-1dfb4e9ba384,ASPIRUS ST LUKES HOSPITAL,Aspirus St. Lukes Hospital
cc:9640dd33-53df-49d0-8f81-cea2c22c1524,LUCILE PACKARD CHILDREN'S HOSPITAL STANFORD,Lucile Packard Children's Hospital Stanford
cc:9641cb62-86bb-446b-b175-73279e010adb,HCA FLORIDA WEST HOSPITAL,HCA Florida West Hospital
cc:9645164f-7d06-406d-b871-1eeee73fb510,CORPUS CHRISTI MEDICAL CENTER ER 24/7 PORTLAND,Corpus Christi Medical Center ER 24/7 Portland
cc:96568855-3529-4265-aeab-a9abeefcbc38,GIFFORD MEDICAL CENTER,Gifford Medical Center
cc:965bfcd4-3a80-49bf-8a7c-2cd9228078c6,PEMBROKE HOSPITAL,Pembroke Hospital
cc:9663038c-d30e-40a3-90ac-0a61b0aefffe,SENTARA LAKE RIDGE,Sentara Lake Ridge
cc:966ecdc3-c30c-47e0-bc06-baca46a8f160,ASHLEY COUNTY MEDICAL CENTER,Ashley County Medical Center
cc:96771208-db10-4cf1-8779-6bae66e73e36,ASCENSION ST. VINCENT HOSPITAL - INDIANAPOLIS,Ascension St. Vincent Hospital - Indianapolis
cc:96808fb1-478e-443c-9c1e-a98ba7e6d838,AULTMAN ALLIANCE COMMUNITY HOSPITAL,Aultman Alliance Community Hospital
cc:968967a2-1274-412a-b3a2-63fd92d4434c,SHRINERS CHILDREN'S PHILADELPHIA,Shriners Children's Philadelphia
cc:9696b108-7704-4fbc-993b-0165725b280f,NOVANT HEALTH BRUNSWICK MEDICAL CENTER,Novant Health Brunswick Medical Center
cc:96987f8f-b192-4c8b-98e1-65e06ccdb5c8,THE PAVILION BEHAVIORAL HEALTH SYSTEM,The Pavilion Behavioral Health System
cc:969cdcd2-ffae-4c65-bb1f-f0d2252f73db,EFFINGHAM HEALTH SYSTEM,Effingham Health System
cc:969eb448-046f-4bca-b5a7-b6e8142dfd7e,ADVENTHEALTH ORLANDO,AdventHealth Orlando
cc:96aac77a-3d6a-4d00-81c9-6eb824a6e3dc,GLENWOOD SURGICAL SERVICES,Glenwood Surgical Services
cc:96ac3383-e9c2-45d2-9dff-521568cacf8d,LEAHI HOSPITAL,Leahi Hospital
cc:96af3345-b6a3-4d49-8921-95d699c6301a,EATING RECOVERY CENTER DENVER - FRANKLIN ST,Eating Recovery Center Denver - Franklin St.
cc:96b20780-a281-4068-9152-90fa25f3ed99,FULTON COUNTY MEDICAL CENTER,Fulton County Medical Center
cc:96b5a3be-b231-4600-b520-8ee5f1a6620c,OKEENE MUNICIPAL HOSPITAL,Okeene Municipal Hospital
cc:96bf1a15-3eec-49fa-b0d8-618f1c81409c,OAKBEND FANNIN SURGICAL HOSPITAL,Oakbend Fannin Surgical Hospital
cc:96c92c1c-d013-49bc-8038-da8462617dc4,LONGVIEW REGIONAL MEDICAL CENTER,Longview Regional Medical Center
cc:96cb6a7d-65b1-4f41-81c7-eaebd177d9f2,COTTAGE REHABILITATION HOSPITAL,Cottage Rehabilitation Hospital
cc:96cdfa8b-e889-4a17-9452-5f55109c591a,CARDIOVASCULAR CENTER OF PUERTO RICO AND THE CARIBBEAN,Cardiovascular Center of Puerto Rico and the Caribbean
cc:96d72af6-862d-48db-a739-ec8900148e72,INDIANA UNIVERSITY HEALTH TIPTON HOSPITAL,Indiana University Health Tipton Hospital
cc:96e0037e-b054-4d51-8f03-245df1eb089c,ARH OUR LADY OF THE WAY,ARH Our Lady of the Way
cc:970f6e42-0c8c-4145-b31e-f70fd6f598bc,EMORY JOHNS CREEK HOSPITAL,Emory Johns Creek Hospital
cc:97203347-9f7a-4554-9085-7095c0eaeb61,DMC DETROIT RECEIVING HOSPITAL,DMC Detroit Receiving Hospital
cc:9722514f-19e8-416f-9cbf-d4ac75d7120c,ENCOMPASS HEALTH REHABILITATION HOSPITAL OF CYPRESS,Encompass Health Rehabilitation Hospital of Cypress
cc:9726582e-89d4-459d-991d-8ac1e8333410,MEDSTAR HEALTH PHYSICAL THERAPY AT ANNAPOLIS,MedStar Health Physical Therapy at Annapolis
cc:972c9724-7d4e-4430-bb15-63960e55494d,UT HEALTH HENDERSON,UT Health Henderson
cc:972cf962-bdc8-4b77-82d3-e1a8d4378913,PROVIDENCE VALDEZ MEDICAL CENTER,Providence Valdez Medical Center
cc:972d8b14-1984-433e-a6e1-39dda557009b,CARTHAGE AREA HOSPITAL,Carthage Area Hospital
cc:972ea621-ba63-4f8e-815a-447d6e32a67f,AMG SPECIALTY HOSPITAL OKLAHOMA CITY,AMG Specialty Hospital Oklahoma City
cc:972f681e-8a92-4ddc-bb65-66f7d8999c8e,ADVANCED CARE HOSPITAL OF WHITE COUNTY,Advanced Care Hospital of White County
cc:97310e9f-6d09-4fd6-89f7-bddba6260aae,BANNER REHABILITATION HOSPITAL EAST,Banner Rehabilitation Hospital East
cc:973cddc1-255c-44b9-bd70-e9600973c02d,OCHSNER EXTENDED CARE HOSPITAL OF KENNER,Ochsner Extended Care Hospital of Kenner
cc:973d7961-5d9e-4b1f-9341-85f261228693,COMMUNITY MEMORIAL HOSPITAL,Community Memorial Hospital
cc:97476f2f-af44-4510-b4d4-0a4dbd83c8e9,GRITMAN MEDICAL CENTER,Gritman Medical Center
cc:97553450-91b2-4a6b-a2e6-c3ef54c5273d,BAYHEALTH HOSPITAL KENT CAMPUS,Bayhealth Hospital Kent Campus
cc:977a00e7-2005-4604-93eb-55e5169425dd,LOWELL GENERAL HOSPITAL,Lowell General Hospital
cc:977f3d3a-dc88-405d-8969-e1bd19c8094c,HCA FLORIDA OAK HILL HOSPITAL,HCA Florida Oak Hill Hospital
cc:979f28c3-f504-4c1b-92b7-5fdbe39df4f3,GREEN BAY ER & HOSPITAL,Green Bay ER & Hospital
cc:97a81a6e-d968-4a55-aa4a-d35b2f7f3e13,MEMORIAL SLOAN KETTERING CANCER CENTER,Memorial Sloan Kettering Cancer Center
cc:97a86839-6eb4-4fb9-8c19-863cddf8aaac,BATON ROUGE REHABILITATION HOSPITAL,Baton Rouge Rehabilitation Hospital
cc:97be9389-94b6-4ad2-b595-55fc71dd5ece,KINDRED HOSPITAL ST LOUIS SOUTH,Kindred Hospital St. Louis South
cc:97c058a2-3e8f-4f78-b38f-2572343a81ae,SPRINGHILL MEDICAL CENTER,Springhill Medical Center
cc:97c089a6-e5af-4065-baec-ac0f64e79d81,SHERIDAN MEMORIAL HOSPITAL,Sheridan Memorial Hospital
cc:97c48041-0074-41ca-9ae6-6bea6ec1b528,EDGEWOOD SURGICAL HOSPITAL,Edgewood Surgical Hospital
cc:97d1b5bf-74be-4f89-8b49-f8d9349450ce,AMG SPECIALTY HOSPITAL CLEAR LAKE,AMG Specialty Hospital Clear Lake
cc:97d3b2a4-b2ba-4967-be16-0dafbe6c650b,UC SAN DIEGO MEDICAL CENTER,UC San Diego Medical Center
cc:97dc815c-74d0-4080-adf7-569c993f0bd7,FISHERMEN'S COMMUNITY HOSPITAL,Fishermen's Community Hospital
cc:97e13e0e-71a2-4939-8547-d1048cf3bed2,ENCOMPASS HEALTH REHABILITATION HOSPITAL OF CENTRAL FLORIDA - SUMTER COUNTY,Encompass Health Rehabilitation Hospital of Central Florida - Sumter County
cc:97e51fb2-cfaf-4034-bc61-e42559930057,ADVENTHEALTH TAMPA,AdventHealth Tampa
cc:97eb2a35-af76-4f12-9b5a-cf1dfebd9559,SENTARA MARTHA JEFFERSON OUTPATIENT CARE CENTER AT PROFFIT ROAD,Sentara Martha Jefferson Outpatient Care Center at Proffit Road
cc:97f6f274-316d-4929-ae8d-76b0928d03ea,OAKLEAF SURGICAL HOSPITAL,Oakleaf Surgical Hospital
cc:97fed6a8-6d14-47d1-8901-b7777c64c477,CAPITAL HEALTH REGIONAL MEDICAL CENTER,Capital Health Regional Medical Center
cc:9811c27f-4e72-49f0-a150-54424c0ef983,AVERA WESKOTA MEMORIAL MEDICAL CENTER,Avera Weskota Memorial Medical Center
cc:98128fcd-c19f-41e4-ab8b-a3fa1da4385d,TUCSON ER & HOSPITAL,Tucson ER & Hospital
cc:98195f9e-85b8-4d95-b5cb-ef6009d3f36c,BON SECOURS ST FRANCIS DOWNTOWN,Bon Secours St. Francis Downtown
cc:981cd550-f5d1-43a6-8e0a-99ef2569a72e,DIGNITY HEALTH ST. ROSE DOMINICAN SAN MARTIN CAMPUS,Dignity Health St. Rose Dominican San Martin Campus
cc:9826c6ab-2576-4dad-9f22-e8dab5b0bddd,HEBREW REHABILITATION CENTER,Hebrew Rehabilitation Center
cc:982a4642-0201-4e70-b65c-05c0c45ed55a,NOVANT HEALTH MEDICAL PARK HOSPITAL,Novant Health Medical Park Hospital
cc:982f4cf7-8be1-4db1-add6-197c2ace5a7e,LINCOLN PRAIRIE BEHAVIORAL HEALTH CENTER,Lincoln Prairie Behavioral Health Center
cc:9840b7bc-5a82-4248-b8a2-d5b6f7662a9c,RIO GRANDE REGIONAL HOSPITAL,Rio Grande Regional Hospital
cc:984d13f8-03b4-46ae-ab79-86a4dec52f6c,SPARTANBURG MEDICAL CENTER,Spartanburg Medical Center
cc:9868b4bb-15e0-48ed-b089-42c4dcf3766d,RED RIVER ER & HOSPITAL,Red River ER & Hospital
cc:9872cb49-1286-421a-b7ca-a075325d347e,BENSON HOSPITAL,Benson Hospital
cc:987e6b10-cd94-4c29-ad64-ae8a9d0fd909,SURGICAL HOSPITAL AT SOUTHWOODS,Surgical Hospital at Southwoods
cc:988add74-e3e0-4474-9b7f-f9a83413e0ff,ADVANCED CARE HOSPITAL OF SOUTHERN NEW MEXICO,Advanced Care Hospital of Southern New Mexico
cc:988aeda4-6d9c-4e75-b8aa-554323ef8d30,UNITY PHYSICIANS HOSPITAL,Unity Physicians Hospital
cc:988f9b1c-8273-4ec2-bb52-8b3082962349,CHI ST JOSEPH HEALTH COLLEGE STATION HOSPITAL,CHI St. Joseph Health College Station Hospital
cc:98932cc1-816b-4ca3-87f6-b2eba021eee9,SCOTLAND MEMORIAL HOSPITAL,Scotland Memorial Hospital
cc:98985337-ffd0-43e8-b7cf-ccd107c0be55,SAINT JOSEPH HOSPITAL,Saint Joseph Hospital
cc:98a545e6-aa4e-4c3b-afcc-4bb65ea14d5a,BON SECOURS MARYVIEW MEDICAL CENTER,Bon Secours Maryview Medical Center
cc:98b2ecb6-b5a6-46f4-a1ce-ffb616ac284c,BAPTIST MEMORIAL HOSPITAL - COLLIERVILLE,Baptist Memorial Hospital - Collierville
cc:98bb58be-3ed0-418a-9659-095181085ef0,SOLARA SPECIALTY HOSPITALS MCALLEN,Solara Specialty Hospitals McAllen
cc:98ca158b-cd5c-44c3-a3af-9c43354bade6,STATEN ISLAND UNIVERSITY HOSPITAL,Staten Island University Hospital
cc:98cc7e35-9813-423c-96b5-48c4f5db2f59,CHELSEA HOSPITAL,Chelsea Hospital
cc:98d7727d-8ec3-434a-9b15-b9d23fa2f840,BAPTIST HEALTH WALKER HOSPITAL,Baptist Health Walker Hospital
cc:98da1898-89e4-49f1-830d-32c174df3a5d,TANNER MEDICAL CENTER VILLA RICA,Tanner Medical Center Villa Rica
cc:98dde67b-e3e0-4d0c-97da-3b0cef1e810b,CALVARY HOSPITAL BROOKLYN,Calvary Hospital Brooklyn
cc:98e2c834-5f40-41db-9bf4-63627ba74626,ADVENTHEALTH HENDERSONVILLE,AdventHealth Hendersonville
cc:98edea5d-56fe-4551-9617-609a84e5a9bd,WESTERN WISCONSIN HEALTH,Western Wisconsin Health
cc:98f1a90b-90aa-4806-8b02-538da67a2017,BRYAN HEALTH AND REHABILITATION,Bryan Health and Rehabilitation
cc:9909c2e5-d689-4eff-88ce-eaed0191e50d,LAKEVIEW SPECIALTY HOSPITAL & REHAB CENTER,Lakeview Specialty Hospital & Rehabilitation Center
cc:990d3f55-0e5a-48fd-80ce-d0fecd6efda8,TOWNSEN MEMORIAL HOSPITAL,Townsen Memorial Hospital
cc:990f817a-57a6-40d5-a469-5a9ccb889ce1,SELECT SPECIALITY HOSPITAL - MIAMI LAKES,Select Speciality Hospital - Miami Lakes
cc:99152283-d8c1-4b8e-8454-efcc77fece84,OCEANS BEHAVIORAL HOSPITAL OPELOUSAS,Oceans Behavioral Hospital Opelousas
cc:99159ee8-78da-4de5-b334-cbd822fe8224,HSS HUDSON YARDS,HSS Hudson Yards
cc:9921c434-52d8-4f86-a699-8e2ba2b58240,AURORA SAN DIEGO,Aurora San Diego
cc:9922bcb1-abc8-4141-96de-882d552921b3,LASALLE GENERAL HOSPITAL,Lasalle General Hospital
cc:992501db-1bf3-45ce-b772-6c2319b2c493,SSM HEALTH WAUPUN MEMORIAL HOSPITAL,SSM Health Waupun Memorial Hospital
cc:992b3f9b-4bb0-44cb-bf83-d38a98c49239,TYLER HOLMES MEMORIAL HOSPITAL,Tyler Holmes Memorial Hospital
cc:9932235d-ef4f-4628-af86-64c0f0ac2c70,NORTHWELL SOUTH OAKS HOSPITAL,Northwell South Oaks Hospital
cc:9934ca05-a787-4469-8eba-e801a85ac04a,LAWRENCE MEMORIAL HOSPITAL,Lawrence Memorial Hospital
cc:99365bfe-eebc-4366-b39c-f1ae7ecc05dd,UH ELYRIA MEDICAL CENTER,UH Elyria Medical Center
cc:9937cf26-e5bb-4975-9114-8f945993f576,MONMOUTH MEDICAL CENTER,Monmouth Medical Center
cc:993adcc1-ed89-4722-b0e4-64f6b65a11e5,PROVIDENCE ST. ELIAS SPECIALTY HOSPITAL,Providence St. Elias Specialty Hospital
cc:99450e04-4285-40db-949c-ba1e683eef5a,ADVENTIST HEALTH UKIAH VALLEY,Adventist Health Ukiah Valley
cc:9949f893-5fad-4243-b9aa-06dae544b6df,SOUTH TEXAS HEALTH SYSTEM EDINBURG,South Texas Health System Edinburg
cc:99502aba-0ca2-4804-b479-507fa6afea11,PROVIDENCE KODIAK ISLAND MEDICAL CENTER,Providence Kodiak Island Medical Center
cc:99510796-ec78-426a-a2a5-58e2a7331d69,UPMC CHILDRENS HOSPITAL OF PITTSBURGH,UPMC Childrens Hospital of Pittsburgh
cc:9951e988-3ec7-4f61-abcc-668167127e7f,PALO ALTO COUNTY HOSPITAL,Palo Alto County Hospital
cc:995b432f-613b-4313-a2e0-8d7d2e759c66,OMEGA HOSPITAL,Omega Hospital
cc:99616132-5ba2-4da3-9dce-93b2d16cf26c,RANDOLPH HOSPITAL,Randolph Hospital
cc:996a7d85-44fa-425d-a898-15f93fa8f91e,MPI CHEMICAL DEPENDENCY RECOVERY HOSPITAL,Mpi Chemical Dependency Recovery Hospital
cc:997d91c8-c36e-48a0-a414-c3c56f42676c,RENOWN SOUTH MEADOWS MEDICAL CENTER,Renown South Meadows Medical Center
cc:997ef59c-3dee-465e-81c6-fda252b52ec4,REGENCY HOSPITAL - SPRINGDALE,Regency Hospital - Springdale
cc:9980929a-23ab-453e-97a3-36cd00ca258d,COMPASS MEMORIAL HEALTHCARE,Compass Memorial Healthcare
cc:99867159-17b2-4700-b096-d07994078d96,REPUBLIC COUNTY HOSPITAL,Republic County Hospital
cc:9989dca1-a6e0-44db-815e-4bf30fe355f6,PRISMA HEALTH HILLCREST HOSPITAL,Prisma Health Hillcrest Hospital
cc:99a20fbb-7902-44b2-871f-f2b844c10e83,MEDSTAR HEALTH PHYSICAL THERAPY AT IRVING STREET NEUROREHABILITATION CENTER,MedStar Health Physical Therapy at Irving Street Neurorehabilitation Center
cc:99a66766-8535-46d0-89e5-d4c4688e3668,ISLAND HOSPITAL,Island Hospital
cc:99be0fe8-3576-47b6-80f7-a1f1a66395bb,PAM SPECIALTY HOSPITAL OF CORPUS CHRISTI BAYFRONT,PAM Specialty Hospital of Corpus Christi Bayfront
cc:99d18504-d8b7-4e73-83d3-c50803df210f,ASPIRUS STEVENS POINT HOSPITAL,Aspirus Stevens Point Hospital
cc:99d36a1b-b122-4b5e-80b4-de23f8b1fda6,GOOD SAMARITAN MEDICAL CENTER,Good Samaritan Medical Center
cc:99e2441a-98b3-4169-8cbe-38d37e12dfcb,BROWARD HEALTH MEDICAL CENTER,Broward Health Medical Center
cc:99e35a1f-565e-4d65-b842-ecd090b5ccfc,LEVINDALE HOSPITAL,Levindale Hospital
cc:99ef938a-8d14-49a9-9e94-d7c7b6b05332,LIFECARE HOSPITALS OF SHREVEPORT,Lifecare Hospitals of Shreveport
cc:99fbee7b-f720-47a9-ace7-1113209ce1a1,EPHRAIM MCDOWELL FORT LOGAN HOSPITAL,Ephraim McDowell Fort Logan Hospital
cc:9a007bb8-aa62-4b02-aa8d-fe0c2dadc856,ENCOMPASS HEALTH REHABILITATION HOSPITAL OF NORTH TAMPA,Encompass Health Rehabilitation Hospital of North Tampa
cc:9a01776d-b086-4d86-bb60-f31b38066fc8,APALACHEE CENTER EASTSIDE PSYCHIATRIC HOSPITAL,Apalachee Center Eastside Psychiatric Hospital
cc:9a078d7c-5d70-4471-9d6b-604051fccfc8,BAPTIST HEALTH MEDICAL CENTER-EL DORADO,Baptist Health Medical Center-El Dorado
cc:9a120485-f787-43b7-961d-100286b25cff,HACKENSACK MERIDIAN HEALTH CARRIER,Hackensack Meridian Health Carrier
cc:9a14c421-3fcc-4780-ab57-5935a31741f5,FRANCISCAN HEALTH CARMEL,Franciscan Health Carmel
cc:9a194b45-7beb-49db-856e-fd04856b29b9,UPMC JAMESON,UPMC Jameson
cc:9a1ddae1-163d-47bb-968d-691e6fc8588e,RILEY HOSPITAL FOR CHILDREN,Riley Hospital for Children
cc:9a2a33dc-7ab8-4fad-9806-4eb857dbb27c,PEACHFORD HOSPITAL,Peachford Hospital
cc:9a2cc2bc-71b1-45ce-9766-27e39cad81f6,GREENEVILLE COMMUNITY HOSPITAL,Greeneville Community Hospital
cc:9a384f63-ea73-4f1c-bfe8-0287b60d7c44,ST. LUKE'S NAMPA MEDICAL CENTER,St. Luke's Nampa Medical Center
cc:9a39ea1e-0ac5-4ea4-9e59-cba28e02320e,HARTGROVE HOSPITAL,Hartgrove Hospital
cc:9a499778-ee33-4d0f-9cae-7ca8094af29c,MERCY HOSPITAL OF FOLSOM,Mercy Hospital of Folsom
cc:9a4d71cb-8377-4a76-9a8d-542bf4a289dd,MARY RUTAN HOSPITAL,Mary Rutan Hospital
cc:9a5b954a-4a8b-4f94-a594-e1beaede0595,RIVERSIDE MEDICAL CENTER,Riverside Medical Center
cc:9a5ffcf6-43fc-4da3-bcde-484ad1bcefeb,AVERA HOLY FAMILY HOSPITAL,Avera Holy Family Hospital
cc:9a73f9fe-babd-4d63-861c-0fc04deb8142,ST. ELIZABETH COMMUNITY HOSPITAL,St. Elizabeth Community Hospital
cc:9a781ef5-fd4c-4337-9bb4-0c4807fa7523,SHRINERS CHILDREN'S BOSTON,Shriners Children's Boston
cc:9a88283b-16c8-4ffd-a531-f9f3fb4e4557,GENESIS BEHAVIORAL HEALTH LAFAYETTE,Genesis Behavioral Health Lafayette
cc:9a8985c8-2c2e-4f58-8f1d-eedae2749113,METHODIST HOSPITAL OF SACRAMENTO,Methodist Hospital of Sacramento
cc:9a8c7f87-f71f-4f17-917b-563bda072c51,HSHS ST ANTHONYS MEMORIAL HOSPITAL,HSHS St. Anthonys Memorial Hospital
cc:9a8e2768-fcc7-4d38-80ee-5f300b486316,MASON GENERAL HOSPITAL,Mason General Hospital
cc:9a94b67d-b85f-4635-8d45-5a3b3bbea45a,FREEMAN HEALTH SYSTEM - SPRINGDALE MEDICAL CENTER,Freeman Health System - Springdale Medical Center
cc:9a9b15ab-b2d8-476a-8ab5-08ed8e7c0eae,SOJOURN AT SENECA,Sojourn at Seneca
cc:9aa0b59e-8b20-4ea4-a85b-8be67c651a5e,UNIVERSITY OF MARYLAND SAINT JOSEPH MEDICAL CENTER,University of Maryland Saint Joseph Medical Center
cc:9aa83e5e-a73d-4c6f-aca1-e38e74b3fcda,UCHEALTH WEST CHESTER HOSPITAL,UCHealth West Chester Hospital
cc:9ab92ba8-97e6-407e-9580-6cab7dfa0e93,AVERA DAKOTA PLAINS SURGICAL CENTER,Avera Dakota Plains Surgical Center
cc:9abfc215-9ab0-4ffa-8534-3cae9ab86555,DEACONESS GATEWAY HOSPITAL,Deaconess Gateway Hospital
cc:9ac075c2-cc35-4df9-aa55-22b94b2d9797,STRONG MEMORIAL HOSPITAL,Strong Memorial Hospital
cc:9acbddef-9b68-45ce-8023-ce23e428c2a1,SHANNON MEDICAL CENTER BIG SPRING,Shannon Medical Center Big Spring
cc:9acf4b42-68e5-4262-913b-62a89ffbbbd5,COXHEALTH REHABILITATION HOSPITAL,Coxhealth Rehabilitation Hospital
cc:9acfb225-ba1e-4786-83ce-c3043df17526,PENN HIGHLANDS BROOKVILLE,Penn Highlands Brookville
cc:9adf676a-4d33-45cb-adb6-a20071b94130,BANNER WYOMING MEDICAL CENTER,Banner Wyoming Medical Center
cc:9ae0edfe-8de3-4201-9497-28466d3686c9,HIRAM W. DAVIS MEDICAL CENTER,Hiram W. Davis Medical Center
cc:9aeb87b1-cd96-4ac4-852b-72eb4e33b497,BAPTIST NEIGHBORHOOD HOSPITAL SHAVANO PARK,Baptist Neighborhood Hospital Shavano Park
cc:9af95b3e-ff2d-49ed-a21c-d72e9e5b97c6,MCLEOD HEALTH CAROLINA FOREST,McLeod Health Carolina Forest
cc:9afeb2dd-52a2-4c28-9183-8d52cb1c1444,MERCY HOSPITAL LEBANON,Mercy Hospital Lebanon
cc:9b09fe3c-f2ba-4108-8b1c-7803eede29bb,INSPIRA MEDICAL CENTER VINELAND,Inspira Medical Center Vineland
cc:9b0b27e2-0f1e-41e9-8619-60345c1a82ef,KINDRED HOSPITAL - CHATTANOOGA,Kindred Hospital - Chattanooga
cc:9b0d4d27-0d19-4c49-82d7-1808c28f7a42,PAM HEALTH SPECIALTY HOSPITAL OF LAS VEGAS,PAM Health Specialty Hospital of Las Vegas
cc:9b1a1e96-af38-4daa-9016-2041ea594664,DHR HEALTH BEHAVIORAL HOSPITAL,DHR Health Behavioral Hospital
cc:9b4519bb-3383-4486-afca-c50464545cb4,UCHICAGO MEDICINE ADVENTHEALTH LA GRANGE,UChicago Medicine AdventHealth La Grange
cc:9b48813c-1448-4acd-bdfb-92dd4fbb3885,CHI HEALTH NEBRASKA HEART,CHI Health Nebraska Heart
cc:9b5a6b14-bd93-4b75-8087-b5d21779f330,THE HOSPITALS OF PROVIDENCE SIERRA CAMPUS,The Hospitals of Providence Sierra Campus
cc:9b6a18d7-aa2c-421f-9927-0070c9e553b3,THEDACARE MEDICAL CENTER NEW LONDON,Thedacare Medical Center New London
cc:9b7142c6-4b83-48fb-a625-5118d93d0864,PAM REHABILITATION HOSPITAL OF CLEAR LAKE,PAM Rehabilitation Hospital of Clear Lake
cc:9b84ef2e-c2e0-4c78-bb5e-ed71ec81192e,VIBRA HOSPITAL OF SOUTHEASTERN MI - TAYLOR CAMPUS,Vibra Hospital of Southeastern MI - Taylor Campus
cc:9b86ea18-f2e8-4074-9cfe-74f0f455b562,THE SAN JORGE HOSPITAL INC,The San Jorge Hospital Inc
cc:9b98445e-86af-44af-a246-0f337c040bce,MERCY PRIMARY CARE - POPLAR BLUFF,Mercy Primary Care - Poplar Bluff
cc:9b9b7598-4014-401d-83ff-db6bffc2c788,BARBOURVILLE ARH HOSPITAL,Barbourville ARH Hospital
cc:9b9c068f-525c-4b96-9b73-69e09f80d4bb,SELECT SPECIALTY HOSPITAL - NORTHEAST NEW JERSEY,Select Specialty Hospital - Northeast New Jersey
cc:9ba0e285-f345-4d9b-a7e8-63aa308d690f,SSM HEALTH ST. AGNES HOSPITAL - FOND DU LAC,SSM Health St. Agnes Hospital - Fond du LAC
cc:9ba64bc3-e761-4251-b8b5-73501e7bbf1b,HUMBOLDT GENERAL HOSPITAL,Humboldt General Hospital
cc:9ba7cedd-4e3d-410b-a61f-ec65244fb29e,ASCENSION ST. JOHN BROKEN ARROW,Ascension St. John Broken Arrow
cc:9bab9242-359a-486a-895b-14660e435eca,UNIVERSITY BEHAVIORAL CENTER,University Behavioral Center
cc:9bad65b3-cbdd-4dbd-92a6-83503b5d383c,MEDICAL BEHAVIORAL HOSPITAL OF CLEAR LAKE,Medical Behavioral Hospital of Clear Lake
cc:9bbc1681-6dbd-4e5b-8233-965be3c02c29,ADVENTIST HEALTH MENDOCINO COAST,Adventist Health Mendocino Coast
cc:9bc1deed-9c50-4f0a-ad76-a7ea781132f7,TEXAS REHABILITATION HOSPITAL OF FORT WORTH,Texas Rehabilitation Hospital of Fort Worth
cc:9bc72ab4-3df2-4d6e-9d6a-68eb51270534,CARLE HEALTH METHODIST HOSPITAL,Carle Health Methodist Hospital
cc:9bc891c0-c3bc-46a1-a140-a40d7fbd3585,ENCOMPASS HEALTH REHABILITATION HOSPITAL OF FLORENCE,Encompass Health Rehabilitation Hospital of Florence
cc:9bcd6b36-7795-44c8-a7c9-8bdf04836597,CORDELL MEMORIAL HOSPITAL,Cordell Memorial Hospital
cc:9be3d3a9-edbb-4772-877a-08c92ef97f59,SOUTH CENTRAL KS MED CENTER,South Central Ks Medical Center
cc:9be7c3c5-9f75-439c-98c0-3cd6bf3a73d6,MAINEHEALTH FRANKLIN HOSPITAL,MaineHealth Franklin Hospital
cc:9bf45783-4a75-4c73-bc71-7f8290bfdc76,UH SAMARITAN MEDICAL CENTER,UH Samaritan Medical Center
cc:9bfb0ef5-f29b-4265-af3d-25ed93dfa991,INTEGRIS HEALTH EDMOND,Integris Health Edmond
cc:9c0086e1-257d-4a4f-af82-7fa9b69e912d,AVERA QUEEN OF PEACE HOSPITAL,Avera Queen of Peace Hospital
cc:9c07471c-64d9-4f99-afdd-9ebcc7049add,PROVIDENCE HOLY FAMILY HOSPITAL,Providence Holy Family Hospital
cc:9c090f28-0589-4856-9946-613657a3d199,IU HEALTH METHODIST HOSPITAL,IU Health Methodist Hospital
cc:9c1261b5-63df-4a5a-b76c-55c1aff2611d,INSPIRA MEDICAL CENTER ELMER,Inspira Medical Center Elmer
cc:9c167b25-3f88-4f81-a2db-428799660484,BAYCARE ST ANTHONYS HOSPITAL,Baycare St. Anthonys Hospital
cc:9c16dfce-e796-4a09-9953-524cefbe9558,BAPTIST HEALTH REHABILITATION HOSPITAL,Baptist Health Rehabilitation Hospital
cc:9c1d21ef-3cc0-4013-8c2a-140d8fbcb961,DALLAS MEDICAL CENTER,Dallas Medical Center
cc:9c2e257c-e51d-426b-a4a2-c6b2288fa350,KETTERING HEALTH MAIN CAMPUS,Kettering Health Main Campus
cc:9c3340e7-75bb-4b7f-9924-fd464e32e9c3,AVERA ST ANTHONY'S HOSPITAL,Avera St. Anthony's Hospital
cc:9c37e21a-fc11-4f53-b327-e2566f49f9e4,MCLAREN NORTHERN MICHIGAN,McLaren Northern Michigan
cc:9c3cbd70-355a-4b6e-8f94-12bed1bbdd8e,CAMBRIDGE HEALTH ALLIANCE - SOMERVILLE CAMPUS,Cambridge Health Alliance - Somerville Campus
cc:9c3df90f-e6bc-441e-a9b0-8c0f571fbf39,OCHSNER UNIVERSITY HOSPITAL & CLINICS,Ochsner University Hospital & Clinics
cc:9c3fb7f8-b972-4309-9f1b-ce390fa62b61,NGMC HABERSHAM,NGMC Habersham
cc:9c4a70c7-09e2-4fbd-8a40-7f1ed2657791,KOSSUTH REGIONAL HEALTH CENTER,Kossuth Regional Health Center
cc:9c50501d-6305-4d10-97b7-1bf858368500,AGAVE RIDGE BEHAVIORAL HOSPITAL,Agave Ridge Behavioral Hospital
cc:9c5b66c0-d24a-405a-a464-b77d577bfeb1,ENCOMPASS HEALTH REHABILITATION HOSPITAL OF SAVANNAH,Encompass Health Rehabilitation Hospital of Savannah
cc:9c64a411-097c-4055-88c5-71579612ac0e,PRAIRIE COMMUNITY HOSPITAL,Prairie Community Hospital
cc:9c6f0165-084b-462b-8071-d50666f6671e,JAMES K. ELROD WILLIS KNIGHTON REHABILITATION,James K. Elrod Willis Knighton Rehabilitation
cc:9c71e578-b43c-405e-a9f5-cecfb391b90f,WINKLER COUNTY MEMORIAL HOSPITAL,Winkler County Memorial Hospital
cc:9c7dcc88-678d-409b-bfb4-83accf0e3aac,SELECT SPECIALTY HOSPITAL-QUAD CITIES,Select Specialty Hospital-Quad Cities
cc:9c878c39-0e80-45fb-ac58-a0d98df08da0,ENCOMPASS HEALTH REHABILITATION HOSPITAL OF JOHNSTON,Encompass Health Rehabilitation Hospital of Johnston
cc:9c8b593b-740a-49ca-83e5-cda57bdb6222,REHABILITATION HOSPITAL OF THE PACIFIC,Rehabilitation Hospital of the Pacific
cc:9c8ef9f2-b591-49b2-ae94-9ebb46e8dc9e,GEORGE E WEEMS MEMORIAL HOSPITAL,George E. Weems Memorial Hospital
cc:9c945c4f-b95e-4cab-823e-504f9762f204,JOHN H STROGER JR HOSPITAL,John H. Stroger Jr. Hospital
cc:9ca31c35-3c3c-4f82-add1-537ed1e23e93,SELECT SPECIALTY HOSPITAL - DURHAM,Select Specialty Hospital - Durham
cc:9cb13f74-d59e-418d-9b9e-4384c188a7ac,BAPTIST MEMORIAL HOSPITAL-BOONEVILLE,Baptist Memorial Hospital-Booneville
cc:9cb4e8b5-3df5-4712-a184-44581bc4f7cf,ATRIUM HEALTH WAKE FOREST BAPTIST LEXINGTON MEDICAL CENTER,Atrium Health Wake Forest Baptist Lexington Medical Center
cc:9cb93242-4cbe-413f-b93c-e23901f805fa,KNOXVILLE CENTER FOR BEHAVIORAL MEDICINE,Knoxville Center for Behavioral Medicine
cc:9cc0b94e-d9d9-452e-a535-787d1e61ca63,KAWEAH HEALTH MEDICAL CENTER,Kaweah Health Medical Center
cc:9cc283a7-be09-4e22-9bbb-023b254ec687,ST FRANCIS REGIONAL MED CENTER,St. Francis Regional Medical Center
cc:9cc2e84d-7b64-48f4-9814-00ae23bc054c,BEACON BEHAVIORAL HOSPITAL NEW ORLEANS WESTBANK,Beacon Behavioral Hospital New Orleans Westbank
cc:9cc8e00e-452e-4529-bedd-10a0b9ad9c19,SALINA SURGICAL HOSPITAL,Salina Surgical Hospital
cc:9cc96291-95a5-4822-903a-deaee628b87a,KINDRED HOSPITAL LOUISVILLE AT JEWISH HOSPITAL,Kindred Hospital Louisville at Jewish Hospital
cc:9cc98329-e15b-4b07-a1a8-3c093ad034b6,GUNDERSEN MOUNDVIEW HOSPITAL,Gundersen Moundview Hospital
cc:9cd08fdb-5073-432f-aef3-e10e5ea27bfd,CORNERSTONE SPECIALTY HOSPITALS MUSKOGEE,Cornerstone Specialty Hospitals Muskogee
cc:9cd9c81a-3737-4175-9164-2b94c729784c,DUBLIN METHODIST HOSPITAL,Dublin Methodist Hospital
cc:9cda69fe-1e5f-4efb-9c46-62836209b5f7,BROADLAWNS MEDICAL CENTER - CLINICS,Broadlawns Medical Center - Clinics
cc:9cdaed28-2d74-45d5-a6c5-123dcc6ab8ff,ORLANDO HEALTH DR P PHILLIPS HOSPITAL,Orlando Health Dr. P. Phillips Hospital
cc:9ce05170-2f5b-4621-9b25-c311637fdf53,HELEN NEWBERRY JOY HOSPITAL,Helen Newberry Joy Hospital
cc:9ce11d02-309a-4b5a-b884-a3ea83a03a0c,HOSPITAL MENONITA AGUAS BUENAS,Hospital Menonita Aguas Buenas
cc:9ce335e2-71ad-4707-bbee-c46213d1d817,SOUTH BROOKLYN HEALTH,South Brooklyn Health
cc:9ce9a4d0-ac10-4bc2-aa68-494749578b46,EAST VALLEY ER CHANDLER,East Valley ER Chandler
cc:9cf02716-3f9d-4e75-bfb9-2f8779e0eab4,UPMC PASSAVANT-CRANBERRY-ER,UPMC Passavant-Cranberry-ER
cc:9cf0c157-ef44-4491-80a5-910e0fb43119,YORK HOSPITAL MAIN CAMPUS,York Hospital Main Campus
cc:9cf34c95-d1a4-49bf-8f9d-80010bd71b2e,NEIGHBORS EMERGENCY CENTER KINGWOOD,Neighbors Emergency Center Kingwood
cc:9cf95449-34a9-45cb-9ec9-577d2e3ffe1e,UNIVERSITY MEDICAL CENTER NEW ORLEANS,University Medical Center New Orleans
cc:9cfdf5f1-680a-4f92-99be-12db24a0cf14,NORTHWEST MEDICAL CENTER,Northwest Medical Center
cc:9cff8703-b82f-4e79-aa86-700374b934a9,WEST BOCA MEDICAL CENTER,West Boca Medical Center
cc:9d0bb748-7f30-41bf-b4f0-c37e092f2716,AULTMAN ORRVILLE HOSPITAL,Aultman Orrville Hospital
cc:9d2c76ca-6297-4c37-aa1a-994d5affb1da,MIAMI VALLEY HOSPITAL,Miami Valley Hospital
cc:9d2d06fc-d4c8-4865-a4c3-068fd6232061,MID COAST HOSPITAL,Mid Coast Hospital
cc:9d31a495-9734-459c-b401-f2eb17b2f44d,MERCYONE GENESIS DAVENPORT WEST MEDICAL CENTER,Mercyone Genesis Davenport West Medical Center
cc:9d3201a8-ce7f-4396-b3a9-f237107dcd29,BAYLOR SCOTT & WHITE EMERGENCY HOSPITAL GRAND PRAIRIE,Baylor Scott & White Emergency Hospital Grand Prairie
cc:9d38e360-2d43-43b5-9e7e-f957a5bbd9d9,ENCOMPASS HEALTH REHABILITATION HOSPITAL OF LITTLETON,Encompass Health Rehabilitation Hospital of Littleton
cc:9d3a521d-17f8-4bfe-bf43-d3b1edc7dfeb,LYNN COUNTY HOSPITAL DISTRICT,Lynn County Hospital District
cc:9d51ef7d-845a-4481-a45e-834f3e11cdbe,MERCY GILBERT MEDICAL CENTER,Mercy Gilbert Medical Center
cc:9d666fc5-08db-4b89-912c-9e7736f45cb8,VALLEY HEALTH WINCHESTER MEDICAL CENTER,Valley Health Winchester Medical Center
cc:9d71feee-2adb-4c36-bd29-e996a69b4077,OCEANS BEHAVIORAL HOSPITAL BATON ROUGE SOUTH,Oceans Behavioral Hospital Baton Rouge South
cc:9d724412-3b92-45ff-8a3a-57fd1279cfdd,MON HEALTH MARION NEIGHBORHOOD HOSPITAL,Mon Health Marion Neighborhood Hospital
cc:9d733446-e1b9-453b-ab45-270aaff19fd2,UK HEALTHCARE GOOD SAMARITAN HOSPITAL,UK Healthcare Good Samaritan Hospital
cc:9d77cd31-5276-4664-8d1b-800f26d3ec2a,ADVENTHEALTH LENEXA CITY CENTER,AdventHealth Lenexa City Center
cc:9d8a1935-67f0-435a-b5c8-0805246dcc46,SANFORD WESTBROOK MEDICAL CENTER,Sanford Westbrook Medical Center
cc:9d905b30-729c-4443-b355-d4ceb4b66be5,ASCENSION ST. JOHN JENKS,Ascension St. John Jenks
cc:9dae1427-727e-43d7-9490-efc5dd198f83,ELLENVILLE REGIONAL HOSPITAL,Ellenville Regional Hospital
cc:9dc827aa-eeec-484d-aab9-bbb9a8969982,ATRIUM HEALTH FLOYD CHEROKEE MEDICAL CENTER,Atrium Health Floyd Cherokee Medical Center
cc:9dcc41a6-e228-4d13-8397-e1964cd7654e,MITCHELL COUNTY REGIONAL HEALTH CENTER,Mitchell County Regional Health Center
cc:9dcc812c-5df3-48f7-8e01-01551e3fbcaf,NORWALK HOSPITAL,Norwalk Hospital
cc:9dd050aa-7d5c-42cf-902d-d6372fdd14a5,BAYLOR SCOTT & WHITE THE HEART HOSPITAL PLANO,Baylor Scott & White the Heart Hospital Plano
cc:9ddd2cad-0923-46f1-9ac6-da71f57544b7,ADVANCED SURGICAL HOSPITAL,Advanced Surgical Hospital
cc:9df38dd6-c673-469b-990f-fa984e09cb55,CARROLL COUNTY MEMORIAL HOSPITAL,Carroll County Memorial Hospital
cc:9dff6904-e055-4008-8b34-816ab5a62da6,MOUNT DESERT ISLAND HOSPITAL,Mount Desert Island Hospital
cc:9e17448c-cd2e-4221-94be-3973f4966f46,METHODIST HOSPITALS NORTHLAKE CAMPUS,Methodist Hospitals Northlake Campus
cc:9e1746f7-277b-4ab2-966d-fb17a60ad2e9,OSMOND GENERAL HOSPITAL,Osmond General Hospital
cc:9e1ba524-84ea-4606-832a-4f79adbd4fd9,CHI ST. LUKE'S HEALTH - SPRINGWOOD VILLAGE HOSPITAL,CHI St. Luke's Health - Springwood Village Hospital
cc:9e22318b-03b6-44ee-a504-b8b948799d2c,CARY MEDICAL CENTER,Cary Medical Center
cc:9e252f84-98de-46ab-943a-f8d2e8850633,LBJ TROPICAL MEDICAL CENTER,LBJ Tropical Medical Center
cc:9e3ce94f-39b3-409f-8517-40f7415caa73,KINGSBORO PSYCHIATRIC CENTER,Kingsboro Psychiatric Center
cc:9e3df88d-901d-4180-8116-08287689dddf,HCA HOUSTON HEALTHCARE KINGWOOD,HCA Houston Healthcare Kingwood
cc:9e4a57f8-065c-4786-90c0-525d52c3b13f,MEDSTAR HEALTH PHYSICAL THERAPY AT CATONSVILLE,MedStar Health Physical Therapy at Catonsville
cc:9e5d0469-f660-401e-9731-27bc38b0706e,NEBRASKA SPINE HOSPITAL,Nebraska Spine Hospital
cc:9e63015b-0c88-48a1-8467-726c25ce9883,FIRSTHEALTH MONTGOMERY MEMORIAL HOSPITAL,FirstHealth Montgomery Memorial Hospital
cc:9e6dd1e1-0790-499d-86e3-c12e187c4e3c,SIOUX CENTER HEALTH AVERA,Sioux Center Health Avera
cc:9e7811d6-75cc-4609-a198-78938d6bd7ab,ROGERS MEMORIAL HOSPITAL BROWN DEER,Rogers Memorial Hospital Brown Deer
cc:9e7ae78d-cbe3-47f5-96e6-bcfee495faf3,NEIGHBORS EMERGENCY CENTER PASADENA,Neighbors Emergency Center Pasadena
cc:9e82e5b7-956c-49d7-af17-4941246f5c59,WINN PARISH MEDICAL CENTER,Winn Parish Medical Center
cc:9e886d37-6ab2-494f-8ff4-5d3bd3e4bfa7,WESTERN MARYLAND HOSPITAL CENTER,Western Maryland Hospital Center
cc:9ea37bd3-cfed-47cf-80c7-b01af41e5bdf,UNIVERSITY OF MARYLAND LAUREL MEDICAL CENTER,University of Maryland Laurel Medical Center
cc:9ea5d6e1-8a36-4a4a-ace0-f7dfcbb6b451,CHILDRENS SPECIALIZED HOSPITAL,Childrens Specialized Hospital
cc:9ead1000-7b8c-4192-83c6-f2caa2a1d424,CHRISTUS SOUTHEAST TEXAS JASPER MEMORIAL,CHRISTUS Southeast Texas Jasper Memorial
cc:9eb2f3d1-4b94-42bc-9d7c-d493d5aa59e1,HACKENSACK MERIDIAN PASCACK VALLEY MEDICAL CENTER,Hackensack Meridian Pascack Valley Medical Center
cc:9eb65c77-b895-4797-80d0-dfd537b27f63,ST. DAVID'S NORTH AUSTIN MEDICAL CENTER,St. David's North Austin Medical Center
cc:9ebaa393-252d-4611-a615-765bb6e25d3a,SKAGIT REGIONAL CLINICS - MOUNT VERNON,Skagit Regional Clinics - Mount Vernon
cc:9ebe7053-d3a8-49d0-bbb3-234069d92eab,BURKE MEDICAL CENTER,Burke Medical Center
cc:9ed6334a-09c4-4072-b175-25fc38984b44,BANNER BEHAVIORAL HEALTH HOSPITAL,Banner Behavioral Health Hospital
cc:9edb5597-2121-4ee0-9ba8-853c66050df4,MERCYHEALTH HOSPITAL AND PHYSICIAN CLINIC-CRYSTAL LAKE,Mercyhealth Hospital and Physician Clinic-Crystal Lake
cc:9ee98463-c5c5-4a35-aa6a-20b244a06f88,BAYLOR SCOTT & WHITE INSTITUTE FOR REHABILITATION TEMPLE,Baylor Scott & White Institute for Rehabilitation Temple
cc:9f00c46e-7c8e-4a58-9ba9-6980adb8cfb6,LA PAZ REGIONAL,La Paz Regional
cc:9f03a74d-7436-4439-b2c3-590679ae929a,TRISTAR CENTENNIAL MEDICAL CENTER,TriStar Centennial Medical Center
cc:9f093030-fd46-494f-9ef1-1c4f48fce72c,GLENDIVE MEDICAL CENTER,Glendive Medical Center
cc:9f0c3f9b-54dc-4452-85af-fb0950cce2be,TEXAS HEALTH HEART & VASCULAR HOSPITAL ARLINGTON,Texas Health Heart & Vascular Hospital Arlington
cc:9f11d789-dbc5-4271-a215-10b492b3317e,HAVERHILL PAVILION BEHAVIORAL HEALTH,Haverhill Pavilion Behavioral Health
cc:9f1c7026-efc6-4392-b8b8-bc578b3780d4,RED RIVER BEHAVIORAL CENTER,Red River Behavioral Center
cc:9f2024de-a52b-4fcf-83e5-9ee8adef8de6,SELECT SPECIALTY HOSPITAL - FLINT,Select Specialty Hospital - Flint
cc:9f23d5d7-0d27-4f94-a257-a75142b20fd2,AURORA MEDICAL CENTER MANITOWOC COUNTY,Aurora Medical Center Manitowoc County
cc:9f29db61-5a6d-4d48-bfc7-69a1ce186818,MEMORIAL HOSPITAL OF GARDENA,Memorial Hospital of Gardena
cc:9f320a2f-8685-4edb-bd64-2b08bed1f399,TEXAS HEALTH ALLEN,Texas Health Allen
cc:9f3310fb-9133-4e1f-ad03-b0a1f15b1d21,UH AHUJA MEDICAL CENTER,UH Ahuja Medical Center
cc:9f44cb8f-5666-415c-9390-88edf39bdb26,HEART OF THE ROCKIES REGIONAL MEDICAL CENTER,Heart of the Rockies Regional Medical Center
cc:9f461356-97dd-4043-aeb5-eabdf31ca4e9,OLNEY HAMILTON HOSPITAL,Olney Hamilton Hospital
cc:9f69ab87-fd0e-4833-a4c2-63d9095f1ccd,THE OUTER BANKS HOSPITAL,The Outer Banks Hospital
cc:9f7b0476-345c-4545-9eb3-fb7e9d892ee5,DETAR HOSPITAL NORTH,DeTar Hospital North
cc:9f7e3074-8085-425e-9532-d9e8f65437dc,LITTLE FALLS HOSPITAL,Little Falls Hospital
cc:9f8dc2ac-9f24-4031-844f-06bdba0875f5,CAROMONT REGIONAL MEDICAL CENTER - BELMONT,Caromont Regional Medical Center - Belmont
cc:9f8e89a4-593b-47da-8e8f-2c5b88dd29e0,COMMUNITY SURGERY CENTER NORTH,Community Surgery Center North
cc:9f9a6a18-3251-4b2f-a892-172f65c3c7f0,MERCY PRIMARY CARE - STODDARD,Mercy Primary Care - Stoddard
cc:9f9b660c-362a-448f-a740-9226140ba831,FAMILY WELLNESS CLINIC - TAHOKA,Family Wellness Clinic - Tahoka
cc:9fa6a2ed-2cc3-4a8e-8015-78751fee92d1,OUR LADY OF THE LAKE CHILDREN'S HOSPITAL,Our Lady of the Lake Children's Hospital
cc:9fbb1416-464b-4dbb-8650-07afee1edca8,AVERA SAINT BENEDICT HEALTH CENTER,Avera Saint Benedict Health Center
cc:9fbf35cc-aca0-456f-a09e-f87f111d7911,METHODIST STONE OAK HOSPITAL,Methodist Stone Oak Hospital
cc:9fc48f58-f8c4-49a4-9172-82c342895a14,LOMPOC VALLEY MEDICAL CENTER,Lompoc Valley Medical Center
cc:9fc616b2-d59f-4edb-9c2e-09a31e9375c2,ADVENTIST HEALTHCARE FORT WASHINGTON MEDICAL CENTER,Adventist Healthcare Fort Washington Medical Center
cc:9fca78dc-8b68-4027-b15a-4acda0cad231,GREAT FALLS CLINIC HOSPITAL,Great Falls Clinic Hospital
cc:9fd6d17e-fb95-452b-b20e-0c93bb20fc94,SELECT SPECIALTY HOSPITAL - CANTON,Select Specialty Hospital - Canton
cc:9fddd728-8341-4acd-9ec6-66f973936e95,ADVENTIST HEALTH CLEAR LAKE,Adventist Health Clear Lake
cc:a0161c13-0682-4ac1-85f4-ac5f088d81a1,HENDRICK MEDICAL CENTER,Hendrick Medical Center
cc:a01a2a34-5811-4a34-a723-7ea66f4dde74,NEIGHBORS EMERGENCY CENTER PORTER,Neighbors Emergency Center Porter
cc:a01a64d8-68c7-492c-8eaa-ace508822bae,HENDRICK MEDICAL CENTER BROWNWOOD,Hendrick Medical Center Brownwood
cc:a01e6182-6790-49e4-9424-e3ea110aaef5,MEDICAL BEHAVIORAL HOSPITAL OF MICHIGAN,Medical Behavioral Hospital of Michigan
cc:a01fa524-1b29-417d-a1fd-943290d8a5fb,MADISON MEMORIAL HOSPITAL,Madison Memorial Hospital
cc:a0353803-071d-4bcc-8f01-f990ced6d19f,CHILDREN'S NATIONAL HOSPITAL,Children's National Hospital
cc:a03c0072-d8d9-48d1-af95-fe49d64149b1,EDGERTON HOSPITAL MILTON CLINIC,Edgerton Hospital Milton Clinic
cc:a043c26c-1562-46ed-9e90-1f35d9650fc0,KINDRED HOSPITAL HOUSTON NORTHWEST,Kindred Hospital Houston Northwest
cc:a04dfd05-0fcc-4a0d-9491-75db8b6bb0ff,ENCOMPASS HEALTH REHABILITATION HOSPITAL OF NORTH ALABAMA,Encompass Health Rehabilitation Hospital of North Alabama
cc:a0526b2e-f1d9-4955-a7e1-fd03b357160d,CHRISTUS GOOD SHEPHERD HOSPITAL - NORTHPARK,CHRISTUS Good Shepherd Hospital - Northpark
cc:a0529661-eb8c-480f-84e0-227a65f8e7be,OCEANS BEHAVIORAL HOSPITAL LUFKIN,Oceans Behavioral Hospital Lufkin
cc:a05572ef-5bad-4acd-9870-dc44b82e041f,WILLIAM NEWTON HOSPITAL,William Newton Hospital
cc:a05f0cca-058e-4f29-81f6-d8157c8ef72d,LOUISIANA EXTENDED CARE HOSPITAL OF LAFAYETTE,Louisiana Extended Care Hospital of Lafayette
cc:a07b0d43-2e86-449d-9ea2-f6c33e668e5e,HEMET VALLEY RECOVERY CENTER & SAGE RETREAT,Hemet Valley Recovery Center & Sage Retreat
cc:a083b810-5df6-466a-b8ba-fae961155ddd,SABETHA COMMUNITY HOSPITAL,Sabetha Community Hospital
cc:a092d1a2-ed00-47a3-9e74-2f11068964fd,CHRISTUS ST. MICHAEL HOSPITAL TEXARKANA,CHRISTUS St. Michael Hospital Texarkana
cc:a0b7e9c4-5be5-424e-b014-f33a2f4e0365,UF HEALTH JACKSONVILLE,UF Health Jacksonville
cc:a0bb74a8-5ee7-4fdf-9105-344f45b8b087,STORY COUNTY MEDICAL CENTER,Story County Medical Center
cc:a0d1a2bb-bd2b-4029-ad5b-15761054be25,REGIONAL WEST MEDICAL CENTER,Regional West Medical Center
cc:a0e5a91a-ae74-4636-80dd-cb99664b3f84,UPMC HORIZON-SHENANGO VALLEY,UPMC Horizon-Shenango Valley
cc:a0f4b6f8-3a28-4b3a-b664-b48d4b6da90e,REHABILITATION HOSPITAL OF BOWIE,Rehabilitation Hospital of Bowie
cc:a101d5dd-88f8-427b-bb2d-c3fcb420876a,UPPER CONNECTICUT VALLEY HOSPITAL,Upper Connecticut Valley Hospital
cc:a1023000-cc5e-4861-aa61-6c21b296d2a1,EXCEPTIONAL COMMUNITY HOSPITAL ELOY,Exceptional Community Hospital Eloy
cc:a103a8f2-9ca1-4058-9431-3bec3544671c,SOUTHWOOD CHILDREN'S BEHAVIORAL HEALTHCARE,Southwood Children's Behavioral Healthcare
cc:a1056ce6-756c-4db3-8b6e-b97bcd04c23e,PAM HEALTH REHABILITATION HOSPITAL OF GEORGETOWN,PAM Health Rehabilitation Hospital of Georgetown
cc:a10621e2-2abc-485f-bd08-8b7696ec4d84,FRANCISCAN HEALTH CROWN POINT,Franciscan Health Crown Point
cc:a12b1dc1-6f24-483c-ac7e-43167003ff28,HSS ASC OF MANHATTAN,HSS ASC of Manhattan
cc:a1352267-a1f1-4d88-9121-8c056f258084,NOVANT HEALTH EAST COOPER MEDICAL CENTER,Novant Health East Cooper Medical Center
cc:a13dfb4b-22d1-4fd5-96ec-a9368f01d884,HAMILTON MEDICAL CENTER,Hamilton Medical Center
cc:a1458502-d87b-44dc-b249-0d0f1b610dc7,EXCEPTIONAL COMMUNITY HOSPITAL YUMA,Exceptional Community Hospital Yuma
cc:a15460b6-1fb2-4b4a-a7c6-86605c31742b,LATROBE HOSPITAL,Latrobe Hospital
cc:a156021d-0528-45ee-a1de-adc93a392c62,ST. JAMES PARISH HOSPITAL,St. James Parish Hospital
cc:a16280d5-a702-41ad-8ac5-767a06863a6a,REUNION REHABILITATION HOSPITAL ARLINGTON,Reunion Rehabilitation Hospital Arlington
cc:a16d9db8-15ef-4afa-852d-c6b023ed7879,IU HEALTH NORTH HOSPITAL,IU Health North Hospital
cc:a1709a78-33d9-4791-9ab4-e9c3c13f12bc,CULBERSON HOSPITAL,Culberson Hospital
cc:a175737a-8f09-497b-a232-b8b406ee076d,HATTIESBURG CLINIC,Hattiesburg Clinic
cc:a17fc2de-3571-4007-9737-dff011aa432b,HCA FLORIDA LAWNWOOD HOSPITAL,HCA Florida Lawnwood Hospital
cc:a1841832-b566-4d9b-a8dc-8a07c2f31bf9,SCOTTISH RITE HOSPITAL FOR CHILDREN,Scottish Rite Hospital for Children
cc:a19258a7-d139-4316-a2df-902260efc9a5,TELECARE SANTA CRUZ PHF,Telecare Santa Cruz PHF
cc:a19bd8c8-c25d-4fb6-a1db-9e408125b835,MAYO CLINIC HEALTH SYSTEM OAKRIDGE OSSEO,Mayo Clinic Health System Oakridge Osseo
cc:a19dd53e-0f9e-4ece-ae27-327434c62e35,MAYAGUEZ MEDICAL CENTER,Mayaguez Medical Center
cc:a19f59ca-a543-4494-93bf-6b491d1bf752,FOREST VIEW HOSPITAL,Forest View Hospital
cc:a1ab28ab-2aed-440f-91f4-5c804bb6b96f,UNITYPOINT HEALTH IOWA METHODIST MEDICAL CENTER,UnityPoint Health Iowa Methodist Medical Center
cc:a1b106f2-8ac1-49ec-8a1d-ab76b4b4bb15,KANE COUNTY HOSPITAL,Kane County Hospital
cc:a1b5238c-a16a-4119-b7be-f9760f4ed8ca,PROVIDENCE WILLAMETTE FALLS MEDICAL CENTER,Providence Willamette Falls Medical Center
cc:a1b6ebed-9a39-49dd-b525-b79e519fe54b,LOUISIANA EXTENDED CARE HOSPITAL OF NATCHITOCHES,Louisiana Extended Care Hospital of Natchitoches
cc:a1b7e0cd-09b0-42de-8ae3-db8fc6570e5d,CITY OF HOPE PHOENIX CANCER HOSPITAL,City of Hope Phoenix Cancer Hospital
cc:a1c3eb52-409b-4e38-9310-a0cb26e17ee9,SANTA ROSA MEDICAL CENTER,Santa Rosa Medical Center
cc:a1d34b6d-1ca4-4540-a930-2910282f5b03,PAM HEALTH SPECIALTY HOSPITAL OF PITTSBURGH,PAM Health Specialty Hospital of Pittsburgh
cc:a1d4a4c0-9f35-4ca6-bb90-ce6ee5e1bc79,CLEARSKY REHABILITATION HOSPITAL OF BAYTOWN,Clearsky Rehabilitation Hospital of Baytown
cc:a1e0ecad-2bbf-4ec5-b286-7582c857ca68,UF HEALTH REHABILITATION HOSPITAL,UF Health Rehabilitation Hospital
cc:a1e30056-2fff-4226-9ef7-e4230ceac0d8,NORTHWEST COMMUNITY HOSPITAL,Northwest Community Hospital
cc:a1e79059-d28d-4fdf-8007-24d1e85f87fb,BAPTIST & WOLFSON ST. AUGUSTINE EMERGENCY ROOM,Baptist & Wolfson St. Augustine Emergency Room
cc:a1e94a6b-abca-41de-be76-c969e6922d27,DOCTORS MEMORIAL HOSPITAL,Doctors Memorial Hospital
cc:a1ea5bcc-9602-4b35-826c-d99b33971d08,WEST TENNESSEE HEALTHCARE DYERSBURG HOSPITAL,West Tennessee Healthcare Dyersburg Hospital
cc:a1f5d448-4e5c-4563-9aab-a7015acc4d4a,COMMONSPIRIT ST. ANTHONY SUMMIT HOSPITAL,Commonspirit St. Anthony Summit Hospital
cc:a20791a4-a479-4927-b0c5-bd08495699b3,PALM POINT BEHAVIORAL HEALTH,Palm Point Behavioral Health
cc:a20d4fd4-4620-48fe-a19a-e4024336154f,METHODIST CELINA MEDICAL CENTER,Methodist Celina Medical Center
cc:a210df1c-7b5e-4846-b40f-6433dfc6dacb,SAUNDERS MEDICAL CENTER,Saunders Medical Center
cc:a211de9c-0ad4-48b6-87aa-338d4f01476b,HOSPITAL GENERAL DE CASTANER,Hospital General de Castaner
cc:a21a4de3-1e26-4ea0-99df-d9ca1bf384f8,PHYSICIANS REGIONAL - PINE RIDGE,Physicians Regional - Pine Ridge
cc:a227e344-4970-4e53-a972-0d9216d075ba,GRANITE HILLS HOSPITAL,Granite Hills Hospital
cc:a22f000b-08af-4c29-9417-ece289b146f1,CARILION TAZEWELL COMMUNITY HOSPITAL,Carilion Tazewell Community Hospital
cc:a2325a22-4854-4daa-a969-99417f745ca1,ANAHEIM GLOBAL MEDICAL CENTER,Anaheim Global Medical Center
cc:a243fe54-b106-4866-9b29-71da9f6b15f8,PORTSMOUTH REGIONAL HOSPITAL,Portsmouth Regional Hospital
cc:a24a686c-c002-4295-aed1-2c760e54614c,RUSSELL COUNTY HOSPITAL,Russell County Hospital
cc:a24e6bb0-7cfe-412d-9b59-21e22c3229e9,NORTHEAST REHABILITATION HOSPITAL NASHUA AT SOUTHERN NH MEDICAL CENTER,Northeast Rehabilitation Hospital Nashua at Southern Nh Medical Center
cc:a250effe-835a-4598-83f7-2f5ca781586c,ADVENTHEALTH SEBRING,AdventHealth Sebring
cc:a2527b63-cd94-40f9-a0f4-0faf620cde45,UCHICAGO MEDICINE CROWN POINT,UChicago Medicine Crown Point
cc:a2533e09-c073-46be-a43e-27aa218b260a,WARNER HOSPITAL AND HEALTH SERVICES,Warner Hospital and Health Services
cc:a26f0f5a-c008-4455-8758-18e18d48084c,IRWIN COUNTY HOSPITAL,Irwin County Hospital
cc:a275c2cc-efa3-4ee5-bca1-3387a4bcfc2a,MONTEFIORE NEW ROCHELLE HOSPITAL,Montefiore New Rochelle Hospital
cc:a27ffe0e-76ea-44e6-8d71-6efba481eb5f,CENTRA BEDFORD MEMORIAL HOSPITAL,Centra Bedford Memorial Hospital
cc:a29536cc-fb29-4f28-bd5c-e7f1adbda4d7,MEMORIAL HERMANN SOUTHWEST HOSPITAL,Memorial Hermann Southwest Hospital
cc:a299f18d-f16b-4db8-93f4-efec5c042cd9,SALEM TOWNSHIP HOSPITAL,Salem Township Hospital
cc:a2a04c6c-d831-4b74-8363-ea2bc9abf6f8,EAST LOS ANGELES DOCTORS HOSPITAL,East los Angeles Doctors Hospital
cc:a2abebc0-c0b3-4f15-9176-32137eca6e5e,HACKENSACK MERIDIAN MOUNTAINSIDE MEDICAL CENTER,Hackensack Meridian Mountainside Medical Center
cc:a2b1dea3-50b2-452f-b018-b79a2a416370,NORTHEAST MONTANA HEALTH POPLAR COMMUNITY HOSPITAL,Northeast Montana Health Poplar Community Hospital
cc:a2b84889-3382-41e9-b827-7f35bf95f929,VERDE VALLEY MEDICAL CENTER,Verde Valley Medical Center
cc:a2c17509-87c5-4588-916e-6a5029be9872,HSS SOUTHAMPTON,HSS Southampton
cc:a2dde2af-c8a7-40c0-b2f7-66572e45fe1f,MIDDLE PARK MEDICAL CENTER,Middle Park Medical Center
cc:a2e26828-c967-4be9-9821-9e957c212cea,YUMA REHABILITATION HOSPITAL,Yuma Rehabilitation Hospital
cc:a2e36b50-23d6-45bd-9f18-95a2a23a6691,ENCOMPASS HEALTH REHABILITATION HOSPITAL OF HARMARVILLE,Encompass Health Rehabilitation Hospital of Harmarville
cc:a2e7e654-38c2-4840-a4a8-0707daf179bb,GLENWOOD BEHAVIORAL HEALTH HOSPITAL,Glenwood Behavioral Health Hospital
cc:a2f1ee6f-3168-4241-b3fe-6fa3bc4b4ece,UCI HEALTH - FOUNTAIN VALLEY,UCI Health - Fountain Valley
cc:a2fddf45-38f3-498e-ba7d-549e2cd4b6ec,USMD HOSPITAL AT ARLINGTON,USMD Hospital at Arlington
cc:a31606a9-891c-480b-9d21-d34baa147396,MEDSTAR HEALTH PHYSICAL THERAPY AT CHEVY CHASE SOUTH,MedStar Health Physical Therapy at Chevy Chase South
cc:a31739be-95f1-427d-b0f3-01c5e6c3bb0b,MEDSTAR HEALTH PHYSICAL THERAPY AT OXON HILL,MedStar Health Physical Therapy at Oxon Hill
cc:a3186dcd-39de-4bd4-a4ce-a2c94e08ef0b,UCI HEALTH - LOS ALAMITOS,UCI Health - Los Alamitos
cc:a31b705c-f398-4c38-bb25-3168801de611,WEST CALCASIEU CAMERON HOSPITAL,West Calcasieu Cameron Hospital
cc:a31bb134-b746-4e0b-9e35-03a607b82210,BRENTWOOD BEHAVIORAL HEALTHCARE,Brentwood Behavioral Healthcare
cc:a320de2a-0a05-4d43-a94d-b0720e64238a,UNIVERSITY OF CALIFORNIA IRVINE MEDICAL CENTER,University of California Irvine Medical Center
cc:a3362100-bd4d-4547-b1a8-8faa87777346,SANFORD HOSPITAL WEBSTER,Sanford Hospital Webster
cc:a33f3a4a-aac8-4754-af6a-131d88ed7e4e,LUTHERAN CHILDREN'S HOSPITAL,Lutheran Children's Hospital
cc:a36a2569-0b7e-4d59-a5ce-a71d5b3397ec,ARCHBOLD MITCHELL COUNTY HOSPITAL,Archbold Mitchell County Hospital
cc:a37eb62f-b584-41ee-87b6-e85de2faee70,WELLSTAR KENNESTONE REGIONAL MEDICAL CENTER,Wellstar Kennestone Regional Medical Center
cc:a3818ebd-dba9-446b-b9b2-e2f784e3b40f,FRANKFORT REGIONAL MEDICAL CENTER,Frankfort Regional Medical Center
cc:a382e8ba-9ff8-4877-84fd-1657a53d8a92,MEDSTAR HEALTH PHYSICAL THERAPY AT TOWSON UNIVERSITY,MedStar Health Physical Therapy at Towson University
cc:a3999e03-4a1a-44ed-a6ed-f1f6678e4112,MEDICAL CENTER BARBOUR,Medical Center Barbour
cc:a39f1b70-f6d7-4111-b4fa-708f0bc0cfc2,SUMMIT OAKS HOSPITAL,Summit Oaks Hospital
cc:a3a4c252-955f-42b3-9586-432abdfee83c,PAM HEALTH SPECIALTY HOSPITAL OF STOUGHTON,PAM Health Specialty Hospital of Stoughton
cc:a3b3bd61-b6a5-4630-9961-e2730a647189,ANMED HEALTH MEDICAL CENTER,AnMed Health Medical Center
cc:a3b4b28f-086b-47fe-930e-f320d55a5365,UNIVERSITY OF MARYLAND SHORE EMERGENCY CENTER AT QUEENSTOWN,University of Maryland Shore Emergency Center at Queenstown
cc:a3c5ba7a-4d57-4e60-b364-d70b7541fa80,HOUSTON METHODIST CLEAR LAKE HOSPITAL,Houston Methodist Clear Lake Hospital
cc:a3d553bd-8b5e-46bc-afaa-01d433494340,VITRUVIAN HEALTH BRADLEY MEDICAL CENTER,Vitruvian Health Bradley Medical Center
cc:a3f39395-114d-4274-bdbd-7f369fb66bf3,CENTRACARE SAUK CENTRE HOSPITAL,Centracare Sauk Centre Hospital
cc:a4022f3e-0452-4a29-a947-536fdfd5352d,NORTH MS MEDICAL CENTER - EUPORA,North Ms Medical Center - Eupora
cc:a4239af4-7913-4f60-ab05-5e6be35910db,AHN WEXFORD HOSPITAL,AHN Wexford Hospital
cc:a4240d36-bf4c-44cf-95bb-17f6cd7240ef,PIEDMONT FAYETTE HOSPITAL,Piedmont Fayette Hospital
cc:a42c97f1-32ff-4613-8644-ddffd8d4eb6a,CALDWELL MEDICAL CENTER,Caldwell Medical Center
cc:a42d4ebc-3814-4df9-8eea-7fde36d7ce46,HCA FLORIDA BRANDON HOSPITAL,HCA Florida Brandon Hospital
cc:a43382f9-04d4-46b1-8487-dcbcca5c6aec,HOSP ANDRES GRILLASCA INC (CENTRO DE ONCOLOGICA AVANZADA),Hospital Andres Grillasca Inc (Centro de Oncologica Avanzada)
cc:a437a3b2-7adc-4547-b1a4-dbdc7acc2f50,SPARTANBURG MEDICAL CENTER - MARY BLACK CAMPUS,Spartanburg Medical Center - Mary Black Campus
cc:a43f3966-d36f-41fd-bad9-3e0a20df474e,MEDSTAR HEALTH PHYSICAL THERAPY AT LUTHERVILLE HAND CENTER,MedStar Health Physical Therapy at Lutherville Hand Center
cc:a449785b-51c9-45d8-a917-b523314e78c9,JEFFERSON HEALTHCARE MEDICAL CENTER,Jefferson Healthcare Medical Center
cc:a4505c04-338c-4498-8a89-f46aa426b4f5,CLEARVISTA BEHAVIORAL HEALTH LORAIN,Clearvista Behavioral Health Lorain
cc:a45dcf96-2a3e-466a-9e88-2a3974c28262,PARKLAND HEALTH CENTER-FARMINGTON,Parkland Health Center-Farmington
cc:a460b382-e0cb-4c89-a466-e90d401d6d2c,BOSTON MEDICAL CENTER - SOUTH,Boston Medical Center - South
cc:a466c399-11d7-4248-976c-5825acd59d37,UPMC ALTOONA,UPMC Altoona
cc:a477968a-fe2e-4c4c-9cfa-00ead9590a8d,DIGNITY HEALTH - MARIAN REGIONAL MEDICAL CENTER,Dignity Health - Marian Regional Medical Center
cc:a48c6259-da4c-4e06-a09a-a23bb475cd2c,BAPTIST MEDICAL CENTER,Baptist Medical Center
cc:a491e121-9393-4ae9-8aaf-50e7151332c7,PENN MEDICINE GOOD SHEPHERD REHABILITATION SPECIALTY HOSPITAL,Penn Medicine Good Shepherd Rehabilitation Specialty Hospital
cc:a4979d1e-93cf-4977-b313-ca334b6ccb94,ENCOMPASS HEALTH REHABILITATION HOSPITAL OF NORTHWEST TUCSON,Encompass Health Rehabilitation Hospital of Northwest Tucson
cc:a4ad21b3-7186-40f1-b1b4-a0d868e0e6bd,OCEANS BEHAVIORAL HOSPITAL BATON ROUGE,Oceans Behavioral Hospital Baton Rouge
cc:a4b830b2-fc47-49d8-9625-83e5cce99c94,UNIVERSITY ORTHOPAEDIC CENTER,University Orthopaedic Center
cc:a4c9f465-9440-49bb-b441-f3ef5c15bde7,ORLANDO HEALTH SOUTH LAKE HOSPITAL,Orlando Health South Lake Hospital
cc:a4d48d2b-96e4-4331-b5d3-4917de7ccd20,BOWDLE HEALTHCARE,Bowdle Healthcare
cc:a4d494b8-0b07-430a-a5d3-88cd7b8f7dae,NORTHWEST HILLS SURGICAL HOSPITAL,Northwest Hills Surgical Hospital
cc:a4d893c9-5749-47b6-b534-695221fb65ba,NORTHERN LIGHT CA DEAN HOSPITAL,Northern Light Ca Dean Hospital
cc:a4e687ad-a55c-4fe7-bfe0-ac489187ad67,MORA HOSPITAL,Mora Hospital
cc:a4f3e09b-c3a6-41d7-8225-de758eba5821,NORTH TEXAS MEDICAL CENTER,North Texas Medical Center
cc:a4f9b312-cc7c-4d28-b960-417616170749,POCAHONTAS MEMORIAL HOSPITAL,Pocahontas Memorial Hospital
cc:a500a8b7-7aed-49a2-9d16-26001e0c71cf,ARCHCARE AT TERENCE CARDINAL COOKE HEALTH CARE CENTER,Archcare at Terence Cardinal Cooke Health Care Center
cc:a501bdc7-2a3d-4d85-890b-3824f8c7c013,BAYLOR SCOTT & WHITE MEDICAL CENTER PFLUGERVILLE,Baylor Scott & White Medical Center Pflugerville
cc:a510db7a-49bf-4113-b716-ed24b2461d33,USC VERDUGO HILLS HOSPITAL,USC Verdugo Hills Hospital
cc:a52ab786-5955-4d76-b9b7-7433d940f1e3,HOLTON COMMUNITY HOSPITAL,Holton Community Hospital
cc:a52d18f9-20bf-4d88-b20d-9f95179d5573,MINNIE HAMILTON HEALTH CARE CENTER,Minnie Hamilton Health Care Center
cc:a53218b1-6a8f-4e6f-8fb8-8f98f3ca0960,BLOOMINGTON REGIONAL REHABILITATION HOSPITAL,Bloomington Regional Rehabilitation Hospital
cc:a535761d-8f05-4be2-a59c-59d52fa3115e,METHODIST CHILDRENS HOSPITAL,Methodist Childrens Hospital
cc:a53e38f4-76cb-4088-becc-96fd93f419e6,ST LUKE'S HEALTH - MEMORIAL LIVINGSTON,St. Luke's Health - Memorial Livingston
cc:a5470e76-6794-4af4-beeb-35678c787532,IDAHO FALLS COMMUNITY HOSPITAL,Idaho Falls Community Hospital
cc:a547d9d1-3cbc-4626-af8f-7320409a4b72,INTERMOUNTAIN HEALTH LDS HOSPITAL,Intermountain Health LDS Hospital
cc:a56e43c7-42b5-4aa6-b6a6-58c3616513ef,WELLBRIDGE HOSPITAL OF FORT WORTH,Wellbridge Hospital of Fort Worth
cc:a576d9f8-4dec-4fcb-bfdd-d02a2663258a,SOUTHEAST IOWA REGIONAL MEDICAL CENTER FORT MADISON,Southeast Iowa Regional Medical Center Fort Madison
cc:a579340f-97ff-4586-a37e-3fbd295fe4c8,ENCOMPASS HEALTH REHABILITATION HOSPITAL OF MORGANTOWN AT BRIDGEPORT,Encompass Health Rehabilitation Hospital of Morgantown at Bridgeport
cc:a57a6691-ebdd-4438-91bc-7ba242b7029b,TAMPA GENERAL HOSPITAL CRYSTAL RIVER,Tampa General Hospital Crystal River
cc:a5b53a6f-63c9-4cae-a608-e087adf0f9ff,DIGNITY HEALTH ST. ROSE DOMINICAN CENTENNIAL CAMPUS,Dignity Health St. Rose Dominican Centennial Campus
cc:a5b85e95-58f4-455b-a39b-064e7e5bb6e9,MARION GENERAL HOSPITAL,Marion General Hospital
cc:a5c83b33-dbf6-4e49-a755-8911aab2f6ae,BERGEN NEW BRIDGE MEDICAL CENTER,Bergen New Bridge Medical Center
cc:a5c84596-f879-44c0-896a-d7ea8ded063a,GRAHAM HOSPITAL,Graham Hospital
cc:a5cc0d87-7893-4a61-98c4-1cb12b2759ff,WOMEN AND INFANTS HOSPITAL,Women and Infants Hospital
cc:a5ee971b-38a1-4893-ad8f-ce9b8dc1a92f,HOUSTON METHODIST EMERGENCY CARE AT CYPRESS,Houston Methodist Emergency Care at Cypress
cc:a5f1fccf-c66f-4d82-8942-93437a541c4a,CASS REGIONAL MEDICAL CENTER,Cass Regional Medical Center
cc:a5f31b07-7d57-4b80-8eeb-1d25f457dbc7,ADVENTHEALTH LAKE WALES,AdventHealth Lake Wales
cc:a5f6d92d-a45d-4858-8457-dd5b8d13512e,MHP MAJOR HOSPITAL,Mhp Major Hospital
cc:a5fa1216-9351-410a-aceb-160946b27f6b,SELECT SPECIALTY HOSPITAL GULF COAST,Select Specialty Hospital Gulf Coast
cc:a6052ef1-be75-49cd-bbfb-fedb858e2fff,KAPIOLANI MEDICAL CENTER  FOR WOMEN AND CHILDREN,Kapiolani Medical Center for Women and Children
cc:a60c6664-d41f-4064-8198-4e0c2e94e35c,EMORY LONG TERM CARE,Emory Long Term Care
cc:a60d38a8-59ae-49a3-a90e-88fbacea9eb8,SOUTHERN TENNESSEE REGIONAL HEALTH SYSTEM SEWANEE,Southern Tennessee Regional Health System Sewanee
cc:a614ac2a-e7ac-40ec-9409-8aef6cf18ed9,KINDRED HOSPITAL CHICAGO - NORTHLAKE,Kindred Hospital Chicago - Northlake
cc:a6246be1-86f5-4744-a273-1919dc59e9b6,NORTH STAR BEHAVIORAL HEALTH,North Star Behavioral Health
cc:a62e7bab-8c7a-4cce-a20d-f63a282e84e3,ENCOMPASS HEALTH REHABILITATION HOSPITAL OF COLUMBIA,Encompass Health Rehabilitation Hospital of Columbia
cc:a634d480-761f-420c-9ddf-03b573290d5e,VIRGINIA MASON FRANCISCAN REHABILITATION HOSPITAL,Virginia Mason Franciscan Rehabilitation Hospital
cc:a63810a8-011c-4137-9635-fb7bf31978d7,THE COOPER UNIVERSITY HOSPITAL,The Cooper University Hospital
cc:a640e767-b523-4deb-9f23-7de8ec780b98,HRI HOSPITAL,Hri Hospital
cc:a654bb8b-ff3c-4a05-b019-8342d3038958,SHELTERING ARMS INSTITUTE,Sheltering Arms Institute
cc:a655ec43-7cde-4030-919f-1e2c08609f6f,NEXUS CHILDREN'S HOSPITAL HOUSTON,Nexus Children's Hospital Houston
cc:a66597b6-f64d-42d7-8273-df018027d58a,ST. LUKES SUGAR LAND HOSPITAL,St. Lukes Sugar Land Hospital
cc:a6737331-d0c3-4563-a022-ddb2913e7afa,PRISMA HEALTH BAPTIST HOSPITAL,Prisma Health Baptist Hospital
cc:a67515fd-abc8-45d5-86ed-85f14ced363a,BROOK LANE HEALTH,Brook Lane Health
cc:a679c18b-9fdc-40a8-880d-87b758c50258,NORTHERN DUTCHESS HOSPITAL,Northern Dutchess Hospital
cc:a67a3be5-4e3b-489b-b421-e4013cbe665b,JOHN MUIR MEDICAL CENTER-CONCORD CAMPUS,John Muir Medical Center-Concord Campus
cc:a68dde31-41e7-412a-98a9-aa34629ee76f,WILDWOOD HEALTH INSTITUTE,Wildwood Health Institute
cc:a69409e8-3f5d-4e24-9489-faeea6bbe8eb,MERCY HOSPITAL KINGFISHER,Mercy Hospital Kingfisher
cc:a695b840-c30b-4e63-9144-2cccf35ff590,THE REHABILITATION INSTITUTE OF ST. LOUIS - ST. PETERS,The Rehabilitation Institute of St. Louis - St. Peters
cc:a69caede-dcab-45cc-893a-67684b654298,DEBORAH HEART AND LUNG CENTER,Deborah Heart and Lung Center
cc:a6a08193-0632-47f2-862e-367f20c184a3,UNIVERSITY OF MARYLAND CHARLES REGIONAL MEDICAL CENTER,University of Maryland Charles Regional Medical Center
cc:a6bb0ea9-ad7b-4267-96bc-e0d8458f38e1,BAYLOR SCOTT & WHITE EMERGENCY HOSPITAL - ROCKWALL,Baylor Scott & White Emergency Hospital - Rockwall
cc:a6c30a7c-5d9c-40f0-8db3-c2a1372c3c8b,UCHEALTH GRANDVIEW HOSPITAL,UCHealth Grandview Hospital
cc:a6d4e7bf-028d-466c-9e52-936266d0a16e,HERRIMAN EMERGENCY CENTER,Herriman Emergency Center
cc:a7051718-8995-49b1-99bd-56d193019492,AVITA GALION COMMUNITY HOSPITAL,Avita Galion Community Hospital
cc:a71aa826-1f21-49e2-8a92-a1b478a41920,UCHICAGO MEDICINE ADVENTHEALTH GLENOAKS,UChicago Medicine AdventHealth GlenOaks
cc:a72261f4-3952-4d88-b688-019b403fbc80,INSPIRA MEDICAL CENTER MANNINGTON,Inspira Medical Center Mannington
cc:a728179a-c306-4e3c-a66c-d68024092a9c,ATRIUM HEALTH LINCOLN,Atrium Health Lincoln
cc:a72cdce0-5351-41b3-8852-fee835d05ded,INTERMOUNTAIN HEALTH AMERICAN FORK HOSPITAL,Intermountain Health American Fork Hospital
cc:a72e3e9c-fae0-4d6c-b226-e8ed16bff144,WELLSTAR MCG HEALTH MEDICAL CENTER,Wellstar MCG Health Medical Center
cc:a7420fcd-81ee-4a0c-a75e-d4b4eefe9f4d,HUNTINGTON BEACH HOSPITAL,Huntington Beach Hospital
cc:a74a2af0-c90b-4348-8420-854bf6fa884b,LEGACY SALMON CREEK MEDICAL CENTER,Legacy Salmon Creek Medical Center
cc:a756df20-3d94-446d-940d-8bfe2ecc10c6,SELECT SPECIALTY HOSPITAL ATLANTIC CITY,Select Specialty Hospital Atlantic City
cc:a75faadf-87dc-4de6-ad71-a7f28c384135,SGMC BERRIEN CAMPUS,SGMC Berrien Campus
cc:a75fc9c9-7e14-4c99-90f4-0c859d758719,ASPIRE HOSPITAL,Aspire Hospital
cc:a7695494-024c-47b7-bad6-686e97fa2cf0,SHAMROCK GENERAL HOSPITAL,Shamrock General Hospital
cc:a78418e2-0a10-400b-bc26-e6cb12b0023d,TRINITY HEALTH GRAND RAPIDS HOSPITAL,Trinity Health Grand Rapids Hospital
cc:a78dc712-01ea-4bc9-a2a1-6fe692fbe79c,ASANTE ROGUE REGIONAL MEDICAL CENTER,Asante Rogue Regional Medical Center
cc:a78e1094-717c-456e-9c5e-84467ddc015a,DELTA MEMORIAL HOSPITAL,Delta Memorial Hospital
cc:a797226f-f9f5-4629-b4ab-933ab203a465,DORMINY MEDICAL CENTER,Dorminy Medical Center
cc:a7ae67b3-0e3c-4c25-ab9a-a39039ce37ea,GEISINGER COMMUNITY MEDICAL CENTER,Geisinger Community Medical Center
cc:a7c0e118-4176-49fc-8780-0f4245985d4a,BAPTIST HEALTH LA GRANGE,Baptist Health La Grange
cc:a7c9ce0d-7f1a-44a8-b67c-7ce2423ac3ee,LLANO REGIONAL HOSPITAL,Llano Regional Hospital
cc:a7d03bdf-4441-4771-b897-7a5fc31008e7,THREE GABLES SURGERY CENTER,Three Gables Surgery Center
cc:a7d2685e-98f7-40eb-afa8-22b62db98465,MAGNOLIA REGIONAL HEALTH CENTER,Magnolia Regional Health Center
cc:a7d494e5-0c7e-404c-b2ad-6483900fe6d8,WHITTIER REHABILITATION HOSPITAL BRADFORD,Whittier Rehabilitation Hospital Bradford
cc:a7d7bdba-477e-42f4-808a-0684672d9f10,AVERA FOX RUN HEALTH CAMPUS,Avera Fox Run Health Campus
cc:a7d8671c-56a6-4255-a21d-cc20ecaeecec,GUTHRIE LOURDES HOSPITAL,Guthrie Lourdes Hospital
cc:a7f45f23-ec4e-4578-bb09-5cf9f5e35045,SANFORD CANTON-INWOOD MEDICAL CENTER,Sanford Canton-Inwood Medical Center
cc:a7f8842f-8c66-43da-a299-9ebc0cc549bd,NEMAHA COUNTY HOSPITAL,Nemaha County Hospital
cc:a800cce4-44b7-4c53-8ad2-088f4d0bee7e,BURGESS HEALTH CENTER,Burgess Health Center
cc:a813574e-9c73-4964-ad74-75b6feb28eb3,SENTARA PORT WARWICK,Sentara Port Warwick
cc:a81aabbc-3ed0-4fa5-8c2b-e173dd62e96d,MOUNTAINVIEW HOSPITAL,Mountainview Hospital
cc:a81ed6f0-7c55-4dbf-8d53-4c52966e5b3f,JACKSONVILLE MEMORIAL HOSPITAL,Jacksonville Memorial Hospital
cc:a82a8c2f-451b-4028-92c2-a2e933979d35,ADVENTIST HEALTH SELMA,Adventist Health Selma
cc:a834375c-db86-4d36-94e6-21e1d509ce42,MONROE COUNTY MEDICAL CENTER,Monroe County Medical Center
cc:a83529e5-6b6b-4a4f-80b2-e684b1631076,NIAGARA FALLS MEMORIAL MEDICAL CENTER,Niagara Falls Memorial Medical Center
cc:a836db64-ac59-41d3-bd9c-a07d02f3cfed,FOUR WINDS HOSPITAL WESTCHESTER,Four Winds Hospital Westchester
cc:a83ba0d3-09f2-4afd-86ec-52d615c98622,BATES COUNTY MEMORIAL HOSPITAL,Bates County Memorial Hospital
cc:a841fee5-a8a9-490c-be78-4534a0d4598c,"UNIVERSITY OF PUERTO RICO HOSPITAL, DR. FEDERICO TRILLA","University of Puerto Rico Hospital, Dr. Federico Trilla"
cc:a8459711-7168-48bc-8a82-e959b7d8a8b1,DOWN EAST COMMUNITY HOSPITAL,Down East Community Hospital
cc:a84c8572-4332-43bc-a16a-b9d42f2092d3,LAKE CUMBERLAND REGIONAL HOSPITAL,Lake Cumberland Regional Hospital
cc:a84f309c-cd7f-47f1-9ad3-72e2bafefe9c,CORPUS CHRISTI MEDICAL CENTER - THE HEART HOSPITAL,Corpus Christi Medical Center - The Heart Hospital
cc:a85249a3-aef8-4e21-9273-bb06a8dc5931,UOFL HEALTH - MARY & ELIZABETH HOSPITAL,UofL Health - Mary & Elizabeth Hospital
cc:a853aef6-130e-4692-a7a4-547998869c8c,ELECTRA MEMORIAL HOSPITAL,Electra Memorial Hospital
cc:a867db5e-6982-4029-9a8b-e203c69ba546,COMMONSPIRIT PENROSE HOSPITAL,Commonspirit Penrose Hospital
cc:a869a995-cf3b-4934-8202-aaed80ff414a,OHIO VALLEY SURGICAL HOSPITAL,Ohio Valley Surgical Hospital
cc:a86c2198-0ac2-4691-8cd5-eb089505ab56,CHI ST. JOSEPH HEALTH GRIMES HOSPITAL,CHI St. Joseph Health Grimes Hospital
cc:a8742b70-cb2e-45ed-a7a6-337e753a0b33,ATRIUM HEALTH FLOYD HARBIN MEDICAL CENTER,Atrium Health Floyd Harbin Medical Center
cc:a87804f9-260d-4f6b-934c-5ec447eeca45,CHILDREN'S HOSPITAL OF LOS ANGELES,Children's Hospital of los Angeles
cc:a87a4c66-4e47-44c0-97d1-44371ab0357d,POPLAR BLUFF REGIONAL MEDICAL CENTER - OAK GROVE,Poplar Bluff Regional Medical Center - Oak Grove
cc:a8822c35-49e4-441f-80fd-b1441ba45036,ECU HEALTH EDGECOMBE HOSPITAL,ECU Health Edgecombe Hospital
cc:a88263c9-4f7a-465e-80b7-887730cf7ddc,SANTA YNEZ VALLEY COTTAGE HOSPITAL,Santa Ynez Valley Cottage Hospital
cc:a884f470-31e9-4206-94e6-4e2fc991ded8,KAISER PERMANENTE FONTANA MEDICAL CENTER,Kaiser Permanente Fontana Medical Center
cc:a88620c5-8262-42f5-adea-59c17d69d9ec,ADAIR COUNTY MEMORIAL HOSPITAL,Adair County Memorial Hospital
cc:a88cffea-1ed8-4760-b227-a98cef9aaaad,DUKE HEALTH LAKE NORMAN HOSPITAL,Duke Health Lake Norman Hospital
cc:a8903f9f-1185-4327-8732-4f448048b0f8,DANBURY HOSPITAL,Danbury Hospital
cc:a894387f-25e9-4556-b14c-77effa301552,PUNXSUTAWNEY AREA HOSPITAL,Punxsutawney Area Hospital
cc:a89454a1-444f-4a6a-b5fc-248bd256d574,HCA HOUSTON HEALTHCARE PEARLAND MEDICAL CENTER,HCA Houston Healthcare Pearland Medical Center
cc:a8994ff6-673a-4ff1-a5ab-697a1222c1cd,COMMUNITY HEART AND VASCULAR HOSPITAL,Community Heart and Vascular Hospital
cc:a89f8b4c-a4fc-462a-86e8-2dd09507b73f,COMMUNITY SURGERY CENTER SOUTH,Community Surgery Center South
cc:a8ab5a59-8034-4704-9ff0-cb5628936c51,ASCENSION SACRED HEART HOSPITAL PENSACOLA,Ascension Sacred Heart Hospital Pensacola
cc:a8b1aefe-da86-48b1-a6b6-9ed71f21afde,HENDERSON COMMUNITY HOSPITAL,Henderson Community Hospital
cc:a8bb90e8-4021-4342-8873-5e5ba1fb42ff,AHS SHERMAN MEDICAL CENTER,AHS Sherman Medical Center
cc:a8ca7a9c-070c-412c-bd2c-9d671db65fae,OKLAHOMA SPINE HOSPITAL,Oklahoma Spine Hospital
cc:a8ccb6a1-f708-46a1-ab51-6e7ef3b0fa2c,ST. LUKE'S HOSPITAL MONROE CAMPUS,St. Luke's Hospital Monroe Campus
cc:a8d52c41-0544-4d5c-9d77-0123b6ec9cb8,PRISMA HEALTH RICHLAND HOSPITAL,Prisma Health Richland Hospital
cc:a8d9dcf3-204e-4e87-b06c-9aabe95ef78b,TRINITY HEALTH SHELBY HOSPITAL,Trinity Health Shelby Hospital
cc:a8ee437b-851e-4101-b38d-ce4c3892e57b,TEMPLE WOMEN AND FAMILIES HOSPITAL,Temple Women and Families Hospital
cc:a9008869-04b6-4fe3-9ffc-a0bbaa254ac3,STARR COUNTY MEMORIAL HOSPITAL,Starr County Memorial Hospital
cc:a9054d68-9556-47b1-a22f-a0e5dfd4fb93,PLAISTOW EMERGENCY ROOM,Plaistow Emergency Room
cc:a90a7a02-ee1c-4839-8856-7c6fc819dbb8,UNIONTOWN HOSPITAL,Uniontown Hospital
cc:a91ccef8-17a5-44da-8998-f36df80647c8,OKLAHOMA HEART HOSPITAL SOUTH,Oklahoma Heart Hospital South
cc:a9236f79-3066-4ee2-bde3-a07417ec640f,RIVER OAKS HOSPITAL,River Oaks Hospital
cc:a934f2b4-7f36-471a-8e3f-f3c55fc0ad13,SOUTH FLORIDA EVALUATION AND TREATMENT CENTER,South Florida Evaluation and Treatment Center
cc:a937a945-3481-4807-aa28-d8db95adedb1,ROBERT WOOD JOHNSON UNIVERSITY HOSPITAL HAMILTON,Robert Wood Johnson University Hospital Hamilton
cc:a93cbfc9-8314-4dc3-b891-39306a9ec57d,ENCOMPASS HEALTH HOSPITAL OF WESTERN MASS,Encompass Health Hospital of Western Mass
cc:a940104d-ba9b-4cc2-89a1-df3c9e4e31ae,COREWELL HEALTH GERBER MEMORIAL,Corewell Health Gerber Memorial
cc:a9456de4-81d3-490d-ad0d-955b2a38f90c,REGIONAL ONE HEALTH EXTENDED CARE HOSPITAL,Regional One Health Extended Care Hospital
cc:a9488ed1-7b22-4b6d-9e05-916ca411a220,GARDEN GROVE HOSPITAL AND MEDICAL CENTER,Garden Grove Hospital and Medical Center
cc:a948a32a-714e-4590-8944-c70da6401484,LEGENT ORTHOPEDIC HOSPITAL,Legent Orthopedic Hospital
cc:a95359f7-aaa0-47e7-8c41-bc2c733fcc40,CEDAR RIDGE BEHAVIORAL HOSPITAL,Cedar Ridge Behavioral Hospital
cc:a960814a-3f97-414e-bf68-d6943fbf93cf,BANNER GATEWAY MEDICAL CENTER,Banner Gateway Medical Center
cc:a9616427-ffd7-432f-89b9-896aff3e2963,HCA HEALTHCARE TRIDENT HOSPITAL,HCA Healthcare Trident Hospital
cc:a96178ca-16b7-4b7c-8865-0ca4448d5284,PROHEALTH OCONOMOWOC MEMORIAL HOSPITAL,ProHealth Oconomowoc Memorial Hospital
cc:a9627ff2-97cc-40f1-ba44-e21855d27f9c,DOVER BEHAVIORAL HEALTH SYSTEM,Dover Behavioral Health System
cc:a966a429-8fa0-4765-9278-3faf867b5b41,ADENA FAYETTE MEDICAL CENTER,Adena Fayette Medical Center
cc:a96e402f-0277-44f2-a99b-4fdbbe295b7f,RED BUD REGIONAL HOSPITAL,Red Bud Regional Hospital
cc:a975170a-6d76-42d8-a558-0a450fd91910,HCA HEALTHONE ROSE,HCA HealthONE Rose
cc:a97aa3df-1d74-4f08-b32b-94198417e4a5,SOUTHWEST MS REGIONAL MEDICAL CENTER,Southwest Ms Regional Medical Center
cc:a981c05b-d2bf-490c-996c-b4b71d09eaf9,TRINITAS REGIONAL MEDICAL CENTER,Trinitas Regional Medical Center
cc:a9827e07-7278-41fa-95f1-7d6712de7793,WEST OAKS HOSPITAL,West Oaks Hospital
cc:a98576e4-d409-43bd-8b16-01a56236b2cf,ENGLEWOOD HOSPITAL AND MEDICAL CENTER,Englewood Hospital and Medical Center
cc:a9893857-f896-4c2d-b63e-8842de8fe58a,PARKVIEW HUNTINGTON HOSPITAL,Parkview Huntington Hospital
cc:a990b211-a95f-4b1a-ab6f-4f0216b70d5d,ASHLEY MEDICAL CENTER,Ashley Medical Center
cc:a99ea293-b98a-473e-8954-2c59a7d0e959,SEASIDE HEALTH SYSTEM,Seaside Health System
cc:a9a043ec-b2c2-4a1d-b5ed-b3629c6d1229,VANDERBILT CLARKSVILLE HOSPITAL,Vanderbilt Clarksville Hospital
cc:a9a22097-e9a1-4351-a20f-6849cdb8606b,COPPER SPRINGS,Copper Springs
cc:a9a7183e-1e30-42a6-9344-8558d285a4f1,CORAL SHORES BEHAVIORAL HEALTH,Coral Shores Behavioral Health
cc:a9a9c10d-eab6-42bd-bc77-3fd03a221f72,HIGHPOINT HEALTH - TROUSDALE WITH ASCENSION SAINT THOMAS,Highpoint Health - Trousdale with Ascension Saint Thomas
cc:a9aa2eac-7dc0-427d-96e5-e64712e5c256,PROFESSIONAL HOSPITAL,Professional Hospital
cc:a9ac327a-6047-47a1-9b1b-79a14081fefa,SPARTA COMMUNITY HOSPITAL,Sparta Community Hospital
cc:a9b08a76-e818-4864-b01b-e2b6745ab5ba,CHRISTUS SANTA ROSA EMERGENCY CENTER - CREEKSIDE,CHRISTUS Santa Rosa Emergency Center - Creekside
cc:a9c16ca6-7fdc-43eb-8163-1fcffffb95bf,PERSHING MEMORIAL HOSPITAL,Pershing Memorial Hospital
cc:a9cf8e09-1382-4341-ac33-265cd45496e0,KAISER PERMANENTE RICHMOND MEDICAL CENTER,Kaiser Permanente Richmond Medical Center
cc:a9cfcc75-ed02-46c7-bf98-7e860d783fc3,PUSHMATAHA HOSPITAL,Pushmataha Hospital
cc:a9cfe489-5328-481a-83bc-003612b0f07b,LIGHTHOUSE BEHAVIORAL HEALTH HOSPITAL,Lighthouse Behavioral Health Hospital
cc:a9d6bba6-8f93-46a4-974b-6a8391868a16,ST JOSEPH'S WOMEN'S HOSPITAL,St. Joseph's Women's Hospital
cc:a9e95aa1-b781-4ecd-9a03-21380e2b4559,MAHASKA HEALTH,Mahaska Health
cc:a9ee1668-73d1-481a-869d-5a2b7c2f7fbe,INTENSIVE SPECIALTY HOSPITAL - BOSSIER CITY CAMPUS,Intensive Specialty Hospital - Bossier City Campus
cc:a9fca36e-b325-4d4d-940a-f4423d9fcfe9,FAIRMOUNT BEHAVIORAL HEALTH SYSTEMS,Fairmount Behavioral Health Systems
cc:aa16b46e-9119-4187-ac5f-d811ab0fd057,PERIMETER BEHAVIORAL HOSPITAL OF WEST MEMPHIS,Perimeter Behavioral Hospital of West Memphis
cc:aa1e1d9c-79e1-48b9-9550-2b7cf7596080,HIGHLAND HOSPITAL,Highland Hospital
cc:aa2070e7-194a-496f-9643-c32c859a8a97,ALLIANCE HEALTH CENTER,Alliance Health Center
cc:aa25bc7d-1972-405c-9b73-b734422c714b,TOTALLY KIDS REHABILITATION CENTER,Totally Kids Rehabilitation Center
cc:aa309a28-6724-4c2d-a24e-0986994ab717,ROANE GENERAL HOSPITAL,Roane General Hospital
cc:aa4c7e89-8352-4001-9ea1-02b76126d645,REGIONAL HOSPITAL OF SCRANTON,Regional Hospital of Scranton
cc:aa538dcd-2bec-4c2e-ae08-66ad88943024,RESEARCH PSYCHIATRIC CENTER,Research Psychiatric Center
cc:aa59b08d-eacb-4c4f-8155-f499a88c7cc9,PENINSULA HOSPITAL,Peninsula Hospital
cc:aa8d388b-4b27-4ed8-b1da-1bfe5dce487b,CHRISTUS MOTHER FRANCES HOSPITAL JACKSONVILLE,CHRISTUS Mother Frances Hospital Jacksonville
cc:aa969b0b-a08d-4a57-bf96-6effdfe6467a,CAMERON REGIONAL MEDICAL CENTER,Cameron Regional Medical Center
cc:aaa21cb9-1cd2-45df-9060-17bdb16ea066,MORTON PLANT HOSPITAL,Morton Plant Hospital
cc:aaab8e52-3c19-4c24-85ab-5317a7f88a7e,REUNION REHABILITATION HOSPITAL DENVER,Reunion Rehabilitation Hospital Denver
cc:aaaeb0b2-d176-4d92-83bb-d54ac9cc63a5,SIERRA VIEW MEDICAL CENTER,Sierra View Medical Center
cc:aab5b1eb-ff89-4a58-aa46-b1c277f8dfbd,BAPTIST MEDICAL CENTER CLAY,Baptist Medical Center Clay
cc:aac4c175-515b-4b7e-8352-8174201dbcad,THE WOMAN'S HOSPITAL OF TEXAS,The Woman's Hospital of Texas
cc:aac539a5-db8a-4150-bb40-230a3fdf6775,KARMANOS CANCER CENTER,Karmanos Cancer Center
cc:aad8a3d0-7124-4236-8849-ae1cb29807b0,VISTA SPECIALTY HOSPITAL - WEST MONROE,Vista Specialty Hospital - West Monroe
cc:aadc680f-48ed-4ef0-a7a1-ff11ce7eff4b,EL CENTRO REGIONAL MEDICAL CENTER,El Centro Regional Medical Center
cc:aae8dd9c-1799-4f1a-8783-ca7d9a0cf07f,MERCY TIFFIN HOSPITAL,Mercy Tiffin Hospital
cc:aae9d088-33f5-412c-a651-7388e0a91ad1,PROVIDENCE ST VINCENT MEDICAL CENTER,Providence St. Vincent Medical Center
cc:aaf8386f-fd35-4567-b524-a266fd88ac85,ARCHBOLD HOSPITAL,Archbold Hospital
cc:aafa198c-7118-43f4-ade2-571e3e112a94,HSS BROOKLYN,HSS Brooklyn
cc:aaff20f7-2720-4c28-a33c-834f8c04f8e7,ADVENTHEALTH PORTER,AdventHealth Porter
cc:ab09024e-3530-456c-9986-1c7f25abd8f5,BENEFIS HEALTH CARE (EAST CAMPUS),Benefis Health Care (East Campus)
cc:ab11667f-3bf9-44a1-bc5e-42463d982b3e,HOUSTON METHODIST EMERGENCY CARE CENTER AT KIRBY,Houston Methodist Emergency Care Center at Kirby
cc:ab121e0a-1649-4516-905e-cf98688de393,ORLANDO HEALTH HEALTH CENTRAL HOSPITAL,Orlando Health Health Central Hospital
cc:ab1533ac-c203-414a-9990-d1086475ad17,ENCOMPASS HEALTH REHABILITATION HOSPITAL OF ATHENS,Encompass Health Rehabilitation Hospital of Athens
cc:ab17ad1d-7871-4a97-9002-364385e7fa1d,UNIVERSITY DIALYSIS WEST,University Dialysis West
cc:ab1a4a19-4455-4a7d-8f69-45e0fc828a75,VALLEY PRESBYTERIAN HOSPITAL,Valley Presbyterian Hospital
cc:ab1dc13e-6113-4c28-b911-ee3217c6a0f7,SENTARA INDEPENDENCE,Sentara Independence
cc:ab262896-259d-423c-8c3b-5e4b69ae8366,KANSAS HEART HOSPITAL,Kansas Heart Hospital
cc:ab29d47a-0531-43d5-a5cc-09384ae03f88,FRANCISCAN HEALTHCARE RENSSELAER,Franciscan Healthcare Rensselaer
cc:ab323e27-4f46-4377-a6be-1245ae332f34,CRESTWOOD SOLANO PSYCHIATRIC HEALTH FACILITY,Crestwood Solano Psychiatric Health Facility
cc:ab3599ce-19fd-4f37-9184-37790bcff974,MERCY HOSPITAL LINCOLN,Mercy Hospital Lincoln
cc:ab3df0fc-8c39-442a-ab57-d5c569f6ff93,USA HEALTH PROVIDENCE HOSPITAL,USA Health Providence Hospital
cc:ab4bd0dd-c4f1-422d-a9b9-ee4fcdab1104,CUERO REGIONAL HOSPITAL,Cuero Regional Hospital
cc:ab543c6f-e220-4314-9333-c23c3a6d9554,FREEMAN HEALTH SYSTEM - BENTONVILLE MEDICAL CENTER,Freeman Health System - Bentonville Medical Center
cc:ab583aec-b4e1-42a9-8d51-fbeb34e7e295,BERWICK HOSPITAL CENTER,Berwick Hospital Center
cc:ab59e688-3c47-4b28-8b2c-0f7a6b0b815a,FOREST HEALTH MEDICAL CENTER,Forest Health Medical Center
cc:ab706d5c-c8d1-40a1-995b-46dfb68e33cd,SEDAN CITY HOSPITAL,Sedan City Hospital
cc:ab7ce9ef-07fd-4682-bcae-d0694424d241,SELECT SPECIALTY HOSPITAL - MACOMB COUNTY,Select Specialty Hospital - Macomb County
cc:ab817984-dcb0-4900-b63a-75c54cf55edc,HCA FLORIDA CAPITAL HOSPITAL,HCA Florida Capital Hospital
cc:ab862651-d0bb-458e-962c-3fcdfd00fe0a,GRACE SURGICAL HOSPITAL,Grace Surgical Hospital
cc:ab8b330a-c344-420d-9442-d4f959289e2e,VIBRA HOSPITAL OF SOUTHEASTERN MASSACHUSETTS,Vibra Hospital of Southeastern Massachusetts
cc:ab8dbcce-a6d5-4188-98db-da99b95fb1ab,REHABILITATION HOSPITAL OF MONTANA,Rehabilitation Hospital of Montana
cc:ab91aa82-0576-4fca-b006-0a3450ecb557,HAYS MEDICAL CENTER,Hays Medical Center
cc:ab98323f-8608-4964-b235-e13777233a35,CASEY COUNTY HOSPITAL,Casey County Hospital
cc:ab9c05bb-d438-4439-8c25-0788b9cef316,UNITYPOINT HEALTH TRINITY REGIONAL MEDICAL CENTER,UnityPoint Health Trinity Regional Medical Center
cc:aba81f61-2236-4f91-9463-fb4047fb5eb4,ROCKCASTLE REGIONAL HOSPITAL & RESPIRATORY CARE CENTER,Rockcastle Regional Hospital & Respiratory Care Center
cc:abaff76a-7fcc-4c67-868b-62ff5b2c605c,KINDRED HOSPITAL - NEW JERSEY - MORRIS COUNTY,Kindred Hospital - New Jersey - Morris County
cc:abb08893-07eb-4e17-bfdf-d25c5ffa560f,WEST GABLES REHABILITATION HOSPITAL,West Gables Rehabilitation Hospital
cc:abca839f-abf8-4cc0-9770-b659a433ad22,MCLEAN SOUTHEAST,McLean Southeast
cc:abd44c4d-7c6e-498b-8703-5e7a616d65c2,LOST RIVERS MEDICAL CENTER,Lost Rivers Medical Center
cc:abd8075f-c073-4e89-b07a-7c50eb132e1b,KINDRED HOSPITAL LIMA,Kindred Hospital Lima
cc:abe0e7d9-c5cd-49e6-a78c-90b6c59656d5,MEDSTAR HEALTH PHYSICAL THERAPY AT COPPIN STATE UNIVERSITY,MedStar Health Physical Therapy at Coppin State University
cc:abe9dbe3-4d4b-4e13-935c-dd59606ee7ba,NORTHEASTERN HEALTH SYSTEM SEQUOYAH,Northeastern Health System Sequoyah
cc:abec2099-5892-4d75-869f-711629bd1727,MEDSTAR HEALTH PHYSICAL THERAPY AT BELTSVILLE,MedStar Health Physical Therapy at Beltsville
cc:abf09dd3-d877-4a21-83fa-c7c4a9c6d82a,ENCOMPASS HEALTH REHABILITATION HOSPITAL OF DOTHAN,Encompass Health Rehabilitation Hospital of Dothan
cc:abf3866c-1c6f-45e8-bbb1-59a64fc12f4f,RIVER POINT BEHAVIORAL HEALTH,River Point Behavioral Health
cc:abf4bfa9-48ea-4e0e-b012-7965fb7e16a5,NORTH FLORIDA REHABILITATION HOSPITAL,North Florida Rehabilitation Hospital
cc:ac04509c-4d29-4441-8296-570003dac1cc,W.J. MANGOLD MEMORIAL HOSPITAL,W.J. Mangold Memorial Hospital
cc:ac0ff3d3-16a4-4326-9be9-67035e281cee,LINDNER CENTER OF HOPE,Lindner Center of Hope
cc:ac1e8b4d-aff2-4742-880e-b3c84042fb12,TIDALHEALTH ATLANTIC,Tidalhealth Atlantic
cc:ac258ba1-5a9a-4f2e-9685-398d78983af3,CITY OF HOPE DUARTE - MAIN CAMPUS,City of Hope Duarte - Main Campus
cc:ac309f6b-158b-49f7-9f9e-b83712e37325,MUNSON HEALTHCARE CADILLAC,Munson Healthcare Cadillac
cc:ac3a29fc-8d12-4557-bac4-9632f9054cd0,EDEN MEDICAL CENTER,Eden Medical Center
cc:ac3eefb2-622e-45f8-a998-e1e8db9fcd52,MADISON MEDICAL CENTER,Madison Medical Center
cc:ac567896-0954-4cec-8b64-bf0fb6d04c72,SANFORD CHAMBERLAIN MEDICAL CENTER,Sanford Chamberlain Medical Center
cc:ac571be9-227a-4f93-bc8f-edeb5d0ec489,HILLCREST MEDICAL CENTER,Hillcrest Medical Center
cc:ac6aa7d4-e63d-4ba8-8986-52bef0734119,MULTICARE YAKIMA MEMORIAL HOSPITAL,MultiCare Yakima Memorial Hospital
cc:ac72c4ef-cab8-47b1-9a7c-2ec857ebc691,ADVENTHEALTH MANCHESTER,AdventHealth Manchester
cc:ac83c033-b2a1-4f97-b1fe-5663c984454e,WYNN HOSPITAL,Wynn Hospital
cc:ac921aee-2932-43c4-ad5e-ea23701835f2,RIVERSIDE REGIONAL MEDICAL CENTER,Riverside Regional Medical Center
cc:ac924ac8-f1f1-4833-855d-0d67d3ba5b9c,UPMC CHAUTAUQUA - JONES MEMORIAL HEALTH CENTER,UPMC Chautauqua - Jones Memorial Health Center
cc:ac93551c-93d2-4d9c-ac0a-a8bedcd5bd3c,WEST PENN HOSPITAL,West Penn Hospital
cc:ac98a49d-ad7c-4019-9ba7-cbef326511c5,CONWAY MEDICAL CENTER,Conway Medical Center
cc:ac9a5065-5440-4303-8f73-00e75f6f9b4c,HCA FL PERDIDO BAY ER,HCA Fl Perdido Bay ER
cc:aca7b60b-e6c5-4a69-87f1-e8aa9812a7c6,BAYLOR SCOTT & WHITE HEART AND VASCULAR HOSPITAL,Baylor Scott & White Heart and Vascular Hospital
cc:aca81fb4-dda6-4b9c-a8b6-4502d1c1a255,PARKVIEW LOGANSPORT HOSPITAL,Parkview Logansport Hospital
cc:acaaccf5-ec7f-445d-82d2-b6117147d26a,CLIFTON-FINE HOSPITAL,Clifton-Fine Hospital
cc:acaf0dcf-324a-4afd-b678-ad726b1f3be8,RIVER CREST HOSPITAL,River Crest Hospital
cc:acb14f4f-6730-4b76-8acf-d20d724f91cf,NORTH MISSISSIPPI MEDICAL CENTER-PONTOTOC,North Mississippi Medical Center-Pontotoc
cc:acb2415c-8ed0-4d75-bccb-3d3b6bbce26b,PAM HEALTH REHABILITATION HOSPITAL OF GREATER INDIANA NORTH,PAM Health Rehabilitation Hospital of Greater Indiana North
cc:acb9c7b6-4d48-4341-86c9-4c9b722d0f1f,BON SECOURS MEMORIAL REGIONAL MEDICAL CENTER,Bon Secours Memorial Regional Medical Center
cc:acda55d6-7b7d-4af9-a5e6-8bfb9527e328,COLUMBIA BASIN HOSPITAL,Columbia Basin Hospital
cc:acf2bbf1-8fed-4651-8eb5-83ce1f8852c4,CANTON-POTSDAM HOSPITAL,Canton-Potsdam Hospital
cc:ad098c9d-c06f-4303-a0b1-c54b20484f21,MERCY MEDICAL CENTER,Mercy Medical Center
cc:ad1372dd-985a-455b-92f5-59337115bd40,DELTA SPECIALTY HOSPITAL,Delta Specialty Hospital
cc:ad149fc8-47f0-4d49-97ce-712f11ac0e85,BOWEN HEALTH,Bowen Health
cc:ad1d8b6f-b500-48d4-8c8e-2a5722a5bbe8,SEYMOUR HOSPITAL,Seymour Hospital
cc:ad23f36f-0caf-4b0e-8b91-857decfca072,GOSHEN SURGERY CENTER,Goshen Surgery Center
cc:ad372c17-9eb5-4259-8f02-43509e4c4962,ADVENTHEALTH WINTER GARDEN,AdventHealth Winter Garden
cc:ad374481-d702-4587-a77f-b2047a8acb95,MAYERS MEMORIAL HEALTHCARE DISTRICT,Mayers Memorial Healthcare District
cc:ad3b72bd-8b4b-43cc-ae88-016c311936d3,VIRGINIA BEACH PSYCHIATRIC CENTER,Virginia Beach Psychiatric Center
cc:ad4c3fe1-4b1d-42d3-80c7-1362aa142e95,WILLIAMSON MEDICAL CENTER,Williamson Medical Center
cc:ad606105-585c-45b1-8340-8c4303051aca,ROPER HOSPITAL,Roper Hospital
cc:ad634bce-ffb3-4404-9fb4-a9629abe9816,CINCINNATI REHABILITATION HOSPITAL,Cincinnati Rehabilitation Hospital
cc:ad65c7e0-f3d5-4129-8f20-374521bb2619,M HEALTH FAIRVIEW WOODWINDS HOSPITAL - WOODBURY,M Health Fairview Woodwinds Hospital - Woodbury
cc:ad6b2d97-8e26-4f70-89ad-493b94d63876,SHARON HOSPITAL,Sharon Hospital
cc:ad7c8791-a590-46eb-ad19-e43d79ce5c57,CHENANGO MEMORIAL HOSPITAL,Chenango Memorial Hospital
cc:ad92e014-b56c-4202-9eb0-bb8f52dfcc6f,ST. DAVID'S ROUND ROCK MEDICAL CENTER,St. David's Round Rock Medical Center
cc:ad97a04a-f68b-4da9-87d3-2c4c706ec275,METHODIST SOUTHLAKE HOSPITAL,Methodist Southlake Hospital
cc:ada9be77-df87-4afa-a650-5841c4bf20bc,MADISON PARISH HOSPITAL,Madison Parish Hospital
cc:adadfc78-b1d6-48a2-bc6b-2a4db23d56b9,SANTA ROSA BEHAVIORAL HEALTHCARE HOSPITAL,Santa Rosa Behavioral Healthcare Hospital
cc:adb3f6dd-a4e3-4d16-b893-33890f557655,FAIRFIELD MEDICAL CENTER,Fairfield Medical Center
cc:adb4048a-acc2-4f18-b9d1-d5bc7c0ee2dd,COPPER QUEEN COMMUNITY HOSPITAL,Copper Queen Community Hospital
cc:adc0ee7d-7b46-4649-86a0-91b9b197af9c,BAPTIST HEALTH DEACONESS MADISONVILLE,Baptist Health Deaconess Madisonville
cc:adcc25fa-334f-49fc-8dcc-7c6651bc8263,UNIVERSITY OF WASHINGTON MEDICAL CENTER,University of Washington Medical Center
cc:adce9fa9-50a8-4671-a467-a236eb4e4c36,BAPTIST HEALTH PRINCETON HOSPITAL,Baptist Health Princeton Hospital
cc:add100d4-6ae6-490d-b1ef-dc19428a19d6,FRANKLIN HOSPITAL,Franklin Hospital
cc:add5a5c8-cbec-496a-96ce-2b9820e6cab7,NORTHSHORE REHABILITATION HOSPITAL,Northshore Rehabilitation Hospital
cc:ade427e0-0b58-4c0e-9a66-00cf808999b6,ST. LUKE'S JEROME MEDICAL CENTER,St. Luke's Jerome Medical Center
cc:ade54320-3ff2-4972-b40c-3b003d1b6de6,MASS GENERAL BRIGHAM SALEM HOSPITAL,Mass General Brigham Salem Hospital
cc:ade5edd8-24e3-4aa8-a38c-fecfa29b2aa1,HOCKING VALLEY COMMUNITY HOSPITAL,Hocking Valley Community Hospital
cc:ae0b33ef-78a5-4f9f-89ec-d0590204fe1f,KAISER MENTAL HEALTH CENTER,Kaiser Mental Health Center
cc:ae1a0f92-27f2-44df-b5bd-0740ef36d744,SALEM HEALTH SALEM HOSPITAL,Salem Health Salem Hospital
cc:ae236775-4175-4178-bfce-7ef9ad01813e,SEMINOLE HOSPITAL DISTRICT,Seminole Hospital District
cc:ae2ed346-752e-44b6-8a78-1bc79d68019d,LINCOLN HOSPITAL,Lincoln Hospital
cc:ae2f0d14-e467-461b-8a52-7415912af0ad,MOFFITT CANCER CENTER,Moffitt Cancer Center
cc:ae396b19-0eb0-45f5-9cce-cdc02e0cc219,MOUNT SINAI REHABILITATION HOSPITAL,Mount Sinai Rehabilitation Hospital
cc:ae3d0f52-79f7-4cdc-b102-28263d9d9c47,PEMISCOT COUNTY MEMORIAL HOSPITAL,Pemiscot County Memorial Hospital
cc:ae4f98d2-8690-433e-9494-94fd15737a72,ASCENSION SAINT THOMAS STONES RIVER HOSPITAL,Ascension Saint Thomas Stones River Hospital
cc:ae576919-92da-45d9-99ae-e7460f57ebca,PROMEDICA WILDWOOD ORTHOPEDICA AND SPINE HOSPITAL,ProMedica Wildwood Orthopedica and Spine Hospital
cc:ae7478f7-e708-4a6e-9ead-31dfe6798c87,UF HEALTH SPANISH PLAINES HOSPITAL,UF Health Spanish Plaines Hospital
cc:ae8631da-c3e6-4cc7-ab8f-e50c2514e101,HOSP DR. CAYETANO COLL Y TOSTE,Hospital Dr. Cayetano Coll y Toste
cc:ae89bf5e-f487-40ed-a357-baf8783a56f3,NEWARK-WAYNE COMMUNITY HOSPITAL,Newark-Wayne Community Hospital
cc:ae910abf-1492-45b5-a635-4a7959c1374b,REUNION REHABILITATION HOSPITAL INVERNESS,Reunion Rehabilitation Hospital Inverness
cc:ae95a01f-d3aa-45d6-8ed6-55f06fce1505,HOUSTON HEALTHCARE - PERRY,Houston Healthcare - Perry
cc:aea676d9-2fab-4d13-8c59-e0261e014c88,HIGHPOINT HEALTH - SUMNER WITH ASCENSION SAINT THOMAS,Highpoint Health - Sumner with Ascension Saint Thomas
cc:aeb248ab-bcc9-4798-9a86-a7a2fcbd7f18,MEDSTAR HEALTH PHYSICAL THERAPY AT ROSEDALE ORTHOPEDIC AND HAND CENTER,MedStar Health Physical Therapy at Rosedale Orthopedic and Hand Center
cc:aec92e33-a282-4565-a078-fa779efa3eeb,PONTIAC GENERAL HOSPITAL,Pontiac General Hospital
cc:aecee68a-aaff-4427-ba15-500df46f86b3,NORTH OAKS REHABILITATION HOSPITAL,North Oaks Rehabilitation Hospital
cc:aedf9cbc-d0e4-4d02-9c97-7e7fccb2e264,JERSEY COMMUNITY HOSPITAL,Jersey Community Hospital
cc:aee080e3-e2c4-4924-aa13-e02264a888ac,COLQUITT REGIONAL MEDICAL CENTER,Colquitt Regional Medical Center
cc:aee1c1f9-13e5-40ef-a694-a23b3f369fa6,CREEKSIDE BEHAVIORAL HEALTH,Creekside Behavioral Health
cc:aee3fd4a-c23f-46db-872a-aec562a9d9bc,MERIT HEALTH WESLEY,Merit Health Wesley
cc:aee4656d-0dc0-49df-9e37-cf99a54c4053,NEWMAN REGIONAL HEALTH,Newman Regional Health
cc:aee6b413-2527-4663-9527-8592038e2289,ENCOMPASS HEALTH REHABILITATION HOSPITAL OF PETERSBURG,Encompass Health Rehabilitation Hospital of Petersburg
cc:aeecf979-4ae5-4d15-b6de-e9f61be18ee5,SELECT SPECIALTY HOSPITAL - NORTH KNOXVILLE,Select Specialty Hospital - North Knoxville
cc:aeedf412-95f4-461f-991e-cc8e296e4af3,BAYLOR SCOTT & WHITE THE HEART HOSPITAL MCKINNEY,Baylor Scott & White the Heart Hospital McKinney
cc:af071811-7425-457b-8de5-8312e51a6a90,ASCENTIST HOSPITAL,Ascentist Hospital
cc:af14273f-e489-4cb0-8653-dd77683beb18,NATIONAL JEWISH HEALTH,National Jewish Health
cc:af24b630-6f6d-4e2e-a553-f94b1ce7b73c,ENCOMPASS HEALTH REHABILITATION INSTITUTE OF TUCSON,Encompass Health Rehabilitation Institute of Tucson
cc:af2980e1-988d-4b20-9754-20945e74eef4,CENTRAL VERMONT MEDICAL CENTER,Central Vermont Medical Center
cc:af38521b-b40b-4e96-8bdc-27527b4602f0,TEXAS HEALTH HARRIS METHODIST HOSPITAL HURST-EULESS-BEDFORD,Texas Health Harris Methodist Hospital Hurst-Euless-Bedford
cc:af3b7b26-b1a5-4ce1-a14a-f89331946b40,HUMACAO MENNONITE HOSPITAL,Humacao Mennonite Hospital
cc:af6712db-1a66-4bd4-882a-8618b6a6e0db,PORTER-STARKE SERVICES,Porter-Starke Services
cc:af6f7c4b-f559-455d-9d72-1a9faf983a7e,OPTIM MEDICAL CENTER TATTNALL,Optim Medical Center Tattnall
cc:af708bae-9096-4807-8561-fe67a510dc5f,JEFFERSON EINSTEIN MONTGOMERY HOSPITAL,Jefferson Einstein Montgomery Hospital
cc:af71793a-4f11-4a73-a5df-f87ceefe5ffe,OHIO COUNTY HOSPITAL,Ohio County Hospital
cc:af7b08b4-de03-4d66-8c11-ece155ed22ea,OAKLAWN GOSHEN CAMPUS,Oaklawn Goshen Campus
cc:af802f25-fa29-454a-b03e-679413fcec32,CAROLINAS REHABILITATION MOUNT HOLLY,Carolinas Rehabilitation Mount Holly
cc:af819b76-57e5-42d0-87b7-de72773bd10c,ASPEN MOUNTAIN MEDICAL CENTER,Aspen Mountain Medical Center
cc:af92c455-d38b-4055-802c-b9250edad2fa,HALE HO'OLA HAMAKUA,Hale Ho'Ola Hamakua
cc:afa57c0a-db16-4b55-909d-42ed508b17c2,EMANATE HEALTH QUEEN OF THE VALLEY HOSPITAL,Emanate Health Queen of the Valley Hospital
cc:afc123b7-8830-46ab-9f22-0c208496aa8d,INSIGHT HOSPITAL & MEDICAL CENTER COLDWATER,Insight Hospital & Medical Center Coldwater
cc:afc8229e-d21d-49d2-aafa-13450d09dfa1,MARYVILLE ADDICTION TREATMENT CENTER,Maryville Addiction Treatment Center
cc:afc8447b-4007-4f1e-87fc-0d58a56e8644,MEE MEMORIAL HOSPITAL,MEE Memorial Hospital
cc:afd5706c-29e9-4010-9707-9addc68323b0,ATHENS LIMESTONE HOSPITAL,Athens Limestone Hospital
cc:afdc6993-3dff-4cc2-80c3-735910fa9a59,EAST LIVERPOOL CITY HOSPITAL,East Liverpool City Hospital
cc:afe059f0-83db-4cce-8f12-98f8b5810569,MARYLAND HEIGHTS CENTER FOR BEHAVIORAL HEALTH,Maryland Heights Center for Behavioral Health
cc:afe1d67e-7df7-459e-91f2-eef129d75211,WITHAM HEALTH SERVICES,Witham Health Services
cc:afebcdc9-db37-419e-9d7e-e7e9b51a0abf,PALESTINE REGIONAL WEST,Palestine Regional West
cc:afed1c7c-4918-4820-bf13-8992751b82fe,MARINHEALTH MEDICAL CENTER,Marinhealth Medical Center
cc:affc7467-d4db-46a6-9035-300220a4b161,METHODIST RICHARDSON MEDICAL CENTER CAMPUS FOR CONTINUING CARE,Methodist Richardson Medical Center Campus for Continuing Care
cc:affe45b3-47d6-4a30-9d3a-aaf8f682aee0,ENCOMPASS HEALTH REHABILITATION HOSPITAL OF PLANO,Encompass Health Rehabilitation Hospital of Plano
cc:b0031738-5cf6-49f1-92fe-691729b728b6,OLIVE VIEW-UCLA MEDICAL CENTER,Olive View-UCLA Medical Center
cc:b00b7270-de1c-41c3-9998-0c6ef5e8aec8,ABBEVILLE GENERAL HOSPITAL,Abbeville General Hospital
cc:b00fd8c7-b748-446a-9b09-8ccca41704b6,SLIDELL MEMORIAL HOSPITAL EAST,Slidell Memorial Hospital East
cc:b0131b7a-dbec-419e-916d-e3081e95f55a,CHI LAKEWOOD HEALTH,CHI Lakewood Health
cc:b0248e99-9f70-4ea2-be1e-6343db6c30b7,OCHSNER MEDICAL CENTER,Ochsner Medical Center
cc:b036fa6c-551d-4745-8333-e62a6b0f5217,BANNER WYOMING MEDICAL CENTER EAST CAMPUS,Banner Wyoming Medical Center East Campus
cc:b03fbc17-1109-484a-81b4-bdd3d504ca3f,REGENCY HOSPITAL OF CLEVELAND WEST,Regency Hospital of Cleveland West
cc:b048b71b-d887-405f-b233-d51b865d743e,THOMAS JEFFERSON UNIVERSITY HOSPITAL,Thomas Jefferson University Hospital
cc:b04938fc-013d-4a12-8463-0e79e4208e12,SELECT SPECIALTY HOSPITAL PITTSBURGH UPMC,Select Specialty Hospital Pittsburgh UPMC
cc:b04c188c-8d0f-448f-8a06-16139ecd69f9,MCLEOD LORIS,McLeod Loris
cc:b0543434-ec1e-4bd4-a581-5cd0fb1decba,WINCHESTER REHABILITATION CENTER,Winchester Rehabilitation Center
cc:b057d178-8081-4710-93fe-81164864b405,KINDRED HOSPITAL NORTHLAND,Kindred Hospital Northland
cc:b058dd37-b6f1-475d-8954-b736e4f891a8,HCA FLORIDA TRINITY HOSPITAL,HCA Florida Trinity Hospital
cc:b059ab2c-cafd-4681-9f03-2107e03f4231,"UT SOUTHWESTERN WILLIAM P. CLEMENTS, JR. UNIVERSITY HOSPITAL","UT Southwestern William P. Clements, Jr. University Hospital"
cc:b066769d-59e0-4258-bed0-98f09a41418c,ADVENTIST HEALTH HANFORD,Adventist Health Hanford
cc:b07448ef-b468-487a-8a25-e82007d4fae8,SELECT SPECIALTY HOSPITAL - CENTRAL KENTUCKY,Select Specialty Hospital - Central Kentucky
cc:b0812edc-b8c8-47c4-ba13-b97a64da1354,MEMORIAL HERMANN THE WOODLANDS HOSPITAL,Memorial Hermann the Woodlands Hospital
cc:b0832029-fc71-435f-b320-cbf9055d7372,ANGEL MEDICAL CENTER,Angel Medical Center
cc:b09c3c03-9424-458a-8726-67f82abd0aba,THEDACARE MEDICAL CENTER FOND DU LAC,Thedacare Medical Center Fond du LAC
cc:b09dc9bc-0dd3-43f2-8392-ae0055cd59d3,NORTHSIDE HOSPITAL GWINNETT,Northside Hospital Gwinnett
cc:b0a2a2ee-b4cf-4674-81d1-9dd553c02417,ST CATHERINE'S REHABILITATION HOSPITAL,St. Catherine's Rehabilitation Hospital
cc:b0ac1f95-3374-45f9-8c3c-cdd859f03739,KAISER PERMANENTE FRESNO MEDICAL CENTER,Kaiser Permanente Fresno Medical Center
cc:b0bba277-56de-4a27-9ed8-2b944f05754f,LANDMANN-JUNGMAN MEMORIAL HOSPITAL AVERA,Landmann-Jungman Memorial Hospital Avera
cc:b0bf8015-7ecf-49de-94f6-4e668b5bb1ec,ST. FRANCIS HOSPITAL,St. Francis Hospital
cc:b0bfe26d-497c-4fba-8474-f4a0e917a058,SAGE REHABILITATION HOSPITAL OF ASCENSION,Sage Rehabilitation Hospital of Ascension
cc:b0d76e21-7b0f-49a8-9457-1263e5022046,DARDANELLE REGIONAL MEDICAL CENTER,Dardanelle Regional Medical Center
cc:b0d8ab1d-3269-434e-a767-0a616b29078c,SSM HEALTH ST. CLARE HOSPITAL,SSM Health St. Clare Hospital
cc:b0e21fc1-45c7-4278-9aa4-fc2aba3fef5e,MEDSTAR HEALTH PHYSICAL THERAPY AT LEISURE WORLD,MedStar Health Physical Therapy at Leisure World
cc:b1035dbf-4486-4e5c-9160-17bf767eae17,SAN FRANCISCO CAMPUS FOR JEWISH LIVING,San Francisco Campus for Jewish Living
cc:b105030d-dd95-431b-8533-1e9448e64cba,LINDSBORG COMMUNITY HOSPITAL,Lindsborg Community Hospital
cc:b10f489d-09a0-4b5c-b23e-453de1999665,SAGAMORE CHILDRENS PSYCHIATRIC CENTER,Sagamore Childrens Psychiatric Center
cc:b11a5d1b-9fd6-42c9-abc9-7ebcca88f3ce,DELTA REGIONAL MEDICAL CENTER,Delta Regional Medical Center
cc:b11ffa6a-b7f7-4f5b-9c0a-bfb980eb19a4,SAINT FRANCIS HOSPITAL,Saint Francis Hospital
cc:b1222503-3c7e-4150-b652-ef32b59926b0,NOVANT HEALTH REHABILITATION HOSPITAL,Novant Health Rehabilitation Hospital
cc:b137f671-a62c-4c54-b1bb-52bb987595a1,MEMORIAL HOSPITAL WEST,Memorial Hospital West
cc:b14245eb-a85a-4bb1-9591-055670cfd50c,GEISINGER LEWISTOWN HOSPITAL,Geisinger Lewistown Hospital
cc:b147d023-2862-46d2-8768-f85b0344c1c7,MEDSTAR SAINT MARY'S HOSPITAL,MedStar Saint Mary's Hospital
cc:b15304dd-61aa-4b7c-ad9d-d8e79fab6c20,HARDEMAN COUNTY MEMORIAL HOSPITAL,Hardeman County Memorial Hospital
cc:b1545e47-d740-4b98-9ed0-4467e9f0159a,HUTCHINSON HEALTH,Hutchinson Health
cc:b15b8782-a042-4d05-8fef-c98ba1227fd2,WILMA CHAN HIGHLAND HOSPITAL,Wilma Chan Highland Hospital
cc:b1638252-ecda-41f6-b8e7-9c4401bb5b9c,SOUTHWEST MEMORIAL HOSPITAL,Southwest Memorial Hospital
cc:b16ac8cc-1160-4519-906c-0f1a5ab4a52c,CARROLLTON SPRINGS,Carrollton Springs
cc:b176d782-8cac-4107-a395-ef25080404c5,CHRISTUS ST. VINCENT ORTHOPAEDIC SPECIALTY CLINIC,CHRISTUS St. Vincent Orthopaedic Specialty Clinic
cc:b17b98fc-47ae-4d8c-a403-ae087ee6ed9b,INDIANA REGIONAL MEDICAL CENTER,Indiana Regional Medical Center
cc:b1860b1d-25dd-4597-b65a-0dfcd27b7ca7,HI-DESERT MEDICAL CENTER,Hi-Desert Medical Center
cc:b1a0a0fc-3054-4c33-8b55-c501c19b75b2,BROOKDALE HOSPITAL MEDICAL CENTER,Brookdale Hospital Medical Center
cc:b1ab3530-66fa-49c9-8a5b-7d9250e87d0a,UNIVERSITY OF TEXAS MEDICAL BRANCH HOSPITAL,University of Texas Medical Branch Hospital
cc:b1ae5b99-c9d8-4936-979d-747027b2c57e,ADVOCATE GOOD SHEPHERD HOSPITAL,Advocate Good Shepherd Hospital
cc:b1b24519-4c65-405c-b47b-50b9393ae9b8,"UMASS MEMORIAL HEALTHALLIANCE - CLINTON HOSPITAL, LEOMINSTER CAMPUS","UMass Memorial Healthalliance - Clinton Hospital, Leominster Campus"
cc:b1b66a3e-12ba-4d49-b949-2b3427525e65,THE EMILY PROGRAM CHARLOTTE,The Emily Program Charlotte
cc:b1c37f1e-32d1-4cca-a52f-3a067c84fd56,HCA FLORIDA MERCY HOSPITAL,HCA Florida Mercy Hospital
cc:b1c74676-16c0-47f8-bfc7-a37b2ba1b2db,SUMMERSVILLE REGIONAL MEDICAL CENTER,Summersville Regional Medical Center
cc:b1d0dd8d-cad5-4c97-9103-71e7b7f75b0c,JACKSON PURCHASE MEDICAL CENTER,Jackson Purchase Medical Center
cc:b1d17b03-f1bb-4a7d-8e5f-be831dbb1cca,AHN JEFFERSON HOSPITAL,AHN Jefferson Hospital
cc:b1d3eeda-d34f-4beb-af76-298bb52221ec,HAMPSHIRE MEMORIAL HOSPITAL,Hampshire Memorial Hospital
cc:b1d4f6a1-4ec7-4714-a123-24d724bbd6bb,HENRY FORD BEHAVIORAL HEALTH HOSPITAL,Henry Ford Behavioral Health Hospital
cc:b1d55a6e-bf4c-46f2-aa84-4f46e3053e16,MURRAY CALLOWAY COUNTY HOSPITAL,Murray Calloway County Hospital
cc:b1e420cd-f2c0-49d7-8250-8428a1d0d8d4,NORTH MISSISSIPPI MEDICAL CENTER WEST POINT,North Mississippi Medical Center West Point
cc:b1f4d475-9ebb-41d7-b35f-04804e18164c,ABRAZO WEST CAMPUS,Abrazo West Campus
cc:b1fcebae-3677-4a98-874e-6fc43a9793ea,UOFL HEALTH - SHELBYVILLE HOSPITAL,UofL Health - Shelbyville Hospital
cc:b2063102-8d9d-4007-add0-fff84ab8e05d,ST. LUKE'S ELMORE MEDICAL CENTER,St. Luke's Elmore Medical Center
cc:b210c416-44eb-455a-96f0-095331cf2675,TRIHEALTH REHABILITATION HOSPITAL,Trihealth Rehabilitation Hospital
cc:b2126c06-b5b1-43bf-a94b-dac76099ea34,HOSPITAL MENONITA CIMA,Hospital Menonita Cima
cc:b217c5b4-21c3-4450-bbe6-cfa12d497bb4,CHRISTUS SOUTHEAST TEXAS ST. ELIZABETH,CHRISTUS Southeast Texas St. Elizabeth
cc:b22010b5-89eb-484e-8684-e0f41f9113e1,ST. JOSEPH MEDICAL CENTER,St. Joseph Medical Center
cc:b22cbaf2-d7a3-4885-9e6d-060c7e31409b,BRONX PSYCHIATRIC CENTER,Bronx Psychiatric Center
cc:b2465569-a659-4736-b203-113126904647,SANFORD BEMIDJI MEDICAL CENTER,Sanford Bemidji Medical Center
cc:b24c0582-2be3-48e3-958c-85fc09de4874,BLUFFTON REGIONAL MEDICAL CENTER,Bluffton Regional Medical Center
cc:b2521b0a-3658-4c2e-a923-1a5a49afe9f2,MERCY HOSPITAL JEFFERSON,Mercy Hospital Jefferson
cc:b254d4df-e54f-4515-b7ab-ed4209031483,SOUTH MIAMI HOSPITAL,South Miami Hospital
cc:b2711324-c3a3-4b9a-8b75-459b69261969,ORLANDO HEALTH SEBASTIAN RIVER HOSPITAL,Orlando Health Sebastian River Hospital
cc:b27b56f7-f136-4d03-b98c-4b34df556096,PHYSICIANS BEHAVIORAL HOSPITAL,Physicians Behavioral Hospital
cc:b27e33f9-4d2d-4c4b-8003-53209a4efbf4,JOHNSON COUNTY COMMUNITY HOSPITAL,Johnson County Community Hospital
cc:b281397f-b4b3-46bd-9c59-9db989782cfc,SELECT SPECIALTY HOSPITAL SPRINGFIELD,Select Specialty Hospital Springfield
cc:b2889b52-1881-4879-a0a3-02c51985b34b,CALDWELL REGIONAL MEDICAL CENTER,Caldwell Regional Medical Center
cc:b28b8185-06c5-4dbf-8f47-086c67d33e88,UPMC CARLISLE,UPMC Carlisle
cc:b28bf5e2-6052-481f-b688-ac7628ccc42c,COREWELL HEALTH WAYNE HOSPITAL,Corewell Health Wayne Hospital
cc:b2a4f5d1-3149-4b17-b6fd-22e9e831657d,PALI MOMI MEDICAL CENTER,Pali Momi Medical Center
cc:b2b0065d-a27d-49bb-a95e-9d978c236ff1,WELLSTAR DOUGLAS MEDICAL CENTER,Wellstar Douglas Medical Center
cc:b2bbd8c7-b092-4fea-8bb5-dcaec146c3f3,CHILDREN'S MEMORIAL HERMANN HOSPITAL,Children's Memorial Hermann Hospital
cc:b2cbf444-41b4-4e52-aa75-852da6f13fff,DMC SINAI-GRACE HOSPITAL,DMC Sinai-Grace Hospital
cc:b2cce43d-4ee4-4e87-80fd-b36460a0a9c6,JOHNSON MEMORIAL HOSPITAL,Johnson Memorial Hospital
cc:b2e3b42e-e6f0-4a2c-b92b-e99c04e8ff6a,DINI-TOWNSEND HOSPITAL AT NORTHERN NEVADA ADULT MENTAL HEALTH SERVICES,Dini-Townsend Hospital at Northern Nevada Adult Mental Health Services
cc:b2e709c1-1996-4233-9136-4644f2ff6942,INDIANAPOLIS REHABILITATION HOSPITAL,Indianapolis Rehabilitation Hospital
cc:b2eab0fb-29e7-4a15-9ad9-17db5c7b3bfc,PERHAM HEALTH CLINIC,Perham Health Clinic
cc:b2fdc2a2-fca2-4669-bf93-61baa6b0d087,SOUTHEAST HEALTH MEDICAL CENTER,Southeast Health Medical Center
cc:b300c56b-2990-4afe-9f60-22d1e649c9f7,SAN ANTONIO REGIONAL HOSPITAL,San Antonio Regional Hospital
cc:b30b9edc-18cc-488f-8f43-3eef6ca1672b,ST. LOUIS CHILDREN'S HOSPITAL,St. Louis Children's Hospital
cc:b3113848-d29c-462b-a5de-99d19981fbbb,BAYSHORE MEDICAL CENTER,Bayshore Medical Center
cc:b318ba0f-2006-453e-b904-2dbea469e5d1,SUN BEHAVIORAL DELAWARE,Sun Behavioral Delaware
cc:b321f1f7-4bd4-475b-abf0-9cbf01e9ffe9,CSF - UTUADO,CSF - Utuado
cc:b3236112-42ec-4b45-9de3-3f05a9da31d3,NORTH MS MEDICAL CENTER - IUKA,North Ms Medical Center - Iuka
cc:b32c7017-2d09-49fa-804f-f909fac33c18,GUNDERSEN ST. ELIZABETH'S HOSPITAL,Gundersen St. Elizabeth's Hospital
cc:b3331efe-2065-4038-a8b8-4e37faa8422b,PASCAGOULA HOSPITAL,Pascagoula Hospital
cc:b3374f89-66e1-479d-ae27-0978f025b3d6,PROVIDENCE PORTLAND MEDICAL CENTER,Providence Portland Medical Center
cc:b337a275-80d5-45c6-acaa-6fb42b7d404f,INTEGRIS HEALTH CANCER INSTITUTE HOSPITAL,Integris Health Cancer Institute Hospital
cc:b33df27f-6de1-44d6-a594-d239be9c0ae6,TURNING POINT CARE CENTER,Turning Point Care Center
cc:b34d6431-f1eb-47a0-a01a-d55fa48100a1,BEACON KALAMAZOO,Beacon Kalamazoo
cc:b35831f8-8d1e-4af2-90e8-e2ec9784a3fc,BOSTON CHILDREN'S NEEDHAM,Boston Children's Needham
cc:b3598405-0065-42a9-a83e-d1ad36dbcebe,LIFEWAYS HOSPITAL,Lifeways Hospital
cc:b364f7bc-014e-410e-94ac-45044e763dab,LTACH CARE ONE AT HUMC PASCACK VALLEY,LTACH Care One at Humc Pascack Valley
cc:b37f2d68-efd2-4aad-9ac1-84f7581d73ee,MESILLA VALLEY HOSPITAL,Mesilla Valley Hospital
cc:b383b172-2667-4c8a-ab03-6f150b0d91d4,UMASS MEMORIAL MEDICAL CENTER - MEMORIAL CAMPUS,UMass Memorial Medical Center - Memorial Campus
cc:b38e85ec-4ec2-46cf-998c-030f8bfbd8a1,CONCHO COUNTY HOSPITAL,Concho County Hospital
cc:b39836f5-e246-4569-bb50-74ffe3b5561b,AVERA CREIGHTON HOSPITAL,Avera Creighton Hospital
cc:b39dba5a-55ab-48bf-ba46-b5820e234967,SELECT SPECIALTY HOSPITAL-COLUMBUS VICTORIAN VILLAGE,Select Specialty Hospital-Columbus Victorian Village
cc:b3a127c5-eb07-4d6c-b63a-3f2591c34ee7,TEXAS HEALTH FLOWER MOUND,Texas Health Flower Mound
cc:b3aa7a37-a9ca-4810-8eee-33151b177ebb,PAOLI HOSPITAL,Paoli Hospital
cc:b3c0e9b5-b2c5-4789-9f1a-d60e0048b302,CRANE MEMORIAL HOSPITAL,Crane Memorial Hospital
cc:b3c2565d-d664-4b9b-a1b3-8970d8d24a75,OHSU HILLSBORO MEDICAL CENTER,OHSU Hillsboro Medical Center
cc:b3cb3c1c-4392-4966-9a8c-62e3b1ed775d,BAKERSFIELD MEMORIAL HOSPITAL,Bakersfield Memorial Hospital
cc:b3e2d9e9-236b-4bb9-976d-a9d8d820cd0e,LINCOLN MEDICAL CENTER,Lincoln Medical Center
cc:b3f21cc0-1efd-419e-abef-d8371ed3ffb7,COVENANT HOSPITAL LEVELLAND,Covenant Hospital Levelland
cc:b3f669ef-d3ac-4c32-b4da-548cd0617663,KINDRED HOSPITAL RANCHO,Kindred Hospital Rancho
cc:b3fe7323-3a28-4309-9289-0d84e39b8dfb,HOULTON REGIONAL HOSPITAL,Houlton Regional Hospital
cc:b401600f-e345-4b31-901f-5b5f67f74363,MIDSTATE MEDICAL CENTER,Midstate Medical Center
cc:b405d856-7421-4bfc-b827-46d861803cde,MIZELL MEMORIAL HOSPITAL,Mizell Memorial Hospital
cc:b4141032-60b0-49e2-93bd-487061548ebb,BAPTIST HEALTH - FORT SMITH,Baptist Health - Fort Smith
cc:b4146b50-48da-4447-b979-ce20ef2413bd,LAKE DISTRICT HOSPITAL,Lake District Hospital
cc:b41df8b4-9da5-4839-bcb8-d713a694e2eb,BRYN MAWR HOSPITAL,Bryn Mawr Hospital
cc:b42449fe-0397-4dbc-b894-fe86c9cf3eea,CLEARSKY REHABILITATION HOSPITAL OF RIO RANCHO,Clearsky Rehabilitation Hospital of Rio Rancho
cc:b42c980b-7e5f-4acd-b9f6-3236fbba549c,NEA BAPTIST MEMORIAL HEALTH,NEA Baptist Memorial Health
cc:b437ef21-7036-4ece-a89b-9dedadf9bb39,OU HEALTH MEDICAL CENTER EDMOND,OU Health Medical Center Edmond
cc:b440a7d6-ca4d-46f3-bee4-83a2a3eebf53,COTTONWOOD SPRINGS,Cottonwood Springs
cc:b4445904-c469-41bd-b2d6-91da49030447,BAPTIST MEMORIAL HOSPITAL - DESOTO,Baptist Memorial Hospital - DeSoto
cc:b44d54f4-a460-4b09-bab7-4193717ce595,MCCURTAIN MEMORIAL HOSPITAL,McCurtain Memorial Hospital
cc:b44fac76-fc13-43b2-8be6-91e144d1832f,BAPTIST & WOLFSON TOWN CENTER EMERGENCY ROOM,Baptist & Wolfson Town Center Emergency Room
cc:b460a8bf-617d-414f-b84f-caa4541ba93f,COMMUNITY HOSPITAL OF ANACONDA,Community Hospital of Anaconda
cc:b461055c-21a5-4d5c-bc30-eb81ccf48c82,METHODIST FREMONT HEALTH,Methodist Fremont Health
cc:b485439b-9018-46bc-b75f-e78eb26dddd8,EASTERN PLUMAS HOSPITAL-LOYALTON CAMPUS,Eastern Plumas Hospital-Loyalton Campus
cc:b486cb9d-7de2-4185-8550-624eba75eaf2,HCA FLORIDA KENDALL HOSPITAL,HCA Florida Kendall Hospital
cc:b48fe7c5-c52c-4700-b9ef-916c0f2a45e6,ASCENSION ST. VINCENT AVON,Ascension St. Vincent Avon
cc:b4920b4e-a812-444d-9222-75a06a9793d3,SELECT SPECIALTY HOSPITAL - WEST TENNESSEE,Select Specialty Hospital - West Tennessee
cc:b498b3f6-33ba-4c03-9166-25edbfae995e,BLECKLEY MEMORIAL HOSPITAL,Bleckley Memorial Hospital
cc:b49ce197-05ba-425c-b2f6-81fa1b6d6734,RIVERVIEW REGIONAL MEDICAL CENTER,Riverview Regional Medical Center
cc:b4a70bbf-1917-4aee-b4b3-9cdbb045cde1,PRISMA HEALTH BAPTIST EASLEY HOSPITAL,Prisma Health Baptist Easley Hospital
cc:b4ab9b9a-492b-41d3-b757-60a563b23254,SAN LUIS VALLEY REGIONAL MEDICAL CENTER,San Luis Valley Regional Medical Center
cc:b4b0b939-61fc-4b96-a047-7bd7198115c2,EXCELSIOR SPRINGS HOSPITAL,Excelsior Springs Hospital
cc:b4b90c50-0f53-4e0c-979c-06e52a60017d,ADVENTHEALTH GORDON,AdventHealth Gordon
cc:b4bd9b5b-c771-4513-ab4f-3ed65cf790b5,ROOKS COUNTY HEALTH CENTER,Rooks County Health Center
cc:b4be4aea-8a17-45e0-b5d9-edd4e2b7e52d,PROMEDICA DEFIANCE REGIONAL HOSPITAL,ProMedica Defiance Regional Hospital
cc:b4cdaa94-a133-4c00-b42f-a7f4b06c784c,ROYSE CITY EMERGENCY HOSPITAL,Royse City Emergency Hospital
cc:b4deaea2-5cc0-4e87-ab88-554eeaa06c56,AVERA DE SMET MEMORIAL HOSPITAL,Avera de Smet Memorial Hospital
cc:b4f02757-f583-4cc7-9e95-33e5103045eb,MONTEFIORE JACK D. WEILER HOSPITAL,Montefiore Jack D. Weiler Hospital
cc:b4f4c80e-55b4-47e3-a663-9423e9b3bc6b,VALLEY HEALTH SHENANDOAH MEMORIAL HOSPITAL,Valley Health Shenandoah Memorial Hospital
cc:b4f6aeb5-5db9-490b-a52a-cf3e24a35b00,JOHNS HOPKINS SUBURBAN HOSPITAL,Johns Hopkins Suburban Hospital
cc:b50691c8-5925-4a5e-a512-4a007cc9ad88,HOSPITAL OF THE UNIVERSITY OF PENNSYLVANIA,Hospital of the University of Pennsylvania
cc:b508f810-3363-457e-97f4-1575bf3677bd,TRISTAR SPRING HILL ER,TriStar Spring Hill ER
cc:b522ad1f-97d1-4c39-bbdb-85ef78355ded,BALLINGER MEMORIAL HOSPITAL,Ballinger Memorial Hospital
cc:b528441b-b4b3-4d4b-aac4-69e04da9de64,BRATTLEBORO MEMORIAL HOSPITAL,Brattleboro Memorial Hospital
cc:b52b7600-c07d-40ed-b7aa-8f8dd881c4fe,LAUREATE PSYCHIATRIC CLINIC AND HOSPITAL,Laureate Psychiatric Clinic and Hospital
cc:b52cfdc0-6c15-448a-b2f8-3ef64813f97e,IREDELL DAVIS BEHAVIORAL HEALTH HOSPITAL,Iredell Davis Behavioral Health Hospital
cc:b535f13f-e169-4051-998e-783c4cc6be07,MEMORIAL SLOAN KETTERING BROOKLYN INFUSION CENTER,Memorial Sloan Kettering Brooklyn Infusion Center
cc:b5374bb4-cc94-4a5d-bc2c-1cfd2c1437d6,BAPTIST HEALTH HARDIN,Baptist Health Hardin
cc:b53c7ae5-b624-4e1f-9d24-01d0b57303c3,ADVENTIST HEALTHCARE SHADY GROVE MEDICAL CENTER,Adventist Healthcare Shady Grove Medical Center
cc:b53cd4fd-e6c2-4a6a-abe6-dc11bff55996,LAKEVIEW HOSPITAL,Lakeview Hospital
cc:b54442c8-b67d-4758-b35e-22d9e2d960aa,DESERT VIEW HOSPITAL,Desert View Hospital
cc:b54be076-6298-4165-9c56-6c64840729e5,METHODIST RICHARDSON MEDICAL CENTER,Methodist Richardson Medical Center
cc:b54f1b3c-ff80-437e-b562-af7e34a99fb6,HENRY FORD ROCHESTER HOSPITAL,Henry Ford Rochester Hospital
cc:b550179d-1656-41e1-b490-c9ba04966465,UH GENEVA MEDICAL CENTER,UH Geneva Medical Center
cc:b5569262-fc89-4f1a-a1d8-78e9be4f70f1,AVERA MISSOURI RIVER HEALTH CENTER,Avera Missouri River Health Center
cc:b55fa7fa-3529-47d7-8b2b-35f3bedc97dd,BLACKBERRY CENTER,Blackberry Center
cc:b5617d6e-5748-4f7c-82e1-1a6f48e998fe,ELITE HOSPITAL KINGWOOD,Elite Hospital Kingwood
cc:b56798cb-d7c1-4d31-bdb0-edf373c751ee,SOUTH TEXAS SPINE AND SURGICAL HOSPITAL,South Texas Spine and Surgical Hospital
cc:b56b3350-91b7-4b35-ae98-f965c6cd5544,MEDSTAR UNION MEMORIAL HOSPITAL,MedStar Union Memorial Hospital
cc:b57e97c6-0480-4273-b024-baec8e5ecc8c,RHEA MEDICAL CENTER,Rhea Medical Center
cc:b581d46f-9244-45df-856b-565d1e462ffa,CHICAGO READ MENTAL HEALTH CENTER,Chicago Read Mental Health Center
cc:b5845e99-dbc7-4add-b6bb-f5af442c85a0,ENCOMPASS HEALTH REHABILITATION HOSPITAL OF SARASOTA,Encompass Health Rehabilitation Hospital of Sarasota
cc:b59888e7-4c02-4757-b2fd-46534397fc35,CLOVIS COMMUNITY MEDICAL CENTER,Clovis Community Medical Center
cc:b59912b9-6ba5-4e16-8e47-3f241d6e8bdc,DOCS SURGICAL HOSPITAL,Docs Surgical Hospital
cc:b59b38b8-2852-4991-90a5-4658e76a0960,SAN LEANDRO HOSPITAL,San Leandro Hospital
cc:b5a0f0d0-a92e-4e92-aabd-5dc4f8ef31b2,KINDRED HOSPITAL - LOUISVILLE,Kindred Hospital - Louisville
cc:b5a4943d-ab22-4efa-b70e-bab8bb906d42,MON HEALTH STONEWALL JACKSON HOSPITAL,Mon Health Stonewall Jackson Hospital
cc:b5b281e0-bfca-4606-9253-03725e2a8f66,SUTTER AUBURN FAITH HOSPITAL,Sutter Auburn Faith Hospital
cc:b5b2949b-9b5f-4dbd-8197-19615ab13622,KINDRED HOSPITAL - LAS VEGAS SAHARA,Kindred Hospital - Las Vegas Sahara
cc:b5b6dd9a-d953-46f2-b28a-69ac0b306ac7,BAPTIST HEALTH MEDICAL CENTER - HOT SPRING COUNTY,Baptist Health Medical Center - Hot Spring County
cc:b5be061a-44de-4ac9-ae0f-4fea481ee398,GEISINGER WYOMING VALLEY MEDICAL CENTER,Geisinger Wyoming Valley Medical Center
cc:b5c14368-2ea9-4f9b-9c8d-8b8be2ba7af7,RICELAND JASPER CLINIC,Riceland Jasper Clinic
cc:b5cba684-622e-48cc-b29e-c3b383218e6b,GLORIA DRUMMAND PHYSICAL REHABILITATION INSTITUTE,Gloria Drummand Physical Rehabilitation Institute
cc:b5df7ec0-6082-455e-a2b3-e7c11050c408,PURCELL MUNICIPAL HOSPITAL,Purcell Municipal Hospital
cc:b5e80748-af5d-4df0-85b3-b2453d0a4a30,HENRY FORD WEST BLOOMFIELD HOSPITAL,Henry Ford West Bloomfield Hospital
cc:b5ea8ab9-6fa3-415e-879a-6fdb99634ffc,WK PIERREMONT HEALTH CENTER,WK Pierremont Health Center
cc:b5ed92cf-3152-4b54-967c-6cb43d451963,BAPTIST HEALTH MEDICAL CENTER - LITTLE ROCK,Baptist Health Medical Center - Little Rock
cc:b5ffcc9b-97fe-4ecb-be3d-46b105ae83c2,UAB ST. VINCENT'S CHILTON,UAB St. Vincent's Chilton
cc:b60a2116-7d74-4edf-929f-0ed6f244d1c9,RANKEN JORDAN A PEDIATRIC BRIDGE HOSPITAL,Ranken Jordan A. Pediatric Bridge Hospital
cc:b6177049-05fd-422b-94fd-aadef5362b21,CABELL HUNTINGTON HOSPITAL,Cabell Huntington Hospital
cc:b619fd71-43ff-43a9-a353-f9b78bf2283f,ST. MARY'S GENERAL HOSPITAL,St. Mary's General Hospital
cc:b61c508b-8596-455b-80a4-f8f921db173e,ADVENTHEALTH SHAWNEE MISSION,AdventHealth Shawnee Mission
cc:b62949a4-ee9b-4034-a1dc-0671c9c4ed0c,MUSC HEALTH CHESTER MEDICAL CENTER,MUSC Health Chester Medical Center
cc:b634c970-89bc-4b2d-89a4-e1096d9bab8d,REHABILITATION HOSPITAL OF COLUMBUS,Rehabilitation Hospital of Columbus
cc:b6385ded-f398-4e87-9c00-9c80a4e0fe0d,NORTH ALABAMA MEDICAL CENTER,North Alabama Medical Center
cc:b6390678-0443-4eaf-b0cf-ce97de36c6f2,HASKELL MEMORIAL HOSPITAL,Haskell Memorial Hospital
cc:b639c256-d2f3-4eda-a647-708e1c0d067c,REUNION REHABILITATION HOSPITAL JACKSONVILLE,Reunion Rehabilitation Hospital Jacksonville
cc:b63ad509-c52b-433b-bb28-908602b450f1,BEAUMONT EMERGENCY HOSPITAL,Beaumont Emergency Hospital
cc:b63affe5-b0af-40c1-9c8b-c9ff07f24847,KPC HEALTH HEMET GLOBAL MEDICAL CENTER,KPC Health Hemet Global Medical Center
cc:b63f76bf-52d7-4bd1-84cf-43a77e2893ef,ST. LUKE'S HOSPITAL - EASTON CAMPUS,St. Luke's Hospital - Easton Campus
cc:b65163a6-f6f4-4904-a158-782048f22a45,SPRINGBROOK HOSPITAL,Springbrook Hospital
cc:b6530c66-b310-459c-836d-3e86c70b3f41,ENCOMPASS HEALTH REHABILITATION HOSPITAL THE WOODLANDS,Encompass Health Rehabilitation Hospital the Woodlands
cc:b6620af7-0019-45a9-9a01-43ae4596d333,SANFORD CLEAR LAKE MEDICAL CENTER,Sanford Clear Lake Medical Center
cc:b66a98ba-aa98-461b-b54e-7ea976ff68cb,SOIN MEDICAL CENTER,Soin Medical Center
cc:b66af804-e5cf-4748-8f81-ede3830b6f04,MILFORD VALLEY MEMORIAL HOSPITAL,Milford Valley Memorial Hospital
cc:b67d734e-c3ff-45f4-a0df-a154e509de90,MID COAST EL CAMPO MEMORIAL HOSPITAL,Mid Coast El Campo Memorial Hospital
cc:b68516e0-7d1e-4249-ba22-c7cce38230b1,AHN ALLEGHENY VALLEY HOSPITAL,AHN Allegheny Valley Hospital
cc:b688bd04-2742-4112-bef7-2abea49658e9,REHABILITATION HOSPITAL OF NORTHWEST OHIO,Rehabilitation Hospital of Northwest Ohio
cc:b688cf5c-ec47-4b76-84ca-59707a39ea9e,CHEROKEE INDIAN HOSPITAL AUTHORITY,Cherokee Indian Hospital Authority
cc:b69dbf5c-863b-49fb-9449-6847b833f035,LEONARD J. CHABERT MEDICAL CENTER,Leonard J. Chabert Medical Center
cc:b6acf5ed-a572-4031-b0c9-379e030b1535,RIDGEVIEW SIBLEY MEDICAL CENTER,Ridgeview Sibley Medical Center
cc:b6b27cd5-a5f8-446d-8bd0-0e0cb35ba4cb,WEST TENNESSEE HEALTHCARE BOLIVAR GENERAL HOSPITAL,West Tennessee Healthcare Bolivar General Hospital
cc:b6b6449f-4a6c-428e-9402-19ccdded2410,PACIFICA HOSPITAL OF THE VALLEY,Pacifica Hospital of the Valley
cc:b6bcbe75-2adb-4798-8d96-71597e3602f2,CONE HEALTH ANNIE PENN HOSPITAL,Cone Health Annie Penn Hospital
cc:b6d11c00-232f-4613-a767-6fec20327853,MERCY HOSPITAL OKLAHOMA CITY,Mercy Hospital Oklahoma City
cc:b6e22412-296f-463b-a272-65a5c5b8e3f0,MCLAREN FLINT,McLaren Flint
cc:b6eb2e8e-a03d-4f22-b802-67e1ee0fdccf,NORTON WOMEN'S AND CHILDREN'S HOSPITAL,Norton Women's and Children's Hospital
cc:b6ef5e70-ec42-42bb-9608-ffc9d62675e8,SANFORD CHILDREN'S HOSPITAL SIOUX FALLS,Sanford Children's Hospital Sioux Falls
cc:b6f0ca6a-6f8e-48e3-a9fd-4e774c5a963e,BAPTIST MEMORIAL HOSPITAL NORTH MS,Baptist Memorial Hospital North Ms
cc:b7060cb0-f8c5-4f87-af87-73c2a8a6a6fb,ST. LUKE'S REHABILITATION HOSPITAL,St. Luke's Rehabilitation Hospital
cc:b70e3ef1-72c2-4267-a453-afa962dbd7e8,PENN HIGHLANDS STATE COLLEGE,Penn Highlands State College
cc:b714b867-5922-4dae-853b-4ff030560de4,BENEFIS MISSOURI RIVER MEDICAL CENTER,Benefis Missouri River Medical Center
cc:b714dda6-ad23-45ed-86fb-9b1e55f5f57e,RIVERSIDE WALTER REED HOSPITAL,Riverside Walter Reed Hospital
cc:b7165ced-4ca0-44ac-9d0b-fefd5ebcf915,NEW YORK CITY CHILDREN'S CENTER,New York City Children's Center
cc:b72335b5-ee00-43d1-b7e2-11212a667459,PROVIDENCE MEDICAL CENTER,Providence Medical Center
cc:b72b309d-3c1c-4003-89a7-b2fe80d300d7,MEMORIAL HERMANN SOUTHEAST HOSPITAL,Memorial Hermann Southeast Hospital
cc:b73b846e-ff69-4249-838b-125f5971e54b,KULA HOSPITAL,Kula Hospital
cc:b741e92a-21ad-4161-a09e-d36818ce8211,WATERTOWN REGIONAL MEDICAL CENTER,Watertown Regional Medical Center
cc:b7430804-5608-4d37-9a57-1c2bf7ab2a71,MAINEHEALTH LINCOLN HOSPITAL,MaineHealth Lincoln Hospital
cc:b748493d-243b-40a8-ba74-77027067b7ea,CHRISTUS ST. VINCENT REGIONAL MEDICAL CENTER,CHRISTUS St. Vincent Regional Medical Center
cc:b74e42e3-ccb1-4484-8ef0-d89e5f3b98cc,ASCENSION VIA CHRISTI ST TERESA,Ascension Via Christi St. Teresa
cc:b74f44bb-4559-4819-9e08-04ea5e673bdc,WEST COVINA MEDICAL CENTER,West Covina Medical Center
cc:b75f7a5f-7e1d-49ed-a0a6-bcdfd8a5127b,HOSPITAL FOR SPECIAL SURGERY,Hospital for Special Surgery
cc:b760fa9f-ce83-4ca8-8af1-149e482ece25,THE WOMEN'S HOSPITAL,The Women's Hospital
cc:b770d7f6-7936-4352-bc45-087edc416c44,ASCENSION ST. VINCENT SALEM HOSPITAL,Ascension St. Vincent Salem Hospital
cc:b77b8574-477d-4837-b2ad-ff5e51b225e3,TRISTAR STONECREST MEDICAL CENTER,TriStar Stonecrest Medical Center
cc:b77d68f4-1bac-42a1-a21e-c42e4a3a9541,KAISER PERMANENTE CENTRAL HOSPITAL,Kaiser Permanente Central Hospital
cc:b781e1eb-5429-4443-89b3-4457b7992d00,VAN BUREN COUNTY HOSPITAL,Van Buren County Hospital
cc:b783bac7-d730-4560-a99c-f6146bb0e5e7,MOUNTAINVIEW MEDICAL CENTER,Mountainview Medical Center
cc:b7869e58-f746-4646-ac3e-520c65952554,MOUNT AUBURN HOSPITAL,Mount Auburn Hospital
cc:b789d147-8769-4b3c-b1cb-e8f4ca364cc4,MAINEHEALTH MAINE MEDICAL CENTER BIDDEFORD,MaineHealth Maine Medical Center Biddeford
cc:b79068b0-6781-4cf1-9dc4-8f205295788f,CASA COLINA HOSPITAL AND CENTERS FOR HEALTHCARE,Casa Colina Hospital and Centers for Healthcare
cc:b793a8b4-2f16-4c28-ad24-b390b8635fc2,BAYLOR SCOTT & WHITE INSTITUTE FOR REHABILITATION FRISCO,Baylor Scott & White Institute for Rehabilitation Frisco
cc:b7966b59-3286-4b30-a592-a40b5e88e32e,RIVERBRIDGE SPECIALTY HOSPITAL,Riverbridge Specialty Hospital
cc:b7a14e26-0dae-4d81-a24b-fdfb610fd590,SELECT SPECIALTY HOSPITAL - SAN DIEGO,Select Specialty Hospital - San Diego
cc:b7a22a8c-93a6-4aa9-92b4-a53042fc9a40,HOSPITAL METROPOLITANO DR. SUSONI,Hospital Metropolitano Dr. Susoni
cc:b7ac5a48-4b70-4dbe-8db6-0e2d7b72d750,UM HEALTH-SPARROW - ST LAWRENCE,UM Health-Sparrow - St. Lawrence
cc:b7ac7e56-6048-4e6c-87a5-e2e675ddc671,CRESTWOOD SAN JOSE PSYCHIATRIC HEALTH FACILITY,Crestwood San Jose Psychiatric Health Facility
cc:b7b03454-dad5-49e2-972e-4c671dab6d36,STONES CROSSING IMAGING CENTER,Stones Crossing Imaging Center
cc:b7b4d4ea-4d66-4dca-9ea2-c45090a14e53,MEDICAL CITY FORT WORTH,Medical City Fort Worth
cc:b7b94a1c-6513-4deb-a514-75800045bc41,AURORA MEDICAL CENTER KENOSHA,Aurora Medical Center Kenosha
cc:b7bb13fb-1b91-41a3-b107-091ddad3a63c,NEWTON WELLESLEY HOSPITAL,Newton Wellesley Hospital
cc:b7bece69-726a-416a-af1b-a8f2c945cf5b,OSF HOLY FAMILY MEDICAL CENTER,OSF Holy Family Medical Center
cc:b7bed6a5-2108-411c-a584-3abcf6fcdcb4,NEURO BEHAVIORAL HOSPITAL,Neuro Behavioral Hospital
cc:b7bf949e-9198-49ca-b90f-a00be3c98531,COMMONSPIRIT ST. FRANCIS HOSPITAL,Commonspirit St. Francis Hospital
cc:b7ce4780-3fa4-473d-83c2-282eb58f8124,SOUTHEAST GEORGIA HEALTH SYSTEM - CAMDEN CAMPUS,Southeast Georgia Health System - Camden Campus
cc:b7d03543-abd9-4e85-9465-6a6a5bc7b017,CAROLINA DUNES BEHAVIORAL HEALTH,Carolina Dunes Behavioral Health
cc:b7ddf570-d99f-4889-9a32-e8254432da15,TARAVISTA BEHAVIORAL HEALTH CENTER,Taravista Behavioral Health Center
cc:b7e2f33e-8ae1-460d-8344-96bcea101979,CEDARS SINAI MARINA DEL REY HOSPITAL,Cedars Sinai Marina del Rey Hospital
cc:b7eb68d5-d54e-47ba-8501-4a03d7afa5ad,LOGAN COUNTY HOSPITAL,Logan County Hospital
cc:b7ededa9-ac17-4964-a4d3-cd563889ee11,COREWELL HEALTH BUTTERWORTH HOSPITAL,Corewell Health Butterworth Hospital
cc:b7f31d63-127a-4ad9-8d39-d547f06a74d2,OCH REGIONAL MEDICAL CENTER,Och Regional Medical Center
cc:b7f37258-a2ec-40d8-b48d-097ed752423d,COREWELL HEALTH BEAUMONT TROY HOSPITAL,Corewell Health Beaumont Troy Hospital
cc:b813482d-d0f0-40ad-9a99-e5912673b85b,SOUTHWEST HEALTH BEHAVIORAL SERVICES,Southwest Health Behavioral Services
cc:b8142674-861e-4514-ad6d-5978cc28de00,COREWELL HEALTH DEARBORN HOSPITAL,Corewell Health Dearborn Hospital
cc:b8276424-6ae5-43e6-b4a6-400898964852,MEMORIAL HERMANN SURGICAL HOSPITAL FIRST COLONY,Memorial Hermann Surgical Hospital First Colony
cc:b828fe55-959b-469b-a095-63a33266578c,HSHS ST JOHN'S HOSPITAL,HSHS St. John's Hospital
cc:b835004a-8cf4-4b4d-b7c4-b97dd39b4602,ORLANDO HEALTH LAKELAND HIGHLANDS HOSPITAL,Orlando Health Lakeland Highlands Hospital
cc:b83634fe-fc65-4a5d-9951-bbbd91a80eed,ADAMS COUNTY REGIONAL MEDICAL CENTER,Adams County Regional Medical Center
cc:b83886ac-0b79-4fd2-9130-86581a27d48d,EASTERN NEW MEXICO MEDICAL CENTER,Eastern New Mexico Medical Center
cc:b839fecd-a2c0-4076-8ec5-d8908dedbf4d,BAPTIST HEALTH CORBIN,Baptist Health Corbin
cc:b8446d96-d4dc-49f0-96bf-fc975c2ed282,UVA CULPEPER MEDICAL CENTER,UVA Culpeper Medical Center
cc:b84cdf28-b308-46a8-8b7f-4cb12396b77d,LAKE REGION HEALTHCARE FERGUS FALLS HOSPITAL,Lake Region Healthcare Fergus Falls Hospital
cc:b85d8fc7-0028-4723-9b84-325fb726b919,KAISER PERMANENTE SAN MARCOS MEDICAL CENTER,Kaiser Permanente San Marcos Medical Center
cc:b870b0c4-c410-46be-bd8f-f0e8e0ec0e5f,HOLLY HILL HOSPITAL,Holly Hill Hospital
cc:b87bc3cf-5943-4e8b-a9b9-f07e42460533,ABRAZO ARIZONA HEART HOSPITAL,Abrazo Arizona Heart Hospital
cc:b8849257-7f30-4a34-b082-2d676ee80ae7,INDIANA SPINE HOSPITAL,Indiana Spine Hospital
cc:b884d17e-c7fa-4eb2-84ed-dca2f9005c11,ATRIUM HEALTH NAVICENT REHABILITATION,Atrium Health Navicent Rehabilitation
cc:b8866fbe-a864-41da-a30d-f3882726d797,ASSURANCE HEALTH ANDERSON,Assurance Health Anderson
cc:b88ef9dc-aeb2-4026-acde-2387563067a1,METHODIST BEHAVIORAL HEALTH SYSTEMS,Methodist Behavioral Health Systems
cc:b89f9497-5496-4804-94d5-5d93a04658bf,GUNDERSEN BOSCOBEL AREA HOSPITAL AND CLINICS,Gundersen Boscobel Area Hospital and Clinics
cc:b8a0b8fd-ed2b-4b20-8376-039f1ab9726c,WOODLAND MEMORIAL HOSPITAL,Woodland Memorial Hospital
cc:b8b20c87-d4d7-437c-a5fb-99083fe1372a,SELECT SPECIALTY HOSPITAL - MIAMI,Select Specialty Hospital - Miami
cc:b8bb1d76-f3d8-4ce9-b149-c8ced8961f45,MERCY HOSPITAL BERRYVILLE,Mercy Hospital Berryville
cc:b8bf6811-4573-4790-9b31-7fb40b40aea4,PIONEERS MEMORIAL HOSPITAL,Pioneers Memorial Hospital
cc:b8c326ac-d870-4dc9-aef4-ee2580cde520,BAYLOR SCOTT & WHITE INSTITUTE FOR REHABILITATION ARLINGTON,Baylor Scott & White Institute for Rehabilitation Arlington
cc:b8cf91a7-f1e6-48e9-b2e9-cdb196526b8d,BOLIVAR MEDICAL CENTER,Bolivar Medical Center
cc:b8d25c07-4e26-46fc-96cd-50701b877e95,ST. JOHN'S EPISCOPAL HOSPITAL,St. John's Episcopal Hospital
cc:b8d28cbc-22de-4e6f-9820-a17933a4f3b2,TENNOVA HEALTHCARE - LAFOLLETTE MEDICAL CENTER,Tennova Healthcare - Lafollette Medical Center
cc:b8d8610a-e0f7-4e57-90c3-f2b4ad0ceaed,WAYNE MEDICAL CENTER,Wayne Medical Center
cc:b8dc443d-8d70-4fab-9237-ecbd8c7b296d,BRISTOL REGIONAL MEDICAL CENTER,Bristol Regional Medical Center
cc:b8e03edf-0de7-4931-adc8-c88aa9039cc1,NOVANT HEALTH CHARLOTTE ORTHOPEDIC HOSPITAL,Novant Health Charlotte Orthopedic Hospital
cc:b8ea90fd-c05d-4009-8515-b3f3cdb3f5d0,MYMICHIGAN MEDICAL CENTER GLADWIN,Mymichigan Medical Center Gladwin
cc:b91ca0e9-f3a2-473e-bc50-595eb24aac51,SUMMA HEALTH SYSTEM - BARBERTON CAMPUS,Summa Health System - Barberton Campus
cc:b925219b-0d11-4e8c-b1d7-57f28e57baf8,CENTRACARE LONG PRAIRIE CLINIC,Centracare Long Prairie Clinic
cc:b93697bc-1982-4211-b12a-14b55321bb53,MILLCREEK COMMUNITY HOSPITAL,Millcreek Community Hospital
cc:b9384b4d-56bf-43d3-8683-adbbcc412a68,ASCENSION SETON CEDAR PARK,Ascension Seton Cedar Park
cc:b94536f4-b46f-46d1-a35c-6e94467f8333,BRISTOL BAY AREA HEALTH CORPORATION KANAKANAK HOSPITAL,Bristol Bay Area Health Corporation Kanakanak Hospital
cc:b9530f77-e57b-47b3-81ff-9764129dde01,SUN BEHAVIORAL COLUMBUS,Sun Behavioral Columbus
cc:b95a2c25-771a-499f-ac00-a89472caf3a0,WOODRIDGE PSYCHIATRIC HOSPITAL,Woodridge Psychiatric Hospital
cc:b9622506-a8be-429c-bb31-335abe67c839,CPC HOSP SAN JUAN CAPESTRANO,Cpc Hospital San Juan Capestrano
cc:b9638385-5de3-4621-b449-f76212a567f4,ANDROSCOGGIN VALLEY HOSPITAL,Androscoggin Valley Hospital
cc:b9669ad5-f4f1-44e0-aa0a-1de4e4b71a1a,MEMORIAL HERMANN GREATER HEIGHTS HOSPITAL,Memorial Hermann Greater Heights Hospital
cc:b968e33a-49d6-48cd-b02d-1971d80c3a79,COMMUNITY MEMORIAL HOSPITAL,Community Memorial Hospital
cc:b979b736-c202-435b-8990-9df0c2b2dcd5,BRONSON LAKEVIEW HOSPITAL,Bronson Lakeview Hospital
cc:b97ad972-954b-45f4-aae2-197c957d7d1b,MENA REGIONAL HEALTH SYSTEM,Mena Regional Health System
cc:b9917c69-f1be-4073-b1ae-fd2a7f0c4fa9,MIAMI VALLEY HOSPITAL SOUTH,Miami Valley Hospital South
cc:b99c6c59-54cc-4833-ae95-2bb90d59d082,ALTA VISTA REGIONAL HOSPITAL,Alta Vista Regional Hospital
cc:b9a6f30e-b98b-48fc-80c2-ff1e3e5c862f,UNIVERSITY OF MARYLAND REHABILITATION & ORTHOPAEDIC INSTITUTE,University of Maryland Rehabilitation & Orthopaedic Institute
cc:b9b241d5-b955-449f-ae39-42f7c2612ea5,MADISON HEALTH,Madison Health
cc:b9b52487-69fa-4295-b2f0-f4a53eea162e,UNIVERSITY HEALTH LAKEWOOD MEDICAL CENTER,University Health Lakewood Medical Center
cc:b9bdbfc5-36bc-4106-995e-9ba2d378c45e,TRUSTPOINT HOSPITAL,Trustpoint Hospital
cc:b9ce7758-abe7-49df-b029-6bcc0b70dec3,ADVENTHEALTH ZEPHYRHILLS,AdventHealth Zephyrhills
cc:b9ceda82-2934-454d-ad81-f0dd4c53c661,COMMONSPIRIT ST. MARY-CORWIN HOSPITAL,Commonspirit St. Mary-Corwin Hospital
cc:b9e83439-d856-4133-90c8-51b453887271,ADVENTIST HEALTH TILLAMOOK,Adventist Health Tillamook
cc:b9e99670-751d-4093-aea5-2bead19b45c0,ALTUS LUMBERTON HOSPITAL,Altus Lumberton Hospital
cc:b9ecacd4-6326-468d-9c35-383e724887bf,LOGAN HEALTH CHESTER,Logan Health Chester
cc:b9fb18da-4fa7-4432-b6f6-2f81b2b8ed92,THE EMILY PROGRAM RTP DURHAM,The Emily Program Rtp Durham
cc:ba0bcd64-753a-48ca-bafc-aac8d4a6b876,SEILING MUNICIPAL HOSPITAL,Seiling Municipal Hospital
cc:ba0f034c-270a-49ad-8496-811167af51aa,PIEDMONT CARTERSVILLE MEDICAL CENTER,Piedmont Cartersville Medical Center
cc:ba13cebd-a171-4e8c-b1cb-a1b145f8b9a1,NORTHERN LIGHT MERCY HOSPITAL,Northern Light Mercy Hospital
cc:ba15ff31-82cb-4109-ba19-be570f41b8fd,UH ST JOHN MEDICAL CENTER,UH St. John Medical Center
cc:ba2947a4-48a0-4100-8e35-32d50bc92daa,ASCENSION ALEXIAN BROTHERS,Ascension Alexian Brothers
cc:ba2d9069-a25c-4016-8ed9-29baee5493be,FRANCISCAN HEALTH MICHIGAN CITY,Franciscan Health Michigan City
cc:ba3721d0-7504-44c8-8294-2230421ccb8f,PAM HEALTH REHABILITATION HOSPITAL OF TAVARES,PAM Health Rehabilitation Hospital of Tavares
cc:ba47ac1f-cc39-4f91-b7bd-4171e8b5abe8,FROEDTERT COMMUNITY HOSPITAL - MEQUON,Froedtert Community Hospital - Mequon
cc:ba4a3710-747f-4de0-848f-1828f3f614bf,JAY HOSPITAL,Jay Hospital
cc:ba510822-c628-47f7-be67-2daaf455f64c,VASSAR BROTHERS MEDICAL CENTER,Vassar Brothers Medical Center
cc:ba519c10-943c-49fa-963c-777d76ac29e9,PHELPS HOSPITAL,Phelps Hospital
cc:ba54d1de-617c-4381-a37f-92ad02e02392,STAFFORD HOSPITAL,Stafford Hospital
cc:ba5c6aae-4c5b-4a46-8a92-8ece71fad625,MEMORIAL HERMANN CYPRESS HOSPITAL,Memorial Hermann Cypress Hospital
cc:ba644446-3a62-4c4e-ba48-526ce6bf2c14,STONY BROOK UNIVERSITY HOSPITAL,Stony Brook University Hospital
cc:ba66aff3-53e4-44d5-8f3f-c2517ca03ddc,BAYLOR SCOTT & WHITE MEDICAL CENTER MCKINNEY,Baylor Scott & White Medical Center McKinney
cc:ba6eb98c-b2a6-4634-85fb-7e933d1b7945,OSAGE BEACH CENTER FOR BEHAVIORAL HEALTH,Osage Beach Center for Behavioral Health
cc:ba7d4e97-2bf2-4a2e-8837-bfdae978b881,PROVIDENCE MOUNT CARMEL HOSPITAL,Providence Mount Carmel Hospital
cc:ba8b9de5-670b-4559-bcf3-d268d5e4849a,DEVEREUX FLORIDA VIERA CAMPUS,Devereux Florida Viera Campus
cc:ba8cd438-b92f-40c3-8fc2-8b33ba1e7091,THE RENFREW CENTER OF FLORIDA,The Renfrew Center of Florida
cc:ba8dc513-0959-46a8-913a-5ee935456460,COOLEY DICKINSON HOSPITAL,Cooley Dickinson Hospital
cc:ba910b52-453c-4862-974a-da95bf68e497,MERCY HOSPITAL CARTHAGE,Mercy Hospital Carthage
cc:ba96e6da-1e57-47bc-b1dc-5206732806af,DAVID H. KOCH CENTER FOR CANCER CARE AT MEMORIAL SLOAN KETTERING CANCER CENTER,David H. Koch Center for Cancer Care at Memorial Sloan Kettering Cancer Center
cc:baa280fd-b1e0-4c9a-afb6-bca7f9f46040,CARONDELET MARANA HOSPITAL,Carondelet Marana Hospital
cc:baab1e4e-0124-4409-821c-7c494899150d,MONTGOMERY GENERAL HOSPITAL,Montgomery General Hospital
cc:baca921d-6a3d-4276-8660-c50152665608,SPRINGFIELD MEMORIAL HOSPITAL,Springfield Memorial Hospital
cc:bad82470-fa1f-43dd-9ff4-316474bed1bf,ALTRU SPECIALTY HOSPITAL,Altru Specialty Hospital
cc:badae699-08b4-42d3-981c-136c4851939f,SELECT SPECIALTY HOSPITAL - OMAHA (CENTRAL CAMPUS),Select Specialty Hospital - Omaha (Central Campus)
cc:badd7fa0-acf8-4058-98dc-4862d3e0d4f7,CHRISTUS GOOD SHEPHERD MEDICAL CENTER - LONGVIEW,CHRISTUS Good Shepherd Medical Center - Longview
cc:baf896e5-aa9b-4cfc-94e5-cc9e8ad80038,COX MEDICAL CENTER SOUTH,Cox Medical Center South
cc:baf90084-2911-48fa-9e5f-3cb9085267ee,LEGENT HOSPITAL FOR SPECIAL SURGERY,Legent Hospital for Special Surgery
cc:bb0d0fb6-5732-43f5-a261-080965e91857,BANNER - UNIVERSITY MEDICAL CENTER PHOENIX CAMPUS,Banner - University Medical Center Phoenix Campus
cc:bb1fe470-b159-44da-a2da-b9c9da43bb4f,ST. LUKE'S HEALTH BRAZOSPORT HOSPITAL,St. Luke's Health Brazosport Hospital
cc:bb22f010-1b86-4b4f-bcd0-e9da2b43bc3c,SELECT SPECIALTY HOSPITAL - MEMPHIS,Select Specialty Hospital - Memphis
cc:bb25405b-74a8-4771-9ba1-bf5055951090,THE REHABILITATION INSTITUTE OF ST. LOUIS,The Rehabilitation Institute of St. Louis
cc:bb2b8090-9ad1-4866-973b-c32b182049d0,DEACONESS ILLINOIS CROSSROADS,Deaconess Illinois Crossroads
cc:bb2fe677-fbfa-45d2-8917-69a6f74f7d1f,ATRIUM HEALTH WAKE FOREST BAPTIST,Atrium Health Wake Forest Baptist
cc:bb316a69-3809-4363-83b8-343875887a29,KAISER PERMANENTE OAKLAND MEDICAL CENTER,Kaiser Permanente Oakland Medical Center
cc:bb402686-de01-48fe-b7cf-38419d5c23d8,GRANT MEDICAL CENTER,Grant Medical Center
cc:bb410857-5456-43e3-92b4-e4018a03a193,HSHS ST. JOSEPH'S HOSPITAL HIGHLAND,HSHS St. Joseph's Hospital Highland
cc:bb43c623-c75b-4f1e-8eb2-2333eecd44b8,METROPOLITAN HOSPITAL CENTER,Metropolitan Hospital Center
cc:bb4648d5-9830-41f4-aa09-cdb3744d35f5,NORTHWEST HEALTH LA PORTE,Northwest Health la Porte
cc:bb4c16bc-61dc-468e-8fbe-fe2dce675516,CACHE VALLEY HOSPITAL,Cache Valley Hospital
cc:bb548379-25f0-4136-aca4-997e562aa0e5,SAINT LUKE'S EAST HOSPITAL,Saint Luke's East Hospital
cc:bb58e151-d28e-44df-bd0f-f032e0001dcc,MONTEFIORE NYACK HOSPITAL,Montefiore Nyack Hospital
cc:bb60a2fa-c52c-4d50-acf6-6d6aa2535ad3,MELISSA MEMORIAL HOSPITAL,Melissa Memorial Hospital
cc:bb92185e-9827-46f6-acc3-c6ca96a7f86a,NORTHERN MAINE MEDICAL CENTER,Northern Maine Medical Center
cc:bb99c782-29fe-4bfd-87b1-6d14e42b3975,IU HEALTH UNIVERSITY HOSPITAL,IU Health University Hospital
cc:bb9c2999-22c6-4b26-a8ba-b256c9100148,BACON COUNTY HOSPITAL,Bacon County Hospital
cc:bb9c782a-811c-4ace-9dc4-9e219f2c113a,THE MEDICAL CENTER AT FRANKLIN,The Medical Center at Franklin
cc:bba0e0be-bc73-48bb-9463-93068a7399c0,PULASKI MEMORIAL HOSPITAL,Pulaski Memorial Hospital
cc:bba18f32-b3ba-4b2a-9e8e-688ac0df4145,HORSHAM CLINIC,Horsham Clinic
cc:bbb44ead-f5da-4255-8285-0238c18db010,MERCY HEALTH - ST. JOSEPH WARREN HOSPITAL,Mercy Health - St. Joseph Warren Hospital
cc:bbb5cb07-854c-4d06-8341-428d3121bd83,LIBERTY-DAYTON REGIONAL MEDICAL CENTER,Liberty-Dayton Regional Medical Center
cc:bbc024a6-d419-436c-ac9c-7e4c4ccc6a40,LUMINIS HEALTH J KENT MCNEW FAMILY MEDICAL CENTER,Luminis Health J. Kent McNew Family Medical Center
cc:bbc5cd35-baa2-4d0d-80be-ce7c2f08f69a,BOSTON MEDICAL CENTER - BRIGHTON,Boston Medical Center - Brighton
cc:bbc8d408-b190-478f-bbdf-23979e111ee3,CITIZENS MEDICAL CENTER,Citizens Medical Center
cc:bbcf0fc5-8077-4a9b-8872-59d185a43b44,CLEVELAND CLINIC AVON HOSPITAL,Cleveland Clinic Avon Hospital
cc:bbd18ff1-a93e-4900-99ab-d7c5a205d43e,LOGANSPORT STATE HOSPITAL,Logansport State Hospital
cc:bbdcab57-626a-496c-988a-060ba553bfae,HARDIN COUNTY GENERAL HOSPITAL,Hardin County General Hospital
cc:bbef7734-af86-4711-8ede-ced01fc9e9fe,QUEENS HOSPITAL CENTER,Queens Hospital Center
cc:bbff8f88-62ce-4559-b00d-0d8c608bf869,NEW ORLEANS EAST HOSPITAL,New Orleans East Hospital
cc:bc0a44b8-6062-4cee-9e9f-7a71cb13f4af,METHODIST WOMEN'S HOSPITAL,Methodist Women's Hospital
cc:bc1914df-8f7f-40e6-8860-c515e95eb0a2,COFFEYVILLE REGIONAL MEDICAL CENTER,Coffeyville Regional Medical Center
cc:bc19aab7-38f2-48fa-84a0-bdb5389304d6,SYCAMORE SHOALS HOSPITAL,Sycamore Shoals Hospital
cc:bc1d4a80-d243-4390-9387-2258823f36ed,EAST CENTRAL REGIONAL HOSPITAL - GRACEWOOD,East Central Regional Hospital - Gracewood
cc:bc24d27f-a7f9-445e-8c02-4f33e8d32e32,PERIMETER BEHAVIORAL HOSPITAL OF ARLINGTON,Perimeter Behavioral Hospital of Arlington
cc:bc299cf4-d136-4618-8e78-224b4a3b7b67,RADIANT HEALTH,Radiant Health
cc:bc2edd51-de6d-471d-a46b-6b0e9cd86ba7,ASHLEY REGIONAL MEDICAL CENTER,Ashley Regional Medical Center
cc:bc3865e8-1241-430b-b7a6-6258fb6ebf73,MORRISTOWN-HAMBLEN HEALTHCARE SYSTEM,Morristown-Hamblen Healthcare System
cc:bc40664f-fbf5-4c8a-a529-add2a1f7d052,SONORA BEHAVIORAL HEALTH HOSPITAL,Sonora Behavioral Health Hospital
cc:bc49012d-0215-4857-9a16-8148f7314004,BAYLOR SCOTT & WHITE MCLANE CHILDREN'S MEDICAL CENTER,Baylor Scott & White McLane Children's Medical Center
cc:bc62dfff-e4b2-47cb-ad80-af3f9f0f953e,CHRISTUS GOOD SHEPHERD MEDICAL CENTER - MARSHALL,CHRISTUS Good Shepherd Medical Center - Marshall
cc:bc643b25-af00-4b61-be42-d98673ad7380,UVA HAYMARKET MEDICAL CENTER,UVA Haymarket Medical Center
cc:bc780aca-0417-404a-9a83-10ba07c6ec0e,SPECIALTY HOSPITAL,Specialty Hospital
cc:bc8d58b3-8668-4384-b03c-b4e476e3c4fd,HAVEN BEHAVIORAL HOSPITAL DAYTON,Haven Behavioral Hospital Dayton
cc:bc9c4832-e824-4013-9b28-03bceb9692e6,NOVANT HEALTH PRESBYTERIAN MEDICAL CENTER,Novant Health Presbyterian Medical Center
cc:bcad5310-f488-442b-b7e4-20315f6c6e66,NYU LANGONE HOSPITAL LONG ISLAND,NYU Langone Hospital Long Island
cc:bcb2347a-f9f8-46f3-808f-073d6f0d1c4d,WILMA N. VAZQUEZ HEALTH,Wilma N. Vazquez Health
cc:bcb24cf5-4a6a-4d2c-98a4-0c416ee2058d,HSHS HOLY FAMILY HOSPITAL,HSHS Holy Family Hospital
cc:bcb43384-f5e3-49dc-a3bc-7ffffce13002,ST. BERNARDS BEHAVIORAL HEALTH,St. Bernards Behavioral Health
cc:bcc09338-b644-4271-be79-a3ab5cc1464f,NACOGDOCHES MEMORIAL HOSPITAL,Nacogdoches Memorial Hospital
cc:bcd2148c-58c2-49c0-8e1e-ac02b550d387,WASHINGTON COUNTY HOSPITAL,Washington County Hospital
cc:bcd4fea4-1b2a-4a6e-add4-4ca6c44d04e3,COX MONETT HOSPITAL,Cox Monett Hospital
cc:bcd52e29-c636-4497-92b2-ca640c1a161a,BAYLOR SCOTT & WHITE MEDICAL CENTER TEMPLE,Baylor Scott & White Medical Center Temple
cc:bce3bae7-e881-49e6-bc12-3a735376d767,REEDSBURG AREA MEDICAL CENTER,Reedsburg Area Medical Center
cc:bce9268b-499e-4bb9-8348-f92c0b8913c4,CHILDREN'S MINNESOTA - MINNETONKA AMBULATORY SURGICAL CENTER,Children's Minnesota - Minnetonka Ambulatory Surgical Center
cc:bceb1afe-3849-49ed-ad19-2b0d59775057,EASTERN PLUMAS HEALTH CARE,Eastern Plumas Health Care
cc:bcf224c4-8360-4f9e-b36e-68b24aad87e1,ST. JOHN'S REGIONAL MEDICAL CENTER,St. John's Regional Medical Center
cc:bcfeb340-2a62-4c60-93aa-946bb2c4d322,FREEDOM BEHAVIORAL HOSPITAL BUNKIE,Freedom Behavioral Hospital Bunkie
cc:bcfecc32-b515-4cbf-a821-a9818817e9fa,SAINT THOMAS HOSPITAL FOR SPECIALTY SURGERY,Saint Thomas Hospital for Specialty Surgery
cc:bd0529e2-2744-4e1e-bb14-8d6fee5b824b,MINDEN MEDICAL CENTER,Minden Medical Center
cc:bd0652ff-cf95-4478-ace9-f9ea032c2586,WESTMORELAND HOSPITAL,Westmoreland Hospital
cc:bd12ee35-f8d0-4e7b-b937-040377d74638,MONUMENT HEALTH STURGIS HOSPITAL,Monument Health Sturgis Hospital
cc:bd155e4e-38de-4db7-a293-b2108a034b28,CHESAPEAKE REGIONAL MEDICAL CENTER,Chesapeake Regional Medical Center
cc:bd15fe39-4ad5-45af-bdda-c00d837aca33,CEDAR CREST HOSPITAL,Cedar Crest Hospital
cc:bd1a1800-6e25-4005-b7da-7e57424a925b,COSHOCTON REGIONAL MEDICAL CENTER,Coshocton Regional Medical Center
cc:bd1a5b11-6525-444f-abd0-0a11e33dd34f,CHI ST JOSEPHS HEALTH,CHI St. Josephs Health
cc:bd25c063-f2f6-4939-bf14-f4b291da2617,MERCY HEALTH - WEST HOSPITAL,Mercy Health - West Hospital
cc:bd2b4b6f-b700-47a0-96a2-161ae9b95d26,ZIMMER MEDICAL CLINIC,Zimmer Medical Clinic
cc:bd2b771a-4b7e-4230-ae9e-2941feb70eee,ATRIUM HEALTH WAKE FOREST BAPTIST WILKES MEDICAL CENTER,Atrium Health Wake Forest Baptist Wilkes Medical Center
cc:bd30ad56-3e7b-4766-804d-8a01952eff1e,EMORY REHABILITATION HOSPITAL,Emory Rehabilitation Hospital
cc:bd69c0b1-9548-454a-ab0a-0e3007498d04,CARROLLTON SPRINGS CHANGES MCKINNEY,Carrollton Springs Changes McKinney
cc:bd700350-945e-4992-9e2f-c7b74bf5c940,JEFFERSON DAVIS COMMUNITY HOSPITAL,Jefferson Davis Community Hospital
cc:bd7e6754-c0e7-4e20-98ea-f75ca592688f,MEMORIAL HOSPITAL OF LAFAYETTE COUNTY,Memorial Hospital of Lafayette County
cc:bd90260a-2544-4cb4-89f7-e91b0b69eb31,BOZEMAN HEALTH DEACONESS HOSPITAL,Bozeman Health Deaconess Hospital
cc:bd908dc4-02d2-4e58-b4d8-0e09d20d7776,BLUE RIDGE VISTA BEHAVIORAL HOSPITAL,Blue Ridge Vista Behavioral Hospital
cc:bd97080a-8bd2-45f0-8102-ca47a12a7414,SAINT JOSEPH MOUNT STERLING,Saint Joseph Mount Sterling
cc:bd982745-f82b-4396-8e2c-2cb1181cd488,NORTON COMMUNITY HOSPITAL,Norton Community Hospital
cc:bd9bbfb7-974a-4d12-bb37-78f4f03ca873,TUCSON MEDICAL CENTER RINCON HOSPITAL,Tucson Medical Center Rincon Hospital
cc:bd9e2c90-65ef-4cd0-81bb-9961ebe1da70,DIGNITY HEALTH EAST VALLEY REHABILITATION HOSPITAL GILBERT,Dignity Health East Valley Rehabilitation Hospital Gilbert
cc:bdb4dd88-0925-4d49-a1ed-e7efeea91531,CHI MEMORIAL HOSPITAL GEORGIA,CHI Memorial Hospital Georgia
cc:bdbb92b1-3cd4-47e7-ba61-662a5a09e32c,SIDNEY HEALTH CENTER,Sidney Health Center
cc:bdc48bfd-ce24-4fa1-a4ca-31cb49d2e440,COREWELL HEALTH PENNOCK HOSPITAL,Corewell Health Pennock Hospital
cc:bdcf109b-c30a-4096-8a1a-9fe2c8937acb,HURON REGIONAL MEDICAL CENTER,Huron Regional Medical Center
cc:bdf3e172-3c00-42d6-af02-675207606311,UNIVERSITY OF MARYLAND UPPER CHESAPEAKE MEDICAL CENTER,University of Maryland Upper Chesapeake Medical Center
cc:bdf73561-af22-4ebb-9fc2-f215e400e267,FROEDTERT BLUEMOUND REHABILITATION HOSPITAL,Froedtert Bluemound Rehabilitation Hospital
cc:be065198-c005-4314-b9b3-17d8c6c5fc4a,EVANS MEMORIAL HOSPITAL,Evans Memorial Hospital
cc:be0b5b3e-a269-410a-b2b3-ecd2e276c65a,AMBERMED,Ambermed
cc:be17bc44-1f7c-48b4-8c22-78dd972d2560,ASPIRUS IRONWOOD HOSPITAL,Aspirus Ironwood Hospital
cc:be1ad8c7-15d1-4a56-8e81-1d6269b8648c,OSF SAINT ANTHONY MEDICAL CENTER,OSF Saint Anthony Medical Center
cc:be2073f7-eed3-419a-9875-a775ec8ac3fe,AURORA MEDICAL CENTER MOUNT PLEASANT,Aurora Medical Center Mount Pleasant
cc:be273794-047c-484b-b407-02766869643c,GREENE COUNTY HEALTH SYSTEM,Greene County Health System
cc:be2b7c05-4730-4936-a66e-db2ad551f30d,REGENCY HOSPITAL OF TOLEDO,Regency Hospital of Toledo
cc:be2c2790-74c2-4ef4-aa1e-e7ade152a8f5,STEPHENS MEMORIAL HOSPITAL,Stephens Memorial Hospital
cc:be347db0-a701-4fa4-b702-c4568dc7222b,ARKANSAS HEART HOSPITAL ENCORE MEDICAL CENTER,Arkansas Heart Hospital Encore Medical Center
cc:be36f53b-e572-4bed-9fbb-fa2525712a00,HAMMOND-HENRY HOSPITAL,Hammond-Henry Hospital
cc:be4db1c5-5c67-4924-b172-4b5c9e19dbf6,UNITYPOINT HEALTH ST. LUKE'S HOSPITAL,UnityPoint Health St. Luke's Hospital
cc:be517efa-1488-4f25-9aa9-ee7bc54ea3f6,CLEARSKY REHABILITATION HOSPITAL OF WEATHERFORD,Clearsky Rehabilitation Hospital of Weatherford
cc:be5af7f2-0bfa-4d56-a071-1136155f2993,SMA HEALTHCARE MARION COUNTY,Sma Healthcare Marion County
cc:be5b86b5-a3e1-44ef-aa23-1094e887f227,OTTO KAISER MEMORIAL HOSPITAL,Otto Kaiser Memorial Hospital
cc:be669ba9-5ef7-41e2-95af-d839f41c52de,WEIRTON MEDICAL CENTER,Weirton Medical Center
cc:be847066-8a5a-4034-aa22-81a789adbb93,JOYCE EISENBERG KEEFER MEDICAL CENTER,Joyce Eisenberg Keefer Medical Center
cc:be8fae41-790e-4645-8912-022b5864de73,DEKALB REGIONAL MEDICAL CENTER,DeKalb Regional Medical Center
cc:be93b8d6-917d-4ec5-928e-1b4cbc6700c1,SUTTER ROSEVILLE MEDICAL CENTER,Sutter Roseville Medical Center
cc:be9ed665-055c-4196-8f82-03f5a96bc296,CINCINNATI CHILDREN'S HOSPITAL BURNET CAMPUS,Cincinnati Children's Hospital Burnet Campus
cc:bea928e8-4f69-4e02-a020-cb83c6410971,COMMONSPIRIT HOLY CROSS HOSPITAL - JORDAN VALLEY,Commonspirit Holy Cross Hospital - Jordan Valley
cc:beb34467-8e06-48c2-a32e-4582af05957f,CLEVELAND CLINIC MARTIN NORTH,Cleveland Clinic Martin North
cc:bec044e2-bc02-46a1-8d6b-bf1a9dbdaafe,WILMINGTON TREATMENT CENTER,Wilmington Treatment Center
cc:bec0c2a1-0feb-40d0-a94a-02017be2a5e1,TIDALHEALTH NANTICOKE,Tidalhealth Nanticoke
cc:becbacd3-7ffe-4498-9efc-2bc0cfe6f764,SELECT SPECIALTY HOSPITAL - WILMINGTON,Select Specialty Hospital - Wilmington
cc:bed69ac9-ecfd-41dd-9328-57877b77846d,ROY LESTER SCHNEIDER HOSPITAL,Roy Lester Schneider Hospital
cc:bed99826-8a36-4ba7-a57f-4c6c525dd4fe,EPHRAIM MCDOWELL REGIONAL MEDICAL CENTER,Ephraim McDowell Regional Medical Center
cc:bedb5e23-a2ff-4790-9c2f-9611483c4f2d,HAVEN BEHAVIORAL HOSPITAL OF PHOENIX,Haven Behavioral Hospital of Phoenix
cc:bedc4d45-cee8-4e24-b6f8-5b077ba6789f,CHRISTUS SANTA ROSA HOSPITAL SAN MARCOS,CHRISTUS Santa Rosa Hospital San Marcos
cc:bf01db82-02af-4099-8f26-4d655f7a5ee0,WINDHAM HOSPITAL,Windham Hospital
cc:bf048d35-cfd2-4401-859e-d9f27b3b8f4e,BRUSHY CREEK FAMILY HOSPITAL,Brushy Creek Family Hospital
cc:bf0604f7-c301-4981-bb09-91ea407c4d4c,UNITY PSYCHIATRIC CARE BRIDGEPORT,Unity Psychiatric Care Bridgeport
cc:bf097f6a-1117-47f5-a9a1-3a15d4b22ad5,OU HEALTH UNIVERSITY OF OKLAHOMA MEDICAL CENTER,OU Health University of Oklahoma Medical Center
cc:bf1d4618-8f1e-4293-bb3b-43c06fe835a6,NORTON WEST LOUISVILLE HOSPITAL,Norton West Louisville Hospital
cc:bf437b7a-6cf4-4cc7-875b-d376a3767c66,UH LAKE WEST MEDICAL CENTER,UH Lake West Medical Center
cc:bf59e466-307b-4688-a31d-3d72a331187b,MISSION BEHAVIORAL HEALTH,Mission Behavioral Health
cc:bf5b7e05-69a5-4e2b-b793-4b775134c88d,CLARION PSYCHIATRIC CENTER,Clarion Psychiatric Center
cc:bf5e935e-9447-4e9f-8136-b10b46a787e1,BRYNN MARR HOSPITAL,Brynn Marr Hospital
cc:bf651590-a6c4-4164-8c61-cc48700b0189,BANNER PAGE HOSPITAL,Banner Page Hospital
cc:bf6c0f85-b12f-48af-9679-1f6a525ff958,ROCKLAND PSYCHIATRIC CENTER,Rockland Psychiatric Center
cc:bf6fe53e-7f4e-4c1b-8732-81c6fbdc9f48,MEMORIAL SLOAN KETTERING COMMACK NONNAS GARDEN FOUNDATION CENTER,Memorial Sloan Kettering Commack Nonnas Garden Foundation Center
cc:bf80b63e-8c04-4d30-93f1-77a7a36addad,TAHOE FOREST HOSPITAL,Tahoe Forest Hospital
cc:bf811e00-ee13-42b3-b178-11222e475e48,MERCY HOSPITAL SPRINGFIELD,Mercy Hospital Springfield
cc:bf882276-0411-4c23-8844-9dac2affda9a,TEXAS HEALTH CLEBURNE,Texas Health Cleburne
cc:bf8d6249-2960-4c51-9f0a-f8573b473b37,KESSLER REHABILITATION CENTER EDISON,Kessler Rehabilitation Center Edison
cc:bf98e4c5-1b1f-4ffd-afc1-b90e83350e90,WEST TENNESSEE HEALTHCARE MILAN HOSPITAL CARDIAC REHAB,West Tennessee Healthcare Milan Hospital Cardiac Rehabilitation
cc:bf9bc00d-2f86-44b0-bd42-d547c4d1b4ed,NEW YORK PRESBYTERIAN HOSPITAL - NEW YORK WEILL CORNELL CENTER,New York Presbyterian Hospital - New York Weill Cornell Center
cc:bf9e6950-5384-44bb-ae13-60ea37379463,ALLENDALE COUNTY HOSPITAL,Allendale County Hospital
cc:bfb08cd3-93e0-4499-ad40-0be171d98e3f,GRAND LAKE HEALTH SYSTEM,Grand Lake Health System
cc:bfb1696b-e991-4560-bf4e-30c1ab06b03d,HUNTSMAN MENTAL HEALTH INSTITUTE,Huntsman Mental Health Institute
cc:bfb472dc-4b98-4033-a945-f72297bb2c4f,SHARP GROSSMONT HOSPITAL,Sharp Grossmont Hospital
cc:bfbbc5a4-38ff-4a27-b6ef-eadec501094a,NORTH CENTRAL BRONX HOSPITAL,North Central Bronx Hospital
cc:bfcca4c5-311d-4424-9d0c-d62bb237a59e,UC DAVIS MEDICAL CENTER,UC Davis Medical Center
cc:bfcd0366-3334-4ab4-a0fe-23628d044a8a,BELLIN HEALTH OCONTO HOSPITAL,Bellin Health Oconto Hospital
cc:bfceaa2a-814b-469b-87fd-95d5b806e180,VICTOR VALLEY GLOBAL MEDICAL CENTER,Victor Valley Global Medical Center
cc:bfd12bbb-ebc5-44de-a9c1-dbd91df8f319,LASTING HOPE RECOVERY CENTER,Lasting Hope Recovery Center
cc:bfe01ce2-f82c-4591-bf02-3704b5859252,COMMUNITY MEMORIAL HOSPITAL AVERA,Community Memorial Hospital Avera
cc:bfe0ea0a-7be7-4337-81dd-9e144073a969,THREE CROSSES REGIONAL HOSPITAL,Three Crosses Regional Hospital
cc:bfe1ccff-6bb0-422a-b427-30250e65cb73,BRENTWOOD SPRINGS,Brentwood Springs
cc:bff1977d-ea8b-4f33-b038-771cbc141054,SELECT SPECIALTY HOSPITAL -OKLAHOMA CITY,Select Specialty Hospital -Oklahoma City
cc:bff91313-1d24-4677-b5fd-1dbd1d5e2eb8,UPMC KANE,UPMC Kane
cc:bffa8e3d-dcb6-45f0-a2c6-cf546cca6e8f,COMMUNITY HEALTHCARE SYSTEM ST. MARYS,Community Healthcare System St. Marys
cc:c000020c-92df-4921-8ef3-d2b105b14f47,ALLIANCE HEALTHCARE HOSPITAL,Alliance Healthcare Hospital
cc:c00c2c88-5a0c-4a8b-b824-e689b6137f98,METHODIST REHABILITATION HOSPITAL,Methodist Rehabilitation Hospital
cc:c00fcb04-d845-4556-85d0-64b0f56b1ffe,ST. ELIZABETH GRANT HOSPITAL,St. Elizabeth Grant Hospital
cc:c0152355-d166-416c-964a-ca8f99298175,PAM HEALTH SPECIALTY HOSPITAL OF VICTORIA NORTH,PAM Health Specialty Hospital of Victoria North
cc:c016efc7-630a-4f31-abf0-f05999628042,DESERT VALLEY HOSPITAL,Desert Valley Hospital
cc:c0181e83-921c-4bdb-aeac-e778b8907d89,HSHS ST CLARE MEMORIAL HOSPITAL,HSHS St. Clare Memorial Hospital
cc:c022ccfb-f6fb-47ca-9cdb-b061953f227d,LAFAYETTE REGIONAL REHABILITATION HOSPITAL,Lafayette Regional Rehabilitation Hospital
cc:c023f50c-2d0e-45a2-b197-8385c96607d5,MUSC HEALTH ORANGEBURG,MUSC Health Orangeburg
cc:c02c86d8-fd35-4461-bfb0-6af6f8343ef7,DOCTORS NEUROPSYCHIATRIC HOSPITAL,Doctors Neuropsychiatric Hospital
cc:c036015b-b7ff-48da-99b0-fb4d38153f7d,SAINT JOSEPH MEDICAL CENTER,Saint Joseph Medical Center
cc:c036bdff-524a-44c8-918b-ec10ba923ed9,INTERMOUNTAIN HEALTH HEBER VALLEY HOSPITAL,Intermountain Health Heber Valley Hospital
cc:c03e6a94-7dfa-4c02-804e-138fc1105f8c,HARLINGEN MEDICAL CENTER,Harlingen Medical Center
cc:c056b2dd-9d66-4f3f-8943-0fb17664f8a7,STARKEY RANCH ER & HOSPITAL,Starkey Ranch ER & Hospital
cc:c065f611-827a-4463-999e-8c23ee357c0e,EXALT HEALTH INPATIENT REHABILITATION HOSPITAL ORANGE PARK,Exalt Health Inpatient Rehabilitation Hospital Orange Park
cc:c066590f-810e-46d9-b900-a0609529f6c4,YAVAPAI REGIONAL MEDICAL CENTER WEST,Yavapai Regional Medical Center West
cc:c07799af-16d3-4749-be39-a1312150327e,EXCEPTIONAL COMMUNITY HOSPITAL BULLHEAD CITY,Exceptional Community Hospital Bullhead City
cc:c084f8f3-c097-4676-90d5-d3ecebb2db7a,EXALT HEALTH INPATIENT REHABILITATION HOSPITAL LAKELAND,Exalt Health Inpatient Rehabilitation Hospital Lakeland
cc:c0877d68-658b-4342-a1aa-d9b8b5dfc749,OKLAHOMA SURGICAL HOSPITAL,Oklahoma Surgical Hospital
cc:c088a0dd-4451-4bb7-9682-25a39ff19d10,TALLAHATCHIE GENERAL HOSPITAL,Tallahatchie General Hospital
cc:c08daf46-30c2-4b4c-aab9-e996cacea9ee,UCHEALTH ESTES VALLEY MEDICAL CENTER,UCHealth Estes Valley Medical Center
cc:c09bb1a7-5a6a-469c-84fb-0c40ce26a585,CARROLL COUNTY MEMORIAL HOSPITAL,Carroll County Memorial Hospital
cc:c0a48e04-2961-4793-be29-45a36671cd28,PAOLA HOSPITAL,Paola Hospital
cc:c0b0c066-5876-49ab-a618-e9acd742cf55,UPMC WESTERN PSYCHIATRIC HOSPITAL,UPMC Western Psychiatric Hospital
cc:c0b318eb-d278-43c9-83f1-6ef47d702e77,THE CONNECTICUT HOSPICE INC.,The Connecticut Hospice Inc.
cc:c0bf00d9-3f77-4da0-ac6a-85feb932b777,WINNEBAGO MENTAL HEALTH INSTITUTE,Winnebago Mental Health Institute
cc:c0c5a3d6-c9a7-43fb-b2d5-58766b16d516,UNITYPOINT HEALTH MARSHALLTOWN,UnityPoint Health Marshalltown
cc:c0ddf6a4-46e4-4664-aab2-884ce7679e81,OCEANS BEHAVIORAL HOSPITAL KENTWOOD,Oceans Behavioral Hospital Kentwood
cc:c0deabf4-f9e3-407f-8905-5b802fa5bc4c,HIGHLAND CLARKSBURG HOSPITAL INC,Highland Clarksburg Hospital Inc
cc:c0dfb19f-baf9-4a24-8b19-eae8880a3f43,COVENANT MEDICAL CENTER HARRISON,Covenant Medical Center Harrison
cc:c0e4149a-54db-48e1-8242-ef7717ae6873,REHABILIATION HOSPITAL OF OVERLAND PARK,Rehabiliation Hospital of Overland Park
cc:c0f08cd0-c102-495d-97ec-71eb5823dd5a,CONEMAUGH MINERS MEDICAL CENTER,Conemaugh Miners Medical Center
cc:c101cadf-7ce0-4a99-8c7d-51100791ac90,GOLETA VALLEY COTTAGE HOSPITAL,Goleta Valley Cottage Hospital
cc:c10bb769-91e9-4ee3-ab16-6c55e764f12e,"GUTHRIE ROBERT PACKER HOSPITAL, TOWANDA CAMPUS","Guthrie Robert Packer Hospital, Towanda Campus"
cc:c1177dd9-2196-4ac3-b992-e34c98cd6ece,RONALD REAGAN UCLA MEDICAL CENTER,Ronald Reagan UCLA Medical Center
cc:c11b6cef-4373-43cc-b07b-5fe07dd2208c,MARTIN COUNTY HOSPITAL DISTRICT,Martin County Hospital District
cc:c11fd696-4955-436e-a7b0-270d07f0c14d,HERITAGE PSYCHIATRIC HEALTH CENTER,Heritage Psychiatric Health Center
cc:c1237372-e71d-4fb0-b100-eba7ab3cf809,CHICAGO BEHAVIORAL HOSPITAL,Chicago Behavioral Hospital
cc:c13419a1-012e-491b-9876-8858bd43d6bc,THE HOSPITAL AT WESTLAKE MEDICAL CENTER,The Hospital at Westlake Medical Center
cc:c139e9c4-e54b-4cbe-9662-d91f17810970,MAYO CLINIC FLORIDA,Mayo Clinic Florida
cc:c13ace56-5ebc-4e9d-9e25-8246772e0f89,CORRY MEMORIAL HOSPITAL,Corry Memorial Hospital
cc:c13c897b-a47f-419f-b7ac-f9b1cd80f7a3,REGENCY MACON,Regency Macon
cc:c148833f-3896-40f7-8072-2e9b8e778b6d,MCLEAN HOSPITAL,McLean Hospital
cc:c1539ee7-41fc-46e0-8bed-244ac354c7da,UMASS MEMORIAL MEDICAL CENTER NORTH PAVILION,UMass Memorial Medical Center North Pavilion
cc:c155ac5b-ca75-4861-a7c7-74793a421431,ESSENTIA HEALTH-ST. MARY'S MEDICAL CENTER DULUTH,Essentia Health-St. Mary's Medical Center Duluth
cc:c15f86c8-c0e9-43ac-8129-38f4857e6ad3,MERCY HOSPITAL COLUMBUS,Mercy Hospital Columbus
cc:c1792fbf-c7c1-4377-ab92-7298f8ff7089,ORLANDO HEALTH ST. CLOUD HOSPITAL,Orlando Health St. Cloud Hospital
cc:c189a412-6278-4c09-8937-0595ecb93ca1,CUMBERLAND COUNTY HOSPITAL,Cumberland County Hospital
cc:c18ae305-66db-4f17-8460-7735660825cc,ASCENSION CALUMET HOSPITAL,Ascension Calumet Hospital
cc:c198dea9-9a6d-4935-8dcd-9eddc84ae10b,HCA FLORIDA TWIN CITIES HOSPITAL,HCA Florida Twin Cities Hospital
cc:c1a45d4a-b275-4b3e-b645-caf5f31e59cd,FLORIDA STATE HOSPITAL,Florida State Hospital
cc:c1be1185-68a4-4650-b400-232d37cf1e1f,GATEWAY REHABILITATION HOSPITAL AT FLORENCE,Gateway Rehabilitation Hospital at Florence
cc:c1ca5ee4-1865-4f21-98c3-3cc1141a100d,THE RIDGE BEHAVIORAL HEALTH SYSTEM,The Ridge Behavioral Health System
cc:c1cb0d39-79a4-4c81-aa32-02a12f5d1707,TEMPLE UNIVERSITY HOSPITAL - NORTHEASTERN CAMPUS,Temple University Hospital - Northeastern Campus
cc:c1cbea82-4ca8-4074-ae05-67036e443b8a,UNM CHILDREN'S HOSPITAL,UNM Children's Hospital
cc:c1e5e82c-572d-41b0-abb6-a9cebbbe04e4,YOAKUM COMMUNITY HOSPITAL,Yoakum Community Hospital
cc:c1ebbc43-dd27-4926-85e1-72ad545dfcdc,MERCY MEDICAL CENTER MT. SHASTA,Mercy Medical Center Mt. Shasta
cc:c1f4f40b-3e02-4671-b267-57c9051e9c37,COMMUNITY DIGESTIVE CENTER,Community Digestive Center
cc:c1ff8d8d-68b7-425a-91c5-dc6232dbb8f4,PERIMETER BEHAVIORAL HOSPITAL OF SPRINGFIELD,Perimeter Behavioral Hospital of Springfield
cc:c207a3c3-0a4f-4c2c-b156-622726c56871,GOLISANO CHILDREN'S HOSPITAL OF SOUTHWEST FLORIDA,Golisano Children's Hospital of Southwest Florida
cc:c20e4e9c-4394-45fd-90c0-ec6dff0e4c1f,OUACHITA COUNTY MEDICAL CENTER,Ouachita County Medical Center
cc:c219fdf8-0b4a-443e-814a-b1bd2da56d8c,MARSHFIELD MEDICAL CENTER - PARK FALLS,Marshfield Medical Center - Park Falls
cc:c227387d-c62a-4751-853d-7afc2248ed17,MON HEALTH MEDICAL CENTER,Mon Health Medical Center
cc:c23498ba-b313-4804-a309-c2eca441cd8c,GUTHRIE ROBERT PACKER HOSPITAL,Guthrie Robert Packer Hospital
cc:c240099d-d7f7-42c5-a902-cb5576174629,ASCENSION SAINT THOMAS MIDTOWN HOSPITAL,Ascension Saint Thomas Midtown Hospital
cc:c248f880-b6d4-42b2-ad80-db47796e192c,HONORHEALTH TEMPE MEDICAL CENTER,HonorHealth Tempe Medical Center
cc:c24bd4c3-4705-4910-9131-298f92e1bc4f,BAPTIST HEALTH MEDICAL CENTER-STUTTGART,Baptist Health Medical Center-Stuttgart
cc:c2535955-c6aa-4b88-ae2b-11bd9d68cc6b,HARMON HOSPITAL,Harmon Hospital
cc:c25b4054-9f12-42d0-98f4-212a2aca7138,ST. LUKE'S UPPER BUCKS CAMPUS,St. Luke's Upper Bucks Campus
cc:c2645dff-ff3e-445c-bd7f-1bd3f4591c2c,EMANUEL MEDICAL CENTER,Emanuel Medical Center
cc:c268fd9e-5223-485a-bcaa-fa9cfd5a859a,HENRY FORD BRIGHTON CENTER FOR RECOVERY,Henry Ford Brighton Center for Recovery
cc:c2747702-437f-4926-80b2-2b0d4d0987f0,ASCENSION ST. VINCENT RANDOLPH,Ascension St. Vincent Randolph
cc:c27e461d-4c5a-47a7-bc59-37b59bbfff91,TAYLORVILLE MEMORIAL HOSPITAL,Taylorville Memorial Hospital
cc:c29f26af-6f12-44ab-9bcd-f4dd3ac37af2,CHI HEALTH MIDLANDS,CHI Health Midlands
cc:c29f6c11-52f6-46b8-8e76-6c21239b156a,CONTINUECARE HOSPITAL AT BAPTIST HEALTH DEACONESS MADISONVILLE,Continuecare Hospital at Baptist Health Deaconess Madisonville
cc:c2af99ab-cad0-4c3b-bb4f-4d9b69bba358,MEDICAL CITY SPINE HOSPITAL,Medical City Spine Hospital
cc:c2b5c4a4-e259-4e04-9caf-089564e8db58,ASCENSION  SAINT THOMAS HICKMAN,Ascension Saint Thomas Hickman
cc:c2ca77fc-366c-4dcb-b8a1-5496a1c08a51,LEWIS COUNTY GENERAL HOSPITAL,Lewis County General Hospital
cc:c2da4057-2069-4dae-aa18-8b3bfbbbbc4c,PALMS BEHAVIORAL HEALTH,Palms Behavioral Health
cc:c2e65b90-b6f5-4ba5-b03d-41f34e579e17,"GARNET HEALTH MEDICAL CENTER - CATSKILLS, HARRIS CAMPUS","Garnet Health Medical Center - Catskills, Harris Campus"
cc:c3060121-e665-4e92-b27f-f322d4d01873,CEDARS SINAI MEDICAL CENTER,Cedars Sinai Medical Center
cc:c3134314-1375-4e26-8573-48f4914d160d,CORAL GABLES HOSPITAL,Coral Gables Hospital
cc:c32299b9-edce-48e9-8a84-46af057d9b9a,PATTERSON HEALTH CENTER,Patterson Health Center
cc:c3290375-c4f2-4536-9330-3e99ff358843,JOSIE ROBERTSON SURGERY CENTER,Josie Robertson Surgery Center
cc:c3293c52-a84e-4472-8c3f-a075df1c2bc7,OCHSNER LSU HEALTH SHREVEPORT - MONROE MEDICAL CENTER,Ochsner LSU Health Shreveport - Monroe Medical Center
cc:c33e69f7-1674-4690-86e9-587c9a3cefc8,MAYO EUGENIO LITTA CHILDREN'S HOSPITAL,Mayo Eugenio Litta Children's Hospital
cc:c342f2c3-5d13-4d0a-98e5-89e9d34b7483,PAWNEE COUNTY MEMORIAL HOSPITAL,Pawnee County Memorial Hospital
cc:c349ad4a-9828-4999-884b-cb79b5acb840,ROME MEMORIAL HOSPITAL,Rome Memorial Hospital
cc:c34a88ea-9254-4cb5-975b-56bdadcc85b2,FIRELANDS REGIONAL MEDICAL CENTER SOUTH CAMPUS,Firelands Regional Medical Center South Campus
cc:c34bcf05-a735-4c58-acb0-f9711404fa5a,BLUE MOUNTAIN HOSPITAL,Blue Mountain Hospital
cc:c36c6da5-4e83-4436-b385-b5658535a9d3,NORTH VALLEY HOSPITAL,North Valley Hospital
cc:c37c6913-3e7c-456c-bde4-8f650ad20d24,UNITY PSYCHIATRIC CARE HUNTSVILLE,Unity Psychiatric Care Huntsville
cc:c3850166-372d-4e03-800a-6c89e556f8f5,ORLANDO HEALTH ADVANCED REHABILITATION INSTITUTE,Orlando Health Advanced Rehabilitation Institute
cc:c38e027f-f31f-4f90-8bb4-e5cc5c736637,PIEDMONT AUGUSTA HOSPITAL,Piedmont Augusta Hospital
cc:c392ec94-cc80-4dcb-8870-cffcd7263d9a,TULSA REHABILITATION HOSPITAL,Tulsa Rehabilitation Hospital
cc:c39948f1-aec2-4af2-b9cf-e4a0fdec6c45,ENCOMPASS HEALTH REHABILITATION HOSPITAL OF DESERT CANYON,Encompass Health Rehabilitation Hospital of Desert Canyon
cc:c3a19613-137e-4eb1-b86c-09289aca016c,TOWER BEHAVIORAL HEALTH,Tower Behavioral Health
cc:c3aef01f-3a97-410d-8128-51c737486b8e,KIMBLE HOSPITAL,Kimble Hospital
cc:c3c0614d-3291-4673-b3c4-331bf10f5870,WAVERLY HEALTH CENTER,Waverly Health Center
cc:c3d42bbd-8dcd-4f42-a99f-1997959c1730,MIDLANDS REGIONAL REHABILITATION HOSPITAL,Midlands Regional Rehabilitation Hospital
cc:c3d54094-6681-414e-acc8-5b97fbda6669,MIDDLE PARK MEDICAL CENTER - GRANBY,Middle Park Medical Center - Granby
cc:c3e0c78f-3d1b-41c0-aeb4-7a87fa9097ca,JEFFERSON CHERRY HILL HOSPITAL,Jefferson Cherry Hill Hospital
cc:c3ecb83f-36fe-4d87-9f4e-95d85705055a,ST. ELIZABETH FT. THOMAS,St. Elizabeth Ft. Thomas
cc:c40038ad-d7da-490d-bbaa-9bd7b2794f84,ASCENSION ST. VINCENT ORTHOPEDIC HOSPITAL,Ascension St. Vincent Orthopedic Hospital
cc:c40bfd01-1770-4624-b069-8c60f46ec8a1,AHMC ANAHEIM REGIONAL MEDICAL CENTER,AHMC Anaheim Regional Medical Center
cc:c4137530-b23d-48cf-ac33-ff1eced5a1a9,SELECT SPECIALTY HOSPITAL COLUMBUS SOUTH,Select Specialty Hospital Columbus South
cc:c415d6c0-349c-41ef-b332-12e7c2add09e,MAYO CLINIC HEALTH SYSTEM FAIRMONT,Mayo Clinic Health System Fairmont
cc:c4268702-99f2-484f-9e68-5c339d1e4c38,BAPTIST MEDICAL CENTER JACKSONVILLE,Baptist Medical Center Jacksonville
cc:c44a159e-1c91-488e-965d-555903ac6886,TEXAS COUNTY MEMORIAL HOSPITAL,Texas County Memorial Hospital
cc:c45ab645-523e-444c-9652-cb29a4a0f1bf,BLUESTONE CHILD AND ADOLESCENT PSYCHIATRIC HOSPITAL,Bluestone Child and Adolescent Psychiatric Hospital
cc:c463c4ee-eb2a-47cb-bd5a-16a7c1d37a50,UCHEALTH PARKVIEW MEDICAL CENTER,UCHealth Parkview Medical Center
cc:c467bfbb-3418-4878-89c9-85cf68d166a0,PALO VERDE BEHAVIORAL HEALTH,Palo Verde Behavioral Health
cc:c46c4196-ea10-4a76-afda-c5f2ad2e5ab6,SSM HEALTH ST. MARY'S HOSPITAL ST LOUIS,SSM Health St. Mary's Hospital St. Louis
cc:c46f9a48-f306-44b6-bf13-b8191592b9bb,MERCYHEALTH HOSPITAL AND TRAUMA CENTER - JANESVILLE,Mercyhealth Hospital and Trauma Center - Janesville
cc:c473a25e-d595-4d73-bfad-cf2f27681715,ASPEN GROVE BEHAVIORAL HOSPITAL,Aspen Grove Behavioral Hospital
cc:c47cd44b-6738-4fbb-85b0-1b365fe7ae69,MID COAST WELLCARE GANADO,Mid Coast Wellcare Ganado
cc:c48aecdb-4ea7-46cf-8681-87c4a0082c63,HCA FLORIDA WESTSIDE HOSPITAL,HCA Florida Westside Hospital
cc:c48b88ab-3106-465d-b5c4-3bd696f3d87f,ONEIDA HEALTH HOSPITAL,Oneida Health Hospital
cc:c4903daf-fb3f-4ab0-a7a0-aba5370c71f2,FIRSTHEALTH MOORE REGIONAL HOSPITAL - RICHMOND,FirstHealth Moore Regional Hospital - Richmond
cc:c49580a7-3489-47fa-92ea-58c70a303ccb,SWEENY COMMUNITY HOSPITAL,Sweeny Community Hospital
cc:c4998661-ec9b-4014-b6bb-7718f86c7279,TEXAS CHILDREN'S HOSPITAL THE WOODLANDS,Texas Children's Hospital the Woodlands
cc:c4a2d3e5-c008-41af-9a82-13cd1db93806,FREDERICK MEMORIAL HOSPITAL,Frederick Memorial Hospital
cc:c4a50da5-ece3-46db-9fcf-2a87180e3684,HOLY NAME HOSPITAL,Holy Name Hospital
cc:c4a6d947-d948-46d4-ac4f-2459dc3e430d,MERCY REHABILITATION HOSPITAL OKLAHOMA CITY,Mercy Rehabilitation Hospital Oklahoma City
cc:c4c7790c-c510-4405-aeee-7902c1b8b532,JENKINS COUNTY MEDICAL CENTER,Jenkins County Medical Center
cc:c4cab7be-ab6d-4d65-883b-0bcff10304c4,AMG SPECIALTY HOSPITAL HOUSTON,AMG Specialty Hospital Houston
cc:c4ce2785-a612-4a61-8142-a682a2bea568,VALLEY HOSPITAL,Valley Hospital
cc:c4d1ad4c-9fbd-49da-a7c9-fe709d8ba965,CENTENNIAL HILLS HOSPITAL MEDICAL CENTER,Centennial Hills Hospital Medical Center
cc:c4d620b5-ceb1-4c31-b634-56349a587e3c,EASTERN IDAHO REGIONAL MEDICAL CENTER,Eastern Idaho Regional Medical Center
cc:c4d86ba5-ed3e-4590-96d7-527e092091e1,JOHN MUIR BEHAVIORAL HEALTH CENTER,John Muir Behavioral Health Center
cc:c4dd82f6-f57a-47e7-b1ce-b23a6c71652c,COX BARTON COUNTY HOSPITAL,Cox Barton County Hospital
cc:c4ee6f22-af3f-42ff-8955-393f799f97e6,CHRISTUS SOUTHEAST TEXAS ORTHOPEDIC SPECIALTY CENTER,CHRISTUS Southeast Texas Orthopedic Specialty Center
cc:c50130af-e6d2-4a31-95e8-8f07c2b7922b,ORO VALLEY HOSPITAL,Oro Valley Hospital
cc:c50bba05-ace7-48ab-9282-166a83e5af19,SUTTER DAVIS HOSPITAL,Sutter Davis Hospital
cc:c513db1a-b449-4e90-8a81-6d016d5b58bb,MCLAREN CENTRAL MICHIGAN,McLaren Central Michigan
cc:c51a475c-61c0-46b2-8dc2-a61e8a1ae24f,BETHESDA NORTH HOSPITAL,Bethesda North Hospital
cc:c51ab396-33f1-46b4-af9c-93585fbf5878,STILLWATER MEDICAL PERRY,Stillwater Medical Perry
cc:c52ec211-3f7a-4d31-a569-eb1c7f28b7f0,PERMIAN REGIONAL MEDICAL CENTER,Permian Regional Medical Center
cc:c558703f-4cfc-43a6-9778-aeb2827bd819,CGH MEDICAL CENTER,CGH Medical Center
cc:c55bed00-8cdd-443d-8386-da9925cd9bf8,MEDICAL CITY ARLINGTON,Medical City Arlington
cc:c55d8e1a-c248-41b2-8bda-c640db509c79,UHS DELAWARE VALLEY HOSPITAL,UHS Delaware Valley Hospital
cc:c570d1f5-d8da-4161-8d18-dfab707ac93c,HARPER COUNTY COMMUNITY HOSPITAL,Harper County Community Hospital
cc:c59caf65-284d-4dee-bc45-5e1d22aa7ee5,REHABILITATION HOSPITAL OF SOUTHERN NEW MEXICO,Rehabilitation Hospital of Southern New Mexico
cc:c59e4d63-c21a-4dae-87a9-754c1f49550e,GREENE COUNTY MEDICAL CENTER,Greene County Medical Center
cc:c5a0d0d1-349a-47ff-8f08-c423c099c3f4,NEW YORK PRESBYTERIAN WESTCHESTER,New York Presbyterian Westchester
cc:c5a568e8-3eca-4a68-9c29-fa75b23c74d5,PRESBYTERIAN ESPANOLA HOSPITAL,Presbyterian Espanola Hospital
cc:c5aceb23-9ada-48e0-bef4-59f6ae15a70e,NORTHERN LOUISIANA MEDICAL CENTER,Northern Louisiana Medical Center
cc:c5baace8-1067-49d4-90f3-bb094cd5207f,DAY KIMBALL HOSPITAL,Day Kimball Hospital
cc:c5bb7ae3-502b-4854-9f55-289d83665539,ASHE MEMORIAL HOSPITAL,Ashe Memorial Hospital
cc:c5be18e5-866f-4c65-a84b-9a3ab7efdf41,CANYON CREEK BEHAVIORAL HEALTH,Canyon Creek Behavioral Health
cc:c5c57d6f-c531-4f87-ba95-5bed4d3276e8,MONTGOMERY COUNTY EMERGENCY SERVICE,Montgomery County Emergency Service
cc:c5dc1743-7f54-44b1-914d-b8bc08886a88,HILLCREST HOSPITAL HENRYETTA,Hillcrest Hospital Henryetta
cc:c5e2df13-a046-48e9-bb61-06b47e686890,ST. BERNARDS CROSSRIDGE COMMUNITY HOSPITAL,St. Bernards Crossridge Community Hospital
cc:c5ec98c3-515e-4fb5-b1bc-ff57d44ccc0b,ED FRASER MEMORIAL HOSPITAL,Ed Fraser Memorial Hospital
cc:c5efd106-8630-4a44-b9f4-441723e26760,CUBA MEMORIAL HOSPITAL,Cuba Memorial Hospital
cc:c5ff8283-ec96-44de-afa8-ee094828f45d,FISHER COUNTY HOSPITAL DISTRICT,Fisher County Hospital District
cc:c612c568-1e31-4b70-82d5-192c2077a852,ALLIANCEHEALTH DURANT,Alliancehealth Durant
cc:c63c3212-0c56-4435-bda9-ddcb3bd1f206,BAYLOR SCOTT & WHITE SURGICAL HOSPITAL AT SHERMAN,Baylor Scott & White Surgical Hospital at Sherman
cc:c6594890-24e5-40a6-89b7-ca8078724b8f,ASPIRUS LAKE VIEW HOSPITAL,Aspirus Lake View Hospital
cc:c6631346-81a4-4e76-a0d5-3793a1a720b5,HCA FLORIDA PUTNAM HOSPITAL,HCA Florida Putnam Hospital
cc:c6774cad-eeac-433d-bc76-ecb8f33a6d9d,MERCY ORTHOPEDIC HOSPITAL FORT SMITH,Mercy Orthopedic Hospital Fort Smith
cc:c682daa5-dfda-4ade-9b68-8e3be56928c0,NOYES MEMORIAL HOSPITAL,Noyes Memorial Hospital
cc:c695e585-14b7-4607-a7c9-92db3a765ea2,BAPTIST MEDICAL CENTER - NASSAU,Baptist Medical Center - Nassau
cc:c69bbecd-3be8-41b0-9c50-52dd82037798,CAPE CANAVERAL HOSPITAL,Cape Canaveral Hospital
cc:c69eddb4-7f68-4e2f-b5b6-8c74bb3ed0f4,MERCY HOSPITAL,Mercy Hospital
cc:c6ab3ad3-67a2-4868-9574-5c6b8fcd818a,PAM HEALTH SPECIALTY HOSPITAL OF JACKSONVILLE,PAM Health Specialty Hospital of Jacksonville
cc:c6aedc20-41b0-4e39-a55e-b9fdd3ad8931,BANNER REHABILITATION HOSPITAL PHOENIX,Banner Rehabilitation Hospital Phoenix
cc:c6bbfdef-026a-4c13-95c0-cc226ae14acb,UNIVERSITY OF KANSAS HEALTH SYSTEM GREAT BEND CAMPUS,University of Kansas Health System Great Bend Campus
cc:c6d1d83b-d891-4de2-9565-c82ab6bde35a,KAISER PERMANENTE WEST LOS ANGELES MEDICAL CENTER,Kaiser Permanente West los Angeles Medical Center
cc:c6e8f9fb-2712-4b7d-b2bf-ed2cc35ca8a1,MINERS COLFAX MEDICAL CENTER,Miners Colfax Medical Center
cc:c6eba304-2907-4dcb-a4ce-aa7f33e995c0,CALDWELL MEMORIAL HOSPITAL,Caldwell Memorial Hospital
cc:c6f158de-c804-4370-b8c3-fda1c30a0bd0,BOSTON CHILDREN'S HOSPITAL PEABODY,Boston Children's Hospital Peabody
cc:c6fcd31b-55f4-4e1f-bc5c-ba220b6b75d2,ASCENSION ST. VINCENT CARMEL,Ascension St. Vincent Carmel
cc:c70e2613-810e-41fd-a9db-421139277eba,OCHSNER RUSH MEDICAL CENTER,Ochsner Rush Medical Center
cc:c732f4db-57db-45d3-b58b-9cdc257ca001,TOPEKA ER & HOSPITAL,Topeka ER & Hospital
cc:c738a02b-086b-4290-bcf5-eab730d80710,INTEGRIS HEALTH PONCA CITY HOSPITAL,Integris Health Ponca City Hospital
cc:c746e70c-aca4-4d49-b20b-d5bad064c7d0,HCA HOUSTON REHABILITATION HOSPITAL SOUTHEAST,HCA Houston Rehabilitation Hospital Southeast
cc:c7654939-51e6-417e-ab6c-45cddef3f7a8,UH TRIPOINT MEDICAL CENTER,UH Tripoint Medical Center
cc:c7671cdc-a7dc-4824-b7fc-5213ed17ce04,BENEFIS PEACE HOSPICE,Benefis Peace Hospice
cc:c77038cc-44f4-46bb-9330-cda80a4803f5,MEDSTAR HEALTH PHYSICAL THERAPY AT LOCH RAVEN-ORTHOPEDIC & HAND CENTER,MedStar Health Physical Therapy at Loch Raven-Orthopedic & Hand Center
cc:c77931db-bc7f-430e-a01d-22c7b8bec5aa,ST. LUKE'S WOOD RIVER MEDICAL CENTER,St. Luke's Wood River Medical Center
cc:c78b14a8-e339-40e4-ae35-706af8740182,ST. JOSEPH'S CHILDREN'S HOSPITAL,St. Joseph's Children's Hospital
cc:c78d81ee-d6a5-4ab2-88b3-03d82c91b546,LA AMISTAD BEHAVIORAL HEALTH SERVICES,La Amistad Behavioral Health Services
cc:c78dd0f3-a98f-419e-a257-3f34afc58ff3,MACKINAC STRAITS HOSPITAL,Mackinac Straits Hospital
cc:c78e533c-b53d-4b4c-8653-737559e39eb2,UT HEALTH CARTHAGE,UT Health Carthage
cc:c79bad0f-cdfa-4925-89e3-6a005ba49aa0,MERCYONE GENESIS DEWITT MEDICAL CENTER,Mercyone Genesis Dewitt Medical Center
cc:c7a63201-6c41-4797-8956-15f35f423b62,LAKESIDE WOMEN'S HOSPITAL,Lakeside Women's Hospital
cc:c7ac47c4-853e-4432-b302-4531f67f8ced,ENCOMPASS HEALTH REHABILITATION HOSPITAL OF KISSIMMEE,Encompass Health Rehabilitation Hospital of Kissimmee
cc:c7adb594-959a-4909-905b-fb32d8b4f871,VALLEY REGIONAL HOSPITAL,Valley Regional Hospital
cc:c7b3a6e4-2028-4aa7-bdde-e66cb0be1a35,EMINENT MEDICAL CENTER,Eminent Medical Center
cc:c7c364d6-1938-4532-9b6b-9ce4445b4eb4,ADVENTHEALTH RIVERVIEW,AdventHealth Riverview
cc:c7d10d5f-93db-4de8-96f0-01de139163d1,SAN JUAN HEALTH MONTICELLO CLINIC,San Juan Health Monticello Clinic
cc:c7d14bbd-85e9-4567-a038-6981e241b328,LOURDES MEDICAL CENTER,Lourdes Medical Center
cc:c7e63537-0002-407c-a269-5840f88f0cb6,SAUK PRAIRIE HOSPITAL,Sauk Prairie Hospital
cc:c7e74f1f-f402-4a2e-8baa-2e138cfba4b0,WILLIAMSON MEMORIAL HOSPITAL,Williamson Memorial Hospital
cc:c7f17866-cf41-42b1-974a-295324134208,TAMPA GENERAL REHABILITATION HOSPITAL,Tampa General Rehabilitation Hospital
cc:c7f267e1-7430-4ae4-9e25-d943c89a7c03,LAKE BEHAVIORAL HOSPITAL,Lake Behavioral Hospital
cc:c7f783e8-afdf-4402-aef7-659cf4706864,ENCOMPASS HEALTH REHABILITATION HOSPITAL OF IRMO,Encompass Health Rehabilitation Hospital of Irmo
cc:c7f9a876-0234-4f97-b89a-fc6937922ee5,HOLY CROSS HOSPITAL,Holy Cross Hospital
cc:c808d39d-5884-439d-8454-34b78e4a9e80,SMYTH COUNTY COMMUNITY HOSPITAL,Smyth County Community Hospital
cc:c824830e-e591-4a8f-a15a-7ba5c00e4d56,UNC HEALTH JOHNSTON,UNC Health Johnston
cc:c82f5c17-cb67-4952-bb1c-eb9a78eb28a9,SOUTH PLAINS REHABILITATION HOSPITAL,South Plains Rehabilitation Hospital
cc:c837ee61-aded-4f53-8943-c240897cf179,BETHANY CHILDREN'S HEALTH CENTER,Bethany Children's Health Center
cc:c84fd2b0-1593-4a63-9549-f7a13cd7cba1,COMMUNITY MEMORIAL HEALTHCARE,Community Memorial Healthcare
cc:c857fbbd-a4e5-4190-940e-4e1e80d49197,ENCOMPASS HEALTH REHABILITATION HOSPITAL OF ALTOONA,Encompass Health Rehabilitation Hospital of Altoona
cc:c86dfe89-dd49-41e9-b431-2babb8b25d68,PUTNAM COUNTY HOSPITAL,Putnam County Hospital
cc:c86e334c-fc7b-43dd-937b-63bf7341c56a,CENTRAL PENINSULA GENERAL HOSPITAL,Central Peninsula General Hospital
cc:c884df3b-d345-4757-aca3-8684f4e336df,SUNNYVIEW REHABILITATION HOSPITAL,Sunnyview Rehabilitation Hospital
cc:c88cae5e-9bd2-4aa5-b10d-ac21c09d364d,INTERMOUNTAIN HEALTH CASSIA REGIONAL HOSPITAL,Intermountain Health Cassia Regional Hospital
cc:c88f8fcb-495a-46af-9f4f-c6d42a9df1d8,FROEDTERT COMMUNITY HOSPITAL - PEWAUKEE,Froedtert Community Hospital - Pewaukee
cc:c88fa182-7c4c-46ee-b3b4-d0168fd08411,ATRIUM HEALTH NAVICENT THE MEDICAL CENTER,Atrium Health Navicent the Medical Center
cc:c89ff25b-b2eb-4d3e-bdd7-45a421c1486f,TRIANGLE SPRINGS,Triangle Springs
cc:c8a58e38-5aeb-4322-89d2-d675da55d0c3,UNM HOSPITAL,UNM Hospital
cc:c8b2b4dd-de91-4bf7-ab10-5e971d17b646,HOLY REDEEMER HOSPITAL,Holy Redeemer Hospital
cc:c8c978fd-4e5d-41bd-8740-cabb339163f5,AURORA GLENDALE BEHAVIORAL HEALTHCARE,Aurora Glendale Behavioral Healthcare
cc:c8de0025-b798-4d79-8ebf-ec9d0909e206,PROMEDICA RUSSELL J. EBEID CHILDREN'S HOSPITAL,ProMedica Russell J. Ebeid Children's Hospital
cc:c8fbbb39-af26-49bc-812c-a5c0730ddd3a,CHI SAINT JOSEPH HEALTH FLAGET MEMORIAL HOSPITAL,CHI Saint Joseph Health Flaget Memorial Hospital
cc:c8ff39a0-2762-4901-a8bd-526e3c9c2d64,CHOCTAW REGIONAL MEDICAL CENTER,Choctaw Regional Medical Center
cc:c8ff5b76-6b78-4050-823e-329fccb8d786,IOWA SPECIALTY HOSPITAL - BELMOND,Iowa Specialty Hospital - Belmond
cc:c9026dee-5d9e-4eac-82ce-1bbe67e6f719,SELECT SPECIALTY HOSPITAL - TUCSON NORTHWEST,Select Specialty Hospital - Tucson Northwest
cc:c905813d-4423-4a96-81c0-798846e15180,SIERRA NEVADA MEMORIAL HOSPITAL,Sierra Nevada Memorial Hospital
cc:c905ccec-4af3-4153-b938-fbddea8326ef,BAPTIST HEALTH BROOKWOOD HOSPITAL,Baptist Health Brookwood Hospital
cc:c90649ab-3139-4414-b8d7-b183a66ae288,SAGE REHABILITATION INSTITUTE,Sage Rehabilitation Institute
cc:c907a6b9-a2ba-4355-aeb8-3612332af434,SELECT SPECIALITY HOSPITAL THE VILLAGES,Select Speciality Hospital the Villages
cc:c90dc1a5-496d-4911-84c6-c3bb2a660b13,NORTHERN COLORADO LONG TERM ACUTE HOSPITAL,Northern Colorado Long Term Acute Hospital
cc:c915beec-7003-457f-ac03-ae871a2d5674,UPSTATE COMMUNITY HOSPITAL,Upstate Community Hospital
cc:c91b5dac-cc72-4a3e-a37d-b0f3534c04e1,MEMORIAL SLOAN KETTERING BASKING RIDGE,Memorial Sloan Kettering Basking Ridge
cc:c91b73e1-452b-4ff2-89ad-29b0a9296fad,BOULDER COMMUNITY HEALTH FOOTHILLS HOSPITAL,Boulder Community Health Foothills Hospital
cc:c91e542b-999f-4c2f-962d-f56520a8d239,ATRIUM HEALTH FLOYD POLK MEDICAL CENTER,Atrium Health Floyd Polk Medical Center
cc:c92aaaf1-3422-49a5-95d7-25fbcf11f5f1,UMASS MEMORIAL MEDICAL CENTER - MARLBOROUGH CAMPUS,UMass Memorial Medical Center - Marlborough Campus
cc:c930e1fb-41a5-4d05-918e-00d96bedf787,WELLSTAR WEST GEORGIA MEDICAL CENTER,Wellstar West Georgia Medical Center
cc:c949df31-c7a5-4415-bf9e-fc234c5a1646,ENCOMPASS HEALTH REHABILITATION HOSPITAL OF WACO,Encompass Health Rehabilitation Hospital of Waco
cc:c9520420-ab81-487f-a544-ec0c13c1e5e7,OCHSNER MEDICAL CENTER HANCOCK,Ochsner Medical Center Hancock
cc:c95826dd-ea54-4399-8d1a-1d727addebdc,ST. FRANCIS HOSPITAL BRADLEY CENTER,St. Francis Hospital Bradley Center
cc:c95ed708-26b3-4b4d-81ef-d403d08760ea,DOVER EMERGENCY ROOM,Dover Emergency Room
cc:c972c266-36e4-4354-96e2-34c67b0cb5fb,ST. LUKE'S ALLENTOWN CAMPUS,St. Luke's Allentown Campus
cc:c981ea2e-a087-40f4-95a2-c342fde45fc0,HSHS ST. NICHOLAS HOSPITAL,HSHS St. Nicholas Hospital
cc:c984aec9-802b-4b80-bfb1-2126e0cf12e1,OCHSNER LSU HEALTH - ST. MARY MEDICAL CENTER,Ochsner LSU Health - St. Mary Medical Center
cc:c98b2ff5-0eb7-40bd-b85c-92c9ef4801fa,BLUE MOUNTAIN HOSPITAL,Blue Mountain Hospital
cc:c998a807-c1cc-45ab-a520-23c5131bde1a,BOUNDARY COMMUNITY HOSPITAL,Boundary Community Hospital
cc:c9a9b0a3-b1b5-4293-9a57-a37e7123aac3,PMC REGIONAL HOSPITAL,Pmc Regional Hospital
cc:c9ace6e8-c9e0-4701-81df-3daab2e22919,ENCOMPASS HEALTH REHABILITATION HOSPITAL OF HUMBLE,Encompass Health Rehabilitation Hospital of Humble
cc:c9af98cb-63a7-4c0f-b7e5-53e185d72b9f,SALINE MEMORIAL HOSPITAL,Saline Memorial Hospital
cc:c9b00c52-ae78-4b32-a401-5de66331c71c,NORTHEAST GEORGIA REHABILITATION INSTITUTE,Northeast Georgia Rehabilitation Institute
cc:c9c27d63-fbec-4b17-ae1a-3c3a3405bbd7,MOUNTAIN VIEW REGIONAL MEDICAL CENTER,Mountain View Regional Medical Center
cc:c9c625c9-d818-4808-93a8-3a5ef37f7d0d,ATLANTIC REHABILITATION INSTITUTE,Atlantic Rehabilitation Institute
cc:c9df8f82-fd9a-42cb-bb19-f6397472e46a,MEMORIAL HERMANN IMAGING CENTER - UPPER KIRBY,Memorial Hermann Imaging Center - Upper Kirby
cc:c9f6e545-800b-4807-a8ed-e6f3f1a999f2,FAIRVIEW HOSPITAL,Fairview Hospital
cc:ca0e438b-ea33-469a-b2dd-aa7fe53e02f0,FLOWERS HOSPITAL,Flowers Hospital
cc:ca200458-126a-4849-afc7-314cfd2b4737,TEMPLE UNIVERSITY FOX CHASE CANCER CENTER,Temple University Fox Chase Cancer Center
cc:ca206b5b-c5b4-4905-97eb-a0a5329e5427,RIVERSIDE SMITHFIELD HOSPITAL,Riverside Smithfield Hospital
cc:ca291712-4d95-440b-992e-c936d7b98418,ADVENTHEALTH MURRAY,AdventHealth Murray
cc:ca338bd5-5a28-4a69-a858-20c45aa7c375,HCA FLORIDA POINCIANA HOSPITAL,HCA Florida Poinciana Hospital
cc:ca49dcf9-0196-4e3b-9ed2-7bf585ed183c,AVERA SAINT LUKES HOSPITAL,Avera Saint Lukes Hospital
cc:ca4e9372-f6f1-472f-a59e-272883f39625,OWATONNA HOSPITAL,Owatonna Hospital
cc:ca56c99d-a56b-4c7b-8b10-407734a46517,CENTINELA HOSPITAL MEDICAL CENTER,Centinela Hospital Medical Center
cc:ca69f7b1-46b0-4763-834e-a8a35088120b,SENTARA BELLEHARBOUR,Sentara Belleharbour
cc:ca69fbe6-a879-4e97-9b10-605739b51efb,SELECT SPECIALTY HOSPITAL - ORLANDO CENTRAL,Select Specialty Hospital - Orlando Central
cc:ca706e46-fa14-4412-bc27-ebcd683a8318,HUMBOLDT PARK HEALTH,Humboldt Park Health
cc:ca7dad8a-61f1-44cc-be06-1f45df13b34b,GARNET HEALTH MEDICAL CENTER - CATSKILLS,Garnet Health Medical Center - Catskills
cc:ca8ad676-ef2b-42f7-9ad2-85f3a4ad02f3,CAROLINAS REHABILITATION - NORTHEAST,Carolinas Rehabilitation - Northeast
cc:ca900c53-3c13-48d1-bba1-dfa109e4e0b4,MERCY REHABILITATION HOSPITAL OKLAHOMA CITY SOUTH,Mercy Rehabilitation Hospital Oklahoma City South
cc:caa0f94c-d354-43ca-81a4-0d6bfa07862d,BAPTIST NEIGHBORHOOD HOSPITAL SCHERTZ,Baptist Neighborhood Hospital Schertz
cc:cac34a64-ffed-4e30-bbb5-cd01a57e3e16,ASCENSION SAINT THOMAS WOMEN'S HOSPITAL AT MIDTOWN,Ascension Saint Thomas Women's Hospital at Midtown
cc:cac88aa1-a4a1-4c11-a595-3c7f0e51abba,TEXAS REHABILITATION HOSPITAL OF ARLINGTON,Texas Rehabilitation Hospital of Arlington
cc:cace9779-74f5-47e0-9595-8e1e4d65c3b6,MEDICAL BEHAVIORAL HOSPITAL MISHAWAKA,Medical Behavioral Hospital Mishawaka
cc:cad26209-b5fc-42e6-ad7f-06f6d88d972c,BRONSON METHODIST HOSPITAL,Bronson Methodist Hospital
cc:cad55541-f1d2-4496-a507-e116a59e7b00,T.J. SAMSON COMMUNITY HOSPITAL,T.J. Samson Community Hospital
cc:cade0674-9926-40e1-b6c7-c08a992c6023,UNITED MEDICAL REHABILITATION HOSPITAL -NEW ORLEANS,United Medical Rehabilitation Hospital -New Orleans
cc:cae2aab0-7e08-467f-87c1-f3326a0afb70,RAY COUNTY MEMORIAL HOSPITAL,Ray County Memorial Hospital
cc:caeff2b2-f402-465e-a393-0df120abfe26,ST. CHARLES SURGICAL HOSPITAL,St. Charles Surgical Hospital
cc:cb04d1c7-a535-4b2d-9f7e-5b51fcdfe3eb,NISWONGER CHILDREN'S HOSPITAL,Niswonger Children's Hospital
cc:cb0775e1-cd77-4be8-b70b-478998215103,PEAK VIEW BEHAVIORAL HEALTH,Peak View Behavioral Health
cc:cb30c6dc-a6b5-4484-81b0-6331a751ecea,MIZELL MEMORIAL ELBA HEALTHCARE,Mizell Memorial Elba Healthcare
cc:cb32faa7-3b32-4ddc-a507-61b05f482eb1,CHEROKEE MEDICAL CENTER,Cherokee Medical Center
cc:cb357a1b-6388-4f83-b05a-da326a59bdbf,BON SECOURS ST. MARY'S HOSPITAL,Bon Secours St. Mary's Hospital
cc:cb4eb6f3-203b-45b8-982e-8d4be05ed328,MERCYHEALTH HOSPITAL AND MEDICAL CENTER WALWORTH,Mercyhealth Hospital and Medical Center Walworth
cc:cb569e25-2497-481f-8c11-dfebcdf8042f,OKLAHOMA CENTER FOR ORTHOPAEDIC & MULTI-SPECIALTY,Oklahoma Center for Orthopaedic & Multi-Specialty
cc:cb5a7570-9262-4149-86eb-f4c81ba3bc1f,CENTRACARE PAYNESVILLE HOSPITAL,Centracare Paynesville Hospital
cc:cb679b12-f10d-4e46-b8e9-4587f23b4cfe,ORLANDO HEALTH BAYFRONT HOSPITAL,Orlando Health Bayfront Hospital
cc:cb685dd3-65b1-4b1d-ae36-3d3b2c6e67cc,UPMC ST MARGARET,UPMC St. Margaret
cc:cb7c6b57-01d4-4e97-8789-81616dfe1106,ST. LUKE'S PATIENTS MEDICAL CENTER,St. Luke's Patients Medical Center
cc:cb986f96-d54f-4db9-88d1-48bebb6633e0,METHODIST HOSPITAL FOR SURGERY,Methodist Hospital for Surgery
cc:cb9d331f-5fa2-4a8a-9323-b68fe270fe9a,MERCY CHILDREN'S HOSPITAL SPRINGFIELD,Mercy Children's Hospital Springfield
cc:cba45a95-25f5-48bd-bfe0-a683e126bd28,OCHSNER LAFAYETTE GENERAL,Ochsner Lafayette General
cc:cbb15a69-9935-4ad4-af8e-d5387a38663d,ONECORE HEALTH,Onecore Health
cc:cbb61e9f-d01c-451d-bb3c-93296fdae163,CARTERET HEALTH CARE,Carteret Health Care
cc:cbc6f946-700e-4a58-a6a5-248c43665b13,DIGNITY HEALTH ST. ROSE DOMINICAN WEST FLAMINGO CAMPUS,Dignity Health St. Rose Dominican West Flamingo Campus
cc:cbf753aa-ad70-42d3-b365-47e217c7123a,EATING RECOVERY CENTER DENVER - SPRUCE ST,Eating Recovery Center Denver - Spruce St.
cc:cc026e81-d151-4f39-bc3c-e84ce5a104e2,UAB ST. VINCENT'S EAST,UAB St. Vincent's East
cc:cc03049e-0e70-483e-8e9d-7f094c4f486b,ALBUQUERQUE ER & HOSPITAL,Albuquerque ER & Hospital
cc:cc0888fc-ccbd-4c7d-87a6-4b6b027458eb,CORNELL BEHAVIORAL HEALTH PAVILION,Cornell Behavioral Health Pavilion
cc:cc095bcc-b384-4283-b91a-5bb98d1ae4f4,ST. DAVID'S EMERGENCY CENTER - BEE CAVE,St. David's Emergency Center - BEE Cave
cc:cc0ba914-0744-477f-b117-cdddd4f83660,ENDEAVOR HEALTH SKOKIE HOSPITAL,Endeavor Health Skokie Hospital
cc:cc140d57-8cb7-4d78-b299-df80f7043aa1,POST FALLS ER & HOSPITAL,Post Falls ER & Hospital
cc:cc147c68-3917-4f72-8f82-c89c3d598349,ASCENSION ST. VINCENT WILLIAMSPORT,Ascension St. Vincent Williamsport
cc:cc164350-cbda-4568-8616-a3b03a4f34c4,UCHEALTH POUDRE VALLEY HOSPITAL,UCHealth Poudre Valley Hospital
cc:cc1837e2-0de8-4c44-9427-5f2bcae53728,LOURDES COUNSELING CENTER,Lourdes Counseling Center
cc:cc1a20a4-ac1f-4dcb-8382-7c6c431bd80b,SELECT SPECIALTY HOSPITAL - PANAMA CITY,Select Specialty Hospital - Panama City
cc:cc23f983-59ce-44e8-a169-dc75d3a06d1f,ADVENTHEALTH LAKE PLACID,AdventHealth Lake Placid
cc:cc3ce20e-8d6a-419e-9fba-bf22a4e72508,SELECT SPECIALTY HOSPITAL - SAGINAW,Select Specialty Hospital - Saginaw
cc:cc5854d0-641e-4d6f-9179-b92ecbd3ddd3,CLINCH VALLEY MEDICAL CENTER,Clinch Valley Medical Center
cc:cc79b8d6-6df8-44f5-aa3c-b87203b81d2c,FIRST CARE HEALTH CENTER,First Care Health Center
cc:cc7fcbe6-bb74-4828-9a57-f015fc955ff0,EASTERN STATE HOSPITAL,Eastern State Hospital
cc:cc8ba469-b320-4da5-ba0d-99fbaaec0e5f,WESTERLY HOSPITAL,Westerly Hospital
cc:cc922601-2678-4f80-83fb-e9e781d3ab71,EAST CARROLL PARISH HOSPITAL,East Carroll Parish Hospital
cc:cc9d5a78-2d32-459b-8685-8cd417102aa6,SURGICAL INSTITUTE OF READING,Surgical Institute of Reading
cc:cca41300-f49c-4106-9b98-0cb487715512,HPI COMMUNITY HOSPITAL NORTH,HPI Community Hospital North
cc:ccc70153-0a9d-49d8-8a8d-793041a7b5f5,MEDICAL CITY LAS COLINAS,Medical City las Colinas
cc:ccc83bbc-8f40-44d0-a6b9-6a4d4b6d058b,SANFORD MEDICAL CENTER HILLSBORO,Sanford Medical Center Hillsboro
cc:ccda5e9a-7fa7-47e6-8bdd-86cc439cd97e,CLEVELAND CLINIC MEDINA HOSPITAL,Cleveland Clinic Medina Hospital
cc:cce66b3f-8ea4-44c9-b411-9799d1bc1c57,PRATT REGIONAL MEDICAL CENTER,Pratt Regional Medical Center
cc:ccf183e3-964a-4008-a47f-4bc8204d3607,PIH HEALTH GOOD SAMARITAN HOSPITAL,PIH Health Good Samaritan Hospital
cc:cd028f1f-8d22-4fcd-8fcd-b8658be9c253,SAINT JOSEPH HOSPITAL,Saint Joseph Hospital
cc:cd065075-7413-4d08-8d05-b1af8e73a10b,SMP HEALTH ST. ANDREW'S,SMP Health St. Andrew's
cc:cd15e247-84d0-41a2-9361-e0195bd6d212,LOGAN REGIONAL MEDICAL CENTER,Logan Regional Medical Center
cc:cd176597-ff72-4c18-be9a-a5674b67b6d6,CALVARY HOSPITAL BRONX,Calvary Hospital Bronx
cc:cd1b5699-93c9-4ffb-b030-2494d463a0eb,HCA HEALTHONE CENTRAL PARK ER,HCA HealthONE Central Park ER
cc:cd2b936f-2403-43de-b698-d4671de41f42,JEFFERSON REGIONAL MEDICAL CENTER,Jefferson Regional Medical Center
cc:cd2b99f2-3dc7-4669-aae8-0b4957596821,COREWELL HEALTH FARMINGTON HILLS HOSPITAL,Corewell Health Farmington Hills Hospital
cc:cd313d18-631e-45ba-818f-8d8c746b7ab4,HOLY CROSS HOSPITAL,Holy Cross Hospital
cc:cd3558b4-d5ab-465e-adee-d6b4af47f75f,KALKASKA MEMORIAL HEALTH CENTER,Kalkaska Memorial Health Center
cc:cd3610ca-93e7-460b-ad51-67985fe0a05f,SOUTH SHORE HOSPITAL,South Shore Hospital
cc:cd38342e-08e9-4dac-95c6-04039cb75fff,MERCY HOSPITAL OZARK,Mercy Hospital Ozark
cc:cd53bbe0-c5fe-4459-8822-c04c941e80ab,TRIGG COUNTY HOSPITAL,Trigg County Hospital
cc:cd5c8bd3-4551-43c8-8f05-838f5c3051bf,ASANTE ASHLAND COMMUNITY HOSPITAL,Asante Ashland Community Hospital
cc:cd6e7957-425d-43e1-8d7d-b023b88ad791,MERCYONE CEDAR FALLS MEDICAL CENTER,Mercyone Cedar Falls Medical Center
cc:cd7f0ddf-459e-480c-a7d9-a7b0ec2a5f7d,HCA HOUSTON ER 24/7 FORT BEND PARKWAY,HCA Houston ER 24/7 Fort Bend Parkway
cc:cd87c292-3b80-4bba-9813-46984a248f46,TRISTAR SUMMIT MEDICAL CENTER,TriStar Summit Medical Center
cc:cd8d2870-cc48-46c3-8bfd-cb88bf04cf65,UAB HOSPITAL,UAB Hospital
cc:cd908756-4d02-464b-8f34-18d6f5e14dd1,LINTON REGIONAL MEDICAL CENTER,Linton Regional Medical Center
cc:cd981ac3-9f06-4f0b-a1a7-e13ac940ad27,ENCOMPASS HEALTH REHABILITATION HOSPITAL OF NORTHERN VIRGINIA,Encompass Health Rehabilitation Hospital of Northern Virginia
cc:cd9c7be2-8ea4-4c8f-8d60-cbe3c6f64fdf,WAYNE MEMORIAL HOSPITAL,Wayne Memorial Hospital
cc:cd9f5bef-a95a-4ea2-9d3b-34266eeafb62,INDIANHEAD MEDICAL CENTER,Indianhead Medical Center
cc:cda12e1b-29dd-4c0c-94c6-686631061703,CLAIBORNE MEDICAL CENTER,Claiborne Medical Center
cc:cdac600c-85ab-4101-bd2b-3750ecf891b6,CORNERSTONE SPECIALTY HOSPITALS BROKEN ARROW,Cornerstone Specialty Hospitals Broken Arrow
cc:cdb47fab-aa82-4db2-9b55-03c999162410,AMG PHYSICAL REHABILITATION HOSPITAL COVINGTON,AMG Physical Rehabilitation Hospital Covington
cc:cdb8795d-45c0-42ff-b276-3c8d3a23cf50,VERMILION BEHAVIORAL HEALTH SYSTEM,Vermilion Behavioral Health System
cc:cdbd4603-c041-4a44-86cf-26f8a76c7a1c,PAM HEALTH REHABILITATION HOSPITAL OF SUGAR LAND,PAM Health Rehabilitation Hospital of Sugar Land
cc:cdc30896-e70d-4c31-823a-366429f4a480,AMG SPECIALTY HOSPITAL ZACHARY,AMG Specialty Hospital Zachary
cc:cdc784d0-c2eb-4fe4-8a60-5697db5123dd,RIVERVIEW HEALTH NOBLESVILLE HOSPITAL,Riverview Health Noblesville Hospital
cc:cdcae80d-e05a-4de6-9d29-4d08a8e9f861,LAS PALMAS DEL SOL REHABILITATION HOSPITAL EAST,Las Palmas del Sol Rehabilitation Hospital East
cc:cdcdf7a7-e347-4849-82a5-8eb7595142f5,ANDERSON HOSPITAL,Anderson Hospital
cc:cdd5121d-5b93-45bb-ae0c-c248225b016a,CONWAY REGIONAL MEDICAL CENTER,Conway Regional Medical Center
cc:cdd97aa4-d263-48e3-be89-ba8223e1a0ce,HAMPTON REGIONAL MEDICAL CENTER,Hampton Regional Medical Center
cc:cdda4ba3-b232-41bb-9a00-41de47c09ca4,WAYNE GENERAL HOSPITAL,Wayne General Hospital
cc:cde633d8-1170-4539-b6b8-c206a31e779a,LAKESIDE HOSPITAL,Lakeside Hospital
cc:ce133960-0a31-48b7-9960-fa2eaee7af7c,SAINT LUKE'S NORTH HOSPITAL - BARRY ROAD,Saint Luke's North Hospital - Barry Road
cc:ce14bbbf-6d0d-43e8-ac89-8eb0f4168e45,NOVANT HEALTH MINT HILL MEDICAL CENTER,Novant Health Mint Hill Medical Center
cc:ce24287b-6e36-4748-9ef4-afd8f264b7e6,KAISER PERMANENTE SOUTH SAN FRANCISCO MEDICAL CENTER,Kaiser Permanente South San Francisco Medical Center
cc:ce2e3cb8-ae21-4648-b92b-5f81b22c00f1,PINCKNEYVILLE COMMUNITY HOSPITAL,Pinckneyville Community Hospital
cc:ce31f122-9e3c-4bdd-a67f-c3bfd46613e1,SPECIALTY HOSPITAL OF CENTRAL JERSEY,Specialty Hospital of Central Jersey
cc:ce4407a1-2aa9-49ce-8315-10100cfbc251,BEACON CHILDREN'S HOSPITAL,Beacon Children's Hospital
cc:ce480e7b-6fbc-4766-97a4-38fddc53a13d,NOVATO COMMUNITY HOSPITAL,Novato Community Hospital
cc:ce48c97a-50a0-4018-82c7-347cffc2765f,BAYONNE UNIVERSITY HOSPITAL,Bayonne University Hospital
cc:ce54b5c1-98e7-43af-b335-104875108cd4,ST. BERNARDINE MEDICAL CENTER,St. Bernardine Medical Center
cc:ce584e94-3af6-465f-9385-8453b0d4c964,AVITA BUCYRUS HOSPITAL,Avita Bucyrus Hospital
cc:ce5ec136-9728-48bf-bc3e-a77c005208a6,PIEDMONT EASTSIDE MEDICAL CENTER,Piedmont Eastside Medical Center
cc:ce60c6bc-0cf9-4dd0-8f76-2ed0aede4247,SOVAH HEALTH MARTINSVILLE,Sovah Health Martinsville
cc:ce91771e-4221-40ca-8727-674a225cc3e6,SHARP MESA VISTA HOSPITAL,Sharp Mesa Vista Hospital
cc:ce951112-8822-4c4f-bc37-ba848fbc174b,CHEYENNE REGIONAL MEDICAL CENTER,Cheyenne Regional Medical Center
cc:ce9c3697-0005-4435-86de-e1eef2684420,SAINT CLARES HOSPITAL - DENVILLE,Saint Clares Hospital - Denville
cc:ce9f84c8-5a18-493b-bd0a-79ced2b013ac,UNITY PSYCHIATRIC CARE CLARKSVILLE,Unity Psychiatric Care Clarksville
cc:ce9fd037-e601-465e-b192-1c0054047931,CORNERSTONE SPECIALTY HOSPITALS LITTLE ROCK,Cornerstone Specialty Hospitals Little Rock
cc:cea91cc9-1f98-4ba4-8d5c-7aaa8e83d5e8,STAT SPECIALTY HOSPITAL DEL RIO,Stat Specialty Hospital del Rio
cc:cebdeacb-6025-484e-88d7-e871c9a2598b,BAPTIST HEALTH VAN BUREN,Baptist Health van Buren
cc:cec5f48a-f4b4-4e0e-9246-a52fceab6314,FRESNO HEART AND SURGICAL HOSPITAL,Fresno Heart and Surgical Hospital
cc:cec6efbc-e0bb-4b5d-b1e3-a5c760f81f83,THEDACARE MEDICAL CENTER BERLIN,Thedacare Medical Center Berlin
cc:cec859dc-7479-41ce-809f-0ee7800feff7,DIGNITY HEALTH EAST VALLEY REHABILITATION HOSPITAL,Dignity Health East Valley Rehabilitation Hospital
cc:ceccbf21-5314-4b3b-857e-81803dcffa93,CORONA REGIONAL MEDICAL CENTER REHABILITATION CAMPUS,Corona Regional Medical Center Rehabilitation Campus
cc:ced40bcb-58d6-464a-8316-197448e70d05,PENOBSCOT VALLEY HOSPITAL,Penobscot Valley Hospital
cc:cedb898a-6169-487c-aa98-6398532dc23d,NORTHERN LIGHT BLUE HILL MEMORIAL HOSPITAL,Northern Light Blue Hill Memorial Hospital
cc:cee3dadb-c17b-4c9d-97a4-324508c7521f,SELECT SPECIALTY HOSPITAL MCKEESPORT,Select Specialty Hospital McKeesport
cc:cf0e26ce-a59a-4f19-b0f3-394c45cea610,KITTITAS VALLEY COMMUNITY HOSPITAL,Kittitas Valley Community Hospital
cc:cf12e934-bc6e-4dab-813a-07d36ca855f8,ALLIANCEHEALTH MADILL,Alliancehealth Madill
cc:cf152750-148a-4a52-be36-56cdf5315f53,HSS QUEENS,HSS Queens
cc:cf2864b6-6d00-4746-a266-a6c82a46b84a,MACNEAL HOSPITAL,Macneal Hospital
cc:cf2a016a-4168-46fd-a976-df8056994def,ADVENTIST HEALTH RIDEOUT,Adventist Health Rideout
cc:cf2cf8dd-c2f5-464c-b026-7dc5590f6c73,CHI ST GABRIELS HOSPITAL,CHI St. Gabriels Hospital
cc:cf2d5541-e243-4b17-a453-4ccbc83f4db1,TENNOVA HEALTHCARE - NEWPORT MEDICAL CENTER,Tennova Healthcare - Newport Medical Center
cc:cf3c6abf-d888-4c93-accf-fef29d212d75,FALLON MEDICAL COMPLEX,Fallon Medical Complex
cc:cf4423a6-0d39-45e6-a44b-23a03e663a33,HARNEY DISTRICT HOSPITAL,Harney District Hospital
cc:cf488ce4-dc04-470a-850d-1f6a21948219,JONES MEMORIAL HOSPITAL,Jones Memorial Hospital
cc:cf50c63d-1616-43ec-90a7-d8cc7f7f02f1,MERCY REHABILITATION HOSPITAL NORTHWEST ARKANSAS,Mercy Rehabilitation Hospital Northwest Arkansas
cc:cf5570fa-a4be-4d47-b73a-74955c8248e7,CENTRO MEDICO CORRECIONAL,Centro Medico Correcional
cc:cf5ae72d-c3f3-446b-9772-4641d148f695,CHILDREN'S NATIONAL REHABILITATION & SPECIALIZED CARE,Children's National Rehabilitation & Specialized Care
cc:cf5d1a92-db50-4b58-bd83-196728de0bac,MISSOURI PSYCHIATRIC CENTER,Missouri Psychiatric Center
cc:cf65dfde-9b00-4b16-b5a2-9b07d24b255b,GENOA COMMUNITY HOSPITAL,Genoa Community Hospital
cc:cf7c79ad-6a1f-41ca-bb1c-448a9e436329,LARKIN COMMUNITY HOSPITAL BEHAVIORAL HEALTH SERVICES,Larkin Community Hospital Behavioral Health Services
cc:cf818117-c9c7-41b1-b765-228c67dcbaf2,SIDNEY REGIONAL MEDICAL CENTER,Sidney Regional Medical Center
cc:cf98b04a-f8a5-44ec-8eb0-c1d1bb86aab4,BANNER THUNDERBIRD MEDICAL CENTER,Banner Thunderbird Medical Center
cc:cf9b6ee1-5607-4643-acee-e729b8a826ca,SIERRA VISTA HOSPITAL,Sierra Vista Hospital
cc:cf9ed0c7-f849-4916-921b-c6a652531aa0,WASHINGTON REGIONAL MEDICAL CENTER,Washington Regional Medical Center
cc:cfad979f-ca95-48c4-a726-ea8f40085d25,SELECT SPECIALTY HOSPITAL - ORLANDO SOUTH,Select Specialty Hospital - Orlando South
cc:cfaf0f0b-0e6a-4e41-9705-a55fea93bb83,STILLWATER MEDICAL BLACKWELL,Stillwater Medical Blackwell
cc:cfaf57a6-1f23-4732-aaa7-5a07f899076f,ASSURANCE HEALTH INDIANAPOLIS,Assurance Health Indianapolis
cc:cfcee2b7-9cfe-480d-86a2-bd4dd7b4884c,MIDWEST SPECIALTY SURGERY CENTER,Midwest Specialty Surgery Center
cc:cfd3ad39-f369-45b0-97b9-8606a25b0b06,MERCY HOSPITAL AURORA,Mercy Hospital Aurora
cc:cfd8362e-582f-4a59-b915-e9bd2a71311e,KAISER PERMANENTE ANTIOCH MEDICAL CENTER,Kaiser Permanente Antioch Medical Center
cc:cfdaf185-c3ac-4d17-aa5b-98f00abe4d0f,VALLEY BAPTIST MEDICAL CENTER - WESLACO,Valley Baptist Medical Center - Weslaco
cc:cfddb749-9e3f-4858-9a18-04dcb3229d5e,KAISER PERMANENTE WESTSIDE MEDICAL CENTER,Kaiser Permanente Westside Medical Center
cc:cfef61b0-15c5-437d-adad-9c27a4f92301,MERCY REGIONAL MEDICAL CENTER,Mercy Regional Medical Center
cc:cff2a0ee-fffb-464a-963b-4e5007680b08,SWEDISH MEDICAL CENTER - FIRST HILL CAMPUS,Swedish Medical Center - First Hill Campus
cc:cff3011c-a4d7-436c-8de3-36a317aef2a5,UPMC WILLIAMSPORT,UPMC Williamsport
cc:cffc0eae-7473-43b0-bae1-ce0cbeaa1403,MERCY MEDICAL CENTER REDDING,Mercy Medical Center Redding
cc:d00dd491-a275-4a43-bc15-f7fbc9a2c87c,STEPHENS MEMORIAL HOSPITAL,Stephens Memorial Hospital
cc:d0110dbf-865b-46ac-9df9-be3c2e87247c,OWENSBORO HEALTH REGIONAL HOSPITAL,Owensboro Health Regional Hospital
cc:d0142982-8257-4567-97d9-741f2564bcd7,PRINCETON COMMUNITY HOSPITAL,Princeton Community Hospital
cc:d014e8dc-65a1-4c3b-abc1-dd6b5ca28bb2,SWEDISH MEDICAL CENTER - ISSAQUAH CAMPUS,Swedish Medical Center - Issaquah Campus
cc:d03a73dc-a2ce-489c-8632-deb8e7d7bbc7,NEWMAN MEMORIAL HOSPITAL,Newman Memorial Hospital
cc:d03a8523-c8cc-4013-8f84-f3a4e985e425,OAK VALLEY HOSPITAL,Oak Valley Hospital
cc:d03b797f-8847-4087-a6f0-ea255ae5f755,NORTHWOOD DEACONESS HEALTH CENTER,Northwood Deaconess Health Center
cc:d04188dd-2b51-4ed7-8c3f-197f497d1baf,EXCEPTIONAL COMMUNITY HOSPITAL FARMINGTON,Exceptional Community Hospital Farmington
cc:d05e95b7-5b92-4275-9830-6f74f3a6c3c7,SAN JOAQUIN GENERAL HOSPITAL,San Joaquin General Hospital
cc:d060264a-51cb-45d5-baed-0687e93f3651,NOVANT HEALTH COASTAL CAROLINA HOSPITAL,Novant Health Coastal Carolina Hospital
cc:d069649c-b363-4d50-b23b-32905bd907c0,HAMILTON GENERAL HOSPITAL,Hamilton General Hospital
cc:d079c9c4-558d-4139-89bd-c3a7adb75412,ADVENTHEALTH PARKER,AdventHealth Parker
cc:d07f411e-f795-4090-917c-1aeba861680f,BROADLAWNS MEDICAL CENTER,Broadlawns Medical Center
cc:d0892f2c-f4ec-435c-83a8-80d3b174af62,BAYLOR ST LUKES MEDICAL CENTER MCNAIR CAMPUS,Baylor St. Lukes Medical Center McNair Campus
cc:d096de58-a652-459b-a319-fc38f6617e1e,RICELAND PORT ARTHUR CLINIC,Riceland Port Arthur Clinic
cc:d09705a6-78a2-46ba-a8ea-109bac35dd2f,RIO VISTA BEHAVIORAL HEALTH HOSPITAL,Rio Vista Behavioral Health Hospital
cc:d097a9f1-e365-452f-9a16-11b30e3ef69b,THE UNIVERSITY OF TENNESSEE MEDICAL CENTER,The University of Tennessee Medical Center
cc:d0a5824e-92e4-4b02-a66d-618552364eeb,TRINITY HEALTH LIVINGSTON HOSPITAL,Trinity Health Livingston Hospital
cc:d0a90fda-5591-45a5-9dc7-31d28e0ef78a,INTENSIVE SPECIALTY HOSPITAL - SHREVEPORT CAMPUS,Intensive Specialty Hospital - Shreveport Campus
cc:d0b0e560-a84c-4e6d-9625-112997e2b54c,LAKE GRANBURY MEDICAL CENTER,Lake Granbury Medical Center
cc:d0b2024f-be07-49f7-adbd-efb2b52a1ece,EAST VALLEY ER & HOSPITAL,East Valley ER & Hospital
cc:d0b22869-db8e-4602-8a51-08bc28ba7dee,UNITED HOSPITAL DISTRICT,United Hospital District
cc:d0be8ce4-57c5-4f13-b39c-128924d58225,DELRAY MEDICAL CENTER,Delray Medical Center
cc:d0c5f4f1-cc79-4845-aa8a-2f8565110595,PHYSICIANS REGIONAL - COLLIER BOULEVARD,Physicians Regional - Collier Boulevard
cc:d0c80f55-038a-425d-a081-34fc9d745b78,ENCOMPASS HEALTH REHABILITATION HOSPITAL OF MANATI,Encompass Health Rehabilitation Hospital of Manati
cc:d0d36b81-c68e-49a4-b44c-f88e36a1cab0,ADVENTHEALTH CENTRAL TEXAS,AdventHealth Central Texas
cc:d0d649a4-3bee-4e20-8cce-bf14264b1859,UNC MEDICAL CENTER,UNC Medical Center
cc:d0e5e401-ff4c-4567-abfd-ad1f720300a9,RADY CHILDREN'S HOSPITAL - SAN DIEGO,Rady Children's Hospital - San Diego
cc:d0eac892-7ed2-4697-a429-8b2b19569840,LUCAS COUNTY HEALTH CENTER,Lucas County Health Center
cc:d0eed802-2caa-413f-a2fd-a95f94eb624c,DIGNITY HEALTH ST. ROSE DOMINICAN NORTH LAS VEGAS CAMPUS,Dignity Health St. Rose Dominican North Las Vegas Campus
cc:d0f43a8e-6deb-4d2b-8974-5659683f60a7,PAM HEALTH REHABILITATION HOSPITAL OF KYLE,PAM Health Rehabilitation Hospital of Kyle
cc:d0f53c19-f7ad-49b4-aff6-f818ac6dd821,LEXINGTON REGIONAL HEALTH CENTER,Lexington Regional Health Center
cc:d0f8104c-7fd5-4c6f-a135-906b9e7da7da,ALTRU HOSPITAL,Altru Hospital
cc:d0f9af3a-b003-4781-9dba-2958f3159566,AMBERWELL ATCHISON HOSPITAL,Amberwell Atchison Hospital
cc:d1007f2f-15e6-4921-b968-839df9741b60,TITAN REHABILITATION HOSPITAL OF ROSEPINE,Titan Rehabilitation Hospital of Rosepine
cc:d10276df-e270-410b-9116-69157ee4c804,OCHSNER ABROM KAPLAN MEMORIAL HOSPITAL,Ochsner Abrom Kaplan Memorial Hospital
cc:d112cc26-312f-4343-bd38-0ea8007724a0,MEMORIAL HOSPITAL SWEETWATER COUNTY,Memorial Hospital Sweetwater County
cc:d122b8a3-a5b6-48d6-be92-1879cfe5d3ad,BAYSTATE MEDICAL CENTER,Baystate Medical Center
cc:d131c1d9-2620-46db-a30c-dd500b7b574d,MYRTUE MEDICAL CENTER,Myrtue Medical Center
cc:d13744e9-ad5c-4abc-825b-28e751d6bb64,VAN WERT HOSPITAL,Van Wert Hospital
cc:d14001ea-f29f-4c8f-b89d-ee17bff30816,ENCOMPASS HEALTH REHABILITATION HOSPITAL OF SPRING HILL,Encompass Health Rehabilitation Hospital of Spring Hill
cc:d1400f6b-dfb0-4bd8-974b-38c8720bb64b,SELECT SPECIALTY HOSPITAL - OAKLAND,Select Specialty Hospital - Oakland
cc:d145c6dc-8c65-4829-a8a7-25367bc1ce90,BETHESDA HOSPITAL EAST,Bethesda Hospital East
cc:d14fdaa3-e27a-40db-91ba-99eeee8d5b16,MOBRIDGE REGIONAL HOSPITAL AND CLINIC,Mobridge Regional Hospital and Clinic
cc:d1527331-3570-46d0-991b-11ad4efee18c,BACKUS HOSPITAL,Backus Hospital
cc:d16b6f7d-33e8-4298-adc0-a3591c7611da,CHRISTUS SPOHN HOSPITAL ALICE,CHRISTUS Spohn Hospital Alice
cc:d171b432-047d-4fcc-bdb9-6611fa4eb602,ARTESIA GENERAL HOSPITAL,Artesia General Hospital
cc:d17d743d-3bd9-408e-b8ab-044098321541,TRINITY HEALTH ANN ARBOR HOSPITAL,Trinity Health Ann Arbor Hospital
cc:d183ca06-f5cf-40b9-863e-ddf44de2da4e,TAMPA GENERAL HOSPITAL,Tampa General Hospital
cc:d1860fe2-a507-4aa1-a079-dbc2f7a00fe2,SELECT SPECIALTY HOSPITAL ERIE,Select Specialty Hospital Erie
cc:d18be18b-224d-440b-b4a5-bdccadcb7f6b,HCA FLORIDA OVIEDO MEDICAL CENTER,HCA Florida Oviedo Medical Center
cc:d198ea35-f21c-4fc3-8de5-6d165d3394af,GATEWAY REGIONAL MEDICAL CENTER,Gateway Regional Medical Center
cc:d19a7c94-760c-4093-a2c4-7ec2ec6e9e0d,GRAND ISLAND REGIONAL MEDICAL CENTER,Grand Island Regional Medical Center
cc:d19b53f7-7648-41a8-b7e1-4d826b252d45,MERCY HOSPITAL OF BUFFALO,Mercy Hospital of Buffalo
cc:d19d863a-3392-40c9-8a9a-9dd2ab9df7b1,UCHEALTH PARKVIEW PUEBLO WEST HOSPITAL,UCHealth Parkview Pueblo West Hospital
cc:d1a83357-246e-48a6-b703-67779fc804bc,MILE BLUFF MEDICAL CENTER,Mile Bluff Medical Center
cc:d1a95d94-685f-48ac-968c-991977983252,HONORHEALTH SCOTTSDALE THOMPSON PEAK MEDICAL CENTER,HonorHealth Scottsdale Thompson Peak Medical Center
cc:d1b6b5d4-8de7-4df9-a350-03ec03e6f28d,EATON RAPIDS MEDICAL CENTER,Eaton Rapids Medical Center
cc:d1ba5c57-97fc-45ab-acdd-2b3d789fb859,LEHIGH VALLEY HEALTH NETWORK-1503 N. CEDAR CREST,Lehigh Valley Health Network-1503 N. Cedar Crest
cc:d1c4ae0f-7479-4131-a3ea-8400f4722595,ASPIRUS KEWEENAW HOSPITAL,Aspirus Keweenaw Hospital
cc:d1c65a6a-8937-4805-b380-06326de11bbe,TIDELANDS GEORGETOWN MEMORIAL HOSPITAL,Tidelands Georgetown Memorial Hospital
cc:d1c6f282-754e-4ec8-a52b-003437dac585,LEXINGTON REGIONAL REHABILITATION HOSPITAL,Lexington Regional Rehabilitation Hospital
cc:d1e849a7-c1fb-444c-bfd5-3fbb2d67d9b5,MILLARD FILLMORE SUBURBAN HOSPITAL,Millard Fillmore Suburban Hospital
cc:d1ea4650-ae1a-46e6-8444-e3c2495c0aff,ROPER ST FRANCIS BERKELEY HOSPITAL,Roper St. Francis Berkeley Hospital
cc:d1f38676-faa6-41bd-883b-332a78cc272d,WELLSPAN YORK HOSPITAL,WellSpan York Hospital
cc:d1fbd4a8-3ce5-4c04-8151-8322bbb71068,DILEY RIDGE MEDICAL CENTER,Diley Ridge Medical Center
cc:d1fe3c18-1bae-45ea-ba35-670e7aa12e78,BRIGHAM CITY COMMUNITY HOSPITAL,Brigham City Community Hospital
cc:d2136f18-8139-4f55-9feb-2c56f008d866,BAPTIST HEALTH MEDICAL CENTER-DREW COUNTY,Baptist Health Medical Center-Drew County
cc:d2223650-5455-4a18-ae68-5e313f39a6ff,ESSENTIA HEALTH ST JOSEPHS MEDICAL CENTER,Essentia Health St. Josephs Medical Center
cc:d22e19b7-a11b-49d6-9f41-e3481b9634d0,NORTHERN MONTANA HOSPITAL,Northern Montana Hospital
cc:d232f79f-f419-40b1-bff0-da2f08475065,BLUFFTON HOSPITAL,Bluffton Hospital
cc:d238f260-d7a5-41c0-932d-ba785fd7e56e,MORRILL COUNTY COMMUNITY HOSPITAL,Morrill County Community Hospital
cc:d276261d-2911-4c1c-8ac8-ef545377114c,NORTHWESTERN MEDICINE CATHERINE GRATZ GRIFFIN LAKE FOREST HOSPITAL,Northwestern Medicine Catherine Gratz Griffin Lake Forest Hospital
cc:d27c20d8-bd42-4ce5-9e03-27dd16c74d16,UNC HEALTH PARDEE,UNC Health Pardee
cc:d2a1a434-bd95-4006-97a5-bf1989709880,MEDSTAR HEALTH PHYSICAL THERAPY AT MCLEAN,MedStar Health Physical Therapy at McLean
cc:d2a564cc-e8e8-4dfe-8426-70d8ab75fbd5,COMMUNITY MEMORIAL HOSPITAL,Community Memorial Hospital
cc:d2b694c5-849d-44e4-a6b4-e4cd5962f426,METROHEALTH MEDICAL CENTER,Metrohealth Medical Center
cc:d2c4ca1d-8207-42ec-8b25-88cf0a2a18ab,PARK PLACE SURGICAL HOSPITAL,Park Place Surgical Hospital
cc:d2cff162-2f42-4971-8d77-4749512ea8ae,NW INDIANA ER & HOSPITAL,NW Indiana ER & Hospital
cc:d2de302c-4d7e-46a4-9cf1-521eb4220393,CHRISTUS SANTA ROSA HOSPITAL - NEW BRAUNFELS,CHRISTUS Santa Rosa Hospital - New Braunfels
cc:d2e0a6af-d774-4ea1-b393-2b07e84e44d1,HARRISON COMMUNITY HOSPITAL,Harrison Community Hospital
cc:d2e68610-6127-468c-b208-9dff69149ccd,SPARROW SPECIALTY HOSPITAL,Sparrow Specialty Hospital
cc:d2e7c02a-e443-4c53-8f36-abc8a6a51047,CHRISTIAN HOSPITAL,Christian Hospital
cc:d2e9bac6-2a37-4e76-aab3-03184f8df70d,CRESTWOOD BEHAVIORAL HEALTH CENTER,Crestwood Behavioral Health Center
cc:d2f0c59a-cfd7-4920-8d13-708728dfcfd5,TEXAS SURGICAL HOSPITAL,Texas Surgical Hospital
cc:d2fa2803-1210-41f0-929f-60e36214f006,TITAN REHABILITATION HOSPITAL OF LEESVILLE,Titan Rehabilitation Hospital of Leesville
cc:d30b3521-d900-4373-a8e3-1dea59b2eb45,ADVENTHEALTH PORT CHARLOTTE,AdventHealth Port Charlotte
cc:d30f98b9-b61a-49c6-87f5-eb1968b1efba,ST. CLARE HOSPITAL,St. Clare Hospital
cc:d31470f6-5f3c-4acf-96a5-ac971cc080ed,SUMMIT HEALTHCARE ASSOCIATION,Summit Healthcare Association
cc:d3443da1-f7c5-4144-91ff-9f6c96aeb706,STAR VIEW ADOLESCENT CENTER,Star View Adolescent Center
cc:d3446d5d-e56d-4c68-acf3-ce659ffaa730,ENDLESS MOUNTAINS HEALTH SYSTEMS,Endless Mountains Health Systems
cc:d3513392-a5ad-48d7-b19d-f3c601251f08,UPMC PASSAVANT - MCCANDLESS,UPMC Passavant - McCandless
cc:d35a4c9d-01d6-4861-98ff-fd26e146353f,SAINT MICHAELS MEDICAL CENTER,Saint Michaels Medical Center
cc:d3691c70-42cf-407c-b5a8-61ef56a801cf,JOHNSON REGIONAL MEDICAL CENTER,Johnson Regional Medical Center
cc:d36bc8ef-677d-4d47-bb2f-d76f766952f2,MARSHFIELD MEDICAL CENTER - WESTON,Marshfield Medical Center - Weston
cc:d3712138-a6d9-4eff-a00f-90f1c4a40866,DEACONESS UNION COUNTY HOSPITAL,Deaconess Union County Hospital
cc:d3740024-87f2-42b5-9ef8-8d301fcf0513,IU HEALTH WHITE MEMORIAL HOSPITAL,IU Health White Memorial Hospital
cc:d378c1e5-c980-4320-924c-5c363afc169c,MERCY HEALTH - THE JEWISH HOSPITAL,Mercy Health - The Jewish Hospital
cc:d3866b99-13c0-42b0-9a2f-e7dc64c93ff1,SOUTHERN REGIONAL MEDICAL CENTER,Southern Regional Medical Center
cc:d38a537f-6c01-4d39-b2a0-f497e0693902,CHI ST. ALEXIUS HEALTH WILLISTON,CHI St. Alexius Health Williston
cc:d3935d1d-6a10-492b-b19c-0fc49f3d1281,SAINT LUKE INSTITUTE,Saint Luke Institute
cc:d3bc0883-82b4-4dbf-9209-089cd92ca534,HIGHLAND COMMUNITY HOSPITAL,Highland Community Hospital
cc:d3bdd087-f6a0-495c-bf0d-c1276901f163,ASCENSION ST. VINCENT INDIANAPOLIS SOUTH - EMERGENCY,Ascension St. Vincent Indianapolis South - Emergency
cc:d3c88551-9e8e-4515-add1-5b01dff7346b,UPMC WILLIAMSPORT DIVINE PROVIDENCE CAMPUS,UPMC Williamsport Divine Providence Campus
cc:d3cf4022-14d4-4178-9ab4-eb9028519bb1,SISTERS OF CHARITY HOSPITAL,Sisters of Charity Hospital
cc:d3deb30e-0307-4efc-a54f-aa0df401d1e7,UNITED MEDICAL REHABILITATION HOSPITAL ASCENSION,United Medical Rehabilitation Hospital Ascension
cc:d3e071a3-8656-4de6-857e-553446ea4262,ASCENSION SETON NORTHWEST HOSPITAL,Ascension Seton Northwest Hospital
cc:d3e3bb46-eb77-416a-a4be-69e717ba88f9,HSHS ST FRANCIS HOSPITAL,HSHS St. Francis Hospital
cc:d3e65682-0b61-4d17-9a37-866d1a90140f,REGIONAL HEALTH LEAD-DEADWOOD HOSPITAL,Regional Health Lead-Deadwood Hospital
cc:d3e9de4b-df64-48e7-ac80-c9eafa326481,POWERS HEALTH REHABILITATION CENTER,Powers Health Rehabilitation Center
cc:d3edba4c-1f14-40d8-99e2-f86c868ffa68,TMC BONHAM HOSPITAL,TMC Bonham Hospital
cc:d40c7ad4-e336-4595-8fed-4498dd2dd575,CRESTWOOD CHAMPION HEALING CENTER,Crestwood Champion Healing Center
cc:d41b4cf9-2148-46aa-8313-fd651ec6205c,EMERSON HOSPITAL,Emerson Hospital
cc:d429baea-0cd7-44aa-a1a9-87f51c6517d3,SOUTHERN CALIFORNIA HOSPITAL AT HOLLYWOOD,Southern California Hospital at Hollywood
cc:d43eca23-2ff5-4b57-8c0c-bebdbe9c16a8,MEEKER MEMORIAL HOSPITAL,Meeker Memorial Hospital
cc:d44b3536-5f07-4100-a5eb-abf0c033b05d,HUTCHINSON REGIONAL MEDICAL CENTER INC,Hutchinson Regional Medical Center Inc
cc:d4552fc6-fbfd-45d3-9c63-edffd9d478b3,SSM HEALTH DEPAUL HOSPITAL - ST. LOUIS,SSM Health DePaul Hospital - St. Louis
cc:d469e5b7-2955-493c-b2d2-ae9284e3aa1b,LEHIGH VALLEY HOSPITAL-CARBON,Lehigh Valley Hospital-Carbon
cc:d483709c-250f-4f09-aec8-603cb5a547eb,CHRISTUS SHREVEPORT BOSSIER - HIGHLAND MEDICAL CENTER,CHRISTUS Shreveport Bossier - Highland Medical Center
cc:d483ce29-57e5-4fb9-9e83-096bb5cfdf8d,IU HEALTH BLOOMINGTON HOSPITAL,IU Health Bloomington Hospital
cc:d48dced2-8377-4bcb-8112-84b7fed196be,PELHAM MEDICAL CENTER,Pelham Medical Center
cc:d48eaeaa-c19f-49f3-a8ad-f3ae79c0ffa0,LONG ISLAND JEWISH MEDICAL CENTER,Long Island Jewish Medical Center
cc:d49072f6-5f44-4fe5-905c-e848af4bb3cc,DCH FAYETTE MEDICAL CENTER,DCH Fayette Medical Center
cc:d499e45b-42ea-444e-b664-82bf37a1f2f5,SEQUOIA HOSPITAL,Sequoia Hospital
cc:d49f4e4d-d7ed-4fe6-9e5b-3beb885ddb8a,MOBILE INFIRMARY,Mobile Infirmary
cc:d4a86156-ea72-4f0c-a6c3-0ededd40ea71,VIRTUA MOUNT HOLLY HOSPITAL (BURLINGTON COUNTY),Virtua Mount Holly Hospital (Burlington County)
cc:d4bac985-0096-498b-aa12-f3224dce7d4f,HANCOCK REGIONAL HOSPITAL,Hancock Regional Hospital
cc:d4c3b200-a161-454c-9955-5f5851e47dca,COLLEGE MEDICAL CENTER,College Medical Center
cc:d4d93657-0126-4315-b5e0-8fd4613c3ac8,SAN JUAN REGIONAL REHABILITATION HOSPITAL,San Juan Regional Rehabilitation Hospital
cc:d4da9f7d-7bca-4d8c-9724-4fc981dc2990,MYMICHIGAN MEDICAL CENTER WEST BRANCH,Mymichigan Medical Center West Branch
cc:d4db300d-604c-49d1-b575-ab614b8e4d4f,MADISON COUNTY HEALTHCARE SYSTEM,Madison County Healthcare System
cc:d4dc0f4f-4be1-4db2-aea1-ec67a086a39e,PAM VOYAGES BEHAVIORAL HEALTH OF SUGAR LAND,PAM Voyages Behavioral Health of Sugar Land
cc:d4e6c02b-2529-428c-87ce-aaa444f3546c,UF HEALTH REHABILITATION HOSPITAL - NORTH,UF Health Rehabilitation Hospital - North
cc:d4ea189d-e2db-49cd-8b13-6da26a6cdb5e,CHI ST. JOSEPH HEALTH MADISON HOSPITAL,CHI St. Joseph Health Madison Hospital
cc:d4f082d4-7cec-4ffa-afd0-20a386e2e5bb,ENCOMPASS HEALTH REHABILITATION HOSPITAL OF MECHANICSBURG,Encompass Health Rehabilitation Hospital of Mechanicsburg
cc:d4f5f476-7abf-4aca-bb36-831ac518a553,CHRIS KYLE PATRIOTS HOSPITAL,Chris Kyle Patriots Hospital
cc:d4f88376-c14c-43b9-a660-956107f34785,MOUNTRAIL COUNTY MEDICAL CENTER,Mountrail County Medical Center
cc:d4f8bd88-3f0a-4987-918e-3f1aae838313,SOUTH COAST GLOBAL MEDICAL CENTER,South Coast Global Medical Center
cc:d4fcd3bb-1df4-438a-a048-eaac42574b70,NGMC LUMPKIN,NGMC Lumpkin
cc:d4fff5d7-5f05-4894-bf1d-4abe53cc6d7c,METHODIST MIDLOTHIAN MEDICAL CENTER,Methodist Midlothian Medical Center
cc:d507e946-f468-4b5c-82e0-e9480ae1c6aa,F. W. HUSTON MEDICAL CENTER,F. W. Huston Medical Center
cc:d50a2202-2d70-4eca-af2d-76b9bee01060,ST. ANNE HOSPITAL,St. Anne Hospital
cc:d50cf988-160e-413b-9a42-069d66abec09,ERIE COUNTY MEDICAL CENTER,Erie County Medical Center
cc:d50ea2ab-a813-4f2b-962c-15963eeabde4,RIVERVIEW MEDICAL CENTER,Riverview Medical Center
cc:d50f576c-07ca-42da-bce4-8e7dc309f1fd,ENCOMPASS HEALTH REHABILITATION HOSPITAL OF CUMMING,Encompass Health Rehabilitation Hospital of Cumming
cc:d513db2e-868b-46fd-8a9a-84d257099289,VIEWPOINT ASSESSMENT CENTER,Viewpoint Assessment Center
cc:d5288ddb-1701-40f6-9781-5dc1a0fcd114,ANCHOR HOSPITAL,Anchor Hospital
cc:d52bf8c0-a1cf-4fe8-adfe-aa626bd91e73,CARLE HEALTH PEKIN HOSPITAL,Carle Health Pekin Hospital
cc:d544d7c3-73e1-4938-a52e-3fc07eaf0b32,ASCENSION ST. VINCENT JENNINGS,Ascension St. Vincent Jennings
cc:d54935ce-c912-4127-99f7-1bff060bb413,SOUTH SUNFLOWER COUNTY HOSPITAL,South Sunflower County Hospital
cc:d5541047-c2a0-493d-8ce3-add0d33ebb91,BAYLOR SCOTT & WHITE MEDICAL CENTER PLANO,Baylor Scott & White Medical Center Plano
cc:d554d369-d749-477a-a541-aa34fd91d0a4,NOVANT HEALTH HILTON HEAD MEDICAL CENTER,Novant Health Hilton Head Medical Center
cc:d5592e54-053f-42da-8a09-4b6c073d6df8,CROSS ROAD MEDICAL CENTER,Cross Road Medical Center
cc:d55b5443-9733-4654-a4de-50c1e065792b,"MUSC HEALTH REHABILITATION HOSPITAL, AN AFFILIATE OF ENCOMPASS HEALTH","MUSC Health Rehabilitation Hospital, An Affiliate of Encompass Health"
cc:d55c773e-e1ae-44e2-97c5-393e3be19930,SAN JUAN REGIONAL MEDICAL CENTER,San Juan Regional Medical Center
cc:d55ce726-e52a-4d6e-a462-bc99a01bbdd5,NORMAN REGIONAL MOORE,Norman Regional Moore
cc:d560592c-bcf0-4c4e-a8c3-5fa1e3a71dca,DOCTORS CENTER HOSPITAL MANATI,Doctors Center Hospital Manati
cc:d56f0966-7926-4336-aab1-630de83be18b,KOHALA HOSPITAL,Kohala Hospital
cc:d57fbac2-0a97-424d-87b3-508ba8a4272a,SELECT MEDICAL REHABILITATION TALLAHASSEE,Select Medical Rehabilitation Tallahassee
cc:d580c167-945f-4bfe-8d30-62a78331b277,BULLOCK COUNTY HOSPITAL,Bullock County Hospital
cc:d58a4374-696e-40b8-9914-0a15c0396b86,ASCENSION SETON MEDICAL CENTER AUSTIN,Ascension Seton Medical Center Austin
cc:d599d328-b029-4a33-815f-6373d693f2e0,SOUTHEAST COLORADO HOSPITAL,Southeast Colorado Hospital
cc:d59e09f0-c849-4089-b191-c4609fa741fd,KENTFIELD HOSPITAL SAN FRANCISCO,Kentfield Hospital San Francisco
cc:d5a18e43-f690-4911-a912-0beb8044dd05,ALISO RIDGE BEHAVIORAL HEALTH,Aliso Ridge Behavioral Health
cc:d5a4d2c5-7510-4efc-9731-b700361f2b82,CAROLINA PINES REGIONAL MEDICAL CENTER,Carolina Pines Regional Medical Center
cc:d5b6d5c4-c811-47b3-9619-da8097a8e36b,SAINT FRANCIS MEDICAL CENTER,Saint Francis Medical Center
cc:d5ca2965-4e2c-415c-98f3-9cca92621bd0,SAGEWEST RIVERTON,Sagewest Riverton
cc:d5d8be9e-734b-4c69-bfe6-84a47f509a0e,OUR LADY OF THE ANGELS HOSPITAL,Our Lady of the Angels Hospital
cc:d5d8db8a-b496-48b5-9f65-e708636bdd03,FAIR OAKS PAVILION - PSYCHIATRIC HOSPITAL,Fair Oaks Pavilion - Psychiatric Hospital
cc:d5ddcc47-01b8-44e5-999c-0d0021251ddc,COLUMBIA MEMORIAL HOSPITAL,Columbia Memorial Hospital
cc:d5e0ccf1-6ced-4827-9280-6c7eb4bb2351,EAST MORGAN COUNTY HOSPITAL DISTRICT,East Morgan County Hospital District
cc:d5eb2710-4a11-4825-b56c-bb09a149acef,EISENHOWER MEDICAL CENTER,Eisenhower Medical Center
cc:d5f074d9-4ef8-4d9d-948c-4567083a6de0,SELECT SPECIALTY HOSPITAL LAUREL HIGHLANDS,Select Specialty Hospital Laurel Highlands
cc:d5f0b496-5257-4fa6-86c0-7187a5953f9e,TEXAS HEALTH CENTER FOR DIAGNOSTICS & SURGERY PLANO,Texas Health Center for Diagnostics & Surgery Plano
cc:d60416d0-ed40-4343-87c9-715307456b48,HERITAGE VALLEY BEAVER,Heritage Valley Beaver
cc:d607a3cc-2296-47e7-9205-9360bd20d97c,RIVERWOOD HEALTHCARE CENTER,Riverwood Healthcare Center
cc:d60a824a-31d5-44d0-9e2b-9ab4e134fd56,HOSPITAL PAVIA SANTURCE,Hospital Pavia Santurce
cc:d60ac211-36da-434c-9ba4-7d8922c80a21,UW HEALTH AMERICAN FAMILY CHILDREN'S HOSPITAL,UW Health American Family Children's Hospital
cc:d60c2b4e-aae3-4110-bf7a-4d028362bde0,CYPRESS POINTE SURGICAL HOSPITAL,Cypress Pointe Surgical Hospital
cc:d62d9a2f-5828-4f8a-9aba-26fe0718ab49,UF HEALTH ST. JOHNS,UF Health St. Johns
cc:d62df898-ee67-4578-aaa2-3ae1433baacc,DR DAN C TRIGG MEMORIAL HOSPITAL,Dr. Dan C. Trigg Memorial Hospital
cc:d637fcf6-09a9-4c26-8b35-baac35f57654,SOUTH STRAND MEDICAL CENTER,South Strand Medical Center
cc:d64dece5-3b75-4737-a885-7969f7b6c10a,PERSON MEMORIAL HOSPITAL,Person Memorial Hospital
cc:d64f367a-6609-488a-9b17-7546f3df369a,NOVANT HEALTH CLEMMONS MEDICAL CENTER,Novant Health Clemmons Medical Center
cc:d65062ab-4cdc-4a46-b86a-4b49e7feaded,NORTHERN UTAH REHABILITATION HOSPITAL,Northern Utah Rehabilitation Hospital
cc:d66c38cd-50ef-4a1b-922f-97f38e304fb7,OTSEGO MEMORIAL HOSPITAL,Otsego Memorial Hospital
cc:d66ebb6d-1892-4a63-ae8f-5e45851859b3,SIH HARRISBURG MEDICAL CENTER,SIH Harrisburg Medical Center
cc:d66efbba-a055-4734-a1f9-fa7237e1a32b,COMMONSPIRIT ORTHOCOLORADO HOSPITAL,Commonspirit Orthocolorado Hospital
cc:d672be9f-8779-4e52-81ad-e64d191c3a39,COMMUNITY SURGERY CENTER EAST,Community Surgery Center East
cc:d68c5ba2-b831-4532-ac9a-d0a4a3652446,UNITED HOSPITAL CENTER,United Hospital Center
cc:d6ac8820-3d03-41a3-bf2a-9cffef3dc876,CENTERPOINT HEALTH - VERSAILLES,Centerpoint Health - Versailles
cc:d6c497ec-c8fd-4ccb-b2a6-16842ecb7926,ANTELOPE MEMORIAL HOSPITAL,Antelope Memorial Hospital
cc:d6c49ee4-25b0-4140-bfe1-8debcae6f0e5,USC NORRIS COMPREHENSIVE CANCER CENTER AND HOSPITAL,USC Norris Comprehensive Cancer Center and Hospital
cc:d6ce7e34-527b-4314-9b93-5625f3421f62,CRAWFORD MEMORIAL HOSPITAL,Crawford Memorial Hospital
cc:d6dfde21-c0fa-4b18-b245-b8a0827f2bce,MARSHALL MEDICAL CENTER NORTH,Marshall Medical Center North
cc:d6e0c680-8847-4128-b613-006d50940781,OCHILTREE GENERAL HOSPITAL,Ochiltree General Hospital
cc:d6e8d9fa-d21b-4ddb-8690-a79dc5d2cffb,OCEANS BEHAVIORAL HOSPITAL ALEXANDRIA,Oceans Behavioral Hospital Alexandria
cc:d7193784-4e7e-422c-829a-32e6170b1c1f,MOUNTAIN VIEW HOSPITAL,Mountain View Hospital
cc:d721c50a-17b6-44a0-b756-b94a00969d08,SELECT SPECIALTY HOSPITAL TALLAHASSEE,Select Specialty Hospital Tallahassee
cc:d72549b8-71c8-4ecb-9e0b-68dd73f559dc,ENCOMPASS HEALTH REHABILITATION HOSPITAL OF NEW ENGLAND AT BEVERLY,Encompass Health Rehabilitation Hospital of New England at Beverly
cc:d72fb2c7-1841-4923-a74a-bc189d1e9b83,LINDSAY MUNICIPAL HOSPITAL,Lindsay Municipal Hospital
cc:d73757fe-d6f9-4809-ac73-8fa38a18803c,NORTHPORT MEDICAL CENTER,Northport Medical Center
cc:d73cef09-f787-4919-a9ef-aad18f5ff1d2,HELEN KELLER HOSPITAL,Helen Keller Hospital
cc:d746424a-a943-4df4-9a8b-5ecd2de19f6f,DUKE REGIONAL HOSPITAL,Duke Regional Hospital
cc:d75d2e26-7220-4eec-a34e-87877ca9090d,KETTERING HEALTH HAMILTON,Kettering Health Hamilton
cc:d75d6398-5102-4e64-8424-876010e596ba,DAHL MEMORIAL HEALTHCARE,Dahl Memorial Healthcare
cc:d75f466d-b266-4de2-b459-c5d4da3a7a6b,MEMORIAL HERMANN SURGICAL HOSPITAL KINGWOOD,Memorial Hermann Surgical Hospital Kingwood
cc:d7609963-17a0-43ee-b8d6-ba3627409805,LOWER KEYS MEDICAL CENTER,Lower Keys Medical Center
cc:d761236c-f754-45fe-8f2c-ff6eb49e859f,PIEDMONT NEWTON HOSPITAL,Piedmont Newton Hospital
cc:d7683a86-165f-410d-be5e-64984a2a2d21,CHARLESTON AREA MEDICAL CENTER GENERAL HOSPITAL,Charleston Area Medical Center General Hospital
cc:d768f0ab-5d26-4f25-be87-5e495236b2e8,MEDSTAR HEALTH PHYSICAL THERAPY AT LAFAYETTE CENTRE,MedStar Health Physical Therapy at Lafayette Centre
cc:d76cecd4-62ac-4e97-9253-680f2b192000,HCA FLORIDA AVENTURA HOSPITAL,HCA Florida Aventura Hospital
cc:d76e4047-ce39-41de-ad15-72eba8d72bc6,LIBERTY REGIONAL MEDICAL CENTER,Liberty Regional Medical Center
cc:d776062e-7349-43d3-8b19-47835bbd656c,BEACON HEALTH OPELOUSAS IOP,Beacon Health Opelousas Iop
cc:d7760e65-48e1-4769-939c-0721783fe7a9,ASCENSION VIA CHRISTI HOSPITAL IN MANHATTAN,Ascension Via Christi Hospital in Manhattan
cc:d77e4027-7ffb-4a33-9318-17c1c6231ac2,ENCOMPASS HEALTH REHABILITATION HOSPITAL OF SHELBY COUNTY,Encompass Health Rehabilitation Hospital of Shelby County
cc:d7834bf0-3728-4ee2-861c-155e626f4dd7,NORTHEASTERN HEALTH SYSTEM,Northeastern Health System
cc:d7835228-aacd-4462-a79c-4c73cd5f79e5,HIGGINS GENERAL HOSPITAL,Higgins General Hospital
cc:d78b474c-92dd-4d54-a242-8ec36e6c3f12,PECOS COUNTY MEMORIAL HOSPITAL,Pecos County Memorial Hospital
cc:d7994d53-dca8-4de9-94c7-8fa899717431,WEST PARK HOSPITAL - CODY REGIONAL,West Park Hospital - Cody Regional
cc:d79c6f96-e04c-47cb-91ee-5438ed3909b1,CHRISTUS ST. FRANCES CABRINI HOSPITAL,CHRISTUS St. Frances Cabrini Hospital
cc:d7a46eeb-38fd-44e9-96bc-b0e0d58d1f15,BANNER OCOTILLO MEDICAL CENTER,Banner Ocotillo Medical Center
cc:d7a81660-68af-4dcd-8edf-3ccae78fd136,MARYMOUNT HOSPITAL,Marymount Hospital
cc:d7b9e450-b18d-41d7-87c9-4494da6d974e,TRIOS SOUTHRIDGE HOSPITAL,Trios Southridge Hospital
cc:d7c7210f-63b9-4032-8959-98648669e5df,LUBBOCK HEART HOSPITAL,Lubbock Heart Hospital
cc:d7c8235c-e24b-4699-9ef1-60565d839fa6,HOSPITAL SAN CARLOS BORROMEO,Hospital San Carlos Borromeo
cc:d7cd3e48-2a8d-46e0-8ebe-c745ffc59714,INOVA ALEXANDRIA HOSPITAL,Inova Alexandria Hospital
cc:d7ce259d-e3d6-46f0-a37d-c0a588c68b41,JEFFERSON MOSS-MAGEE REHABILITATION HOSPITAL - ELKINS PARK,Jefferson Moss-Magee Rehabilitation Hospital - Elkins Park
cc:d7d24b0f-bb6d-43d6-a71b-ac4d85108808,NORTH BALDWIN INFIRMARY,North Baldwin Infirmary
cc:d7db7437-85c6-4936-afa7-56891f89ff77,MERCER COUNTY COMMUNITY HOSPITAL,Mercer County Community Hospital
cc:d7e21ffd-2fec-4ca7-8338-652d8df4da17,REHOBOTH MCKINLEY CHRISTIAN HEALTH CARE SERVICES,Rehoboth McKinley Christian Health Care Services
cc:d7e42b6e-6bcd-4f15-879d-30327a8f8937,CAPE FEAR VALLEY CENTRAL HARNETT HOSPITAL,Cape Fear Valley Central Harnett Hospital
cc:d7e81a3f-e41d-4d66-af27-d2dd8fa6d48a,FAIRBANKS MEMORIAL HOSPITAL,Fairbanks Memorial Hospital
cc:d7f2f9fd-0789-4928-a72e-d5f7daeb48b5,SMITH COUNTY MEMORIAL HOSPITAL,Smith County Memorial Hospital
cc:d80559ce-54d7-4a2d-ba4c-214a7be35523,GEISINGER BEHAVIORAL HEALTH CENTER NORTHEAST,Geisinger Behavioral Health Center Northeast
cc:d8139629-92fc-4337-928c-23ba90220956,MILWAUKEE REHABILITATION HOSPITAL AT GREENFIELD,Milwaukee Rehabilitation Hospital at Greenfield
cc:d819add8-86c9-4f6a-81f0-9cbc9ff2ed46,SELECT SPECIALTY HOSPITAL GAINESVILLE,Select Specialty Hospital Gainesville
cc:d81d0dba-69b1-40fa-a0f9-b44aa0659316,AURELIA OSBORN FOX MEMORIAL HOSPITAL TRI TOWN REGIONAL HEALTHCARE,Aurelia Osborn Fox Memorial Hospital Tri Town Regional Healthcare
cc:d822349a-0794-40bb-ac01-fa02ea619c57,CHOCTAW HEALTH CENTER,Choctaw Health Center
cc:d830b743-9f88-4c14-91e6-fd572b9b3133,PENN HIGHLANDS ELK,Penn Highlands Elk
cc:d832130c-9143-4bc5-89f8-7fbe13e4f294,GREENBRIER VALLEY MEDICAL CENTER,Greenbrier Valley Medical Center
cc:d8327faf-19ea-41f3-bb6c-10c41b3409ab,ADVENTIST HEALTH WHITE MEMORIAL MEDICAL CENTER,Adventist Health White Memorial Medical Center
cc:d8361a53-bede-4a8d-a5cc-2172e4c59150,MAYO CLINIC HEALTH SYSTEM FRANCISCAN HEALTHCARE SPARTA,Mayo Clinic Health System Franciscan Healthcare Sparta
cc:d83de32a-de2e-431b-b312-88c05e85ab57,THE MEDICAL CENTER AT ALBANY,The Medical Center at Albany
cc:d848df0f-15f0-4710-b2eb-499ab6fcf031,HSS PARAMUS OUTPATIENT CENTER,HSS Paramus Outpatient Center
cc:d849a5f9-23c0-472d-8105-2539a7564aad,OASIS BEHAVIORAL HEALTH,Oasis Behavioral Health
cc:d8542e92-477d-4206-8e57-dcc1fc6c5790,CHILDREN'S HOSPITAL OF THE KINGS DAUGHTERS,Children's Hospital of the Kings Daughters
cc:d854eb30-2c7e-4bc0-9646-5f4b55308ff3,WELLSPAN PHILHAVEN,WellSpan Philhaven
cc:d85587bb-ea5b-4c43-b109-f89bfd4a6b6e,ARC BELLEFONTE HOSPITAL & RECOVERY CENTER,Arc Bellefonte Hospital & Recovery Center
cc:d86505b4-c30b-49da-bf91-3bffbf8e2833,THE MEDICAL CENTER AT BOWLING GREEN,The Medical Center at Bowling Green
cc:d8727483-ceea-4d04-877f-8d38ede7c064,NEWTON MEDICAL CENTER,Newton Medical Center
cc:d872d4f0-392f-44a5-a149-4b7bd21e8b41,ST. JUDE CHILDREN'S RESEARCH HOSPITAL,St. Jude Children's Research Hospital
cc:d8856862-c3d3-4583-a8b3-da539e5e5736,WESLEY CHILDREN'S HOSPITAL,Wesley Children's Hospital
cc:d88921af-73a2-4433-a875-d73a5074d17a,HAMILTON COUNTY HOSPITAL,Hamilton County Hospital
cc:d88dbb50-d308-4b60-bdcc-49fd512ab908,NORTHEAST REHABILITATION HOSPITAL SALEM,Northeast Rehabilitation Hospital Salem
cc:d89977d7-1abe-4e57-b1d6-3ad3a789e2c1,GUAM REGIONAL MEDICAL CITY,Guam Regional Medical City
cc:d8ac7092-7bd3-48d3-9d15-023e0b0b2c27,ELLETT MEMORIAL HOSPITAL,Ellett Memorial Hospital
cc:d8ad5ffc-69e3-4e35-bb9e-75782e521f69,TEXAS HEALTH ARLINGTON MEMORIAL HOSPITAL,Texas Health Arlington Memorial Hospital
cc:d8adaa6c-d480-4bbf-acb4-0907a01a23af,STUDER FAMILY CHILDREN'S HOSPITAL ASCENSION SACRED HEART,Studer Family Children's Hospital Ascension Sacred Heart
cc:d8c5b515-aa28-467a-bb09-ad12238f2755,BYRD REGIONAL HOSPITAL,Byrd Regional Hospital
cc:d8c81aba-8d11-4a58-ada7-64c280f36bb8,NATHAN LITTAUER HOSPITAL,Nathan Littauer Hospital
cc:d8cb06b3-3726-4b80-a744-f6fc1a6e7d15,CHILDREN'S HUGHES SPALDING HOSPITAL,Children's Hughes Spalding Hospital
cc:d8d0143e-50f5-4b26-92a5-06eb57d0159e,OAKDALE COMMUNITY HOSPITAL,Oakdale Community Hospital
cc:d8ebfd12-e450-435a-b068-c6a6076245fe,POMONA VALLEY HOSPITAL MEDICAL CENTER,Pomona Valley Hospital Medical Center
cc:d8fb6ff4-ede3-4943-9749-0e75d2b3a177,MEDSTAR HEALTH PHYSICAL THERAPY AT SOUTH BALTIMORE,MedStar Health Physical Therapy at South Baltimore
cc:d901c68f-4310-4693-91eb-6ba7a3cae998,COOK CHILDREN'S MEDICAL CENTER,Cook Children's Medical Center
cc:d905cb55-61d9-407f-aac3-510b534071f7,MERCY REHABILITATION HOSPITAL FORT SMITH,Mercy Rehabilitation Hospital Fort Smith
cc:d907e27d-1a59-4576-8c13-2094eae930fa,MERCY GENERAL HOSPITAL,Mercy General Hospital
cc:d90b2e3f-4053-490f-b844-8d04db10f6d2,WOODLAND SPRINGS,Woodland Springs
cc:d9175c23-f737-4a6f-bb03-bfa0a81a7e34,HAVEN BEHAVIORAL HOSPITAL OF WEST CHESTER,Haven Behavioral Hospital of West Chester
cc:d92dfe6b-58de-4cdc-aaaa-b392be4ac131,SHRINERS HOSPITALS FOR CHILDREN,Shriners Hospitals for Children
cc:d933629b-e6f5-4a42-8030-40092b38c476,MIDWEST SURGICAL HOSPITAL,Midwest Surgical Hospital
cc:d93ab622-c7a5-4bd1-bb87-a0566c59ed62,LOWELL GENERAL - SAINTS CAMPUS,Lowell General - Saints Campus
cc:d93bb6a9-f235-4258-91e0-0e431e392272,ASCENSION ST. VINCENT CLAY,Ascension St. Vincent Clay
cc:d93f28c5-8626-4068-bbcb-3b8224677ec2,AHN HEMPFIELD NEIGHBORHOOD HOSPITAL,AHN Hempfield Neighborhood Hospital
cc:d94789ce-5693-4e32-a715-b483baef0fa3,PECONIC BAY MEDICAL CENTER,Peconic Bay Medical Center
cc:d94c445b-bde7-4909-9947-de3c85b8c4d4,BAYLOR SCOTT & WHITE EMERGENCY HOSPITAL - KELLER,Baylor Scott & White Emergency Hospital - Keller
cc:d954aa68-2add-4c6b-af54-bfacbdcb34af,MEMORIAL SLOAN KETTERING MONMOUTH,Memorial Sloan Kettering Monmouth
cc:d9589c38-dfc9-4256-8556-f42cf5f6da8b,BERKSHIRE MEDICAL CENTER,Berkshire Medical Center
cc:d95c5b5c-a1f4-4484-9cc0-910616dbf2a0,SWEDISH MEDICAL CENTER - REDMOND CAMPUS,Swedish Medical Center - Redmond Campus
cc:d96258d5-96f5-4b17-9259-3ba9b14d9e41,RUBY VALLEY MEDICAL CENTER,Ruby Valley Medical Center
cc:d966d857-fd31-4b40-9a49-ddb141e2ff4d,TIDALHEALTH MCCREADY PAVILION,Tidalhealth McCready Pavilion
cc:d96c4785-c5c7-43cd-9110-8ac6595c79a2,HAVENWYCK HOSPITAL,Havenwyck Hospital
cc:d9798876-42b1-4aee-ac29-b0b18e25cfcc,BEAR VALLEY COMMUNITY HOSPITAL,Bear Valley Community Hospital
cc:d98c3283-9a02-426d-9f70-a5c8501deef4,CHILDREN'S COLORADO NORTH CAMPUS - BROOMFIELD,Children's Colorado North Campus - Broomfield
cc:d9953791-e93b-40bf-8f90-79b46d3c2322,MEMORIAL HERMANN PEARLAND HOSPITAL,Memorial Hermann Pearland Hospital
cc:d9992dba-e0a6-40a2-b24b-997fed0478c2,TELECARE WILLOW ROCK CENTER,Telecare Willow Rock Center
cc:d9a0d4b3-72a1-4686-bb82-9fa492fb1841,LUTHERAN DOWNTOWN HOSPITAL,Lutheran Downtown Hospital
cc:d9a12044-9231-4db4-a3e2-8c9dd2aa9846,ASPEN VALLEY HOSPITAL,Aspen Valley Hospital
cc:d9bacae4-bdb1-4cf1-bf75-085e1b3c9d35,SAMUEL SIMMONDS MEMORIAL HOSPITAL,Samuel Simmonds Memorial Hospital
cc:d9d0bd0f-351f-4734-9d9f-12fd1cff3349,REYNOLDS MEMORIAL HOSPITAL,Reynolds Memorial Hospital
cc:d9d587c9-1982-427e-9920-ef689f23d672,UNC HEALTH BLUE RIDGE,UNC Health Blue Ridge
cc:d9d65f5a-33e6-4de7-808e-5354b4773d6c,CAPITAL HEALTH AT DEBORAH - EMERGENCY SERVICES,Capital Health at Deborah - Emergency Services
cc:d9da15e8-333f-4b34-9143-965baef95f7c,MEMORIAL COMMUNITY HEALTH,Memorial Community Health
cc:d9da1bd4-80b7-488c-bb04-295d84774b71,WILCOX MEMORIAL HOSPITAL,Wilcox Memorial Hospital
cc:d9e1d651-51bf-4aa3-9142-315b6c08ec7b,AVERA GRANITE FALLS HEALTH CENTER,Avera Granite Falls Health Center
cc:d9e326cb-e77c-4d23-83a8-559c4cea15a4,ENCOMPASS HEALTH REHABILITATION HOSPITAL OF RICHMOND,Encompass Health Rehabilitation Hospital of Richmond
cc:d9e5deac-71bc-431a-9af2-c2bfa83de198,LAWRENCE + MEMORIAL HOSPITAL,Lawrence + Memorial Hospital
cc:d9e7b442-b84a-44b9-aca0-f36a29e114e5,LAKELAND REGIONAL MEDICAL CENTER,Lakeland Regional Medical Center
cc:d9f12f79-437a-4ae3-bf95-32743e8a0588,ENCOMPASS HEALTH REHABILITATION HOSPITAL OF CHATTANOOGA,Encompass Health Rehabilitation Hospital of Chattanooga
cc:d9f8a4f2-a33f-45cc-909e-57facfb3f57d,SANFORD CANBY MEDICAL CENTER,Sanford Canby Medical Center
cc:da0f3c70-adff-487e-8443-5e01eb5a8ff3,MEDICAL ARTS HOSPITAL,Medical Arts Hospital
cc:da13b182-6fed-47cd-b9d1-eb79386ea71e,THE VINES HOSPITAL,The Vines Hospital
cc:da29c01c-37ca-4aaf-8adf-636d22c29bfa,VIERA HOSPITAL,Viera Hospital
cc:da3bdadf-df08-446e-8c04-7bb301215ede,ADVENTHEALTH PALM COAST PARKWAY,AdventHealth Palm Coast Parkway
cc:da51bac4-a12e-40ea-9d17-addbb0378406,LIBERTY HOSPITAL,Liberty Hospital
cc:da51d055-ca1f-4693-b10a-d87decbe59ce,LIVINGSTON HEALTHCARE,Livingston Healthcare
cc:da59ea5d-4d7f-4fed-b26c-27a74e91e561,LOS ANGELES COMMUNITY HOSPITAL AT BELLFLOWER,Los Angeles Community Hospital at Bellflower
cc:da5a08b3-e9f1-4a9e-a4a8-4362ae428bf9,TEXAS HEALTH DENTON,Texas Health Denton
cc:da5e4937-bcfa-4f3e-92c0-67d9e33199d0,SAINT JOSEPHS UNIVERSITY MEDICAL CENTER,Saint Josephs University Medical Center
cc:da6125f4-c79c-4738-a541-63b66a112718,UMASS MEMORIAL HOSPITAL - HARRINGTON HOSPITAL,UMass Memorial Hospital - Harrington Hospital
cc:da625b8b-aa93-491a-af2d-e6a62dc08a2d,BOTHWELL REGIONAL HEALTH CENTER,Bothwell Regional Health Center
cc:da6460fc-9256-45a3-a722-12e54635419b,MERCY REHABILITATION HOSPITAL SPRINGFIELD,Mercy Rehabilitation Hospital Springfield
cc:da851e9a-2848-4f2e-8fa7-9be31508bb33,ELLIS FISCHEL CANCER CENTER,Ellis Fischel Cancer Center
cc:da940231-4186-45ac-ab6b-fac583afb9fe,PROSSER MEMORIAL HOSPITAL,Prosser Memorial Hospital
cc:da97ab88-5697-4f99-b1b1-407673595e94,TEMPLE HEALTH - CHESTNUT HILL HOSPITAL,Temple Health - Chestnut Hill Hospital
cc:da99e3a6-7ea5-4d95-ad67-e07c831f78f8,COAST PLAZA HOSPITAL,Coast Plaza Hospital
cc:daa106be-35e2-4559-8ca8-4856c90caa2b,NORTON COUNTY HOSPITAL,Norton County Hospital
cc:daa315d5-316f-4be2-91bc-f2e38c7fc4da,BETHESDA BUTLER HOSPITAL,Bethesda Butler Hospital
cc:daa7053e-1503-4da5-aed3-24f62efd147b,ENCOMPASS HEALTH REHABILITATION HOSPITAL OF EAST VALLEY,Encompass Health Rehabilitation Hospital of East Valley
cc:daba002e-cff0-46dd-ba93-69abbd90989f,NORTHERN INYO HEALTHCARE DISTRICT,Northern Inyo Healthcare District
cc:dabe04dd-0202-4aa9-9073-56fc82a64e50,ENCOMPASS HEALTH REHABILITATION HOSPITAL OF AMARILLO,Encompass Health Rehabilitation Hospital of Amarillo
cc:dac2c0e2-6c0c-49a6-80ed-a29afd11b143,SUMMIT MEDICAL CENTER CASPER,Summit Medical Center Casper
cc:dae9ee94-2e0f-455d-b782-5b2132f73d86,FAMILY CARE CENTER MOUNT PLEASANT,Family Care Center Mount Pleasant
cc:daeafa89-6dd5-4e67-b115-0ce52f64ed7d,MEDSTAR HEALTH PHYSICAL THERAPY AT WESTMINSTER,MedStar Health Physical Therapy at Westminster
cc:daeda585-b9bb-495e-9329-e6dd867ca481,SHANNON MEDICAL CENTER,Shannon Medical Center
cc:daf24526-2a62-493e-b61b-993ed7022579,AIKEN REGIONAL MEDICAL CENTER,Aiken Regional Medical Center
cc:daf3cf00-5548-431e-b8e2-e77c347de321,PALMDALE REGIONAL MEDICAL CENTER,Palmdale Regional Medical Center
cc:daf56642-8938-43fd-aadd-1fbca5c2dc09,NORTHWELL GREENWICH VILLAGE HOSPITAL,Northwell Greenwich Village Hospital
cc:db00deb5-9aa6-4d79-b1b2-94cb7b524625,BUFFALO HOSPITAL,Buffalo Hospital
cc:db02795b-4e87-465b-99c9-6e1f2018028b,METHODIST TEXSAN HOSPITAL,Methodist Texsan Hospital
cc:db05aa01-e202-4628-9598-ca508148b089,"VISTA SPECIALTY HOSPITAL - TUCSON, AZ","Vista Specialty Hospital - Tucson, Az"
cc:db0e2fc9-e3b2-477f-9095-fbe677d5a814,CONE HEALTH BEHAVIORAL HEALTH HOSPITAL,Cone Health Behavioral Health Hospital
cc:db26ffd1-2938-40e0-8fce-9f1762a7937c,CHRISTUS ST. MARY OUTPATIENT MID-COUNTY,CHRISTUS St. Mary Outpatient MID-County
cc:db3a2ba6-c058-468e-98d2-282ca6502cb7,LEWISGALE MEDICAL CENTER,Lewisgale Medical Center
cc:db420958-15fe-4b27-87cd-49119bce5afc,HOUSTON METHODIST THE WOODLANDS HOSPITAL,Houston Methodist the Woodlands Hospital
cc:db5b599d-3fee-4dd3-9d80-db58f4fa7bae,OUR LADY OF FATIMA HOSPITAL,Our Lady of Fatima Hospital
cc:db6a8310-386c-410f-a161-fc58360fc84f,HENRY J. CARTER SPECIALTY HOSPITAL,Henry J. Carter Specialty Hospital
cc:db91f5bf-617f-45ad-bce7-23f193d44306,ASCENSION SAINT JOSEPH - CHICAGO,Ascension Saint Joseph - Chicago
cc:db9cdaf2-e5e6-48e6-ae20-44c872537c14,AURORA MEDICAL CENTER SUMMIT,Aurora Medical Center Summit
cc:db9e9223-082a-4bf1-81eb-492117e66058,FAIRVIEW REGIONAL MEDICAL CENTER,Fairview Regional Medical Center
cc:dba4c57b-ab2c-4316-b770-b0bd4dc93c58,MERCY HEALTH - LORAIN HOSPITAL,Mercy Health - Lorain Hospital
cc:dba6efea-14ee-47c7-8947-0620a8b2b1ea,BAYSTATE WING HOSPITAL,Baystate Wing Hospital
cc:dbc1c7ae-02be-40e4-a057-58ceb2e8c4e2,KINDRED HOSPITAL NEW JERSEY - RAHWAY,Kindred Hospital New Jersey - Rahway
cc:dbcd0ad0-8a76-4675-9d8c-5cd5eb051346,WILLIAM BEE RIRIE HOSPITAL,William BEE Ririe Hospital
cc:dbd637d7-6a69-4413-8eee-044d8388ad3e,STONE COUNTY MEDICAL CENTER,Stone County Medical Center
cc:dbdc6109-8256-4041-8ef9-044e31328b5c,CAMBRIDGE MEDICAL CENTER,Cambridge Medical Center
cc:dbdf2205-1bc0-45c0-9916-07f0655978dd,SUMMERLIN HOSPITAL MEDICAL CENTER,Summerlin Hospital Medical Center
cc:dbe03894-9a91-4f28-9d11-463cd168d9a3,BARAGA COUNTY MEMORIAL HOSPITAL,Baraga County Memorial Hospital
cc:dbe29c46-db85-4669-bb23-f21d4bfbfbcd,LAGUNA HONDA HOSPITAL AND REHABILITATION CENTER,Laguna Honda Hospital and Rehabilitation Center
cc:dbe4668c-8df1-4c60-a494-ed3662bfd0c2,ARKANSAS CHILDREN'S HOSPITAL,Arkansas Children's Hospital
cc:dc054784-ed2f-4d4b-abc5-c95920d4a8d5,HOLLAND HOSPITAL MAIN CAMPUS,Holland Hospital Main Campus
cc:dc136235-5c0d-4a68-8e68-1a0554611605,KAISER PERMANENTE SAN JOSE MEDICAL CENTER,Kaiser Permanente San Jose Medical Center
cc:dc1f8c3d-89c8-4806-a54f-b2cad2f5dbf1,INTEGRIS HEALTH WOODWARD HOSPITAL,Integris Health Woodward Hospital
cc:dc379631-f3ee-467c-ad9d-35bf44dd0add,JACKSON NORTH MEDICAL CENTER,Jackson North Medical Center
cc:dc3900c8-0193-45a4-a7ea-3a14d6761f2f,SIGNATURE HEALTHCARE BROCKTON HOSPITAL,Signature Healthcare Brockton Hospital
cc:dc672a03-f28f-45cc-b6f4-197bad97de40,ENCOMPASS HEALTH REHABILITATION HOSPITAL OF BRAINTREE AT FRAMINGHAM,Encompass Health Rehabilitation Hospital of Braintree at Framingham
cc:dc6a427f-a48a-4e1f-b4ea-a6742d79126d,ALLINA HEALTH UNITED HOSPITAL - HASTINGS REGINA CAMPUS,Allina Health United Hospital - Hastings Regina Campus
cc:dc6f9bff-f271-4fa9-adf3-d2b4665a576e,HCA FL BREAKFAST POINT ER,HCA Fl Breakfast Point ER
cc:dc73771b-3338-4bd0-b199-7ce0fd5227cf,ST VERONICA	BEHAVIORAL HEALTH HOSPITAL,St. Veronica Behavioral Health Hospital
cc:dc77bb1c-d5f1-4456-a259-e11583fb41e0,KINDRED HOSPITAL INDIANAPOLIS,Kindred Hospital Indianapolis
cc:dc90c1eb-92ef-44bc-9eae-dc68c763dcd3,RIVERSIDE REHABILITATION HOSPITAL,Riverside Rehabilitation Hospital
cc:dc9a42a0-2a3c-40f1-af55-def2651c9f8b,ASCENSION SETON MEDICAL CENTER HAYS,Ascension Seton Medical Center Hays
cc:dca22464-10ce-4f6c-8ca1-c7e038760bbf,ATOKA COUNTY MEDICAL CENTER,Atoka County Medical Center
cc:dca38c54-d78e-4520-92e0-c13d1656a286,OSF SAINT CLARE MEDICAL CENTER,OSF Saint Clare Medical Center
cc:dcac70a7-59f3-4178-8cd0-315eaf8f8d32,MAIMONIDES MIDWOOD COMMUNITY HOSPITAL,Maimonides Midwood Community Hospital
cc:dcb26f3a-d6af-4be2-9b87-535103377c33,LITTLE COLORADO MEDICAL CENTER,Little Colorado Medical Center
cc:dcc3d1b2-73f6-4d99-b298-612be895095a,HARRISON COUNTY COMMUNITY HOSPITAL,Harrison County Community Hospital
cc:dcc747fd-035f-4151-8e76-42b3267f4775,BOX BUTTE GENERAL HOSPITAL,Box Butte General Hospital
cc:dcd0307e-1d87-4553-9702-6ff4a4a21f38,METHODIST MEDICAL CENTER OF OAK RIDGE,Methodist Medical Center of Oak Ridge
cc:dce8e021-9c87-48fa-89ba-3a4f7d7c2b80,CHILDREN'S SPECIALTY HOSPITAL AT LIFESCAPE,Children's Specialty Hospital at Lifescape
cc:dcf2c065-30f7-40a5-9940-426caf941faf,TUFTS MEDICAL CENTER,Tufts Medical Center
cc:dcf80708-412c-425e-b173-25f277afe0c0,CAMC PLATEAU MEDICAL CENTER,CAMC Plateau Medical Center
cc:dcf9106d-d47a-4086-a2b8-895e0231f9d1,REGIONAL MEDICAL CENTER ANNISTON,Regional Medical Center Anniston
cc:dcfd0810-9a6d-400b-a23f-961ec1da48be,SUTTER DELTA MEDICAL CENTER,Sutter Delta Medical Center
cc:dd0679f3-a223-4ca6-bf50-0664eb0e890d,INTERMOUNTAIN HEALTH ST. GEORGE REGIONAL HOSPITAL,Intermountain Health St. George Regional Hospital
cc:dd06e7cd-dfab-4544-b695-2706f1cd6617,GOTTLEB MEMORIAL HOSPITAL,Gottleb Memorial Hospital
cc:dd0847c7-d525-4424-a5cf-7d48b511dc25,PAM HEALTH WARM SPRINGS REHABILITATION HOSPITAL OF WESTOVER HILLS,PAM Health Warm Springs Rehabilitation Hospital of Westover Hills
cc:dd089bd9-3617-46f0-8502-ceb91097249f,INTERMOUNTAIN HEALTH FILLMORE COMMUNITY HOSPITAL,Intermountain Health Fillmore Community Hospital
cc:dd114279-3285-4f64-97d3-dc5dc9957bef,PAM REHABILITATION HOSPITAL OF ALLEN,PAM Rehabilitation Hospital of Allen
cc:dd116aff-004b-4639-92ee-fcc8534efca2,WILLIS-KNIGHTON SOUTH & CENTER FOR WOMEN'S HEALTH,Willis-Knighton South & Center for Women's Health
cc:dd2b727e-f915-47cf-836e-d36e4eb5363f,ASCENSION ALL SAINTS HOSPITAL SPRING STREET CAMPUS,Ascension All Saints Hospital Spring Street Campus
cc:dd334a36-fc4d-40ad-ac40-c6f21076d4a1,"SEA PINES REHABILITATION HOSPITAL, AN AFFILIATE OF ENCOMPASS HEALTH","Sea Pines Rehabilitation Hospital, An Affiliate of Encompass Health"
cc:dd409ae5-4dc8-459b-b2d6-a2f6dc893ab8,RANKIN HOSPITAL MEDICAL CLINIC,Rankin Hospital Medical Clinic
cc:dd4148c4-f6c5-4320-b8ea-57d173ea0204,BOONE HOSPITAL CENTER,Boone Hospital Center
cc:dd4e3038-cb61-4272-9729-71165651e89d,UCHEALTH BROOMFIELD HOSPITAL,UCHealth Broomfield Hospital
cc:dd520e86-1fa3-4f42-9579-1dc659604ef7,FULTON COUNTY HEALTH CENTER,Fulton County Health Center
cc:dd555b1a-e5aa-4481-8ad5-ec8a846adc28,PARKVIEW WABASH HOSPITAL,Parkview Wabash Hospital
cc:dd659b5f-fcd4-417d-a60e-9f933a9ea54e,ECU HEALTH BERTIE HOSPITAL,ECU Health Bertie Hospital
cc:dd68f1c0-8759-47a9-a20d-705b4a1be7ad,OVERLOOK MEDICAL CENTER,Overlook Medical Center
cc:dd725112-e62f-4bf4-97e6-821104e7569d,LA DOWNTOWN MEDICAL CENTER,La Downtown Medical Center
cc:dd7a94bc-7abf-4c0f-8380-209cf54472ae,MEMORIAL HERMANN TEXAS MEDICAL CENTER,Memorial Hermann Texas Medical Center
cc:dd89366c-f933-4dd2-98a9-0af40876b9f9,JACOBI MEDICAL CENTER,Jacobi Medical Center
cc:dd8f26da-57e2-410e-afea-ada12a9a9848,FRED HUTCHINSON CANCER CENTER,Fred Hutchinson Cancer Center
cc:ddb5a4df-4ec7-4d82-9971-8f63a36b9fa3,UM HEALTH-SPARROW IONIA HOSPITAL,UM Health-Sparrow Ionia Hospital
cc:ddd6d763-bcfc-41af-8a82-b4683a9fcdb6,MOUNT SINAI MORNINGSIDE,Mount Sinai Morningside
cc:dde146f0-c446-4992-ac5f-ef8b0d7d75e4,JEFFERSON REGIONAL SPECIALTY HOSPITAL,Jefferson Regional Specialty Hospital
cc:ddf4c3fb-7762-4c2e-ac78-f7d16d61ca7a,VANTAGE POINT OF NORTHWEST ARKANSAS,Vantage Point of Northwest Arkansas
cc:de13a4dd-bf9f-40da-99f8-8167cafc9913,MEMORIAL HOSPITAL OF TEXAS COUNTY AUTHORITY,Memorial Hospital of Texas County Authority
cc:de20b6f3-a8ca-42e3-88a2-459665ad3d64,MERCY HOSPITAL HEALDTON,Mercy Hospital Healdton
cc:de28a0da-ffbf-4df0-8f6c-a4542269b562,SHEPPARD PRATT TOWSON CAMPUS,Sheppard Pratt Towson Campus
cc:de2c7f39-a829-477b-8a69-0b9fbfd2c627,UMMC GREENWOOD,UMMC Greenwood
cc:de2d23fa-b47d-4788-8187-40b247917d26,MEDSTAR HARBOR HOSPITAL,MedStar Harbor Hospital
cc:de310f5a-e03c-4222-ab20-dd6162f5c94f,INTEGRIS HEALTH ENID HOSPITAL,Integris Health Enid Hospital
cc:de48a978-2108-4f60-b0ac-7a234aa76446,NEXUS SPECIALTY HOSPITAL - SHENANDOAH,Nexus Specialty Hospital - Shenandoah
cc:de495a94-2714-4101-8b59-5b82c234e843,ROOSEVELT MEDICAL CENTER,Roosevelt Medical Center
cc:de4e3ec5-7b76-4dc7-9ee1-03dcca6705cb,TRINITY HEALTH LIVONIA HOSPITAL,Trinity Health Livonia Hospital
cc:de538c1d-890e-4bb8-a4f8-c18e14add4d2,COXHEALTH MEYER ORTHOPEDIC & REHABILITATION HOSPITAL,Coxhealth Meyer Orthopedic & Rehabilitation Hospital
cc:de54e6b6-56c5-434f-b599-f1ee7ba8f292,ALTA BATES SUMMIT MED CTR-HERRICK CAMPUS,Alta Bates Summit Medical Center-Herrick Campus
cc:de557b22-511a-4555-96d2-1ff7b15cf121,PATIENTS ER & HOSPITAL,Patients ER & Hospital
cc:de573148-91c7-483f-92ff-457dca73af3c,CARILION ROANOKE MEMORIAL HOSPITAL,Carilion Roanoke Memorial Hospital
cc:de5a3193-46bb-4278-bcc1-14baa6e96bf2,CLEVELAND CLINIC REHABILITATION HOSPITAL AVON,Cleveland Clinic Rehabilitation Hospital Avon
cc:de5eaea1-a6f0-4807-97b5-2e05011fb99b,BEHAVIORAL CENTER OF MICHIGAN,Behavioral Center of Michigan
cc:de6f0481-449b-41a7-8aca-aac31f5405fc,TOWNER COUNTY MEDICAL CENTER,Towner County Medical Center
cc:de89ef8f-1120-4563-bce9-7eaa1129f6de,PROVIDENCE MISSION HOSPITAL MISSION VIEJO,Providence Mission Hospital Mission Viejo
cc:de9e1992-b1f0-49b3-8a93-65187ac61754,ESSENTIA HEALTH DEER RIVER,Essentia Health Deer River
cc:deab2612-d7cb-4d81-9691-b98c8feddd1b,MASSACHUSETTS GENERAL HOSPITAL,Massachusetts General Hospital
cc:debb6acb-cded-494c-acbe-f89802a21b34,SIOUX FALLS SPECIALTY HOSPITAL,Sioux Falls Specialty Hospital
cc:ded0dcb9-0e73-4f29-8a24-781af6b2d7ae,INTEGRIS HEALTH COMMUNITY HOSPITAL IN MOORE,Integris Health Community Hospital in Moore
cc:ded5d86b-d953-4bac-94f7-e52fe6872b37,WAYNE COUNTY HOSPITAL,Wayne County Hospital
cc:dee21d86-697a-4d97-937e-62d659557bb0,ESSENTIA HEALTH NORTHERN PINES,Essentia Health Northern Pines
cc:dee92380-68e4-479f-83dc-8b3c225c5d04,WINNER REGIONAL HEALTHCARE CENTER,Winner Regional Healthcare Center
cc:def45f7a-c5fd-4c13-aab9-9703630f4316,OUR CHILDRENS HOUSE,Our Childrens House
cc:df03cc73-836a-485b-8fac-c7fe2cbb0892,HCA FLORIDA OSCEOLA HOSPITAL,HCA Florida Osceola Hospital
cc:df0aeb0d-18a1-4c32-ab1b-4e1a22b0f311,PORT ST LUCIE HOSPITAL,Port St. Lucie Hospital
cc:df0c6cee-3197-4e16-bc39-689b16c1d128,NANTUCKET COTTAGE HOSPITAL,Nantucket Cottage Hospital
cc:df20a4ce-8e47-4d33-84b1-f715bde840d3,ADVENTHEALTH FOR CHILDREN,AdventHealth for Children
cc:df256658-c9a7-4ea4-ac16-98ee3215c959,MEMORIAL HOSPITAL OF CARBON COUNTY,Memorial Hospital of Carbon County
cc:df30018a-7a0a-43a6-8fdb-1348abe16bd2,GARDEN COUNTY HEALTH SERVICES,Garden County Health Services
cc:df303625-0000-4011-85bc-99116ef0f71a,CLEARSKY REHABILITATION HOSPITAL OF FLOWER MOUND,Clearsky Rehabilitation Hospital of Flower Mound
cc:df334616-f6e7-4be6-8059-c87f97c77d9a,PERIMETER BEHAVIORAL HOSPITAL OF DALLAS,Perimeter Behavioral Hospital of Dallas
cc:df3b0e63-c585-4263-9068-0f3537891005,SOUTH PENINSULA HOSPITAL,South Peninsula Hospital
cc:df3e1b84-ad62-4c38-a64e-b46a8dcda85d,HALIFAX HEALTH CHILD & ADOLESCENT BEHAVIORAL SERVICES,Halifax Health Child & Adolescent Behavioral Services
cc:df40e0a0-c82e-4dec-b866-d33fa27f8dda,UCSF MEDICAL CENTER AT MOUNT ZION,UCSF Medical Center at Mount Zion
cc:df4290c0-8374-44b2-9444-e8b717138fc4,ASPIRUS WISCONSIN RAPIDS HOSPITAL,Aspirus Wisconsin Rapids Hospital
cc:df45126a-0483-4c5a-a06d-0cab8f43a19a,MID COAST MEDICAL CENTER CROCKETT,Mid Coast Medical Center Crockett
cc:df55658c-3251-4d81-b51c-148e107dd191,AHN MCCANDLESS NEIGHBORHOOD HOSPITAL,AHN McCandless Neighborhood Hospital
cc:df559768-ddd7-4920-a4d7-97e90a303a02,COREWELL HEALTH GRAND RAPIDS HOSPITALS BLODGETT HOSPITAL,Corewell Health Grand Rapids Hospitals Blodgett Hospital
cc:df5a4d4f-0433-4419-9e6f-a7fc4eb0532e,KAISER PERMANENTE DOWNEY MEDICAL CENTER,Kaiser Permanente Downey Medical Center
cc:df6857c5-4508-46d9-a782-34d89b6452c5,LARKIN COMMUNITY HOSPITAL PALM SPRINGS CAMPUS,Larkin Community Hospital Palm Springs Campus
cc:df6f817d-fbf8-4a94-b8ce-5c3b8449db53,CHI HEALTH IMMANUEL,CHI Health Immanuel
cc:df71bbcf-8122-45b5-b7b1-1873be21fa38,WASHINGTON REGIONAL MEDICAL CENTER,Washington Regional Medical Center
cc:df7c668f-ae47-4c3c-a5e6-e0ccf88ff34c,INTERMOUNTAIN HEALTH SPANISH FORK HOSPITAL,Intermountain Health Spanish Fork Hospital
cc:df95bccb-0421-405f-b381-6d36995d6c78,RAMAPO RIDGE BEHAVIORAL HEALTH,Ramapo Ridge Behavioral Health
cc:df977207-d55b-413e-b7d4-928f595724a3,MULTICARE AUBURN MEDICAL CENTER,MultiCare Auburn Medical Center
cc:df9eeebc-19e1-4670-a9b9-6511f9c8a346,DUNES SURGICAL HOSPITAL,Dunes Surgical Hospital
cc:dfb2cd42-0066-4ef9-8e39-3c6fc79e4c32,NORTHWEST SURGICAL HOSPITAL,Northwest Surgical Hospital
cc:dfb6ffa9-4937-4356-b101-faf7c9d43cf4,ABBEVILLE AREA MEDICAL CENTER,Abbeville Area Medical Center
cc:dfc46bf5-e7d7-40c1-b7fa-cc1fb652f082,TAYLOR REGIONAL HOSPITAL,Taylor Regional Hospital
cc:dfc6c305-f994-4b76-8988-7ae3dd700f12,MEMORIAL HEALTH DWAINE AND CYNTHIA WILLETT CHILDREN'S HOSPITAL OF SAVANNAH,Memorial Health Dwaine and Cynthia Willett Children's Hospital of Savannah
cc:dfc8a945-0176-4a98-8001-f1882457c688,SELECT SPECIALTY HOSPITAL - TRI-CITIES,Select Specialty Hospital - Tri-Cities
cc:dfc8afe6-e9f4-49c8-8cbc-b172a033a165,SUTTER MILLS HEALTH CENTER,Sutter Mills Health Center
cc:dfccd03b-358d-418b-ad5e-f8af64f48fb1,UVALDE MEMORIAL HOSPITAL,Uvalde Memorial Hospital
cc:dfcefd7f-9433-416e-acf7-b686b9afbdfb,HOT SPRINGS HEALTH THERMOPOLIS,Hot Springs Health Thermopolis
cc:dfd2be3d-bcd4-4761-add1-204e35fe1004,ST. MARY'S HOSPITAL,St. Mary's Hospital
cc:dfd50c22-a703-43d4-b14b-5d62ba27ad29,MESA SPRINGS,Mesa Springs
cc:dfd56056-4e9f-4558-bc93-fee83f056fb1,NORTHERN LIGHT ACADIA HOSPITAL,Northern Light Acadia Hospital
cc:dfd5a6f6-6940-45ae-9a5f-61f38b85f3bf,CHERRY COUNTY HOSPITAL,Cherry County Hospital
cc:dfd9367e-35db-428c-b9db-38f478b7e0d4,SUMMITRIDGE HOSPITAL BEHAVIORAL HEALTH SERVICES,Summitridge Hospital Behavioral Health Services
cc:dfd945e9-0392-4348-af45-ebf8e61aa7dd,SELECT SPECIALTY HOSPITAL - GROSSE POINTE,Select Specialty Hospital - Grosse Pointe
cc:dfef00c7-2422-4d4a-ad60-2ce3ff90a0fe,ARKANSAS EXTENDED CARE HOSPITAL HOT SPRINGS,Arkansas Extended Care Hospital Hot Springs
cc:dfef0d6a-92be-43e3-8292-cd0ab993cb84,CARLE RICHLAND MEMORIAL HOSPITAL,Carle Richland Memorial Hospital
cc:dff8d1cc-40c9-4178-b0b0-2f0d87b0368f,SCRIPPS MERCY HOSPITAL,Scripps Mercy Hospital
cc:e003d5df-3be6-4d5e-b00c-90489416dd2c,COBRE VALLEY REGIONAL MEDICAL CENTER,Cobre Valley Regional Medical Center
cc:e005d4d8-8584-4f1e-b32e-f4b9fa3ff447,SAINT MARY OF NAZARETH HOSPITAL,Saint Mary of Nazareth Hospital
cc:e0148ad8-67a4-4213-88b6-4266300f86c1,MEDICAL CITY DENTON,Medical City Denton
cc:e01a4aba-93aa-4a1a-9ca8-3667e618ce71,HAZEL HAWKINS MEMORIAL HOSPITAL D/P SNF,Hazel Hawkins Memorial Hospital D/P Snf
cc:e021e887-6f86-40bb-8e44-752c72f76b1c,PIEDMONT GERIATRIC HOSPITAL,Piedmont Geriatric Hospital
cc:e02c4680-e137-4080-8d1b-c663315f0d88,WESLEY REHABILITATION CENTER,Wesley Rehabilitation Center
cc:e02ff30c-59ce-460c-90a4-135e98627499,MISSOURI DELTA MEDICAL CENTER,Missouri Delta Medical Center
cc:e0339fdf-0739-49c5-9fea-97c015bb4690,WARD MEMORIAL HOSPITAL,Ward Memorial Hospital
cc:e04fa7c2-5f80-4e38-89c3-010de4b543ed,UT HEALTH PITTSBURG,UT Health Pittsburg
cc:e04fbeaf-08be-41bd-ade7-341214af0331,KINDRED HOSPITAL - PHILADELPHIA,Kindred Hospital - Philadelphia
cc:e0689c46-93ba-40e9-b881-33e02a31f332,KEEFE MEMORIAL HOSPITAL,Keefe Memorial Hospital
cc:e06e4361-e2c7-47db-8766-33a570cfe578,BAYLOR SCOTT & WHITE INSTITUTE FOR REHABILITATION LAKEWAY,Baylor Scott & White Institute for Rehabilitation Lakeway
cc:e07c3906-f7d6-49ec-b5e7-14f819b9bc8f,CONNALLY MEMORIAL HEALTH CENTERS - LA VERNIA CAMPUS,Connally Memorial Health Centers - La Vernia Campus
cc:e07e8234-ad41-4155-b325-cad922943170,CARILION FRANKLIN MEMORIAL HOSPITAL,Carilion Franklin Memorial Hospital
cc:e08009e7-be0a-4352-a928-8f13276e5e18,UCHEALTH SURGICAL CENTER,UCHealth Surgical Center
cc:e0872002-cc9b-4862-9706-2655cfdd9eb9,UNITYPOINT HEALTH ALLEN HOSPITAL,UnityPoint Health Allen Hospital
cc:e09cb3a2-19a6-495b-9c88-046780ce876b,METHODIST LE BONHEUR GERMANTOWN HOSPITAL,Methodist Le Bonheur Germantown Hospital
cc:e0aafb57-c026-4b21-82ef-393aa250007a,BOSTON CHILDREN'S HOSPITAL BROOKLINE,Boston Children's Hospital Brookline
cc:e0ab91b0-fcae-4b7b-9170-4454e7316661,CEDAR CREEK HOSPITAL,Cedar Creek Hospital
cc:e0b4f6f7-7457-451c-92ac-c024bbf8aefc,AUGUSTA HEALTH-MAIN CAMPUS,Augusta Health-Main Campus
cc:e0bc6248-9636-41a3-8083-894828b1cb0b,DEL SOL MEDICAL CENTER,Del Sol Medical Center
cc:e0cc775a-8323-4542-8f27-e51cb4f740e8,WEST CHASE HOUSTON HOSPITAL,West Chase Houston Hospital
cc:e0df2707-3057-4a2d-ba37-8a0d10a1b793,NASSAU UNIVERSITY MEDICAL CENTER,Nassau University Medical Center
cc:e0e1099e-a1af-43ff-b24f-a6c86caefcfb,CURRY GENERAL HOSPITAL,Curry General Hospital
cc:e0e1a370-5f91-46f0-bcc6-d40992fda8dc,TEXAS HEALTH STEPHENVILLE,Texas Health Stephenville
cc:e0fffabc-dd5a-41e6-90d6-2a180aa33884,ST. DAVID'S SURGICAL HOSPITAL,St. David's Surgical Hospital
cc:e105cb0e-6967-4fdb-8482-9df57f38c93b,BELLEFONTE HOSPITAL & RECOVERY CENTER,Bellefonte Hospital & Recovery Center
cc:e1135618-7af8-4bd3-abb1-864139efc7b4,ENCOMPASS HEALTH REHABILITATION HOSPITAL OF MEMPHIS,Encompass Health Rehabilitation Hospital of Memphis
cc:e13077e3-5906-4cb7-942f-309c1a1f28fd,MADERA COMMUNITY HOSPITAL,Madera Community Hospital
cc:e13bcc50-2208-4f79-8469-15d59b8d0ead,PENN MEDICINE PRINCETON MEDICAL CENTER,Penn Medicine Princeton Medical Center
cc:e151b90f-6115-4f8b-83b6-7da2e42b95fe,HCA FLORIDA GADSDEN EMERGENCY,HCA Florida Gadsden Emergency
cc:e15f671b-3f97-4441-ab4a-215b36bede8c,SOUTH SHORE UNIVERSITY HOSPITAL,South Shore University Hospital
cc:e178db64-49a9-41d4-918c-090cdff77bbb,SUTTER AMADOR HOSPITAL,Sutter Amador Hospital
cc:e17d6162-0264-45cb-9fcc-1b81d562f11c,ENCOMPASS HEALTH VALLEY OF THE SUN REHABILITATION HOSPITAL,Encompass Health Valley of the Sun Rehabilitation Hospital
cc:e17e2b22-915e-4fad-a70f-48608054e471,TUG VALLEY ARH REGIONAL MEDICAL CENTER,Tug Valley ARH Regional Medical Center
cc:e18db454-b3e7-4b57-99d9-a3fdd363f8fc,PROVIDENCE REGIONAL MEDICAL CENTER PACIFIC CAMPUS,Providence Regional Medical Center Pacific Campus
cc:e18e9d52-1d33-46e8-ad4d-246bbe7ac76d,QUITMAN COMMUNTIY HOSPITAL,Quitman Communtiy Hospital
cc:e19580a5-6265-4d5c-b289-f86edc245e4b,WILLOW SPRINGS CENTER,Willow Springs Center
cc:e1981aac-5ed5-4055-921f-167da1cee3c6,BEHAVIORAL HEALTH CENTER AT PORTER HEALTH VILLAGE,Behavioral Health Center at Porter Health Village
cc:e19d6051-8194-4aae-ba69-c34b7356edac,STURDY MEMORIAL HOSPITAL,Sturdy Memorial Hospital
cc:e19d6468-529f-4f42-8bde-87220793e88f,JACKSON GENERAL HOSPITAL,Jackson General Hospital
cc:e1a0b48e-3078-40b5-bbb8-34a5bce56d33,PALMETTO GENERAL HOSPITAL,Palmetto General Hospital
cc:e1a1dc46-17a2-4f1b-99fb-7e4c0f525d5d,JOHNSON MEMORIAL HOSPITAL,Johnson Memorial Hospital
cc:e1ac6a13-20c5-453a-bc89-916079b011c5,BILLINGS CLINIC,Billings Clinic
cc:e1adbab2-89d8-4af1-b937-4a4f945f8185,HENRY FORD PROVIDENCE NOVI HOSPITAL,Henry Ford Providence Novi Hospital
cc:e1ae988a-a3a2-4772-bdf4-70247038f39a,EMORY HOSPITAL WARNER ROBINS,Emory Hospital Warner Robins
cc:e1aedcf0-c1d5-4c4e-bcab-a24735205c1c,BAYAMON MEDICAL CENTER,Bayamon Medical Center
cc:e1aef3d6-3754-4de3-8883-4508391eb392,UNIVERSAL BEHAVIORAL HEALTH HOSPITAL,Universal Behavioral Health Hospital
cc:e1c33219-ce89-432c-9163-42ae6a45b8e7,COMMUNITY HOSPITAL OF HUNTINGTON PARK,Community Hospital of Huntington Park
cc:e1c7fc9a-a7c4-4527-8c30-270f62dff263,NORTH RUNNELS HOSPITAL,North Runnels Hospital
cc:e1c987dc-8f75-4ff2-ad63-eaf970fb28c1,VIRTUA MARLTON HOSPITAL,Virtua Marlton Hospital
cc:e1d0fcb8-a256-43dc-8857-4daeb27150d6,MEDSTAR HEALTH PHYSICAL THERAPY AT BEL AIR ATHLETIC CLUB,MedStar Health Physical Therapy at Bel Air Athletic Club
cc:e1d722a9-6fca-425c-bfd6-ea2a20379a27,CAROLINAS REHABILITATION CHARLOTTE,Carolinas Rehabilitation Charlotte
cc:e1db8e6c-a6ce-4b56-8c1c-294788bdaca0,METHODIST HOSPITALS SOUTHLAKE,Methodist Hospitals Southlake
cc:e1e04615-e01a-4b5f-87e2-f6c2714708eb,ADVENTHEALTH DADE CITY,AdventHealth Dade City
cc:e1e1b905-ad0d-44b4-9939-e68e9f726ffe,NORTON HEALTHCARE PAVILION,Norton Healthcare Pavilion
cc:e1e20e85-6fc0-4936-a7bc-cf6e3fc66f60,THE EMILY PROGRAM DURHAM,The Emily Program Durham
cc:e1e6a608-0b00-4e99-b8fd-f26edee7c1d3,UNIVERSITY OF KENTUCKY ALBERT B. CHANDLER HOSPITAL,University of Kentucky Albert B. Chandler Hospital
cc:e1ec2cf7-3a01-43dd-be48-200f5e16ba41,FRICK HOSPITAL,Frick Hospital
cc:e20cd724-faa5-452e-a49f-84fb3dbeec02,COMPASS HEALTH ROYAL OAKS HOSPITAL,Compass Health Royal Oaks Hospital
cc:e20f0709-3ba8-4b41-b888-9e03fb2cc73b,SCRIPPS MEMORIAL HOSPITAL ENCINITAS,Scripps Memorial Hospital Encinitas
cc:e21a8875-606c-46a0-8764-44e9f9f7dca0,M HEALTH FAIRVIEW NORTHLAND MEDICAL CENTER,M Health Fairview Northland Medical Center
cc:e220a3b0-f7e8-49c4-87a4-201b6f1de873,DEACONESS ILLINOIS UNION COUNTY,Deaconess Illinois Union County
cc:e2476a35-6d82-46c0-b0d6-9c0b622f483d,ST JOSEPH'S HOSPITAL SOUTH,St. Joseph's Hospital South
cc:e2662017-2c80-4714-a6fa-61bc47f7f5e4,SURGICAL HOSPITAL OF OKLAHOMA,Surgical Hospital of Oklahoma
cc:e27254f9-2b59-4de5-8858-946b7f92b2b2,CHRISTUS MOTHER FRANCES HOSPITAL - TYLER,CHRISTUS Mother Frances Hospital - Tyler
cc:e282feef-2526-41d1-94bf-e03fd2b36edd,BRONSON BEHAVIORAL HEALTH HOSPITAL			CALHOUN,Bronson Behavioral Health Hospital Calhoun
cc:e28b1a4f-801d-4e41-bb79-3abe1b6a4948,ARNOT OGDEN MEDICAL CENTER,Arnot Ogden Medical Center
cc:e299da31-2aac-4855-b5b1-f10764d83a05,ADVENTHEALTH DURAND,AdventHealth Durand
cc:e2a39844-ae73-4f36-a4a3-dab207d8cdf9,MONTEFIORE HOSPITAL (MOSES CAMPUS),Montefiore Hospital (Moses Campus)
cc:e2b1c14f-da82-4022-ba2a-47664a5f87b8,GULF COAST MEDICAL CENTER,Gulf Coast Medical Center
cc:e2b3ff67-dac1-4e03-92ad-c3e08a03a15c,CLAY COUNTY MEMORIAL HOSPITAL,Clay County Memorial Hospital
cc:e2c0388b-aba4-4db8-99a3-0982bf654482,BEACON BEHAVIORAL HOSPITAL NEW ORLEANS,Beacon Behavioral Hospital New Orleans
cc:e2c9577c-65e5-4c67-a0f2-636e15d76b9a,FLUSHING HOSPITAL MEDICAL CENTER,Flushing Hospital Medical Center
cc:e2cbcf4c-f99a-4e2b-99d5-702939d5cfee,MUSC HEALTH UNIVERSITY MEDICAL CENTER,MUSC Health University Medical Center
cc:e2cc6f78-ac56-4ac4-91a1-a71afca006d4,LAKE REGION HEALTHCARE ELBOW LAKE HOSPITAL,Lake Region Healthcare Elbow Lake Hospital
cc:e2d5e02a-dd28-4549-bcc1-0edda72db43f,MERCY MEDICAL CENTER,Mercy Medical Center
cc:e2e19e2c-cb61-4e94-8aa2-8390adf62ba8,FORT SANDERS REGIONAL MEDICAL CENTER,Fort Sanders Regional Medical Center
cc:e2e82ba5-7adb-4534-b2c6-7ff328e11b86,HOSPITAL METROPOLITANO DR. PILA,Hospital Metropolitano Dr. Pila
cc:e2e97958-bfba-463e-aa4e-4eaf8cb5c33d,UNC HEALTH SOUTHEASTERN,UNC Health Southeastern
cc:e2fa4e24-5925-489a-8511-051321532ade,CARROLLTON REGIONAL MEDICAL CENTER,Carrollton Regional Medical Center
cc:e2fbfc21-3941-4f88-90b0-5ccec4bc6db5,MERCY FITZGERALD HOSPITAL,Mercy Fitzgerald Hospital
cc:e2fd3aa5-ed22-4745-b2f7-b2046d125c01,DOCTORS HOSPITAL OF LAREDO,Doctors Hospital of Laredo
cc:e310fe25-85ca-480d-bd97-dfb4dca497b0,PRATTVILLE BAPTIST HOSPITAL,Prattville Baptist Hospital
cc:e316c09f-1d68-4050-8d8d-cfa5819696b9,STANTON COUNTY HOSPITAL,Stanton County Hospital
cc:e319a162-759b-4936-a11f-da90225ba46f,COVENANT HEALTH EMERGENCY CENTER - MILWAUKEE AVE,Covenant Health Emergency Center - Milwaukee Ave
cc:e3219732-81d8-4c84-a3b5-8a3f6faeb20c,TYLER COUNTY HOSPITAL,Tyler County Hospital
cc:e32ff614-948a-4a3e-b84b-c6e5806ab819,LINCOLN COUNTY HOSPITAL,Lincoln County Hospital
cc:e33577ed-8365-4699-851d-11901eb4410b,RUTHERFORD REGIONAL HEALTH SYSTEM,Rutherford Regional Health System
cc:e33d878f-a52d-43ac-9ea5-6ab22fd3a393,ADVENTHEALTH FISH MEMORIAL,AdventHealth Fish Memorial
cc:e343c3b1-fa50-4642-bc75-448e5548155b,OCEAN BEACH HOSPITAL,Ocean Beach Hospital
cc:e350f821-08aa-4d54-80fa-009cfdebd465,RUSSELL REGIONAL HOSPITAL,Russell Regional Hospital
cc:e356f157-ae69-4843-ac9d-783e22c1e8e3,LAKE CHARLES MEMORIAL HOSPITAL,Lake Charles Memorial Hospital
cc:e357bf56-8758-4123-9fee-dea625b69c5e,HEARTLAND BEHAVIORAL HEALTH SERVICES,Heartland Behavioral Health Services
cc:e35fb942-4d51-4437-b9f0-66bb811904a7,PIEDMONT BEHAVIORAL HEALTH AT MACON,Piedmont Behavioral Health at Macon
cc:e3678553-0da2-4919-9b3d-cbfdd5cb0abe,AURORA ST LUKES MEDICAL CENTER,Aurora St. Lukes Medical Center
cc:e3734cc1-a3f0-4f8c-92a3-8b7161505c9f,OPELOUSAS GENERAL MAIN CAMPUS,Opelousas General Main Campus
cc:e38c05fc-18cc-4433-b9b2-f5aad9c5ee86,CHI MEMORIAL HOSPITAL CHATTANOOGA,CHI Memorial Hospital Chattanooga
cc:e393243f-b8bc-4826-93a1-4eaa982375e2,PEACEHEALTH PEACE ISLAND MEDICAL CENTER,Peacehealth Peace Island Medical Center
cc:e393720d-95e7-4f5e-99c0-47d302a97217,HURLEY MEDICAL CENTER MAIN CAMPUS,Hurley Medical Center Main Campus
cc:e3ae06d8-4aa5-4843-ae86-164f41881217,ASCENSION ST. VINCENT PLAINFIELD,Ascension St. Vincent Plainfield
cc:e3c256b1-f17c-4454-be70-9c66325824ee,CONCORD HOSPITAL FRANKLIN,Concord Hospital Franklin
cc:e3c60654-eb9d-4a03-aa4c-ccae73aff977,ASPEN HILLS HEALTHCARE CENTER,Aspen Hills Healthcare Center
cc:e3d83fcf-2406-40cd-b010-818a44c0e7a1,UH PARMA MEDICAL CENTER,UH Parma Medical Center
cc:e3df34f7-245b-4aa2-a77e-93597cc44cc9,PROVIDENCE ST PATRICK HOSPITAL,Providence St. Patrick Hospital
cc:e3e91592-a7c3-499d-a7ea-6900cf1fe50a,TAMARACK HEALTH ASHLAND MEDICAL CENTER,Tamarack Health Ashland Medical Center
cc:e3f64148-f99c-42d5-9943-9088e3747e27,GUAM MEMORIAL HOSPITAL AUTHORITY,Guam Memorial Hospital Authority
cc:e40c9bb6-6606-4014-aef3-67e42254598d,COLUMBUS COMMUNITY HOSPITAL,Columbus Community Hospital
cc:e40f6245-8fcb-4e82-b822-fff61ac2c4cf,PRISMA HEALTH NORTH GREENVILLE HOSPITAL,Prisma Health North Greenville Hospital
cc:e4165eec-b314-4a4a-91a1-b12600cd0f34,ARKANSAS CHILDREN'S NORTHWEST,Arkansas Children's Northwest
cc:e4197a8f-02da-43d1-b049-4fd4acaa903f,OSF SAINT PAUL MEDICAL CENTER,OSF Saint Paul Medical Center
cc:e4236d3d-67ba-40a4-b7b8-8f6e7357ee1a,RYDER MEMORIAL HOSPITAL,Ryder Memorial Hospital
cc:e4374e03-8edc-4137-84e3-b16fd6a43ada,SOUTH TEXAS REHABILITATION HOSPITAL,South Texas Rehabilitation Hospital
cc:e46216d9-144f-487c-b814-204efd7e914e,CONEMAUGH NASON MEDICAL CENTER,Conemaugh Nason Medical Center
cc:e46a276b-3fd0-4138-9843-aa387567ad40,OCHSNER LSU HEALTH SHREVEPORT - ACADEMIC MEDICAL CENTER,Ochsner LSU Health Shreveport - Academic Medical Center
cc:e46e2965-bbed-48f3-9afc-403db0b0481c,COMMUNITY MEDICAL CENTER,Community Medical Center
cc:e474b069-0c1d-4318-9389-d0fdc8987e39,PLEASANT VIEW EMERGENCY CENTER,Pleasant View Emergency Center
cc:e48829cd-a073-4e88-9cc5-21f02277a5a3,PARMER MEDICAL CENTER,Parmer Medical Center
cc:e4966c85-6052-41dc-b767-040daae74f33,BENEFIS HEALTH CARE (WEST CAMPUS),Benefis Health Care (West Campus)
cc:e49bbd49-897a-4972-9eab-015b2a41abdd,FRYE REGIONAL MEDICAL CENTER,Frye Regional Medical Center
cc:e49c086e-e196-4def-b5db-aae1782921e8,DRISCOLL CHILDREN'S HOSPITAL,Driscoll Children's Hospital
cc:e4aaf237-cf25-4eaf-9aa4-ae05a215ad6e,UF HEALTH SHANDS HOSPITAL,UF Health Shands Hospital
cc:e4ad62ab-5f92-419c-a411-879aa22cfdc1,ASCENSION WAMEGO HEALTH CENTER,Ascension Wamego Health Center
cc:e4b07b69-a821-4268-ab00-f747fd9ef912,THEDACARE MEDICAL CENTER SHAWANO,Thedacare Medical Center Shawano
cc:e4b86a9d-7329-4160-a1f2-2e6ee4916105,LAREDO MEDICAL CENTER,Laredo Medical Center
cc:e4b90a04-90bf-4d9b-8f01-860f32e0aeac,PROMEDICA MONROE REGIONAL HOSPITAL,ProMedica Monroe Regional Hospital
cc:e4c15bbd-5f91-4145-9a9f-713540d1ee9f,LAS PALMAS DEL SOL HEALTHCARE TRANSPLANT,Las Palmas del Sol Healthcare Transplant
cc:e4c3585b-1e32-4080-a94f-168a303c1d1d,UNIVERSITY OF IOWA HEALTH NETWORK REHABILITATION HOSPITAL,University of Iowa Health Network Rehabilitation Hospital
cc:e4ce809a-6a7f-405d-b270-c2adb28d9b5e,SENTARA NORTHERN VIRGINIA MEDICAL CENTER,Sentara Northern Virginia Medical Center
cc:e4d16646-fc47-43e2-981d-e85b2ca6bd0e,LEHIGH VALLEY HOSPITAL - MACUNGIE,Lehigh Valley Hospital - Macungie
cc:e4d27764-8dd2-4502-8bc9-43a94814d608,BON SECOURS RICHMOND COMMUNITY HOSPITAL,Bon Secours Richmond Community Hospital
cc:e4df17a1-e3ad-41e8-a695-8573f7907758,CANDLER HOSPITAL,Candler Hospital
cc:e4e18527-06f8-4bdd-aa3a-a0ea5752a356,KIMBALL HEALTH SERVICES,Kimball Health Services
cc:e4f41b5c-2617-4441-abf1-90c1101c0d73,MARGARET MARY HEALTH,Margaret Mary Health
cc:e4f72435-e424-418a-aba6-eb6c302a6502,SHARP MCDONALD CENTER,Sharp McDonald Center
cc:e4f7ad5b-8cee-4fd3-b297-e0e674e71e8c,NOVANT HEALTH KERNERSVILLE MEDICAL CENTER,Novant Health Kernersville Medical Center
cc:e4fa4608-4828-49b7-b6ab-8fd7f4723a5b,SOUTHEAST REHABILITATION HOSPITAL,Southeast Rehabilitation Hospital
cc:e4fef33b-03ff-4aef-bcaf-dd12e7cd13f4,UM UPPER CHESAPEAKE BEHAVIOR HEALTH PAVILLION,UM Upper Chesapeake Behavior Health Pavillion
cc:e507db4c-f76f-4c13-b605-e5c00153370b,ORTHOPAEDIC HOSPITAL OF WISCONSIN,Orthopaedic Hospital of Wisconsin
cc:e5116582-b090-4477-9470-51ca382f9d13,HOUSTON METHODIST WILLOWBROOK HOSPITAL,Houston Methodist Willowbrook Hospital
cc:e51aaa2f-d1dc-40fc-b7ad-671103fd069e,GRANVILLE HEALTH SYSTEM,Granville Health System
cc:e51be676-ffd3-489c-9728-feb2e4707f92,PHELPS HEALTH HOSPITAL,Phelps Health Hospital
cc:e51e2c6a-08c4-4824-8b9a-cbdca86d9e24,CHRISTUS COUSHATTA HEALTH CARE CENTER,CHRISTUS Coushatta Health Care Center
cc:e51ec6a5-f1f3-4e7e-b942-f2644bb5d488,ENCOMPASS HEALTH REHABILITATION HOSPITAL OF TALLAHASSEE,Encompass Health Rehabilitation Hospital of Tallahassee
cc:e52979d7-c0c8-4c02-92d6-e6d8dcfad468,OCHSNER CHOCTAW GENERAL,Ochsner Choctaw General
cc:e5348309-612b-43a6-bc8f-2b6b69b53058,CHRISTIANA CARE-WILMINGTON HOSPITAL,Christiana Care-Wilmington Hospital
cc:e5460e35-d058-421b-ba65-d5214cd610fe,WARREN GENERAL HOSPITAL,Warren General Hospital
cc:e54d076b-4419-43e1-96a5-99370efb05cb,RIDGECREST REGIONAL HOSPITAL,Ridgecrest Regional Hospital
cc:e55f1646-46ab-4091-90d0-abb66b0676e5,PEACEHEALTH ST. JOSEPH MEDICAL CENTER,Peacehealth St. Joseph Medical Center
cc:e5664cfa-d43d-4d07-aa64-6b21e8376f75,COMMONSPIRIT - HOLY CROSS HOSPITAL - SALT LAKE,Commonspirit - Holy Cross Hospital - Salt Lake
cc:e56c81c1-1ded-41dc-be60-928dd3dd8bd0,LIMA MEMORIAL HEALTH SYSTEM,Lima Memorial Health System
cc:e577a207-a2ce-4876-93ab-8fa84b7e49e7,SPRING CREEK NURSING & REHABILITATION CENTER,Spring Creek Nursing & Rehabilitation Center
cc:e5a43e20-15d1-4669-894f-36e33a157bcd,MEDSTAR HEALTH PHYSICAL THERAPY AT ALEXANDRIA,MedStar Health Physical Therapy at Alexandria
cc:e5aa7666-c890-471e-86dd-0e77de7ce9d8,THE HOSPITALS OF PROVIDENCE EMERGENCY ROOM MONTWOOD,The Hospitals of Providence Emergency Room Montwood
cc:e5aa9eed-4779-4d5f-af0d-ac8bfcf04571,NORTH BIG HORN HOSPITAL DISTRICT,North Big Horn Hospital District
cc:e5ab9baa-527a-4e51-8ce3-34237e543207,UH RAINBOW BABIES & CHILDREN'S HOSPITAL,UH Rainbow Babies & Children's Hospital
cc:e5b47470-a1be-4db2-8147-d05a2f8da477,MESQUITE REHABILITATION HOSPITAL,Mesquite Rehabilitation Hospital
cc:e5b8fcf8-1afc-4966-b645-46791a696bc7,JENNIE M MELHAM MEMORIAL MEDICAL CENTER,Jennie M. Melham Memorial Medical Center
cc:e5c2f736-8837-42bc-90a5-67e542a028a5,PROVIDENCE ST. MARY REGIONAL MEDICAL CENTER,Providence St. Mary Regional Medical Center
cc:e5c8c1b8-858b-4ad2-bb9a-73882329c147,SOUTHWEST MEDICAL CENTER,Southwest Medical Center
cc:e5cf02b0-7982-475b-9983-fcb838706361,WEST TENNESSEE HEALTHCARE JACKSON-MADISON COUNTY GENERAL HOSPITAL,West Tennessee Healthcare Jackson-Madison County General Hospital
cc:e5dd6075-7bfe-40ed-8f01-337196f4408e,REGENCY HOSPITAL - UPSTATE,Regency Hospital - Upstate
cc:e5e7640c-f6a2-48d5-a016-fd0b61c24a86,CENTRACARE MONTICELLO,Centracare Monticello
cc:e5eed802-cf27-4b8a-a0cd-0d953381a30d,ADVANCED RIVER OAKS HOSPITAL & CLINICS,Advanced River Oaks Hospital & Clinics
cc:e60f8ce2-8a4b-4a0e-9df8-b07d7a3290df,ENCOMPASS HEALTH REHABILITATION HOSPITAL AT MARTIN HEALTH,Encompass Health Rehabilitation Hospital at Martin Health
cc:e618c630-65af-4be8-a5b2-f65e4132e6a0,CENTRA SOUTHSIDE COMMUNITY HOSPITAL,Centra Southside Community Hospital
cc:e61b3ba8-2eff-4ed1-859f-65a7d64b3bb6,UNIVERSITY OF TOLEDO MEDICAL CENTER,University of Toledo Medical Center
cc:e61d8175-df22-4660-94a5-9dd93d60b4db,FOUR COUNTY (4C) COUNSELING CENTER,Four County (4c) Counseling Center
cc:e62b3a0d-5cd4-42e6-98ff-43b466fd3e74,CONFLUENCE HEALTH MOSES LAKE CAMPUS,Confluence Health Moses Lake Campus
cc:e62d362d-543d-4f2b-aa33-2ad3fa0328f7,HARRIS COUNTY PSYCHIATRIC CENTER,Harris County Psychiatric Center
cc:e63a5a65-7050-4943-aac6-9e25758dc8a3,MUSC HEALTH KERSHAW MEDICAL CENTER,MUSC Health Kershaw Medical Center
cc:e63aa042-73c2-4a57-a043-ea2f55546364,LAKEVIEW BEHAVIORAL HEALTH SYSTEM,Lakeview Behavioral Health System
cc:e644279d-7ec5-4b74-a5fa-909587fa0ada,WHITMAN MEDICAL CLINIC COLFAX,Whitman Medical Clinic Colfax
cc:e647712c-a74e-40c0-ae4c-eca9013bf640,RUSSELLVILLE HOSPITAL,Russellville Hospital
cc:e648342e-5cc2-4d16-8546-2eef4e4e9cbe,BMC BAYTOWN HOSPITAL,BMC Baytown Hospital
cc:e64dce11-be0c-4624-86d7-ee1e0856be6a,BRIDGEPOINT CONTINUING CARE HOSPITAL NEW ORLEANS,Bridgepoint Continuing Care Hospital New Orleans
cc:e64f6b9d-69a2-41b0-b188-d164939f27c1,MORRISON COMMUNITY HOSPITAL,Morrison Community Hospital
cc:e6547a25-c527-4d04-b63d-ac738971271d,SANFORD ABERDEEN MEDICAL CENTER,Sanford Aberdeen Medical Center
cc:e6625867-232b-41c2-bcf9-c94d88c86be0,RICELAND PSYCHIATRIC CLINIC,Riceland Psychiatric Clinic
cc:e663114e-2479-4a90-a0c0-90d5ea8b5314,LACKEY MEMORIAL HOSPITAL,Lackey Memorial Hospital
cc:e66a48e1-4fff-4c22-864a-2433f2cb9d47,SIDNEY KIMMEL CENTER FOR PROSTATE AND UROLOGIC CANCERS,Sidney Kimmel Center for Prostate and Urologic Cancers
cc:e66ad21a-3430-427e-8c15-d7527e872d79,SYLVESTER COMPREHENSIVE CANCER CENTER,Sylvester Comprehensive Cancer Center
cc:e66b1378-f692-4a08-a29e-58d16161e8e0,INTERMOUNTAIN HEALTH PRIMARY CHILDREN'S HOSPITAL - LEHI,Intermountain Health Primary Children's Hospital - Lehi
cc:e67619b9-51a9-42d4-9dee-79dd4019c4ab,UMASS MEMORIAL HEALTH ALLIANCE - CLINTON HOSPITAL,UMass Memorial Health Alliance - Clinton Hospital
cc:e6789264-1dbe-4cdb-ac58-75b63150e01c,CAMDEN CLARK MEDICAL CENTER,Camden Clark Medical Center
cc:e6873d60-7b89-49bf-b82e-962922d8e24a,NORTH SUNFLOWER MEDICAL CENTER,North Sunflower Medical Center
cc:e6889ca6-3a07-4b49-93dd-78944fb325c4,SAINT JOSEPH BEREA,Saint Joseph Berea
cc:e69c694a-d1d5-4467-83d7-82daa7da7665,SAINT FRANCIS HOSPITAL SOUTH,Saint Francis Hospital South
cc:e6a1515d-0fb7-4167-a0fb-39a900b0701d,LOMA LINDA UNIVERSITY BEHAVIORAL MEDICINE CENTER,Loma Linda University Behavioral Medicine Center
cc:e6a30a8c-8b43-40ca-875b-d40ec85a2264,WATAUGA MEDICAL CENTER,Watauga Medical Center
cc:e6a41729-e409-40e2-917c-29b5c5f15284,MEDSTAR HEALTH PHYSICAL THERAPY AT BALLSTON-MARYMOUNT,MedStar Health Physical Therapy at Ballston-Marymount
cc:e6a61515-b6f2-41a3-9d82-697252110dc9,GRAYS HARBOR COMMUNITY HOSPITAL,Grays Harbor Community Hospital
cc:e6ade4c5-2f57-4ce0-bae6-5843db6a2ec1,BOCA RATON REGIONAL HOSPITAL,Boca Raton Regional Hospital
cc:e6b1a469-70b6-4ac5-a1e0-eea1b47ad320,HCA FLORIDA LUTZ EMERGENCY,HCA Florida Lutz Emergency
cc:e6c01070-c0d4-4167-a644-2823ced8e841,ENCOMPASS HEALTH REHABILITATION HOSPITAL OF JONESBORO,Encompass Health Rehabilitation Hospital of Jonesboro
cc:e6dc2abd-b4d8-4102-b07b-e32efd9c73d4,RUSSELL COUNTY HOSPITAL,Russell County Hospital
cc:e6dcd78d-227a-4772-8378-c4fe5fb73d5b,ST. LUKE'S BOISE MEDICAL CENTER,St. Luke's Boise Medical Center
cc:e6e85110-9501-4d7e-93f2-f078de7985ba,HCA FLORIDA BLAKE HOSPITAL,HCA Florida Blake Hospital
cc:e6ea9e5c-67c7-45e0-aa06-66226bcaf2f6,MEMORIAL SLOAN KETTERING WESTCHESTER,Memorial Sloan Kettering Westchester
cc:e6f14240-17e0-40c7-8600-99624ea3796e,ASCENSION SAINT THOMAS DEKALB,Ascension Saint Thomas DeKalb
cc:e70743f2-29ea-4d4c-9fcf-60cecddeaf8b,ADVANCED CARE HOSPITAL OF MONTANA,Advanced Care Hospital of Montana
cc:e70c1e61-8bbb-46fd-afbb-7cc77dcb0b97,SENTARA NORFOLK GENERAL HOSPITAL,Sentara Norfolk General Hospital
cc:e7100e8f-9618-4018-9ede-58e41361822a,BAPTIST MEMORIAL HOSPITAL - CALHOUN,Baptist Memorial Hospital - Calhoun
cc:e720d9f8-d26e-43f6-a745-ffc9a7650ef0,PAM HEALTH REHABILITATION HOSPITAL OF GREATER INDIANA SOUTH,PAM Health Rehabilitation Hospital of Greater Indiana South
cc:e74020a6-62c1-4190-8499-b05abc660771,COOPERMAN BARNABAS MEDICAL CENTER,Cooperman Barnabas Medical Center
cc:e74a404e-f23d-4316-8939-d39038cca275,MAHNOMEN HEALTH CENTER,Mahnomen Health Center
cc:e74bcd23-d8dd-41a6-b787-48edde2c125f,CONTINUING CARE HOSPITAL,Continuing Care Hospital
cc:e74c28cf-c7fa-4eac-b736-b46640fb1d50,HOWARD MEMORIAL HOSPITAL,Howard Memorial Hospital
cc:e74e402e-2fc1-4243-a915-b910c326767d,MOUNTAIN COMMUNITIES HEALTHCARE DISTRICT,Mountain Communities Healthcare District
cc:e757ab9e-4d06-4ba3-8a81-97cf41e744a5,MARY GREELEY MEDICAL CENTER,Mary Greeley Medical Center
cc:e759bf45-e376-479e-9234-915c6232b2d0,NEW ENGLAND REHABILITATION HOSPITAL OF PORTLAND,New England Rehabilitation Hospital of Portland
cc:e75e277f-1f05-49e7-b83d-142059f552bf,PRISMA HEALTH BLOUNT MEMORIAL HOSPITAL,Prisma Health Blount Memorial Hospital
cc:e77aecdb-10a5-46a5-958a-5942b574e615,ADVENTHEALTH CARROLLWOOD,AdventHealth Carrollwood
cc:e7847fe8-c44f-46ed-a022-465e1c852b63,MS METHODIST REHABILITATION CENTER,Ms Methodist Rehabilitation Center
cc:e78b050e-1f85-40f9-8026-f613a7946795,COREWELL HEALTH LAKELAND WATERVLIET HOSPITAL,Corewell Health Lakeland Watervliet Hospital
cc:e78eabd4-280d-4549-9080-1fdd16ad873a,MERCY PRIMARY CARE - NEW MADRID,Mercy Primary Care - New Madrid
cc:e79372d9-410d-474c-a7a1-8ec2f9336547,NORTHEAST REGIONAL MEDICAL CENTER,Northeast Regional Medical Center
cc:e7990e84-2c07-4158-8f61-b1aade161c23,CENTERPOINT HEALTH - WINCHESTER,Centerpoint Health - Winchester
cc:e7a77572-3e39-40b9-b14f-f6d15e16afcf,DENVER HEALTH MAIN CAMPUS,Denver Health Main Campus
cc:e7ae57aa-67e2-4cd5-89fd-67aeaf0c204e,SOUTHERN CALIFORNIA HOSPITAL AT CULVER CITY,Southern California Hospital at Culver City
cc:e7bd5134-a5a6-4302-810d-6061a9f5c5e0,EL PASO CHILDREN'S HOSPITAL,El Paso Children's Hospital
cc:e7ccce78-92a0-4b62-b484-e9d664f4914e,METHODIST LEGACY ER AND URGENT CARE COPPELL,Methodist Legacy ER and Urgent Care Coppell
cc:e7e24b0c-af6e-43b4-89a2-8065c1e51635,UCI HEALTH - LAKEWOOD,UCI Health - Lakewood
cc:e7e4342c-8c3c-4c1f-88bc-bb72bc803b8a,MERIT HEALTH CENTRAL,Merit Health Central
cc:e7e816c5-7cd2-4619-9a99-5fa2c36f01bc,HOSPITAL PEREA,Hospital Perea
cc:e7e94c5b-a492-4596-be01-586fbe5647dd,NOVANT HEALTH PENDER MEDICAL CENTER,Novant Health Pender Medical Center
cc:e7f16ff9-d1d1-4c13-9fb1-8016b8b865b8,QUINCY VALLEY MEDICAL CENTER,Quincy Valley Medical Center
cc:e7f1aab8-48f7-412f-9451-c06654806183,VIBRA HOSPITAL OF WESTERN MASS CENTRAL CAMPUS,Vibra Hospital of Western Mass Central Campus
cc:e7f83a8c-c4ae-4595-9fe6-a18161d65820,SHRINERS CHILDREN'S OHIO,Shriners Children's Ohio
cc:e80138cf-3c0c-4b7b-b331-1456d153a0c7,OVERLAKE HOSPITAL MEDICAL CENTER,Overlake Hospital Medical Center
cc:e80bd2cc-8b88-435c-bbfb-6c17c698363f,PAM SPECIALTY HOSPITAL OF CORPUS CHRISTI NORTH,PAM Specialty Hospital of Corpus Christi North
cc:e8188dc0-7fe9-44b9-8b0c-d814f386f0b8,BAPTIST MEMORIAL HOSPITAL-CRITTENDEN,Baptist Memorial Hospital-Crittenden
cc:e81bbd5d-9784-4535-8ade-188eab6fbc9d,FOARD COUNTY CLINIC,Foard County Clinic
cc:e81bc997-654e-4e86-8895-bdebbaf508be,WELLSTAR WINDY HILL HOSPITAL,Wellstar Windy Hill Hospital
cc:e833f340-c41d-4b7d-ba98-b4cabc607dac,NATIVIDAD HOSPITAL,Natividad Hospital
cc:e83dfea7-3a4a-4b34-a44c-80231aa0b0cf,MERRIMACK HEALTH HAVERHILL HOSPITAL,Merrimack Health Haverhill Hospital
cc:e84df3d1-f9c1-4379-8bff-6e318f083f97,LOS ANGELES GENERAL MEDICAL CENTER,Los Angeles General Medical Center
cc:e85141c6-c043-4773-b3c6-eb34e8773a5b,OCHSNER LAFAYETTE GENERAL SURGICAL HOSPITAL,Ochsner Lafayette General Surgical Hospital
cc:e892bd91-bb5a-4714-991e-13e9ab85503e,DESERT PARKWAY BEHAVIORAL HEALTHCARE HOSPITAL,Desert Parkway Behavioral Healthcare Hospital
cc:e8947b94-6e85-4a23-af27-79ec987db7b5,CHRISTUS SPOHN HOSPITAL BEEVILLE,CHRISTUS Spohn Hospital Beeville
cc:e896d19c-3835-452e-88cd-0fa65dcccbd1,GRISELL MEMORIAL HOSPITAL,Grisell Memorial Hospital
cc:e896f569-41f5-4b43-8726-28ae9a6d7f12,ST. JOSEPH REGIONAL MEDICAL CENTER,St. Joseph Regional Medical Center
cc:e8970753-1615-4dbd-bdad-dc79bd497aed,COMMUNITY SURGERY CENTER HAMILTON,Community Surgery Center Hamilton
cc:e89cd0c2-d02e-4104-8aab-9e606944afd6,VALLEY HOSPITAL MEDICAL CENTER,Valley Hospital Medical Center
cc:e89e6c15-6aaf-4b25-a00c-8623974e4475,BIBB MEDICAL CENTER,Bibb Medical Center
cc:e89fc79d-3bad-4150-8c10-3e6f7ce9a398,MATAGORDA REGIONAL MEDICAL CENTER,Matagorda Regional Medical Center
cc:e8bb2219-853a-4ada-86b0-822a24c27c6b,UNITYPOINT HEALTH TRINITY ROCK ISLAND,UnityPoint Health Trinity Rock Island
cc:e8bd0075-ffeb-49ab-8f02-894020bcefda,HSS WESTCHESTER,HSS Westchester
cc:e8caea7c-4ae6-466e-a051-380544a37d8d,OCEAN UNIVERSITY MEDICAL CENTER,Ocean University Medical Center
cc:e8ce3080-8c50-48c7-a94a-d794d02836bf,ORANGE COUNTY GLOBAL MEDICAL CENTER,Orange County Global Medical Center
cc:e8d5e788-254a-46af-b1a1-753770805f51,ST CHARLES REDMOND,St. Charles Redmond
cc:e8dd7ba0-53c1-4002-9f31-f8a7f35fa2c6,COLUMBUS SPRINGS EAST,Columbus Springs East
cc:e8ed110a-d563-46b6-9126-10aab7441613,MEDICAL CITY SACHSE,Medical City Sachse
cc:e8f9a947-4b89-4af5-86fe-075b6fd3417e,FORREST CITY MEDICAL CENTER,Forrest City Medical Center
cc:e8fb9982-26fe-4c15-9f07-910a5c68055c,MERCY HEALTH - LOURDES HOSPITAL,Mercy Health - Lourdes Hospital
cc:e9013f70-8ce8-40a0-93ce-4a5406570c69,CENTRACARE MELROSE,Centracare Melrose
cc:e9051412-08ea-4b50-99a0-456f2b2e94ee,OCEAN SPRINGS HOSPITAL,Ocean Springs Hospital
cc:e9052275-5f50-43de-9413-d6e543fdda9d,TRINITY HEALTH GRAND HAVEN HOSPITAL,Trinity Health Grand Haven Hospital
cc:e9085b2d-8738-4abd-9286-fa6f0f7edd09,UNIVERSITY OF IOWA HOSPITAL & CLINICS,University of Iowa Hospital & Clinics
cc:e908ef33-9a5f-4aab-ab05-20442ab467b8,ESSENTIA HEALTH ST. MARY'S HOSPITAL-SUPERIOR,Essentia Health St. Mary's Hospital-Superior
cc:e90c70a7-906e-4096-8c69-c1274081320f,OAKBEND MEDICAL CENTER - WILLIAMS WAY,Oakbend Medical Center - Williams Way
cc:e914da52-0580-4b7d-b562-39bb5de8438f,REHABILITATION HOSPITAL OF THE NORTHWEST,Rehabilitation Hospital of the Northwest
cc:e91e4199-b8ca-45ae-ac1d-be20dd554b65,MINIDOKA MEMORIAL HOSPITAL,Minidoka Memorial Hospital
cc:e9234a9d-5aa0-413f-ac8b-ffa339afdeac,PROMEDICA BAY PARK HOSPITAL,ProMedica Bay Park Hospital
cc:e923c89b-68e3-46c2-981b-175b03cf3d67,KINDRED HOSPITAL MELBOURNE,Kindred Hospital Melbourne
cc:e92e0a3b-baeb-4cad-8c68-973d7c85b9de,TELECARE EL DORADO COUNTY,Telecare El Dorado County
cc:e953c63e-2e2d-4b3c-b5ca-25d4cd617943,TITUSVILLE AREA HOSPITAL,Titusville Area Hospital
cc:e954f35c-44ef-4739-af29-1e14c9644d7d,SILVER CROSS HOSPITAL,Silver Cross Hospital
cc:e95ab6d8-178f-493a-a7de-e81e4e333538,MEASE COUNTRYSIDE HOSPITAL,Mease Countryside Hospital
cc:e95e87a8-a971-4905-86d7-017f6d9081ea,PEYTON MANNING CHILDREN'S HOSPITAL AT ASCENSION ST. VINCENT,Peyton Manning Children's Hospital at Ascension St. Vincent
cc:e961bd70-ec83-405f-aae4-333be3ee60b3,DALLAS COUNTY MEDICAL CENTER,Dallas County Medical Center
cc:e9858492-d16e-4cbb-a9fb-ee71ec90cc59,JACKSON HOSPITAL,Jackson Hospital
cc:e98e6983-3456-4a47-bbd8-6e847a835fca,CARSON TAHOE SIERRA SURGERY,Carson Tahoe Sierra Surgery
cc:e9915176-cc08-42e7-9314-1035b0559600,INSTITUTE FOR ORTHOPEDIC SURGERY,Institute for Orthopedic Surgery
cc:e992e1dd-dea2-4db7-8f5c-58e520987342,GARRETT REGIONAL MEDICAL CENTER,Garrett Regional Medical Center
cc:e99ba547-27a2-4e32-9aed-13e0f6d0e6ea,UHEALTH TOWER,Uhealth Tower
cc:e99d94ea-7f55-49fe-b60f-ed4369647c6b,KESSLER INSTITUTE FOR REHABILITATION - SADDLE BROOK,Kessler Institute for Rehabilitation - Saddle Brook
cc:e9b8c8b9-4067-4743-bea7-e1a389c1401a,JOHNSTON-WILLIS HOSPITAL,Johnston-Willis Hospital
cc:e9c12ae1-ccfa-46f1-a9c7-831a512938ce,ECU HEALTH ROANOKE-CHOWAN HOSPITAL,ECU Health Roanoke-Chowan Hospital
cc:e9cb7655-603a-4c27-9648-a635c4d98ce7,COMMONSPIRIT BOB WILSON MEMORIAL HOSPITAL,Commonspirit Bob Wilson Memorial Hospital
cc:e9dcf14d-0cd5-4a0e-b26d-1ac753e8fb00,LEWISGALE HOSPITAL MONTGOMERY,Lewisgale Hospital Montgomery
cc:e9e12073-7137-4aa1-95c5-b1ca91786050,MERCY HOSPITAL DOWNTOWN,Mercy Hospital Downtown
cc:e9e33ca8-afcc-4946-b6b5-de9622a3c270,UNIVERSITY OF MARYLAND MEDICAL CENTER,University of Maryland Medical Center
cc:e9e89267-81d3-4d87-9e26-9f75e66ec2b6,ST MARY REHABILITATION HOSPITAL,St. Mary Rehabilitation Hospital
cc:e9f5d56e-5202-4087-a310-29752130d69c,MOUNT SINAI MEDICAL CENTER,Mount Sinai Medical Center
cc:e9f99dd2-5c16-4c98-9d2f-db070aec955b,ST. ELIZABETH DEARBORN HOSPITAL,St. Elizabeth Dearborn Hospital
cc:e9fc3efd-b6f4-4e70-b46e-6fe3772ea02b,CHI SAINT JOSEPH HEALTH - SAINT JOSEPH EAST,CHI Saint Joseph Health - Saint Joseph East
cc:ea0352d6-b758-41eb-817d-47f99b41ac0f,HOSPITAL FOR SPECIAL CARE,Hospital for Special Care
cc:ea0739d3-a200-4801-a48d-da0066c103a6,SELECT SPECIALTY HOSPITAL WILLINGBORO,Select Specialty Hospital Willingboro
cc:ea2c4d0c-836e-4c4a-874a-c741163414af,"UNIVERSITY OF KANSAS HOSPITAL MAIN CAMPUS, BELL HOSPITAL TOWER","University of Kansas Hospital Main Campus, Bell Hospital Tower"
cc:ea3f0917-001e-4035-bbfb-4e36a8ad738a,TEXAS HEALTH SEAY BEHAVIORAL HEALTH CENTER PLANO,Texas Health Seay Behavioral Health Center Plano
cc:ea3f8e23-06e2-4d61-b631-b14f6f8e0c2c,SPRINGWOODS BEHAVIORAL HEALTH SERVICES,Springwoods Behavioral Health Services
cc:ea5ed972-e33a-40ef-93c2-7a8dd8f24813,MAYO CLINIC HEALTH SYSTEM NEW PRAGUE,Mayo Clinic Health System New Prague
cc:ea623831-6c4f-4881-83b2-c72d5f4bced5,CHI ST. VINCENT NORTH,CHI St. Vincent North
cc:ea63503e-cde5-452d-bfef-1581b3c03579,LEGACY GOOD SAMARITAN MEDICAL CENTER,Legacy Good Samaritan Medical Center
cc:ea6d2f39-c2ff-45f7-a389-8a91e1b91290,SOUTH FLORIDA BAPTIST HOSPITAL,South Florida Baptist Hospital
cc:ea703f99-fe19-48cc-bf54-e63644a99fe9,RICHMOND UNIVERSITY MEDICAL CENTER - MAIN CAMPUS,Richmond University Medical Center - Main Campus
cc:ea80cdb6-976a-4b83-807b-8a8c8276e0e2,WAKEMED RALEIGH CAMPUS,Wakemed Raleigh Campus
cc:ea82b8a4-fc4e-491c-818e-1a2e2f9b9893,BAPTIST MEMORIAL HOSPITAL TIPTON,Baptist Memorial Hospital Tipton
cc:ea847dcc-5b50-45e5-834b-01051f49f179,MIDDLESBORO ARH HOSPITAL,Middlesboro ARH Hospital
cc:ea868d43-de40-4be1-854a-f6d10610fddc,STEELE MEMORIAL MEDICAL CENTER,Steele Memorial Medical Center
cc:ea8dd03c-b434-4b37-b8e2-df2147d31ecf,HILLSIDE HOSPITAL,Hillside Hospital
cc:ea902485-1335-4d44-8852-706867d5064e,ST MARY MEDICAL CENTER,St. Mary Medical Center
cc:ea95f0f0-4863-4c1f-b3be-6ecf75efa3ce,SPENCER HOSPITAL,Spencer Hospital
cc:eaa04100-2a6c-4155-8235-41389cdfd884,LEHIGH VALLEY HOSPITAL-HECKTOWN OAKS,Lehigh Valley Hospital-Hecktown Oaks
cc:eaa1da79-0737-4d9e-a38b-7c9df4a67bf2,BAPTIST HOSPITALS OF SOUTHEAST TEXAS FANNIN BEHAVIORAL CENTER,Baptist Hospitals of Southeast Texas Fannin Behavioral Center
cc:eaaf1fc3-71f5-46fa-8a18-f614c506767d,SELECT SPECIALTY HOSPITAL - MILWAUKEE - WEST ALLIS,Select Specialty Hospital - Milwaukee - West Allis
cc:eab8c821-e5d4-4a0e-bf84-efc53c8fb54c,ASCENSION NE WISCONSIN MERCY CAMPUS,Ascension Ne Wisconsin Mercy Campus
cc:eabe1cc8-7208-4e2e-b822-dc3c2bd28b0e,STORY COUNTY HOSPITAL NORTH,Story County Hospital North
cc:eac85eae-9ec5-427a-8387-6e63254c7c3a,ABBOTT NORTHWESTERN HOSPITAL,Abbott Northwestern Hospital
cc:eac8bfcd-fe0e-41b6-ae39-a3a54765d4f6,BRYAN EAST CAMPUS,Bryan East Campus
cc:eacfd2eb-22fc-4646-a0b0-e010f84322db,HENDERSON HOSPITAL,Henderson Hospital
cc:eadc3ddb-ad47-43dd-ad0d-c738197d9346,CHATHAM HOSPITAL,Chatham Hospital
cc:eae83ec6-536d-46d3-8723-29fb43e33311,DOCTORS MEDICAL CENTER,Doctors Medical Center
cc:eaf2084c-e5cd-4948-9418-226449dff462,CEDAR RIDGE BEHAVIORAL HOSPITAL AT BETHANY,Cedar Ridge Behavioral Hospital at Bethany
cc:eb06fd2a-8fb3-4b03-992f-dea572630434,INCOMPASS HEALTHCARE DEARBORN,Incompass Healthcare Dearborn
cc:eb2b7540-397d-4429-bc4f-0c79d4f83355,FLOYD VALLEY HOSPITAL,Floyd Valley Hospital
cc:eb3ffb95-5f99-4fb3-b7b3-1019a060e3a3,RICHMOND STATE HOSPITAL,Richmond State Hospital
cc:eb46c748-3306-43d9-9cff-66570003f52f,NORTH SPRING BEHAVIORAL HEALTHCARE,North Spring Behavioral Healthcare
cc:eb5623d2-d02b-4940-b844-da230bbc739b,MERRIMACK HEALTH LAWRENCE HOSPITAL,Merrimack Health Lawrence Hospital
cc:eb573900-4f79-47ec-9cd1-df0832e40e6b,SELECT SPECIALTY HOSPITAL PENSACOLA,Select Specialty Hospital Pensacola
cc:eb5beb3e-6d9f-4586-b067-15997c649ea4,SMP HEALTH ST. ALOISIUS,SMP Health St. Aloisius
cc:eb5c09fd-c600-426d-8227-bcdf089b5574,CINCINNATI CHILDREN'S  AT LINDNER CENTER FOR HOPE,Cincinnati Children's at Lindner Center for Hope
cc:eb5f4ec2-7564-4fbf-aaf2-957b9c1bdf88,REGIONAL MENTAL HEALTH CENTER MERRILLVILLE,Regional Mental Health Center Merrillville
cc:eb61fee1-6589-4a56-b468-0a050dd6b717,ANNIE JEFFREY MEMORIAL COUNTY HEALTH CENTER,Annie Jeffrey Memorial County Health Center
cc:eb63b798-dcd1-4329-b28d-e54cb3043c58,THE JAMES CANCER HOSPITAL AND SOLOVE RESEARCH INSTITUTE,The James Cancer Hospital and Solove Research Institute
cc:eb6bd445-bfbe-46a6-9809-7dd777b7e4eb,BUCKTAIL MEDICAL CENTER,Bucktail Medical Center
cc:eb6d07ba-8f30-4cf9-adc2-db75afef8601,PAM HEALTH REHABILITATION HOSPITAL OF WATERBURY,PAM Health Rehabilitation Hospital of Waterbury
cc:eb76144d-9ddf-48f6-b353-0910d7bd0856,ASCENSION COLUMBIA ST MARYS HOSPITAL OZAUKEE,Ascension Columbia St. Marys Hospital Ozaukee
cc:eb863cd6-0c64-4be3-ac95-ada4d0b113b5,CORNERSTONE HOSPITAL CONROE,Cornerstone Hospital Conroe
cc:eb8939dc-98c9-46d9-90e9-b5e9ae25298f,CARROLL HOSPITAL CENTER,Carroll Hospital Center
cc:eba6dbc7-195a-4abc-87ac-672887a60560,UOFL HEALTH - MEDICAL CENTER SOUTHWEST,UofL Health - Medical Center Southwest
cc:ebad0b9b-1df3-4d49-97fc-0df26ed77a34,SELECT SPECIALTY HOSPITAL - GREENSBORO,Select Specialty Hospital - Greensboro
cc:ebbccc56-41f3-4a89-a141-d41f965b8b81,SUNCOAST BEHAVIORAL HEALTH CENTER,Suncoast Behavioral Health Center
cc:ebbff2c9-c4d4-4645-b7ba-6211dba7506c,ENCOMPASS HEALTH REHABILITATION HOSPITAL OF ERIE,Encompass Health Rehabilitation Hospital of Erie
cc:ebc892ba-d361-4a2c-a8a0-9fb137105b3b,TWIN CITY MEDICAL CENTER,Twin City Medical Center
cc:ebd45497-20da-4453-8c90-6ccb4a797a59,SOUTHERN TENNESSEE REGIONAL HEALTH SYSTEM WINCHESTER,Southern Tennessee Regional Health System Winchester
cc:ebdbc579-ebdb-4089-ac5d-12275126914b,CHILDREN'S NEBRASKA,Children's Nebraska
cc:ebf62e82-7e11-403b-a89c-3479f9580298,HILLS & DALES GENERAL HOSPITAL,Hills & Dales General Hospital
cc:ebf9f33b-aa71-4680-94d1-4fc25c583341,SCRIPPS GREEN HOSPITAL,Scripps Green Hospital
cc:ebfccb7d-0222-4f20-9de4-5f1367a58ad2,MERCY HEALTH - ALLEN HOSPITAL,Mercy Health - Allen Hospital
cc:ec18171d-4e6b-4585-b9f6-57dd2f8c26f8,MICHIANA BEHAVIORAL HEALTH CENTER,Michiana Behavioral Health Center
cc:ec35ed6a-7b2e-4a04-a4d7-d62ccc710570,COULEE MEDICAL CENTER,Coulee Medical Center
cc:ec4af4af-f0d1-4c8a-9dd0-73842156bcfd,BAPTIST NEIGHBORHOOD HOSPITAL THOUSAND OAKS,Baptist Neighborhood Hospital Thousand Oaks
cc:ec52f1e3-9229-4e8f-88bf-ddd829ac3ed4,UCHEALTH GREELEY HOSPITAL,UCHealth Greeley Hospital
cc:ec59c17c-7a78-4251-b79b-029c460fbb9f,ST. TAMMANY PARISH HOSPITAL,St. Tammany Parish Hospital
cc:ec5cb3c0-ab40-4b76-918d-495a4db8bfa7,THOREK MEMORIAL HOSPITAL DBA METHODIST HOSPITAL OF CHICAGO,Thorek Memorial Hospital DBA Methodist Hospital of Chicago
cc:ec5cbd84-8564-479f-8eee-5a223cd8dd82,NORTON BROWNSBORO HOSPITAL,Norton Brownsboro Hospital
cc:ec6bc079-f4ab-4f86-8055-0709bf0decee,ELMHURST HOSPITAL,Elmhurst Hospital
cc:ec6cb3b3-0c80-433d-bb77-5719724c5e37,ALTON MEMORIAL HOSPITAL,Alton Memorial Hospital
cc:ec7d5fef-3953-4e30-b3f9-f4e3f9564884,SOUTH TEXAS HEALTH SYSTEM HEART,South Texas Health System Heart
cc:ec8214cf-82a5-483b-b8b5-be4b6d9b8c92,SELECT SPECIALTY HOSPITAL - MILWAUKEE ST. FRANCIS,Select Specialty Hospital - Milwaukee St. Francis
cc:ec8e15ef-07b8-48d7-b4ce-72ff5869576d,CONFLUENCE HEALTH HOSPITAL MARES CAMPUS,Confluence Health Hospital Mares Campus
cc:ec94ef03-e773-42ae-af0e-f3b72b9da0ea,CEDAR HILLS HOSPITAL,Cedar Hills Hospital
cc:eca0941c-fa19-4111-8c55-a2b1b0a78c4c,TEXAS NEUROREHAB CENTER,Texas Neurorehab Center
cc:eca32b30-8edb-485b-b493-6e0279ba6d20,DUKE RALEIGH HOSPITAL,Duke Raleigh Hospital
cc:eca70c57-bf0f-4328-a47f-2c8afe2322b2,SELECT SPECIALTY HOSPITAL - NASHVILLE WEST,Select Specialty Hospital - Nashville West
cc:ecb22e8c-6ab7-4070-96f8-4ff06d6ffdaa,CARONDELET ST. MARY'S HOSPITAL,Carondelet St. Mary's Hospital
cc:ecbb2f5b-3e09-47c6-bb19-8f2e6e4149cc,BUCHANAN COUNTY HEALTH CENTER,Buchanan County Health Center
cc:ecbcc34f-135b-46fd-bf1b-b752a407e3dd,PENN HIGHLANDS DUBOIS,Penn Highlands DuBois
cc:ecc1171f-a605-4387-8637-09e3501b7559,BATON ROUGE GENERAL - MID CITY,Baton Rouge General - MID City
cc:eccd907f-9fdb-483e-83e9-097c5fdc9c0d,VIBRA REHABILITATION HOSPITAL OF AMARILLO,Vibra Rehabilitation Hospital of Amarillo
cc:ecd8c5f4-a9c5-45c9-b4dc-0c37fbf75204,RIDGEVIEW BEHAVIORAL HOSPITAL AND CENTER,Ridgeview Behavioral Hospital and Center
cc:ece4c6e4-90ef-43d4-bc6b-18a739e80c73,MEDSTAR HEALTH PHYSICAL THERAPY AT NAVY YARD,MedStar Health Physical Therapy at Navy Yard
cc:ecf5bf4d-6cdf-48a5-a73a-1ee91bbcc5ab,UCF LAKE NONA HOSPITAL,UCF Lake Nona Hospital
cc:ecfac633-6a9a-48bc-8eea-c2e0091fb13b,IRAAN GENERAL HOSPITAL,Iraan General Hospital
cc:ed080b8c-088a-4d7b-9b0e-ade3b046a1c5,HCA FL PINE FOREST ER,HCA Fl Pine Forest ER
cc:ed0f7f3f-c3d7-4269-92e6-0e625e886e18,ALLINA HEALTH SURGERY CENTER VADNAIS HEIGHTS,Allina Health Surgery Center Vadnais Heights
cc:ed154c6c-883a-43a3-b790-9c43885232e1,ST. LUKE'S QUAKERTOWN HOSPITAL,St. Luke's Quakertown Hospital
cc:ed163454-ebdc-4fdf-8fb9-58a78b532ee0,MCLAREN MACOMB,McLaren Macomb
cc:ed32be1b-b651-486a-b199-783c7768105c,DOCTORS HOSPITAL,Doctors Hospital
cc:ed411727-2126-48b7-b442-6c994d686f79,SAINT LUKE'S HOSPITAL KANSAS CITY,Saint Luke's Hospital Kansas City
cc:ed4bf9d2-a146-462c-a0c4-988e4f30b699,CORPUS CHRISTI MEDICAL CENTER DOCTORS REGIONAL,Corpus Christi Medical Center Doctors Regional
cc:ed5c462a-4868-4f2d-bf0b-4e957d37c640,CALIFORNIA PACIFIC MEDICAL CENTER - PACIFIC HEIGHTS OUTPATIENT CENTER,California Pacific Medical Center - Pacific Heights Outpatient Center
cc:ed687279-b68e-4685-8be2-4d38cd4debe0,BANNER CHURCHILL COMMUNITY HOSPITAL,Banner Churchill Community Hospital
cc:ed6bf203-56fc-402d-8e26-ef1aecdc9aba,MUNSON HEALTHCARE MANISTEE HOSPITAL,Munson Healthcare Manistee Hospital
cc:ed711899-6a87-4eb1-bb1a-1b35691203e4,MAMMOTH HOSPITAL,Mammoth Hospital
cc:ed73e701-d1d0-4c48-a494-f253269681ab,MARION GENERAL HOSPITAL,Marion General Hospital
cc:ed7c6121-ef82-4483-8c90-1088bc5722a1,UM UPPER CHESAPEAKE MEDICAL CENTER ABERDEEN,UM Upper Chesapeake Medical Center Aberdeen
cc:ed8a3d4c-168a-4738-9ab0-281405371f61,LOGAN HEALTH SHELBY,Logan Health Shelby
cc:ed909523-d1b6-4ad8-91f0-810e63581f98,BALLARD REHABILITATION HOSPITAL,Ballard Rehabilitation Hospital
cc:eda60275-8db6-4f2e-8c3c-355f130c46be,CROSSING RIVERS HEALTH MEDICAL CENTER,Crossing Rivers Health Medical Center
cc:eda6d339-9b4d-489a-90f7-80deac1da251,SSM HEALTH REHABILITATION HOSPITAL - LAKE SAINT LOUIS,SSM Health Rehabilitation Hospital - Lake Saint Louis
cc:edadd725-0254-4ec9-a613-4f21ea01fbc2,UOFL HEALTH - PEACE HOSPITAL,UofL Health - Peace Hospital
cc:edb0e500-e9bd-4cba-84c8-af56d9bb6b0a,ANMED HEALTH CANNON,AnMed Health Cannon
cc:edb755b7-5abe-49d3-bdec-935dd35dd6c5,OSF SAINT JAMES - JOHN W. ALBRECHT MEDICAL CENTER,OSF Saint James - John W. Albrecht Medical Center
cc:edc3729c-038e-4113-a74d-d3c3e3c881f0,PERIMETER BEHAVIORAL CENTER OF JACKSON,Perimeter Behavioral Center of Jackson
cc:edc87a91-145e-4efa-822f-ad2a61e9ab5d,INTEGRIS HEALTH COMMUNITY HOSPITAL IN DEL CITY,Integris Health Community Hospital in del City
cc:edc92149-340a-472e-b437-f42dc37fddf8,CAROLINAEAST MEDICAL CENTER,Carolinaeast Medical Center
cc:edf276a6-5619-4082-95d5-5c22ef6baa0d,ASCENSION ST. VINCENT ANDERSON,Ascension St. Vincent Anderson
cc:edf4365e-9e5e-4c31-92f9-26bc8a97e9fb,METHODIST HOSPITAL LANDMARK,Methodist Hospital Landmark
cc:ee021462-d4a4-4b93-a888-0ec73e8009b5,PROVIDENCE HOLY CROSS MEDICAL CENTER,Providence Holy Cross Medical Center
cc:ee02873a-2c25-4ec4-8efc-3e277c335558,ALOMERE HEALTH,Alomere Health
cc:ee0bd1d6-fc73-4480-b7a9-9caf0549f0d4,MEMORIAL HOSPITAL AT GULFPORT,Memorial Hospital at Gulfport
cc:ee0cc362-feb1-4bf6-8ede-e321cc532c6a,WYOMING VALLEY BEHAVIORAL HEALTH,Wyoming Valley Behavioral Health
cc:ee238f69-8a4d-493b-9a85-f705febe6232,ENCOMPASS HEALTH REHABILITATION HOSPITAL OF FORT SMITH,Encompass Health Rehabilitation Hospital of Fort Smith
cc:ee35310e-2b60-4ec4-9c37-a1f3f103d15d,GENESIS BEHAVIORAL HOSPITAL,Genesis Behavioral Hospital
cc:ee3579f2-b279-42df-9bc7-b8477798bbf7,RIO GRANDE HOSPITAL,Rio Grande Hospital
cc:ee367cbc-db24-4aee-acfc-ed65df646fbc,CHILDREN'S OF ALABAMA CHILDREN'S SOUTH HOSPITAL,Children's of Alabama Children's South Hospital
cc:ee425601-534a-456c-a29e-3b45e3d33e3e,WELLSTAR SYLVAN GROVE MEDICAL CENTER,Wellstar Sylvan Grove Medical Center
cc:ee49f237-d089-4f21-9e37-4f0bae624953,ENCOMPASS HEALTH REHABILITATION HOSPITAL THE VINTAGE,Encompass Health Rehabilitation Hospital the Vintage
cc:ee4ab832-5107-4f85-80e3-a2a89e11e350,LEONARD MORSE HOSPITAL,Leonard Morse Hospital
cc:ee514d2f-0989-41de-bf39-51d16468e438,BROOKE GLEN BEHAVIORAL HOSPITAL,Brooke Glen Behavioral Hospital
cc:ee528670-2d17-4353-b78b-c6b48a9ea239,SONOMA SPECIALTY HOSPITAL,Sonoma Specialty Hospital
cc:ee5631cc-07b2-4d8d-bb7a-50d0d633d7f6,MERCY HOSPITAL CASSVILLE,Mercy Hospital Cassville
cc:ee6514fd-8595-4b65-b0ed-7ef9126fabe1,WEST FELICIANA HOSPITAL,West Feliciana Hospital
cc:ee6a3a24-5220-4d83-b366-b7921234ca22,TIPPAH COUNTY HOSPITAL,Tippah County Hospital
cc:ee6ef37b-d5d9-4b8b-a524-5ae1d80ad596,MONTE NIDO WALDEN,Monte Nido Walden
cc:ee79bc0c-ed31-48a5-9e35-4bc99f632001,UPLAND HILLS HEALTH,Upland Hills Health
cc:ee7c7fbc-5b90-4325-a48a-5a4738342b29,UH BEACHWOOD MEDICAL CENTER,UH Beachwood Medical Center
cc:ee7fd0b3-d340-4714-8673-7d3b4a3d4561,CLEVELAND CLINIC REHABILITATION HOSPITAL BEACHWOOD,Cleveland Clinic Rehabilitation Hospital Beachwood
cc:ee81fcc2-14f7-4dcf-baaf-31ab07700cea,METHODIST UNIVERSITY HOSPITAL,Methodist University Hospital
cc:ee8dbbdf-6c65-4c3e-887a-2864f2d073f7,UPMC BEDFORD,UPMC Bedford
cc:eea136b0-0882-4b7e-93d6-bb5614c5c73a,MEMORIAL MEDICAL CENTER,Memorial Medical Center
cc:eeaa1491-5fdc-48d1-bcf0-7df1d5d8b668,UOFL HEALTH - JEWISH HOSPITAL,UofL Health - Jewish Hospital
cc:eebea7f2-df42-4f2b-8582-325861a46f4d,NEIGHBORS EMERGENCY CENTER PEARLAND,Neighbors Emergency Center Pearland
cc:eecee94c-92a7-47ff-8a63-8406b4240f97,CLEVELAND CLINIC UNION HOSPITAL,Cleveland Clinic Union Hospital
cc:eef093ce-a38e-4876-8061-7d7c4f0f285a,SHOSHONE MEDICAL CENTER,Shoshone Medical Center
cc:eef513e6-d96a-49e4-986d-4718b731036f,OUR LADY OF THE LAKE REGIONAL MEDICAL CENTER,Our Lady of the Lake Regional Medical Center
cc:ef0525fb-91dc-449c-b619-9d14173ffcfe,UCSF HEALTH STANYAN HOSPITAL,UCSF Health Stanyan Hospital
cc:ef1d0b83-840f-426a-8edf-dbb8a1f56134,PARKVIEW BRYAN HOSPITAL,Parkview Bryan Hospital
cc:ef202563-0c41-420d-9db6-9cba42d6e0ef,PENNSYLVANIA HOSPITAL,Pennsylvania Hospital
cc:ef20ca54-293c-480b-bd55-afd6850f99a8,BROADLAWNS CITYVILLE CLINIC,Broadlawns Cityville Clinic
cc:ef4bd0ce-5da7-4c87-9694-6d93b40baa0e,ARIZONA SPECIALTY HOSPITAL,Arizona Specialty Hospital
cc:ef5092c5-ad4c-4f3d-a9a1-5e2d165a864f,INTERMOUNTAIN HEALTH PRIMARY CHILDREN'S HOSPITAL - TAYLORSVILLE,Intermountain Health Primary Children's Hospital - Taylorsville
cc:ef572098-ae42-4ade-86a2-6ead2a93e275,COLUSA MEDICAL CENTER-ACUTE,Colusa Medical Center-Acute
cc:ef637bf0-8e86-4b7d-8501-5ba2f83490c7,GILA REGIONAL MEDICAL CENTER,Gila Regional Medical Center
cc:ef7da1f7-7d8d-4e17-b429-2034d72f9d07,PIONEER MEMORIAL HOSPITAL,Pioneer Memorial Hospital
cc:ef9fdcab-8e7d-499d-9a0c-51ab81c94762,PARKLAND HEALTH CENTER - BONNE TERRE,Parkland Health Center - Bonne Terre
cc:efacad0d-8d03-4e3a-8930-3400c30b8bd4,ASCENSION SACRED HEART REHABILITATION HOSPITAL,Ascension Sacred Heart Rehabilitation Hospital
cc:efb1f5ea-9489-4482-8e5c-841b5b813390,HONORHEALTH JOHN C. LINCOLN MEDICAL CENTER,HonorHealth John C. Lincoln Medical Center
cc:efb79b4d-2f24-438d-af12-13dd750e1d42,COOKEVILLE REGIONAL MEDICAL CENTER,Cookeville Regional Medical Center
cc:efc397e1-9bb1-42a7-a30e-dd7b9c1383eb,MOUNTAINS COMMUNITY HOSPITAL,Mountains Community Hospital
cc:efd20a3f-f450-476a-9401-433e04873a9f,CLIFTON SPRINGS HOSPITAL,Clifton Springs Hospital
cc:efdbaa22-b236-4885-9291-f5d77275fe27,GARFIELD PARK HOSPITAL,Garfield Park Hospital
cc:eff05f4b-0b7a-4765-b1eb-f90bc40b133a,MONROE REGIONAL HOSPITAL,Monroe Regional Hospital
cc:eff2a19a-5196-4fa1-ba23-517b62f1f29c,SANFORD WORTHINGTON MEDICAL CENTER,Sanford Worthington Medical Center
cc:eff51df9-c33d-4999-b1e2-9eadc598e1a9,BAPTIST HEALTH REHABILITATION INSTITUTE,Baptist Health Rehabilitation Institute
cc:eff9daf5-a21c-4655-a2e8-7e917fc40525,NEBRASKA MEDICAL CENTER,Nebraska Medical Center
cc:f0051510-ff8f-4395-aacc-34d3c3147d50,GOOD SAMARITAN HOSPITAL MISSION OAKS,Good Samaritan Hospital Mission Oaks
cc:f00dbc32-0fef-4557-96da-07336d785824,UVA PRINCE WILLIAM MEDICAL CENTER,UVA Prince William Medical Center
cc:f015d317-5b00-415c-b775-f6a298ca977d,PALOMAR MEDICAL CENTER ESCONDIDO,Palomar Medical Center Escondido
cc:f01a8095-7d6c-4c2e-b11f-628eef4b0317,CHASE COUNTY COMMUNITY HOSPITAL,Chase County Community Hospital
cc:f01cda1d-38f2-46e6-9904-0fef647134f5,LORING HOSPITAL,Loring Hospital
cc:f024282b-b4f8-4dfe-95a4-7562ef0dd8bb,MEDSTAR HEALTH PHYSICAL THERAPY AT POTOMAC,MedStar Health Physical Therapy at Potomac
cc:f04f7f6d-e005-44da-a548-7cb2afb7528a,SECAUCUS UNIVERSITY HOSPITAL,Secaucus University Hospital
cc:f05667bc-a548-443e-a890-137d06b5e146,SAN MATEO MEDICAL CENTER,San Mateo Medical Center
cc:f05b7d10-8265-4a63-bcfc-8070acf8ed5c,KINDRED HOSPITAL SEATTLE - FIRST HILL,Kindred Hospital Seattle - First Hill
cc:f0685d43-abff-4cc7-bb19-6b45f48e1403,OAKWOOD SPRINGS,Oakwood Springs
cc:f07fb6e8-ff9a-4ace-b64e-76778101d83c,ST JOSEPH'S HOSPITAL,St. Joseph's Hospital
cc:f097f84f-2033-4c5b-8795-1379a2bcc65c,SURGERY SPECIALTY HOSPITALS OF AMERICA SOUTHEAST HOUSTON,Surgery Specialty Hospitals of America Southeast Houston
cc:f09bb047-6fe4-4dbd-88c5-ffed477e5bb4,ORLANDO HEALTH EMERGENCY ROOM - LUTZ,Orlando Health Emergency Room - Lutz
cc:f09c9d6d-f50f-4479-b768-df3b12525ae5,FIELD MEMORIAL COMMUNITY HOSPITAL,Field Memorial Community Hospital
cc:f0b00498-bc5f-4ae3-a299-08c38c8f838c,HOLY FAMILY MEDICAL CENTER,Holy Family Medical Center
cc:f0b0c835-0fea-47bf-ac3c-887e91d9ad4f,PRESBYTERIAN HOSPITAL,Presbyterian Hospital
cc:f0b0facc-0941-4e2a-aed6-feaff1a4f391,MERCYONE GENESIS DAVENPORT MEDICAL CENTER,Mercyone Genesis Davenport Medical Center
cc:f0ba25b9-94e1-43f7-bbe6-9cf95be81f4f,MUSC HEALTH COLUMBIA MEDICAL CENTER DOWNTOWN,MUSC Health Columbia Medical Center Downtown
cc:f0bfd26c-744b-47b8-9c18-12a81c062d48,FLEMING COUNTY HOSPITAL,Fleming County Hospital
cc:f0d75919-9d6e-46cd-838c-ab4ad9dc0a95,JEROLD PHELPS COMMUNITY HOSPITAL,Jerold Phelps Community Hospital
cc:f0d8a84a-50ae-4b37-9185-cfbf34338fdb,CARILION GILES COMMUNITY HOSPITAL,Carilion Giles Community Hospital
cc:f0f69a4d-bf22-4486-8e8a-1bc825ec2ac5,ROLLING PLAINS MEMORIAL HOSPITAL,Rolling Plains Memorial Hospital
cc:f1061d00-b05b-4bcb-a039-d8f6c8cd2009,ALTON MENTAL HEALTH CENTER,Alton Mental Health Center
cc:f10753b5-aef9-487a-b6fc-a71b71b27f3c,EUREKA SPRINGS HOSPITAL,Eureka Springs Hospital
cc:f1100d68-43e8-4c1e-b1c3-f0f9da2549d3,GOVE COUNTY MEDICAL CENTER,Gove County Medical Center
cc:f1118c9f-24e0-40aa-9c29-9ec3af702328,FRANCISCAN HEALTH ORTHOPEDIC HOSPITAL CARMEL,Franciscan Health Orthopedic Hospital Carmel
cc:f11db830-d230-4eea-a61b-4ceee40b5c2e,TAYLOR REGIONAL HOSPITAL,Taylor Regional Hospital
cc:f1284fe5-2e39-4797-bb44-8aa8d1281470,SUMMIT PACIFIC MEDICAL CENTER,Summit Pacific Medical Center
cc:f136c980-6e39-4ae4-a9f4-3429ab97316e,CHEROKEE REGIONAL MEDICAL CENTER,Cherokee Regional Medical Center
cc:f140b920-5d42-4888-826c-708c04048bac,BON SECOURS RAPPAHANNOCK GENERAL HOSPITAL,Bon Secours Rappahannock General Hospital
cc:f14273a8-cc46-45c4-8f8e-c58953eaf72e,WESTPARK SPRINGS,Westpark Springs
cc:f14b2312-003e-4df3-8724-061545b00237,SHIRLEY RYAN ABILITYLAB,Shirley Ryan Abilitylab
cc:f14eed9a-9a71-44c2-ab25-e96c3abe57f0,AURORA MEDICAL CENTER BURLINGTON,Aurora Medical Center Burlington
cc:f150fda4-9a27-4f52-8820-8054535287f5,LCMC HEALTH EMERGENCY CARE DOWNTOWN,LCMC Health Emergency Care Downtown
cc:f1608f91-a3a8-42e0-bed5-b2184a51689e,SETON MEDICAL CENTER,Seton Medical Center
cc:f1664199-a94e-4100-824a-eae21e6dd24d,FREEMAN REGIONAL HEALTH SERVICES,Freeman Regional Health Services
cc:f166455d-2f6e-4b06-ac17-7dfb78b11094,CHATUGE REGIONAL HOSPITAL,Chatuge Regional Hospital
cc:f16aef35-0e63-4ad6-a164-0f0da32bf4c7,UH REHABILITATION HOSPITAL IN BEACHWOOD,UH Rehabilitation Hospital in Beachwood
cc:f17cac4e-7489-4a15-9c2c-e96e1548c969,UINTAH BASIN MEDICAL CENTER,Uintah Basin Medical Center
cc:f186c037-e168-4233-a1e8-c61fe9e1c1c7,HIALEAH HOSPITAL,Hialeah Hospital
cc:f1879856-0c5e-492e-807b-3ab0ec1df021,METHODIST HOSPITAL,Methodist Hospital
cc:f18c393b-924d-4bb6-af85-6e39502084eb,GRANT REGIONAL HEALTH CENTER,Grant Regional Health Center
cc:f192caa9-451f-4306-a4e9-7daad17970fb,SELECT SPECIALTY HOSPITAL - MIDTOWN ATLANTA,Select Specialty Hospital - Midtown Atlanta
cc:f1af4339-2735-40af-aa0a-83bcaa03fbd4,SOUTH CENTRAL HEALTH,South Central Health
cc:f1b8e868-c2f4-4311-b635-94fc31f12c77,HICKORY TRAIL HOSPITAL,Hickory Trail Hospital
cc:f1bdfe3e-706a-4e3e-b6f8-2ed6d5f39de9,COALINGA REGIONAL MEDICAL CENTER,Coalinga Regional Medical Center
cc:f1d73792-8496-4e6f-9a55-b05bdd9d5263,WYOMING COUNTY COMMUNITY HOSPITAL,Wyoming County Community Hospital
cc:f1e07cb1-2d46-412f-ab39-d52480dd80ec,MERCY HOSPITAL ST. LOUIS,Mercy Hospital St. Louis
cc:f1e1481a-8912-4967-9f1a-b15c35ef59ed,SIERRA TUCSON,Sierra Tucson
cc:f1ed8b6b-2c82-4fca-a177-30e8c4eb9cc3,TORRANCE MEMORIAL MEDICAL CENTER,Torrance Memorial Medical Center
cc:f1f30eb6-d912-45f4-a32d-3fae86e6e952,SOUTHERN HILLS HOSPITAL AND MEDICAL CENTER,Southern Hills Hospital and Medical Center
cc:f2012a6b-7dde-471a-8859-e823fb627d79,ASPIRUS IRON RIVER HOSPITAL,Aspirus Iron River Hospital
cc:f20ef538-c4b6-4ab0-a29d-27b933afd325,BEACON BEHAVIORAL OUTPATIENT HAMMOND,Beacon Behavioral Outpatient Hammond
cc:f218df6a-3286-4092-8147-f0eff2c6df5b,CHI ST. ALEXIUS HEALTH CARRINGTON,CHI St. Alexius Health Carrington
cc:f2219120-5a5f-4048-bac3-8b26b6e73e8b,HCA FLORIDA JFK HOSPITAL,HCA Florida JFK Hospital
cc:f22358c1-5e00-4c8f-95af-739054f5970b,HALIFAX HEALTH MEDICAL CENTER OF DAYTONA BEACH,Halifax Health Medical Center of Daytona Beach
cc:f224f9bc-db53-4027-929b-abe55f58f2ab,PUERTO RICO WOMEN AND CHILDRENS HOSPITAL,Puerto Rico Women and Childrens Hospital
cc:f22c1404-43ee-4f98-8112-1ef7e66c36b2,COLUMBUS SPRINGS DUBLIN,Columbus Springs Dublin
cc:f2396800-1644-44f2-b5c9-48f37ea6045f,MCLAREN GREATER LANSING,McLaren Greater Lansing
cc:f23f654e-54d3-43c8-b9b9-370dcda524cd,INDIAN PATH COMMUNITY HOSPITAL,Indian Path Community Hospital
cc:f254bc09-5de1-4e80-9628-68077bf86324,WILBARGER GENERAL HOSPITAL,Wilbarger General Hospital
cc:f255f1cc-c035-4434-bf49-54ed3bc9e8a5,SCOTT COUNTY HOSPITAL,Scott County Hospital
cc:f2578f6a-160d-4701-b963-cbaadc852444,UCHICAGO MEDICINE INGALLS MEMORIAL,UChicago Medicine Ingalls Memorial
cc:f25837ae-99f3-4957-abff-34b54111ec2a,COFFEY COUNTY HOSPITAL,Coffey County Hospital
cc:f26ad758-27f7-4415-a1ee-9c66872b3e96,WELLSPAN EVANGELICAL COMMUNITY HOSPITAL,WellSpan Evangelical Community Hospital
cc:f26bfe4c-b58d-4416-931c-931ffa9e7ca3,OLD VINEYARD BEHAVIORAL HEALTH SERVICES,Old Vineyard Behavioral Health Services
cc:f2765699-350e-44cc-a030-09bce609bc17,DELHI HOSPITAL,Delhi Hospital
cc:f28493bc-10e1-4f53-bf8f-5cb7e31bb8a7,PEACEHEALTH COTTAGE GROVE COMMUNITY HOSPITAL,Peacehealth Cottage Grove Community Hospital
cc:f28e6eba-0824-4975-86d9-10a67e1ae386,BAYLOR SCOTT & WHITE SURGICAL HOSPITAL FORT WORTH,Baylor Scott & White Surgical Hospital Fort Worth
cc:f297f530-12a1-4021-b3d1-bcd4e4b51154,HOUSTON COUNTY COMMUNITY HOSPITAL,Houston County Community Hospital
cc:f2a1ac64-ee5c-40c9-b4ea-39289d1ea723,UH CONNEAUT MEDICAL CENTER,UH Conneaut Medical Center
cc:f2c679d4-2667-4484-90d4-9d6461d294ca,OUTPATIENT CARE AT BRIARGATE,Outpatient Care at Briargate
cc:f2d976e7-31f3-4718-bbe4-279224d24fe8,PRESBYTERIAN SANTA FE MEDICAL CENTER,Presbyterian Santa Fe Medical Center
cc:f2dc02b9-0c2f-459e-8995-fe586ac60472,ADCARE HOSPITAL OF WORCESTER,Adcare Hospital of Worcester
cc:f2e9afab-325b-4d02-b13a-c27820f8fd5b,CENTRACARE RICE MEMORIAL HOSPITAL,Centracare Rice Memorial Hospital
cc:f2f9f56f-7964-4cba-9e34-3bca8d867bc6,HUGGINS HOSPITAL,Huggins Hospital
cc:f302ba52-aafa-4e63-a642-5d149fd5860f,KALEIDA HEALTH BUFFALO GENERAL MEDICAL CENTER,Kaleida Health Buffalo General Medical Center
cc:f31bece9-3ef4-428e-a56c-aeba2cf4e65f,HCA FL PEA RIDGE ER,HCA Fl Pea Ridge ER
cc:f31febc0-418e-422a-9171-bbc1500ab4ce,MEDICAL CITY MENTAL HEALTH AND WELLNESS CENTER ALLIANCE,Medical City Mental Health and Wellness Center Alliance
cc:f323acb1-6068-4da7-8dbc-b1a87d08f8bd,SELECT SPECIALTY HOSPITAL - BOARDMAN,Select Specialty Hospital - Boardman
cc:f3334a82-4d7a-4df4-904b-3180d9ef8d0f,THE HOSPITALS OF PROVIDENCE HORIZON CITY CAMPUS,The Hospitals of Providence Horizon City Campus
cc:f3459f39-fa03-412d-b590-7a233c1f4310,WAGNER COMMUNITY MEMORIAL HOSPITAL AVERA,Wagner Community Memorial Hospital Avera
cc:f348c40f-8a6d-488e-80d0-8f500629fff8,PEACEHEALTH SACRED HEART MEDICAL CENTER RIVERBEND,Peacehealth Sacred Heart Medical Center Riverbend
cc:f3548b65-88a1-43e2-b7c5-a6069b9054f9,CORONA REGIONAL MEDICAL CENTER,Corona Regional Medical Center
cc:f3574f8c-ead8-4a68-beaf-61b7d734de82,BANNER LASSEN MEDICAL CENTER,Banner Lassen Medical Center
cc:f360c9a9-30bf-4433-8002-4d6c9894ef32,WEST TENNESSEE HEALTHCARE REHABILITATION HOSPITAL CANE CREEK,West Tennessee Healthcare Rehabilitation Hospital Cane Creek
cc:f3648595-31f1-4b14-8d94-b15b32e7bde1,SSM HEALTH ST. MARY'S HOSPITAL - JEFFERSON CITY,SSM Health St. Mary's Hospital - Jefferson City
cc:f374d60b-8b53-4b4a-bdac-1ac038003376,OCHSNER REHABILITATION HOSPITAL,Ochsner Rehabilitation Hospital
cc:f382f6e0-e76d-4ad1-ac39-d2c46f0c99d4,COMMUNITY HOSPITAL NORTH,Community Hospital North
cc:f38e77a9-ca44-4914-b51b-97273adfa81a,HCA FLORIDA HIGHLANDS HOSPITAL,HCA Florida Highlands Hospital
cc:f394ed9c-3e30-4924-9d25-89c3f17706cd,DALLAM HARTLEY COUNTIES HOSPITAL DISTRICT,Dallam Hartley Counties Hospital District
cc:f39a57b9-f086-4a9f-b718-fe88c80caf35,MERCY HOSPITAL - UNITY CAMPUS,Mercy Hospital - Unity Campus
cc:f3a6bc26-bf45-4146-aacc-5e79f4451277,MONUMENT HEALTH CUSTER HOSPITAL,Monument Health Custer Hospital
cc:f3b30465-2972-496c-b026-b8471ae13828,GUNDERSEN PALMER LUTHERAN HOSPITAL,Gundersen Palmer Lutheran Hospital
cc:f3badadd-0012-4ecf-9470-7a71cad7661c,PROVIDENCE LITTLE COMPANY OF MARY MEDICAL CENTER SAN PEDRO,Providence Little Company of Mary Medical Center San Pedro
cc:f3ca6f22-5316-49a0-baee-6f54269533e5,KETTERING HEALTH BEHAVIORAL MEDICAL CENTER,Kettering Health Behavioral Medical Center
cc:f3cf51cb-38a7-4cd2-a632-34a43dbcbada,SSM HEALTH ST. ANTHONY SHAWNEE HOSPITAL,SSM Health St. Anthony Shawnee Hospital
cc:f3d960e1-de73-405c-a29a-a5ae8ef4a206,UTMB HEALTH CLEAR LAKE CAMPUS,UTMB Health Clear Lake Campus
cc:f3dab4d5-d6c6-4be5-8ea0-721024900edf,MOAB REGIONAL HOSPITAL,Moab Regional Hospital
cc:f3e804ec-fb59-4251-894e-a7b73d44c6f5,VALLEYWISE HEALTH MEDICAL CENTER,Valleywise Health Medical Center
cc:f40ecce4-9412-4568-9ee7-0a5b754ef29b,ENCOMPASS HEALTH REHABILITATION HOSPITAL,Encompass Health Rehabilitation Hospital
cc:f411be48-8d21-480c-bd9e-e79b0e67db60,HILO BENIOFF MEDICAL CENTER,Hilo Benioff Medical Center
cc:f415819d-9561-4f98-bae7-9df29a6629b7,CANDLER COUNTY HOSPITAL,Candler County Hospital
cc:f419f2ec-4b55-4890-ad85-395d36ce0627,PENN MEDICINE CHESTER COUNTY HOSPITAL,Penn Medicine Chester County Hospital
cc:f41ed7b2-9e47-419b-b7eb-ae18b4d7e37c,ORLANDO HEALTH WIREGRASS RANCH HOSPITAL,Orlando Health Wiregrass Ranch Hospital
cc:f423a4c5-69a5-4eb7-ad73-cdf7a417e93d,EMERALD COAST BEHAVIORAL HOSPITAL,Emerald Coast Behavioral Hospital
cc:f4253f74-a4ba-442a-89b6-2050c017076c,NORTH SHORE MEDICAL CENTER,North Shore Medical Center
cc:f4304576-851e-42a4-ba95-ddc8e095abed,CATHOLIC HEALTH ST. CHARLES HOSPITAL,Catholic Health St. Charles Hospital
cc:f435ea8f-16ca-4462-b9fb-5b6828a625a6,BROWN COUNTY HOSPITAL,Brown County Hospital
cc:f4390e36-0ceb-4381-a4b0-6451f99867dc,TRISTAR GREENVIEW REGIONAL HOSPITAL,TriStar Greenview Regional Hospital
cc:f45a061c-1b1c-442a-8bd9-efbe306041c1,BAXTER HEALTH,Baxter Health
cc:f45d2d0c-79a0-4161-9f67-f28684f38959,HCA HEALTHONE BELMAR ER,HCA HealthONE Belmar ER
cc:f45fb6e3-046d-411d-9c52-313280e76671,ST. VINCENT'S HOSPITAL WESTCHESTER,St. Vincent's Hospital Westchester
cc:f4609baf-7706-4c4d-a1ab-f07bdf931f27,VCU HEALTH COMMUNITY MEMORIAL HOSPITAL,VCU Health Community Memorial Hospital
cc:f467c8e6-e804-4145-a851-9882c897cf76,UPMC MERCY,UPMC Mercy
cc:f46a489a-b5b5-4090-8991-988cb9fa45de,GIRARD MEDICAL CENTER,Girard Medical Center
cc:f46c1e13-105b-4af3-af88-13676256a50e,CLIVE BEHAVIORAL HEALTH,Clive Behavioral Health
cc:f470e714-fc8d-4340-bf92-c063aee8cd7c,SELECT SPECIALTY HOSPITAL - PHOENIX DOWNTOWN,Select Specialty Hospital - Phoenix Downtown
cc:f4757a0e-d034-4c7e-aa9e-dbd320a0695d,MADONNA REHABILITATION HOSPITAL,Madonna Rehabilitation Hospital
cc:f47761f3-aa6b-4c16-9906-b4d56a0a2bb4,FRANKLIN MEDICAL CENTER,Franklin Medical Center
cc:f47bc858-2fc7-46d6-9b89-391b053121cb,ASTRIA SUNNYSIDE HOSPITAL,Astria Sunnyside Hospital
cc:f4830f18-a52a-4217-992e-e98a9d83e686,AVERA DELLS AREA HOSPITAL,Avera Dells Area Hospital
cc:f48e69e6-2e84-4799-a3ae-e0fcb4375cf9,PENN HIGHLANDS DUBOIS BEHAVORIAL HEALTH,Penn Highlands DuBois Behavorial Health
cc:f498b22e-f905-4031-99d8-f04367a529ec,HCA FLORIDA BAYONET POINT HOSPITAL,HCA Florida Bayonet Point Hospital
cc:f4aacb24-35be-472f-859a-16b704b7c52d,OSF SACRED HEART MEDICAL CENTER,OSF Sacred Heart Medical Center
cc:f4adb6b2-f4a4-43d9-9f9f-b3ce83bc9ea1,CHILDREN'S OF ALABAMA BENJAMIN RUSSELL HOSPITAL,Children's of Alabama Benjamin Russell Hospital
cc:f4ae693f-0137-416c-84e0-05c9deb4b12c,ADVENTHEALTH DAYTONA BEACH,AdventHealth Daytona Beach
cc:f4b0dd22-3002-494d-a014-8d3f853cf22f,PIPESTONE COUNTY MEDICAL CENTER & FAMILY CLINIC AVERA,Pipestone County Medical Center & Family Clinic Avera
cc:f4c14764-c7d6-4c7b-93db-3d45bdc21a7e,UNITYPOINT HEALTH GRINNELL REGIONAL MEDICAL CENTER,UnityPoint Health Grinnell Regional Medical Center
cc:f4ca9b7d-8fc2-40ac-87a2-81998f92348d,O'BLENESS MEMORIAL HOSPITAL,O.'Bleness Memorial Hospital
cc:f4d227b4-966d-43a2-8792-e106306d9948,UNIVERSITY OF TEXAS M.D. ANDERSON CANCER CENTER,University of Texas M.D. Anderson Cancer Center
cc:f4d5a208-e192-4734-9cde-8559861e3dd7,TRINITY HEALTH KENMARE HOSPITAL,Trinity Health Kenmare Hospital
cc:f4d62e3e-d976-4007-8543-6fd5037fc8a3,UNITY PSYCHIATRIC CARE MEMPHIS,Unity Psychiatric Care Memphis
cc:f4df04dc-a542-447d-b280-1d0cc5382f95,MEDSTAR HEALTH PHYSICAL THERAPY AT LAKE RIDGE,MedStar Health Physical Therapy at Lake Ridge
cc:f4e2bd88-826a-49ac-be9b-1473c40feeff,KERN PSYCHIATRIC HEALTH FACILITY,Kern Psychiatric Health Facility
cc:f4ea4772-d848-4f1a-b7a8-671efe2e6eea,BRIDGEPORT HOSPITAL,Bridgeport Hospital
cc:f4fb6368-038e-4260-bb19-60e46ccca1ce,CRENSHAW COMMUNITY HOSPITAL,Crenshaw Community Hospital
cc:f4fcb6dc-beda-47c1-b891-b1c46b35694f,BAYLOR SURGICAL HOSPITAL AT LAS COLINAS,Baylor Surgical Hospital at las Colinas
cc:f4fff10d-dad9-405c-ad1d-716102b045d2,WOOD COUNTY HOSPITAL,Wood County Hospital
cc:f50a9622-0f5c-4d29-9603-5d53bb724a87,HENRY FORD PROVIDENCE SOUTHFIELD HOSPITAL,Henry Ford Providence Southfield Hospital
cc:f51393fc-e801-4e9f-8ca1-d9d7fbe98c93,FRANCISCAN HEALTHCARE,Franciscan Healthcare
cc:f5154e83-2afa-4347-9ff7-0d51ec4ed739,SOUTH TEXAS HEALTH SYSTEM MCALLEN,South Texas Health System McAllen
cc:f5270949-8790-42fd-9824-49405c72d857,CLINCH MEMORIAL HOSPITAL,Clinch Memorial Hospital
cc:f529cea0-dbf4-477e-a36d-e84bbda5f6cc,MEMORIAL HOSPITAL,Memorial Hospital
cc:f53594ce-96c0-4b3b-8f18-bb9157ac3b30,COMMUNITY SURGERY CENTER PLUS,Community Surgery Center Plus
cc:f550109e-e51a-4985-a27f-f9f10e542d78,HCA HEALTHONE SKY RIDGE,HCA HealthONE Sky Ridge
cc:f55b9a03-ae21-4255-8885-f93392eaa22b,ADVOCATE ILLINOIS MASONIC MEDICAL CENTER,Advocate Illinois Masonic Medical Center
cc:f55bce19-57e3-4510-ae28-08e04d8ed3f9,CORDOVA COMMUNITY MEDICAL CENTER,Cordova Community Medical Center
cc:f57119ca-c343-48df-8e76-309b0b44e74d,CHRISTIANA HOSPITAL,Christiana Hospital
cc:f580f177-54f3-4f7e-b69d-3c2135dec4f3,CROSSBRIDGE BEHAVIORAL HEALTH,Crossbridge Behavioral Health
cc:f58b7f6c-da37-4c6e-899c-a090df612c99,ST LUKE'S ORTHOPEDIC HOSPITAL WEST END CAMPUS,St. Luke's Orthopedic Hospital West End Campus
cc:f5947ac1-7f5a-405b-a9ba-e155959fb4e4,ST LUKE'S MEDICAL CENTER,St. Luke's Medical Center
cc:f59878f0-e417-41ac-a455-764540282a35,SAINT FRANCIS CLINIC POPLAR BLUFF,Saint Francis Clinic Poplar Bluff
cc:f5a354ae-1215-411d-bc41-bfeff6330fd4,NORTH SHORE UNIVERSITY HOSPITAL,North Shore University Hospital
cc:f5a50675-71b7-4992-814b-8d04e8b11bf5,MADISON COMMUNITY HOSPITAL,Madison Community Hospital
cc:f5ad246b-adaa-4a4a-a5dd-cd9dcb62e718,BILLINGS CLINIC BROADWATER,Billings Clinic Broadwater
cc:f5ad4435-71b6-41bb-aeb7-b8166ff8eed3,COTEAU HEALTH CARE SYSTEM HOSPITAL,Coteau Health Care System Hospital
cc:f5b01bea-2d1e-471f-8a3a-2385ec0f6981,PHYSICIANS REGIONAL - NORTH,Physicians Regional - North
cc:f5b07d87-15bb-4288-80de-06dc98ff23be,TRUSTPOINT REHABILITATION HOSPITAL OF LUBBOCK,Trustpoint Rehabilitation Hospital of Lubbock
cc:f5bdc0c8-d41e-41d9-ac1f-630b85f5f066,HUNTERDON MEDICAL CENTER,Hunterdon Medical Center
cc:f5c8bebf-1076-4e94-9f34-871848ddf2e0,MOUNT SINAI QUEENS,Mount Sinai Queens
cc:f5cb7059-a391-47ec-9a60-dd05de1f85f5,PENN MEDICINE LANCASTER GENERAL HOSPITAL,Penn Medicine Lancaster General Hospital
cc:f5d6d2e6-bd97-45e4-b84d-0266db31c567,ST JOSEPH'S HOSPITAL HEALTH HOSPITAL,St. Joseph's Hospital Health Hospital
cc:f5dac247-a828-4364-a581-17386c04902c,ROTHMAN ORTHOPAEDIC SPECIALTY HOSPITAL,Rothman Orthopaedic Specialty Hospital
cc:f5deee74-075b-4b22-b7c7-dd9c62f786d6,STAT SPECIALTY HOSPITAL LAREDO SOUTH,Stat Specialty Hospital Laredo South
cc:f5ebc375-edec-4a6c-8e61-7ad402968ad0,COMMONSPIRIT ST. FRANCIS HOSPITAL - INTERQUEST,Commonspirit St. Francis Hospital - Interquest
cc:f5ec7af5-e89f-4624-94eb-e0f3e1edd317,ENCOMPASS HEALTH REHABILITATION HOSPITAL OF PRINCETON,Encompass Health Rehabilitation Hospital of Princeton
cc:f5fd9e95-4106-44b1-a1e3-a36a559d44ce,CHI ST FRANCIS HEALTH,CHI St. Francis Health
cc:f600619b-908c-4896-bbaa-0e81dae8f30a,SAINT BARNABAS BEHAVIORAL HEALTH CENTER,Saint Barnabas Behavioral Health Center
cc:f61e6acf-1e4b-438d-9028-dbd76a7497c6,ST. PETER'S HEALTH REGIONAL MEDICAL CENTER,St. Peter's Health Regional Medical Center
cc:f6230925-88b7-4bdd-bdbc-08fd200067a6,PARKVIEW REGIONAL HOSPITAL,Parkview Regional Hospital
cc:f62f8579-daf8-4c83-b7a5-f4644fb3c382,UT HEALTH NORTH CAMPUS TYLER,UT Health North Campus Tyler
cc:f630a50b-862d-47a9-b554-cde4294275eb,ERLANGER BEHAVIORAL HEALTH HOSPITAL,Erlanger Behavioral Health Hospital
cc:f6488b0e-eb1b-44b6-9ada-a38166cf3c02,KINDRED HOSPITAL INDIANAPOLIS NORTH,Kindred Hospital Indianapolis North
cc:f649353a-895d-4ba9-a8d6-b7793fecd7e7,LEGACY MOUNT HOOD MEDICAL CENTER,Legacy Mount Hood Medical Center
cc:f655f11d-94c4-4e3f-900e-5018a25757d3,PAUL OLIVER MEMORIAL HOSPITAL,Paul Oliver Memorial Hospital
cc:f65fe9be-bbe0-4e59-8564-00e8af2f6397,LONG ISLAND JEWISH VALLEY STREAM,Long Island Jewish Valley Stream
cc:f662ccbb-c5d5-441b-9139-eb72b5d00cb2,SULLIVAN COUNTY COMMUNITY HOSPITAL,Sullivan County Community Hospital
cc:f66da6b2-7af8-4cb2-bc8e-f5a698a2feaf,OPELOUSAS GENERAL SOUTH CAMPUS,Opelousas General South Campus
cc:f671ef53-f618-4559-ad53-8cbf3381a600,CORAL WEST COMMUNITY HOSPITAL,Coral West Community Hospital
cc:f67f9044-9868-41b8-abb7-e1d704e9a4e5,VAIL HEALTH HOSPITAL,Vail Health Hospital
cc:f68a45e0-be68-4a20-a4c8-ff9e9870994f,PRAIRIECARE BROOKLYN PARK INPATIENT HOSPITAL,Prairiecare Brooklyn Park Inpatient Hospital
cc:f69a809d-8341-4937-a128-037ad1d01f17,COBLESKILL REGIONAL HOSPITAL,Cobleskill Regional Hospital
cc:f6a551d2-0f6a-47cc-accd-6bfa2ba9b325,SELECT SPECIALTY HOSPITAL SOUTHEAST OHIO,Select Specialty Hospital Southeast Ohio
cc:f6ab1cd6-c5f7-452f-aa5d-bf833e05f312,NORTHEASTERN NEVADA REGIONAL HOSPITAL,Northeastern Nevada Regional Hospital
cc:f6b3e29f-71bd-4ded-b4a3-bcfe3a163e02,BITTERROOT HEALTH - DALY HOSPITAL,Bitterroot Health - Daly Hospital
cc:f6ba7551-5398-4693-ba0e-9558df2b1963,NYU LANGONE ORTHOPEDIC HOSPITAL,NYU Langone Orthopedic Hospital
cc:f6c4c059-c9c2-4c9e-a453-324a9f5ad2d5,DIGNITY HEALTH CHANDLER REGIONAL MEDICAL CENTER,Dignity Health Chandler Regional Medical Center
cc:f6c6e1be-8bff-467d-b0c7-8181a7ab09fa,COLLEGE MEDICAL CENTER PHOENIX,College Medical Center Phoenix
cc:f6d99cf8-c49a-4af9-8531-825612399c5d,MERCY HEALTH REHABILITATION HOSPITAL,Mercy Health Rehabilitation Hospital
cc:f6e776cd-d891-409b-9e31-02f016a1339a,MORROW COUNTY HOSPITAL,Morrow County Hospital
cc:f6eb434a-7670-4003-838a-3a1f2c33466b,COMMUNITY CARE CENTER,Community Care Center
cc:f6f3ab18-1799-4b5b-88b7-b1b0c0e36829,JERSEY SHORE MEDICAL CENTER,Jersey Shore Medical Center
cc:f6fd17a7-ad2b-4cbc-b04a-d86e4c17cc2f,DETAR HOSPITAL NAVARRO,DeTar Hospital Navarro
cc:f6ff644d-69bf-4b28-9f3d-61ac8c0bb6f3,ARCHVIEW ER & HOSPITAL,Archview ER & Hospital
cc:f700345f-d21a-49c7-a5e7-0dd1b6d7a75d,KINDRED HOSPITAL - ALBUQUERQUE,Kindred Hospital - Albuquerque
cc:f70c2627-6897-4621-a66b-51bfa39511a2,STAMFORD HOSPITAL,Stamford Hospital
cc:f711455d-1126-4fd6-bdf9-0bdfdbe81d4f,PRAGUE REGIONAL MEMORIAL HOSPITAL,Prague Regional Memorial Hospital
cc:f7189bf1-e0a1-4cae-a33d-371fc7e98735,MUSC HEALTH MARION MEDICAL CENTER,MUSC Health Marion Medical Center
cc:f71f6c6d-dc87-48db-bcff-91fa3803e847,UNIVERSITY OF ILLINOIS HOSPITAL,University of Illinois Hospital
cc:f720dd4c-20e4-4430-94ea-5e01a5be2f12,MERCY HOSPITAL SOUTHWEST,Mercy Hospital Southwest
cc:f7247720-f4d9-450d-9c03-2e4883207c7a,SELECT SPECIALTY HOSPITAL - PALM BEACH,Select Specialty Hospital - Palm Beach
cc:f72a081a-2982-4769-9137-0bd881555d33,MAGNOLIA HOSPITAL,Magnolia Hospital
cc:f73751be-260c-497b-adc3-7d269202b41f,CITIZENS MEDICAL CENTER,Citizens Medical Center
cc:f742b3b1-977b-4f75-8593-20a9be0d7fef,ARMSTRONG COUNTY MEMORIAL HOSPITAL,Armstrong County Memorial Hospital
cc:f750cd36-946f-470f-b649-ab6b0c176a76,VAUGHAN REGIONAL MEDICAL CENTER,Vaughan Regional Medical Center
cc:f75e3816-6e5e-4742-a994-063fa11eefa7,MENIFEE GLOBAL MEDICAL CENTER,Menifee Global Medical Center
cc:f7802063-86eb-4701-874d-329f9068bc53,BRIGHTWELL BEHAVIORAL HEALTH MCLAREN,Brightwell Behavioral Health McLaren
cc:f781cfcd-cf08-4b20-bcc1-bfd1d43a18df,LEGENT NORTH HOUSTON SURGICAL HOSPITAL,Legent North Houston Surgical Hospital
cc:f7a309ea-095b-4416-a4a1-c52982240fff,MEMORIAL HERMANN IMAGING CENTER AT TEXAS MEDICAL CENTER,Memorial Hermann Imaging Center at Texas Medical Center
cc:f7a97fd0-6a05-4e10-ad6d-660ad6c77dc6,STONEWALL MEMORIAL HOSPITAL,Stonewall Memorial Hospital
cc:f7b68259-28bd-4c9a-9125-c2c855af1b1d,KNOX COUNTY HOSPITAL,Knox County Hospital
cc:f7b7319e-9e2c-4fe4-b9a9-207c77f6ab66,CITY OF HOPE CHICAGO CANCER HOSPITAL,City of Hope Chicago Cancer Hospital
cc:f7c82092-ffff-405f-8b2c-b4babcdd67ff,NORTHWEST SPECIALTY HOSPITAL,Northwest Specialty Hospital
cc:f7c8ac26-326a-4d34-b011-8befad1a68b8,TAPPAHANNOCK HOSPITAL,Tappahannock Hospital
cc:f7dcc766-8db5-4c2e-a9cb-4f165190e2f0,PAM HEALTH SPECIALTY HOSPITAL OF MIAMISBURG,PAM Health Specialty Hospital of Miamisburg
cc:f7e11bec-bc8f-4471-b9d2-29390c8cfbd3,DOOR COUNTY MEDICAL CENTER,Door County Medical Center
cc:f7e19e4f-721a-4810-b18f-91cd821bf1b2,ADVENTIST HEALTH SIMI VALLEY,Adventist Health Simi Valley
cc:f7efdca0-3ff8-407d-8fe1-e80bedf8cfc0,NORTHBROOK BEHAVIORAL HEALTH HOSPITAL,Northbrook Behavioral Health Hospital
cc:f7f1062f-43a3-4632-b339-912aeec5ae15,HENRY FORD ST. JOHN HOSPITAL,Henry Ford St. John Hospital
cc:f805a26c-05fa-414e-ad2f-68f5cc85ba87,HCA FLORIDA SARASOTA DOCTORS HOSPITAL,HCA Florida Sarasota Doctors Hospital
cc:f807fd1d-8393-4668-9ca5-6d6f1bf59209,LITTLETON REGIONAL HEALTHCARE,Littleton Regional Healthcare
cc:f81921b4-ad06-4b88-83b5-cb443f0f9165,HENNEPIN COUNTY MEDICAL CENTER CAMPUS,Hennepin County Medical Center Campus
cc:f8200448-6b5b-4d39-81d3-8bcb4d6057b9,CLEVELAND CLINIC LUTHERAN HOSPITAL,Cleveland Clinic Lutheran Hospital
cc:f8293562-7b7f-4a6e-b2b7-b3c627ee9ed9,ADVENTIST HEALTH COLUMBIA GORGE,Adventist Health Columbia Gorge
cc:f83b1736-7fc2-43ac-8630-dd222bdbb8d5,HCA FLORIDA PALMS WEST HOSPITAL,HCA Florida Palms West Hospital
cc:f83b3ea9-7e88-4ae3-a6cb-e25ae14c8ccc,PENN HIGHLANDS CONNELLSVILLE,Penn Highlands Connellsville
cc:f847d6da-a5e9-4243-9343-039ff1485e04,FIRST SURGICAL HOSPITAL,First Surgical Hospital
cc:f86739c7-f784-4e6c-8fdd-afc9c8b78c2d,CHRISTUS HEALTH PINE STREET,CHRISTUS Health Pine Street
cc:f8765642-6020-448c-9da5-c51e7a2ee65f,HCA HEALTHONE SOUTH PARKER ER,HCA HealthONE South Parker ER
cc:f8802930-c925-4c30-a758-ec82ae6f79db,UOFL HEALTH - MEDICAL CENTER SOUTH,UofL Health - Medical Center South
cc:f8919d4f-19fd-4c7d-8475-10d0a503b9ba,MOORE COUNTY HOSPITAL DISTRICT,Moore County Hospital District
cc:f891f07a-8a6c-42d7-aa02-bc0cd0b65960,GENESIS BEHAVIORAL HEALTH CROWLEY,Genesis Behavioral Health Crowley
cc:f8985573-61ce-405b-bb0a-37acc78806e7,STILLWATER MEDICAL CENTER,Stillwater Medical Center
cc:f8a835c5-dfab-47fd-9e1e-635003878df2,ENCOMPASS HEALTH REHABILITATION HOSPITAL OF CINCINNATI,Encompass Health Rehabilitation Hospital of Cincinnati
cc:f8cb12bd-ca95-4be1-8689-f20043a25ed1,POTOMAC VALLEY HOSPITAL,Potomac Valley Hospital
cc:f8cf593c-d462-4089-ba76-6fd61bc5ae59,CONNECTICUT CHILDRENS MEDICAL CENTER,Connecticut Childrens Medical Center
cc:f8cfe0f3-49bc-4c58-b311-1747344e8215,AXIOM BEHAVIORAL HEALTH,Axiom Behavioral Health
cc:f8d1f9f3-7703-40fc-8d2e-0df227d547bb,PORTNEUF MEDICAL CENTER,Portneuf Medical Center
cc:f8d9cc4e-e593-452d-ab35-452f83f558e9,LA PALMA INTERCOMMUNITY HOSPITAL,La Palma Intercommunity Hospital
cc:f8ea4ebc-fd4a-4e86-b089-bfdc6e8b487f,MONTEFIORE WESTCHESTER SQUARE CAMPUS,Montefiore Westchester Square Campus
cc:f8ee173c-44d7-428d-908d-e0787cc626ed,COMPASS BEHAVIORAL CENTER OF LAFAYETTE,Compass Behavioral Center of Lafayette
cc:f8ef102c-9aa7-4ccf-a18c-2ca43cc5834e,METHODIST SPECIALTY & TRANSPLANT HOSPITAL,Methodist Specialty & Transplant Hospital
cc:f926487e-922f-49e5-bf68-0b2dc68b1da3,"CHILDREN'S HOSPITAL COLORADO, COLORADO SPRINGS","Children's Hospital Colorado, Colorado Springs"
cc:f9313e86-e07f-4409-a244-ee77e0ca0788,PINNACLE POINTE HOSPITAL,Pinnacle Pointe Hospital
cc:f939c389-81d5-4239-96b2-72b0b7bf3b27,ROUNDUP MEMORIAL HEALTHCARE,Roundup Memorial Healthcare
cc:f93d62f2-b0e4-4c19-b4b8-afe570030eab,MEMORIAL STONE COUNTY HOSPITAL,Memorial Stone County Hospital
cc:f93dae2b-7365-4d5e-b355-762209a20454,ARKANSAS METHODIST MEDICAL CENTER,Arkansas Methodist Medical Center
cc:f94683da-b45f-46c3-bef0-6d08b6963f41,ASSURANCE HEALTH TOLEDO,Assurance Health Toledo
cc:f9622dd2-ba3a-41eb-af83-19df70a281a2,GREENWICH HOSPITAL,Greenwich Hospital
cc:f9657738-a607-466c-8fd6-65f0679399b3,THE HOSPITAL OF CENTRAL CONNECTICUT,The Hospital of Central Connecticut
cc:f97030f3-255b-4156-b521-5344bd550c28,EASTERN STATE HOSPITAL,Eastern State Hospital
cc:f9725b3f-fc99-4d97-875c-c90306cb35d0,LEE MEMORIAL HOSPITAL,Lee Memorial Hospital
cc:f97790a5-5078-4615-8f60-3397b427513a,UI HEALTH CARE MEDICAL CENTER DOWNTOWN,Ui Health Care Medical Center Downtown
cc:f979c099-2477-4880-afa5-5a1f8eeaadc5,HUGH CHATHAM MEMORIAL HOSPITAL,Hugh Chatham Memorial Hospital
cc:f97bff24-bbdf-4776-8787-68d5178f4631,ENCOMPASS HEALTH REHABILITATION HOSPITAL OF MODESTO,Encompass Health Rehabilitation Hospital of Modesto
cc:f9816b66-16af-48e9-93c5-630de11d2d36,RIDGEVIEW INSTITUTE SMYRNA,Ridgeview Institute Smyrna
cc:f982fef9-be0d-48ca-98a4-ed34ff8d3e1b,RIVER FALLS AREA HOSPITAL,River Falls Area Hospital
cc:f985b2d8-cbea-4b38-8815-b1f3cdc621f5,KINDRED HOSPITAL - TARRANT COUNTY - FORT WORTH SOUTHWEST,Kindred Hospital - Tarrant County - Fort Worth Southwest
cc:f985c924-daee-49c2-9771-3da6d564ba44,PROMEDICA FLOWER HOSPITAL,ProMedica Flower Hospital
cc:f98c7a35-41af-41b3-99c6-f730c341090b,THAYER COUNTY HEALTH SERVICES,Thayer County Health Services
cc:f98fddfa-0d9c-4582-8483-7bea7688df07,BAY AREA HOSPITAL,Bay Area Hospital
cc:f99bc027-cc34-4f03-bdde-76bba5e4ac68,STARR REGIONAL MEDICAL CENTER,Starr Regional Medical Center
cc:f9adcb3c-5d53-43c9-9ba0-ace801691fbe,ENCOMPASS HEALTH REHABILITATION HOSPITAL OF NITTANY VALLEY,Encompass Health Rehabilitation Hospital of Nittany Valley
cc:f9b01fa3-0aa8-4dba-8a11-adc35bf3d05d,MARSHFIELD MEDICAL CENTER - DICKINSON,Marshfield Medical Center - Dickinson
cc:f9b7ac5f-9e88-4025-a4ff-ec35a23087b6,SISTERS OF CHARITY HOSPITAL - ST JOSEPH CAMPUS,Sisters of Charity Hospital - St. Joseph Campus
cc:f9de8e35-c936-4b44-91af-ca8741e036ca,HCA FLORIDA GAINESVILLE HOSPITAL,HCA Florida Gainesville Hospital
cc:f9e67983-a8e6-40ce-b667-03e7441429c2,ST. LOUISE REGIONAL HOSPITAL,St. Louise Regional Hospital
cc:f9f6344b-59e5-4a82-9b44-b1175e7e368b,FORREST GENERAL HOSPITAL,Forrest General Hospital
cc:fa0011e8-f942-4dfb-864d-7b2e37b87241,ST MARY'S MEDICAL CENTER,St. Mary's Medical Center
cc:fa00e359-2fc8-464c-b590-4f67876aee9b,AHN BRENTWOOD NEIGHBORHOOD HOSPITAL,AHN Brentwood Neighborhood Hospital
cc:fa12bad4-845b-43d0-bf56-cbcbeaae76db,UNION HOSPITAL CLINTON,Union Hospital Clinton
cc:fa32f901-adb4-412c-b9a3-0c4e6d072449,PIONEER SPECIALTY HOSPITAL - GARDEN CITY,Pioneer Specialty Hospital - Garden City
cc:fa36444a-7543-4367-8f1c-0e7c7dc41fc7,EAST CENTRAL REGIONAL HOSPITAL,East Central Regional Hospital
cc:fa371d4e-4ce4-4bb4-bea9-528f2ee122fc,PHYSICIANS MEDICAL CENTER,Physicians Medical Center
cc:fa3747ce-0525-4126-b7d7-535382e78aad,CENTRA  VIRGINIA BAPTIST HOSPITAL,Centra Virginia Baptist Hospital
cc:fa3ba4cf-798f-4843-9a2d-b1dc86ee85ea,MOUNTAIN LAKES MEDICAL CENTER,Mountain Lakes Medical Center
cc:fa424d87-e4da-4163-915a-5f9c429f0912,KINDRED HOSPITAL BREA,Kindred Hospital Brea
cc:fa4d4c19-15a6-4b40-8cfa-ec1baaafdba7,TALLAHASSEE MEMORIAL HOSPITAL,Tallahassee Memorial Hospital
cc:fa541579-cc48-425b-bd74-baf789e2f75c,ROCKLAND CHILDREN'S PSYCHIATRIC CENTER,Rockland Children's Psychiatric Center
cc:fa54a79a-4c0e-4241-8ebb-1bc74e5557d0,MIDWEST MEDICAL CENTER,Midwest Medical Center
cc:fa598780-a89a-4b1e-9a64-380926a85dab,HOUSTON METHODIST HOSPITAL,Houston Methodist Hospital
cc:fa6036de-3d8e-4c41-97ee-2b496463c3ab,BAYLOR SCOTT & WHITE HOSPITAL BRENHAM,Baylor Scott & White Hospital Brenham
cc:fa676a49-0382-4654-8913-7e250d122cb1,LUTHERAN HOSPITAL,Lutheran Hospital
cc:fa7e4e68-1abc-4538-a0fa-ce174eb2f5ad,BEACON BEHAVIORAL OUTPATIENT ALEXANDRIA,Beacon Behavioral Outpatient Alexandria
cc:fa84cc54-9480-4af6-a5d2-15949f0f99b0,NATIONWIDE CHILDREN'S HOSPITAL,Nationwide Children's Hospital
cc:fa85341d-59d2-4dab-9c4a-5f9d8f9cbf4c,LEWISGALE HOSPITAL ALLEGHANY,Lewisgale Hospital Alleghany
cc:fa9122e6-29ee-485e-b3cd-b0de05f5d946,CEDAR COUNTY MEMORIAL HOSPITAL,Cedar County Memorial Hospital
cc:faa58147-98e3-4b27-b2ab-e601aa545fc2,KINDRED HOSPITAL-SOUTH FLORIDA-HOLLYWOOD,Kindred Hospital-South Florida-Hollywood
cc:faa787d3-c275-4baf-95a5-b429e0fc3361,SELECT SPECIALTY HOSPITAL-ST. LOUIS,Select Specialty Hospital-St. Louis
cc:faa8cfe8-18c1-4eb6-84c6-464798390ab2,HOLSTON VALLEY MEDICAL CENTER,Holston Valley Medical Center
cc:faafef1d-162f-4a26-ad7f-1a4373832f99,MOUNTAIN WEST MEDICAL CENTER,Mountain West Medical Center
cc:fab2060c-ab0c-4f50-ab02-08cbe573bcd8,REHABILITATION HOSPITAL OF NORTHERN INDIANA,Rehabilitation Hospital of Northern Indiana
cc:faba9b62-e050-42fc-9291-60c288530d3a,HCA HEALTHONE NORTHEAST ER,HCA HealthONE Northeast ER
cc:fac10d4c-a795-4999-aa98-658ea529927d,EXALT HEALTH INPATIENT REHABILITATION HOSPITAL WILDWOOD,Exalt Health Inpatient Rehabilitation Hospital Wildwood
cc:facfe207-e86b-4842-90e6-4063d9baadef,ANEW HEALTH SHAWNEE,Anew Health Shawnee
cc:fad2b6c6-9f94-49c6-abee-1472ed91d41e,JOHN PETER SMITH HOSPITAL,John Peter Smith Hospital
cc:fae49fef-1d50-4697-974d-59aa396e7954,LAKESIDE BEHAVIORAL HEALTH SYSTEM,Lakeside Behavioral Health System
cc:faf1c42f-2178-4baa-ae92-91cf4feaa912,BRIGHAM AND WOMEN'S HOSPITAL,Brigham and Women's Hospital
cc:fafcff27-29ae-4d52-ae9f-558d7b909261,SANFORD JACKSON MEDICAL CENTER,Sanford Jackson Medical Center
cc:fb00cbf9-719a-45f5-9405-bfb614f77f9f,CAPITAL REGION MEDICAL CENTER,Capital Region Medical Center
cc:fb04f313-4e29-4c68-90ae-1149c61bb544,ENCOMPASS HEALTH PATRICIA NEAL REHABILITATION HOSPITAL FORT SANDERS,Encompass Health Patricia Neal Rehabilitation Hospital Fort Sanders
cc:fb071a91-9f7e-4dbb-93a5-89233f7fda8f,HENRY COUNTY HEALTH CENTER,Henry County Health Center
cc:fb186121-1c5d-4ede-a876-f9440a9bd955,SELECT MEDICAL REHABILITATION HOSPITAL AT LUTHERAN HOSPITAL,Select Medical Rehabilitation Hospital at Lutheran Hospital
cc:fb18616b-9b2a-4f04-810f-6d7d2a39b466,WYOMING BEHAVIORAL INSTITUTE,Wyoming Behavioral Institute
cc:fb3c69b5-9fe9-45d0-800c-8536c1b194fb,BON SECOURS HARBOUR VIEW MEDICAL CENTER,Bon Secours Harbour View Medical Center
cc:fb53e705-70f5-4ff6-b4ec-47f8d6700b84,ADVENTHEALTH HEART OF FLORIDA,AdventHealth Heart of Florida
cc:fb549f80-9016-4b7e-8d33-cd6b6426257a,KAISER PERMANENTE SANTA CLARA MEDICAL CENTER,Kaiser Permanente Santa Clara Medical Center
cc:fb5ce10c-f28a-4460-8e6b-7e8d784c0a76,ENCOMPASS HEALTH REHABILITATION HOSPITAL OF SUGAR LAND,Encompass Health Rehabilitation Hospital of Sugar Land
cc:fb6b565f-1b85-4c66-9366-6140b55f557e,LA DOWNTOWN MEDICAL CENTER-INGLESIDE CAMPUS,La Downtown Medical Center-Ingleside Campus
cc:fb6d3968-f958-41e9-aee2-99f64e65de9b,BAYLOR SCOTT & WHITE MEDICAL CENTER AUSTIN,Baylor Scott & White Medical Center Austin
cc:fb8ad25a-df4d-4b86-9000-672bfbd77a09,BELLIN HOSPITAL,Bellin Hospital
cc:fb8b8292-70ad-440e-892d-6bb5a7d13e1d,BETH ISRAEL DEACONESS HOSPITAL MILTON,Beth Israel Deaconess Hospital Milton
cc:fb91fc82-4705-4ff5-95f1-8217816e4854,MUSC HEALTH FLORENCE MEDICAL CENTER,MUSC Health Florence Medical Center
cc:fbaf80d2-cef0-4610-8db6-ffa1b1dae725,NORTHWESTERN MEDICINE PALOS HOSPITAL,Northwestern Medicine Palos Hospital
cc:fbb019c2-e1f2-48b5-861c-2b383d517fc5,MISSION HOSPITAL,Mission Hospital
cc:fbca5dfe-5a71-4bc4-b4fb-21dd7027a8c2,HARDIN MEDICAL CENTER,Hardin Medical Center
cc:fbcb755e-0883-4cbc-bbbc-c99283d6b893,HUTCHINGS PSYCHIATRIC CENTER,Hutchings Psychiatric Center
cc:fbcc84b7-908b-402f-89d3-f25164198f9d,PANOLA MEDICAL CENTER,Panola Medical Center
cc:fbdd0f18-90e9-4a83-a058-e931593765ce,OCEANS BEHAVIORAL HOSPITAL PASADENA,Oceans Behavioral Hospital Pasadena
cc:fbe01049-5101-467d-a486-96995232d229,BETH ISRAEL DEACONESS HOSPITAL NEEDHAM,Beth Israel Deaconess Hospital Needham
cc:fbe020b0-7883-4268-941f-55c8bc460dfa,KINDRED HOSPITAL-CENTRAL TAMPA,Kindred Hospital-Central Tampa
cc:fbe35508-ea3d-4577-8356-ce77699f538c,CHILDREN'S MEDICAL CENTER OF DALLAS,Children's Medical Center of Dallas
cc:fbeb3e07-d554-4d02-8588-696ac2976eb6,ODESSA MEMORIAL HEALTHCARE CENTER,Odessa Memorial Healthcare Center
cc:fc0865e6-3da2-4d63-a1d9-f870f25dea2c,UNITED REGIONAL HEALTH CARE SYSTEM,United Regional Health Care System
cc:fc0ec671-1cef-4276-8a4f-29ec3e7f0d18,EDGERTON HOSPITAL,Edgerton Hospital
cc:fc0ff29a-2521-465b-b3a3-93f4b740a33f,TUCSON MEDICAL CENTER,Tucson Medical Center
cc:fc108208-8f33-4328-9107-a9f9f7f4930d,ROOSEVELT GENERAL HOSPITAL,Roosevelt General Hospital
cc:fc13dbac-2e5b-4825-9fc0-34c3170ba5ba,UPMC MEMORIAL,UPMC Memorial
cc:fc25623b-1f97-4520-9924-080108094b9e,ENCOMPASS HEALTH REHABILITATION HOSPITAL OF CONCORDVILLE,Encompass Health Rehabilitation Hospital of Concordville
cc:fc321879-e551-49d0-8f9d-b5fb60101502,TEMPLE UNIVERSITY HOSPITAL - JEANES CAMPUS,Temple University Hospital - Jeanes Campus
cc:fc33fd37-ce7a-484e-ac51-9208d2c49df9,OAKBEND MEDICAL CENTER,Oakbend Medical Center
cc:fc3617ad-1da5-4a80-9399-b198f9a3235b,TRI VALLEY HEALTH SYSTEM,Tri Valley Health System
cc:fc3a7cec-9b8e-43eb-82a1-f9379c63ce33,UMMC MADISON,UMMC Madison
cc:fc54ef1c-46d8-4739-a945-beb8c50a70f0,OCEANS BEHAVIORAL HOSPITAL LUBBOCK,Oceans Behavioral Hospital Lubbock
cc:fc5f5c32-ce0e-4b06-a272-231238d40e7c,MUSC COLUMBIA MEDICAL CENTER NORTHEAST,MUSC Columbia Medical Center Northeast
cc:fc7bc9b2-48b6-4a3a-a3de-eb68b7c7e106,UNION COUNTY GENERAL HOSPITAL,Union County General Hospital
cc:fc7ee98c-1064-4db0-9f89-f79734af07f0,ATRIUM HEALTH CLEVELAND,Atrium Health Cleveland
cc:fc826979-8f1f-4cba-8f69-0ddde795941e,SELECT SPECIALTY HOSPITAL OF KANSAS CITY,Select Specialty Hospital of Kansas City
cc:fc858943-f093-4cd9-b645-05f09fbe8256,NORTHWEST TEXAS HOSPITAL,Northwest Texas Hospital
cc:fc8cc92f-0c7c-476a-98c8-9408c7826198,SAN JUAN HOSPITAL,San Juan Hospital
cc:fc8e74bb-8009-4d1a-9d79-5535b2291199,CLEARSKY REHABILITATION HOSPITAL OF LAKESHORE,Clearsky Rehabilitation Hospital of Lakeshore
cc:fc9499b6-dfa1-4be8-b570-866c1ae904ab,M HEALTH FAIRVIEW LAKES MEDICAL CENTER - WYOMING,M Health Fairview Lakes Medical Center - Wyoming
cc:fc94abae-4685-4049-b68f-6f417ef8081f,CLEVELAND CLINIC TRADITION HOSPITAL,Cleveland Clinic Tradition Hospital
cc:fc956b36-ada3-438c-9220-646227a4e9c6,EUREKA COMMUNITY HEALTH SERVICES,Eureka Community Health Services
cc:fc99c194-5771-43b1-a021-47bedd0453a8,JACKSON PARK HOSPITAL,Jackson Park Hospital
cc:fcb63c18-1a1e-42d5-b62f-48e0455114b3,CENTRAL VALLEY SPECIALTY HOSPITAL,Central Valley Specialty Hospital
cc:fcbef66e-72c2-479e-a2dd-a370024def71,GRADY MEMORIAL HOSPITAL,Grady Memorial Hospital
cc:fcc0636b-5684-466f-a931-8b6a5205d98c,COVENANT HEALTH HOBBS HOSPITAL,Covenant Health Hobbs Hospital
cc:fcd921bd-58bd-4d2e-9bf2-d025005d2186,PARKWEST MEDICAL CENTER,Parkwest Medical Center
cc:fce056f4-dfa1-4cf1-a44b-b36c7dbcb55a,TENNOVA TURKEY CREEK MEDICAL CENTER,Tennova Turkey Creek Medical Center
cc:fce35cdd-a3d9-4b1b-a4a3-7e2170ecef30,MERCY SPECIALTY HOSPITAL SOUTHEAST KANSAS,Mercy Specialty Hospital Southeast Kansas
cc:fce67270-be22-426d-a8a8-b2f583310198,AMG SPECIALTY HOSPITAL ALBUQUERQUE,AMG Specialty Hospital Albuquerque
cc:fcf21850-d7d5-48ac-a7a4-65d351a5000b,UW MEDICINE VALLEY MEDICAL CENTER,UW Medicine Valley Medical Center
cc:fcf8c89e-48d6-488e-9b2c-7626c87c420d,KINDRED HOSPITAL EAST NEW JERSEY,Kindred Hospital East New Jersey
cc:fd0204af-ba7e-4072-8b15-55956ec61361,BROOKHAVEN HOSPITAL,Brookhaven Hospital
cc:fd055341-cafc-4e06-b63b-c66cb03be63c,COMMUNITY HOSPITAL,Community Hospital
cc:fd065734-f7be-4039-8fb4-9c7554325f6e,BLACK RIVER MEMORIAL HOSPITAL,Black River Memorial Hospital
cc:fd0676a0-cadc-40ed-914d-a091d226181a,UPMC HANOVER,UPMC Hanover
cc:fd0b3ec7-bd25-4750-bfcb-d8803b988fa6,MEDSTAR HEALTH PHYSICAL THERAPY AT FREDERICK,MedStar Health Physical Therapy at Frederick
cc:fd138c1a-9697-4c0b-b6cb-9202ef10a959,MERCY HOSPITAL WATONGA,Mercy Hospital Watonga
cc:fd212cbd-9822-4787-96a7-874509d653d6,LE BONHEUR CHILDREN'S HOSPITAL,Le Bonheur Children's Hospital
cc:fd257d4b-2d25-472a-b36d-9ac450762adc,MONTEFIORE ST. LUKE'S CORNWALL NEWBURGH CAMPUS,Montefiore St. Luke's Cornwall Newburgh Campus
cc:fd3a8bff-98f4-4562-9102-f9907bdb3042,NORTHWEST HEALTH PORTAGE,Northwest Health Portage
cc:fd3b1590-9f94-49ff-8d03-2ac9dd82fb99,ROOSEVELT WARM SPRINGS REHABILITATION HOSPITAL,Roosevelt Warm Springs Rehabilitation Hospital
cc:fd438103-18c3-4fd8-ba2f-409cc9bb99b9,SARAH BUSH LINCOLN FAYETTE COUNTY HOSPITAL,Sarah Bush Lincoln Fayette County Hospital
cc:fd4c0728-f771-4e42-90be-aa3c9657d1af,CIRCLES OF CARE,Circles of Care
cc:fd5433fd-cd93-4c00-afeb-a309e9a78bf3,BARNESVILLE HOSPITAL,Barnesville Hospital
cc:fd55da59-25ba-4c84-9245-ce3c5b9a80e1,BARNES-JEWISH ST. PETERS HOSPITAL,Barnes-Jewish St. Peters Hospital
cc:fd6072d9-2a42-4984-a185-69c5059b9b71,CENTRA SPECIALTY HOSPITAL,Centra Specialty Hospital
cc:fd7c3983-5b35-4f2d-a3a7-db3cc9c03cfe,HSS MIDTOWN,HSS Midtown
cc:fd7e4e67-3ec2-40e8-9bf7-0e7b7f2dd695,BON SECOURS COMMUNITY HOSPITAL,Bon Secours Community Hospital
cc:fd8346fe-f5d5-4374-b933-5775dd256fa5,MEADOWS PSYCHIATRIC CENTER,Meadows Psychiatric Center
cc:fd85e397-d597-4d65-873b-db17b702348a,MEDSTAR HEALTH PHYSIAL THERAPY AT REISTERSTOWN,MedStar Health Physial Therapy at Reisterstown
cc:fd8b28d2-3591-4f37-99ae-363b8a5029af,USC ARCADIA HOSPITAL,USC Arcadia Hospital
cc:fd8e3cdb-2b53-4c23-bc1a-866d293caf22,BEEBE MEDICAL CENTER,Beebe Medical Center
cc:fd9d0a18-2771-4edf-a33e-8e288574b979,KINDRED HOSPITAL-SOUTH FLORIDA-CORAL GABLES,Kindred Hospital-South Florida-Coral Gables
cc:fda255ae-fab1-4f3c-bd43-7f76c2d33f1e,FOUNDATION SURGICAL HOSPITAL OF SAN ANTONIO,Foundation Surgical Hospital of San Antonio
cc:fdaa7f7d-3846-4a9d-a34a-6bfb62277451,CIBOLA GENERAL HOSPITAL,Cibola General Hospital
cc:fdc59c7b-0e73-4e42-a946-e6a9dd67bf1e,HCA HOUSTON HEALTHCARE NORTHWEST MEDICAL CENTER,HCA Houston Healthcare Northwest Medical Center
cc:fdcea0f9-dcab-457a-a520-30f8ded0abc1,MERCY HEALTH LOVE COUNTY,Mercy Health Love County
cc:fddcd0b2-a662-46d5-bbfd-3cf267fc2efa,LEHIGH VALLEY HOSPITAL - SCHUYLKILL EAST NORWEGIAN STREET,Lehigh Valley Hospital - Schuylkill East Norwegian Street
cc:fde1a178-7208-4833-97e5-15dc778119b0,OUR LADY OF THE LAKE ASCENSION,Our Lady of the Lake Ascension
cc:fde2006a-3f4e-4fa0-a533-7dd84b9caea0,BEACON BEHAVIORAL HOSPITAL LUTCHER,Beacon Behavioral Hospital Lutcher
cc:fdefa4e5-5968-4134-a8e6-e382ffbac15c,MERCY PRIMARY CARE - MALDEN,Mercy Primary Care - Malden
cc:fdffca15-58a1-468d-b572-495521158885,LANDMARK MEDICAL CENTER,Landmark Medical Center
cc:fe03ccbd-c128-44b3-ac1a-d49ec398dfc3,CHI HEALTH PLAINVIEW,CHI Health Plainview
cc:fe09e4c3-6e68-4b4d-bebb-b93ab5268d7c,OUR LADY OF LOURDES REGIONAL MEDICAL CENTER,Our Lady of Lourdes Regional Medical Center
cc:fe1e6f69-f0a4-4dee-83db-b8a6752c6f41,NORTH PLATTE VALLEY MEDICAL CENTER,North Platte Valley Medical Center
cc:fe23b411-31d9-400f-a62a-3e3a2e1d83e0,MISSION COMMUNITY HOSPITAL - PANORAMA CAMPUS,Mission Community Hospital - Panorama Campus
cc:fe2b30e3-aab8-4ba0-953b-9a3e552f8180,PAM HEALTH SPECIALTY HOSPITAL HERITAGE VALLEY,PAM Health Specialty Hospital Heritage Valley
cc:fe346622-2401-498f-b12c-f5e5c22588db,ENCOMPASS HEALTH REHABILITATION HOSPITAL OF TINTON FALLS,Encompass Health Rehabilitation Hospital of Tinton Falls
cc:fe3a5e47-c7ec-43fe-adbe-ed63c8eadf16,GREATER BALTIMORE MEDICAL CENTER,Greater Baltimore Medical Center
cc:fe4a40fd-3812-45d8-b833-606f0f10563e,MERCYONE CLINTON,Mercyone Clinton
cc:fe548e80-2b74-4891-bd5c-2f78a00dca42,NORTHERN LIGHT A R GOULD HOSPITAL,Northern Light A.R. Gould Hospital
cc:fe580773-083a-49be-bbbe-11c50880b521,MONUMENT HEALTH RAPID CITY HOSPITAL,Monument Health Rapid City Hospital
cc:fe6292e9-c6bc-427a-87d2-c880b2052581,HENRY COUNTY HOSPITAL,Henry County Hospital
cc:fe629555-9cd7-455e-a3a0-a34fc37593ae,LEXINGTON MEDICAL CENTER,Lexington Medical Center
cc:fe76f85b-7029-4b32-8804-b3ca7d183d5f,LEHIGH VALLEY HEALTH NETWORK-TILGHMAN,Lehigh Valley Health Network-Tilghman
cc:fe7fad5d-7cbe-492c-8ebf-a979c0583e6a,SELECT SPECIALTY HOSPITAL - CINCINNATI NORTH,Select Specialty Hospital - Cincinnati North
cc:fe844d0f-88b4-4936-aead-25c1449cfce7,CORTERRA HEALTHCARE WICHITA,Corterra Healthcare Wichita
cc:fe87e2f8-dcef-489c-af9c-aab2eab32f90,FILLMORE COUNTY HOSPITAL,Fillmore County Hospital
cc:fe8a485b-bd04-466c-93b2-30876cae08e0,GRACE MEDICAL CENTER,Grace Medical Center
cc:fe97425c-c1f3-4336-88f3-6c330384b0e7,REHABILITATION HOSPITAL OF NORTHERN ARIZONA,Rehabilitation Hospital of Northern Arizona
cc:fe9d7f3b-d822-4b2d-8e9d-63c04731d139,HORIZON SPECIALTY HOSPITAL HENDERSON,Horizon Specialty Hospital Henderson
cc:fea07f8f-beca-4559-b460-7167e8b19c17,PARKRIDGE MEDICAL CENTER,Parkridge Medical Center
cc:fea64fac-6a09-43a2-8bf8-3943d3583948,SAGE SPECIALTY HOSPITAL LAFAYETTE,Sage Specialty Hospital Lafayette
cc:fea6e37f-08d0-486a-a3fd-e9ec2c3b1ed1,KAISER PERMANENTE REDWOOD CITY MEDICAL CENTER,Kaiser Permanente Redwood City Medical Center
cc:fec7d54b-f0f0-4a23-bcea-a2161d1e251d,KIT CARSON COUNTY MEMORIAL HOSPITAL,Kit Carson County Memorial Hospital
cc:fed5d13e-3fa8-4233-a7c1-920fb11ba0cb,WEST JEFFERSON MEDICAL CENTER,West Jefferson Medical Center
cc:fedb48d3-c698-46fc-8641-e3ea9ac454e5,WRANGELL MEDICAL CENTER,Wrangell Medical Center
cc:fee79c90-a1a1-460e-b402-4ef7b8d53c84,HARBOR-UCLA MEDICAL CENTER,Harbor-UCLA Medical Center
cc:fee82a32-b3a5-42a5-becd-f85fb32f23c8,AVITA ONTARIO,Avita Ontario
cc:feef214f-61c5-48ae-9fb7-c951d8b49365,PRISMA HEALTH BAPTIST PARKRIDGE HOSPITAL,Prisma Health Baptist Parkridge Hospital
cc:fef09304-ced4-44bb-a38b-e43d6a3fea07,NEW BRAUNFELS ER & HOSPITAL,New Braunfels ER & Hospital
cc:ff025bcc-3d49-44a1-8c84-518d6099f263,CHILDRENS MEDICAL CENTER PLANO,Childrens Medical Center Plano
cc:ff0c71c8-f619-4a52-8848-9144b3953a7c,MATHER MEMORIAL HOSPITAL,Mather Memorial Hospital
cc:ff0e7dde-9720-4c24-ace5-e36ec853eb16,URMC STRONG WEST,Urmc Strong West
cc:ff10943c-2b11-4d37-9bb5-bd6ff974c97c,UF HEALTH LEESBURG HOSPITAL,UF Health Leesburg Hospital
cc:ff1cbdfe-a68f-421b-803a-cdea806ddedc,SCHUYLER HOSPITAL,Schuyler Hospital
cc:ff219aee-8502-4587-9460-231ffd9b93d9,LAKE CHELAN COMMUNITY HOSPITAL,Lake Chelan Community Hospital
cc:ff3568e4-b01f-4e23-8aca-557da992d9e9,KIOWA DISTRICT HEALTHCARE,Kiowa District Healthcare
cc:ff398bc5-f99f-4b66-afcb-960fb43b2972,SELECT SPECIALTY HOSPITAL - KNOXVILLE,Select Specialty Hospital - Knoxville
cc:ff4b3471-7afe-4fb1-b4b1-75e9c8426300,REHABILITATION HOSPITAL OF ATLANTA,Rehabilitation Hospital of Atlanta
cc:ff502f92-1f61-4f00-9fdd-293996159d19,BON SECOURS ST. FRANCIS MEDICAL CENTER,Bon Secours St. Francis Medical Center
cc:ff50c4d5-fad7-486c-b65e-d30a862c819a,HELEN M SIMPSON REHABILITATION HOSPITAL,Helen M. Simpson Rehabilitation Hospital
cc:ff5cb995-6592-4ace-b021-24553baa07d8,BON SECOURS ST FRANCIS HOSPITAL,Bon Secours St. Francis Hospital
cc:ff6047a2-8267-4cb1-b09c-a4aae384af96,NORTHSIDE HOSPITAL DULUTH,Northside Hospital Duluth
cc:ff6ad7db-1221-4f67-be7a-f8bc83615820,DARTMOUTH HITCHCOCK MEMORIAL HOSPITAL,Dartmouth Hitchcock Memorial Hospital
cc:ff6c9f5e-8120-47fb-bdff-8cc32c9dbd05,ST. ELIZABETH FLORENCE,St. Elizabeth Florence
cc:ff723519-af78-4223-bb71-12ae95de5efe,GOOD SAMARITAN HOSPITAL SAN JOSE,Good Samaritan Hospital San Jose
cc:ff7565d0-ab60-4c5f-ac94-ca30222439c8,PALO PINTO GENERAL HOSPITAL,Palo Pinto General Hospital
cc:ff7e26a2-df04-446d-943f-70fff5887d4a,TRISTAR NORTHCREST MEDICAL CENTER,TriStar Northcrest Medical Center
cc:ff8bf809-f2af-4260-9134-f93fb33ecc05,CENTRACARE - WILLMAR SURGERY CENTER,Centracare - Willmar Surgery Center
cc:ff9f4f59-1fc5-4d08-907d-aac635de354a,KINDRED HOSPITAL EL PASO,Kindred Hospital El Paso
cc:ffa1b713-5ecb-4b6c-992d-88188cd66a89,COMMUNITY REGIONAL MEDICAL CENTER-FRESNO,Community Regional Medical Center-Fresno
cc:ffa73376-9918-4013-b76b-f48acd452f61,THE SANCTUARY AT THE WOODLANDS,The Sanctuary at the Woodlands
cc:ffab45f1-c1d7-4b48-9c5f-64f85d3779af,SWAIN COMMUNITY HOSPITAL,Swain Community Hospital
cc:ffb47faa-ac9f-4c45-81fa-4a27560cd599,OCEANS BEHAVIORAL HOSPITAL OF DERIDDER,Oceans Behavioral Hospital of Deridder
cc:ffbfda0b-8d22-454b-b728-98a8b84d2e94,LAUDERDALE COMMUNITY HOSPITAL,Lauderdale Community Hospital
cc:ffd852ad-ef8c-47e4-9b23-5fa08665b73a,PHELPS MEMORIAL HEALTH CENTER,Phelps Memorial Health Center
cc:ffe12f59-3cf9-4277-b430-682d2f1800af,SSM HEALTH ST. MARY'S HOSPITAL - CENTRALIA,SSM Health St. Mary's Hospital - Centralia
cc:fff37aef-a196-4242-af63-ff737e2b705c,MACON COMMUNITY HOSPITAL,Macon Community Hospital
cc:fff67f4d-39ec-4f7f-bebb-4ac50f283a11,COMMUNITY HOSPITAL OF THE MONTEREY PENINSULA,Community Hospital of the Monterey Peninsula
