key,city,display_city
cc:00117837-839b-4714-98d0-4395a91d8d9a,PETERSBURG,Petersburg
cc:00127d03-7027-41c2-8443-7584e20a17ff,FLORESVILLE,Floresville
cc:0012bc6b-ac8c-4885-8247-24ea27ffd8b3,WASHINGTON,Washington
cc:00198fae-fdf7-42a0-abb4-3675352d82fa,HILLSDALE,Hillsdale
cc:0030c38d-c3af-450c-a973-071d960ffd2b,NORTH KANSAS CITY,North Kansas City
cc:0042114a-b635-4d5f-897b-2891efc2a4ae,BALTIMORE,Baltimore
cc:005b11fc-e81c-4eb5-aa0b-e44e28aa1565,HETTINGER,Hettinger
cc:00738ed3-8630-478e-822e-bd68173684ad,AUSTIN,Austin
cc:00787b6d-808f-4e7f-894c-01d0bf916da1,ENGLEWOOD,Englewood
cc:0078b539-57e8-428b-bcbf-f762a308dad0,SEYMOUR,Seymour
cc:00809594-14b7-4496-8d7d-06a2a8a416a6,OKMULGEE,Okmulgee
cc:0081d8ad-cefb-407b-81a0-f23f961409fb,GREAT FALLS,Great Falls
cc:0084897c-79c2-4913-a204-c7d34c4df527,GREENSBURG,Greensburg
cc:0088dff4-ea3c-4fca-a631-d27c045f2c1e,YABUCOA,Yabucoa
cc:00a91c73-4ea6-44fc-b6be-e95bc2a7120d,DETROIT,Detroit
cc:00b1e32c-75e3-43d2-9ad7-f906f0764720,CEDAR PARK,Cedar Park
cc:00bbea0c-bcf8-4629-b98d-930035caf9a9,BOSSIER CITY,Bossier City
cc:00c9aa42-a43f-4c53-9def-4f3971df9f85,ELY,Ely
cc:00cc946d-85bc-404f-a7a7-acc2b9102467,LAFAYETTE,Lafayette
cc:00d4c24c-769d-441d-b35e-0433cda33f04,PEORIA,Peoria
cc:00dc951d-d437-4024-bb6d-455327941c02,NEW BEDFORD,New Bedford
cc:00ea6741-c09a-46e8-8038-e2c8d3895c40,BOWIE,Bowie
cc:00ed36d6-be97-4ade-892e-5d6da2435019,CARMEL,Carmel
cc:00ee5bb3-d6e1-4a04-a62c-9be3215ec908,CORPUS CHRISTI,Corpus Christi
cc:00ef6797-7330-4014-af0c-4076fc729eca,WHITEVILLE,Whiteville
cc:00f20fb4-bcba-42e2-8604-f84ac7e8ac8a,JACKSONVILLE,Jacksonville
cc:00f9bf71-60cc-471c-ac29-1fdd685ffa9b,FREMONT,Fremont
cc:00fd1345-285e-40cf-ad52-8603218ea53a,UPPER SANDUSKY,Upper Sandusky
cc:010e5c0d-4147-4e10-86dc-0959d1fd7929,TRINITY,Trinity
cc:010f3d54-e179-4e6a-9238-a3e506bda27f,TULSA,Tulsa
cc:0112527b-0e03-466f-8d06-37873dc39590,SEGUIN,Seguin
cc:0112a1f7-9ff8-4519-b3b2-7c94b3b3c9be,SCOTTSDALE,Scottsdale
cc:011935ca-6230-4f6b-931f-bce8b2767c0f,OKLAHOMA CITY,Oklahoma City
cc:0123ee78-a361-4be1-9867-05d697b60da3,GRAND RAPIDS,Grand Rapids
cc:0128be90-e972-4c0c-9dce-5acd9ad52a44,KAPAA,Kapaa
cc:012b60a3-d931-4f03-b59d-654ccf4d6019,CORNING,Corning
cc:012c0d9e-fd5f-4f27-b2a4-b7029377dc6a,METHUEN,Methuen
cc:012d4ea2-f580-42c7-9e0f-2a8880563fc1,EASTON,Easton
cc:01306801-a8b0-43ce-9a29-bae441c549a3,MOUNTAIN VIEW,Mountain View
cc:01389ca3-b73b-49b7-ac1c-152b36cd3b03,ANSON,Anson
cc:014465b1-24e9-4ac8-b269-e003ae5a2799,WASHINGTON,Washington
cc:01466bea-a751-4af5-a211-7f1548d32b3d,WARSAW,Warsaw
cc:0146d0ea-5ccf-4a61-ae59-6c0a977703e9,ST PAUL,St. Paul
cc:015606a0-8b89-4120-898b-6ab252b25aac,BRANSON,Branson
cc:017e7247-43b8-435f-8c4c-f3dd71193709,ALBANY,Albany
cc:019c10c0-9652-4bac-a538-72338c1abb5e,STOCKBRIDGE,Stockbridge
cc:019eed51-ba4a-48c8-a89a-e372b6216c93,WILLOUGHBY,Willoughby
cc:01a2eab6-cf6f-4e64-9d20-fcbda3483b87,BLUFFTON,Bluffton
cc:01a3c9c5-c805-4f82-bbec-a83dffab204e,BUFFALO,Buffalo
cc:01aafb5a-38a4-47d7-a459-d2e6999ea733,TYLER,Tyler
cc:01b39891-c97c-43dd-9b3e-2fe53769a2c0,LAVEEN,Laveen
cc:01be8fa3-620a-4b77-8596-40705c6d58c6,ERWIN,Erwin
cc:01bf11a2-9b96-4df1-832c-47c9faf8b3de,YUMA,Yuma
cc:01c0e5f9-1a97-44e7-9e02-72a008ce0ab0,BLAIR,Blair
cc:01d82802-8799-43e8-8a36-cf41fa9adc55,JACKSON,Jackson
cc:01e8c8ab-ffcc-4397-b0ac-b6d45dc3a763,FARGO,Fargo
cc:01f3eabb-d976-45de-a5df-e248fa1a7b2a,MARION,Marion
cc:0203515d-4ec4-4b4d-a6c8-62b1790f66ce,FORT WORTH,Fort Worth
cc:02068778-7a03-49e4-9be6-c741f177a20e,MOBILE,Mobile
cc:020a7177-a33e-4612-bd01-67b5595bdc5f,DECATUR,Decatur
cc:020b6bc0-5ad9-4edd-ac3f-363db853f504,TULLAHOMA,Tullahoma
cc:02144618-d4ae-4b8b-8c49-f14cc73ef457,GERMANTOWN,Germantown
cc:0216eb71-7c96-47f7-86aa-27060aac3a63,MEDINA,Medina
cc:021a08ed-59c9-4957-84d8-e6b4555fc70b,MADISON,Madison
cc:0225fd2e-9bea-4a70-96f3-479d4b929d78,GRANTS PASS,Grants Pass
cc:023a93ac-43fd-45ad-ae95-eaa193774498,MCKINNEY,McKinney
cc:02424546-f339-46d2-a0cd-22416d3c6de4,TYLER,Tyler
cc:025993b1-d2bd-4fe5-a645-8ee869480e7e,PENDLETON,Pendleton
cc:0260cb2a-502d-4415-ac29-34daf0d3ba75,LAS VEGAS,Las Vegas
cc:0264412e-7473-482e-b4db-13e2a3ccd8ed,SANTA CRUZ,Santa Cruz
cc:026a22d9-a7ef-4813-a232-1e0aacddc1e4,DYER,Dyer
cc:0274b1f5-a8e4-490c-a714-0b35cee1f07d,CARRIZO SPRINGS,Carrizo Springs
cc:0274d023-d68f-45b7-9446-3f11581064d9,DICKSON CITY,Dickson City
cc:0283ba66-5c78-40f7-9cfd-459ec6cc3f7d,BALTIMORE,Baltimore
cc:028cc0f1-4d1e-4ab9-9696-65a46a538e7b,IOWA FALLS,Iowa Falls
cc:0296d614-6e9e-4086-b461-d4e47d17c956,WAUWATOSA,Wauwatosa
cc:02a37a22-17be-4209-908f-31bdf8b4d944,PLACENTIA,Placentia
cc:02a52371-e77c-4679-96ac-6f54a1287405,LONDON,London
cc:02acb3ed-7d4a-40fa-825c-2f139f30392c,SAN FRANCISCO,San Francisco
cc:02b8bc11-8dc7-4b76-a2c5-a49c58cdb4f0,BUTTE,Butte
cc:02c18de1-374f-447e-96b8-6d4632366dfc,LA CROSSE,La Crosse
cc:02d2e0d5-208d-4846-8819-7675e2b4e83e,TYLER,Tyler
cc:02d676c9-4800-4fd0-b193-438b8a231dd1,BOISE,Boise
cc:02e61243-b8d8-462a-9db1-321811fbdfc0,CORTLANDT MANOR,Cortlandt Manor
cc:02e6f4f6-a9e6-414d-8708-d910363ce12e,LARGO,Largo
cc:02f7420f-2f23-4af6-9228-9f8431803633,TULSA,Tulsa
cc:02f91d2d-9b7a-48ef-9d48-b020e3457c63,CENTER VALLEY,Center Valley
cc:03087a5c-a76d-4259-8017-83dac296437c,PITTSBURGH,Pittsburgh
cc:0308a13d-ece6-43e9-ad97-a3f97733c2f2,CORPUS CHRISTI,Corpus Christi
cc:0308abc6-9e0a-4e83-b1c4-a6abf32a8b4b,FOREST HILLS,Forest Hills
cc:031c7ac9-7bc8-48b8-b98d-b4b87ce5a27c,EAST PROVIDENCE,East Providence
cc:031f985a-bb5c-479b-b947-642aad87e271,BALTIMORE,Baltimore
cc:03224585-76bf-44d6-a4c6-1d4142dbe0cb,WOODRUFF,Woodruff
cc:0325c396-4deb-47de-b8ef-7832097bb6b2,EDMOND,Edmond
cc:03262e05-ba49-4d42-b74f-3ecf4fce7791,SPOKANE,Spokane
cc:032ddf89-3b18-4973-a110-65e985d8c1d9,HARRISON,Harrison
cc:033bf2cf-2826-46d7-b803-aa297650cba7,ALBANY,Albany
cc:0340abc4-9cbf-4695-9920-b104f9a2ca69,MARLIN,Marlin
cc:035285c1-4968-41db-83ec-98bb0d82c587,MARSHALL,Marshall
cc:0353a927-202c-4969-a749-90978ac09c72,FOSSTON,Fosston
cc:03780e6f-73f0-4fe7-85ca-4ba5015fa08e,MONTICELLO,Monticello
cc:037eabdc-13bd-44e8-996a-67f9462c6977,ALVA,Alva
cc:0382e073-aac8-4bb9-8f25-480b7ee78c02,BURLESON,Burleson
cc:038d2700-3ecd-42e8-ba5e-42af23065500,HOLDENVILLE,Holdenville
cc:03991cac-b9e2-4178-8f58-46e4d3eeb07a,FORT WORTH,Fort Worth
cc:039ed8ed-1750-4737-8f2f-8dc765b06ff8,BROOKLYN,Brooklyn
cc:03a44d71-ac86-4ebc-a9dd-be9f04741006,MARION,Marion
cc:03aed3ab-c286-4c6c-8f6a-7f87dceb2ee0,CANTON,Canton
cc:03af61c1-e1a6-433a-a29b-8239c17e06d8,QUINCY,Quincy
cc:03c6d470-a31f-4719-82ff-d3724d596d35,BELLEVILLE,Belleville
cc:03ca8336-c6f4-49da-a933-88c0485c7daf,AKRON,Akron
cc:03d8224c-60f3-421e-b5f4-2c3169ec35b2,BIG SANDY,Big Sandy
cc:03df7650-3bcd-4765-9c16-2a7f0af4406a,LANCASTER,Lancaster
cc:03e1f96f-618a-466f-aba5-73fe4390b633,NEW ORLEANS,New Orleans
cc:03e54326-b8ce-4fd8-8af4-ece553f0b74c,INDIANAPOLIS,Indianapolis
cc:03ea0278-84b2-4f97-b643-3ad989506916,LURAY,Luray
cc:03f401c9-b77c-456c-82b5-adb61455f9f6,CONROE,Conroe
cc:03f4cefc-6d20-4afd-a898-215235aada90,STROUD,Stroud
cc:03f53021-88fb-4500-b42b-ed260510d009,SCHENECTADY,Schenectady
cc:03fc7bb8-85ac-4216-aaa0-f9ed7f0b7342,SAN AUGUSTINE,San Augustine
cc:0412e1f5-4402-4cb9-9e2c-872c919cce6d,CARMEL,Carmel
cc:0413543f-68f8-47c6-b2da-805c6a0216fc,CARY,Cary
cc:041916aa-c6d5-4a1e-8a20-e37f761de04a,CARTHAGE,Carthage
cc:04210d35-c797-4e34-a63f-4af30701a682,LADSON,Ladson
cc:042e9dd5-b78d-4a4a-b0f5-eee6eac6dc57,HOOPESTON,Hoopeston
cc:0447d185-0cdb-430b-940b-262fcbfefae3,OAKLAND,Oakland
cc:045a6730-3857-4bb3-bfc6-6205b1900fd5,HONOLULU,Honolulu
cc:045e59f4-6387-4174-988c-743f56e885dd,ALEXANDRIA,Alexandria
cc:0464c6ad-cb7f-4293-a2c6-adb57459ea41,BEDFORD,Bedford
cc:04674a02-3c57-4f5d-96ec-7de813dbc511,GLENWOOD,Glenwood
cc:046c1aaf-c5d6-4ba5-988e-758532e63394,PARK RIDGE,Park Ridge
cc:046c3806-6220-460c-9c95-1f65ad54bf06,COLUMBIA,Columbia
cc:047032f9-af29-472a-8e9f-78b7d3e9cc09,MONROEVILLE,Monroeville
cc:04770aeb-5393-4eb6-9864-bd9e99e7111c,SOUTHFIELD,Southfield
cc:048be0bf-6ec5-4408-9db2-fb6fdf5c407f,ELLSWORTH,Ellsworth
cc:049493a3-fc84-4a80-acaa-99f7a8ed77bf,SHARON,Sharon
cc:049f3699-7178-43ff-96f6-aa66151804e6,SANTA ROSA,Santa Rosa
cc:04abf91b-6dc8-400c-bcfa-2bd977b80e26,OZARK,Ozark
cc:04aece68-a970-4258-bc42-58cb3c285bdb,FARGO,Fargo
cc:04b5688b-57aa-4e83-afa2-92506a7edcf1,EAST LANSING,East Lansing
cc:04b6d3d9-0c76-4072-b735-0923d003b784,HOUSTON,Houston
cc:04bd3bfa-4f11-4eab-addb-eeee2b88efad,KINGWOOD,Kingwood
cc:04c6d712-b583-4c09-a441-cf2bff546730,WEBSTER SPRINGS,Webster Springs
cc:04c8714a-c1b3-44a6-8b53-128c160f66d0,CLARKSVILLE,Clarksville
cc:04cb6a73-0d5b-47f1-bfab-6caa588b9b62,COUSHATTA,Coushatta
cc:04cba0f5-25a2-4e91-8c1b-04e6e662eb50,BRIDGETON,Bridgeton
cc:04cedcec-0149-43e6-adee-b74dd63d554a,WILKES-BARRE,Wilkes-Barre
cc:04dc47d9-9c90-4393-8775-2e6f60ba987f,BRIGHTON,Brighton
cc:04df5451-0683-43b9-8ecd-99784a390657,MOULTON,Moulton
cc:04ebd57e-f321-4843-98e9-2666e34606d5,ISHPEMING,Ishpeming
cc:04f0888c-6c90-4676-8d60-080ff3d0d23d,WEST READING,West Reading
cc:04f4872e-1161-49f8-9814-b292f4d4e257,SANTA TERESA,Santa Teresa
cc:04f7634c-3d39-4ba8-86c3-b38fa7a07d71,OLIVE BRANCH,Olive Branch
cc:04f9f4b1-23aa-4a1c-8a66-e3bd11c6cf25,HUMACAO,Humacao
cc:05057837-dd17-46c2-bd57-da9c9f9a82c6,LAPEER,Lapeer
cc:050b83c8-7bbf-48d4-8882-8137b9091d10,SEATTLE,Seattle
cc:05283417-507a-479a-b072-c896c650971b,DEER LODGE,Deer Lodge
cc:052a9974-80c2-4da0-8886-16d6640e5263,HOLLIS,Hollis
cc:053cf2bd-1023-4e50-ae79-6b7097078d8a,PHILADELPHIA,Philadelphia
cc:053e06e1-a77d-43ac-b68d-5186d5f681dd,GLENDALE,Glendale
cc:0556a0e4-73d9-49b2-8cc8-111128cc40ea,BATON ROUGE,Baton Rouge
cc:05756e8f-6418-4292-ae61-27ee8bab1de4,OAK CREEK,Oak Creek
cc:057987c5-0277-4917-8221-a9c92e7c67af,BIG RAPIDS,Big Rapids
cc:057bbefa-79c1-4f38-846f-8f82fe4dcd0b,LEXINGTON,Lexington
cc:05828cd3-131c-4c81-8d15-61487da20885,NAPLES,Naples
cc:0585162b-e35c-4a1c-bfff-e634af5ba386,GREENWOOD,Greenwood
cc:0592b74c-cbb9-4f58-936f-e887c273fa11,LEXINGTON,Lexington
cc:05a25a76-9b37-40d5-8129-728b48acb172,NEILLSVILLE,Neillsville
cc:05a6ea74-1125-48a8-8856-f15a49d84930,AKRON,Akron
cc:05b3d6cd-17f2-4b32-b974-6e98bebaa827,BIRMINGHAM,Birmingham
cc:05b41d09-1386-448b-9203-5cadbcedc60a,OREM,Orem
cc:05b8fadb-a4f7-4043-aaf0-bec131a7cbf0,DOVER FOXCROFT,Dover Foxcroft
cc:05b95e00-d946-4c53-9828-722fa87b9e8f,CANTON,Canton
cc:05bbfa9c-28e8-4960-a009-6066292be3aa,LOS BANOS,Los Banos
cc:05bd171e-0f78-48d8-8176-b15a8bd361ba,COLLEYVILLE,Colleyville
cc:05c52596-dcb1-4ce6-9632-bb9e1eb24ebd,LAS VEGAS,Las Vegas
cc:05c6331c-dde9-4699-8af4-7c72c6a3bc52,NEWPORT,Newport
cc:05d7803f-5b6f-4c02-86ee-7119c2db2f70,MARION,Marion
cc:05e08b40-1cdf-4660-a819-aace02460e22,SHREVEPORT,Shreveport
cc:05e70dbc-d365-45c4-8632-a51401537186,KENNER,Kenner
cc:05e7759b-d135-4d87-8e54-cde65f2d9d2e,ATLANTA,Atlanta
cc:05e776f1-c301-4cdc-b108-e5dfec237dae,BOSTON,Boston
cc:05e77cf5-f8f7-4440-9e43-17fd9a59f5ea,GREENVILLE,Greenville
cc:06091caf-6c62-47c5-8b76-1a440dbc9e43,MANTECA,Manteca
cc:061c6c0b-c2f4-4d30-ac56-6e11dc2cbb03,LARAMIE,Laramie
cc:061d9388-9b5d-4cc4-9322-580d4bf23d1b,DYERSVILLE,Dyersville
cc:061f4f98-5c4b-4780-bd4e-b6373575bec1,HARLOWTON,Harlowton
cc:0625b7c7-4497-4136-9412-aca031de7d6c,LAS VEGAS,Las Vegas
cc:064642d1-97fa-4f8a-a2ff-e56f392eb273,SPRUCE PINE,Spruce Pine
cc:0649a072-acfd-4cdf-8ff5-3a6e790c5e0e,ONTARIO,Ontario
cc:064a7ea4-f4a7-4f03-b30e-38728684ee59,INDIANAPOLIS,Indianapolis
cc:0659374a-56e7-4543-9fe9-7da188c7fecc,DECATUR,Decatur
cc:065b8422-a9d9-4241-9966-39e848535c13,PENSACOLA,Pensacola
cc:065b8f44-72f3-462b-aca6-d42800ab07f0,MADISON HEIGHTS,Madison Heights
cc:0662edc7-5a90-4536-93ef-27bf5855c7c5,FAIRFIELD,Fairfield
cc:06678bf5-e7d8-49bd-88dd-1b787c17b50e,COLORADO SPRINGS,Colorado Springs
cc:06698d1f-b750-43aa-8a4a-417956d954ae,CHARDON,Chardon
cc:0669b6a5-2d90-414a-a9d9-ccbd830576be,LUVERNE,Luverne
cc:0675aa9a-8d3c-4580-bc5e-688559604841,LEAVENWORTH,Leavenworth
cc:0676d176-424a-4f3f-bc71-4f372b8cc2dd,OMAHA,Omaha
cc:0688a357-03df-4d71-85bc-07310666e284,WALLINGFORD,Wallingford
cc:068ee24f-7306-4d4c-8c12-e786b63c9668,ALPENA,Alpena
cc:0690f28f-e781-451c-b8d2-acd304a3bd96,BASSETT,Bassett
cc:069aaa8b-f1f1-4004-9390-78f38ffb293f,WILLIAMSBURG,Williamsburg
cc:06a5a3e9-3a2e-45dc-8c59-e223c70628cc,PARAMUS,Paramus
cc:06a6be3f-aa12-490f-899d-7a6aa28faba9,ALTON,Alton
cc:06ae137b-f978-4dfa-b115-1784d155bddd,CHICO,Chico
cc:06b244df-3953-4e98-93e9-8b511c39460b,SIOUX FALLS,Sioux Falls
cc:06c5696d-9c77-4650-85c8-97a330c4c791,STAYTON,Stayton
cc:06d1baed-0d6e-45e4-b7e6-e1e88c5c9cc4,BELLEVUE,Bellevue
cc:06d279c5-b47a-4a26-a415-5dae5e37e9ae,MANSFIELD,Mansfield
cc:06ddb679-8672-44ad-9102-03be65fdc79d,AKRON,Akron
cc:06e02661-17b2-4654-b15f-f8379a604a51,GALAX,Galax
cc:06ea54c7-011c-4867-ab13-c17ec97e21b8,FORT MILL,Fort Mill
cc:06ec06de-a4dc-4ca4-977f-befb9f66925a,ORLANDO,Orlando
cc:06f1c35b-cdc3-49b2-a9bf-27220b62ea35,DUNWOODY,Dunwoody
cc:06f5f6a4-f973-4d53-8dfd-8226f8ddf284,OPELOUSAS,Opelousas
cc:06fb3ad8-c593-463f-bf4d-8d4818efe5d1,BAY SPRINGS,Bay Springs
cc:06fc7b71-6785-4ce9-b16b-e6e5f005e1df,POLSON,Polson
cc:0702f0b3-fef3-44e6-a4b1-f4872684265f,BILOXI,Biloxi
cc:070efce3-b070-4277-9ad4-4e6a074309dd,BETHLEHEM,Bethlehem
cc:0710adf1-3292-4510-86ac-d2c3f3789048,KENNER,Kenner
cc:071d2eff-0957-4e85-a9a1-6c1d2b60045c,IRVINE,Irvine
cc:0726936c-5c07-4d29-ada1-1f72b46c554d,GENEVA,Geneva
cc:0728c72c-c614-4ad3-ad38-43a91010ae9c,GUTTENBERG,Guttenberg
cc:072fd2b7-1f3f-41b2-8dac-ec73133cb6e9,ELIZABETHTOWN,Elizabethtown
cc:0731c824-699a-4a9f-be92-7aec13d7f435,NORMAN,Norman
cc:074bbda7-7604-4efc-9bf4-1d54e1f69db7,SUMTER,Sumter
cc:07513272-685f-44de-af4f-00934d54a50b,BROOKLYN,Brooklyn
cc:0751e4d0-6c3f-4ca5-a70a-7601eb8d6504,LEXINGTON,Lexington
cc:076b9afe-cc58-4888-a07d-4dbabe083f92,HAZARD,Hazard
cc:076f267d-9039-4514-a085-5a49a28d2b62,BREAUX BRIDGE,Breaux Bridge
cc:078d926d-76d0-4a59-8cda-0534d3b325d2,ANCHORAGE,Anchorage
cc:079302c0-931d-4d43-a79d-1aeeb1e623dc,SHREVEPORT,Shreveport
cc:07964b78-328e-4e29-8fb2-d2263ca1bb8a,MEDFORD,Medford
cc:079cdaf9-16cf-4a00-b4f3-dde6b153124b,LOUISVILLE,Louisville
cc:07a9b4c9-9023-4360-9c56-909bed7236c3,SPRING HILL,Spring Hill
cc:07ac8e11-c350-4b20-a26b-9682cf88428b,OTHELLO,Othello
cc:07ad1c90-9996-4b84-bc39-944521577643,HAMLIN,Hamlin
cc:07b57592-ce10-4423-9c29-c1af1a5d47bc,LARNED,Larned
cc:07bcae64-00ec-43aa-b94f-ed40e47395c4,MANSFIELD,Mansfield
cc:07c610dd-9b50-48be-b41d-a8d175caac64,WEST MONROE,West Monroe
cc:07c662c9-fae5-40c2-a2da-574c9825c584,DICKSON,Dickson
cc:07de205e-64c4-4884-8b48-1cdf9807505f,GROVE HILL,Grove Hill
cc:07e7998d-fc52-41bc-9047-a261c3aef7dd,BAKER CITY,Baker City
cc:07e8a483-e27f-4c9d-9d54-8a32f8970bf9,PERU,Peru
cc:07e93d76-2870-489a-a17b-ece636f140a0,WATERBURY,Waterbury
cc:07feccc3-c91e-438c-ba37-69f6a150837c,GREENVILLE,Greenville
cc:08014c90-1238-49e2-bba9-c6c5b0044078,DEMING,Deming
cc:08050825-0aaf-46ab-af81-c29afc9a98a6,DEMOPOLIS,Demopolis
cc:0809f2d5-729c-4e0b-bce2-06057550d904,CLEVELAND,Cleveland
cc:08266756-2b7f-4263-8c81-619e96446286,MOOSE LAKE,Moose Lake
cc:082d231f-6b3d-4d01-a0fc-94c205a52661,RUGBY,Rugby
cc:083a051a-2f5a-45ba-8700-e6d8d40ab198,WHITEWATER,Whitewater
cc:083c1915-3a29-41fe-b572-955c2b6e755e,JOHNSTOWN,Johnstown
cc:0847f223-d2a8-4085-92aa-a6cb3ce753ae,MUSKOGEE,Muskogee
cc:08514d89-48c4-4f81-a55a-a4f0ac72db99,GREELEY,Greeley
cc:08536ad3-6693-46f7-b8a2-6c9e86416cd3,HIGHLANDS,Highlands
cc:0863104f-6188-45dd-84c7-0b523784fbdc,TEMPLE,Temple
cc:0863cd67-8f11-468f-91f0-e58ace1eba12,CHICAGO,Chicago
cc:08726929-30fe-4ca3-bbfc-82a4b5d73fe0,JACKSON,Jackson
cc:0879749d-ed3c-4d82-8520-d02e8e3ed5aa,WICKENBURG,Wickenburg
cc:0880aef2-0c13-4fdb-8a35-8b36228909b0,GAINESVILLE,Gainesville
cc:088ea1d9-c8aa-4985-a130-4fc1b66d3d36,OAK GROVE,Oak Grove
cc:0895525f-ed4a-46c9-af9b-5ed514d796bc,AUSTIN,Austin
cc:089d6292-1cd6-4d8e-b905-5e1df4490f73,JACKSON,Jackson
cc:08ad624e-fd06-4374-95a0-7304e145f5d0,PEARSALL,Pearsall
cc:08b010fe-0a35-49b8-8cf9-459a7a572105,BUCKHANNON,Buckhannon
cc:08b3e37e-f732-48f1-8e71-81ab5b0f9c9a,SAN ANTONIO,San Antonio
cc:08b6403e-b836-462b-8ad4-519db37710f3,LONG BEACH,Long Beach
cc:08b973b3-ed71-404d-b645-159bf24ce4f3,ST. MARIES,St. Maries
cc:08cfc9ec-37e4-487f-8d79-7df76fb34b97,ROCHESTER,Rochester
cc:08d5baef-e64e-45a2-b3e9-9a164d40f995,HONOLULU,Honolulu
cc:08daa022-cca2-43f7-8f29-61df78ebb931,CEDAR CITY,Cedar City
cc:08e4bbdf-c103-4f94-b0a7-ff4e54d6f48b,MANTECA,Manteca
cc:08e6476f-c7b1-4fc6-90be-3e3bfa36a776,GUTHRIE,Guthrie
cc:08e6d56f-ba74-4ca9-af6d-7d8e99e7792e,FORT WALTON BEACH,Fort Walton Beach
cc:08eab93a-59b7-43f1-9630-312589915a07,LAFAYETTE,Lafayette
cc:09048ec9-731a-4b0b-8978-e3713112d6f3,LAKEWAY,Lakeway
cc:090fe6a8-aaa0-4e39-9461-39536ac82173,OPP,Opp
cc:09111fc2-ef41-4d16-a020-c4334665dc4d,AUSTIN,Austin
cc:0923f940-6467-4d8a-9156-22c572d24402,PRESCOTT VALLEY,Prescott Valley
cc:0924ab04-70d2-4177-97ca-345a5f5926eb,CONWAY,Conway
cc:093391c6-40fa-4fcc-aa4d-9a7ed33a7add,ETOWAH,Etowah
cc:09347517-d9c1-4500-a6ce-df152b15196b,ANNISTON,Anniston
cc:094b8205-dcd6-4cd6-bf07-b688b5a7d4c1,BALTIMORE,Baltimore
cc:0951bd9b-0b56-42a6-97b2-3d9692ec54f4,ST. LOUIS,St. Louis
cc:0957264a-5246-4144-b7f4-808e159c3ba0,MANATI PUEBLO,Manati Pueblo
cc:0958c2a6-1dc1-4174-b683-33971bf8b8b3,EL PASO,El Paso
cc:09689e7d-b1c3-46e4-9fb1-a522677eaa5e,BALTIMORE,Baltimore
cc:096dd1b4-6b95-4f2f-8127-a8beca43c771,EVERETT,Everett
cc:096f0a65-d79d-491d-b0d4-dc4551b5370a,AUBREY,Aubrey
cc:0976fb05-44b2-4b97-99f4-448bf0feba37,DALLAS,Dallas
cc:097a10e0-c038-402b-9e5d-44003be824ba,CHICAGO,Chicago
cc:097be62f-255f-48d7-9137-6f4719394255,TORRANCE,Torrance
cc:09890870-634f-479e-8e09-2b14cdd89cf6,ELLINWOOD,Ellinwood
cc:09a7e69f-800a-4165-bb77-fa18f1ea8bb0,MAYVILLE,Mayville
cc:09af7ffb-0215-4adc-8b5a-25699de78ac3,PORT GIBSON,Port Gibson
cc:09af8b3a-bc11-40b6-a7c9-7dda7c53ab41,HOUSTON,Houston
cc:09b046d8-047b-405c-95aa-cd8b8a2af8fd,ROYERSFORD,Royersford
cc:09d2fc94-360b-43c3-87aa-759d2ede9271,BROWNSVILLE,Brownsville
cc:09db2db3-9084-4066-8da6-c1ac1235493f,BROOKLYN,Brooklyn
cc:09de5472-4d3d-4064-964a-93ae50c2e9b2,GRAFTON,Grafton
cc:09df2ae6-761e-4f56-85f4-4940e734d29b,CHESTERFIELD,Chesterfield
cc:09e704fc-4955-4854-9c26-a1e739361c3a,BILLINGS,Billings
cc:09f35af8-61c6-483b-902b-a7992c0b37f5,WHITE PLAINS,White Plains
cc:09f3b5df-82f4-42e5-a40b-b3379511c323,GREENVILLE,Greenville
cc:09f81911-f7aa-4835-b59c-188bdb1105db,CHULA VISTA,Chula Vista
cc:09f9cc15-bebf-435f-9971-2aa1d5935dcf,SIGOURNEY,Sigourney
cc:09fec0bf-d02d-4afb-847b-6c92621ae7c6,SCOTTSBURG,Scottsburg
cc:0a01d0dd-f0e7-4f6d-b6a5-f23f196bb8af,MADERA,Madera
cc:0a061347-32c5-4787-9de3-7601c870595a,TOMAHAWK,Tomahawk
cc:0a185a15-89dd-47ec-af9d-c33a96a64275,THE WOODLANDS,The Woodlands
cc:0a1c142e-b329-458b-9a99-ceabaec352b1,OAK BLUFFS,Oak Bluffs
cc:0a2197c6-27b8-41d7-adbf-cddae5535a40,SAN ANDREAS,San Andreas
cc:0a2e2847-ef4e-4e5c-bf5e-bff2dac8d13a,MOREHEAD,Morehead
cc:0a3705e4-69b1-4c11-a0f9-81508e9d851d,LANCASTER,Lancaster
cc:0a4cc571-a167-4d71-97ef-211423379e4c,CINCINNATI,Cincinnati
cc:0a5062f5-ebda-4350-887d-218b6124356f,SEATTLE,Seattle
cc:0a5220f1-f446-4901-b10d-47d3dad89659,BEAUMONT,Beaumont
cc:0a52f4c7-f914-4b20-943e-e5a9eef2785b,KENANSVILLE,Kenansville
cc:0a53679e-faf5-4216-83d2-29a6d82e0d60,NASHVILLE,Nashville
cc:0a541a2e-aa77-4d74-8aa3-cfa09d0a1da2,SUN CITY WEST,Sun City West
cc:0a593f43-ec40-4d65-90e1-cda786e41811,LEAGUE CITY,League City
cc:0a597acf-bbe2-470e-8c50-22dc53924a25,CHARLOTTE,Charlotte
cc:0a617c4e-e015-4ec2-af80-45f8dfac8d7e,JONESBORO,Jonesboro
cc:0a689ac6-a096-4a19-b636-ba709e0f4375,SANDERSVILLE,Sandersville
cc:0a756c66-28e2-4bba-a587-996a3fb44757,KNOXVILLE,Knoxville
cc:0a7d69bc-4c32-424c-a6b6-e496966e9ef4,OAK LAWN,Oak Lawn
cc:0a800de2-f9ba-4be7-a201-1d8d409bac67,FLORENCE,Florence
cc:0a8e9c23-8ac5-4915-9d68-3a9df0601af3,DAWSON,Dawson
cc:0aa360b6-dc9d-4aad-95b6-364153891e01,BAKERSFIELD,Bakersfield
cc:0aa82af4-25fc-4c7f-bacb-fe1d47bd06e9,ALBANY,Albany
cc:0ab71bab-ac14-44ec-9f0f-8797b2df55e5,KEWANEE,Kewanee
cc:0add4c78-284a-4124-bdcf-bb8b45ac8eaf,BOSTON,Boston
cc:0ae060ec-83ea-40cd-9be4-795f21d5fe97,ATLANTA,Atlanta
cc:0aece776-7ff0-4cb4-af51-f7815539c92c,DANBURY,Danbury
cc:0afe57db-8af3-44ef-a52d-6ce3c744fb23,BLUE SPRINGS,Blue Springs
cc:0b0a31a6-737d-4b1a-ab5d-851413e3a1fb,WATERTOWN,Watertown
cc:0b28db03-04f5-4cad-b543-780289e94a89,BRONX,Bronx
cc:0b2aeaec-9eca-4e9b-bc92-24695b6f2fa2,AMORY,Amory
cc:0b2cecc4-7f27-40a8-9cb2-363d678ceeb9,LOS ALAMOS,Los Alamos
cc:0b410cd4-46c7-4fcf-b05f-5fdd34b073f8,LIVE OAK,Live Oak
cc:0b4371aa-703d-426a-be01-956c4e117272,BATTE MTN,Battle Mountain
cc:0b4f3ca8-9ab7-4060-9712-4b121301fad6,FRANKLIN,Franklin
cc:0b667968-c672-4a54-bd07-f84928237f52,NAPLES,Naples
cc:0b72660f-8b63-4e82-b705-c36227cd29af,ABILENE,Abilene
cc:0b73a661-e0c9-42f4-8171-2d6abbc7f053,LAGUNA BEACH,Laguna Beach
cc:0b7620de-64ff-4056-86b3-c6709a249d2e,BRONX,Bronx
cc:0b7b2183-4fd4-4a46-be33-10a8e4fee5df,O'FALLON,O'Fallon
cc:0b7d2b9c-f059-49fc-9f7d-790a1eeee821,ALABASTER,Alabaster
cc:0b89de61-1d5d-49bc-a07d-9c153deb55ad,PLANO,Plano
cc:0b8e949f-ae88-4164-8685-fec3d63d9ccf,OKLAHOMA CITY,Oklahoma City
cc:0b94b752-29ce-440d-b411-0b997782aa4b,RAPID CITY,Rapid City
cc:0b951cf1-2137-47ae-98a9-0a638832200d,BEAVER,Beaver
cc:0b9b2f32-be14-40a7-9fdc-04081d2f3e8b,KOTZEBUE,Kotzebue
cc:0b9b95a5-5729-4fc7-8c68-6ab8ada7e697,TWIN FALLS,Twin Falls
cc:0b9e5af6-e58f-4103-9e01-f8f827874c98,HILLSBORO,Hillsboro
cc:0bc97535-bc14-432c-9d80-53be5dbe88ff,BUTLER,Butler
cc:0bcdf8ae-e7e6-46e7-9839-6db03aea2197,FAIRFIELD,Fairfield
cc:0bdbb783-ab4e-4f8c-9bab-fe6e08d16c49,MIAMISBURG,Miamisburg
cc:0be807ae-ba97-4337-bb64-9e837f1560ef,ATWOOD,Atwood
cc:0bfeb43c-957c-4d41-8cef-f3f35bb35aab,ALBUQUERQUE,Albuquerque
cc:0c01129e-8003-4c21-8119-c9425da80da1,SALT LAKE CITY,Salt Lake City
cc:0c032df4-f2ee-4bf5-9005-665d4b944aae,FORT WAYNE,Fort Wayne
cc:0c079e34-5b18-48dc-889a-d89185c64ddd,COQUILLE,Coquille
cc:0c0943f6-fda9-476f-a8a4-6a19a6ccd936,WEBSTER CITY,Webster City
cc:0c113cde-41a4-431e-a0fe-21bdcb1bb8bd,PETERSBURG,Petersburg
cc:0c2702fb-b4c9-4496-95b5-b4c892d7909a,AUSTIN,Austin
cc:0c3317d8-8cc9-40ed-9891-c4ad53c213c8,BERKELEY SPRINGS,Berkeley Springs
cc:0c40a552-f027-44c4-9c72-910e6cde4965,MEYERSDALE,Meyersdale
cc:0c424dd0-501e-4eef-838b-d5ad49251c19,TAVERNIER,Tavernier
cc:0c4b7300-45e8-4af7-bff7-710689de0d03,WEST HARVESTRAW,West Harvestraw
cc:0c4f9e52-477c-4178-b6be-aeb016adb0d7,ST. LOUIS,St. Louis
cc:0c512d28-e736-4075-bcc4-d54e61d95705,SWEETWATER,Sweetwater
cc:0c6d67d2-5977-4ac8-a68a-48a240910407,WILMINGTON,Wilmington
cc:0c6e74c6-b96e-4a4a-b2af-082738fff0df,THORNTON,Thornton
cc:0c8d9ead-59af-4464-a344-5df213f75271,MURRELLS INLET,Murrells Inlet
cc:0c8deaed-80c4-4e52-b034-312ee9fc1036,PLAINVIEW,Plainview
cc:0c92a1be-5520-4e03-92be-98f8b51d6ebd,MARIETTA,Marietta
cc:0c933b41-4984-4c29-aab3-66a70b131752,WACO,Waco
cc:0c9dcf6a-5301-40eb-985c-605593dda5dd,LITTLETON,Littleton
cc:0cb3f135-8a3b-4efa-a8ad-97412baf3f90,FLORENCE,Florence
cc:0cb40e99-49fd-47f4-bec9-a224af5124fc,NEW YORK,New York
cc:0cb885f8-8e66-4bc7-a097-20412cc8707a,FREEHOLD,Freehold
cc:0cb9f5b1-b072-4b5b-bf01-dd275c60758d,WASHINGTON,Washington
cc:0cbbf634-6e84-4482-aa9f-c762be0abdb7,RAHWAY,Rahway
cc:0cc19d93-c931-4e25-b51c-14cc1122d8a1,OVERLAND PARK,Overland Park
cc:0cc6ae3c-adff-4d0d-80e8-35153d6bcf7f,CLEVELAND,Cleveland
cc:0ccaeb29-e830-4f2a-b201-24c07a6ab1ef,WINNEBAGO,Winnebago
cc:0cd4808d-8ffb-4238-b823-4b446a94cc05,CORSICANA,Corsicana
cc:0ce23897-d30b-479a-bf45-3158493c9345,PLYMOUTH,Plymouth
cc:0ce392bc-d442-4c98-9b5f-3e7839b9a9c4,APPLETON,Appleton
cc:0ce6c80d-c67b-4aa2-8c4f-78a0e1db7dce,DOVER,Dover
cc:0cf95639-17f6-457b-b321-904551d8f254,SALT LAKE CITY,Salt Lake City
cc:0d06b820-d811-4a17-9ad8-740d435d04a7,TACOMA,Tacoma
cc:0d0a4592-4b55-4cae-b5fb-82c0abfbe83c,MANSFIELD,Mansfield
cc:0d1edc70-eb9f-4642-9205-f051175f9ea2,IRVINE,Irvine
cc:0d281704-fdad-4aa0-a13f-e5730297c991,ATLANTA,Atlanta
cc:0d3aea2b-8e35-4de1-8e79-e9ba2babf3cb,KINGMAN,Kingman
cc:0d3bac46-3d24-4272-b196-807f47b28a79,CALDWELL,Caldwell
cc:0d51abaf-957e-47ad-baf2-44887836dcca,VIBORG,Viborg
cc:0d620ca5-6023-495c-8806-b756096db06a,PLAINS,Plains
cc:0d6a7a1f-cce2-4bc8-99c9-8f07b9993d02,WELLSBORO,Wellsboro
cc:0d769e3a-6b60-422e-9bfe-3c91cf020003,MADISON,Madison
cc:0d8b08a1-1d3a-46a3-b3ec-48474b5db38e,DANVILLE,Danville
cc:0d93c834-253b-4f32-b238-65603d8cc8c4,NEW YORK,New York
cc:0d974844-5914-4b47-91f1-4505645e689e,JACKSON,Jackson
cc:0d9da043-7fd4-42f8-be6c-93a4a3d96c7e,OPP,Opp
cc:0dbf972a-2efb-47a0-9da5-ddd3f4285e0f,DUBLIN,Dublin
cc:0dc3bcfb-4421-4826-b7a3-9f60a86610ce,KENNER,Kenner
cc:0dcac344-4661-4004-9bf0-7038eaf57300,BOONE,Boone
cc:0dcc8f41-9349-4baa-b7ba-20e13accbd15,BUFFALO,Buffalo
cc:0de2d870-9e67-4811-82c9-33199da4bf57,SAN ANTONIO,San Antonio
cc:0de36de1-38ee-470b-a0e0-58b2da84b658,SAN ANTONIO,San Antonio
cc:0dfd594b-0daf-4e90-939d-ae0acb60d8e1,FORT SMITH,Fort Smith
cc:0e06868a-35d2-4a0a-8325-eee1f3e67555,GRUNDY,Grundy
cc:0e2d0745-fd66-4322-88d5-9bb94aafc9af,COLORADO CITY,Colorado City
cc:0e2d6008-fe4c-4ab2-9543-71565328f9ee,PORTLAND,Portland
cc:0e32843a-ac5a-4c5b-923b-376d6d12e10f,PLYMOUTH,Plymouth
cc:0e348201-091c-40a5-a5ec-7eb7b652cf58,DETROIT LAKES,Detroit Lakes
cc:0e3a1988-ac7e-494e-8a85-48b002381013,BARTOW,Bartow
cc:0e3c7553-1e37-42e0-b273-2feec1033985,DUBLIN,Dublin
cc:0e4f7f5c-33a8-4c5d-8818-ac65c9c8d031,LEAVENWORTH,Leavenworth
cc:0e51ea4f-42e2-42c3-a085-ba450f19ffe6,GREGORY,Gregory
cc:0e5908aa-e69e-4421-a4da-eeb39011222b,PHOENIX,Phoenix
cc:0e7054eb-08da-4909-b4d1-304a0d341e92,FULLERTON,Fullerton
cc:0e8d15ce-afbd-4d47-a2ed-fa1519cbb2ce,DANVILLE,Danville
cc:0e95ecd9-e24a-4485-874c-175b7f676216,ALLENTOWN,Allentown
cc:0ea15cc4-f72c-4c0b-9667-37c5c0fffa49,VACAVILLE,Vacaville
cc:0ea40697-3196-4618-894a-3c57c543912d,WATERTOWN,Watertown
cc:0ea62716-ad5e-4e48-af8e-27a8ead6528c,INDIANAPOLIS,Indianapolis
cc:0eaaa9ae-c6bb-4102-829c-8cb2bc1116b9,INDIANAPOLIS,Indianapolis
cc:0eb48180-586a-4d2d-83f1-c8b17a82fb86,GARNETT,Garnett
cc:0eb6f15d-9ffc-4068-81ed-0a2de7ce3e79,NEW ALBANY,New Albany
cc:0ec9ba82-aef7-4aaf-b07c-3bdd7d22ebd6,ROCK HILL,Rock Hill
cc:0ed77f5d-e3ea-4b38-b789-789f0e26a0e0,JACKSON,Jackson
cc:0ede1d49-056f-4549-9f3f-f2da6a346902,ATLANTA,Atlanta
cc:0ee55b16-fae1-4bda-a50c-04bd0ab7647f,FRESNO,Fresno
cc:0ef1e270-9ddf-4c0a-b38c-c3e1a7f0779c,BETHLEHEM,Bethlehem
cc:0ef2dbf6-f730-4bba-9e3b-05ec7e1a2417,WEST CHESTER,West Chester
cc:0f030969-b790-4363-8ff3-7c111570e29d,SALEM,Salem
cc:0f071a8f-e27c-4901-a9f9-64a0393ca7b1,MERRILL,Merrill
cc:0f089d0c-900e-4429-bceb-4de05d5748d3,TELL CITY,Tell City
cc:0f14a46d-5ee6-469b-ac27-080d88a20104,BALTIMORE,Baltimore
cc:0f591741-e13c-4eb6-9e08-cbd4d397d11a,SANTA CRUZ,Santa Cruz
cc:0f59d8d0-dc7c-4450-98f8-a9d1437ed020,READING,Reading
cc:0f5b5fb5-a902-4144-ac76-fa5354343a2a,SPRINGERVILLE,Springerville
cc:0f5d9cf3-1e11-4b1b-b5fe-4dd08bcf4f84,HOT SPRINGS,Hot Springs
cc:0f63e398-8111-4d02-a31f-20606569d242,HATO REY,Hato Rey
cc:0f7e6e2a-2d93-4b68-a766-f831708689eb,MONROE,Monroe
cc:0f810a44-7bbd-47eb-96b2-937ae6ba139d,ANDERSON,Anderson
cc:0f865b94-50d5-4ecd-a1e1-eefc5c07142d,SAN JUAN,San Juan
cc:0f873212-7087-41c3-a207-12342a2cffcb,JEFFERSON,Jefferson
cc:0f8ec227-2efd-4a5c-a270-057e0be188de,VERNON,Vernon
cc:0f98b3bc-3d52-4a8e-9675-59c9d3319eea,BURLINGTON,Burlington
cc:0f9939db-a84f-45ff-ad40-728d2a3ecf27,CHIPLEY,Chipley
cc:0faf9fae-435b-4be3-a893-70f6b536cf39,SIOUX FALLS,Sioux Falls
cc:0fbb6b6b-b7ba-4baa-9656-5b6b1fbf8e26,MONROE,Monroe
cc:0fc4058e-5d44-4276-87bd-75a2dabbbfd5,EDWARDSVILLE,Edwardsville
cc:0fda7946-9c24-4f64-8279-2d1bb1d8ea6d,DELANO,Delano
cc:0fdda5e8-8b87-433f-96c9-1244b33ef5a8,MIDWEST CITY,Midwest City
cc:0fe69dc4-a635-4ad6-ba36-c622a3bf10a3,PERTH AMBOY,Perth Amboy
cc:0feadc58-5ffc-4ee4-90fa-11587d529e4c,FITCHBURG,Fitchburg
cc:10048fe8-516b-433e-8ec7-6b984d592ab1,WICHITA,Wichita
cc:100ac139-1cb4-4aba-abf4-042113f74442,NEW BRAUNFELS,New Braunfels
cc:1012aac0-332c-42d8-99f9-1a207a5c04d9,GLENWOOD SPRINGS,Glenwood Springs
cc:101bed99-b4a7-4271-a110-addd655b5f9d,CRESTVIEW,Crestview
cc:101ccad5-088b-4fc8-96f5-627b08ae3181,CAMBRIDGE,Cambridge
cc:102059b7-93e5-492e-98f5-481a80fab98f,WEST MONROE,West Monroe
cc:1023e145-c5d0-48b0-9ac3-48af0718be55,ABINGDON,Abingdon
cc:102f4df0-02b4-4034-b5e7-71019f2bdb3f,VINELAND,Vineland
cc:10377d1b-8bc0-4c65-931a-14a86ad2b0ba,SACRAMENTO,Sacramento
cc:104314c7-2031-4756-ae78-e81b9a87cdfc,PHILADELPHIA,Philadelphia
cc:104cb945-f55e-495e-bd2f-1cb563218587,STEUBENVILLE,Steubenville
cc:1050611a-7855-49fb-9e9b-6fdaa42be60d,WARM SPRINGS,Warm Springs
cc:10536d8c-af88-4238-9163-f9d2b4874fb0,BALTIMORE,Baltimore
cc:1054d27b-03f9-4d9c-a352-a292ce8982f8,ANADARKO,Anadarko
cc:1056432c-3b15-4328-914d-97feb06e994f,COOPERSTOWN,Cooperstown
cc:105b1103-1d5e-4e54-8c5d-bfd5d572bbc0,PONTIAC,Pontiac
cc:105c17b4-fc71-4804-81aa-2858ccaf5b57,NEOSHO,Neosho
cc:106564e8-cecd-4bb7-aacd-3302424766d2,SIOUX FALLS,Sioux Falls
cc:106ba09e-16fe-4803-a14a-0ae37b3f040a,LUBBOCK,Lubbock
cc:106bf939-48d8-4355-a967-7b9681001952,KANSAS CITY,Kansas City
cc:106e1c41-fc4b-4d42-832d-41cda59275fc,QUEENS VILLAGE,Queens Village
cc:106f52fa-2251-423e-b773-e366a0ee635f,SHENANDOAH,Shenandoah
cc:1074108c-9c46-4e00-9a35-2a675393714a,LYNWOOD,Lynwood
cc:10826f8f-3eef-4887-aa25-0faa412052d3,NEWCASTLE,Newcastle
cc:109145dd-603a-499f-ae08-3d29a050c1ab,KATY,Katy
cc:10aad5ea-b202-4a86-bf26-0c5cd28db174,TOLEDO,Toledo
cc:10ad9fbd-f935-49e3-be8c-823def830b72,HILLSBOROUGH,Hillsborough
cc:10b68a40-107e-4adf-89d7-974cedd1fe91,SPARTA,Sparta
cc:10bfe234-35c8-43af-a861-1d082005ea24,HOUSTON,Houston
cc:10cc4734-7c38-4fda-a5fe-58274fff9d9e,MAGNONIA PARK,Magnonia Park
cc:10ce4510-bb54-4530-a82d-d4fd93983a6b,JACKSONVILLE,Jacksonville
cc:10cee331-def5-42d0-a3cf-6adda15ae023,ST CLOUD,St. Cloud
cc:10d96cfb-d28c-4b05-92ba-fc35a0748ae2,DENVER,Denver
cc:10d98793-a188-4296-a4c9-948e45275f6e,WACO,Waco
cc:10d9cddf-4926-4889-95e5-3844cc425c71,MADISON,Madison
cc:10ddc3ed-bc29-4f4f-a722-8062bf4b9550,AFTON,Afton
cc:10e3658b-f383-4983-8742-53f33849d7ea,LITITZ,Lititz
cc:10ec1919-3304-4ec9-9eae-9c65978cb405,ST PAUL,St. Paul
cc:11041371-2664-4d2f-a2e6-28bb36aaef74,JACKSON,Jackson
cc:11101fb1-5045-4ca4-9205-fbc3d6ca8089,MADISON,Madison
cc:11234f81-9740-419a-b139-23c5feb81e3e,GULF BREEZE,Gulf Breeze
cc:1126c1f5-d1e8-4f78-af7e-e0d16d1f27bf,NORTH LAS VEGAS,North Las Vegas
cc:112eae61-d8cd-47e0-a175-b7d465640625,EL PASO,El Paso
cc:1137bd11-0056-4dc4-b074-c663009a6e35,BALTIMORE,Baltimore
cc:1143035d-ddc7-4ddb-a58a-c7b31016179f,BASTROP,Bastrop
cc:11466547-a18b-40d6-9aa7-6b5157065b57,VALDOSTA,Valdosta
cc:1155ae90-9783-4aa2-8b89-57f11e686aed,FOND DU LAC,Fond du Lac
cc:1160bbe9-4db7-4f0d-9a8b-46389b9e5d91,CARTHAGE,Carthage
cc:1161647b-8f07-475a-ac88-6c02197a205a,SYRACUSE,Syracuse
cc:116a192c-5388-4c46-91f9-3026dd772539,TITUSVILLE,Titusville
cc:1170d15d-6f8e-4581-900b-5513c7a6d864,HOT SPRINGS,Hot Springs
cc:117377e8-65ec-461e-9dc5-b02870aa84d2,OKLAHOMA CITY,Oklahoma City
cc:1173efeb-75cb-4d94-97b5-83c2cdded11e,COUNCIL GROVE,Council Grove
cc:117b28ad-4568-4c45-9e95-8bf57152c1cf,SAN ANTONIO,San Antonio
cc:1181b09f-4939-4412-a154-06a8addfa35a,STOCKTON,Stockton
cc:118c3a8d-1050-4978-b97f-ee16630306ec,SAN ANTONIO,San Antonio
cc:118ec463-1d30-4e05-99ee-067701c1777f,LUCEDALE,Lucedale
cc:119ae8c1-2100-4632-8c7c-18dbd9ba352d,LAFAYETTE,Lafayette
cc:119c8f76-a6f0-45bf-ac9a-b48612e645b6,ANAMOSA,Anamosa
cc:11a58726-1682-4412-a135-ee5c30c18ff6,BECKLEY,Beckley
cc:11a600fd-5512-45d0-a677-7cffb2c31f8c,OCONOMOWOC,Oconomowoc
cc:11b57d7c-fc98-4677-aca7-56d5cc6a50f4,MECHANICSBURG,Mechanicsburg
cc:11ba49f9-80fd-48e1-ac8a-07107e09b4d8,MADISON,Madison
cc:11c42643-7918-4a90-99dd-733adef9c64f,ENCINO,Encino
cc:11d1827c-547f-464b-a4d2-7419cf62a1c7,ADA,Ada
cc:11d43c89-d0d6-428d-b6f6-07f35b2244fc,LONGMONT,Longmont
cc:11e8b2b3-bec3-46bf-b018-b0c91c393ffa,WESTBOROUGH,Westborough
cc:11e96f48-d07e-47d6-ab5a-b3ccd5c23e2d,ALBUQUERQUE,Albuquerque
cc:11f8d71b-e1c1-4ed8-8ef5-496b387db513,PARIS,Paris
cc:11fd7781-192a-4a3a-a835-970334bcb687,OCEANSIDE,Oceanside
cc:120d11f2-d1b8-490a-94e8-0bc064c2714e,LACONIA,Laconia
cc:12199f60-4de0-4c86-aee5-d6e3244edea0,DALLAS,Dallas
cc:122a73db-0927-450c-bf59-83f5a2b94398,SIDNEY,Sidney
cc:122d865e-52a3-4302-917e-d808017f757a,NEEDLES,Needles
cc:122fe597-4648-4b1c-8ba2-174e6be3fc2c,DENISON,Denison
cc:1230f429-a894-4ea4-b146-debb6113c994,SALISBURY,Salisbury
cc:123673e6-0fe6-470b-a6cf-a62ea5d82550,LEAWOOD,Leawood
cc:123f0255-bed1-47f2-9e83-777a0d7f064b,MONTGOMERY,Montgomery
cc:126e5515-e124-40a1-a23f-0e19cee0bc80,TARZANA,Tarzana
cc:12823357-c4df-4484-984e-0d59d89a9ceb,JACKSON,Jackson
cc:128b1a6d-6616-4b3c-8525-a8ecadaf0556,BURLINGTON,Burlington
cc:128c2bf6-6f60-4680-a60e-089e3e7b032b,WINFIELD,Winfield
cc:12bae64e-1a8e-484d-812f-f2da8e0e380a,BAYTOWN,Baytown
cc:12c7dab4-e1aa-4436-85ac-c1ac9d256819,ALBANY,Albany
cc:12cd54c4-243b-458c-afd0-c477082d9ed3,DECORAH,Decorah
cc:12d32c77-05c3-4630-ac84-db3a4b605d0a,HILLSBORO,Hillsboro
cc:12d82a75-f93c-45af-a942-df1efbdc1e62,VINCENNES,Vincennes
cc:12efeeec-8d29-4da8-9ad8-c7aee278a807,FARMERVILLE,Farmerville
cc:12f7d731-7c92-4c26-afe5-2b5559a18431,OZARK,Ozark
cc:130424d7-c173-4abf-a45a-5f6cbf9dcfed,WILMINGTON,Wilmington
cc:130a4457-8de2-4468-acf9-c254f5eef4db,NASHVILLE,Nashville
cc:13112a88-11bf-4715-9c88-bc180ee1affc,EDEN,Eden
cc:1314f082-3a4c-4d5c-a33b-470e3bd48c1c,FARGO,Fargo
cc:131c8263-54f9-46cb-8701-b1be137339c1,BATON ROUGE,Baton Rouge
cc:131eec14-be90-4474-b829-3f02a05a9634,SYRACUSE,Syracuse
cc:1320d9ba-4657-4002-b7f5-570cddf4f3f9,CORVALLIS,Corvallis
cc:1321a16d-f562-4e38-b70f-f33ce362e928,LA JUNTA,La Junta
cc:1330e5ab-e4aa-461e-8349-74426c4afff3,LIBBY,Libby
cc:13376d15-6f74-4d53-af20-88db5e8a4e83,GREENSBURG,Greensburg
cc:1342fb19-0ab6-4e3b-9809-2f37d039f3f3,BRITTON,Britton
cc:13430fde-8179-4c70-9a37-4dbdfdfb6476,YPSILANTI,Ypsilanti
cc:13549547-54b7-4e06-a320-a9fdb276dfd0,GRACEVILLE,Graceville
cc:135baa42-8f04-475f-ac08-70428ce4261c,QUANAH,Quanah
cc:135e0b81-e3a1-4697-bbe6-b5dbd1adf9dd,MIDDLETON,Middleton
cc:13664339-524f-483a-87c7-7c43a8771917,BIRMINGHAM,Birmingham
cc:136a4594-6d55-42a0-9a03-e9bd83432ad1,MINNEOLA,Minneola
cc:136e8325-b6d2-4f47-bf8f-8ab0e763dfab,TOLEDO,Toledo
cc:13797579-ffef-4d10-94d4-f5cee18fa5f9,NEW YORK,New York
cc:137d3132-4bff-4422-af55-2dc9245bbf13,HASTINGS,Hastings
cc:13832c73-5af8-4ba3-a265-4a8843b81895,LITTLE ROCK,Little Rock
cc:1383512d-f3ec-4402-95f6-a2b74be33b7f,NEW KENT,New Kent
cc:139558de-5f0c-42d4-88f0-563d7230a56d,FORT MYERS,Fort Myers
cc:13965dc4-373e-41f8-9e96-c605d726eca2,NEWPORT,Newport
cc:13973a3b-f4fa-4cae-907e-96c876795baa,RESTON,Reston
cc:139ebbac-5722-4ddf-8944-54099f6ab3a0,CONCORDIA,Concordia
cc:139faba8-14d6-48da-8632-c687833e4e4a,LINCOLN,Lincoln
cc:13a480ed-f4ba-4b89-8c03-e685f408398e,WOODLAND PARK,Woodland Park
cc:13a6a262-c2db-4473-a249-1a96e6a5f5e8,LENOIR CITY,Lenoir City
cc:13a6f635-1a3e-4a5c-97f5-1952300ea0a7,MARLTON,Marlton
cc:13af51ef-3a18-4d7c-a149-4176c97e1f51,JOURDANTON,Jourdanton
cc:13b44c44-2a96-4247-8bd4-6509efcacaf1,LEHIGHTON,Lehighton
cc:13d33723-1be4-43ab-aa71-c9e6d77d7a25,AUDUBON,Audubon
cc:13de15bd-ce6e-4a05-aeaf-2e46f567d967,WILKES-BARRE,Wilkes-Barre
cc:13e69704-f46d-4fbd-b281-a552861d30f1,WASHINGTON,Washington
cc:13e723cf-ce4a-4443-bbfd-bea608230a2a,THOMASTON,Thomaston
cc:13fee754-fbcb-475a-9ea4-4eaebde33a34,NEW YORK,New York
cc:140691ea-1140-459c-9131-fcdc6e180565,ST. JOSEPH,St. Joseph
cc:1406baec-24cf-4c94-ac64-fc8d07e567ae,BLOUNTSTOWN,Blountstown
cc:1415254a-0c9e-4c8f-a54a-e1b31091b9db,FARGO,Fargo
cc:1435ead7-1f3b-47d9-a131-90fd3a28e241,GRAND RAPIDS,Grand Rapids
cc:143bb1cd-892b-4b73-b2b7-35bb783ddbfd,PFLUGERVILLE,Pflugerville
cc:144bbc54-531e-49cb-9c01-650a83cb5eb4,TERRE HAUTE,Terre Haute
cc:14507c5c-f598-438d-b4a9-3bf4e568b02b,HOUMA,Houma
cc:145e2808-2c96-4383-8562-4b4c14234e40,ABILENE,Abilene
cc:145ed249-239e-46d9-b820-713a8b1753b9,CHEWELAH,Chewelah
cc:14661103-9178-4a0d-ba61-42625ab29488,DARTMOUTH,Dartmouth
cc:14676d8b-d4d9-4d9e-96ce-dde2475a7823,SANTA ROSA,Santa Rosa
cc:146c216c-8ffe-43b6-93f6-e64ef89d6f69,BEAUMONT,Beaumont
cc:146cdc53-fffd-4381-8f3f-854f457b5329,ALAMEDA,Alameda
cc:147b80fe-de85-420d-aa00-1b003aeb05fd,DESTIN,Destin
cc:1488cc7d-8afd-4c9f-b0c9-bdf40f0dccbc,PORTSMOUTH,Portsmouth
cc:14b63bcb-afe8-4ff9-847a-1dccc1b812a4,HAMMOND,Hammond
cc:14dca775-23d2-4c37-ae81-685bd746cf73,GLOUCESTER,Gloucester
cc:14e1073d-7799-403f-a178-247517a1061d,MONTEBELLO,Montebello
cc:14fb9f84-1ed8-4582-8cf0-b49370fed9e0,NEWPORT BEACH,Newport Beach
cc:14ff3a27-881c-489c-bafe-6a57dc1ab002,CARTHAGE,Carthage
cc:151124d4-2ee5-4503-84d1-07bc3c0c21e8,FARGO,Fargo
cc:1514325f-e890-4801-8f07-1268a06498c7,ELKHORN,Elkhorn
cc:1514ca9e-c8b0-49cc-a33d-5a653445b1e3,HOUSTON,Houston
cc:15246bce-ccc8-41b7-9ea8-8f527ffab35a,CHICAGO,Chicago
cc:152f03c0-3434-416f-8be2-b7c626dfcf5d,BOWLING GREEN,Bowling Green
cc:15352435-4e88-46f0-8fd0-0d7e06db9072,TULSA,Tulsa
cc:1538f1ec-b243-49e1-a160-f98d95b0cf9f,REDLANDS,Redlands
cc:154549b8-7454-4ba8-8bac-41a45cb5be76,BURLINGTON,Burlington
cc:1564206c-6426-4676-ac64-8b353f7c24d5,ORD,Ord
cc:15737239-e349-4fc0-b4aa-99551e1c8dd7,JOHNSTOWN,Johnstown
cc:157dfea6-d140-47e0-bff4-d21b0c99ad40,SAN LEANDRO,San Leandro
cc:158b9a10-88ab-43bb-a4e7-27ce32e7b3ed,SOUTH BEND,South Bend
cc:158dd933-4491-4389-a4fb-78c6b690c0b4,PORTLAND,Portland
cc:159b8d62-e3bb-4b0b-8c2f-9cc1efa875bd,AVON,Avon
cc:159f3672-28e8-4954-9b50-984650e1595d,LARGO,Largo
cc:15a84949-0f94-41d6-b249-3588c82387ce,HOUSTON,Houston
cc:15ad8673-a65d-4870-9515-c635f18d9250,ATLANTIC CITY,Atlantic City
cc:15b0bdff-94df-4d89-8131-3c287b91ffdc,WEST ALLIS,West Allis
cc:15bf049e-1c31-479d-8eff-e035e079addf,EVANSVILLE,Evansville
cc:15bf7dbf-241c-47e8-86eb-81c71c437506,LAKE CHARLES,Lake Charles
cc:15c14679-5573-4c62-ba86-eb7b5be2336b,ROCHESTER,Rochester
cc:15d25d53-0a9e-45ef-823c-ff0b9100fb5e,JENNINGS,Jennings
cc:15e1f04b-3a58-4cc5-8d67-a8aec318f63c,LYNCHBURG,Lynchburg
cc:15e6a8ca-3bd2-4079-aa56-b08cdc3d49b5,LENEXA,Lenexa
cc:15eb2ebb-4d9c-46fa-8180-36c2d94fe01d,VALLEJO,Vallejo
cc:15f1a8fb-f311-439d-bac7-bd2e4ec3ad9f,DECATUR,Decatur
cc:15f5ba10-3393-427f-a9de-f63c3e24040d,WEST TULSA,West Tulsa
cc:15f9cae6-fa99-43da-9535-f95221dc9ddc,JUNEAU,Juneau
cc:15fc4453-e0eb-4d70-bf68-f0ed571d6f2d,OLIVIA,Olivia
cc:1605f2f2-2286-4272-9d10-8776400c232f,PULASKI,Pulaski
cc:161360fb-794a-4a98-add9-cb332b7f0acd,MANITOWOC,Manitowoc
cc:16279951-1b70-4c6d-aa6f-1631dd1ff2f2,DU QUOIN,Du Quoin
cc:162cf4c0-a716-4873-ad04-f7a48bc574cf,HIBBING,Hibbing
cc:1632249d-1cc4-4f52-bdc6-20715967a7e4,INDIO,Indio
cc:163641c4-d6c1-4dc1-9d61-f8bc6683176c,NEWPORT NEWS,Newport News
cc:16595b0b-f068-4296-b97b-a01356a03239,GOODING,Gooding
cc:165b1aea-ed85-4cae-af28-b48b7e689241,JOHNSTOWN,Johnstown
cc:168b7fb8-aeac-461b-82c0-478f7ffcd6e9,FOSTORIA,Fostoria
cc:168e6eef-4305-433d-8ece-15c1171e320f,DUNKIRK,Dunkirk
cc:16a0b4de-154e-4abc-81a5-e756bdcb1a19,EAGLE PASS,Eagle Pass
cc:16a39d8f-ff99-4c1f-8774-7225973790e7,TUCSON,Tucson
cc:16a64572-708b-4364-b314-db879ae33d1c,MADISON,Madison
cc:16b0482c-0996-496b-a6fc-6bfb4c2e4e1a,DUNCAN,Duncan
cc:16bd3580-75c5-4fa3-983b-523e43048425,SUMMERVILLE,Summerville
cc:16c11acd-31a0-4169-8d29-4cb2cfff4949,MILFORD,Milford
cc:16cd192e-01fe-428d-8733-6083d403c8ff,COVINGTON,Covington
cc:16d13cf3-b6f6-48d5-818f-685b8e0380c3,LAS VEGAS,Las Vegas
cc:16d8aeea-7607-4e57-b882-0983205814c0,SAN ANTONIO,San Antonio
cc:16e449f2-ec88-455a-84c4-d382d047b385,MONROEVILLE,Monroeville
cc:16e7dbb9-408c-42f2-a808-815bdc481d7f,ATHENS,Athens
cc:16e84cef-abf1-414e-83ac-50ab548792ca,POMEROY,Pomeroy
cc:16ea06c2-1945-478e-9530-3554fb686fc0,CYNTHIANA,Cynthiana
cc:16f763a9-1224-4156-bbff-c557062db7ca,ROUND ROCK,Round Rock
cc:16f9dc58-67bf-43f6-bce0-9701e0b4e5f4,NASHVILLE,Nashville
cc:16fc29ed-7cda-40f7-afbd-afd60c11a128,ST FRANCIS,St. Francis
cc:1705aed1-2287-4558-8e6a-edec6881140d,SEWARD,Seward
cc:170cc119-9d49-4d1d-9d26-5dd0de5740f7,BOLIVAR,Bolivar
cc:170f29ba-36c6-4248-9810-63d5381b6aec,NORTH LAS VEGAS,North Las Vegas
cc:170fa9b3-48ea-4986-9793-9150eecf5153,COVINGTON,Covington
cc:1718a22b-a0f9-487e-8434-8917096bb41a,TAYLOR,Taylor
cc:17219866-dfd7-4c8b-be08-f7fc9e3bfb5c,LAKE CITY,Lake City
cc:1724b9a8-d410-49cb-90fd-d2e23427b571,RED BAY,Red Bay
cc:1740b3e4-b83d-4a02-bc1e-9e12f7759ff5,VICKSBURG,Vicksburg
cc:1740e42f-c545-4a1b-b3a0-6ad73908ddc5,BALTIMORE,Baltimore
cc:1742ca88-bdb5-47ec-8e15-3e82a2f833a8,GAMBRILLS,Gambrills
cc:1744a58f-452f-436f-b727-47f8473f02c7,LEADVILLE,Leadville
cc:17511265-8151-4709-a501-a78ac5b90936,SAN LEANDRO,San Leandro
cc:177ae969-6cd9-41b2-bf52-8d8088184682,MOUNTAIN VIEW,Mountain View
cc:1781f50f-aa8f-46ce-81a2-cdbc8c1dff6c,DEL RIO,Del Rio
cc:178bb1b5-02db-405b-9875-43e7121b84db,NEW BRUNSWICK,New Brunswick
cc:179daac8-66eb-40a5-a554-5cdb199101d2,NEWNAN,Newnan
cc:17a83579-2fc9-4c35-85a1-5bbdf497bec9,ALBUQUERQUE,Albuquerque
cc:17aaf2e7-2f33-44f1-9c4b-0eb47d2a2f7a,OPP,Opp
cc:17bcbb94-98f7-4ace-982e-0caf0773db9b,PITTSBURGH,Pittsburgh
cc:17bda1ff-fa03-494f-9e8f-90927ef27201,WESTBOROUGH,Westborough
cc:17bf9b8a-8c3a-442f-aafa-567e7e05d516,RAPID CITY,Rapid City
cc:17c2aed6-caaf-4761-8162-5ad72c03adad,DRIGGS,Driggs
cc:17c2b78b-34a8-4443-ba23-263f7d1bc75f,DECATUR,Decatur
cc:17c3206d-25b9-468a-a71b-4b79e08e7862,SAINT PETERSBURG,Saint Petersburg
cc:17c477ea-379e-407e-a7d4-22ebb5652b43,VALHALLA,Valhalla
cc:17ce8e60-7349-4619-8b35-2e72bf9b79f4,RUSHVILLE,Rushville
cc:17db1f5b-e6e5-4736-8a66-fcef9941c94b,PRESCOTT,Prescott
cc:17df1ce0-323b-4685-a564-ae28c089f3f9,INDIANAPOLIS,Indianapolis
cc:17ef8ff8-0413-48d1-a455-686c39b97381,CHATOM,Chatom
cc:17f5dbd0-f959-4d35-9f47-d628221f186a,SUSUA BAJA,Susua Baja
cc:181d0ed1-87b2-4952-8fe5-c547d41dfe0d,SAGINAW,Saginaw
cc:181e52a1-a051-43fc-bfa7-53dd486812b8,ST. JOHNS,St. Johns
cc:1827b8ed-baaf-40c8-898e-5d35cc220193,WAXAHACHIE,Waxahachie
cc:183c05eb-c5e3-40c7-a4a6-a6a9ac6cdecd,OVERLAND PARK,Overland Park
cc:183e8494-c642-42b9-bfc7-ebb549d6f81f,LAREDO,Laredo
cc:18471ea0-5572-45a9-b649-43110dcdd93c,CALICO ROCK,Calico Rock
cc:18566ed2-f977-4d69-bb3a-82429c86f05e,KINSLEY,Kinsley
cc:186a26b4-a57f-48dc-9bf6-39827593a5e0,WEST JORDAN,West Jordan
cc:187b76b7-00a8-4421-ab51-f8ea92d60d63,FORT MYERS,Fort Myers
cc:187ce86a-6489-4489-911d-e93ab16f93dc,SPRINGFIELD,Springfield
cc:187d2f57-7bf0-40b9-8646-7ee481db2d3c,SAN ANTONIO,San Antonio
cc:18832ca6-5431-436d-ad21-bb874ffb174f,GEORGETOWN,Georgetown
cc:1899db3a-617d-43c5-be61-347c057dfb7d,CANANDAIGUA,Canandaigua
cc:189abdf5-4856-464e-ab6d-645e3ff5c719,WICHITA,Wichita
cc:18b2f9db-d4fc-4cb1-a8e7-a5c3c520b17d,MIDDLETOWN,Middletown
cc:18c56e60-eeca-4ea6-a4f4-9a663265ed4e,PITTSBURG,Pittsburg
cc:18c5c9fd-fd8d-4acc-8ade-8a9cafd31bfb,CLEVELAND,Cleveland
cc:18c95e9a-fe69-4db3-81df-da8caf6b0709,GROSSE POINTE,Grosse Pointe
cc:18e8b110-8ce7-45b4-afc2-7108036bf190,OXFORD,Oxford
cc:18ed9fba-144d-4bd6-967f-b92ee55c7423,AUSTIN,Austin
cc:18f61fec-2185-4582-91fb-6226b322dd07,DENVER,Denver
cc:18fce4e0-e16a-48d8-8cb8-e9a2ed0b39d4,ELKHART,Elkhart
cc:1900eea6-6604-4ae1-a113-7a7eaca45f9b,TAMPA,Tampa
cc:190d985c-406a-4d78-8f7c-05bed7e84377,GREENSBORO,Greensboro
cc:191637e1-7162-45cd-89cc-7414396498d3,NORTH TONAWANDA,North Tonawanda
cc:1916eb80-9497-4b48-beb9-5def86f06889,GONZALES,Gonzales
cc:191ddd93-fb51-4550-898b-b1fc1a9fffda,ASHDOWN,Ashdown
cc:1927c527-4571-43b8-b37b-175ecd402b74,WALLINGFORD,Wallingford
cc:194da0f4-86fb-4078-9054-02afa8b6b3ce,EL PASO,El Paso
cc:19512fc3-55a9-4e1f-9860-bbd776868a91,MONROE,Monroe
cc:1957b448-cef0-4ae6-9825-048e8524e02c,NEENAH,Neenah
cc:1968c0b8-ed6b-48b2-9c74-95cb5bbdd18b,PLANO,Plano
cc:198c941c-ed3c-4533-85dd-d41e4c714cd7,JOHNSON CITY,Johnson City
cc:19925fd1-e972-4dd0-a5f0-ee5f0d0c8885,MORRISVILLE,Morrisville
cc:19a54e3f-667a-4818-bc89-a417794e2d03,LAFAYETTE,Lafayette
cc:19b4916d-d981-4ca2-bb0b-7688a5cc0ad4,DOWNINGTOWN,Downingtown
cc:19be3acd-0f91-43f9-8c4f-15f1148c3ce3,GREENSBURG,Greensburg
cc:19c03ef2-22b6-4645-aff4-9e559c46feae,CAVE CREEK,Cave Creek
cc:19c0dcee-d42f-4d29-a270-1b2c504ee959,FORTUNA,Fortuna
cc:19c82b84-02d6-4467-a361-deaed8bb82cb,LAYTON,Layton
cc:19d053e9-ac22-438f-9872-82f77bca9686,LOUISVILLE,Louisville
cc:19d22225-d4ad-4fcd-99a0-68cb00749086,WARRENSVILLE HEIGHTS,Warrensville Heights
cc:19d3b73e-39fe-4cd8-9dda-1b52f23854e6,JACKSON,Jackson
cc:19d89262-a57c-4692-a0ec-1a92c5aad2f1,WICHITA,Wichita
cc:19dad183-eea6-4c00-a002-772ef41131f8,MURPHY,Murphy
cc:19dc17c8-5262-4d0d-b713-d02035826229,WOODLAND HILLS,Woodland Hills
cc:19dff715-bb4d-4c26-82d2-cbdd5c998134,SEDRO-WOOLLEY,Sedro-Woolley
cc:19ed8cf4-eeae-43e0-961f-da4bd36f3a01,CHADRON,Chadron
cc:19f1c087-df2b-4ff5-9aeb-e9a2f990bc7e,WEATHERFORD,Weatherford
cc:19f4e6ea-7931-4a15-943e-787a44d528c1,KINGSPORT,Kingsport
cc:19f96337-d1ad-4e71-9452-273db184f3cd,TEMPLETON,Templeton
cc:19ffed1c-fa79-4cd3-941d-164e1a52aa15,TEHACHAPI,Tehachapi
cc:1a0b7a7a-592c-447a-9a7d-20b04bb5dda6,VIRGINIA BEACH,Virginia Beach
cc:1a25e121-da47-4fe5-a4b0-90694acec22f,RUMFORD,Rumford
cc:1a3dfcd7-5b28-4505-a07c-8a5de6b602ba,AUSTIN,Austin
cc:1a42f967-aa8a-44b5-84fd-d3ad6cc7ec70,SEATTLE,Seattle
cc:1a439520-6b54-44b1-b779-17f19f31a091,BAYAMON,Bayamon
cc:1a793019-d210-418e-9f9a-d6c28573664c,FORT MYERS,Fort Myers
cc:1a7cfbca-19c5-43dc-9bea-2ada0aa9d9ce,NEW HAVEN,New Haven
cc:1a7dec3f-1cb2-4f05-a761-1d98e204fe3d,LAMAR,Lamar
cc:1a81ea3e-8240-4788-8541-f1deed978650,PANAMA CITY,Panama City
cc:1a89a295-6afc-4f9f-9958-1cfb0465190c,DOVER,Dover
cc:1aa15d0d-971e-4cac-b55e-f863a58040bf,JERSEY SHORE,Jersey Shore
cc:1aa777b5-8de9-4982-8626-6bc9d5200615,YOUNGSTOWN,Youngstown
cc:1aadcf4d-b0e4-42bf-931e-7f983266e135,ST PETER,St. Peter
cc:1ab4f7d1-d4ea-48ce-8bae-268ed7cbd151,OMAHA,Omaha
cc:1ab8651c-483e-4e07-ba41-980e07198122,HAMPSTEAD,Hampstead
cc:1abc6b8f-9617-4538-8354-84053cddf4ad,SPARTANBURG,Spartanburg
cc:1adc5382-e7bf-4b40-8de1-c35e7c96cdfc,STIGLER,Stigler
cc:1af576ec-d252-49f6-a313-7b7cc8c00710,ELIZABETHTOWN,Elizabethtown
cc:1afd0673-9e5b-4fe4-a14e-b1e4762a1737,MOSS BEACH,Moss Beach
cc:1b08daaa-9242-461a-a626-740b3bda4b43,CHARLOTTE,Charlotte
cc:1b099777-b6dd-4bd7-8bf3-a67b5c8a21d9,HUGO,Hugo
cc:1b0a6486-36f0-4e87-a022-dc8841442262,HENDERSON,Henderson
cc:1b200816-4aae-4e23-9e52-d92b5c03b4ee,PHOENIX,Phoenix
cc:1b372eb9-82a8-4e02-bc7a-5c80b3d09db9,PLYMOUTH,Plymouth
cc:1b3edaa9-529e-4909-9b53-8f1adbd75e43,MENDENHALL,Mendenhall
cc:1b457796-bf5d-4958-8816-396ed611075e,WINDBER,Windber
cc:1b4b3148-c11c-4862-886b-61c87d84e16e,THOUSAND OAKS,Thousand Oaks
cc:1b6b9759-cd24-4114-b395-24f7604d9be1,VAN NUYS,Van Nuys
cc:1b6ea781-a80e-4e7c-ab0e-4dd6d9316a3c,HUNTINGTON,Huntington
cc:1b7154d0-964f-449c-8fc9-c7c205c3d5c1,MELBOURNE,Melbourne
cc:1b752b12-ca03-4506-88c7-5035a33e3081,AUGUSTA,Augusta
cc:1b7df2fb-17ab-45d9-a36b-3ce6f249eb46,LAS VEGAS,Las Vegas
cc:1b9084c2-3c6e-4dd7-bb7a-9ed1a1baf091,PLEASANT PRAIRIE,Pleasant Prairie
cc:1b9858b9-4c23-4626-bb28-5bdb9c183c08,FORT WORTH,Fort Worth
cc:1b9f932e-c008-4a93-a07c-974bc0310810,PIGGOTT,Piggott
cc:1bbea45e-f8a1-4ab8-82e8-cee25f57e79c,DE QUEEN,De Queen
cc:1bcb5140-ae1d-4561-b43a-47f0876b27f6,PARK CITY,Park City
cc:1bd8a889-087f-4807-b63b-fbb0bd133cea,DECATUR,Decatur
cc:1bdbfb9c-6021-4cf9-8208-17a61115fcd8,JACKSONVILLE,Jacksonville
cc:1be4c8fe-4a66-43b2-84c9-a7c2070e578a,ORCHARD PARK,Orchard Park
cc:1be82724-ada0-490c-b198-ba28088f4c61,CEDAR RAPIDS,Cedar Rapids
cc:1bf147ad-c08f-4c81-becd-3da8fe563d10,LYNCH,Lynch
cc:1c16fbdb-f1a4-4d92-9894-fccbecb0e210,GREENVILLE,Greenville
cc:1c1c734f-2d32-4a07-bfb5-f367a6d66327,BARRON,Barron
cc:1c3419ad-9167-4a14-9ee0-d5af0d91a5eb,KENOSHA,Kenosha
cc:1c34d740-d722-404f-88d9-616e3336929d,DALLAS,Dallas
cc:1c368b22-f64c-4f98-85f8-47574c3b7309,WORCESTER,Worcester
cc:1c3f705b-1bdc-444d-ba7e-93b2e7551f70,WESTBROOK,Westbrook
cc:1c49cfad-3d30-4b85-bef8-cdae383935e4,MISSOULA,Missoula
cc:1c5e99bc-0a8c-4919-8127-ec4b0b8f9f54,OWINGS MILLS,Owings Mills
cc:1c5f3873-abee-4fba-b60c-d2dd53fc4158,MARYVILLE,Maryville
cc:1c64d9b5-8c68-4f7c-800c-ca8d7909fc56,SPARKS,Sparks
cc:1c75f761-acf0-4fe5-9b38-3bc70cccd544,ROBBINSDALE,Robbinsdale
cc:1c7609dd-6431-4459-8490-017202fbcacf,TROY,Troy
cc:1c7dc0c2-f612-4451-a0c6-84cf232307a9,HOUSTON,Houston
cc:1c842317-6eef-40e6-b1cf-df2beec90ce4,GRAND RAPIDS,Grand Rapids
cc:1c860e33-8e50-4d23-a609-96c36e4edb51,FORT WAYNE,Fort Wayne
cc:1c91d914-1d8c-4945-9e9f-bc3d656f6b17,INDIANAPOLIS,Indianapolis
cc:1c92f07e-32a6-4d8f-85cb-5310ada762f7,MERIDIAN,Meridian
cc:1cbcc827-343f-41c6-a8d5-df71698dd619,OKLAHOMA CITY,Oklahoma City
cc:1ce06639-7593-4a49-8760-3a4e316562fa,FORT THOMAS,Fort Thomas
cc:1cf6c8ee-11d3-4ad2-b020-7f3fd7c1e40f,LONGVIEW,Longview
cc:1d047925-d38e-47d9-9cfd-88fbb5a220ff,DETROIT,Detroit
cc:1d0ebf4b-c2be-4f73-bbf6-283ad2a8765d,DANVILLE,Danville
cc:1d246aab-6179-4a2a-95e0-1b73b4251393,OSWEGO,Oswego
cc:1d2ad440-6f4e-440e-8d3d-d7a23e2c90f4,CLINTON,Clinton
cc:1d2db75a-f972-4c4d-834d-b6673f28a3d8,SPOKANE,Spokane
cc:1d4144a7-064f-465d-a254-bb030072a143,CHATTANOOGA,Chattanooga
cc:1d53b0e8-5e17-41b7-9dee-586418e55536,HYATTSVILLE,Hyattsville
cc:1d669ff0-d1ad-41d6-9ffe-bc279892d905,SLIDELL,Slidell
cc:1d76e5da-2300-4957-910a-2b16d76a6a66,INDIANAPOLIS,Indianapolis
cc:1d7d0b10-fe70-4da1-94cd-883a5a7ecda1,WESLACO,Weslaco
cc:1d80aec3-37c5-4746-907b-31ad37055be3,BOULDER CITY,Boulder City
cc:1d8639ba-ada9-4fce-aa12-8857e5bf6e9d,HENDERSON,Henderson
cc:1d9798ec-9caf-4219-a063-a92b25d2c77b,SURPRISE,Surprise
cc:1d97ec4c-e291-4c65-898f-f51e0897523b,MARTINSVILLE,Martinsville
cc:1d998baf-5ac3-4821-abb5-bd9b79b7e908,TOLEDO,Toledo
cc:1da024e7-c135-4747-842e-aa09d1ebb568,KANKAKEE,Kankakee
cc:1da4cc28-2bb6-49e2-8571-ef8b1812c30b,TAMPA,Tampa
cc:1da53cc3-9d8e-42b6-b735-044fcdef7c3d,EVERETT,Everett
cc:1db6f48a-a440-4771-9beb-ac79ed82fa3d,YUMA,Yuma
cc:1dc3907b-829e-439a-8902-1306809232fb,BIG SKY,Big Sky
cc:1dd02b4a-232c-4175-bd00-bec7ac84e819,AUSTIN,Austin
cc:1ddacef6-72b6-425c-b611-762d5345f0c0,SAN JUAN,San Juan
cc:1de212bd-13a2-4744-81f2-3244626eab19,SAN RAFAEL,San Rafael
cc:1de86446-3217-4705-80a9-841a739910c3,BALTIMORE,Baltimore
cc:1df64cfc-5942-4023-a8f2-7a3dbe2198be,SE BANDON,Bandon
cc:1df8e2a6-851e-4b76-a423-6c24f8ee24f0,LECANTO,Lecanto
cc:1dfa4ec7-a86c-4144-9c9b-4bda3d900ba2,CHICAGO,Chicago
cc:1dfa6e72-66a2-4a81-b54f-514ccd1fb726,BIRMINGHAM,Birmingham
cc:1e031906-dd0d-402b-819b-6a3bb864b235,TORRANCE,Torrance
cc:1e09fa28-f0b0-4e48-96e5-5b835d44a2fa,VIVIAN,Vivian
cc:1e152d0e-8dc5-46cb-83f7-0f68165bd13b,BURNSVILLE,Burnsville
cc:1e165019-40e0-4be3-b71c-f9c01c5cdf4a,LOUISVILLE,Louisville
cc:1e1a0385-a8f1-49c4-9f0f-a18d2ea64988,BIRMINGHAM,Birmingham
cc:1e2d4278-201e-41e2-bda2-3ad531b51e53,MADISON,Madison
cc:1e3790bf-f795-424f-a966-21b564520b49,TULSA,Tulsa
cc:1e411a1f-24b7-4421-a532-744295ee15be,MONTICELLO,Monticello
cc:1e48de43-aeba-494b-bbea-7829fd1cc5df,COLLINS,Collins
cc:1e536f3b-824c-4ee0-bf82-b5763ba8e2da,KOSCIUSKO,Kosciusko
cc:1e54c0fe-7bc6-4db8-9996-fd01ab1c48b4,FORT WORTH,Fort Worth
cc:1e6d3aa2-842f-4fb8-9f41-bdfcf0d38968,NAMPA,Nampa
cc:1e808a9f-53bb-4427-afa6-59ffab625979,VICTORIA,Victoria
cc:1e833e8a-a9a1-4caf-a4fc-603cca20dd7f,INDEPENDENCE,Independence
cc:1e83dfc9-e2cc-4d79-bfc9-91e3a4910d18,DELTA,Delta
cc:1e9f106c-a61d-4aea-8982-f5146802b3f1,WASHINGTON,Washington
cc:1ea9c9db-9d29-4ced-8ebc-ddd3591def17,POWAY,Poway
cc:1eaac56b-8316-48e6-aca1-fcafe61f9e1e,NEW ALBANY,New Albany
cc:1eab2319-8d9a-472a-985d-06921eacfafb,SAN FRANCISCO,San Francisco
cc:1eb8ffcb-fecc-4f54-9b99-bbd286e3f1f4,BETHEL,Bethel
cc:1ebb733e-5612-406f-ba8a-c2c5406711e4,KATY,Katy
cc:1ebb8c33-f434-441b-a28c-39c854c87c61,POST FALLS,Post Falls
cc:1ed18e4d-14d1-4e76-88c2-cc4bac9a01b5,FRESNO,Fresno
cc:1ed5af84-4cd8-4bd6-a8d4-6e175f7c1c5d,GENEVA,Geneva
cc:1ee14740-36b5-472e-8176-251a448597a6,OKLAHOMA CITY,Oklahoma City
cc:1eea68e6-507e-41b5-8be5-f754da7cf979,TULSA,Tulsa
cc:1f0c876e-ba3f-4426-96ec-cb27eda5bc10,LOS ANGELES,Los Angeles
cc:1f192088-bbb5-451e-bb4a-998ab5966e4a,HOPE,Hope
cc:1f1c3eba-ab5e-4213-bd78-46c66ab071d6,DALLAS,Dallas
cc:1f27316d-ac06-445e-a4ce-719f783c454f,MORTON,Morton
cc:1f38a0c9-aff5-4a00-af0f-9119a1d05306,WOODBURY,Woodbury
cc:1f42cae1-91a6-4ea1-8b77-eea59625ccf9,SAN FRANCISCO,San Francisco
cc:1f55cce3-11df-4ddb-ba7b-d726bea1044d,BIRMINGHAM,Birmingham
cc:1f60af06-9651-41d1-9c91-682f03a7e937,LONG BEACH,Long Beach
cc:1f6f1af7-1ad3-40a4-89f6-2f89208975e2,MARIPOSA,Mariposa
cc:1f8041ae-c954-4c1e-a70f-153accc0f42e,SPARKS,Sparks
cc:1f87d9a7-45ef-4a28-bb3b-4b360ebcf7d6,EDINBURG,Edinburg
cc:1f892b5a-8d13-49e3-aee9-77b706b65d4b,PORTSMOUTH,Portsmouth
cc:1f95e86d-a2c5-4382-adbc-17e58977b687,LEE'S SUMMIT,Lee's Summit
cc:1fa0999d-1610-42fe-9814-849597fbcaf3,HARBOR CITY,Harbor City
cc:1fa0bbd3-1c2f-43fa-abb5-38fd387a015a,UNION,Union
cc:1fa8cb44-1f41-4fd1-a54e-c2de84fb6b54,LAS VEGAS,Las Vegas
cc:1facb82d-46fc-4188-ab9c-ebaed389f93d,LUBBOCK,Lubbock
cc:1fb313ce-db14-4ec3-9b60-10a60a6645a6,WASHINGTON,Washington
cc:1fb5638f-c82c-4c9d-a8b9-01ac64bf9457,BUFFALO,Buffalo
cc:1fc0c4d2-b10e-4fed-ab32-4fcb9203eba5,OREM,Orem
cc:1fc36681-f731-4783-9eed-425ac0436589,IOLA,Iola
cc:1fcc0b0d-6fc0-492e-a941-d92e3f3de64a,APPLETON,Appleton
cc:1fcc1b9f-1088-43f2-9f33-40df77d97682,BINGHAMTON,Binghamton
cc:1fcc76fd-49e9-4eaf-aa3d-91c06d42e3f0,TUCSON,Tucson
cc:1fccbaa1-35b3-4502-98aa-87efd688fc91,CARMEL,Carmel
cc:1fd079b1-908b-47de-bb3b-270e3d24b800,FORT WAYNE,Fort Wayne
cc:1fe33493-770b-4207-adac-d4f052725034,PHILADELPHIA,Philadelphia
cc:1fe8f4f4-56f4-4993-874a-b8cfeb0b5250,GARDNER,Gardner
cc:1ff872cb-91c9-4cae-97f4-46ad719af1db,SACRAMENTO,Sacramento
cc:2001122d-bd6b-43c4-b632-bea5f571c7c4,HAMPTON,Hampton
cc:2008c83c-1d23-4810-a305-f562e7244ab0,LEXINGTON,Lexington
cc:201186db-c100-498b-abd7-054abf724dd0,WYNNEWOOD,Wynnewood
cc:201365a2-9b8c-4449-8b51-4e24db177d71,PAMPA,Pampa
cc:201883fa-be0b-4c8e-8c4a-965adf89f11b,HAUPPAUGE,Hauppauge
cc:2019d954-f970-4e2d-8174-86e6e31a00b6,TULIA,Tulia
cc:2020c8ef-a111-4d14-928d-a89d6549d5cc,ROUND ROCK,Round Rock
cc:2021e0a2-6e71-41b4-8182-c9868154935a,BELLE GLADE,Belle Glade
cc:2023b4cf-6e8c-4bf6-ab5c-4b3f1204918a,AURORA,Aurora
cc:2024888b-0280-4921-a4f1-ef99c02eef38,CLEARFIELD,Clearfield
cc:202ac614-332b-44f5-966a-4b76ecc5a043,MINOT,Minot
cc:202c75e0-c3ba-4f97-89ed-de8a5106e5c8,NOGALES,Nogales
cc:203f6298-a729-4d2b-a529-329cce3dcf2c,ITHACA,Ithaca
cc:203fc632-d06c-47cf-b1f2-2b0b9df00dc9,VINITA,Vinita
cc:204c0b29-c1fe-48e9-9ade-2751aab5f5b3,BISMARCK,Bismarck
cc:20568f67-6138-48dc-8d7d-f0e2111bc67b,PORTLAND,Portland
cc:20665339-e6ff-4a59-861a-99669b0a6cb8,POTEAU,Poteau
cc:20677d45-cac3-4365-9eb7-093db569b62f,MIAMI,Miami
cc:207698ab-1a68-4efa-bdef-c45e30f17637,CHICAGO,Chicago
cc:207ef62d-260e-47de-a454-d6b57f90cfab,MISSION VIEJO,Mission Viejo
cc:207f84a7-7b7a-4bfe-849c-3916b966d331,FORKS,Forks
cc:2080832c-6a6e-4d0c-95ef-5c61caa13814,WA KEENEY,WaKeeney
cc:20bc4106-61aa-41c6-b75e-ff0d9b1ac8d1,WAUCHULA,Wauchula
cc:20c0710c-bb6e-494c-9a5f-c0e7373ff66c,CORONADO,Coronado
cc:20c92598-5f0e-4df5-b6fa-56fc2a899ffb,YAZOO CITY,Yazoo City
cc:20cf1051-9b93-4315-ba8e-e4276fdced00,DENTON,Denton
cc:20db43a7-36e9-4ec3-8f8c-1b1cf78d6014,OKLAHOMA CITY,Oklahoma City
cc:20f4a458-e696-404c-b6cb-59816d09a337,ELK CITY,Elk City
cc:20f5087e-0c44-4c08-b46c-c57dbf618605,CABOT,Cabot
cc:20fe0efa-a463-4b14-a138-6b2720016c8f,SALEM,Salem
cc:2112415f-1e23-422a-bbfa-2484984f3a30,ENOLA,Enola
cc:21131a03-4819-4c19-9866-5b40682097a8,LAKE HAVASU CITY,Lake Havasu City
cc:21138ab3-5bef-4c27-9062-4fa73464c5bd,CROSBYTON,Crosbyton
cc:2124b750-f47c-482a-a03b-c88a4399b8ad,METROPOLIS,Metropolis
cc:212a95a2-f55c-4a34-b753-71a5ce3e68a6,SUGAR LAND,Sugar Land
cc:21351ce1-64e3-43b1-a723-8ba932a27ff9,LAVONIA,Lavonia
cc:2147abc7-f479-4a2b-b461-4788474a78af,PALESTINE,Palestine
cc:214d8568-b2ba-4d15-ad93-16f98b7cdc7f,COPLEY,Copley
cc:214e0f1d-d9a3-462c-a700-ef12065f101e,QUITMAN,Quitman
cc:2155ce28-4b64-4784-9bea-6b08dd870a21,MANNING,Manning
cc:216d4f7e-97bd-4ad5-9ded-b121a3f8fa18,DILLON,Dillon
cc:2173c6b7-d22f-4593-ab08-470744437d08,SPEARFISH,Spearfish
cc:217714c6-d64b-444f-a7ed-78cd561aa235,DULLES,Dulles
cc:217bbe18-c5c5-4ae6-909b-9cff07ee780f,CAMDEN,Camden
cc:217f20ba-4bd3-4af9-a92e-d97dba2439f4,NEWPORT NEWS,Newport News
cc:217fbc1a-b1ad-4cb3-8e39-5434fe6a3244,CAGUAS,Caguas
cc:218733b5-7772-44e7-a3b6-b4b82f8f4155,BAKERSFIELD,Bakersfield
cc:21878f88-ff0c-438e-94a8-4c8e3af4e1b1,MAPLEWOOD,Maplewood
cc:218e05bd-e377-4f46-92ef-00172e39308b,SHERMAN,Sherman
cc:21a35e5c-82dc-43bc-862b-5480dc7374c9,OMAK,Omak
cc:21a501e8-9db5-4f34-af87-a3a0c74ce79f,VALPARAISO,Valparaiso
cc:21b16219-5107-4721-a9d5-0804ee708734,AUSTIN,Austin
cc:21c148a5-f1e9-42e0-85be-bece08b63cfc,CARMEL,Carmel
cc:21c77f2d-d3d2-4008-8636-e2ee38dde6fa,TYLER,Tyler
cc:21d50741-00d4-4622-9448-0a07a5ee8f2e,DULUTH,Duluth
cc:21d7a6ff-740c-4034-b6f3-ffe3322eef81,BROOKLYN,Brooklyn
cc:21e19621-164b-4926-be1d-172272af3467,VIRGINIA,Virginia
cc:21fe3551-0010-45a7-a991-1975ae44b04d,GEORGETOWN,Georgetown
cc:220015f9-f670-4e89-8f30-36a93fef4acf,HIGHLANDS RANCH,Highlands Ranch
cc:2207152a-b515-4393-9c20-9371cfc89b57,WHEAT RIDGE,Wheat Ridge
cc:2216c7d3-74b6-4d23-8d80-7e93a501fb30,GLENDORA,Glendora
cc:222b2ced-da83-4b24-975c-3cf43a8bba74,ORANGE CITY,Orange City
cc:22355fa0-cc01-4360-9762-bd9f26381bc5,NEW BRUNSWICK,New Brunswick
cc:2236749b-3b82-484b-a0eb-36e8c4655178,HEALDSBURG,Healdsburg
cc:223b05c6-fc99-40bf-96f5-ceddd70f7c41,FREMONT,Fremont
cc:223bd2b5-23f3-480b-9bd7-e607bbbf394d,ELDORADO,Eldorado
cc:224e1260-b1d2-41db-8ce9-718fbd8b8b1f,EL PASO,El Paso
cc:225010bd-97fb-4d3c-ba1b-5f8f8e3e86cf,DOYLESTOWN,Doylestown
cc:22570119-8526-4972-99fe-8f92473682fb,CHALMETTE,Chalmette
cc:2259eb6d-675d-4a03-b8f6-893801cd48e0,PLATTSBURGH,Plattsburgh
cc:225b3871-2830-4d5b-92cc-83c595a752c5,ANAHEIM,Anaheim
cc:227c3db0-f790-4136-b0bf-c2888d91361f,VENICE,Venice
cc:2282a128-0474-459f-aab5-eabab4f8ce17,PASADENA,Pasadena
cc:229d89fe-05b4-4252-a732-21fa53e1ec08,ALBUQUERQUE,Albuquerque
cc:22aa8772-7d70-48a2-8371-746604b7e467,GRAPEVINE,Grapevine
cc:22dcd133-11d0-49a9-bee4-36c86770e1a7,GULFPORT,Gulfport
cc:22dee0a8-6a46-4190-9893-7985e339613c,ROCHESTER,Rochester
cc:22e69fe0-433f-4d6b-84a7-9576b1267b85,SANTA ROSA,Santa Rosa
cc:22e6d7af-29e6-4557-88e7-7b241c4095f9,GRANBURY,Granbury
cc:22ef6d04-f98a-409d-90b0-c2e46f37ce86,MELBOURNE,Melbourne
cc:23038abc-903a-49e0-9375-be5d512a804b,ARLINGTON,Arlington
cc:231d8c49-0130-4955-974c-ba8d639f35cd,ORLANDO,Orlando
cc:231db562-9571-4407-8c40-2c300cffbf86,HERMANN,Hermann
cc:2325a8cc-b461-4ddb-9572-56f69d5e2ef8,JORDAN,Jordan
cc:232f8be4-e2d7-4e9d-af51-800e8f0320bf,SAN ANTONIO,San Antonio
cc:2342c3a7-c1cc-4ace-bdb6-d21fca0928fc,EDNA,Edna
cc:23460967-f85d-4eaf-a836-688fbe568164,FORT COLLINS,Fort Collins
cc:236fb030-2aad-4dfb-8f7d-8e302144960a,MURRIETA,Murrieta
cc:2376a663-e9b2-4c05-807a-2aa0127927a4,HUNTINGDON,Huntingdon
cc:238027b7-351b-4e3f-abbd-7c1eafeb7612,HENDERSON,Henderson
cc:23844057-a2a9-455b-b871-4c10108f4853,MESA,Mesa
cc:23844e4a-920c-4139-8732-17246f5c7dbe,PHILIPSBURG,Philipsburg
cc:238cf683-2f44-4833-816b-ff0512079d5f,LOUISVILLE,Louisville
cc:23a4982c-353a-44c8-a7e0-3990befaa661,PEARLAND,Pearland
cc:23a8518d-3b15-4e48-845f-3ea793df54a9,MOBILE,Mobile
cc:23b272af-635a-4d23-a13f-d372d77d6bd4,CLARE,Clare
cc:23debba1-a78c-4345-b689-e91469fab586,MIAMI,Miami
cc:23ead49b-eb7d-47d5-ab91-59824ff865c8,JERSEY CITY,Jersey City
cc:23fa9bc5-ea0c-46ba-b82c-639135e2db69,OGDENSBURG,Ogdensburg
cc:240864da-114d-4af2-9c9b-f652559d4d33,MUNCIE,Muncie
cc:240912ed-8cf9-423e-8553-4f608dcc977f,REEDLEY,Reedley
cc:241374e0-9681-463a-a6aa-825dc86605f1,NASHVILLE,Nashville
cc:241691fa-b39a-410e-ab0a-24ac85dc855c,EDMONDS,Edmonds
cc:241c7757-1d78-4308-94c1-f9ac358ac4da,NEWBURYPORT,Newburyport
cc:241e8409-5345-4a10-aa4d-c4ca3b12f44e,EAST ORANGE,East Orange
cc:24338f01-528d-4383-93bd-f497f798ba41,O’DONNELL,O’Donnell
cc:243936cf-5b23-431f-bec8-f2ae0f887666,FARGO,Fargo
cc:2439acf4-5af4-49dd-a952-adc36f01940a,BROOKHAVEN,Brookhaven
cc:243ad345-9e38-45ee-bb0a-3f57b8850996,FRESNO,Fresno
cc:243b9ace-0e0e-4d57-9d08-133acbfbdd13,DENVER,Denver
cc:245a0f41-a07c-4c30-b5cd-b95c2db8b249,OTTAWA,Ottawa
cc:245bd484-ba25-439d-9528-afe62e8514c9,PERRYSBURG,Perrysburg
cc:245be224-cfea-490f-b973-9c50683ddcf1,MIDLAND,Midland
cc:24606672-5412-4136-be52-22d05d389b2f,CENTENNIAL,Centennial
cc:246571e7-f6fc-46a6-bd79-d5860acae9a0,NASHVILLE,Nashville
cc:246e7589-7172-494c-b6b2-adb2c5971fa1,EVERGREEN,Evergreen
cc:2479e7c4-e6ff-4bac-a207-ab0a008e557c,HUNTINGTON,Huntington
cc:247de05d-8843-4644-b7e0-a5e412f96048,RICHMOND,Richmond
cc:24902507-7a7a-4833-95d4-f5d4726e4006,KENTON,Kenton
cc:2493b54b-3470-4c34-96a2-e2f50203590a,BROOKLYN,Brooklyn
cc:249d942c-0310-4d99-ad51-c3cb46167e25,AMARILLO,Amarillo
cc:24a23f2f-ae1d-4c76-84b0-f219a5934c07,PALACIOS,Palacios
cc:24a512b4-6758-4cff-959b-210d8515388b,INDIANAPOLIS,Indianapolis
cc:24aa28b8-2c8f-46d7-9c5f-4f29ec97c83b,WHARTON,Wharton
cc:24ae346f-c9d7-41b1-9de7-a6e29bc4fe37,LOS ANGELES,Los Angeles
cc:24b015e8-af44-45a6-9b98-0bd5fa70d44f,MUKWONAGO,Mukwonago
cc:24b8ff38-19e9-4faf-8b10-8cb71e30a30b,GENEVA,Geneva
cc:24bd8768-d310-45d3-8a4c-cc7feb07b766,CROSBY,Crosby
cc:24e00078-4dbd-4716-a975-ddf730328c09,CINCINNATI,Cincinnati
cc:24e5ab92-628f-46ed-be67-4769446fe251,PASADENA,Pasadena
cc:24e84db5-f4ec-428b-9c67-0f53375dd934,ESTERO,Estero
cc:24e8b27d-9f72-4457-8dca-420e5a7edb67,LEESBURG,Leesburg
cc:24ed14a2-f079-41e2-8443-d62ee646cad2,COLUMBIA,Columbia
cc:24ee60e5-2304-4ad0-aea8-2ee0ad70fef5,SAN GABRIEL,San Gabriel
cc:2509923c-7193-46a4-889b-e8c7ab961f07,SNYDER,Snyder
cc:250b00ac-b08f-4113-ab8c-b49a9933276b,LAFAYETTE,Lafayette
cc:250dfc20-827e-4edb-b47d-79ed80a86684,JOHNSON CITY,Johnson City
cc:251199e4-35fc-4b89-a552-1f4536c836c2,NORTH VENICE,North Venice
cc:252a4c5a-b69d-4cf2-84d4-425d854c8928,SAN JOSE,San Jose
cc:253149f9-fdd8-4db8-ae3f-d4989ba3d592,MUSCLE SHOALS,Muscle Shoals
cc:25383e1d-9051-4326-b371-ea336b9d42dc,ARLINGTON,Arlington
cc:2543fa7f-240e-411c-9adc-276e0c71d924,HARTFORD,Hartford
cc:254b5127-12ff-4c6f-9dee-4021ec217415,MORRISTOWN,Morristown
cc:2559d745-4a33-41c1-b592-5f8987d39f97,MC GEHEE,McGehee
cc:256989c3-aa58-4772-b38a-428394010190,DALLAS,Dallas
cc:257494d3-62fa-4e2a-9a3c-dd5b0f8301d2,BEL AIR,Bel Air
cc:2576cb63-d272-48ff-b432-67ba512bde40,MILWAUKEE,Milwaukee
cc:2583d0d3-0dee-49c4-94ac-e59004b28f09,COLUMBIA,Columbia
cc:25842768-a6a4-40ce-be66-488f12148763,NATCHEZ,Natchez
cc:259ce0d3-a239-4057-9d04-4a0799872ce6,PROVIDENCE,Providence
cc:25a707db-af7b-4daf-a5d1-8678a925ca78,WILSON,Wilson
cc:25af014e-0f1b-428b-a8e3-4e22e657b6b9,DENVER,Denver
cc:25b8f3d6-770a-4388-933d-c69438c05cea,GRAND BLANC,Grand Blanc
cc:25b978ad-ac60-4668-bc74-34961d78ad0d,SPIRIT LAKE,Spirit Lake
cc:25c61560-79b1-45dc-91b3-42ee8d2f71f6,MOORESVILLE,Mooresville
cc:25c77183-9dfc-4bc4-96ad-a5a8258d42e4,CAMP HILL,Camp Hill
cc:25def387-545a-4f54-98c5-b93130f0ea98,UTICA,Utica
cc:25e12dd9-958d-4a2e-b4b7-84eb6fa4b561,LEESBURG,Leesburg
cc:25e79f97-2350-4a75-afc0-c47a810a9620,LEBANON,Lebanon
cc:25f1c4df-35b8-4387-8741-2cd089b388d2,AVON,Avon
cc:26167481-e9f3-4f02-b2be-697e04888cf9,WAKEFIELD,Wakefield
cc:2618fbf2-7c87-4761-b796-229b2cc86601,DRAPER,Draper
cc:2625805f-4674-4b85-a627-3d35fce9f558,SALT LAKE CITY,Salt Lake City
cc:262c4995-bfc2-4a6b-9c01-113fe68aa6d4,SOUTH HAVEN,South Haven
cc:2644ae74-823a-48cf-9992-ddeae9aac1af,PEORIA,Peoria
cc:2644e2e2-46bc-408c-bcb4-303d64221ac6,CULEBRA,Culebra
cc:2657eeaf-a30b-4c2d-942f-ba031df86994,DANVILLE,Danville
cc:2659892e-3be0-463d-b547-96185f4a4fc9,PORT CLINTON,Port Clinton
cc:265c53b5-e73d-44fc-80fc-80fda4764225,CIDRA,Cidra
cc:265d9b94-8647-4a36-9a07-5fab164a8947,JACKSONVILLE,Jacksonville
cc:2670c1f0-8343-468d-9eff-bb5e693d016a,VIDOR,Vidor
cc:2677a55b-0148-4723-995f-ad4cc4ab9d78,WALTHAM,Waltham
cc:267b7105-a9b2-41fc-a401-e7560120eaac,SHIPPENSBURG,Shippensburg
cc:267fe932-f42d-4e1d-82d8-83b54b8ddc49,JEFFERSON CITY,Jefferson City
cc:2698428b-9697-40b7-9595-470472074b8d,WEBSTER,Webster
cc:269b2335-f029-4e84-ae2e-579e1c5e4673,LOVELAND,Loveland
cc:26aa254c-db88-4ceb-8316-694fea1922ad,LOS ANGELES,Los Angeles
cc:26aa64af-7ef2-424d-9ad9-f0a159485939,LA CROSSE,La Crosse
cc:26b87dec-5556-40d4-b08b-e3f1369e9814,INDIANAPOLIS,Indianapolis
cc:26b9a48b-d6ea-43a7-9b2a-4b0390643d82,SAN BERNARDINO,San Bernardino
cc:26bf17fd-05ff-49e0-9f03-3e76fe43a506,NORTH BERGEN,North Bergen
cc:26c040fe-620b-4b12-bb54-5a92fc1ef68b,CHICAGO,Chicago
cc:26c31316-7ea0-4614-aa95-622ed49c1c8c,TULSA,Tulsa
cc:26cd01b4-c89f-4611-8207-6a7078a26657,PHILADELPHIA,Philadelphia
cc:26d12fa1-8a3f-4355-b8b8-707805c333e0,DANVILLE,Danville
cc:26daacaf-b0b5-40f9-aa23-14bf8f05c6ac,SAN ANTONIO,San Antonio
cc:26ddb3ca-4c4f-4098-86fc-06ed1dca480a,EDISON,Edison
cc:26f44ac4-3962-4c30-a6f6-009f235a7d2a,HYDEN,Hyden
cc:26f602af-2e9a-4f93-995c-dbd74705263c,SCOTTSDALE,Scottsdale
cc:27057b99-a85a-451e-813c-a3a897a85ef0,OWATONNA,Owatonna
cc:2707e07f-834f-4a7c-b6b0-1b4ade53bcfc,PLAINVIEW,Plainview
cc:2710f9c5-ef81-4f04-88e3-d59a9e8f9de9,OBERLIN,Oberlin
cc:2716a7e6-19a5-48a2-9785-09b65adc7e59,PINE BLUFF,Pine Bluff
cc:2721c1dd-d6f2-4032-b64c-e2db92be69e4,BARLING,Barling
cc:2727e97f-3b06-45fc-bd67-c09664d0a98c,NEWTON,Newton
cc:27462904-556e-4d2f-aab6-6beeba5da2ae,POWELL,Powell
cc:275308e5-5f5b-4a39-854b-0b118ee00e6f,ALBUQUERQUE,Albuquerque
cc:275a0eec-b011-4067-86c8-e4977fc8f421,CHARLOTTE,Charlotte
cc:2771d3ab-5833-4b2e-9000-40b4e69f8e8c,JONESBORO,Jonesboro
cc:2773d045-42d6-4ee5-a1f4-57544b9c72cc,WALKER,Walker
cc:2774049e-8e51-42a5-9709-1307349b2ad8,CANADIAN,Canadian
cc:277ce80c-be00-4c07-9b27-e567c496e7e2,ADEL,Adel
cc:2780cda6-daea-41eb-befa-898788277084,DALLAS,Dallas
cc:2787899f-9f28-4e73-a7d0-e6f2a9dfbb79,MORRIS,Morris
cc:278f7ae4-833f-4a0a-9745-c3b2678a923c,MORGANTOWN,Morgantown
cc:27913717-886e-4782-a080-906b807031a4,EL PASO,El Paso
cc:27989022-1298-40d5-867b-98a4c766ec86,WEST PLAINS,West Plains
cc:27a21f01-f4fd-4524-9b05-f1ca46285f91,BRISTOL,Bristol
cc:27ac801a-ee16-4d8e-8e0f-84b5fe86b2c5,GREEN BAY,Green Bay
cc:27b5015d-3d32-455a-949a-1787b8d45c64,WAVERLY,Waverly
cc:27bdaa83-f90c-4300-b74a-4f162e21eb83,GREENVILLE,Greenville
cc:27be46ad-61dc-45d9-9629-f3f3e07272ac,ENTERPRISE,Enterprise
cc:28046c91-53aa-46ae-b23c-612c8f489b61,TOPEKA,Topeka
cc:280637f4-b75a-4759-a346-9cb6cb018b36,WHITEHALL,Whitehall
cc:28132f00-a853-4f04-ac1a-ffaacc0c9e77,SAN FRANCISCO,San Francisco
cc:283f8066-0286-44fd-88e4-c8bc0a3ebdac,MADISON,Madison
cc:28462a4b-f93d-462b-bf67-0b5d70b07f83,PORTAGE,Portage
cc:284be511-8ce0-4893-b725-feba59456d38,BLAIRSVILLE,Blairsville
cc:284e70b8-5282-45d8-9163-7a3cb821e34f,DOWNERS GROVE,Downers Grove
cc:285075f1-405b-4d9f-b1cb-282fc362f2e0,OLD BRIDGE,Old Bridge
cc:28519645-a88a-4102-83d2-b53684b3bace,CHESTER,Chester
cc:285405ab-3b5d-442b-8f2c-b4291ca688d8,GUNNISON,Gunnison
cc:2856dcfd-1c3d-4d33-86b0-ab8d7c3f0428,DETROIT,Detroit
cc:285a2f68-12a3-470d-929b-d3cb35c3865b,NEW HAVEN,New Haven
cc:285ea14c-ddf6-416a-8c58-a0b92295ead8,SAN FRANCISCO,San Francisco
cc:2867e926-d482-4bd2-915f-708f3182c315,COLLEGE STATION,College Station
cc:2893612c-4006-4773-8bfc-88f1439b31e3,HAZARD,Hazard
cc:28af00e1-8ec2-4661-98cf-8d4dac8314a1,AZLE,Azle
cc:28b02a80-88b2-4444-8a23-76b9516c8082,BASTROP,Bastrop
cc:28bf1f11-4caf-4ff9-bc3a-2f91bf78db02,FORT MOHAVE,Fort Mohave
cc:28c408d3-0283-4902-a97e-72776dd3497a,RAVENNA,Ravenna
cc:28cb62f9-2302-4bba-99a0-502fdbde135c,AUBURN,Auburn
cc:28cf0b62-651b-4355-ad6e-345fe3af07a2,SALEM,Salem
cc:28d5869e-a3a3-4112-80a0-5b13e59f5e82,DAYTONA BEACH,Daytona Beach
cc:28d91af8-0a33-45af-9bb5-dd00d1a9028e,MCKINNEY,McKinney
cc:28dabadb-30e8-4743-8d3f-05148ea07e89,MESQUITE,Mesquite
cc:28f2d69b-24eb-47a0-b946-aca6903acf96,ABILENE,Abilene
cc:28f54dbc-9b67-44e9-9eca-4eb0dd7905f6,COLUMBUS,Columbus
cc:28fd6801-947b-49e1-a6e6-f516e189bd53,RED BLUFF,Red Bluff
cc:28fdc59f-a19a-4e81-9af5-d4a2798c4b56,NEW YORK,New York
cc:28fefa97-8cec-4a11-90d4-fc6e5bf4c19d,ELLSWORTH,Ellsworth
cc:2902174d-44c2-472f-825f-bfd7c4efd8e4,LAS VEGAS,Las Vegas
cc:2906d13f-dee3-4f36-85ac-306b0e3284dc,WESLEY CHAPEL,Wesley Chapel
cc:290b2e4f-018a-4a0f-ac07-326de78fe98a,LOS ANGELES,Los Angeles
cc:290b405c-1917-4489-b6a0-b82d99ef8891,COLEMAN,Coleman
cc:290d39a9-b6aa-4d83-b649-8f44e4020a8c,THORNTON,Thornton
cc:291a5135-c515-4fce-b64e-8c9fe3618f1f,FRANKLIN,Franklin
cc:29225f9d-ef60-4b94-b3e8-f81019a81185,RAPID CITY,Rapid City
cc:29321c81-4a24-4aba-94d8-5ad9d6862d87,GEORGETOWN,Georgetown
cc:293256ba-edfc-44d7-a53e-3e30e00f946f,WEBSTER,Webster
cc:2939cdf3-ecc8-43b5-9bea-1af463c0bd4a,BATON ROUGE,Baton Rouge
cc:293b05c0-1ea7-40cd-9dee-5019b3000bc3,WORCESTER,Worcester
cc:294071cb-600e-442f-a7f2-536d8d92da07,BELOIT,Beloit
cc:29422271-be67-4420-b286-47cb3ed871de,STREAMWOOD,Streamwood
cc:2948c570-77a8-4010-9408-e9c30261912d,BOARDMAN,Boardman
cc:2949c601-d767-40a5-9379-991adb1c9f63,OLYMPIA FIELDS,Olympia Fields
cc:294c584a-a4e0-4f38-85e7-66b4518f619c,MONROE,Monroe
cc:2952f5e1-286f-4879-885f-2d7868392e28,ELMIRA,Elmira
cc:29531a03-a769-4601-9e73-73fea82645ba,PLANO,Plano
cc:29657081-4feb-48f1-af59-ddfb51856b26,SEARCY,Searcy
cc:2975e153-b87e-4058-8f4b-a239af192716,ROCHESTER,Rochester
cc:2979a2ee-d47c-4864-9d2b-543c5b50293c,HAZLEHURST,Hazlehurst
cc:299ac00f-1ded-4081-88f2-5bce2eb3a1ed,COLUMBIA,Columbia
cc:299c9511-51a7-4b13-b2ef-c53be036a46c,BLOOMFIELD,Bloomfield
cc:29a4a8a7-7490-40f9-8628-00b659fe5155,MERIDIAN,Meridian
cc:29b721ff-8b81-4ebf-8284-a40003a34a85,STATESBORO,Statesboro
cc:29b89c30-5b7d-4f42-915d-60bc9be0402b,PLANTATION,Plantation
cc:29cdc40c-4346-42cd-b4ee-bd8741f99fc0,YORK,York
cc:29e331a7-9026-4242-8ed3-5d00bd686ba9,RICHMOND,Richmond
cc:29e91f14-1070-4ed5-bcb2-50c795a8b0ed,BRADENTON,Bradenton
cc:29ee0e83-25bc-4abc-bcd7-c4de4fc9cdc0,SPOKANE,Spokane
cc:29f2f602-4c47-471a-a3c1-2a6775e3137f,OCALA,Ocala
cc:29f74cf0-6251-4fe6-90ae-ef9b04c7619a,DALLAS,Dallas
cc:2a0bd4de-5485-4d94-a60f-2faf940e10f0,WINONA,Winona
cc:2a1268a4-4c65-423c-84c1-28aed01e4ffe,DALLAS,Dallas
cc:2a19f33d-d6d6-4e95-bfff-f13e6acdc652,HOUSTON,Houston
cc:2a1bdc6a-db0c-4d70-b006-2a7f6d3322ca,BOISE,Boise
cc:2a1dbefc-6c60-4157-ac16-289035e71ac2,WEST DES MOINES,West Des Moines
cc:2a2c4c98-8350-4cc5-a875-99f167292ab8,CRAWFORDSVILLE,Crawfordsville
cc:2a33188c-2448-448d-90bd-2d0f0bcc3c2f,LINCOLN CITY,Lincoln City
cc:2a3a97ec-6868-4ea6-b36e-7ee49a58eb1b,GROVE,Grove
cc:2a4d0bb8-5ef3-44a8-b38a-b382f547a223,ST. LOUIS,St. Louis
cc:2a4f4779-488f-49b6-a935-1c35e953ba77,SWAINSBORO,Swainsboro
cc:2a52380a-f5d2-4fe1-8d86-bc324b95160b,URBANA,Urbana
cc:2a58a8de-6ef7-4ed1-849a-6c2b1b8de386,PELL CITY,Pell City
cc:2a5a830c-7d04-4160-95c5-02e0d551322b,DEARBORN,Dearborn
cc:2a6aa742-7f01-441e-a8a8-943a4f9cec3c,MORTON,Morton
cc:2a71904e-3406-4e8f-bcfb-b49bfe6eaf8f,NEWARK,Newark
cc:2a77f089-bc6d-4118-ad0d-08c0f89b68f7,FORT WAYNE,Fort Wayne
cc:2a7a2d3e-0acb-403f-833c-a30e8e5ddd8e,DALLAS,Dallas
cc:2a85bd41-303c-491a-a97c-d3a1d11108ce,WICHITA,Wichita
cc:2a8b2b64-28a1-4dae-b1ec-2d18558b7ed7,ST. LOUIS,St. Louis
cc:2a913be6-0e3a-4f7f-8368-08b6acd7f3de,LAKE VILLAGE,Lake Village
cc:2a924828-6ba7-4bb1-9b42-af1e99ab1a48,GIG HARBOR,Gig Harbor
cc:2a93626c-c190-48fb-b922-b31c1b23861b,ANDERSON,Anderson
cc:2aab9808-e0f9-4614-8192-b629f8d09eab,PATCHOGUE,Patchogue
cc:2abcbfbc-8de2-4d83-bbd0-6fb4eaf544ad,EVANSVILLE,Evansville
cc:2aceff83-ae75-443d-adde-8a36df351912,RALEIGH,Raleigh
cc:2acff80a-1b33-4c39-82cd-d486b4ea403a,CAMDEN,Camden
cc:2ad336a3-45db-48ec-a7f7-5fa4dac3c906,BRATTLEBORO,Brattleboro
cc:2af15755-d480-4965-9b8e-1453c4d7347f,FREMONT,Fremont
cc:2af15e2d-0715-4d47-a9f2-d2565ff73525,AURORA,Aurora
cc:2af191d5-1c52-4512-9d94-fdbf0c9b5024,COSTA MESA,Costa Mesa
cc:2af589ce-fbd3-44ce-af1e-25055ffdbdcf,WINTER GARDEN,Winter Garden
cc:2af5ff7a-5013-4a63-9bbe-5cb2cde80b76,TEXAS CITY,Texas City
cc:2af6287d-188d-48ec-8084-9fe9347805f9,GADSDEN,Gadsden
cc:2af86b7d-a14a-4d95-8ae9-43099838f6fd,EL PASO,El Paso
cc:2af9670f-886e-4207-b823-8fc7fca3a089,ALBUQUERQUE,Albuquerque
cc:2afecce0-a37f-4a78-998e-01f33347d39b,GREENSBORO,Greensboro
cc:2b0dbd73-0fb3-4cf4-8a0f-e1425126340b,PHOENIX,Phoenix
cc:2b1c0528-44ce-4297-b269-e128945d64c7,NASHVILLE,Nashville
cc:2b23b8ce-aee8-4fb2-87d3-6d7fbf5b3500,TACOMA,Tacoma
cc:2b23f070-1eef-4c70-b93f-8b83fbc49016,JAMAICA,Jamaica
cc:2b2629d5-7e20-4f1f-b6f4-f3d79098f735,RICHMOND,Richmond
cc:2b33cc20-5da0-497b-b1d5-0e5a88eb7170,WESTERVILLE,Westerville
cc:2b384f0e-07f7-44a6-915e-c3fd932beaa8,CAMBRIDGE,Cambridge
cc:2b3a1cd5-a490-4e59-9806-bae4942e0f03,OKLAHOMA CITY,Oklahoma City
cc:2b40aa3b-46c6-490e-8403-de8a87595e0f,POTOSI,Potosi
cc:2b491c64-ad1f-48fd-af51-76da43982785,NEW YORK,New York
cc:2b4f210c-daa4-46fa-9090-18b84454b007,LANSING,Lansing
cc:2b54ddab-caef-418f-b321-eb0ec4e2c2f1,LAKEWOOD,Lakewood
cc:2b5ae00b-2038-4e58-bb45-25be06a61711,MIRAMAR,Miramar
cc:2b5df563-49c6-40ba-aa8c-15ef291a3e63,WALNUT RIDGE,Walnut Ridge
cc:2b680665-b88c-40c7-b798-e7d8d212ecbc,NEW YORK,New York
cc:2b6db605-9663-441c-a794-52770aebba5e,CHANUTE,Chanute
cc:2b757a2a-7c10-4ea0-883f-617c743f2a27,LIMA,Lima
cc:2b7c1df1-bd62-43e8-b945-fb6beb2ef515,YORK,York
cc:2b7eac51-0441-49a2-8db9-02ccf8a118a9,LAKE ISABELLA,Lake Isabella
cc:2b8825e0-eb75-47e0-a249-93f03f52807c,POPLAR BLUFF,Poplar Bluff
cc:2b8df042-f804-4f48-97de-383881f8d950,WINSTON-SALEM,Winston-Salem
cc:2b90b185-0819-4078-a606-8fc721519dc6,WINTER HAVEN,Winter Haven
cc:2b9b7324-55d9-40f3-a377-94dd9dd307fb,GRAND ISLAND,Grand Island
cc:2b9dc030-f389-41a6-b708-ec09b17b67cc,MAYWOOD,Maywood
cc:2b9f035d-7c6c-491e-b8ff-dcfc2424a343,NISKAYUNA,Niskayuna
cc:2ba1ef2f-1a67-445e-9606-7b12364c16f4,COLUMBIA,Columbia
cc:2ba31afc-3ae5-454c-9127-c997b2e22a0e,COVINGTON,Covington
cc:2ba6e7ea-7fda-4072-81d4-27b24d58fc7e,HALLOCK,Hallock
cc:2baa5ac3-cf54-4272-836b-989c49ed3f7e,DEDHAM,Dedham
cc:2baeb035-76d8-4ab2-8dcc-9ff06ad97093,COLUMBUS,Columbus
cc:2bba0989-fa89-4ec9-9c88-9bc506c2af47,KNOXVILLE,Knoxville
cc:2bbe5f7e-57a7-4066-aeb0-617166c1221a,BLAKELY,Blakely
cc:2bbf5d60-2be2-489f-86e3-5c822c3cb8ed,FRIEND,Friend
cc:2bc14874-0629-4af3-81f9-61f8de105d3c,GALESBURG,Galesburg
cc:2bd9ab09-2fbd-45ea-89ab-60af284b7780,BALTIMORE,Baltimore
cc:2bf6c937-2e24-4c4d-984f-eb22e94772ba,CLIFTON,Clifton
cc:2c05b25d-b82f-4709-be58-daa42697eb67,BOONTON TOWNSHIP,Boonton Township
cc:2c0902f8-fac7-4938-bbd0-4737359427fa,CHARLEVOIX,Charlevoix
cc:2c0bda3b-0996-4d74-ab59-f0d996c5cd44,NORFOLK,Norfolk
cc:2c0c02b4-a5d8-401d-a206-6f08b5adc118,TORRINGTON,Torrington
cc:2c1bb58c-5c43-49f3-a431-10497abd957a,DENVER CITY,Denver City
cc:2c27fb3e-58e3-4e2e-9fe4-7085cd09926c,LANHAM,Lanham
cc:2c2e0f41-dd18-41de-b7c8-1a7bcab151a6,POMONA,Pomona
cc:2c3b4fc5-9624-47ed-b8bf-b667e77e94ca,HEATH,Heath
cc:2c405c28-0b97-4576-a0fc-4fa61de9d57e,PHOENIX,Phoenix
cc:2c479bcb-c65d-4c1b-8fe9-c9a201f529b9,SAN ANTONIO,San Antonio
cc:2c479f99-224b-4975-aee9-9edd9756b3df,FAYETTEVILLE,Fayetteville
cc:2c47e544-e9ac-4111-ac29-ce7bbf502a9b,TYLER,Tyler
cc:2c50d8a6-e79f-4210-b737-d9af60ebed0e,MENOMONEE FALLS,Menomonee Falls
cc:2c57a7e8-1326-4e18-82fa-81d6a1d1c3cd,NORMAL,Normal
cc:2c65de34-328f-47b2-bd5f-798d9897a2d6,TAMPA,Tampa
cc:2c6a55a2-2daf-4cdf-876c-fc950b291015,WILMINGTON,Wilmington
cc:2c6bb3da-d6d5-410c-b973-58a4391a75c0,KAMUELA,Kamuela
cc:2c6c3978-9821-419e-bbe5-c21c4c2243be,BERNIE,Bernie
cc:2c8877cb-bdf7-406e-9b9f-d79ceacb90cc,LAS VEGAS,Las Vegas
cc:2c8b75a4-0f02-41f1-8fce-c6d746c919f5,GUTHRIE CENTER,Guthrie Center
cc:2c8f0224-4177-40aa-9fa9-37575508cb94,HOUSTON,Houston
cc:2c9b824d-d2a1-4334-9b02-878adcf51192,BEAUMONT,Beaumont
cc:2ca3ac30-8c66-4652-9760-1a7b2d6bfe41,GOLDEN VALLEY,Golden Valley
cc:2ca90277-57b4-4dd4-bd44-a6e45713e84a,ROCKPORT,Rockport
cc:2cb185fb-ed87-4eae-9530-636e3781f113,LAGUNA HILLS,Laguna Hills
cc:2cc61e17-1247-4618-9d80-9f1c047cbdd1,NEW ALBANY,New Albany
cc:2ccce395-7d36-42b9-a1e2-5736d7207499,LAS VEGAS,Las Vegas
cc:2cd29ce8-6904-4e8c-a056-0d9f8905ef40,LONG BEACH,Long Beach
cc:2cd3bcbf-f969-430b-9be6-7316a7a188eb,SMITHVILLE,Smithville
cc:2cd4cf73-1fd4-4c2b-9c10-7c9cb2919847,CHULA VISTA,Chula Vista
cc:2cdf1429-2d3e-4adb-8434-6ac600d7e80f,PEMBROKE PINES,Pembroke Pines
cc:2cf08256-ea8c-4137-8424-7354d4be962c,MORTON,Morton
cc:2cf1b65a-037b-4bcd-a705-ddb6b46f2314,LOUISVILLE,Louisville
cc:2cf39ce2-d0f8-4d81-ba63-9d50772e780d,EL PASO,El Paso
cc:2cf56c42-071b-4289-9800-8a822a49c225,LA JOLLA,La Jolla
cc:2cfa05a4-971a-4ced-96c3-c33707a97789,SULPHUR SPRINGS,Sulphur Springs
cc:2cff9f62-e519-44b4-8822-b3e8be4de916,JASPER,Jasper
cc:2d197bfd-9ed5-4828-be08-0af524e020af,FAIRLAWN,Fairlawn
cc:2d23a8d8-73f0-48ab-bba5-5dd11a0b7865,SAN ANTONIO,San Antonio
cc:2d296de7-166d-455a-9303-c3dbece589ae,GILLETTE,Gillette
cc:2d32a6ce-2930-408e-9d6f-ce9f81570434,FLORESVILLE,Floresville
cc:2d399048-13a8-4a91-b471-81c29d945bb5,MARQUETTE,Marquette
cc:2d41376d-3a1f-4af5-874d-4a12f89f75d2,STATESBORO,Statesboro
cc:2d53c93e-d432-4662-a400-ce22564d3bdb,ORANGE,Orange
cc:2d54b4aa-b158-4178-9b30-64d055cace7a,WEST DES MOINES,West Des Moines
cc:2d551e13-876a-4f27-a3a3-79b747dfec35,SUNNYVALE,Sunnyvale
cc:2d5552e3-7748-4f44-ae34-4f0910c9d37c,GRANGEVILLE,Grangeville
cc:2d5b9445-4d44-46cf-96b4-0457345ebd52,ASHLAND CITY,Ashland City
cc:2d6aafdf-b09f-4c25-8b39-76284bb45485,CHICAGO,Chicago
cc:2d6d6e0a-75df-4a78-ac98-f9880b154811,EUREKA,Eureka
cc:2d70f605-940e-4832-ad8b-3d38a64c240b,JUNCTION CITY,Junction City
cc:2d757d81-59be-41df-bcbf-4d02506d98f7,FREEPORT,Freeport
cc:2d778560-7c13-40d5-85d2-11fd68be0909,LUBBOCK,Lubbock
cc:2d7a9bb1-a8a3-46c7-a837-ad98a4c4c1bc,DUNEDIN,Dunedin
cc:2d8b7dee-66d0-4d35-acfa-4012d90417b1,NOCONA,Nocona
cc:2d8c551d-7532-45d1-9d24-bf87f3b02d39,TUCSON,Tucson
cc:2d8d0fca-369c-4af5-ac05-ec45e837f97b,BELLAIRE,Bellaire
cc:2da1cc56-cd83-4bf7-a868-7e0a7ce6d973,COLUMBUS,Columbus
cc:2db96439-d883-4d0f-b85f-cb8ea86e4b58,COALDALE,Coaldale
cc:2dbd6291-479a-40a8-8a58-87b908815b38,BARTLETT,Bartlett
cc:2dbff95b-8686-45f5-8962-22ffe09fa902,FREDERICKSBURG,Fredericksburg
cc:2dc0813d-dd9b-4d87-ac88-cc6739b6cf6f,SAN FRANCISCO,San Francisco
cc:2dc0a115-9029-4872-8c26-940f5825d06c,MANSFIELD,Mansfield
cc:2dc0e4c0-384c-470e-91af-cbfc7d18f28d,TAUNTON,Taunton
cc:2dc5e635-5297-4b00-8d89-08ea6f98cf7d,NASHVILLE,Nashville
cc:2dcf91c0-d49a-4dee-8636-acbb35680d10,WASECA,Waseca
cc:2dd335db-88f7-4b04-8ce4-2fb0c69e648a,SANDUSKY,Sandusky
cc:2dec2e12-4965-4102-85db-99396103c9cd,PORTSMOUTH,Portsmouth
cc:2e081b3f-4faf-4c75-9135-02fc8198df1c,MIDLAND,Midland
cc:2e0838a9-9e07-4c13-b31b-fedd567c496c,MONACILLO URBANO,Monacillo Urbano
cc:2e0eb8fd-591f-4e22-beee-cdabc675c938,PEORIA,Peoria
cc:2e134b87-b2df-4a33-b2b7-83dc564c4c93,LITTLE ROCK,Little Rock
cc:2e22e09d-5974-4be4-9d28-04e83d36baa9,BRIGHTON,Brighton
cc:2e248d15-e70b-4f57-8c4d-7df6e0bf55c7,MCLEANSBORO,McLeansboro
cc:2e272c34-ce8e-4118-8c8b-3f58410adb93,NEW CASTLE,New Castle
cc:2e2a70d3-f0a3-4a38-baf2-c541ecd71d63,VALLEJO,Vallejo
cc:2e334bd4-e589-4e9f-a38a-2c50cd1260f1,OKLAHOMA CITY,Oklahoma City
cc:2e34d76d-103b-4728-984b-ac81f5564b00,JACKSONVILLE,Jacksonville
cc:2e350ccd-4c29-4e85-913f-7bb6e20de836,BETHPAGE,Bethpage
cc:2e401971-9852-4067-b69d-37c99462560e,CHILLICOTHE,Chillicothe
cc:2e49a67f-8068-4417-a2a7-29e8fae2adeb,MISSION,Mission
cc:2e53ecf6-0251-41ac-9689-6b01b1147592,WALNUT CREEK,Walnut Creek
cc:2e555573-00d7-42f0-b724-c7380237a1bd,GARAPAN,Garapan
cc:2e599fea-5424-4ca9-af24-bbab075c1763,SARATOGA,Saratoga
cc:2e5fdba2-d801-4463-9794-b2f47c22024f,EVANSTON,Evanston
cc:2e62335c-1821-4204-8907-04d359e33b12,NEWBURGH,Newburgh
cc:2e624ff5-06fc-4667-be4d-5ba0753e9a70,PANAMA CITY,Panama City
cc:2e80d9e9-5cb3-4426-873a-35541791cf9a,EVANSVILLE,Evansville
cc:2e8dae14-7021-47fd-b092-13cc96609236,GREENSBORO,Greensboro
cc:2e934443-8f32-4a32-b793-13b7772176a5,LITTLE ROCK,Little Rock
cc:2e9592f0-a695-4d14-91c1-326ceebabd53,LARGO,Largo
cc:2e97bb88-92b2-4b51-a416-2040fe5ff14a,BRADENTON,Bradenton
cc:2eb38f9f-fbe3-4234-90e3-0a35a4878074,LONG BEACH,Long Beach
cc:2eb867a9-19ab-4c14-a75a-098d715c657c,PIERRE,Pierre
cc:2ec03cf5-c0d3-4f7d-b4c1-ddad27ed960d,ELGIN,Elgin
cc:2ec54079-2625-48af-b2dc-fa4f090dfaa3,BROOKLYN,Brooklyn
cc:2ec8e7fc-bd15-45ac-8518-ec2e2050cb17,MCPHERSON,McPherson
cc:2ecb1209-3a91-49af-ba7d-c11e768af1bd,DANBURY,Danbury
cc:2ecd87fe-607c-4546-9b4e-4f97886cb7bf,HACKETTSTOWN,Hackettstown
cc:2ed06c1a-c47d-4a78-840d-abcf70a5df89,PHOENIX,Phoenix
cc:2ed0e835-4e70-4434-bc1a-1943dde8db8d,MACON,Macon
cc:2ed13368-f68a-4a4d-b83b-4bb7e87d1b93,LITTLE RIVER,Little River
cc:2ed4ea97-c8b6-45ec-8d43-ed8a2be8e79f,COLUMBUS,Columbus
cc:2eda964b-7eb8-41b6-aa93-2c86c3b0e3f3,NEWNAN,Newnan
cc:2edb071c-ed93-4d30-9fec-b8bc4c4c576f,EDINBURG,Edinburg
cc:2ee6a9bb-0e4b-4f0b-b702-41533a7f2314,BROOKINGS,Brookings
cc:2ee89743-c0af-4284-934c-aead13e63939,NEW CANAAN,New Canaan
cc:2eec15be-7196-4079-9a87-9b758af452c3,OKLAHOMA CITY,Oklahoma City
cc:2eedf5b5-2f6b-45a0-92d8-acee74512842,TYLER,Tyler
cc:2eff530b-6bf1-450e-84af-07825f33d80b,WINTER HAVEN,Winter Haven
cc:2f049abc-be9c-4b70-8e4c-387fb1acd2c2,TULSA,Tulsa
cc:2f10ed1b-39dd-4691-b863-d7aa5875b6da,ST. PAUL,St. Paul
cc:2f248e43-c6c6-4d39-acfa-fd6ffdca378b,PROVIDENCE,Providence
cc:2f30e539-53e1-4446-af8b-0c73932e8ffe,SOUTHFIELD,Southfield
cc:2f3181ab-0ad3-4b51-aeb4-0d112831079e,PHILADELPHIA,Philadelphia
cc:2f3cfb88-6303-477b-8a29-ba6c029632c4,ROCK HILL,Rock Hill
cc:2f3e0395-4c66-4997-b209-ed7aa5788d3e,BRISTOW,Bristow
cc:2f4668e1-6eaf-4e8a-b836-a44cfcf4209b,SOUTH EL MONTE,South El Monte
cc:2f4a63ee-6260-4166-8529-e25992451251,YANKTON,Yankton
cc:2f515855-9453-4b46-8870-13410b475ba6,FAIRHOPE,Fairhope
cc:2f5f3421-e83f-4e82-945c-4b00df79db6f,WOODS CROSS,Woods Cross
cc:2f62e130-0b00-4cde-9a1c-e0f8f8fc54ff,LAGRANGE,LaGrange
cc:2f6ab566-4183-4625-9ca9-e4f4be234d4b,RACINE,Racine
cc:2f762d74-e325-4eab-b3fe-49ea95698c77,PEORIA,Peoria
cc:2f78d703-1f89-493e-88ec-8cb65cfe7fc0,ROCK VALLEY,Rock Valley
cc:2f9cc3ab-139d-4e5a-8e24-8447741674a5,BORGER,Borger
cc:2f9f4dd6-34d2-4a28-9838-a4989f31ddc6,BEDFORD,Bedford
cc:2fafc56b-baea-42cf-8663-dae26404cd05,CHRISTIANSBURG,Christiansburg
cc:2fc3621c-afce-4124-aeb7-721286fdc0e2,MONTICELLO,Monticello
cc:2fcc9dbf-72ac-4087-9c64-d4abad9294ea,FOLEY,Foley
cc:2fd5121c-93a2-4591-b09b-6dc19874a969,DERRY,Derry
cc:2fde5761-da74-44d2-96fc-159b28d5c8dc,NORMAN,Norman
cc:2fe54086-b6fc-4155-b961-6c78061d7da8,BROOKLYN,Brooklyn
cc:2fef75b4-8f98-4d09-a613-512566baeabd,SAPULPA,Sapulpa
cc:2fff8b36-eda9-4c1b-8269-793c7c467889,ENGLEWOOD,Englewood
cc:3007db79-3347-4f9e-92ba-e990ff03a882,MERCED,Merced
cc:300a0d35-0669-4f4e-bdc2-eef8fcd08d23,MIDDLEBURG HEIGHTS,Middleburg Heights
cc:3010dd5e-b051-4afc-affc-686194cac031,WASHINGTON,Washington
cc:301208e5-4d49-4f95-855a-c8199548a337,HOUSTON,Houston
cc:302cb0fb-47e1-4c37-bfe1-ca526e66a86a,MUENSTER,Muenster
cc:30337152-a379-4d1e-aa20-0821c02e94a7,OTTAWA,Ottawa
cc:303a3e54-a986-4154-adf8-80d7a487dd17,PLENTYWOOD,Plentywood
cc:303f17ac-6b6a-487d-bf10-3ba24c957a9c,JENNINGS,Jennings
cc:3043be5f-4282-411e-80a0-1c8704023a03,GREENVILLE,Greenville
cc:304588b9-3c9e-4800-ab2f-ba19257b930b,LITHONIA,Lithonia
cc:30498e19-668f-4833-a0fc-102488d1202c,HAXTUN,Haxtun
cc:304a98d8-d1ad-4ac3-9a23-455c8934a71c,WARREN,Warren
cc:3058c26b-d867-4448-88f6-dedfb8aa39d0,ELIZABETHTOWN,Elizabethtown
cc:30601303-ed57-4d86-b1b4-d80c110d9168,ELWOOD,Elwood
cc:306cdfa1-a00f-4a91-a344-85c1cc8687e1,PORTLAND,Portland
cc:306dab34-682c-4a25-b24a-d9e07054da72,PRAIRIEVILLE,Prairieville
cc:306f3b39-1a20-45a7-b462-65e297add7e7,TRIBUNE,Tribune
cc:3076ca1c-619d-4bc0-a090-f684e294a507,CULLMAN,Cullman
cc:307a7bd0-3c8d-4151-b68d-cd16f7c5617f,KNOX,Knox
cc:307c79fc-2891-4378-a3bc-a04596069574,MANCHESTER,Manchester
cc:3089bf12-2026-44e8-afc0-62d8489a41f7,SNOQUALMIE,Snoqualmie
cc:30a0b1da-0760-404b-872f-698f3c33fd8e,HARLINGEN,Harlingen
cc:30b11472-ce6a-42ca-a5e6-fdedc006a0c2,MIDLAND,Midland
cc:30bb4149-1d86-4161-b00a-1a2bad58738d,MARTIN,Martin
cc:30cae623-2ae2-42e4-b913-6c0fee2ce1d2,ENOLA,Enola
cc:30cb9d2e-132a-4924-a182-ce5c9b228d82,CINCINNATI,Cincinnati
cc:30ce53b4-9151-4526-9c8b-94a1754c5833,SALINA,Salina
cc:30d27a1d-a8cd-4a34-8652-66f2ae8711d4,SALT LAKE CITY,Salt Lake City
cc:30d36502-b98b-4326-a358-aa68abde5e85,BOYNTON BEACH,Boynton Beach
cc:30d3cc13-be2f-45b1-9d88-f873df4de126,QUEEN CREEK,Queen Creek
cc:30d8c755-6c89-4230-9bed-0cd08f12fd3b,ARCATA,Arcata
cc:30f51665-7a2e-409e-b1cd-09ee51379578,OSCEOLA,Osceola
cc:3100720d-444d-4178-8a15-cd34117e4e52,COMERIO,Comerio
cc:31010ee5-229e-46f7-ab3d-3cf005ca79f2,HUNTSVILLE,Huntsville
cc:31030201-e923-467c-bfbd-f2b49fb5059f,MITCHELLVILLE,Mitchellville
cc:31055cf7-9e8a-4fc4-8053-dfac8bf99f5a,MEMPHIS,Memphis
cc:310ddafe-bed3-422a-ad83-81dd3096d1ad,GLENDALE,Glendale
cc:31102381-b0cd-4e5d-80cd-cb5c45f014ad,WEST BEND,West Bend
cc:31195e2b-4363-4ff2-8b0c-64f0e5576c40,MARTIN,Martin
cc:31346ae8-6698-4638-8ba0-1cac78e059bf,NASHVILLE,Nashville
cc:3147d35b-5e7d-4dff-bdbd-3572f3ea62ad,DAPHNE,Daphne
cc:31486674-86d9-4ae3-af23-2b652ef5f1d3,BELTON,Belton
cc:315cb417-4964-4257-a9f3-7394e6772251,ROCK CREEK,Rock Creek
cc:3161436b-4996-4b89-858d-e68b42aa4463,TOPEKA,Topeka
cc:316fc925-b0a7-46b9-b552-1741090a9728,PORT CHARLOTTE,Port Charlotte
cc:317b9a07-030b-4157-9041-61d93b94f710,ANNISTON,Anniston
cc:318d4088-3b18-49ac-9259-baf71b3f206c,NEW YORK,New York
cc:319539de-b782-4bf2-9a62-07b8e11684a8,MCDONOUGH,McDonough
cc:319d8b7e-8ab3-43d0-b33c-96f7aa8e2b12,DAVENPORT,Davenport
cc:31ac6fd6-25fa-4dc6-9fa2-6ef04a69c566,SAN ANGELO,San Angelo
cc:31ada2f3-3de8-47b0-81dd-904cbaace31d,ELKRIDGE,Elkridge
cc:31aee7a9-64ca-4c1b-b166-0dc2a77315a3,PIKEVILLE,Pikeville
cc:31b41b1c-bfd0-4b35-8188-e97c841a44c9,LAWTON,Lawton
cc:31b4c9f6-6abb-4ac9-acb6-ce7d2e708794,CORTLAND,Cortland
cc:31be80e0-f955-40a3-953a-031077cfb8ed,FALLS CHURCH,Falls Church
cc:31c03738-cf3e-4a0e-af38-809c8392694f,MOUNT VERNON,Mount Vernon
cc:31c13018-5da2-454c-a57d-bc647584f98c,SAN JUAN,San Juan
cc:31c423cd-e068-46af-87bb-b2c3565eaa08,FRESNO,Fresno
cc:31d11c97-bf3b-4fc0-b082-3c9adb098ca5,DALLAS,Dallas
cc:31d72b38-9443-4855-b181-ccf280ebd31b,ALLENTOWN,Allentown
cc:31dd63f1-beb5-4d34-9c0e-d3026f142536,CAPE GIRARDEAU,Cape Girardeau
cc:31e9588a-ece2-4dd2-b98a-06dc3fdc3cee,CAPE CORAL,Cape Coral
cc:31f37454-b767-4d52-a31b-7df7c6e121cd,HARRSIBURG,Harrsiburg
cc:31f9a66a-7ae7-4699-be3b-8c7c1098c84a,SAINT PETERSBURG,Saint Petersburg
cc:320d933c-85b5-4948-ba93-c675196bc719,NAPLES,Naples
cc:321a9a67-35ed-433d-834b-9567f5602c3e,BENKELMAN,Benkelman
cc:324ddf3e-0b97-4d1e-aee3-f2ba7e09f2e6,ALLENTOWN,Allentown
cc:3252d376-451a-4840-8e23-076cad6692c9,BENSON,Benson
cc:3256710c-da85-416f-a023-46a6965879a0,BLANDING,Blanding
cc:325c19e6-a009-441a-8b33-92dc3e625853,HARBOR BEACH,Harbor Beach
cc:3263d22f-eabd-4d1b-8c77-fd4fcb41021f,PALESTINE,Palestine
cc:3267e173-d920-4f3d-89b6-1218f5e4dda4,TUPELO,Tupelo
cc:32698fc9-2597-4020-a7c6-fcf459938da4,KOKOMO,Kokomo
cc:327c4af4-6a40-40ef-ab12-6eb06ef9d35c,PINEHURST,Pinehurst
cc:327d7901-698b-4133-8d35-ddb500a391e3,GREENWOOD,Greenwood
cc:3286309a-a29a-4661-bff6-d8d19edc0986,CATAWBA,Catawba
cc:328a3d93-e2a4-4435-ac4d-3fbb7e422e3c,NASHUA,Nashua
cc:32a727ab-a449-4112-9607-83b12753818f,BURLESON,Burleson
cc:32a89909-cfec-4039-9bfa-7769227c2928,STAUNTON,Staunton
cc:32aa0d8f-ed56-4bd6-99ca-ff54336fe752,ATLANTA,Atlanta
cc:32b29779-099a-414a-a2f9-18ebea901af2,BLOOMSBURG,Bloomsburg
cc:32bb1003-0bb5-4bfb-ba57-3d5d79d68745,MULLICA HILL,Mullica Hill
cc:32c7ccbd-6cf5-4f6b-b934-8eaeaeb2f413,HORNELL,Hornell
cc:32c97b1a-3305-4e7f-b731-8bd87afda27f,WASHINGTON,Washington
cc:32d1eeed-66d4-4b90-9b1d-0855b62b4173,PONTIAC,Pontiac
cc:32e4a2c3-437f-4005-932a-89cde18be4ed,LAREDO,Laredo
cc:32e709af-d7b1-442a-9e9f-33bebae6177b,MONTEREY PARK,Monterey Park
cc:32e9d6a6-0566-4712-b682-e69b838c7e6e,CROOKSTON,Crookston
cc:32eb0cb6-f50f-439a-9732-1fea19bc41db,STOCKTON,Stockton
cc:3305fe0a-c6fd-4f61-808b-a772901ebf37,LODI,Lodi
cc:33310749-0faf-4daf-8073-3132ed548eeb,HUMBLE,Humble
cc:33396af6-f7d3-4d62-a05a-cbdbc3a95d2e,CANONSBURG,Canonsburg
cc:3339ca81-395a-4d86-8fca-7149f6a5c3d0,COTO LAUREL,Coto Laurel
cc:334d102d-ee42-410d-8207-b3953395cd4a,PHILADELPHIA,Philadelphia
cc:334fc7b1-581a-4ed4-b2cc-17c054b2bc2c,GEORGETOWN,Georgetown
cc:33503de4-c816-4a78-8ba1-caf410b4b5b8,ORLANDO,Orlando
cc:3357c3f6-c8b5-45b4-907e-da4d7b9d52bf,ATTLEBORO,Attleboro
cc:337731e6-ea71-41d5-8bdb-a2c4c107944c,OLYMPIA,Olympia
cc:337762dd-5190-447c-a0c1-ce65ef143913,WALSENBURG,Walsenburg
cc:3377fcc4-75a6-4b00-9211-e78d88e3f700,ST CROIX,St. Croix
cc:337b2674-8bb5-41e3-815a-27738bdf0026,WHITTIER,Whittier
cc:338b9261-1e20-40ae-bbfe-3425d506a955,BEAUMONT,Beaumont
cc:33950caa-c8f3-4a36-9ea5-de36959ba98b,SEATTLE,Seattle
cc:33a1468e-5591-480d-8b21-4c3f2c1ed87a,ALBUQUERQUE,Albuquerque
cc:33a14d81-b260-48f2-86ee-62afcf3ec5c4,HARTFORD,Hartford
cc:33a1b32d-b6a0-4db4-9903-2e9201242914,VALENCIA,Valencia
cc:33a60767-96e8-4425-ba2f-65aa1a41c17d,SHREVEPORT,Shreveport
cc:33a899b1-bdaa-403b-a852-678028f5fee2,CONRAD,Conrad
cc:33a8a5fd-32f7-4342-9680-8328cd81659d,GRAND FORKS,Grand Forks
cc:33ab4d84-3e94-4d41-bb9b-6c31a2e81be5,CLINTON,Clinton
cc:33aed46e-ad82-41d8-bb6f-0a6335b4352e,MUSKEGON,Muskegon
cc:33b2fcc3-8b7f-453f-b93f-8585e9e39e95,TULARE,Tulare
cc:33b38d91-0b9c-4e8c-8855-b2e061426310,JACKSON,Jackson
cc:33b6c6b0-3748-41c7-98d9-d1809c4e99c8,WAGONER,Wagoner
cc:33ba57fa-46a8-493f-bd1d-ec826d7f4a51,PHILADELPHIA,Philadelphia
cc:33bfc372-5d17-4fb3-b7e5-b11d53d6a899,COLORADO SPRINGS,Colorado Springs
cc:33d9f541-b6d5-4805-8d8c-f3bbd845fc87,LINCOLN,Lincoln
cc:33dbe50e-5f60-48fa-a877-9a4fc4d1f89b,CHICAGO,Chicago
cc:33e94072-c729-4564-8804-15957c0d9fd4,EL PASO,El Paso
cc:33f405ac-11c1-4b5e-b74e-8358245f9a2f,WARRENSVILLE HTS,Warrensville Heights
cc:33f62605-1a77-4f3b-a0d2-ba43cb16b74f,WELLINGTON,Wellington
cc:3407833d-8bda-4048-b307-24688cb8d66e,LEWISTOWN,Lewistown
cc:341f6853-683e-4a82-a5b9-f17553eaf887,SAN LEANDRO,San Leandro
cc:3427df8f-b178-4179-b04d-8f4d93d9b141,PERRY HALL,Perry Hall
cc:342c3032-ef12-404d-a91f-9cd81d289f47,ALEXANDER CITY,Alexander City
cc:342cd57c-412c-4f81-bb73-a35ad1c9cbdb,BEATRICE,Beatrice
cc:342d387e-3523-4fa5-9c3d-f812ef4d03aa,ELKINS,Elkins
cc:3440ebec-ed96-49ed-b17c-bd869128eb2b,ZANESVILLE,Zanesville
cc:34487b41-ab4c-4651-8d4f-e6cf86b13d00,MAPLE GROVE,Maple Grove
cc:344cfea6-3c77-4156-8a0b-f3f6eacfcc80,MOUNT AIRY,Mount Airy
cc:344d27de-2aa6-4192-94c0-a8b766812736,ATLANTA,Atlanta
cc:34585dd7-7e2e-4677-8b9b-d8221737f916,PENN YAN,Penn Yan
cc:3458b195-f930-4ec8-ac76-99a5dc863110,GREEN BAY,Green Bay
cc:346ce050-1f78-41b0-b2bc-c634c193979c,SUNDANCE,Sundance
cc:3472438c-d5c1-4c8d-8df1-0ee9544e64cd,MOUNT VERNON,Mount Vernon
cc:347e2d16-051e-42ea-9861-49a9647c6f5d,BOONVILLE,Boonville
cc:3489bc0d-76df-423e-a2fd-51b75d2d593b,GIBSON CITY,Gibson City
cc:348abf03-6608-40fb-949e-b129794bd857,RUSTON,Ruston
cc:348f42e2-ff35-47aa-af7e-270d2cceeb3d,MONROE,Monroe
cc:349706d1-ea0d-40a6-9568-d44b199548c2,CEDARVILLE,Cedarville
cc:3497eddf-ae01-4d15-ba8a-7e3e11cf7309,KISSIMMEE,Kissimmee
cc:349e1bd9-d90c-4bf6-ae97-34901bb185b2,MCMINNVILLE,McMinnville
cc:34a008c3-0b76-4ae9-9e2b-e428595c16b1,GERMANTOWN,Germantown
cc:34aa8f6a-ba2c-4985-a094-61edadd8dfd7,GRAPEVINE,Grapevine
cc:34c0604e-905f-4d53-b42a-3a74668b3850,LEXINGTON,Lexington
cc:34c0cff9-b827-4dd1-b6d5-7b8dbc2f95a8,ELKHART,Elkhart
cc:34c22d31-418d-4955-8171-f334beea5364,MINNEOLA,Minneola
cc:34c3a42c-157e-4d31-97ef-f69d6e73ae99,SKOWHEGAN,Skowhegan
cc:34cafda6-1fe9-4fa0-b6ff-522f50b4646e,WARWICK,Warwick
cc:34cc6342-c770-4fb4-8736-078361b2604f,OCEANSIDE,Oceanside
cc:34dda847-f6a8-4512-9a05-e4b5dcff5bb7,AMERY,Amery
cc:34f6158b-61b0-44e1-a419-684404dedce7,BRAINTREE,Braintree
cc:34fa9794-4360-482d-a03e-b0dc295eac6f,STEAMBOAT SPRINGS,Steamboat Springs
cc:3500891b-e1f3-4af6-979b-c2a0a9ebe0fb,PHOENIX,Phoenix
cc:3507079f-5249-4fd9-ba9e-045491f7ff22,RUIDOSO,Ruidoso
cc:350d78cf-4a5b-4afc-8155-e1d43280ae31,CHICAGO,Chicago
cc:350dbc0e-560e-4c95-b3f9-321f6c168cf9,LOS ANGELES,Los Angeles
cc:3523626d-ca0a-4f3b-8329-81862256fda0,ALEXANDRIA BAY,Alexandria Bay
cc:353cf4a8-a4c3-402f-914d-fac9d09f31ba,NEW ROADS,New Roads
cc:3556b801-3ae2-4a97-990b-2f909721ebcd,WYOMING,Wyoming
cc:355d08d7-4604-414a-aafc-fa7f7a4711ca,BRIDGTON,Bridgton
cc:355e9691-b5b7-4d26-8bce-1f04c1028c06,WHITE PLAINS,White Plains
cc:35606ecb-3f6a-4b83-be82-a8baee1309fa,GREENVILLE,Greenville
cc:3564face-9272-49e8-8162-7d863e77f025,WHEELER,Wheeler
cc:356a6788-8a90-412c-83e7-4e76e468119b,COLUMBUS,Columbus
cc:356c002c-2f9e-41db-8692-8cec86ebd25c,WESTERVILLE,Westerville
cc:356f1a0e-5eff-458d-b202-2e550a70c334,MENTOR,Mentor
cc:359384a3-b807-4451-9347-69342426361d,REPUBLIC,Republic
cc:3595e018-d903-4107-b75c-c9662e8371f6,SYLACAUGA,Sylacauga
cc:359abb89-ad45-49f3-8945-0ab2f603ce1f,EL PASO,El Paso
cc:359fc49d-2c0a-496b-8640-7047ea432353,CYPRESS,Cypress
cc:35ab1f19-9272-47b7-93dc-ae4f8b0fa6a6,SNEEDVILLE,Sneedville
cc:35b4b3da-4054-424d-ad90-57f345130316,RICHLAND CENTER,Richland Center
cc:35b92a30-877b-44bd-8cc8-8c30b426f11b,WINNSBORO,Winnsboro
cc:35bd5dff-f17a-4199-82f8-31d3363364dd,DAYTON,Dayton
cc:35caa9a7-a397-41aa-bdbb-dd8cb944e001,SONOMA,Sonoma
cc:35d8fe5d-1ae7-4785-9cb5-72fa4febf915,ALBEMARLE,Albemarle
cc:35e54709-9b9f-4d9b-9a0d-effa61e4f84c,LA PLACE,La Place
cc:35e7028d-424e-4d07-a515-4453f14509cd,WYANDOTTE,Wyandotte
cc:35ef45b7-57dc-427b-889e-de7cc18241e3,BULLHEAD CITY,Bullhead City
cc:35f3faa3-9511-4773-8a26-1606d44cdd15,BATON ROUGE,Baton Rouge
cc:35feb6ac-0548-4233-971f-b26cfb7601e5,BARSTOW,Barstow
cc:3604fb3c-e460-496f-be92-87f8fb546105,ALHAMBRA,Alhambra
cc:36051a56-ef3d-4ba1-958f-9a19f5da7245,SAN DIEGO,San Diego
cc:3607bf5b-c1c7-4e97-b110-8f6f9930ac69,PORTAGE,Portage
cc:360c42ec-d3dd-4449-8164-3845cc2426e4,EUREKA,Eureka
cc:360d8b2b-7079-4cba-be09-92c919a7a3d4,ROSLYN,Roslyn
cc:3627f44f-a083-4182-a023-31e29b02b647,MILFORD,Milford
cc:362bfb3b-6fff-469f-a4a4-a05441ca8140,LAKEPORT,Lakeport
cc:3631e1d6-417b-4775-be2f-e66356448a4c,WILDOMAR,Wildomar
cc:3632d8ff-1a86-4552-a024-3f5443c311c4,MINNEAPOLIS,Minneapolis
cc:364367e5-de55-40d3-93eb-b79ea9170acb,WEDOWEE,Wedowee
cc:364b64c3-c86f-438c-9bc6-f41a9ae59cb0,DENVER,Denver
cc:36567b32-f09c-4ebc-8be8-31a60510e0fe,BREESE,Breese
cc:3657f8cb-d7da-4876-a0c8-dfc70798e963,NASHVILLE,Nashville
cc:365e3b55-915a-454e-b5c8-a420bf0cd7b9,DORAL,Doral
cc:36694bfc-bd6f-482b-b2f7-2eb89abfb159,WILD ROSE,Wild Rose
cc:368f6703-5de3-483e-830e-8adf98835f68,FORT ATKINSON,Fort Atkinson
cc:369007c5-35cd-40e8-8d35-22a52c910434,COLUMBIA,Columbia
cc:369fdb8f-ad6a-48fa-a09d-64c62fd81520,LANCASTER,Lancaster
cc:36a97dd0-1eba-44f5-810d-cecb4a5b58ec,ROME,Rome
cc:36b5f264-0135-4012-b68f-b4d477659287,HACKENSACK,Hackensack
cc:36bb17ab-67c2-40da-8ad4-75901d6a752d,ST. LOUIS,St. Louis
cc:36c0899f-2254-4395-b5cc-30a3b8997288,OWASSO,Owasso
cc:36c13af0-7a48-4115-8985-791decb8f785,UNIONVILLE,Unionville
cc:36cb0c37-65a9-480f-9a56-4fc750abfa61,TRACY,Tracy
cc:36cc3f01-f3d8-4762-9d2b-577086257201,POPLARVILLE,Poplarville
cc:36cf3457-58ca-4a80-b64f-8df92359f79a,LEHIGH ACRES,Lehigh Acres
cc:36cf4555-d4cf-46c9-8195-098d8d5e9b8c,WINDOM,Windom
cc:36d76418-1c66-4020-983c-6e99055a0418,MAYSVILLE,Maysville
cc:36dd6570-6bfb-4112-ab12-99b446b04788,OLIVE BRANCH,Olive Branch
cc:36ef14af-52e1-499a-b242-a57b1768fae8,ST. LOUIS,St. Louis
cc:36f133bc-eed5-4ee5-ac45-6e8006886b95,SAVANNAH,Savannah
cc:36f4fbf2-a4fc-4066-97a6-32eb88ad1518,JOPLIN,Joplin
cc:36f81420-8393-4658-9052-4a3f9ebbf7ea,BATON ROUGE,Baton Rouge
cc:370305d4-54ee-47b2-b2c5-95cff196f41e,SURPRISE,Surprise
cc:3704429d-6ed1-4282-9665-98eef27fa762,COLUMBIA,Columbia
cc:3707175e-64a8-4e99-845b-33010e8ff00c,PANA,Pana
cc:370c8c0e-ca0d-476e-ad61-835415b5705f,TEXARKANA,Texarkana
cc:370cc7b7-5957-4b21-9a51-0a3156178692,SACRAMENTO,Sacramento
cc:37229491-bc43-458d-922b-4a03f41ecd23,PHILADELPHIA,Philadelphia
cc:373eccc8-a21d-498a-9861-7bd796e58a82,HILLSBORO,Hillsboro
cc:374f82d6-80e8-4382-9706-d5b51a7ecc4d,HARRISBURG,Harrisburg
cc:37514738-6c86-4d36-8476-2ba412d8849f,CUSHING,Cushing
cc:37538246-be13-4e0c-af18-66c920a25d90,PHILADELPHIA,Philadelphia
cc:375bcefd-b2da-4291-affa-4678f8e9f304,YOUNGSTOWN,Youngstown
cc:37638470-724e-4e53-9b96-ba50ff4dc88c,GAINESVILLE,Gainesville
cc:3769bf07-9bf1-46f3-a240-cddefe622604,HEBER SPRINGS,Heber Springs
cc:376b842a-cd31-4380-85b2-1a6bc2660c50,HENDERSON,Henderson
cc:3774750b-ece7-46fc-8705-e1de353ef89c,FORT LAUDERDALE,Fort Lauderdale
cc:37792177-d681-4358-9d04-c09cf8c956e1,VIDALIA,Vidalia
cc:377bb819-d959-422e-b106-84baa6885af2,BAYAMON,Bayamon
cc:37885385-d147-4661-8921-cbd83826633f,AMITE,Amite
cc:3790d363-5949-4d56-b8c1-8540bf8cb7bc,LOGAN,Logan
cc:3796685b-0a09-4d94-884e-b9918d03db73,PAOLI,Paoli
cc:37a385f0-de83-4aac-8e92-5a806a269252,NEW ORLEANS,New Orleans
cc:37a4e7e6-f461-4a1b-8eec-fa71e348dc5b,FARGO,Fargo
cc:37a7552b-2be8-4506-a904-dd72c1a32d0e,ROWLETT,Rowlett
cc:37b7c8e7-2c7d-4de2-9a77-8a757727dd2d,EAU CLAIRE,Eau Claire
cc:37bd1c3d-2ad0-41eb-8315-6acedae33e54,MEMPHIS,Memphis
cc:37be3ad3-705c-4de9-9d29-69cea66737e3,SIOUX FALLS,Sioux Falls
cc:37c62cca-1b69-4a08-81dd-cfa8f1a6d284,WESLACO,Weslaco
cc:37cbe890-7d0c-41d5-818e-8f23be2a3e86,SULPHUR,Sulphur
cc:37dcd057-d561-4c67-a551-f56f60901356,DUBUQUE,Dubuque
cc:37dd2b77-8f75-46a7-b3af-0760cf93365c,OSBORNE,Osborne
cc:37df6c6d-e16d-40bb-bb08-198bb2024146,COUPEVILLE,Coupeville
cc:37f71927-62b9-472a-b00d-397bafa1dfd2,GORDON,Gordon
cc:37fd4ec0-9ac9-4b53-a37b-40a41152df4b,DENISON,Denison
cc:37fe127c-dd21-45fa-8f39-1af6244142af,OGDEN,Ogden
cc:37fe3c22-31bc-4b4c-92e3-b16dbf2b5c74,MONROE,Monroe
cc:380df1f0-9793-4f95-81e1-ca510bc2dc83,ONTARIO,Ontario
cc:38114e5e-9440-4270-9319-15f84c4113b0,HOT SPRINGS,Hot Springs
cc:3827be03-f547-4bcf-a342-a2f8ca5bbf57,CONROE,Conroe
cc:382c157f-4360-4b56-b368-75af21d82a3d,LAFAYETTE,Lafayette
cc:382f9ba4-9920-46c1-ae9b-67199f483422,TUCSON,Tucson
cc:384dbb25-16b3-4ae3-87af-ef7078237ef7,DALLAS,Dallas
cc:384f1e83-7c4d-4015-b109-c5bc92a63db2,CORAL SPRINGS,Coral Springs
cc:3851dc01-bf31-475f-a204-dadf9ab5c00b,FAJARDO,Fajardo
cc:387d0373-9b51-4816-b23d-b7f00524d5a0,PARK RIDGE,Park Ridge
cc:38844843-64b8-4922-82e5-a9050d097c3d,MANSFIELD,Mansfield
cc:388b3b75-4e24-40a3-bb4e-c48b7e76263d,DULUTH,Duluth
cc:388fa96f-10e3-477a-a58a-7571cc1a43d3,RANDALLSTOWN,Randallstown
cc:389592d4-3818-4ad1-a605-3e7393f9339f,HENDERSON,Henderson
cc:389762af-af3c-4838-9595-4c71e4bdbb6b,BATAVIA,Batavia
cc:38a28199-5a0c-4bf2-9597-bba5c042db2c,CLAREMORE,Claremore
cc:38a5f55d-315b-46f0-9264-fbed76f5d119,DECATUR,Decatur
cc:38a9c8dc-8581-43ba-ac26-6e6875ade477,MALONE,Malone
cc:38b1787f-1d83-401a-9d8a-e06bac1cd7f6,RIVERSIDE,Riverside
cc:38b7aad8-9141-42e5-b117-c2edfbce30ef,SISTERSVILLE,Sistersville
cc:38b840d6-2762-4dd0-a66d-8757d9e70fa2,SAN ANTONIO,San Antonio
cc:38bea8b2-b777-46a9-9937-ead5772d8798,KANSAS CITY,Kansas City
cc:38c62652-6290-4910-bb02-d9aff96355be,SAN ANTONIO,San Antonio
cc:38c9084c-de42-470f-b7e4-afabbac4824f,PENSACOLA,Pensacola
cc:38da49ae-1706-42dd-8e9b-649f93fd0799,ROCHESTER,Rochester
cc:38db8cea-d562-4280-887b-2b7e80feb999,CONROE,Conroe
cc:38dcca4a-c956-441e-96e5-1d2da4a7a6cc,BOSTON,Boston
cc:38dfa6f7-7ec1-4404-960c-e3b2cf44424c,WEST VALLEY CITY,West Valley City
cc:38e114ff-3972-48c1-a57b-95c5f8320e81,TRENTON,Trenton
cc:38f0523a-048a-481b-97e2-96b51011c697,EPHRATA,Ephrata
cc:38f1ecc1-9843-4d2f-bc1d-46c7186253ea,TEXARKANA,Texarkana
cc:38f5b6d8-1baf-4341-a49f-13bff01662b4,FALLS CHURCH,Falls Church
cc:39042e83-6ea0-4b99-891f-8078d3d31251,MACON,Macon
cc:390633fd-aaa0-490b-a48e-b7b1dd7b596e,HAMMOND,Hammond
cc:39116c50-f825-418c-b7cd-f927053d0866,ENID,Enid
cc:3915e800-de0e-446b-b26b-26e17654d3c8,CHICAGO,Chicago
cc:391987dc-0697-439a-9809-c40f3e656caa,HILL CITY,Hill City
cc:391abf36-3f57-4880-a2d8-8bb3b9ffe93f,YOUNGSTOWN,Youngstown
cc:391b8d0b-9ee3-47a9-ac01-9381f3c116a7,HARRISBURG,Harrisburg
cc:3922b18b-558e-4790-8d75-6ff6b08bfd92,PETERSBURG,Petersburg
cc:39360b8d-a794-479e-8cb5-9ac150e4e909,BURBANK,Burbank
cc:3937d575-950a-4474-85b4-d75e17aacf0d,SAN ANTONIO,San Antonio
cc:3947e0ac-670d-4736-a7bb-2a5f02143c1b,CLINTWOOD,Clintwood
cc:394895fc-ec90-4d45-b808-ee95467e1e62,WARREN,Warren
cc:39506f8d-7dc0-493e-838d-19a14b5775b8,DALLAS,Dallas
cc:3950e483-532c-421a-95d4-455e54d5679e,SUMTER,Sumter
cc:396097ad-c7bb-4be1-9de6-17728f4ffc5e,ST JAMES,St. James
cc:39639552-4468-413b-8175-f427ed8b656c,ROUND ROCK,Round Rock
cc:396b595b-2fa4-4a0c-8aa3-7fd493684dbe,WILMINGTON,Wilmington
cc:39722888-ef6a-4248-8dda-75f3639ca50d,NEWARK,Newark
cc:39810f8b-6f84-4c1c-90ad-efd68494b675,ZACHARY,Zachary
cc:3984213e-6742-4ee9-bdfd-991a6f7fbd4f,TAVARES,Tavares
cc:399021c0-21dc-4cb8-bb36-aa48fb9eb8a3,CONWAY,Conway
cc:3992368f-fe6c-43d4-b442-65a6613010c7,SURPRISE,Surprise
cc:3999ea16-8603-4038-9b75-840ba653f4b1,CHARLOTTESVILLE,Charlottesville
cc:39a7fc8f-96c5-4609-aacc-49698d2820ec,BAYAMON,Bayamon
cc:39ab39c3-567e-415e-8a69-3dc7f214a597,IDA GROVE,Ida Grove
cc:39add6ac-7a21-4df2-a7b8-7a62e2bec636,PITTSBURGH,Pittsburgh
cc:39ba6dc8-045f-4dc9-9e90-9f5bec6359ba,ROCHESTER,Rochester
cc:39bd0f54-c106-4fa1-acd1-1d5d5236d29a,MELROSE,Melrose
cc:39cb3c76-f22f-48a6-ad83-bf11aa8a79bc,ALEDO,Aledo
cc:39d1def3-4b73-4289-bcb2-8a03a97f9e42,TURTLE LAKE,Turtle Lake
cc:39da16f7-0305-422f-9ba0-a1b3b3211766,JEFFERSONVILLE,Jeffersonville
cc:39fb101c-5a8f-4ab8-bfda-9af19f537f6a,CLARKSDALE,Clarksdale
cc:39fd4af8-0c49-4a70-89fb-98eafa5ea11f,PLAINWELL,Plainwell
cc:3a058c70-d758-437d-acdb-886c2f48a71f,HANNIBAL,Hannibal
cc:3a06df28-2d82-4a34-8f3a-104cc7f9a94a,GUNNISON,Gunnison
cc:3a1afe13-78e4-4080-8739-69226dafa7b7,GREENFIELD,Greenfield
cc:3a26e6bf-a1cb-42dc-8448-7fe6906c8e1f,FAIRFIELD,Fairfield
cc:3a2bd24c-f785-427a-8023-613616a0866f,WEST COVINA,West Covina
cc:3a3a9d9c-adab-4001-9d71-f45867a6cf99,DETROIT,Detroit
cc:3a3eae16-d686-4842-a7e7-e6cd2d4a0b37,HARTFORD,Hartford
cc:3a5667d6-076b-4a69-af35-44d3c7c88c47,MAYS LANDING,Mays Landing
cc:3a571e23-4209-443d-a54d-7d447aa678c4,NATRONA HEIGHTS,Natrona Heights
cc:3a5d788b-e4b7-4f58-8e36-6108df72e47e,BRONX,Bronx
cc:3a5eb45a-79cb-46f7-933e-37d3e90f2864,PROVIDENCE,Providence
cc:3a6d09bf-4ad8-4c3d-b158-592a6e60945e,PARAMOUNT,Paramount
cc:3a86625a-8c6b-4a8d-a382-428a921c1356,CLYDE,Clyde
cc:3a8ef564-1b75-46e2-a9be-22fc8a9907fa,BOONVILLE,Boonville
cc:3a94b085-65a6-4ecb-97ee-e9b6b98b687e,MIDDLETOWN,Middletown
cc:3a990825-baf5-44fd-941b-c94349df0be7,REFUGIO,Refugio
cc:3a9bec5e-fe84-4318-8b2c-b414a175c3e6,LACOMBE,Lacombe
cc:3a9d6fbe-622e-4785-9bc6-8ac5eea669b2,PINEDALE,Pinedale
cc:3a9f367c-7769-4d5a-a178-00348b4041d2,BASTROP,Bastrop
cc:3abb7d12-46c2-44db-bf5d-373b77f0f1c4,ONEIDA,Oneida
cc:3abf8e09-d5b5-4000-b487-5c6e7d99b9b8,BALTIMORE,Baltimore
cc:3adc4b8a-71d6-44c3-af37-d0bb8c27ff51,LONGVIEW,Longview
cc:3ae1ca96-723b-4421-a85f-d6563a7a23ce,FRAMINGHAM,Framingham
cc:3aec05e7-5270-49a4-9952-7273eaf4cee2,OKLAHOMA CITY,Oklahoma City
cc:3afe4313-49f6-4c34-b9d9-09c6dace95d2,BRUNSWICK,Brunswick
cc:3b00c2cc-2819-4148-8f41-9664335a4450,HOLYOKE,Holyoke
cc:3b0fd356-2059-43cf-bfa1-f6922afff844,LUBBOCK,Lubbock
cc:3b132a3a-5db2-4fc4-9492-d05e9ee54bc8,FAIRMONT,Fairmont
cc:3b1438e2-61bd-41be-a8c8-e44e36f9fc05,OKLAHOMA CITY,Oklahoma City
cc:3b280996-8bcf-4869-9dc5-f76133d57b7b,TUSCALOOSA,Tuscaloosa
cc:3b28e753-6ae2-4fbd-8785-98cd7fa58f6e,SUPERIOR,Superior
cc:3b37cd2a-2b25-43a6-bbaf-bff826290ceb,PARAMUS,Paramus
cc:3b3ee277-75e3-45b1-b000-00dae1020f2f,CONCORD,Concord
cc:3b4f900d-ad94-4084-9d24-55abeb73b4b1,DALLAS,Dallas
cc:3b57de85-2b9e-4619-b723-82e63ebbe25c,SAN ANTONIO,San Antonio
cc:3b5bee38-5ee2-4bec-931f-055ccf2889f5,LAFAYETTE,Lafayette
cc:3b65f909-f648-4922-aabf-c444ec29f82c,COUNCIL BLUFFS,Council Bluffs
cc:3b6a8f31-6833-4bcf-9220-90d3467b813b,STAFFORD,Stafford
cc:3b765baf-92b8-4262-9f7d-2224bbb1fb68,MINNEAPOLIS,Minneapolis
cc:3b7792df-2326-4390-983d-1d0bdb30728d,DOUGLAS,Douglas
cc:3b81d6c4-8368-4c57-9833-f75592e1d2a7,BEND,Bend
cc:3b88c438-6326-4e6d-a11f-cb42713c7069,DERBY,Derby
cc:3b9650b3-aea4-4d4f-b518-ed9a63eec5f2,GARDENA,Gardena
cc:3ba00ebc-277a-436a-a580-4cc0bfc3b1b8,SARATOGA SPRINGS,Saratoga Springs
cc:3ba4541f-2491-4627-8aac-d253ab53cfe3,SYLVANIA,Sylvania
cc:3ba633ff-edaa-48dd-97d2-ffbd2560854b,COLUMBUS,Columbus
cc:3ba6e7db-1d1b-4f15-9a82-92c050a013b4,BOWMAN,Bowman
cc:3bd38c2e-3e9e-4bee-b557-50da909e9bf6,EDGERTON,Edgerton
cc:3bff0cd1-a296-4117-a452-4437a65aa65a,SHELBYVILLE,Shelbyville
cc:3c098507-8db9-4de9-9e9f-f26a58377d33,PENSACOLA,Pensacola
cc:3c17144d-0f26-4ea1-b1e3-6d2e129fd812,SALISBURY,Salisbury
cc:3c182c33-e629-43c8-957c-6af833f74fba,PALM HARBOR,Palm Harbor
cc:3c1bdaf4-2155-47fd-ad5f-c519bb6e3987,MADISON,Madison
cc:3c2289cb-d8f6-4152-b939-74ce55b92120,JAMESTOWN,Jamestown
cc:3c3ca9c4-0b60-41d9-8a9c-2ba6f1aaa087,LAKELAND,Lakeland
cc:3c3dad05-396a-4848-a100-4ec3a123b0e4,MUNSTER,Munster
cc:3c4857a2-2936-4adb-b587-161322e65e05,BROKEN ARROW,Broken Arrow
cc:3c4dbd32-1db4-4fc0-a293-e922891f4266,CHATTANOOGA,Chattanooga
cc:3c56f732-30d1-436c-a259-4538d65b03c9,SCHUYLER,Schuyler
cc:3c5bc5b3-21d2-46a2-9a65-06bd84449a70,EDINBURG,Edinburg
cc:3c5e4f0e-75e3-46f1-8ff5-75a7a771f608,JACKSONVILLE BEACH,Jacksonville Beach
cc:3c5ea899-33ad-4ac1-a00a-e015cdee9eb6,NEW ORLEANS,New Orleans
cc:3c6b2083-b4ea-409e-893b-a5b7faaa1d4f,RADCLIFF,Radcliff
cc:3c736f1a-7183-4fa0-91a8-3e6591b43d7f,GREENVILLE,Greenville
cc:3c7d488d-dda0-4c03-b5ef-9d47009c59ee,LEAKESVILLE,Leakesville
cc:3c8b4ba5-f549-40f3-af39-dd1ab93ede8f,COMANCHE,Comanche
cc:3c98b98b-e990-49c2-be3e-71202ab0057c,RANCHO MIRAGE,Rancho Mirage
cc:3ca8928a-1f1d-4c60-8ccc-3e32cb90f6ef,MONTGOMERY,Montgomery
cc:3ca9cb4c-fdaa-43ea-9f8b-4463bdadc9e7,BOWLING GREEN,Bowling Green
cc:3cbb8d14-1df9-4b09-a6b5-b69de1725e66,DAVIE,Davie
cc:3cc4db11-1175-4050-8b6d-8ceaeeddf163,WICHITA,Wichita
cc:3cd6a115-34bc-413a-9460-6590ecb5ab72,ATHOL,Athol
cc:3ce5b791-13ec-4833-a6f1-12cecb609870,ROCHESTER,Rochester
cc:3cef4089-2364-479f-ba1c-2866d06f45a8,BATAVIA,Batavia
cc:3d0e157f-44e8-4b8c-a628-b8b2731ca04a,MARION,Marion
cc:3d15e9ef-3775-4380-9537-32c5ebcd6cf0,OMAHA,Omaha
cc:3d1c875d-13d7-48a6-8e58-812bffea5f82,BOISE,Boise
cc:3d248c2d-26d3-49ee-9e31-cf7981dea6e9,CHARLOTTE,Charlotte
cc:3d323281-be81-4890-bc2f-9fcb47adf76c,ST. LOUIS,St. Louis
cc:3d3ed3cf-c611-4236-beb4-2ad3ad577153,PLANO,Plano
cc:3d608019-ef03-4b2c-8418-0797cca0af42,LIBERTYVILLE,Libertyville
cc:3d736002-af8d-481e-85c9-08f4f20a5f29,PRINCETON,Princeton
cc:3d76ce2f-3bfe-49a0-a4b7-b36439ce97a8,CORNWALL,Cornwall
cc:3d7ae830-c599-4ab8-8f44-fe8facaae835,YORK,York
cc:3d8073c5-27e0-44b4-bd28-2ea1b0939df3,JACKSONVILLE,Jacksonville
cc:3d87f20a-db9c-426b-9f2b-57911c270bb9,WADESBORO,Wadesboro
cc:3d8a8792-00ac-4cb7-a0eb-9ba3b9b2c030,MARGARETVILLE,Margaretville
cc:3d8ccc7a-8dfc-4272-bf70-c1853622a6f5,ALBANY,Albany
cc:3d9aeee9-23c3-49fd-8e19-f81358bae3ae,BRISTOL,Bristol
cc:3dbfec74-b30c-4d33-9803-80ff90ded3cb,FISHERS,Fishers
cc:3dcb10f5-33cc-48fe-aecf-1b1ebbb79154,ROANOKE,Roanoke
cc:3dcef6f4-3a0c-4f1c-bfa9-25da109f9790,HOISINGTON,Hoisington
cc:3dd3c45b-269f-43a4-b57f-b3691190a72a,WASHINGTON,Washington
cc:3ded3d64-bba7-43a2-82fc-2d2f5ce6798a,PRINEVILLE,Prineville
cc:3dfdcaba-dc1f-44b8-a097-2287fd458e50,BIG STONE GAP,Big Stone Gap
cc:3e0327a2-5291-4dd2-99cf-1ece665881ea,BOYNTON BEACH,Boynton Beach
cc:3e182606-f145-43bd-ab10-0227400091e6,LEOTI,Leoti
cc:3e22a481-196c-440b-81bf-52cc0d95ed49,YERINGTON,Yerington
cc:3e34ecd5-d0fc-4f63-bc7f-875cec493a66,MANSFIELD,Mansfield
cc:3e3e8126-a6f5-4e27-b01c-c33c651e3e34,SCOTTSDALE,Scottsdale
cc:3e40d7e2-12fb-4dfe-9836-b7f3f96eb573,HOMESTEAD,Homestead
cc:3e58d066-025c-4f6a-96c3-78fd7b74006b,WICKENBURG,Wickenburg
cc:3e65d952-aa7f-48f0-8eec-bcae7bad28fd,HIRAM,Hiram
cc:3e67bc65-65bd-41aa-8e86-6a82cac50b74,SHERMAN,Sherman
cc:3e6ad966-c82b-4978-876f-7393d6e26de4,CLEARWATER,Clearwater
cc:3e712758-62a8-4254-b7c2-5e37d7e45183,MALAD CITY,Malad City
cc:3e7663a6-98d0-4696-a480-14453bf49828,TECUMSEH,Tecumseh
cc:3e870cbb-b3af-44a8-8cda-47894a286e31,REDDING,Redding
cc:3e8974c5-583a-468e-abe7-73ccb5a4cde2,ENNIS,Ennis
cc:3e95263b-8379-4f64-b52d-5162c9b6cc6b,MARYSVILLE,Marysville
cc:3e9aef5f-e14c-4191-9c40-543365750b6a,MIAMI,Miami
cc:3ea449ae-56ae-4555-bdf7-983a09ba7b9f,MARRERO,Marrero
cc:3ea517b8-b8bd-440a-ad44-0f0092633185,WESLEY CHAPEL,Wesley Chapel
cc:3eaa4498-2507-4875-8f8c-1454504bac6b,HOUSTON,Houston
cc:3eabffb9-bbad-4e1c-add4-a8773289eccb,MAGEE,Magee
cc:3eae2db3-6ad5-4934-be2d-fc05f51dc9d8,FLANDREAU,Flandreau
cc:3eb3cda9-e2a3-4524-8832-986253e9366f,WINCHESTER,Winchester
cc:3eb4307f-7840-4d7e-89f6-662afee88d55,ONEONTA,Oneonta
cc:3eb7fee9-6c2c-4178-827b-624b0da65675,AMARILLO,Amarillo
cc:3ebdb036-0ea0-420b-b572-b67234ef27f6,SAN DIEGO,San Diego
cc:3ec5a6e1-dc4b-49a7-af0c-38ec9463b5a9,HOLLYWOOD,Hollywood
cc:3ec74fa1-a9cf-4c44-88ad-07667c173320,TAOS,Taos
cc:3ecd4612-7195-4549-a9eb-efd0a037c4dc,MONTPELIER,Montpelier
cc:3ed2579a-cb4e-46e1-87a1-7c4565423cd0,MCKEESPORT,McKeesport
cc:3ed2f0cc-a47c-4315-a443-4386ba9db336,DAINGERFIELD,Daingerfield
cc:3ee65831-2cb8-455d-aa76-068ea2c24a65,RIVERDALE,Riverdale
cc:3ee8b493-c886-449d-83be-d5d13ff68642,ALBIA,Albia
cc:3eeb735d-ea42-4c5f-8d2e-9a2f1ccad785,POCAHONTAS,Pocahontas
cc:3ef6c7d3-f1a4-41df-adc5-564c128d3850,LUFKIN,Lufkin
cc:3f05cacd-c610-4333-9eee-b5cc9b975b30,CLEVELAND,Cleveland
cc:3f226c03-cc13-444c-ac89-404003c14aeb,WEBSTER,Webster
cc:3f2da9a5-20c9-4ded-bed4-b56c5fc972aa,CALDWELL,Caldwell
cc:3f2dfd24-d21f-4daa-ac4e-7e123c3a61ba,ST. CHARLES,St. Charles
cc:3f2edcbd-20e6-49a2-bc46-8ae0660fb528,RIO RANCHO,Rio Rancho
cc:3f34deda-988b-4f24-a854-d0550807f751,WHEATLAND,Wheatland
cc:3f38fbb7-1fbb-4711-893f-827d999bbac3,MONROE,Monroe
cc:3f3c39de-1b38-4d89-aea1-b4b75dd55a9c,LEWISBURG,Lewisburg
cc:3f409177-9cf7-4042-9ab0-8d57cad692bf,GOUVERNEUR,Gouverneur
cc:3f4aa071-e9a5-4628-a31b-eaf5c37edf6a,KELLER,Keller
cc:3f517cb6-ad52-47a8-ab50-7e93360c6099,ORANGE,Orange
cc:3f77495c-3f93-44eb-9251-83dbb05e0862,BREWTON,Brewton
cc:3f953a31-50b4-415a-b2d9-c5de597beb3c,INDIANAPOLIS,Indianapolis
cc:3fa069d6-b702-4eb0-8adf-9b2cbdfd274a,BALTIMORE,Baltimore
cc:3fbd4ee9-a82b-4a50-b9d0-2217d8ee9df6,GETTYSBURG,Gettysburg
cc:3fc0b189-ef55-4d99-94c0-320643d7599b,YORK,York
cc:3fc2f8d3-5431-4888-aa8a-efaa3f09f65f,PROSPER,Prosper
cc:3fd5f7e0-ba84-4d0e-927c-1d4e93ee75ff,KATY,Katy
cc:3fdb989e-2295-4781-a226-445c12f95d04,RANCHO MIRAGE,Rancho Mirage
cc:3fdd2a4b-cc53-481e-a366-82f28220aaf8,PAYSON,Payson
cc:3fe5a271-c981-4e10-b27e-4f31bcfb4bf5,MARION,Marion
cc:3ff474ed-2207-4d85-abb6-5113f65a4dec,SCRANTON,Scranton
cc:3ff62b44-54c6-44fd-bfa7-6c9fa3896e13,LOS ANGELES,Los Angeles
cc:3ff85b05-6a19-41bf-a905-018ad7a00f8e,LENEXA,Lenexa
cc:40016651-3660-4915-bfe4-71e5abe16a48,HOUSTON,Houston
cc:40080fbb-1081-41b5-a805-d06cc7c1e987,NEW BALTIMORE,New Baltimore
cc:4011634b-6608-404e-88b5-397dd1fb17df,MALVERN,Malvern
cc:40153b5b-6509-47c5-8d65-8f9fed82c757,DOWAGIAC,Dowagiac
cc:4022b1f8-aa45-4d23-afb0-0f1217a8f432,BERMUDA RUN,Bermuda Run
cc:40401cad-f903-45df-9b7e-b9a635d5ad66,CERRITOS,Cerritos
cc:4058f3db-7884-43c8-95fc-17c21cc4b477,LANCASTER,Lancaster
cc:40660b5e-8182-4747-803a-a889bf629bb2,CHICAGO,Chicago
cc:407d6631-8c23-419b-99d2-268c5ef65920,SEVIERVILLE,Sevierville
cc:407ed286-4dde-400b-a0d9-7794d0e26e59,HICKORY,Hickory
cc:4082ea66-7118-47af-9a18-348bd7444bbf,BEAUFORT,Beaufort
cc:408648c6-4302-48b4-b05d-7442cc4abadd,HOPKINSVILLE,Hopkinsville
cc:40cf1504-6164-4661-bad6-51d1a57e4161,AUBURN,Auburn
cc:40da6803-63b6-403d-bade-66d54b32da36,WAUKON,Waukon
cc:40da8cdb-2ac3-4724-86a6-9ef8279add33,MADISON,Madison
cc:40dcc173-84d8-464b-a84d-4061922711bb,PITTSBURGH,Pittsburgh
cc:40e0a073-d93e-4359-917c-553543de5933,BEAUMONT,Beaumont
cc:40e397f9-c089-4674-950f-6e2c936543c5,CARMICHAEL,Carmichael
cc:40f7d21e-090e-45c8-898c-3bcfc56ff5f5,RENO,Reno
cc:40ff1bcf-5c8c-410c-ad91-39eeccc09ade,ORLANDO,Orlando
cc:4124283c-5676-4f09-9b34-d298b265a900,JOHNSTOWN,Johnstown
cc:412bba86-4a73-403b-8412-a73669ae3dad,ALEXANDRIA,Alexandria
cc:41340147-2fa5-455e-8be4-021f1619f2f3,AGUADILLA,Aguadilla
cc:41412b0b-94ff-457a-8543-02ab53c461b4,BERKELEY HEIGHTS,Berkeley Heights
cc:41415ea8-8e50-435c-9a2d-eeafb726c92a,MANNING,Manning
cc:4158463c-f32a-4057-9555-9d7b6b49714c,PIKESVILLE,Pikesville
cc:415e6d14-12ec-4756-b53d-3350529be77d,GREENWOOD,Greenwood
cc:41851c2b-c4c7-4ef5-a53a-2170285b85d0,IRVINE,Irvine
cc:41b9fe61-78e0-45be-a96a-61d0d5aa7517,FERRIDAY,Ferriday
cc:41c55d82-6358-4574-87f9-7ef2aaccf194,CARSON CITY,Carson City
cc:41cdab8e-3683-458a-b00e-02c438c966ab,OMAHA,Omaha
cc:41e17689-7385-4158-b379-3d515d87e0e0,N. AUSTIN,Austin
cc:41eb0dd2-2d9d-4e61-af25-a2eeaa3e84b6,BUDA,Buda
cc:41fcfdba-7dda-4d2a-9a1f-839e1a2833bb,PRINCETON,Princeton
cc:4209ed50-c0b7-4d02-9fbb-530eacaa8f58,ENUMCLAW,Enumclaw
cc:42124e88-ab08-4c15-ad3a-248b641c99f5,HOBOKEN,Hoboken
cc:421bee53-148a-4567-84ea-50db5126a539,FORT MORGAN,Fort Morgan
cc:4221d3a5-4ad2-4c7d-916b-cba5f3d5f786,HUNTSVILLE,Huntsville
cc:422bf8ab-5528-46cd-8aaf-4df376a98c65,AMERICAN FALLS,American Falls
cc:4230eee6-8197-4fa3-be59-95238c5f9c2c,WEST SENECA,West Seneca
cc:423b0754-a6d4-4f7f-bfc2-e26d8e56c29f,COVINA,Covina
cc:42434acd-3755-4d78-8280-cec886142107,OKLAHOMA CITY,Oklahoma City
cc:425a909b-0716-4b80-bb5a-8b5d2e562b2e,NEW YORK,New York
cc:4262b6bf-2fde-4bbe-ab96-b44b710c3fb8,DAYTON,Dayton
cc:4267df55-e32a-4b09-b5d7-9f43238d1435,GREELEY,Greeley
cc:427ad012-05f0-40d7-8c08-c4d466cf57d4,NORTH SMITHFIELD,North Smithfield
cc:42890543-0766-43d0-9d31-6ede46cc0596,LAS VEGAS,Las Vegas
cc:42904a10-489d-4454-a30e-5a506b04a62f,LAFAYETTE,Lafayette
cc:4296469b-e792-4052-81d7-257c69e3faad,MESA,Mesa
cc:42af2512-20f3-4f37-8811-e1b95be5f767,WOOSTER,Wooster
cc:42ca365f-6c75-4760-9e34-dd53b728551b,WOODSTOCK,Woodstock
cc:42d06e36-fe58-46ba-bdec-2042bb419591,PILOT KNOB,Pilot Knob
cc:42d48538-d358-4019-b74e-dff1a4b2d165,SALT LAKE CITY,Salt Lake City
cc:42e7cd44-04b9-45ff-a838-0341f06d47eb,HATO REY,Hato Rey
cc:42ee6433-96d6-4e59-8119-2a7afcbc0a74,SPARTANBURG,Spartanburg
cc:42f30f33-a7f2-413d-b26a-e4aea01672dc,KAUNAKAKAI,Kaunakakai
cc:42f959f4-2a92-449d-a6ec-fb1104d51e3c,SANTA ANA,Santa Ana
cc:4300848d-9d25-45e4-86ef-05cd58206e38,LEBANON,Lebanon
cc:43040534-ab7b-4da5-adbe-32206fcc7828,TUSCALOOSA,Tuscaloosa
cc:430bd59d-6db2-4dd1-97c3-5fae342f553c,DES MOINES,Des Moines
cc:430d71da-8c21-44a3-b83d-fdfe6e49f849,AUGUSTA,Augusta
cc:43129cf1-ff07-4cea-a0de-6f355db739ba,STANDISH,Standish
cc:43133f96-0c2a-4716-a915-d52f306594fd,MACON,Macon
cc:43201830-d4ef-4167-a414-a698dfee879d,JACKSONVILLE,Jacksonville
cc:4329d387-8de3-41e5-97bb-b090c3e4bd58,SAN ANTONIO,San Antonio
cc:432a72a1-9e2f-4d36-a8c7-1ed07fb38f66,AUSTIN,Austin
cc:4331b6fb-efd8-46bf-a091-1a9ba1440b04,PANAMA CITY,Panama City
cc:4335b142-440a-4db6-b78d-dc6c0c2ec598,OJAI,Ojai
cc:433d2beb-02eb-4a56-a202-eb9bd3db38ef,KANSAS CITY,Kansas City
cc:434017b1-f494-41bd-90aa-69ab104e6499,NEW LENOX,New Lenox
cc:43412490-e3df-476c-aed3-3f87b11b014c,MOUNT CARMEL,Mount Carmel
cc:434fa916-54e9-492d-b3f0-b2c9ee364c57,CASSELBERRY,Casselberry
cc:43508943-8d35-4cf9-a893-41c8427edc03,PIKEVILLE,Pikeville
cc:4352789d-c377-4acb-8e36-677d1a94b5d8,THORNTON,Thornton
cc:436b22ef-4325-491f-8da0-02be3af1c290,AUBURN,Auburn
cc:436b9b9f-3a67-4e2c-96f4-ba7e5794d3eb,CINCINNATI,Cincinnati
cc:4378e896-0cea-46b2-8be8-c8566f364915,NORTHRIDGE,Northridge
cc:438b8a4b-98f2-421b-b7b2-d019b1e9d3f5,STANLEY,Stanley
cc:438bdb1b-4eeb-4fd3-b9c3-7319752d92f0,EUCLID,Euclid
cc:4397bba4-631e-4e10-81b7-89baec84459e,RENO,Reno
cc:439f9c41-793d-4a69-9784-b875ce69c670,SUPERIOR,Superior
cc:43a2d873-7f71-481d-871d-52b07c4e46ab,KEENE,Keene
cc:43ab8c76-a868-4cd6-8900-bbb14c01c25e,MILWAUKIE,Milwaukie
cc:43ac9b1d-ba1f-4f14-9be7-ec0db05cadaf,OREGON,Oregon
cc:43b9c6ab-0d6f-420f-9279-55d290c7a9b5,LAS VEGAS,Las Vegas
cc:43d794a0-531b-4ea6-b931-c82c15e0af96,HAMBURG,Hamburg
cc:43d82d36-3930-430b-bb5c-030e5caac4f0,BELLEVUE,Bellevue
cc:43de3eb8-dbe1-427a-a877-91be3b98eade,MAPLE GROVE,Maple Grove
cc:43e63121-34e6-44db-aefd-b287d593878a,DADEVILLE,Dadeville
cc:43f9c09c-975a-4035-afac-183496fb13fc,COLUMBIA,Columbia
cc:43fece28-5bc5-45de-8fab-4b1c2b9b93b4,MILLERSBURG,Millersburg
cc:441f386b-6712-4b76-9191-ed48ec934487,TALIHINA,Talihina
cc:442d8ac9-c5d7-411f-8e9e-4d16ffb96758,HERMISTON,Hermiston
cc:442f9d68-adbc-43f3-a8db-3491f5bd9930,YONKERS,Yonkers
cc:443631ff-6681-48c3-96ed-88670e050ec1,LA CROSSE,La Crosse
cc:443e19f6-ebd2-472e-8d6c-986cba927b8f,TIFTON,Tifton
cc:44564e84-c2ee-46cf-b9a4-e002405b4472,SHENANDOAH,Shenandoah
cc:44582108-ab5a-40ff-99a0-ba9bc247158a,PINEVILLE,Pineville
cc:445b0cfb-ad90-4abb-a664-f8f45b02117f,SOUTHAMPTON,Southampton
cc:446dac6f-bf02-427b-b226-057b1eabe2ab,WOODLAND HILLS,Woodland Hills
cc:448107bf-2445-4e1b-bd82-7c3469e8087a,RHINELANDER,Rhinelander
cc:448d9e56-b5d1-4bda-a1d3-4b6f33833a9a,ORANGE,Orange
cc:4495279e-5667-46c3-8b06-beef5c387d68,SOMERVILLE,Somerville
cc:44ac2e0a-5216-407d-9672-9f1ef35ef3c3,GLEN BURNIE,Glen Burnie
cc:44afc078-022e-4f33-8a83-fc1842414ca7,MONTEVIDEO,Montevideo
cc:44c8d95b-3869-4b2a-9741-816144cbbbe5,LOS ANGELES,Los Angeles
cc:44c915e8-c20a-4b68-aa4b-05550b39bcce,MADISON,Madison
cc:44dc2059-4659-4582-9932-aa7f99834885,CAPE MAY COURT HOUSE,Cape May Court House
cc:44e36ba5-014e-4d97-bdaf-d976d4e02727,MAUMEE,Maumee
cc:44ecd965-f87e-43fc-a0a8-f29770e1a77e,LANCASTER,Lancaster
cc:44fcd049-9513-484e-a259-11950da8c516,EAGLE RIVER,Eagle River
cc:4511ea8d-c0bc-47f6-a037-61bee40fda97,DECATUR,Decatur
cc:45121a74-09d9-4615-b6a3-ae0e2acbe76d,BURLINGAME,Burlingame
cc:4517048f-16c7-4cd3-ac8a-f2a75dcb302e,CAROLINA,Carolina
cc:453bdfe3-e86c-4f21-85ef-6b47a4e3a608,SCOTTSDALE,Scottsdale
cc:453d91ef-5b8b-4989-8485-3789f80a7388,AMARILLO,Amarillo
cc:454396be-9463-412d-b081-4f3707576d2b,YUBA CITY,Yuba City
cc:454cad58-88b5-4adc-a4f3-fa73ab8340e7,LAWRENCEVILLE,Lawrenceville
cc:4550ffa8-0842-46de-8f80-57399fdfa643,REDDING,Redding
cc:455133c5-5b61-4c1f-a864-31c75ed6befc,EDINA,Edina
cc:455c7f54-f7dc-4215-8c57-e5926b4ae965,ALEXANDRIA,Alexandria
cc:455f4d07-ffc7-48dd-8088-593a8f5236aa,EAU CLAIRE,Eau Claire
cc:4565db5e-f193-427d-a2fe-6cb9b31db86e,LAND O LAKES,Land O' Lakes
cc:4569885d-77ba-425c-90f0-2d693f82adbd,MARICOPA,Maricopa
cc:4585dcf9-2b47-43dc-81a7-bea496fcd2a5,NORTH DARTMOUTH,North Dartmouth
cc:4597551b-b374-44f3-a5f5-0bc9f8ab220f,JUPITER,Jupiter
cc:459bb7b3-c2a0-4a92-ba91-199bdf243c8e,MONTGOMERY,Montgomery
cc:45a12c1a-0438-41f4-b2ed-913ef86cb837,BOARDMAN,Boardman
cc:45aaad69-4c81-43c4-a939-fcc6e608dda9,NASHUA,Nashua
cc:45ab538a-7282-41d3-baa1-7851cededdf3,RICHARDSON,Richardson
cc:45b2ef5b-4b5e-4dbb-aab5-6dc4eba90273,NEW MARTINSVILLE,New Martinsville
cc:45b4f021-45ef-4bff-bf83-7440e1a1b9aa,KERRVILLE,Kerrville
cc:45cb1876-e18a-46db-8004-e1155fc77171,MAMOU,Mamou
cc:45dffa3f-8893-4760-b4eb-672479a687ae,DALLAS,Dallas
cc:45ec3b87-71ba-482d-b6d6-67b28dae73ef,MACON,Macon
cc:45ede35e-fddf-49c0-8664-c978190fe40f,NORFOLK,Norfolk
cc:45f11bd5-a2a0-44b0-979e-993e728ddf6e,WEST HILLS,West Hills
cc:45f7bc49-7bd0-4b20-9cf8-66a8fcfb2a09,HOMER,Homer
cc:45fd21d5-05d3-4ad2-912f-9b43bea2ec65,ATLANTA,Atlanta
cc:4613640f-e234-468a-bec0-65ebe9d68266,LOS ANGELES,Los Angeles
cc:46157eff-d1c2-4f83-99f7-83d5dee076e8,COLTON,Colton
cc:46196fa0-b9bf-495c-a7ad-de9dc92b2a1d,ALTAMONTE SPRINGS,Altamonte Springs
cc:461e38a8-5ddd-4c0f-81eb-bbcaeab9e472,ROCKFORD,Rockford
cc:4626e6af-4589-4d76-877a-1236410588dc,RITZVILLE,Ritzville
cc:463bc679-7e30-4916-9b5f-8056c271fb1a,HOUSTON,Houston
cc:46426d59-7b5c-4dbd-9188-9295f6ac3916,GLENDORA,Glendora
cc:46437d96-4d15-40c4-83c9-d87167bd0323,WEIRTON,Weirton
cc:465784d2-5590-48bc-b223-123bb4045241,TEMECULA,Temecula
cc:46678b87-3ce6-448e-9945-f60b1a599a57,LOUISVILLE,Louisville
cc:466b651d-3941-440a-a16e-2d464ba6f043,ALTAMONTE SPRINGS,Altamonte Springs
cc:4670fe37-b39a-4205-8605-dd468b727143,WICHITA,Wichita
cc:467e2c14-1b87-4f6a-b8af-3a00515ea0f2,STATEN ISLAND,Staten Island
cc:46818f80-c01d-46d2-9720-fe4c28c16695,BAKERSFIELD,Bakersfield
cc:46842fc8-9525-40e5-b33b-8cb828397136,ARROYO GRANDE,Arroyo Grande
cc:4687553a-7f30-4045-9e7b-97b3a8e7ddee,MESA,Mesa
cc:468a1654-d7e4-4230-8230-e54bfcbee5c7,WASHINGTON,Washington
cc:468ca974-a976-4849-92d1-845618251496,FOREST  PARK,Forest Park
cc:4699a421-1583-488a-b677-7d94222ed5cc,POUGHKEEPSIE,Poughkeepsie
cc:46b7dcc6-eb7f-4972-8863-8c6c1f326522,INDIO,Indio
cc:46b7f73b-ebc7-4069-b91e-d8ab9ca08792,ANAHUAC,Anahuac
cc:46bbbe69-309a-47b2-9f87-49e992c80ec5,BELLEVILLE,Belleville
cc:46c3866e-287a-48de-ada3-8a03ed6b1da9,ROCHESTER,Rochester
cc:46d1d38b-10ce-4566-8365-3c6a491e57d0,HAWARDEN,Hawarden
cc:46d3256c-5a8e-4ada-bd87-0a5766868992,SAN ANTONIO,San Antonio
cc:46d33787-1626-411d-8ed5-2265b535d77f,NEWARK,Newark
cc:46e2ddee-b04c-440c-913c-7e532397519c,HUNTINGTON,Huntington
cc:46e60dc3-337a-47f5-b608-be3392f207cd,FORT LAUDERDALE,Fort Lauderdale
cc:46e8113f-d6bf-43b6-8750-8d9ceb1250a2,FORT WORTH,Fort Worth
cc:470be6f1-c6c3-4b00-a570-ea83b9f7be34,MONONGAHELA,Monongahela
cc:4712c86e-f472-4930-9d14-60f1afefaa3c,BRYAN,Bryan
cc:47139c90-0d9b-4409-9470-8575c78f1380,TUSTIN,Tustin
cc:471f0679-771f-4bf8-81a5-b363da3c3555,SYOSSET,Syosset
cc:471f63d7-8e01-461c-9f99-0d27e76a297f,MILWAUKEE,Milwaukee
cc:472a8049-71e2-483c-a568-c81472483388,OLYMPIA,Olympia
cc:4738ce3a-f616-40f2-af8e-226e0dbffcfa,MEMPHIS,Memphis
cc:473e25f3-c60c-4e9b-bbf9-94bc6ae1bda8,BREWSTER,Brewster
cc:4744797b-f168-4352-a25b-a6b01c1f84ed,SILVERDALE,Silverdale
cc:4746d82f-abf3-4040-82bc-daba824097fd,RAEFORD,Raeford
cc:474b3d63-3b77-46f5-a082-ae42fbc4328a,MESA,Mesa
cc:474b4f5f-337a-4baf-9690-df60393a04e0,BOONEVILLE,Booneville
cc:475ac089-14f8-4054-829f-c9d2979c3e49,JUNEAU,Juneau
cc:4766f48e-59f4-4b57-92f6-6d7c67585375,DOBBS FERRY,Dobbs Ferry
cc:477434ee-8d18-4071-90ae-4a58dd3f6f63,LYNNWOOD,Lynnwood
cc:4775830c-0d16-44c5-935b-e421f37887de,LIVINGSTON,Livingston
cc:477cde00-9335-487e-9a1e-27fc25c20064,CARO,Caro
cc:4782e20e-a501-4e06-8ec2-dca63ab85b8c,LAKE CHARLES,Lake Charles
cc:479634c3-1c01-4115-9e01-adac3d27a503,EATONTON,Eatonton
cc:479e0db9-c398-4881-b7bc-40345209e3a1,LOMPOC,Lompoc
cc:47bd681d-ba34-4b78-b78e-aaa4097a8e3a,AURORA,Aurora
cc:47d8a7ac-8293-4990-a9d8-17d5fa6f5213,BOISE,Boise
cc:47dc286c-065a-4180-8af4-2f28ab6cbc90,SAN JOSE,San Jose
cc:47eca136-8303-47a5-a59b-db035bb66f61,CARLISLE,Carlisle
cc:47f0e454-ad72-4479-bdcd-7729fa8c0017,AUGUSTA,Augusta
cc:47f3b00d-7429-48a7-a0a1-703fb663eaba,DUBUQUE,Dubuque
cc:47f66c5f-6a0e-4d14-a51c-8f3dc0f115ad,FAIRBURY,Fairbury
cc:481708d8-0ee3-49de-8a4c-ca68c78ba91e,LAWTON,Lawton
cc:4820b303-9479-4e21-8d9b-5f86b76f3a2b,TAMARAC,Tamarac
cc:48285531-f116-4687-ab50-5d8d2b6b2541,HOFFMAN ESTATES,Hoffman Estates
cc:482a081a-62d1-4a85-8510-f15001afda3d,UNION CITY,Union City
cc:48302cbf-2ae1-4d52-ba54-727369c3936a,NEW PORT RICHEY,New Port Richey
cc:483ce101-d0eb-434f-8f40-db066c58aa76,TORRINGTON,Torrington
cc:483ee035-5763-42b3-8a5a-65d5220e24d9,FRISCO,Frisco
cc:484473cf-6cd6-4c96-b2d1-6f39d93f6a99,GASSAWAY,Gassaway
cc:484971ed-609f-4f96-bd30-9063ad251511,AUGUSTINE,Augustine
cc:485235e5-dd72-42ae-bc0d-0cce33a7e629,PROVO,Provo
cc:485817d4-e09a-48a7-8da9-5360ae8b4c66,SONORA,Sonora
cc:485aa99e-600a-4539-af90-c7d9734f3295,CINCINNATI,Cincinnati
cc:485cda60-a884-407a-9746-70097bd771d8,COLUMBIA,Columbia
cc:485d6a85-6d55-4300-9edf-1f73f5096ae3,WEST ISLIP,West Islip
cc:486b8da5-d559-4cca-abb9-7ada671baca4,HIGHLAND HILLS,Highland Hills
cc:486e351c-064d-4557-a8bf-0102a52c12da,MT. PLEASANT,Mt. Pleasant
cc:487db26a-96a7-4a29-8c25-75c0e617314b,SAGINAW,Saginaw
cc:487f3651-b31a-431b-99c0-551e28a20681,PROVIDENCE,Providence
cc:488b0d01-3de3-491d-838e-1153e99ba080,MOUNT VERNON,Mount Vernon
cc:488b95af-b838-4567-88dc-de5af3c0b396,LYONS,Lyons
cc:4895344b-0634-4e7b-948e-3f7431520c08,SOUTH BEND,South Bend
cc:489c8a3f-0539-4a9a-ac7f-c4452cd5c345,NEW YORK,New York
cc:48a172e1-dcfa-4e3f-b75d-bc6be9d127af,SARASOTA,Sarasota
cc:48b1b545-52de-4fb0-99b0-126362978693,CHINO,Chino
cc:48d0f5db-3920-4699-b391-9b2410d74a7d,STEVENS POINT,Stevens Point
cc:48da0b74-51a6-40a9-8ddc-6bbdeff2a2f5,ALBUQUERQUE,Albuquerque
cc:48e2ca50-ff7d-4d0e-9061-20faf61ecf4e,WOLF POINT,Wolf Point
cc:48e87d46-0454-4457-9a88-125185ebebea,ELKTON,Elkton
cc:48eafcef-d428-4901-8247-1bec522181bc,PITTSBURGH,Pittsburgh
cc:490aa472-3783-4ba8-a0b5-86e311b1c5f4,MURRAY,Murray
cc:491136c3-bc5c-4df3-9117-1e35892b1d98,LAKE CHARLES,Lake Charles
cc:491310d0-a7c7-41ca-9e64-84b571f35602,FENTON,Fenton
cc:49148611-cd7c-4b72-bd88-f6c0e0445b6b,NAPERVILLE,Naperville
cc:4927f774-bf96-4836-a57c-277f10c09ec7,DOTHAN,Dothan
cc:49295226-ba9e-4a36-82b5-823c5069adde,NEWARK,Newark
cc:4933d7c7-06f0-426a-91be-d3b4e0c9b312,COLUMBUS,Columbus
cc:49379cd9-1d26-4920-b88d-87ba2738f231,LAREDO,Laredo
cc:4940cc1e-9d17-4b05-969c-e55a3e764094,NEWBERG,Newberg
cc:494c1382-9c7e-49d1-bc79-7b85f6ed30fd,LAFAYETTE,Lafayette
cc:494d2248-4c2c-4d82-aec3-c90419e5e383,WORCESTER,Worcester
cc:4966de5f-1b70-4286-81e3-d28fcea2bd2c,SUSQUEHANNA,Susquehanna
cc:49694930-d694-4017-9926-3a6ad85b2c38,LANCASTER,Lancaster
cc:497029d5-30aa-41da-a485-3a16b61650d0,BATH,Bath
cc:49741db9-f0f3-45e3-bc4e-ad081366fcb6,GREAT FALLS,Great Falls
cc:49755746-803f-4526-a6d3-cfac6c86f923,FRESNO,Fresno
cc:49807931-dfb2-4246-a156-b360cc644731,FORT WORTH,Fort Worth
cc:49814510-2a97-402c-8246-9e5a91773073,QUITMAN,Quitman
cc:4987c178-fb87-4c8d-bc87-ee455a956792,RED LODGE,Red Lodge
cc:499193b0-3364-4793-92e6-227a64d9c0ed,HOLLYWOOD,Hollywood
cc:49985a63-8f68-45be-b2f7-8c85eb76d2c3,KINDER,Kinder
cc:499b1535-2aa6-4981-8d2b-d1a78be54aeb,WILLIAMSBURG,Williamsburg
cc:499c3d40-7290-4a92-9caa-08ab1ed330e8,REEDSPORT,Reedsport
cc:49a8b136-b53c-446f-b1aa-899ba5ec18dc,TROY,Troy
cc:49b3a0a4-b74c-4881-a986-9e343928aca1,BRANDYWINE,Brandywine
cc:49bb8edf-ac80-4d4b-ab8c-c171f91c5ec7,HELENA,Helena
cc:49bc846a-3df4-4218-abb4-d93cbe5d2ccf,GLENCOE,Glencoe
cc:49cbd04d-af2e-4270-8670-20c8fc558d1a,DOVER,Dover
cc:49d1bb57-5b36-4401-9b33-0b06bb318635,MONROE,Monroe
cc:49d5a3d7-1400-495b-96a4-5f996c1fa59b,CONCORD,Concord
cc:49e5d1be-0a2c-4d38-bf81-3dc53eada950,MIAMI,Miami
cc:49e7f263-7d06-4528-a08c-46c70c6dd272,MCHENRY,McHenry
cc:49f147fd-3c26-4588-81c2-3159ef95ca06,MORRISTOWN,Morristown
cc:49f4cbca-5e7a-45f9-8d63-78992404007b,HUDSON,Hudson
cc:4a02295f-cea9-4532-a5a0-c5bc925e4968,HUNTSVILLE,Huntsville
cc:4a0751aa-4810-4904-be43-9475c8fff38f,TUSTIN,Tustin
cc:4a0e2d6b-dce8-403b-9e10-431f14238356,GLEN ROSE,Glen Rose
cc:4a101982-c3f2-49f1-b7b9-65ea5618807a,THOUSAND OAKS,Thousand Oaks
cc:4a16aad9-db5c-4825-8f67-35769b4666d2,PRESTONSBURG,Prestonsburg
cc:4a18556d-2e44-4519-b622-d07eb29a2b63,ATLANTA,Atlanta
cc:4a20de20-f0ec-43e7-a065-64ee2ee0da24,PORT ST LUCIE,Port St. Lucie
cc:4a29b9e6-96f7-495b-98b7-a23f625b6f76,OKMULGEE,Okmulgee
cc:4a36369f-99a0-4ae1-9ee5-f21a72381c8e,ST. PAUL,St. Paul
cc:4a4382c5-1aad-4a09-a9d5-3b2755a5cd9b,CHICAGO,Chicago
cc:4a534f47-c3e8-404a-ae0c-d159c231a4fc,MANDAN,Mandan
cc:4a5c97a0-8745-4b09-bbee-12aca5281110,PAYSON,Payson
cc:4a5d3e99-f194-484b-9e1f-8ce0b6a5f6e7,OPELIKA,Opelika
cc:4a67fd45-fed3-47a7-aebb-5e2bee858df7,PAULDING,Paulding
cc:4a9c2cbb-7f24-48b6-887b-a3d0b4f9bb15,SAN ANTONIO,San Antonio
cc:4aa1c72a-a077-45cd-9ba2-e394e846c569,CHARLESTON,Charleston
cc:4ab2fe0e-ff63-4c08-a6d2-9f462d2f6e77,MADISON,Madison
cc:4ab35afc-ab72-490d-b418-5f2c45e6ce93,LANCASTER,Lancaster
cc:4ab9a798-f7cf-4145-a3c4-661068f621ba,BOSTON,Boston
cc:4ac9dabb-52fa-41a5-aab1-3c0d4fc5db17,LANAI CITY,Lanai City
cc:4acf6c88-8d71-486e-9b50-c633454ecf11,BATON ROUGE,Baton Rouge
cc:4acfd81f-93d7-40a1-ae25-a8b80b7ca4a1,LIBERTYVILLE,Libertyville
cc:4ad1a9fe-5c9a-40b0-9e7b-244c5f7c1ed4,LAUREL,Laurel
cc:4adc91b1-d2cf-46d3-b1c5-de450c8a986c,HAYWARD,Hayward
cc:4af417e3-f1f4-4c38-a72f-708f0a595bd4,SAN ANTONIO,San Antonio
cc:4af4dbd7-adf5-4736-886e-9a21cc293887,MANCHESTER,Manchester
cc:4b11ea23-f6a4-4f22-86db-316263916af4,LITTLE ROCK,Little Rock
cc:4b1685a4-40b5-402b-890f-f14a423d0638,ORANGE,Orange
cc:4b2caff9-6672-4a36-b353-07f474670265,NORMAN,Norman
cc:4b53c4f4-a18a-406f-ae54-280b45e5aa5b,BRISTOL,Bristol
cc:4b542eba-0981-4200-bdf3-bab7ac22db3b,HARDINSBURG,Hardinsburg
cc:4b57528b-feab-428c-894a-25d321d06bae,RICHMOND,Richmond
cc:4b6187b7-932c-49c4-9f73-d0b608c40019,FORT WAYNE,Fort Wayne
cc:4b6336b9-5b42-45cb-bb91-18ac274539cb,APPLETON,Appleton
cc:4b65d3ba-1bf0-4d9c-9a35-18196a0a04a5,EDGEWOOD,Edgewood
cc:4b6898d5-ca26-483d-b3d7-14aba4daf944,CLINTON,Clinton
cc:4b6bafc7-b935-49f7-b238-2957085dca8d,TEMPLE,Temple
cc:4b6f3436-ac35-468e-b756-8039dfbf6b1a,ST. JOHNSBURY,St. Johnsbury
cc:4b7a41f7-30db-48c1-8255-c87bd8bc7b39,CHICAGO,Chicago
cc:4b9d844a-2454-4fc5-bdf5-b194581ab9b2,CHURCH POINT,Church Point
cc:4b9f8a96-8530-46b0-bbda-6644c873c637,OTTUMWA,Ottumwa
cc:4bc1df81-23c6-4464-8033-6fdfeb3cb6ee,GARDNERVILLE,Gardnerville
cc:4bef5a9b-d8e4-488d-814a-1004e19e6fdf,KATY,Katy
cc:4bf6da35-e120-42f5-8660-df66ecb1db65,LITTLEFIELD,Littlefield
cc:4bfc96e2-c40b-4c5c-8420-100ef4f9ef04,RICHMOND,Richmond
cc:4c024a10-ed4b-41e1-879d-c2948c0f6109,COAMO,Coamo
cc:4c15659a-7faf-48c3-ad7e-5259903e4e90,ENGLEWOOD,Englewood
cc:4c1a081b-3542-43b5-a76b-f3ac89477485,ALBERT LEA,Albert Lea
cc:4c234905-86de-4645-86a0-27868b0b0e13,WESTMINSTER,Westminster
cc:4c425945-70b5-45dc-b74c-ee6295ac7f26,PORTLAND,Portland
cc:4c5e4283-398a-4690-8ef9-ca2b4802f4bd,ORANGEBURG,Orangeburg
cc:4ca0f78c-2409-4d69-b49d-9224accbf481,MOBERLY,Moberly
cc:4ca372f0-0960-4fee-83fc-df3f963682cf,SAN ANTONIO,San Antonio
cc:4cb2ec0c-6a0b-4c99-91cd-0917c686c90f,SAN GERMAN,San German
cc:4cb85e82-b5f0-419d-90ab-0d04f82f31cd,DECATUR,Decatur
cc:4cc17bc7-ef20-49e6-8a2b-c1602a689c7b,MARINETTE,Marinette
cc:4cc7bfe3-f87c-48a7-a441-305efadc4321,DEVIL'S LAKE,Devil's Lake
cc:4ccaf9bb-5faf-49d1-a536-48772b074c02,BROUSSARD,Broussard
cc:4cdf9fae-aacf-451d-b23c-42e52fa1d599,PONTIAC,Pontiac
cc:4ce56bec-5e3e-418b-8f40-7aa972da2a15,FAIRFAX,Fairfax
cc:4cf23513-12e5-4c15-9553-a6058c533751,AURORA,Aurora
cc:4cf5124f-e0fc-4924-bcd5-27ed47d1ae1b,GRAFTON,Grafton
cc:4cfc8bee-3f4a-453a-bdff-4697bdc22138,LUDINGTON,Ludington
cc:4d117751-3157-4ba7-a031-23be0ba1c265,KEMMERER,Kemmerer
cc:4d1dbb77-de81-47cc-8ef0-2386a8ac3113,SCOTTSVILLE,Scottsville
cc:4d1e23e1-eba2-4b55-921e-0412c72eb189,LENEXA,Lenexa
cc:4d280d8a-3a27-4c14-932c-fc1b87b137df,CENTERVILLE,Centerville
cc:4d2fd1cb-a26f-4e9d-9ac4-19b93f69a582,LAS VEGAS,Las Vegas
cc:4d34cd1a-89ef-4d8c-9e9c-a699d81220bd,FOUNTAIN VALLEY,Fountain Valley
cc:4d39096a-a0d3-435a-add0-d78c2632d189,SANTA MONICA,Santa Monica
cc:4d48219a-3ba4-4fbe-9e99-5c82d6ec5b7b,MANKATO,Mankato
cc:4d4e6c45-a4fa-45b5-80e5-f96761c12172,AMARILLO,Amarillo
cc:4d72b4cf-3e0f-42aa-a4a9-87fdbb1165aa,RICHMOND,Richmond
cc:4d77d0fe-2159-4a76-b709-caa37e79a7a7,BLOOMER,Bloomer
cc:4d796d4e-cd74-4591-a9c1-a0908cc46e53,SHEBOYGAN,Sheboygan
cc:4d80e868-c84e-49ff-9b55-b6a524b4f555,NASHVILLE,Nashville
cc:4d830b57-8b49-4273-a1f1-2fc46de1a98d,BAD AXE,Bad Axe
cc:4d892346-d93a-4e76-839f-7bd29c59cce9,PUERTO NUEVO,Puerto Nuevo
cc:4d8ffbcb-ea26-4563-9e74-352027aa3b95,ROCKY MOUNT,Rocky Mount
cc:4d95f6cb-5901-4326-9700-92736abe25a4,WILMINGTON,Wilmington
cc:4da122e0-cde8-40c8-b244-5d447dfefffc,DERIDDER,Deridder
cc:4dad6d01-e32b-4ff7-aa2e-77cac133052b,BAINBRIDGE,Bainbridge
cc:4db43f9e-8621-4231-a8c4-06cb7f13262c,DRUMRIGHT,Drumright
cc:4db4586a-0eb1-44d6-844c-21cbb5725af8,GROVE CITY,Grove City
cc:4db788ff-56d1-49be-8aca-1b5c064bf414,AUSTIN,Austin
cc:4db9476a-af1b-4bf8-bd20-f87e93481378,NORTHFIELD,Northfield
cc:4dbbc661-a78c-486f-a3e5-a7263781d3b8,IRVING,Irving
cc:4dc210d1-7acf-4a4c-b3d9-123a6d1bb2e1,MATTHEWS,Matthews
cc:4dd5bc02-db61-4dd7-ad37-a4221fb7bc7d,MILWAUKEE,Milwaukee
cc:4ddb1c53-ccaf-42d0-8dbc-ffcd4d702e36,NEW YORK,New York
cc:4deb69f1-c350-4945-999a-7765bb8a96e7,SUGAR LAND,Sugar Land
cc:4e046be0-0563-492e-8317-5388d8d7869c,EASTLAND,Eastland
cc:4e060e48-cf29-4f54-aa28-728b6eac568b,TEXARKANA,Texarkana
cc:4e0b760a-fb65-49ee-b4f5-abe1bfec25f2,WEST LIBERTY,West Liberty
cc:4e1d4da5-bdb5-43d2-b01e-08e2007ac08a,ST. SIMONS,St. Simons
cc:4e2e4b1c-2341-4797-9014-7236a2f25340,NORTH LITTLE ROCK,North Little Rock
cc:4e2f009d-f8e0-4e4d-82be-4cfec683919f,SAN FRANCISCO,San Francisco
cc:4e3cb7ad-68f7-4e32-b82a-977ee1b754a8,MERCED,Merced
cc:4e3e355f-0f98-4d6f-9ea8-0031543decaa,JACKSONVILLE,Jacksonville
cc:4e52cb73-3b10-4ce0-901a-5d762f428519,GRAVETTE,Gravette
cc:4e57277d-a678-4d80-b402-588bd35f1568,ANGOLA,Angola
cc:4e5e623a-93e7-4890-b607-89a24257d936,DOYLESTOWN,Doylestown
cc:4e5e935c-b23e-4bac-b2ba-6765c14df955,LULING,Luling
cc:4e67684a-a186-4e1c-a073-23b7d35bdb65,COEUR D'ALENE,Coeur d'Alene
cc:4e67fd93-4e6d-41f0-80dc-42140e58cf9a,FORSYTH,Forsyth
cc:4e73a45e-ac78-42b0-896d-88ce01c92bd4,JACKSON,Jackson
cc:4e78dada-ba7e-494d-8293-500a991039ec,LAS VEGAS,Las Vegas
cc:4e882975-6d9d-49d4-bfa1-6e22730be3e3,DETROIT,Detroit
cc:4ea08db3-1fff-4abd-869e-632c62ffe096,FORT WORTH,Fort Worth
cc:4eac9f5c-eebc-4baa-93d3-69b754cf92da,ORTONVILLE,Ortonville
cc:4eb2c73e-71b3-45ce-b22d-061728bd8d1a,SAN ANTONIO,San Antonio
cc:4ec2f5cb-fbc1-41ef-895d-272586d05d69,TROPHY CLUB,Trophy Club
cc:4ec5c259-7004-478f-9495-080b34a89dfe,SENECA,Seneca
cc:4ec62546-e57b-440e-b266-7ac36017d94d,RUSSELLVILLE,Russellville
cc:4eddae26-f717-4597-8ee0-c2d9c9e42cb0,SOUTH CHARLESTON,South Charleston
cc:4ef6cdea-974e-48ad-946b-32a9c9c4f8ea,PAGOSA SPRINGS,Pagosa Springs
cc:4ef8bf38-91db-4480-a414-420e1b667602,FALLS CHURCH,Falls Church
cc:4efbe861-1907-4f40-807c-1176f24817ee,TOMS RIVER,Toms River
cc:4f02019e-8e90-4b9f-98f8-12d5fc7b7962,WASHINGTON,Washington
cc:4f04d464-c293-4e64-badf-550f732f89a4,MCALESTER,McAlester
cc:4f04e9f0-6851-46f4-aea5-e311d5a0830c,OREM,Orem
cc:4f0fc4c1-79bc-459b-9d30-fc3c8bf5dad4,DILLON,Dillon
cc:4f191076-6e1d-43f9-87ca-11ab087ace75,LAKE MARY,Lake Mary
cc:4f1c845c-bc09-4dd8-bbf3-9c98a69b220e,SYLVA,Sylva
cc:4f249926-16fb-4569-b989-90825910ae10,NEWPORT,Newport
cc:4f2b233c-4229-45f4-a7fa-56c92af87112,RENO,Reno
cc:4f2b3ee0-915e-4679-9d64-2bcd9ab60d8f,MEDIA,Media
cc:4f319b69-be0b-4d68-802a-6213d248f695,CHARLESTON,Charleston
cc:4f37fd6f-a2a5-40da-a08b-77de5e3a619d,SAINT CROIX FALLS,Saint Croix Falls
cc:4f406a65-9e82-4958-9e00-f15bc1a27579,THE WOODLANDS,The Woodlands
cc:4f4872f8-c2d2-4ba4-9aa1-45f33af1f2e9,HENDRICKS,Hendricks
cc:4f64e7fd-46dd-4216-ba87-26b6fbdb5d76,PORTLAND,Portland
cc:4f67e677-deb7-48dc-9522-c7a1738972ee,CRESTON,Creston
cc:4f6b0ad7-a925-4089-b855-dd146e188bc0,CONROE,Conroe
cc:4f78c477-bc0a-4020-93eb-0e1814535eb0,LAWRENCEVILLE,Lawrenceville
cc:4f8290a9-ed48-43c1-9b2b-39770bde8e3f,PORTLAND,Portland
cc:4f8435e2-fc6d-486c-9525-2ad4145f0f30,DANVILLE,Danville
cc:4f933266-7891-4a00-959f-3eea730cf084,HARLINGEN,Harlingen
cc:4f9722f7-2d87-459b-b068-600960ebfc06,HOLYOKE,Holyoke
cc:4f9d2913-9243-4eff-9fd1-f074b07dab9e,TUCSON,Tucson
cc:4fb61534-b7e2-49e7-b923-18561d25f77d,MOLINE,Moline
cc:4fc743c0-9868-450d-9f69-dd6cb7224d6f,SARASOTA,Sarasota
cc:4fc998cb-15e0-4f80-b56e-2ea8704ce167,STAUNTON,Staunton
cc:4fca2df5-21d5-4733-b55a-67e0e35e122c,SAINT JOHNS,Saint Johns
cc:4fcbfada-1e2c-452a-9c73-50d1715f344c,BLYTHE,Blythe
cc:4fd3add1-643a-432e-a116-2925d3633681,MANHATTAN,Manhattan
cc:4fe5b07e-f185-4f93-b6cf-cea64b44249b,WORLAND,Worland
cc:4fec6c0e-ba8c-4641-acc5-a6c0bc8c7bb7,MANDEVILLE,Mandeville
cc:4fee67d3-7ea0-4a85-bd53-916dd6cdb725,HENDERSON,Henderson
cc:4ff52315-ada4-4478-8267-49cba09c88a1,WARREN,Warren
cc:4ffd3ea8-c581-4c75-9f0e-5b49e4b262d6,BASTROP,Bastrop
cc:5009cdd7-a011-4068-a855-c178c4dc8122,CHATTANOOGA,Chattanooga
cc:500f6c3a-b65e-4f7c-8804-5b0721d8aa30,LONGVIEW,Longview
cc:500fe538-c650-41b5-8f12-1f6874ef0351,DEERFIELD BEACH,Deerfield Beach
cc:5035a531-3505-4f77-a375-ef8938bf64b7,LAKE CHARLES,Lake Charles
cc:5038bdca-9d77-45bb-bc70-e9d7b94635c9,FRISCO,Frisco
cc:503f3b51-2fbd-4889-87f5-788a6c16cd80,LAKE CITY,Lake City
cc:504472fb-6aa3-43a2-a95b-833e6fc825c8,VANCOUVER,Vancouver
cc:50505e2a-7ab6-4b54-be3b-404dcaaccfb7,ATKINSON,Atkinson
cc:505b4597-9766-41c3-859b-be9f20e530f8,TAMPA,Tampa
cc:50631518-4160-49a8-8fa6-85ae1a65138e,ARDMORE,Ardmore
cc:506d7c5a-4f7a-4f86-bf4c-dcf561fcd3a0,CARSON CITY,Carson City
cc:5073dc7c-ebcc-4239-9c99-df1442e92d78,PITTSBURGH,Pittsburgh
cc:5077cc28-31dd-47e3-b19e-4d4c67001036,LITTLETON,Littleton
cc:508691d2-5336-4345-8ecf-b062a9b8c32a,BESSEMER,Bessemer
cc:508b96b8-a7a8-45f5-ab6e-e3974776b1c6,BALTIMORE,Baltimore
cc:5090a6c2-6431-4b16-a8ac-39e01e924e78,COUNCIL BLUFFS,Council Bluffs
cc:50a6fd99-aace-4961-aa9b-3cdd19ed8080,BOSTON,Boston
cc:50a93f41-0003-447e-b3e1-a9c7ad831e92,KINGS MOUNTAIN,Kings Mountain
cc:50ad7aa8-70dd-483d-9cee-4e4869540ee7,ELWOOD,Elwood
cc:50b10c16-475b-45c8-a89e-650c3eebdf9d,HOLYOKE,Holyoke
cc:50b25fd5-a54d-4e11-8eb1-20ebfe990059,KANSAS CITY,Kansas City
cc:50d30f2e-0620-4455-83b4-769175623fb0,BERKELEY,Berkeley
cc:50d54f0a-e4d1-422d-9c8b-ae3a75f369dc,GREER,Greer
cc:50ea37cb-e2ea-4894-9e75-d9197dc7ed9f,FALL RIVER,Fall River
cc:50fba13d-2cf6-46dc-9f24-0bf4f58326b4,LAMPASAS,Lampasas
cc:50ffa12a-420c-4b81-a356-d4f89aa98c94,NEW HAMPTON,New Hampton
cc:5108250a-297c-4cc8-ace9-6b21eb11b8b8,CROWLEY,Crowley
cc:5118bb49-1f00-4fcb-bc69-66cad18f9907,NEW MILFORD,New Milford
cc:511be8e0-dd00-47d3-bab1-2fdc3c74c471,NORFOLK,Norfolk
cc:511d3a16-308b-4e3e-b168-778275129420,HOUSTON,Houston
cc:512bf239-953b-469c-a2ef-e7c812a606f0,BOSTON,Boston
cc:51302917-9ef7-4373-96c2-8a9a0f4d25f5,GRIDLEY,Gridley
cc:513be081-bed7-43a7-9198-80b067c5278a,MURRAY,Murray
cc:51494b23-fa7a-41cd-94b8-00b02ca61002,KOKOMO,Kokomo
cc:51513b18-cbd3-4f1e-80bf-eab82cd1d6fa,BROOKLINE,Brookline
cc:5160d272-27bc-4b46-a5a6-054416ff8039,CHICAGO,Chicago
cc:5165845a-79b3-4832-ad8c-47549857b92f,PIGEON,Pigeon
cc:51672047-54be-45e8-b5eb-fc98c9cbf172,GREEN COVE SPRINGS,Green Cove Springs
cc:5173b2a8-c32a-4ef3-b924-6b51dce3de2c,ARLINGTON,Arlington
cc:51772048-c608-49ae-8b7d-3b67dee391d3,HOUSTON,Houston
cc:5188cff4-4ff1-4304-a9b2-06f8d6c2d196,CHARLOTTE,Charlotte
cc:518b08b5-a00c-40d1-99d2-662c1e5a6237,BEDFORD,Bedford
cc:518b5bba-82e9-4104-b0ff-c066894a0614,EL CAMPO,El Campo
cc:518ca7a2-9481-4b41-9e76-f891f1c5dce2,PHILLIPSBURG,Phillipsburg
cc:51b03bbe-f79c-4a08-9919-0f09f95c660a,MORGAN CITY,Morgan City
cc:51e9414c-9f0d-4cd9-8189-467d80ef15be,GRAND RAPIDS,Grand Rapids
cc:51f1cad4-fff1-4b22-bb62-de439d7b8926,JACKSON,Jackson
cc:51f328ee-01f4-48a6-901d-0ea480c8fe22,SUN CITY CENTER,Sun City Center
cc:51f705fb-3676-486e-9b37-7a41b43ee8c6,DEXTER,Dexter
cc:51fe2362-b155-4540-9608-c63a3bb12530,CUYAHOGA FALLS,Cuyahoga Falls
cc:5200a361-350c-425f-9522-332e4cb62279,CUMBERLAND,Cumberland
cc:5223e64e-bd7d-4088-bf11-09fd66eb910d,FAYETTEVILLE,Fayetteville
cc:522a9eca-3e41-4931-bb4a-9913e6e79fa9,GREENVILLE,Greenville
cc:522f36be-8241-4e27-a645-08943b9cf052,FLORESVILLE,Floresville
cc:523dffbd-58af-42d3-bc38-7c03e0d6d1b7,GLEN COVE,Glen Cove
cc:5241db6c-2734-4c34-8cd0-ad11f9b820b2,KANKAKEE,Kankakee
cc:52511cff-83bb-4612-91b6-94a5196531c3,SCOTTSBORO,Scottsboro
cc:5259b11d-dc7e-4634-bf94-e5821d2ac5a7,HINSDALE,Hinsdale
cc:52770268-e60c-49a0-8f92-86d7e051c03a,ROCHESTER,Rochester
cc:5288046b-7bb0-4e1b-a574-75409aec3644,WEYMOUTH,Weymouth
cc:5293308d-673c-4a88-95c4-c6ba6e9482a2,DURANGO,Durango
cc:52a0bbc9-6400-4654-aefa-99b6e26a4afe,MORENO VALLEY,Moreno Valley
cc:52a6b45c-eb06-4139-a20b-6a8b9004a411,RAYVILLE,Rayville
cc:52b1febf-04c9-44db-9574-adffa90b5ce0,OAKES,Oakes
cc:52b36464-2385-4b49-9ad2-d425744d218d,CHINO,Chino
cc:52bbb3e7-b54b-42d9-90ef-48e1313e7f62,MARTIN,Martin
cc:52c2a3ef-cf7f-4c13-8c96-664a6d4994ad,CLEWISTON,Clewiston
cc:52d322c0-4afe-4b7e-bbfb-3cf11a87f09c,SILVIS,Silvis
cc:52d3409b-d762-463d-b8f4-453881ec4c20,NEW YORK,New York
cc:52d7af08-cf0f-4648-aa71-9aec27373027,OWASSO,Owasso
cc:52e0b5df-1204-4761-99ca-e8ee8cc9be93,CLINTON TOWNSHIP,Clinton Township
cc:52e19e63-ac1d-489a-871a-f1ee32ac3d09,BELOIT,Beloit
cc:52e715e1-c39d-400b-9186-2851414da2c2,ROCKPORT,Rockport
cc:52f81edd-dfc3-4c75-ba7f-a7771d145454,BRIDGEPORT,Bridgeport
cc:5307df7a-89d3-44b2-b9ec-3b4d3bcb1ea4,YOUNGSTOWN,Youngstown
cc:53270031-c521-452a-9846-ed2de916c09d,GREENWOOD,Greenwood
cc:53322b35-de6b-4184-b2a8-c134c9b04ebd,TUPELO,Tupelo
cc:533f4f8f-e43a-414d-b284-08cde9d76817,DE SOTO,DeSoto
cc:534778b0-7cb7-42dd-b57d-975e031bde9b,BEAUMONT,Beaumont
cc:534c86e4-833a-4294-badf-fb217b4ee69f,SANFORD,Sanford
cc:535f9fcd-71ef-441a-9191-e79cf2ddd43a,GOODLAND,Goodland
cc:5360c425-89c5-4847-bd84-990fbb67fe0b,PHILADELPHIA,Philadelphia
cc:5378f6a9-b0a6-4430-a51b-b4cad6119541,SEWARD,Seward
cc:5388e3b4-661b-4763-bda5-bed406358d99,LOUISVILLE,Louisville
cc:539af258-18cd-4595-b001-0bf3259db1ab,POMONA,Pomona
cc:539e384a-a3bb-45c7-8169-f67ce6ce6899,SATANTA,Satanta
cc:53a1946a-3265-4b87-bc40-a1ec69ac205c,BATESVILLE,Batesville
cc:53a58c79-aa40-46f6-b3fc-2ebb55514c2c,OCALA,Ocala
cc:53b1431c-8144-46f6-bcd6-db7b04616950,PHILLIPSBURG,Phillipsburg
cc:53b79836-acdc-4325-8275-fa337abbe3c2,TOMAH,Tomah
cc:53bdfd66-3537-4809-afe3-d5d1382ebaec,BOISE CITY,Boise City
cc:53c3678b-faae-4c96-957c-626ef7b56e37,VIROQUA,Viroqua
cc:53d89688-f8c9-4328-be26-4235fdc5ebd4,BEVERLY,Beverly
cc:53e922da-a2c0-45d1-b8ce-02840fffcbbc,NESS CITY,Ness City
cc:53ee7df9-f504-4897-92ee-d01e7e095bf7,MCKINNEY,McKinney
cc:53f11daf-e2b7-450a-8c4e-ff4cb3eb160c,BOLINGBROOK,Bolingbrook
cc:53f5cc82-4c01-4c13-9190-f5d9fe2ddf20,DESOTO,DeSoto
cc:53fae429-bc73-4a06-ac70-ad3975cf8320,OSAGE BEACH,Osage Beach
cc:53ff140c-110f-4b6d-b3fb-a4707aa5f4f0,REED CITY,Reed City
cc:5401c8d0-f394-4095-9942-9d10f0cfdeca,SEATTLE,Seattle
cc:540fbb40-9928-44c4-a05e-c9829049ee7e,GASTONIA,Gastonia
cc:54140580-cb7a-4ea7-95d2-183541c4ba01,RENO,Reno
cc:541965fc-896d-43c7-ad47-5ee8be86e82f,HARLINGEN,Harlingen
cc:5422a614-1d49-42d4-9a02-acb0182f7e0a,OAKLAND,Oakland
cc:5427b9ed-df14-468a-8ddc-551ee4a3506e,HARDIN,Hardin
cc:542bb0e1-db95-4b89-9197-0389d7f56d84,CASTLE ROCK,Castle Rock
cc:54342793-a55d-441f-8802-a2b19416c2d2,COLORADO SPRINGS,Colorado Springs
cc:5447b444-6d64-4114-b842-013ce2314787,AUSTIN,Austin
cc:546253d7-3c72-41b5-a3e5-7166e53181a5,PETERSBURG,Petersburg
cc:54639154-d041-4f5f-b018-1bda1c5cf345,LOUISVILLE,Louisville
cc:546b76c9-2e6b-4417-b31a-95118f6a6985,PARIS,Paris
cc:546dc104-0156-484f-98fe-7867bf1c92cb,TALLADEGA,Talladega
cc:5471fb02-e951-4de4-857d-f5e9ed659940,DALLAS,Dallas
cc:5476dfcf-3917-4f8d-9963-9200d2b564c9,MOSES LAKE,Moses Lake
cc:54789554-879d-4be4-b120-56118c6c6bb9,BARTLESVILLE,Bartlesville
cc:54789a04-e670-4923-a43c-670bdfa3473d,CERES,Ceres
cc:5495bf3f-40bb-4d60-9120-d72e3907be98,LONGVIEW,Longview
cc:549aff9a-e5cd-472a-ac42-991ca4f057be,OSHKOSH,Oshkosh
cc:54ae57c4-05e6-498b-940f-ae6f1ba00ddd,RIPON,Ripon
cc:54eb75ea-0907-4405-a9e6-2dcf02974cc9,LOUISVILLE,Louisville
cc:54f7201b-9dcd-4a9f-8011-94ed2224cbe1,COTO LAUREL,Coto Laurel
cc:550ca927-db32-4bbf-a397-93aa9d30bc34,KATY,Katy
cc:550f8c28-8247-4bcd-aa7d-5b270484a27f,VOORHEES,Voorhees
cc:5519883e-6dce-436a-a214-8737e3097eb5,POWELL,Powell
cc:551edd1b-32d0-45af-a19f-0252d2bb81d8,DES MOINES,Des Moines
cc:55290e31-41e0-41ee-b7d4-cfa4ec545205,VALLEY CITY,Valley City
cc:5533a546-fe1c-46af-8690-6410869e13fb,CARROLLTON,Carrollton
cc:553625b2-2f72-482d-a967-dc160e4f82ac,RUSTON,Ruston
cc:5546c183-e131-44f7-9d6e-97a5b50b0c73,COOK,Cook
cc:5549a5e8-9df1-4fcc-aa6e-a3a6cf1dd496,CARNEGIE,Carnegie
cc:554a4734-0962-4810-b1ed-2ce84473904c,MIDDLE POINT,Middle Point
cc:55589715-143c-44f4-8d9f-5661039949e7,WICHITA,Wichita
cc:5567c90d-346a-467e-878f-606fa545c767,WAHIAWA,Wahiawa
cc:55909b8c-e503-479c-bd55-d24e15ccf501,CYPRESS,Cypress
cc:55ab3920-f821-48c3-ae2e-3e47c550bac5,PHOENIX,Phoenix
cc:55bf7cad-3e9b-44f6-a828-d08f5f78880f,ATLANTA,Atlanta
cc:55d2d303-e5f4-49f4-a9ae-722b37bb678b,PRESCOTT VALLEY,Prescott Valley
cc:55e35580-487d-4839-b474-3ff6bd84b6f7,SPRINGFIELD,Springfield
cc:55e622c2-a8d1-4bbc-bd3c-d8e7e03c09eb,BALLWIN,Ballwin
cc:55e6fa2b-7ec0-41c9-9519-7baa051b22dc,DELHI,Delhi
cc:55f2748f-12ee-49df-bf8e-10d0d2de0d28,PALM BEACH GARDENS,Palm Beach Gardens
cc:55fca684-5d58-4ab8-9daf-b2eb87347851,DENVER CITY,Denver City
cc:55fdb00e-a0e5-4e28-a5fb-54afa5b85214,HUNTINGTON,Huntington
cc:560277a7-56b8-4c0a-a10f-9c6d57e40735,YONKERS,Yonkers
cc:56044f36-5003-4e96-8d4b-391668fbc7a1,JACKSON,Jackson
cc:5606fbcf-082d-4e62-acd8-5cae8592b798,MURRIETA,Murrieta
cc:560ffbaa-ae7c-46c1-a711-4264aed570db,WILLCOX,Willcox
cc:56139678-6cf3-4f56-9bdb-0fd185471809,RUTLAND,Rutland
cc:561ac30d-6bdb-4f70-bf0b-a42ac4afdfa2,PROVIDENCE,Providence
cc:562a368f-6b59-4eea-83cd-96854fa94771,SAVANNAH,Savannah
cc:562dd75e-23a8-49ce-b707-0bc8352c16c3,ALMA,Alma
cc:5639f9bd-6744-406a-aad9-5483d8fd2d31,WHITEFISH,Whitefish
cc:563b94b3-7b68-45c6-9d21-67426c282b27,MIDWEST CITY,Midwest City
cc:564331f0-ff02-4e27-b1f0-8db6d1e7a0cd,EDINBURG,Edinburg
cc:5647c4b3-d5b3-47bc-b177-2729760576df,CROSBY,Crosby
cc:56531fe7-0c4d-43b8-a1ff-20e42a8a8500,SOUTHLAKE,Southlake
cc:5657c580-58bb-4a82-aaf7-51b35f2f8460,BOISE,Boise
cc:565c148c-1979-4948-b7ef-251b1493d8a6,OSHKOSH,Oshkosh
cc:566bb91d-7f26-4713-986b-82f7809db57a,SANDWICH,Sandwich
cc:566ccbfa-05d2-4472-9537-884e49baa7fe,WAYNESBORO,Waynesboro
cc:5677c439-f384-45af-9a63-31dca5bdaf6c,ARCADIA,Arcadia
cc:567c6e27-51f1-4aad-b54f-138e8d13b0b3,LOWELL,Lowell
cc:567f030e-8c5a-4e6f-b2a3-6007cbb8337b,SAN FRANCISCO,San Francisco
cc:56810e47-f9ce-4ea0-bf90-a5f7cc46e377,CHICAGO,Chicago
cc:5696d749-8cfa-42df-8438-e48ea0ac4bc5,BERNICE,Bernice
cc:56a1fef6-35ef-4ed4-a6c9-d366a30efb84,STAPLES,Staples
cc:56a4e7f1-9fdd-47b4-8d4a-f54853f7b75a,ALTUS,Altus
cc:56ac5d05-650c-44ba-b65f-3a801e8c72ae,CHESTERFIELD,Chesterfield
cc:56b146b2-065f-4a3a-9060-afab5fd72841,NEW SMYRNA BEACH,New Smyrna Beach
cc:56b449b3-8450-42d9-bcbc-2fffea4564a8,TOPEKA,Topeka
cc:56bd68a1-e7ff-4d59-adef-f3ed2dcf8e7d,LAKESIDE,Lakeside
cc:56df9b0b-1540-418b-adc7-9676deb96094,JAMESTOWN,Jamestown
cc:56f03939-6e45-4b42-8ffd-9e7de1255b87,NEPHI,Nephi
cc:56f18972-3567-4bbd-b73f-1ce459ce7b82,HARRISONBURG,Harrisonburg
cc:56f39c00-1013-4ade-89dc-40b9f1f9194a,MONTVALE,Montvale
cc:56f60a7d-cf7b-45a4-ae6d-d6b2fcba6787,BENNINGTON,Bennington
cc:56f6797c-2768-44cf-b286-9bb5cb419fc4,FLOWOOD,Flowood
cc:571480d7-8281-49bc-8478-ea45ba23e70e,DETROIT,Detroit
cc:571a6a05-fe72-43a4-8c77-2c595a88138b,CLARION,Clarion
cc:571e5bc5-deb0-4687-b528-b3add3eb93c2,BOSTON,Boston
cc:57240bbe-0f19-490f-a6aa-be15af1fa6e9,COLUMBUS,Columbus
cc:57294b82-0264-48be-9855-d0752a59a21b,CLINTON,Clinton
cc:572cbfd4-1e13-4c2b-971d-c751465c49fc,CLAIRSVILLE,Clairsville
cc:572ee103-603e-439b-bb35-41488c25d10a,HOOD RIVER,Hood River
cc:5734f0a5-f291-4673-815c-bf60a69da2a7,ELMIRA,Elmira
cc:573d15d7-b491-4ea4-86ff-d775b1e4c52d,WASHINGTON,Washington
cc:57432a6d-d8e9-4e73-8d7d-41cd81f666ae,CHARLOTTESVILLE,Charlottesville
cc:574c0337-afdb-4692-b2c6-e380d3bf259e,ROCHESTER,Rochester
cc:576e3c52-f21d-4d99-8757-8059196e6977,GARDNER,Gardner
cc:577c0c4c-364a-47bb-aef4-e2597c66f232,HINSDALE,Hinsdale
cc:577ed634-54a5-4d8a-89eb-67557692416a,DEKALB,DeKalb
cc:5786549c-3d7c-4e41-b66b-cb0427c561ba,WAYCROSS,Waycross
cc:57871c6e-52d9-461c-be09-e13f25837335,MAQUOKETA,Maquoketa
cc:5789a702-d5ed-453a-ac5e-8f004cfcefe3,SYLVESTER,Sylvester
cc:578aa0a9-6b6a-4cf5-aa28-71d8056fa5a0,HORSE CAVE,Horse Cave
cc:578c0c34-e4a6-4310-8f66-2e7306ac3d77,BIGFORK,Bigfork
cc:578c1fc1-d455-4fbd-b64a-d0edea28e726,NORRISTOWN,Norristown
cc:57b2cc5d-b657-4b69-a5b8-71dc38be64b0,FARGO,Fargo
cc:57b3d957-3cdc-40e4-83ec-6c02b6a86d2d,SYRACUSE,Syracuse
cc:57b5978c-264c-4d7d-b2c8-4b798199367a,LAS CRUCES,Las Cruces
cc:57b6e64d-2037-4811-9586-59050f6b5e80,JACKSONVILLE,Jacksonville
cc:57b7bc52-c58a-4445-b6f8-e0e432abcfed,DALLAS,Dallas
cc:57c6aacf-adc0-487f-9b1b-ed8edb3c1e99,WAREHAM,Wareham
cc:57c76187-7aa5-4cb8-bcb1-7de09b18156c,FARGO,Fargo
cc:57d4bfef-19a6-4a72-9c4b-80ccaadd30f5,LEONARDTOWN,Leonardtown
cc:57da6cb2-c1a3-4068-b76d-fca1f8109686,BLACKFOOT,Blackfoot
cc:57e59c91-b6e0-477a-b595-425ae343c2ed,HELENA,Helena
cc:57feee8a-b277-4681-81ee-4ab53a9f8e3d,HIGHLANDS RANCH,Highlands Ranch
cc:5810c491-9c7f-4334-b975-aef3961cf930,WHEATON,Wheaton
cc:5831ec3e-9d87-4537-8680-56373c5e7e65,LOVELOCK,Lovelock
cc:5849bf25-e472-4a26-b3a8-668b05298b2b,BENTON,Benton
cc:5850876a-d0d8-487e-9f14-0d4d644e2544,KENTFIELD,Kentfield
cc:58534c86-574b-4fb7-8b2b-351e3234860c,ELMHURST,Elmhurst
cc:585d9482-bc9d-4894-9a45-4ed7274ab1c0,MONTPELIER,Montpelier
cc:5860ed46-5ab2-469c-8393-e157e3c3bc6b,PARKERSBURG,Parkersburg
cc:5864511e-d088-4b84-a228-8ed9b7c32598,MONTROSE,Montrose
cc:5868b699-1e4b-4017-acab-4d2a844f32f8,REDWOOD FALLS,Redwood Falls
cc:5868d589-244e-4482-8c3b-74e0b94b8cef,QUITMAN,Quitman
cc:58756592-1897-47d4-bf44-0288643b8a51,MURPHY,Murphy
cc:587710ba-c81f-4805-b2e2-acdcd6815203,EVERETT,Everett
cc:58782b28-321f-4cd1-8ab9-5fb4a25b9a1d,PIEDMONT,Piedmont
cc:58842a5a-e9a1-46db-94b6-e1a17556af68,SALISBURY,Salisbury
cc:58886c79-c67d-445e-aeb1-74fc8f243c83,DECKERVILLE,Deckerville
cc:58899e6a-31c9-47bd-8551-515c47963f78,SLIDELL,Slidell
cc:588e4e41-8610-4a3e-8863-86ddd05b0a38,LOUISA,Louisa
cc:58a30a33-4905-4c53-b98e-06bcde718907,MESA,Mesa
cc:58a31402-bf65-4eb9-b10e-a0cc9f08ffb1,MINNEAPOLIS,Minneapolis
cc:58b96820-a3a3-44d6-bf60-7714283a7bc9,GREENVILLE,Greenville
cc:58c97328-1500-4358-9ecb-78fdd23f6d1a,EAGLE PASS,Eagle Pass
cc:58d70ee3-2b42-4f9b-9f4b-7db589507404,MEDICINE LODGE,Medicine Lodge
cc:58e04dfd-0b0f-4cca-a6df-e406c5f1a3f2,TUCKER,Tucker
cc:58e26c9e-1675-4758-92be-c469676ac427,SALT LAKE CITY,Salt Lake City
cc:58e7da9b-cc38-4f11-a4d4-be34a4454b1a,BOGATA,Bogata
cc:58e92fb7-2c93-4de4-b5bd-7ea202a66903,FLAGSTAFF,Flagstaff
cc:58ff537f-cb67-4f68-9ebd-8a2be484ef4c,MILAN,Milan
cc:5901c55d-60df-4854-9159-90c69331fb66,PANORAMA CITY,Panorama City
cc:590376a6-a75f-4bd2-a9d9-2bc690c86cbe,ST. LOUIS,St. Louis
cc:59069760-3999-4209-8719-a0845a196a2a,CANTON,Canton
cc:590c2244-3a35-4114-9f1b-14024836035e,LEWISTON,Lewiston
cc:590d5cba-9e5c-4dc3-9aad-6b919cf05a07,PALM COAST,Palm Coast
cc:59229996-1433-4dc6-b3c9-6e8b1e023b31,GOTHENBURG,Gothenburg
cc:59376730-1df7-4260-93b9-f96613406e9f,MANCHESTER,Manchester
cc:59405301-3406-4a17-9c85-125bb85a2691,CLAY CENTER,Clay Center
cc:5946f7fd-e156-4c37-8c9d-3d5a011872fb,LYNN,Lynn
cc:5947570a-2ff3-4132-ba6f-bdab6bd4be07,LIVERMORE,Livermore
cc:5951641f-8ea7-4c08-8dad-3b1d16926b8a,NICHOLASVILLE,Nicholasville
cc:595208db-f35d-48b2-b61d-27bc78131f9e,EAST STROUDSBURG,East Stroudsburg
cc:595722b3-a698-47e4-b019-2ef68409962b,LAUDERDALE LAKES,Lauderdale Lakes
cc:595fead3-6d4b-4a23-8012-08c8b1a6c634,MILWAUKEE,Milwaukee
cc:59631571-c740-42c3-80f0-acb123b7f960,TUPELO,Tupelo
cc:5967a9a5-b938-4b8b-99ab-b72fcf7da440,MOBILE,Mobile
cc:596cd664-8a91-4e41-8786-f5e2d72a5bb6,JASPER,Jasper
cc:5976ad01-73fa-4e3d-bcf4-5df6b5e4c87d,OGDEN,Ogden
cc:597a49ae-e3b6-4e41-8293-7ded6f4e141f,ONTARIO,Ontario
cc:5982325c-4c51-4a69-a828-fb82c229db87,CORPUS CHRISTI,Corpus Christi
cc:59848f93-579c-4d6b-a573-ad8cb19d5f06,ONANCOCK,Onancock
cc:5988ebc9-7362-45c6-b1bd-da99497204c0,BILOXI,Biloxi
cc:59a5e7b5-3b96-48c2-b53a-bbc06dd63c3e,ALEXANDRIA,Alexandria
cc:59a7d853-7160-47c8-8d5d-1de6458a7716,STORM LAKE,Storm Lake
cc:59b65884-9f7a-437d-93f4-49e25381ead1,OROFINO,Orofino
cc:59c2b941-09c7-4800-a6b7-8ced6ce021cc,WASHINGTON,Washington
cc:59d4de53-ad1a-40d6-adf6-caa37d135034,BATON ROUGE,Baton Rouge
cc:59f0edeb-7a32-4419-981e-1be184bbebea,SAN ANTONIO,San Antonio
cc:59fa1c1d-a520-49a4-be3b-2d5fe0f88ac5,STOUGHTON,Stoughton
cc:5a06fd13-822d-4640-a197-155a2045cc18,GEORGETOWN,Georgetown
cc:5a0d95c5-3edb-45d3-b950-125ffbfefbc1,NORTH AUGUSTA,North Augusta
cc:5a199ac3-422d-41b7-93d4-8d98110f48d1,NOME,Nome
cc:5a21fbab-8c5d-4cbe-8cf1-9fbcbb9a0c6d,NOKOMIS,Nokomis
cc:5a28aba5-e26e-4fe5-b5ee-bca9d1abd524,CENTRAL CITY,Central City
cc:5a2966a8-54c4-4872-ac2e-cc754a8c21a2,GREENWOOD,Greenwood
cc:5a2bef10-2cdc-41b8-9561-b4b1b3d9e9d4,MARTINSBURG,Martinsburg
cc:5a2f4201-b4a5-4a54-83e5-0081c44c72e7,ALEXANDRIA,Alexandria
cc:5a312660-7167-4d6a-a3fd-3435b98435c3,ELBERTON,Elberton
cc:5a320e87-db92-44a4-be80-2195f6f33cad,RICHFIELD,Richfield
cc:5a34b9fd-b7fa-45f4-b596-12a447543312,SANDUSKY,Sandusky
cc:5a38dc89-965e-4363-affa-519af8a010e1,CAVALIER,Cavalier
cc:5a3c0268-0ac0-491c-af40-1f06fbc9e36b,BRANDON,Brandon
cc:5a3d8326-0ac5-41e7-90ed-0c81415b47ce,RIVERSIDE,Riverside
cc:5a47e43e-8ee6-4381-8d53-37d53c644f6a,TOMBALL,Tomball
cc:5a5c2f11-ffc3-4136-9c57-9df0b33404ee,CHERAW,Cheraw
cc:5a699782-dbcf-4a15-ba20-97e6c04c5cea,WINDSOR,Windsor
cc:5a6ebf92-6bfa-47f7-96c7-305bff8b0db0,WEST HARTFORD,West Hartford
cc:5a7728bc-60fa-480a-a7bf-10b1942f19bb,SHILOH,Shiloh
cc:5a816c36-b96f-40a6-86c9-8def6a562025,WINFIELD,Winfield
cc:5a817802-014f-4b79-a8ee-4e5cb2146a5d,TROY,Troy
cc:5a9739e7-2f2a-4da2-bea1-0c3b020f7a19,BLOOMINGTON,Bloomington
cc:5aa44bf3-eaf5-4769-a583-c5380b99e3cd,DEXTER,Dexter
cc:5aa8315d-6f46-440e-a093-ddb8b4be44f4,ENGLEWOOD,Englewood
cc:5aac9267-b7d2-42a8-bb6a-bc9ccea5546c,CALIENTE,Caliente
cc:5aae1922-5073-404c-ab30-242b4055158d,REDDING,Redding
cc:5ab0c936-fc50-497b-9388-0a91331c7382,SAN ANTONIO,San Antonio
cc:5ab6ff5b-cc28-4c6e-a0ea-b59454d14217,BRONX,Bronx
cc:5ab9814d-0052-4191-b532-624a5f4b15bc,ETTERS,Etters
cc:5ac12693-a7f2-4507-a251-9c613cd925aa,ROSWELL,Roswell
cc:5ad6eb9b-84ad-41f2-af6c-914117c378ae,AURORA,Aurora
cc:5ae04274-c61a-4ec1-a173-9003d480d5ad,BASIN,Basin
cc:5ae17a63-6a62-4f0b-bd5e-4825222e178f,ANNAPOLIS,Annapolis
cc:5ae4ef7b-1689-4e0b-a54a-4db541a42992,TOPPENISH,Toppenish
cc:5ae58c60-bee5-46f9-bebd-c05cfa9223e5,CORPUS CHRISTI,Corpus Christi
cc:5aeba910-3ecc-446b-8b7f-88a422e0e55b,VENTURA,Ventura
cc:5aec0488-3a9b-47de-9391-ccd161b47e81,CADES,Cades
cc:5aee0030-7cde-4a70-b7f3-d427f601a5c9,DANVILLE,Danville
cc:5af35110-202d-4686-8eb6-267647094b15,PALACIOS,Palacios
cc:5af70d8a-1037-43c5-bcc5-df0c333c0dd2,INDIANAPOLIS,Indianapolis
cc:5af7225c-89ac-4271-8cd9-89e6d33f0809,RIO RANCHO,Rio Rancho
cc:5af8cf95-2c02-40e1-8f1d-2b8ae6820e68,MARIETTA,Marietta
cc:5aff0695-7979-4073-bfd4-5a6025e5e1cf,DENVER,Denver
cc:5b0e0409-66f0-4e6d-9b02-7f5cadc37018,MONACILLO URBANO,Monacillo Urbano
cc:5b0f1a01-328c-41dd-873d-a6878689b6a4,ALEXANDRIA,Alexandria
cc:5b131f39-cf6f-42f6-bb91-faba09893114,BRADY,Brady
cc:5b16d7ce-4cce-45a4-92d5-e25e19daadcb,MUSCATINE,Muscatine
cc:5b1b58e5-2e36-4f6a-9b1d-02363b09a12f,FREDONIA,Fredonia
cc:5b284bdd-0017-4b93-aea9-22f1c80e585c,COLDWATER,Coldwater
cc:5b3005f0-c5e3-4737-8a99-463908e3833f,COLUMBIA,Columbia
cc:5b364fa2-83e8-4776-9454-6d31f082cfea,OLATHE,Olathe
cc:5b39eb78-4a70-4219-9e95-d0de21f02d90,TRINIDAD,Trinidad
cc:5b52e727-e06b-4c0f-a343-d4db7805a6bd,EDMOND,Edmond
cc:5b538b01-24a0-4db8-bf64-9c54cc428d10,JACKSBORO,Jacksboro
cc:5b5c62b1-58bc-4d97-b059-e159cbf9adff,KENDALLVILLE,Kendallville
cc:5b782610-a12c-4952-b1e7-871bf8b409d9,AMARILLO,Amarillo
cc:5b82b11e-815f-4118-b558-5913b82cb3f6,LOS ANGELES,Los Angeles
cc:5b92f2f6-3fb0-4df9-8539-9846de0f6c58,WESTMINSTER,Westminster
cc:5b9bade1-c8c7-4983-8bc3-41748caf2fad,MOUNT AYR,Mount Ayr
cc:5baddbf6-b9d4-426b-be27-6d629c538c2c,BEAVER DAM,Beaver Dam
cc:5bc95764-fab1-4b8c-a9fa-a580f7c07c1a,WHITE PLAINS,White Plains
cc:5bdc2370-78e0-4fcb-a969-0d1cc85a39d1,PHILADELPHIA,Philadelphia
cc:5be264fb-f871-4731-b8a7-684157b210f8,MILWAUKEE,Milwaukee
cc:5c136566-9ad6-43ef-9117-02f2b0850d91,NACOGDOCHES,Nacogdoches
cc:5c1e2b5d-7a7c-40ce-b16c-ab674975a87e,SEWICKLEY,Sewickley
cc:5c229f5e-402a-4635-9e83-711846588c08,GREEN BAY,Green Bay
cc:5c315f49-4a55-4c13-9164-4ce8e3dd51c7,OKLAHOMA CITY,Oklahoma City
cc:5c4113b2-473f-44ee-8262-0f56a20278a7,CANON CITY,Canon City
cc:5c414592-ca38-48bf-b7a7-6f58e1dfea84,TYLERTOWN,Tylertown
cc:5c4afb12-5c50-4668-94a4-e3b7e5e01806,FERRIDAY,Ferriday
cc:5c5c914a-eb54-4112-b322-0153dc81c246,FORT SMITH,Fort Smith
cc:5c6420ec-04b8-4a00-a35e-73e0f4ddfec1,COLUMBUS,Columbus
cc:5c6ce46d-166f-479a-8d0b-7d6a1d756567,INDIANAPOLIS,Indianapolis
cc:5c85f1be-4510-47ee-9118-eae82df1287c,SACRAMENTO,Sacramento
cc:5c92e9d9-a729-40ae-940d-e748eb4c27fb,HOUSTON,Houston
cc:5c95e615-4046-4e49-979b-88fdac91aab4,DIXON,Dixon
cc:5c982def-ffba-4c63-82fb-2fe9023cce1b,HAZLETON,Hazleton
cc:5ca2d753-9185-4771-8e20-86aea3d9c9a3,CHARLOTTE,Charlotte
cc:5cba88e8-96eb-48e3-b3b4-87de5442fb9a,TEMPLE TERRACE,Temple Terrace
cc:5cbc9ee1-f52d-4eab-9e58-b87cfbf110ca,ERIE,Erie
cc:5cc923b2-dcbd-4775-90e1-ebe80f212e28,WACONIA,Waconia
cc:5ceb8399-7aaf-4dee-821e-30cd0289361d,DE WITT,DeWitt
cc:5cedd386-8510-4303-88c5-b9110777e5ce,MCCALL,McCall
cc:5cf3e544-58ac-464b-b055-6aab22141372,MADISON,Madison
cc:5cf60639-ac73-4b30-890a-9637b379bc56,MILFORD,Milford
cc:5cf67073-1c1f-4adc-8627-24b6b7bee195,GREENSBORO,Greensboro
cc:5cfa6a7d-274f-4019-87b9-bedad1debbed,CLARKSTON,Clarkston
cc:5cfc3755-c9b0-4579-82fd-f0c7e415d757,WOODSVILLE,Woodsville
cc:5d0034c2-b12f-41ca-af8c-40b54d55752c,PARIS,Paris
cc:5d01b23a-acb0-428b-bd72-b7692e1c8800,SPRINGFIELD,Springfield
cc:5d09cafb-73f3-415a-bb69-2486fcc3690a,TOLEDO,Toledo
cc:5d103b0d-ed0f-4be2-9226-a993fbb1c8ee,NORTH ADAMS,North Adams
cc:5d16bd34-3f12-47bf-83e1-401874b2f839,DALLAS,Dallas
cc:5d183035-46d6-44f4-a9df-57f1a150bb45,SPOKANE,Spokane
cc:5d1ccae2-91be-44c7-835a-d59df9795442,LOS ANGELES,Los Angeles
cc:5d1f0bab-1440-4929-839d-c874f4edb8cb,WRAY,Wray
cc:5d26eadb-07b0-40a8-a400-e260cc06a1da,ROANOKE RAPIDS,Roanoke Rapids
cc:5d31c959-d5fa-414e-b1c0-da529fc456df,KANSAS CITY,Kansas City
cc:5d41ae0f-dc8a-4167-b9b4-d9cafb9fc994,BOAZ,Boaz
cc:5d51926a-819f-4edf-9da2-4a0f16c40e89,EL DORADO,El Dorado
cc:5d675b12-fa7d-4fad-bfb5-3fad38387697,ROCHELLE,Rochelle
cc:5d6d6075-f1e4-41cb-b52a-a85518bae844,SPOKANE,Spokane
cc:5d72539c-dbff-4118-baaf-272ceaebd27d,FOLSOM,Folsom
cc:5d7642aa-fcfc-4ff3-9da8-ef0bf01a5e33,HAMMOND,Hammond
cc:5d7d4a18-6b29-47b3-ab61-eb0fd4d743fd,GRAND RAPIDS,Grand Rapids
cc:5d9aff36-df56-4115-81c3-03a5f9ff84eb,COLUMBIA,Columbia
cc:5d9d52f0-64af-47c2-9aab-02dc9e2e02e8,ST. LOUIS,St. Louis
cc:5d9d7f68-a1aa-4364-bd80-8c1153d69521,HUGOTON,Hugoton
cc:5d9e78fc-d23c-47b9-8764-bc088dfc9e7b,MCCAMEY,McCamey
cc:5ddda718-79c1-4365-a6d4-d057e8fc7c7f,TERRE HAUTE,Terre Haute
cc:5de46da2-b108-49e3-8dc7-322d9cff0a26,NEWTON,Newton
cc:5de9cd77-c808-4ef1-bd9a-57aba270211e,AUSTIN,Austin
cc:5dec6bd4-736b-4c80-b419-f53850577c03,AUSTELL,Austell
cc:5def5366-abc5-4e0c-b3fb-7d515ad24925,DAYTON,Dayton
cc:5df35bfe-c179-4f39-89b2-f5c42b16992e,HAMMOND,Hammond
cc:5dfbfc78-3228-48b7-9941-b0b6ee33abba,BOSTON,Boston
cc:5e12ea46-0dd3-4173-8e41-93964915cf05,MULESHOE,Muleshoe
cc:5e2cd7a2-7f34-4ada-8bcd-744f9a156132,LONG BEACH,Long Beach
cc:5e395036-50a6-49c7-a5bb-53c8ba6bc60c,FALLBROOK,Fallbrook
cc:5e39d51a-197c-49c2-a007-cb4f3f585a95,JOPLIN,Joplin
cc:5e4bfe61-da88-4cb7-a68f-6214aea6a7f6,FORT SMITH,Fort Smith
cc:5e57009b-b440-40e4-8548-3d2c67e7ade2,LAWRENCEBURG,Lawrenceburg
cc:5e5ed1c6-20a3-4d30-886f-25ef7e04664b,PERRIS,Perris
cc:5e673c01-7c81-497f-932e-7bebca553a30,OAKLAND PARK,Oakland Park
cc:5e6d9293-420a-448a-930d-fb4576685088,TACOMA,Tacoma
cc:5e8d215c-5f52-4e93-8c67-7add7f330b10,LUTZ,Lutz
cc:5e91a7d8-f1a2-4867-80c5-94c1b61b71c2,ROCKFORD,Rockford
cc:5ea45db4-6070-48ed-a430-8365efd5d510,DODGE CITY,Dodge City
cc:5ea6bb09-34f5-4048-94dc-7df64096cc01,NEBRASKA CITY,Nebraska City
cc:5eac3d6f-5a53-4d95-b803-2cb51f038389,HARRISBURG,Harrisburg
cc:5eb4477b-085d-4bf9-b965-f674b1a17e99,SCRANTON,Scranton
cc:5eb74620-dfde-4c25-b54f-4e72aa2c23a9,LUBBOCK,Lubbock
cc:5ebc3e11-49a2-4b3b-a799-fe9ea8038087,PHOENIX,Phoenix
cc:5ec29b41-7337-4b34-b5ba-ec5f0b87cf0d,ROGERS,Rogers
cc:5ec4abd1-91ba-47da-ba87-937483ef9140,SALISBURY,Salisbury
cc:5ec5cff2-9252-4838-b1ef-b88eb1a39f5a,CAIRO,Cairo
cc:5ed4659f-f545-4a32-8220-1963d409d545,MEEKER,Meeker
cc:5ee6c1af-1a21-4350-969b-486d1ce2f009,JOPLIN,Joplin
cc:5eeb1953-a7fd-48f7-9f90-dff1a802b919,FISHERS,Fishers
cc:5eeddca4-5906-40ef-8dfe-cb6ec0a83f4c,NORTH CHARLESTON,North Charleston
cc:5eee5009-638f-48c6-8bee-fad0d0bf3323,NEW YORK,New York
cc:5eeecca8-d416-42ad-882b-370642e4ef45,SPOKANE,Spokane
cc:5ef44e4e-8daf-49f1-aa3a-2b36cf99382f,STAMFORD,Stamford
cc:5ef9ec79-2384-4ab9-84c1-f6aa6ee6c9c8,STRATFORD,Stratford
cc:5efb6bb4-c9e8-4dd3-bd50-72bf4c56a95a,CEDAR PARK,Cedar Park
cc:5efe5e61-ddbc-44b8-95c7-fc4428beb70d,ROSWELL,Roswell
cc:5f0481d5-73d1-499b-82e5-9573fd25ed8e,MONTCLAIR,Montclair
cc:5f0696e4-4b2e-4c15-a867-0724027f125c,THROCKMORTON,Throckmorton
cc:5f0800cc-bd73-4c3c-9e46-7a6d1da8432c,MUNCIE,Muncie
cc:5f18dc28-f77f-4179-a1db-a0f2f1c9820b,MAYFIELD HEIGHTS,Mayfield Heights
cc:5f2d5c73-76ff-48ea-9304-bcfd01d7de24,PHILADELPHIA,Philadelphia
cc:5f2f2579-6058-4669-a6c9-81864e606152,BEAUMONT,Beaumont
cc:5f31ee57-b604-4129-8492-b725c2bbf668,SILVER SPRING,Silver Spring
cc:5f365851-8962-422c-8cd4-a7d1b59ee9af,CAMDEN,Camden
cc:5f3f827b-3f6e-47dc-b157-0c6d895f9995,PHILADELPHIA,Philadelphia
cc:5f431396-e5ab-4f8d-877e-ad4a786b9e30,SMITHVILLE,Smithville
cc:5f650c8f-5d99-4a88-81a2-20441e876a19,BRASELTON,Braselton
cc:5f6ad71b-2070-41b9-b7eb-c315953f5811,INDIO,Indio
cc:5f7155ca-0a6b-42f9-81ae-5306d4c9df26,ZEELAND,Zeeland
cc:5f7a7867-604b-4664-93ec-2158b5c31f19,FORT WALTON BEACH,Fort Walton Beach
cc:5f9258cd-1cdc-4141-ad8a-54f8b658d1b2,HONOLULU,Honolulu
cc:5f92c815-a776-46d6-9b83-b89d98a38a20,NEW HYDE PARK,New Hyde Park
cc:5f99015f-7697-4d38-88b4-e0c1c864356a,CONCORD TWP,Concord Township
cc:5f9ddb97-a973-454a-b3f7-efa362ca40df,PORTLAND,Portland
cc:5faa52f0-df94-45ce-86f5-2d7157d77253,NEWBERRY,Newberry
cc:5faf425c-7b3e-41f8-8963-e5975398c352,CHATTANOOGA,Chattanooga
cc:5fbe16de-e89d-42b8-bd61-f942653c5a7b,HIALEAH,Hialeah
cc:5fc1a733-8a81-4179-83c3-ba6e56078533,SILOAM SPRINGS,Siloam Springs
cc:5fc27c28-22c3-44ee-9f43-23387f4d4be8,EAGLEVILLE,Eagleville
cc:5fc81a25-cda3-4c24-911d-c1fc283000bf,LEESVILLE,Leesville
cc:5fccf323-c8af-4279-a1a7-5045efc1c801,PORT HURON,Port Huron
cc:5fe8f10f-d873-4ed0-a44e-90c618846a59,LAKE CITY,Lake City
cc:5ffa3c85-5e38-4a3c-9c4a-7b4424223720,HAMILTON,Hamilton
cc:5ffe5d07-a08f-41a7-9a6e-e3781c5e8128,COLUMBUS,Columbus
cc:6004056a-9642-42d4-b24b-cbada548f127,BONIFAY,Bonifay
cc:6023a16d-467e-41cc-8a35-95517513f520,OAK LAWN,Oak Lawn
cc:60329498-ac87-4f50-8330-0c0d200d5b0c,BOISE,Boise
cc:60344ba4-3966-48b2-8068-ed797b8f6541,URBANA,Urbana
cc:6053ee95-4305-4c63-bf9c-dd1dfdcd60de,SHREVEPORT,Shreveport
cc:60562bf8-a63d-416d-b61f-911474af7705,WACO,Waco
cc:6071ac52-39c8-4dc7-b12f-40bd77b78302,FRANKLIN,Franklin
cc:6074a1e1-2b50-4634-a9fd-4069af14f801,LAKEWOOD RANCH,Lakewood Ranch
cc:6079a6a5-f65c-4236-9236-4b9002565152,RED WING,Red Wing
cc:6082d261-0971-4174-966b-f78f876c16eb,SIOUX FALLS,Sioux Falls
cc:60908787-dc88-44be-a65d-f5ea1c207bc3,FALL RIVER,Fall River
cc:609a15d5-0c66-47ae-9f17-1c6db82a5e14,KNOXVILLE,Knoxville
cc:60a92ac7-2608-4304-bb58-857c3d152552,HUMBLE,Humble
cc:60b3f187-a39c-49c2-85a0-757a79e5f287,SAN LUIS OBISPO,San Luis Obispo
cc:60bb269d-b52e-4752-bae7-65b2d6bd6ee7,PADUCAH,Paducah
cc:60c39a49-7564-4e6e-8468-3b1da13502ef,VALDOSTA,Valdosta
cc:60c922d2-aee1-4d21-b366-93471d3bf750,CELEBRATION,Celebration
cc:60d11105-25cb-48d3-9d3a-31de407e03db,EDINA,Edina
cc:60d9f581-f464-44a3-af09-466b5297f964,CORPUS CHRISTI,Corpus Christi
cc:60dc8b1a-9ea7-4ff7-b58a-711017612d9a,INDIANAPOLIS,Indianapolis
cc:60dd7e0e-3823-41bf-bea0-845d3ca4d10f,PLAINVIEW,Plainview
cc:60e8e2dc-8846-4d4e-ba8b-d5655537aa2e,MEMPHIS,Memphis
cc:60f16a61-8d67-49ef-915f-e221d21dc95c,THE WOODLANDS,The Woodlands
cc:60f74c55-672b-4bcd-b5fa-41260bc458bf,MODESTO,Modesto
cc:60fb42e4-08c2-4175-b974-0b8779dced38,KANSAS CITY,Kansas City
cc:61114348-2b5b-41d2-b6bf-211044f076fe,CORDELE,Cordele
cc:6111ab72-0be6-4ac7-9bec-94b0e48ba8e9,WARDS ISLAND,Wards Island
cc:6112713b-f287-4516-84b3-50c043c711bc,LINTON,Linton
cc:61128eb6-ab94-4c94-a894-5e061ba397a2,APPLETON,Appleton
cc:61149f48-eb59-441b-91ce-53cb704e004b,BALTIMORE,Baltimore
cc:611d53c2-afc1-43c6-8ef1-e5975e17e8d3,JOPLIN,Joplin
cc:611fe399-5716-46cf-8c17-424831460678,COAL TOWNSHIP,Coal Township
cc:612515d4-7d36-46e6-b584-8085a580ab2c,ARLINGTON,Arlington
cc:612b9c4a-0b50-4214-ab56-ec47840b0939,ALBION,Albion
cc:612d1804-65f5-4fb6-b5e3-36f00ffbaf75,BISMARCK,Bismarck
cc:6133ba31-1e28-4680-aa7f-a1e72c5683da,MEDFORD,Medford
cc:61407423-eee7-4ac2-9777-f6c539209400,KAILUA,Kailua
cc:614412b0-06f3-4a23-8dd5-2801cc1bad7d,COOPERSTOWN,Cooperstown
cc:614974ca-7268-4661-84b9-0dc3d857457f,BOARDMAN,Boardman
cc:61577285-bd15-4c57-badc-cf1c5fd8eaae,PONCE,Ponce
cc:61681363-66c9-47fa-a440-e0eeacd81daf,TUSCON,Tuscon
cc:6170839e-fe05-4d58-a064-90a0e70ad6e0,MADISON,Madison
cc:6175f517-2775-4ce0-8564-5df69472962e,FORT WORTH,Fort Worth
cc:6179630c-a2a8-491b-bc6f-133050c832c1,HEREFORD,Hereford
cc:6195d060-e371-4488-9086-e5c826dd873c,EAGLE LAKE,Eagle Lake
cc:61967b61-b59f-4825-ac94-993acc60ba2e,FRANKLIN,Franklin
cc:619cf615-3edd-451c-985a-a69f8e86de7c,JETMORE,Jetmore
cc:61a40b00-13c5-4b64-a70e-ae55a30a3346,KINGWOOD,Kingwood
cc:61ab873e-70c5-48ce-ac18-ccbe2d124401,LOCKPORT,Lockport
cc:61cb5e26-b0bb-43f9-b6c2-e0b554a4d92d,HOUSTON,Houston
cc:61d0050e-d3b2-4a53-aa58-2656c48dcc75,INVERNESS,Inverness
cc:61d6691b-b198-4bbb-8e10-8b532a745c9b,KEARNEY,Kearney
cc:61e45cf3-75c3-40e0-9663-86f67e11bd76,MADISON,Madison
cc:62027531-314d-4dfb-b515-882d068cb1a2,HOPEDALE,Hopedale
cc:62074fcb-2f1a-473c-837a-a976062d715a,SAN LEANDRO,San Leandro
cc:620e8b2d-6716-42f9-9fb7-a305e7fe2a5f,MARION,Marion
cc:62103f27-b346-4edb-9c5d-ec217821538d,LOUISVILLE,Louisville
cc:6217a23e-4e30-4f56-9ce1-c81032711954,WESTON,Weston
cc:621c5829-2a5b-49b5-a2ea-852d2fe1c2ba,CONWAY,Conway
cc:6226d458-1dbc-4508-bbf5-bc0275caef6d,LAFAYETTE,Lafayette
cc:622cb6ab-f5b1-478a-97f3-37d5201816ba,COLUMBIA CITY,Columbia City
cc:623194be-a4bb-4813-9c6d-b6f2426588df,KEALAKEKUA,Kealakekua
cc:62322f60-4704-44aa-8888-e1a6f7d72acf,MIAMI,Miami
cc:62377dd2-8d43-44f9-b107-d822c3999686,BUNKIE,Bunkie
cc:62414ec6-dc64-477d-9bb7-94d39cbc79e5,MILWAUKEE,Milwaukee
cc:62455473-68e5-486a-aa36-9909d4d45262,JOHNSON CITY,Johnson City
cc:624c02d0-da5d-48f1-b939-db6eb9c3543e,FORT WORTH,Fort Worth
cc:62637d19-679b-4b94-873d-6e6ae14c432c,JACKSONVILLE,Jacksonville
cc:6264f074-d836-42b4-8cb7-57e5c2fa24de,ORLANDO,Orlando
cc:6275a041-b715-4b3e-90d6-d75a9249fa8f,THE COLONY,The Colony
cc:627aa017-4eda-418d-94de-30b306108436,SAULT SAINTE MARIE,Sault Sainte Marie
cc:627e0316-45fc-4670-a951-6d608347f37a,VINTON,Vinton
cc:628d6e20-62d2-4181-99f4-5f277eb2cbd6,DES MOINES,Des Moines
cc:62951653-2db9-46ea-9f41-a1d22780cce8,PROSPER,Prosper
cc:6298217c-d70b-48c1-8e53-e650f6068375,O'FALLON,O'Fallon
cc:62af5ebb-cc7b-415c-b2fc-31342f6faa60,COVINA,Covina
cc:62b2f309-451b-44df-9d66-7a6ccaec46bf,LAS VEGAS,Las Vegas
cc:62bae54b-a762-4d52-9c62-3c4d1bf9f141,ATHENS,Athens
cc:62bc4967-1bb3-41f7-a21a-e36a2cc99d16,OREFIELD,Orefield
cc:62c348ac-f006-4f84-b5a0-67e067ce7876,ST PAUL,St. Paul
cc:62cc3440-1c30-4724-a7c1-8aa588acbeb0,WAUKESHA,Waukesha
cc:62ce4282-95dd-4869-b9af-082f59cd4554,GLENDALE,Glendale
cc:62d0d9bb-e75c-4e81-9832-4f78c7d2094d,MERIDIAN,Meridian
cc:62d690a3-4813-42a8-8a43-d3fe0e14be15,INDIANAPOLIS,Indianapolis
cc:62dbc703-0e54-4db0-bff1-36969e907255,CRAIG,Craig
cc:62e0085f-1422-4f96-8446-4ad47c1e705b,SCOTTSDALE,Scottsdale
cc:62ebd60f-aa4b-4d8c-95d1-b1a7ee267f12,MEMPHIS,Memphis
cc:62f42eaf-fcef-4e47-829f-884cec81cf4f,DES MOINES,Des Moines
cc:6302cc20-0f84-4836-9cf5-45ecf3327a18,GROVE CITY,Grove City
cc:631389d3-2005-48e7-b8c8-eb2681b62a4b,ADRIAN,Adrian
cc:632202f6-5e7a-4c70-9ab2-28c06d270711,CORPUS CHRISTI,Corpus Christi
cc:6334f401-6638-467d-a4f5-486fb8bb9a38,OKEMAH,Okemah
cc:6340ed41-4cbb-4873-9786-4055ff49ec09,ASHLAND,Ashland
cc:6350af63-7728-4dc0-83ca-82e9aa4a9e36,STATE COLLEGE,State College
cc:6352e292-0a3e-4cd8-96cb-5a6b210f66d4,WAUSAU,Wausau
cc:6355710d-9a42-4b1d-9e8e-8e9a3a7fdb34,RICHTON,Richton
cc:636ce16e-da13-4616-a35f-9191db7ea9b2,LA MIRADA,La Mirada
cc:63732bc0-5e6a-4d05-b1b7-1bb1bed0bb30,KINGSTON,Kingston
cc:6373a50e-1305-4c2e-9a69-391b4b911654,ST. LOUIS,St. Louis
cc:637c8443-aa4b-4da6-abe3-4590008714ee,DENTON,Denton
cc:63832e1c-5cc0-4a27-88d1-235638093416,GULFPORT,Gulfport
cc:63997895-7849-40ca-8ef8-0e0048df8391,SPARKS,Sparks
cc:63a10972-e6b8-4257-a347-411cb997be77,ALBUQUERQUE,Albuquerque
cc:63a9dcb0-aaba-4f13-b845-0000eb0dddda,COVINGTON,Covington
cc:63b0ecbc-2bf0-4041-b571-40f7008622ff,HONOLULU,Honolulu
cc:63bf1631-b747-4035-a0b4-4729ca28bb5c,YONKERS,Yonkers
cc:63c11a70-d9b9-4c23-98ab-272195750a32,MATTOON,Mattoon
cc:63c6e334-e6dd-43f3-9ccc-84f93eafa5ba,BIG TIMBER,Big Timber
cc:63c89e65-5139-4350-8dda-240bc773bf06,THIEF RIVER FALLS,Thief River Falls
cc:63cef1c4-d1bb-4b73-bae7-7db24a4e4f27,NEVADA,Nevada
cc:63e3ffce-4a90-4180-82e2-6190b5c507a9,ALBANY,Albany
cc:63f01deb-44cc-485c-a01c-f05975e9ac87,MACON,Macon
cc:64061927-b159-4a22-8a87-742b1d3f402e,STAFFORD,Stafford
cc:64099927-da1b-49e2-a0ba-48893e5bba68,HAZEN,Hazen
cc:6410d2f4-43ef-4497-905b-3f9814f479dc,TAYLOR,Taylor
cc:641e9d3b-056f-40ed-93bc-7c7d45088f2f,FREDERICKSBURG,Fredericksburg
cc:642523cb-d2f7-4992-a18c-268c1b78e7ca,PITTSFIELD,Pittsfield
cc:6429338f-075d-49f4-bb42-bada68984435,OWOSSO,Owosso
cc:642f8b3a-fc57-4f94-ad0d-5e670d9c91dd,WAYNE,Wayne
cc:643266cf-08d1-415d-b2a1-8e303dde99d1,ERIE,Erie
cc:643ef092-b234-4101-a4e8-3ccba24426c7,CHESTERFIELD,Chesterfield
cc:644146d8-bb27-41c9-a7a3-60a4aa2a0f1a,ODESSA,Odessa
cc:64473766-bfcb-4b3e-a392-8c3f2dd51127,NEWNAN,Newnan
cc:644a653c-98d0-4f9e-b071-f1efa8c5b217,SAN DIEGO,San Diego
cc:644c4c2c-0b8d-40fd-bf63-c2d56ddf2635,MEMPHIS,Memphis
cc:644fc732-a454-473f-a55c-37599fe2599d,FAIRFAX,Fairfax
cc:6458a009-5c53-41f3-976b-153e42b64dd9,BATON ROUGE,Baton Rouge
cc:6465053c-2f81-447d-b1ba-079461855f7e,LINCOLN,Lincoln
cc:646bac16-d790-4bf3-953e-408832eb7712,GREENSBURG,Greensburg
cc:646dcfb5-2a04-4144-9a18-a54dd4fa9afa,CLEVELAND,Cleveland
cc:647af6f5-db17-4b2f-990b-528ba5353998,BATESVILLE,Batesville
cc:647f29f7-b545-44b7-99b0-b1e7d5d25e6f,ROCHESTER,Rochester
cc:647f95a5-eef9-48c3-8bda-17e870d65793,BUNKIE,Bunkie
cc:647fdfa4-2d5d-4f85-9a14-d041c6abc11f,NEWTON,Newton
cc:64822b31-8c30-46d2-a9cb-67db32f53245,ABILENE,Abilene
cc:6482d99e-f9ed-49dd-9988-4bd1da32eefd,OKLAHOMA CITY,Oklahoma City
cc:64a30113-425a-4283-a581-eb03af9f7ba1,TULSA,Tulsa
cc:64a33776-929e-4cdc-89eb-2a6199eee84a,NEPTUNE,Neptune
cc:64a8a85f-9c42-4dd4-aef1-0453ed31d11b,LUSK,Lusk
cc:64ada5ec-20bf-4215-8031-13311fe6b2f6,HILLSBORO,Hillsboro
cc:64b9574e-0d5c-4dab-bcf0-e973cc60f450,ALAMEDA,Alameda
cc:64bb90d7-bb59-48af-89d4-4b6dd0591db0,CRESCO,Cresco
cc:64bc9e07-740d-4b16-8119-130887bd1a0f,WHITE SALMON,White Salmon
cc:64be98c3-23c2-44af-a0f3-abd85fe6cf47,COOPERSTOWN,Cooperstown
cc:64c02edf-81de-4a12-8df1-ee55a58efd7c,SIBLEY,Sibley
cc:64d7c2eb-d72e-4dc4-af6d-820f9b9eb810,SAN ANTONIO,San Antonio
cc:64dc5987-4b8f-47f9-80f0-65511322411e,MIDDLEBURG,Middleburg
cc:64de4961-3535-4c3d-9128-5172152e56bb,ELIZABETH,Elizabeth
cc:64ef699c-e4ed-4080-ab07-0d1a8bea1c53,CUT OFF,Cut Off
cc:64f25077-8c85-488a-955f-2d564899e3f3,ARGYLE,Argyle
cc:64fa250f-6c0b-4c58-8ee2-629def181d7e,COCKEYSVILLE,Cockeysville
cc:64faa1a3-d949-49e8-8f7a-da297ac5ca1b,ERLANGER,Erlanger
cc:64ff7c85-9f95-45d3-8b90-b33d40f72241,STOCKTON,Stockton
cc:6500eaaa-3aef-4d48-8ecd-28f1695187ff,DES MOINES,Des Moines
cc:650dfa16-4f13-4fe8-865d-ae5b126b9416,HIXSON,Hixson
cc:6515f610-f78c-4e6b-ac77-a477c7e36dc1,CENTREVILLE,Centreville
cc:653c250b-5ab1-4b96-b252-5833cecea1f7,INDIANAPOLIS,Indianapolis
cc:65485623-2283-421c-86a2-d199920b07f5,ELLICOTT CITY,Ellicott City
cc:65491e56-ce10-4224-92de-5090563a4560,LUBBOCK,Lubbock
cc:654fcbfe-b37c-4bec-be48-05f0d74c3acf,GADSDEN,Gadsden
cc:655f1257-5cca-461b-ae74-04726cfe816d,SUFFOLK,Suffolk
cc:657405a9-32c8-4cbe-b94a-324a5bd594b3,LOS ANGELES,Los Angeles
cc:65744fcb-007a-4ab0-8a65-c3d9348c7219,MUNDAY,Munday
cc:6583584b-f2aa-4860-a57f-3a6d54c96123,BATON ROUGE,Baton Rouge
cc:65855a3f-036f-4bb6-8136-842e5a89cb1e,DOWNEY,Downey
cc:658aa2b5-64cd-4f08-83d0-5c62193003d3,MILBANK,Milbank
cc:658f5586-02ed-45a1-bb02-a979a0f8a29a,DUNLAP,Dunlap
cc:659bb4af-5055-4b54-a6fa-2c73a5c443c0,BELVIDERE,Belvidere
cc:659d8a46-289c-4193-a365-abd321593296,LULING,Luling
cc:65a09d5d-8df1-47e3-8771-2cc050ad350f,BANNING,Banning
cc:65a1fcc6-3aeb-46d2-9a38-f3884f68b314,BROOKLYN,Brooklyn
cc:65a2630e-557b-414a-8756-5fdd1728d057,PETALUMA,Petaluma
cc:65ad6ae4-ec66-440e-a934-2b137f84c65a,FRANKFORT,Frankfort
cc:65b6b21c-914b-4ffa-8b68-358e0604f20f,COLUMBIA,Columbia
cc:65e59c42-f426-4949-a5fa-9c571e1d3bd4,FREDERICKSBURG,Fredericksburg
cc:65f449b6-f2ed-4703-98d0-3f7046135045,GLENDALE,Glendale
cc:65f7dcfd-aff1-48ec-a439-346e97218810,AUSTIN,Austin
cc:660cbddc-203f-45fa-b05a-f3a6855f6bc2,SHREVEPORT,Shreveport
cc:660e5c75-534f-4226-baba-8ad5a5cac312,VACAVILLE,Vacaville
cc:66120240-438e-4b08-b569-f89796fc12cd,SANTA PAULA,Santa Paula
cc:66147644-9821-48d1-859d-3da57faf79cd,SECAUCUS,Secaucus
cc:66352791-9e68-4eb3-bd82-fff7c7a34f49,BROWNSBURG,Brownsburg
cc:663836a0-dcdc-4cc9-a40c-b01408aaf165,JACKSONVILLE,Jacksonville
cc:66384fe7-e39a-498d-9d72-f8f3386cf680,SANDSTONE,Sandstone
cc:663f00a0-8d5c-40b9-982f-408e9a399041,OLEAN,Olean
cc:66483182-05a1-4d8e-8100-9860bf4b439c,DALLAS,Dallas
cc:664adb72-693f-42c8-8531-dbc9848b45a4,LINVILLE,Linville
cc:66552a3a-5ba1-4259-9739-6fa5d0e8ce98,PORT HURON,Port Huron
cc:6659ce91-1b8f-4b3b-b588-76adccb83aac,NORTH RICHLAND HILLS,North Richland Hills
cc:66703ff7-ee62-4c98-8f0d-e9162d4b20ea,EDGEWOOD,Edgewood
cc:66866884-b7bb-48f7-8e1b-4a6c386a7318,ALLEGAN,Allegan
cc:66972c1f-3b81-4dcf-855f-1f9b535fb33a,CARLINVILLE,Carlinville
cc:669c7e86-daa6-4c55-b4a1-7303112557df,LANCASTER,Lancaster
cc:66b6ccc3-0a53-42a9-b8bf-0e213759788f,BEAUMONT,Beaumont
cc:66c496da-469e-47d4-9475-22e71d6cca15,CLEVELAND,Cleveland
cc:66d8c604-b785-4c68-a181-048b399302dc,PERRYVILLE,Perryville
cc:66dd31ee-a7d3-4afb-84fe-c8d624572dc5,ALBUQUERQUE,Albuquerque
cc:66e850f7-ac36-459d-890d-acff8e219a23,SAN ANTONIO,San Antonio
cc:66edc19b-554b-45de-a43a-df6b27760dd5,VENTURA,Ventura
cc:66f04951-c82e-4da3-ba94-9bf124a8369b,HUMBLE,Humble
cc:66f151e8-3600-4f39-ba45-7b592f89c97f,RICHMOND,Richmond
cc:66f19d9d-dd8a-4a42-8263-2bfbf1a6cdbb,NORFOLK,Norfolk
cc:66f49149-05a0-42ea-bcb7-4297a26c7faa,BELFAST,Belfast
cc:66fc8835-be46-4b96-9b7d-22e9264d69b4,BRUNSWICK,Brunswick
cc:66fe6533-5742-4336-872c-efe5f370bc1e,LAYTON,Layton
cc:6704a9b0-ed6a-46b6-a970-babf2fbd7a89,MILWAUKEE,Milwaukee
cc:6710cf82-2ebd-46bd-96e1-21c9f97ad346,BALTIMORE,Baltimore
cc:6718f840-5016-4a50-b754-8f77fc20e0ce,MT. VERNON,Mt. Vernon
cc:671c69fb-8d2e-4067-a00a-f83ab338a025,BEAUMONT,Beaumont
cc:672d39c6-cf9d-4868-81fa-c832ce8a83ef,DALLAS,Dallas
cc:672ef15f-4603-4e3d-b88d-ebdb8ee9ccd4,HENDERSONVILLE,Hendersonville
cc:67430675-3a23-4977-b9fd-0c6b3c96b822,LANDER,Lander
cc:6749b697-b27b-43a1-a59d-1a59a9f7239f,HOLLYWOOD,Hollywood
cc:6749de6b-7dfb-4f29-be30-9e9dfc444082,DUBLIN,Dublin
cc:675452c0-eae8-4d71-8867-0a00fbdda48a,LEXINGTON,Lexington
cc:675577c0-4753-4bc3-b1d9-d8a59289f634,GOLDSBORO,Goldsboro
cc:678609da-df0c-4375-bfc8-ed7af986b82e,ONAGA,Onaga
cc:67983586-bc17-4963-998e-fe1d7b8c4ce4,SEMINOLE,Seminole
cc:679e2652-4e5b-40d6-a8dd-2c5bd51e04f4,CONYERS,Conyers
cc:67a4f7ba-61ca-4345-bcbd-efbf8c682f70,WYOMISSING,Wyomissing
cc:67ab3c43-ba5c-4f21-8162-2719643e4d48,SAVANNAH,Savannah
cc:67c74dcc-936a-450a-a38a-e0077c458643,INTERNATIONAL FALLS,International Falls
cc:67c92642-d1cd-4a67-a204-1f7f82eaaad8,HANCOCK,Hancock
cc:67cf43d8-138d-4d0d-a75b-57cdcfcdb3f5,ANTIGO,Antigo
cc:67d27d8a-4d31-458b-a6ef-af98217d00f5,PARSONS,Parsons
cc:67d988be-75dc-4d3e-87cb-5c4f1b955d2c,ASHTABULA,Ashtabula
cc:67e3f002-59df-4b95-96ac-748c7978c947,PROVO,Provo
cc:67ef0a43-eeae-4f05-9de8-65530ef1f119,BROOKSVILLE,Brooksville
cc:67f2de19-2d4e-4a8a-8b6d-04fc5cf96636,MEMPHIS,Memphis
cc:68061467-c3e3-4ba9-a377-94a8290e8605,LEWISTON,Lewiston
cc:680a0a4f-f87b-48a4-83a5-10b13ed0a3a8,PORT SAINT LUCIE,Port Saint Lucie
cc:680bf262-caa2-4ab3-9ea3-9a344ebaf298,ROGERSVILLE,Rogersville
cc:68117cb7-6f8b-43b7-b969-0ac83cf17f95,PRAIRIEVILLE,Prairieville
cc:6812f4f8-a091-49b8-ac11-503cef5307dc,MURRELLS INLET,Murrells Inlet
cc:6830e402-879c-4716-bb78-4642b53484bf,LITTLETON,Littleton
cc:68372b82-5d91-468a-af5e-4219f6ac3f41,NORTH PLATTE,North Platte
cc:685d9c95-c1a1-4500-9b6a-8d889525fadb,CAPE CORAL,Cape Coral
cc:68621e72-7926-4cf9-8cb5-e436fcb690df,MOUNT PLEASANT,Mount Pleasant
cc:68621eb3-8420-4424-b188-0405f21c9064,HARKER HEIGHTS,Harker Heights
cc:687336ce-282f-4311-af2d-8f41bb4fff84,BOSSIER CITY,Bossier City
cc:687382aa-dd91-42bd-8571-5ff6beb069a1,HAVANA,Havana
cc:687d5c5d-f436-45d5-93e4-bb81362d6e73,SANDPOINT,Sandpoint
cc:68883d4d-561c-4b9a-a4f0-4f5f09446784,DENHAM SPRINGS,Denham Springs
cc:68958ffb-3cab-4320-95f7-72f049b293d6,LAS VEGAS,Las Vegas
cc:689f9b1b-5000-4ea0-8ece-598bf3356336,LEXINGTON,Lexington
cc:68a594ca-cb22-4aca-b171-728fd104f6c9,SHAWNEE MISSION,Shawnee Mission
cc:68aeb881-f8c7-47cb-b102-e1cc3fcb70d4,WAURIKA,Waurika
cc:68c26712-bd7d-4855-9622-0d2b926ecb88,CHEYENNE,Cheyenne
cc:68c72f24-6ff6-4e67-adb5-32ca40806ca9,TICONDEROGA,Ticonderoga
cc:68d46e5d-56f9-4c87-8536-d983591b840e,KINSTON,Kinston
cc:68df9fb1-9bb3-4949-93bf-e1e909d531d8,LAKE CHARLES,Lake Charles
cc:68e1f5d2-a090-4f98-ad5a-08b3772f48c3,WASHINGTON,Washington
cc:68e347cb-658c-473d-9730-6cfd3ea01400,TROY,Troy
cc:68ea233b-8d52-462e-9573-48d67821ebc6,NORTH PORT,North Port
cc:68f21ac1-df71-4e4f-9349-422c0aba4e60,LEBANON,Lebanon
cc:68f6399c-e935-4fe4-a4f1-0fef23070345,WARRENSBURG,Warrensburg
cc:68f7edf9-89b0-4a46-8d59-5ad30cd4477a,NEW FREEDOM,New Freedom
cc:68f87b9d-a240-47dc-ae4a-d548bdcbdbd3,NORWALK,Norwalk
cc:68ffde5d-8e71-4bcf-bf3d-6ab76d5df4ee,ROSEVILLE,Roseville
cc:69093ccd-51cd-4ad1-93d0-487011dcfd40,COLUMBIA,Columbia
cc:69097886-5616-41a0-832e-3b39ca386724,RIVERSIDE,Riverside
cc:690e1314-a3b6-4a6c-bb85-feb623c26959,QUINCY,Quincy
cc:6913094e-ec15-489b-a54e-036e0da04cea,RED OAK,Red Oak
cc:6915d1a4-bed4-4331-a524-5bb6a95caeaf,LOUISVILLE,Louisville
cc:69458f61-3f73-4f65-84b6-46bb560e7555,XENIA,Xenia
cc:6948326a-9cdb-4bf4-b66f-1ef81f805689,SAVANNAH,Savannah
cc:694a1fed-604f-4c09-9924-434aeaea56b3,POTTSTOWN,Pottstown
cc:69557649-8d0c-47a0-8dce-5273807c51e3,ALEXANDRIA,Alexandria
cc:69600953-863b-407f-bdd9-65cd4bf8570f,ONEONTA,Oneonta
cc:69661ca6-6299-425d-81fb-a8f7890654f2,FRANKLIN,Franklin
cc:696c932b-c9ef-413c-8e09-f66c4ecbf969,BROOKLYN,Brooklyn
cc:6973a02d-ef68-406b-92d2-a009bcb17d50,ARCADIA,Arcadia
cc:69810d0f-4202-49cd-b037-93b72a8dfd74,COLUMBIA,Columbia
cc:69862cf8-228e-4bc5-a150-dbfca1dd47fd,WEST LAFAYETTE,West Lafayette
cc:698baa52-158b-44cf-88d8-261deb69acc7,WORCESTER,Worcester
cc:698c2049-1b07-4703-8e36-99dca6c44fee,TISHOMINGO,Tishomingo
cc:6996f0be-3464-48ea-a0f6-743996e382ab,HUMBOLDT,Humboldt
cc:6997f18d-151a-42c6-b322-86095ef9ed2b,SOMERS POINT,Somers Point
cc:69a4716c-60cb-41ed-8499-65a38abdcb0e,NEW CASTLE,New Castle
cc:69afac19-4e98-4ac9-9b1d-4c3e1c783012,TYLER,Tyler
cc:69b03e19-8010-40c7-96bc-e5047355e448,THOMSON,Thomson
cc:69b4066f-723d-43c2-a104-802e886087e3,GALLIPOLIS,Gallipolis
cc:69b46912-c4af-40f1-85ee-b9161f9c7494,ST PAUL,St. Paul
cc:69b659d0-c818-434f-9b25-62fbd47ef3ec,CHICAGO,Chicago
cc:69bbc8c0-7158-4d86-8ba0-0f0e3ef7dfec,CHARLOTTESVILLE,Charlottesville
cc:69cb7bbc-350f-4dcf-899f-a3c38d5b6513,WYLIE,Wylie
cc:69d29c72-a6bc-4032-a050-c49295e0e7ff,CLIVE,Clive
cc:69d3f846-acb0-4463-9920-970a41752294,COON RAPIDS,Coon Rapids
cc:69d44c69-8705-416b-bb72-daed663cd11b,GLENS FALLS,Glens Falls
cc:69e0c547-c7e3-4b00-b736-7b1dd2851f7f,CARBONDALE,Carbondale
cc:69e5f48e-8bde-49ed-aeb1-e862063b6b9c,AMERICUS,Americus
cc:69f47c1e-7a26-4a12-bd23-1565d9e00ca9,MONROE,Monroe
cc:6a1634d5-3cec-4836-8f1d-e3b1692ec261,ASHLAND,Ashland
cc:6a1c6a24-11b6-47a8-8db4-20480844c22c,BOSTON,Boston
cc:6a1e1319-9efd-48aa-9cd2-1b85db9fee9a,MUNCY,Muncy
cc:6a2f3bd5-f337-40e4-b95e-4bb9f390de36,EUNICE,Eunice
cc:6a500688-8ef0-4f2f-a7bc-07395c2a0c32,MOUNTAINSIDE,Mountainside
cc:6a504f90-7482-4237-ac19-5aa25aa40805,DELAND,Deland
cc:6a5c31fe-9bfe-466b-822a-a8172ee005a8,LEESBURG,Leesburg
cc:6a7b0cf0-0130-48af-b2cc-2dbac97925a2,FREMONT,Fremont
cc:6a813b67-59dc-481c-88b9-759134cb5224,PRESCOTT VALLEY,Prescott Valley
cc:6a81fda3-b2e2-4a57-8dd0-1539158dba09,RED CLOUD,Red Cloud
cc:6aace5c3-2d51-4d97-9197-569db6066d24,HUDSON,Hudson
cc:6aafdfbd-93c1-411e-aaf3-c1a4efa3f0a9,WHEATON,Wheaton
cc:6abb9cf5-93b7-493c-a6f8-dda24a3424fe,CHICAGO,Chicago
cc:6ac271f4-0875-44ef-8b31-92efd4a7b6d0,HOBART,Hobart
cc:6ac4a8d3-d022-454e-8973-4fd7a2be3140,NEW BRAUNFELS,New Braunfels
cc:6ac6be48-343f-4fe9-a3ad-c7a7ac632b28,VERO BEACH,Vero Beach
cc:6ad27a82-cb2f-4223-85fc-2394596fabcc,LADYSMITH,Ladysmith
cc:6ae01023-31dd-4a5b-b08b-2ccf5078d0ec,SLAYTON,Slayton
cc:6b08465c-bedc-46b6-8740-4a52e53f98fc,FITCHBURG,Fitchburg
cc:6b12c91d-09f1-4688-ae08-21f6953b6821,ARMOUR,Armour
cc:6b15b406-939e-44dd-bf28-d7c58deb2f33,PULLMAN,Pullman
cc:6b1a5039-17b1-49e8-a53e-c39b75e89114,KENNESAW,Kennesaw
cc:6b1b9ee0-aea0-44b9-96f8-148d0ad79415,NEW BRUNSWICK,New Brunswick
cc:6b1c4bf2-e691-4aa1-876c-b650e90ce721,WASHINGTON,Washington
cc:6b24b763-5908-4275-98a7-df77a7a7abce,MESA,Mesa
cc:6b2a0128-e25f-4404-8a19-5f76df762d60,COLUMBUS,Columbus
cc:6b2cf9c7-4937-4845-a24d-4331c0eeac0a,ANDALUSIA,Andalusia
cc:6b333668-a16b-4b7a-8bd6-44c95ca0f034,OVERLAND PARK,Overland Park
cc:6b33ab52-a0f6-4cf7-bcf0-6aeb886bc22c,ASHEVILLE,Asheville
cc:6b3c3d13-81fe-40ed-83b7-1274700a931e,JACKSON,Jackson
cc:6b3ed1c1-5217-4163-a2bc-e4b5cbbf212b,RIVERTON,Riverton
cc:6b44764e-0a4b-40f3-ba18-e2d37868bd2b,GREENVILLE,Greenville
cc:6b56747f-95da-484c-bc43-9692c07ec2db,MCMINNVILLE,McMinnville
cc:6b80984a-5dda-40be-9728-fc19cfd085b7,EVERGREEN PARK,Evergreen Park
cc:6ba3e59e-3056-486c-8927-0a66a6f7c1b1,BRIDGETON,Bridgeton
cc:6bab7b08-906b-4318-8c00-ed81a4ff8773,WICHITA,Wichita
cc:6baedfa5-1d64-4290-8233-2c95ddba0a8e,OWENSBORO,Owensboro
cc:6bb460e2-092f-493b-8cdd-cd03010d6ca3,SCOBEY,Scobey
cc:6bdc855d-64a5-4eb5-9b05-0f19ae25eab7,BREMEN,Bremen
cc:6c027f88-5d91-4e57-b078-b8567df139d6,EDGEFIELD,Edgefield
cc:6c03033a-68e1-4dfc-9bea-24e214110e37,PHILADELPHIA,Philadelphia
cc:6c08f583-81f7-4227-8174-2b7e833b5704,PELLA,Pella
cc:6c0be529-1779-4fa1-8f9d-3ca32563bdff,HIGHLAND PARK,Highland Park
cc:6c0d5e23-c120-4282-ba98-7531cd432791,DETROIT,Detroit
cc:6c12ea97-7141-42d9-a88b-82866f282a3f,TYRONE,Tyrone
cc:6c12fff2-4056-4f67-abc8-3805e0a0948f,LIBERTY TOWNSHIP,Liberty Township
cc:6c1df2bd-10e7-4056-a305-fc8316d7d481,SHILOH,Shiloh
cc:6c217edb-8c6c-4963-93e0-c1b814b54626,DELTA,Delta
cc:6c21f8e9-ede4-4c72-aced-5e64e1e37ec5,MARBLE FALLS,Marble Falls
cc:6c253fa9-dce5-4978-89e0-92227f784b02,SAN FRANCISCO,San Francisco
cc:6c2709d0-39b8-4e1a-bf91-42f6128b8674,MASSENA,Massena
cc:6c2b6ce0-125a-4ca5-8fdc-f2a193c86790,STE GENEVIEVE,Ste. Genevieve
cc:6c34579e-c856-4c23-9970-5dea678617c2,UNIONDALE,Uniondale
cc:6c627966-fca5-4bbb-bbaa-267e791f0a22,RICHMOND,Richmond
cc:6c700c9d-da62-4d5b-b96f-22b706f59989,NEDERLAND,Nederland
cc:6c72856b-dba6-4c39-a9f5-d32c5e554e29,HOUSTON,Houston
cc:6c784a16-13b3-4c0c-9e61-b9b19db5971e,ROSEAU,Roseau
cc:6c7d2348-bbfe-4054-9d5b-4387a94a27e8,LA GRANDE,La Grande
cc:6c8877ba-15a7-4d23-8bcf-a626d1751f5b,KEARNEY,Kearney
cc:6c905deb-c559-4045-a59f-5ce1de580d40,BOYS TOWN,Boys Town
cc:6c9e34f8-736b-421a-a04d-8573442fa624,RACELAND,Raceland
cc:6ca78618-d9b6-4ce5-aa01-a8d53673b410,MORENO VALLEY,Moreno Valley
cc:6cab71cd-d083-4cb9-879a-175614b233b3,FRISCO,Frisco
cc:6cb1fa6a-1185-4d22-beee-9c764955d659,WALDORF,Waldorf
cc:6cb7f893-8221-4ef9-b448-7d43992b9116,ELIZABETH,Elizabeth
cc:6cc0bdf1-699d-4e81-8fd7-54a186e4c435,FAYETTEVILLE,Fayetteville
cc:6cc3e53d-0c68-4706-8644-78b67cfeb795,ALTURAS,Alturas
cc:6ccd6006-e9e8-4f7a-b4fd-064fb723a758,CASCADE,Cascade
cc:6cdaa53e-df56-4109-8c68-652c2279ec12,MT PLEASANT,Mt. Pleasant
cc:6cdb3c72-22ee-48a1-85af-cca199c4c1db,KNOX CITY,Knox City
cc:6ce3b938-8b18-4b75-8d3e-59431735be34,MYRTLE BEACH,Myrtle Beach
cc:6cf8e4aa-5c99-4447-a06f-ad8c6d981fa6,FAJARDO,Fajardo
cc:6d2979f0-c203-449e-81b8-0a5d9523de90,BREVARD,Brevard
cc:6d29db20-d4b5-4675-a25b-67c258562ed4,VALLEJO,Vallejo
cc:6d2bf6b1-4fd3-4d96-90ca-1b62dbadb1e7,PISCATAWAY,Piscataway
cc:6d3fdf42-cf5e-4705-8409-00511217365f,MADELIA,Madelia
cc:6d7e755f-5d93-4e93-b3f3-1a2a6fb735c7,MONROEVILLE,Monroeville
cc:6d84ab51-6702-4168-bc77-be1ef8b54a33,WAXAHACHIE,Waxahachie
cc:6d8806fb-d60b-4661-a169-b4362a259a7a,EDINBURG,Edinburg
cc:6d89901e-a8af-46f7-a7fd-e7168e4c84e2,MINDEN,Minden
cc:6d943c7a-45fb-4eed-ba44-5f5a3ac6cef1,LEBANON,Lebanon
cc:6d9ac14d-0cd5-4083-82de-6a2701da27c9,SUFFERN,Suffern
cc:6da2ba37-bd61-4482-8224-834262b5ee77,PARIS,Paris
cc:6db48e28-2406-4f0b-a8bd-e535c49ca1f7,PHILADELPHIA,Philadelphia
cc:6dc37282-5882-4399-84d9-8a642212b405,WASHINGTON,Washington
cc:6dc7f2ac-e0c3-4165-933a-f9bf2e24eabd,DAYTON,Dayton
cc:6dd0c3a2-da00-4fe0-af87-44cdb4a81a32,LOUISVILLE,Louisville
cc:6dd53aff-bd48-4a5f-9320-a4db99406f13,SIOUX CITY,Sioux City
cc:6dde5e2e-a277-4007-886b-8752da4cd89a,COLUMBUS,Columbus
cc:6de0d7e3-87ec-4e5a-876f-18eeee64ecf6,AMERY,Amery
cc:6de9ae97-cc11-4111-b709-b217f0e5a3a5,MEMPHIS,Memphis
cc:6dea1ce3-2c21-4c2d-8912-3f206f9289c9,LUFKIN,Lufkin
cc:6dfc7fdd-1ac2-49d2-ac04-2bb57e3727b6,WATER VALLEY,Water Valley
cc:6e04d175-4ba4-45e9-b16a-646d464c36bd,BUFFALO,Buffalo
cc:6e09ae1e-99cb-4040-9a22-9b095fc98caa,ALMA,Alma
cc:6e0d7f15-5ad6-49d2-9f2f-fa5ecce998ca,NEWARK,Newark
cc:6e142280-f857-4a41-a129-499f2dc62ba3,TROY,Troy
cc:6e162794-62f2-4530-8ac4-24450366c8ba,VERO BEACH,Vero Beach
cc:6e17f335-accd-41a1-9521-0bc1d2227e79,HENDERSON,Henderson
cc:6e1dc2c5-a3bf-49d3-a3b4-af9000fb1a27,BLYTHEVILLE,Blytheville
cc:6e23db4e-d5bc-49ad-b68b-03abb49188e4,MANY,Many
cc:6e268503-5f4a-4e97-adb2-7e4fc74d56ab,OKLAHOMA CITY,Oklahoma City
cc:6e2fd659-fe97-4db9-a5f0-a20484edae3d,MURFREESBORO,Murfreesboro
cc:6e34d111-4be6-42da-92a8-a261f37a8f9e,BROOKLYN PARK,Brooklyn Park
cc:6e3b7095-20ef-4ed1-9992-15d087e4208d,MARGATE,Margate
cc:6e492676-85d4-460b-abb6-33f145a7d640,PICKERINGTON,Pickerington
cc:6e49cdaf-cf81-4a11-98d2-8bc4959dbfa1,MATTHEWS,Matthews
cc:6e4f666d-1ee4-41a1-b47d-8990e80c24d9,WESTAMPTON TOWNSHIP,Westampton Township
cc:6e517631-4b4a-44fa-8939-6fc3707cfe81,MADRAS,Madras
cc:6e572251-ac4e-49c8-97cd-ac72dd3659dc,CASA GRANDE,Casa Grande
cc:6e5a9dac-d458-4910-8ff2-3fd72dc18721,SOUTH BOSTON,South Boston
cc:6e5ee791-ccfe-4f93-b1c4-556dd9664bb9,FLORA,Flora
cc:6e69f90f-cfc8-447a-8d69-773b199923f2,NEW YORK,New York
cc:6e792858-fd26-47c7-93a5-cfa810c15864,COLUMBUS,Columbus
cc:6e8b96b5-8fa9-4605-b364-5684ae2e3570,BAKERSFIELD,Bakersfield
cc:6e97bbf6-7705-4034-9ea2-5e2bd492e75a,TULSA,Tulsa
cc:6e9d3032-c989-490e-af63-2dae09feff79,TEQUESTA,Tequesta
cc:6ea02209-1121-472f-acc2-d66c29c3c9f4,LEBANON,Lebanon
cc:6ea2e398-c5c5-4b63-8df7-e93cdb8e25fa,MOUNT HOLLY,Mount Holly
cc:6ea4d257-ed65-41ba-afed-354dcca26405,GLEN OAKS,Glen Oaks
cc:6eac1e29-39f5-4356-ba64-06d76d081eea,DENISON,Denison
cc:6ec5b60b-85a8-4e42-9ae9-69b633ff3117,READING,Reading
cc:6ecf9b0d-a325-4ed7-b8c0-f115911e790b,SPANISH VALLEY,Spanish Valley
cc:6ed8a865-7ad7-45d3-8d84-f8448dc85c61,LOUISVILLE,Louisville
cc:6eda0feb-c0d3-4e00-a61a-7e29c6d5d7d5,CONCORD,Concord
cc:6edd8fc5-8bc9-4e5d-9c3d-d308db4fd130,RALEIGH,Raleigh
cc:6ee0a8cb-7a48-4463-8595-907e21380a50,NEW ORLEANS,New Orleans
cc:6ee151bb-b497-49c4-a270-350bd5bdf5e1,SPOKANE,Spokane
cc:6ee34bd3-3092-418b-865c-6bb2577ea9b2,PHOENIX,Phoenix
cc:6ee59b16-394c-4fa5-9ec5-fcdf0c2e5fd4,OELWEIN,Oelwein
cc:6ee76c73-d67c-4c81-b978-3b00adcf64fd,SAN LUIS OBISPO,San Luis Obispo
cc:6effe74e-5d85-4395-8f59-df5555b1de25,ARDMORE,Ardmore
cc:6f182067-9009-43cb-b4db-0123c05aa0b4,MEMPHIS,Memphis
cc:6f19f2a5-27d4-4579-9847-a996a756afcb,SAN DIEGO,San Diego
cc:6f1caf54-74b0-4cde-b57e-1946383fcc60,GONZALES,Gonzales
cc:6f21ee75-915c-4c07-9e50-87cbae481d5f,NEW YORK,New York
cc:6f2a44c9-76ea-4d5f-bde4-e5d604a3cf29,SEATTLE,Seattle
cc:6f2cf667-f3e5-4475-b0aa-2b807c3316be,BECKLEY,Beckley
cc:6f3bb53b-fdc8-4ce0-a8d2-ba647263fc0d,AMARILLO,Amarillo
cc:6f3de96c-b035-4a50-8b77-1443902cfc95,HINTON,Hinton
cc:6f56fb00-cbea-4c8e-a5a2-72589dc0ea61,EWA BEACH,Ewa Beach
cc:6f5a6a47-04db-47e9-bc22-5486d23ca87e,SELLERSVILLE,Sellersville
cc:6f79c8ae-affd-4cb9-b9f1-b25e52b059de,CARLSBAD,Carlsbad
cc:6f914e1b-7f6c-4256-ba51-50ddca1fd26c,SHREVEPORT,Shreveport
cc:6f9b6a1f-f7ba-46dc-a13b-f9c2faee2073,WALTERBORO,Walterboro
cc:6fa3e0de-84e0-44b8-bf0f-5cda69fe0bad,BROOKLYN,Brooklyn
cc:6fa75cae-7481-47fb-8ae7-97b1129ff4e7,HYANNIS,Hyannis
cc:6fa87a81-acd6-404b-bd04-7ab45afd0d55,BENTON,Benton
cc:6fbaa753-927c-4d16-8b67-657dafa40dbb,ASHLAND,Ashland
cc:6fbe23a6-169c-4cf2-ac12-acfd6e43d9a4,FLORENCE,Florence
cc:6fc0ea6d-4ece-4b12-a041-5e87a5814afb,MONTICELLO,Monticello
cc:6fc18d09-d091-45b5-bc8e-8c71d0bee54b,LAFAYETTE,Lafayette
cc:6fc4367a-dcb9-4ff5-b984-170f9585c5cd,ST LOUIS,St. Louis
cc:6fd17799-e15d-4d8e-95b0-2b861abc7413,AVONDALE,Avondale
cc:6fd93add-fb18-46b5-8eb6-5842e4415e91,BROOKFIELD,Brookfield
cc:6fe448c6-e6ce-41a3-b0ca-99338e148ed4,HOFFMAN ESTATES,Hoffman Estates
cc:6fe8a0d9-19fe-41cc-8e7d-66c3571f2f7e,PORTLAND,Portland
cc:6ff79b53-7d7e-4738-9a87-c7c4ce702bc3,ESCANABA,Escanaba
cc:7005b5e4-782e-4de5-845f-e6aabf163453,ALISO VIEJO,Aliso Viejo
cc:7006b3d3-620a-411c-bd22-4af722da962a,SAN JOSE,San Jose
cc:700f14fc-aa18-4ca3-b698-9becfcda511c,COLUMBUS,Columbus
cc:701492be-55aa-4f64-bc5b-cae597dd645c,NORFOLK,Norfolk
cc:701cf3f2-74a2-472b-8dff-893263dc803b,MILLEDGEVILLE,Milledgeville
cc:7030d8dc-d99c-4426-9cb7-e5df151eef1e,BLUE RIDGE,Blue Ridge
cc:70318f67-d184-47b8-93f0-a50c2b320881,ELIZABETH CITY,Elizabeth City
cc:7035bf51-a0ed-43ee-a113-04a6cf46d834,STEVENS POINT,Stevens Point
cc:70361c39-3e48-4edc-9466-a6150060ecb7,MIDDLETOWN,Middletown
cc:70398977-d7ce-4219-ad17-e32176635216,DEKALB,DeKalb
cc:7047b5df-1bc0-4af5-ba26-1b8fa6ffba90,NORTH LITTLE ROCK,North Little Rock
cc:7053f86a-5032-4964-ace0-cd617303ff5b,ST. JOSEPH,St. Joseph
cc:7059a1b9-5b1b-4273-b3f5-8ebeb809612a,DETROIT,Detroit
cc:705e06e8-77d2-4f21-b9bc-cfc502891035,CLINTON,Clinton
cc:7063cadb-32d4-4bdd-966a-7161a932b892,LUTHERVILLE-TIMONIUM,Lutherville-Timonium
cc:707af5a9-9c8a-4edd-b641-d3e6641484a3,BETHLEHEM,Bethlehem
cc:7080c665-6b11-4316-8cab-bda2383f486b,FRANKLIN,Franklin
cc:70847b0d-aeeb-4234-be13-533b52d78a47,MIDLAND,Midland
cc:709123e0-5b7c-484e-8118-58c424a91a03,ARLINGTON,Arlington
cc:7094b3bb-d4ed-4de1-acb6-1be39f4bdceb,ABINGTON,Abington
cc:7097e847-d8e9-4a43-8149-a1a1a9d35718,PEMBROKE PINES,Pembroke Pines
cc:70a7ad1f-5f67-405e-8126-7c3809e3f00a,DELTONA,Deltona
cc:70a840fd-71e6-4885-b6ef-c4953af62ab0,CALLAWAY,Callaway
cc:70b6a0e2-e532-4611-8db4-0c9edc9d1a36,WOBURN,Woburn
cc:70c2614d-02db-4a9e-a02e-647c9a24d4ae,COLUMBUS,Columbus
cc:70c41db3-e387-4c17-b3ed-f01cd858701f,ROLLING FORK,Rolling Fork
cc:70c816a2-26be-4fb0-9b64-608cace78469,CHARLES CITY,Charles City
cc:70ca7263-34ba-42f6-b98d-dc0f9ea44509,RICHMOND,Richmond
cc:70cd8f45-a804-4eae-b19c-3dc57ca83c39,WESTFIELD,Westfield
cc:70cfb89a-d2a1-499b-be7f-fba60eedc1f3,TULSA,Tulsa
cc:70d4f138-0671-4aca-8309-9cd783677a76,EDENTON,Edenton
cc:70d6b775-b782-4aea-ac4b-3752b1dcef12,ABILENE,Abilene
cc:70d7061d-d203-4542-a307-1efbeb38152f,PHILIP,Philip
cc:70d76ef7-6699-4e90-a936-a07f97d7c57c,BROWNFIELD,Brownfield
cc:70e95fdd-6abc-4015-809c-52f479d96ee0,SUGAR LAND,Sugar Land
cc:70f2c307-d1ef-4bc9-88fb-864a14f99868,SOUTH MIAMI,South Miami
cc:70f3016a-27ac-41fe-aa4c-69642b8e47b3,LAKEWOOD,Lakewood
cc:70fa52a9-902a-4695-8115-cfb9a6d83b3d,RICE LAKE,Rice Lake
cc:71098056-58c2-4b10-8376-0c9b13c64cef,AUGUSTA,Augusta
cc:710a8b1e-d3d4-40c0-8ce1-33e0363ef279,HIALEAH GARDENS,Hialeah Gardens
cc:710aec4c-1813-467a-a46a-6e9a36113bf2,ANCHORAGE,Anchorage
cc:710c6bbc-017a-4df5-881e-cd029886fd6e,SANDY,Sandy
cc:7124be22-7f86-4c4d-9a0d-5153a589841d,RICHMOND,Richmond
cc:7137f900-b485-456e-93e3-51fc8e40bcc7,LAFAYETTE,Lafayette
cc:713e9995-9bd0-45ba-abc3-4893f97a36f6,HOUSTON,Houston
cc:71406728-5ff4-48b4-b428-a7f6278bd563,MUNCIE,Muncie
cc:71442234-738a-44a3-999c-5bd6615bb7ec,EL PASO,El Paso
cc:7150fa99-fcd2-4336-95e0-8fb6e4376d7c,NASHVILLE,Nashville
cc:71528554-2821-407f-afbc-7bfe7e490f62,TROY,Troy
cc:715ccb2d-560a-439d-8017-154a2215cb7c,HEMPHILL,Hemphill
cc:71620157-3480-4974-ad58-784580d14acd,EDINBURG,Edinburg
cc:71629791-3be3-469b-9993-66e5bec63b67,DIGHTON,Dighton
cc:71656e45-8c56-48e9-888d-520b8b83311d,ATHENS,Athens
cc:717c62ce-037e-482d-a5c1-373974747ce4,ADA,Ada
cc:717f9f39-7eb7-457e-bce3-ef76d73bf78b,PAWHUSKA,Pawhuska
cc:7180175d-7152-4c37-9634-0c81f182e112,ALAMOGORDO,Alamogordo
cc:7181d478-6138-44af-a26c-d07f536fa6ff,COALGATE,Coalgate
cc:7194e609-9a3b-4ff5-bd4d-af95469f2158,WAUKEGAN,Waukegan
cc:71a36430-9fe1-497b-869c-cc23e8f62548,EADS,Eads
cc:71ab3d18-1ccb-4d21-b29a-ff1d0a50c3e9,ATHENS,Athens
cc:71aeff6f-e589-4b75-b698-e5ef7e3cee15,CUMBERLAND,Cumberland
cc:71bbbd8f-fa87-4a22-92dc-f8c5a0bc56c3,SPEARMAN,Spearman
cc:71ca07ac-4ba4-4e24-b958-282cf687cdc9,MORGANTOWN,Morgantown
cc:71d91009-f8c3-443e-b90e-a657933714a4,WATFORD CITY,Watford City
cc:71e3580a-1631-42db-8c61-86ec409e1fdb,PHOENIX,Phoenix
cc:71fbc173-221e-41c5-85dd-8306bb4a7610,CAYEY,Cayey
cc:720c7f48-82fa-4a41-bf3f-d8bdc004eb94,ODESSA,Odessa
cc:72202bab-129d-49fe-82cd-68e913cd318c,MCCOOK,McCook
cc:7226754f-a8cb-4015-a3ed-6ddb4a792885,CROWN POINT,Crown Point
cc:722d7b69-86eb-4367-bf2d-c9cc47850cf4,PONCE,Ponce
cc:72304b51-f31f-4850-8007-0cc2aeef5903,ANN ARBOR,Ann Arbor
cc:7231df8a-0e1e-4d46-927c-7284df645e42,CHICAGO,Chicago
cc:723f6e15-d5cf-48d6-8a5a-df4f8086899b,METAIRIE,Metairie
cc:724025a4-1c23-42e0-86dc-45f1b6b4f726,PALM BAY,Palm Bay
cc:724146a2-dbb5-4d8e-8c28-4b3357f68c86,MANCHESTER,Manchester
cc:72461e80-685c-4ef7-ae1a-f045725f8cce,LANSDALE,Lansdale
cc:72567552-0cc3-45ed-9b60-4f7e65deef57,EAST CHICAGO,East Chicago
cc:725bfef3-6681-4c8d-8306-a521a35be63c,PENDER,Pender
cc:725c0dbd-a51a-4a91-a236-10b1646e5f87,WILLINGBORO,Willingboro
cc:72659793-cbda-4ab0-86a4-7a6bc411e4b9,HOPKINSVILLE,Hopkinsville
cc:726eb42d-b00f-420f-9267-206ab63349f4,INDIANAPOLIS,Indianapolis
cc:72932772-10b5-43f6-b354-895383f0c821,CHICKASHA,Chickasha
cc:729905a9-d535-4ee1-b3ca-4be1a456ec8e,SHELBYVILLE,Shelbyville
cc:7299b556-9838-42fe-a13e-8f8819c81b7c,FRASER,Fraser
cc:729e2024-32a5-4688-9c4e-b99e6ba07ce4,MONROE,Monroe
cc:72a49762-1588-4d5c-b0a9-a6dfb5a8d02c,HERRIN,Herrin
cc:72a79650-8fdc-46dd-a761-95db462dfc30,GRENADA,Grenada
cc:72b0254b-1da6-4fff-b1be-5d46be82f4fc,HOUSTON,Houston
cc:72bc251c-42fc-4e95-a8fc-82261cebe421,SAN ANTONIO,San Antonio
cc:72bf923c-9214-4e3a-9a3d-7295763ca2f2,WILLARD,Willard
cc:72c79544-3c30-43d2-9f3d-660785b47cfa,ROUND ROCK,Round Rock
cc:72d1b945-c705-4031-b1fa-c3edd9e23aed,MANKATO,Mankato
cc:72e21ac6-06d6-4380-bd2a-35024bbfb161,CALAIS,Calais
cc:72f192fa-b51b-4148-96ad-952635eda84a,TEMPE,Tempe
cc:72f959ea-8697-4021-bb2a-6143f471e8e2,BAYTOWN,Baytown
cc:72fb771a-b755-4ea5-b6cc-d7bc1396f684,ALPINE,Alpine
cc:7312a7ed-e44b-44a9-acf8-746bb172fb6e,OSCEOLA,Osceola
cc:73244170-27d8-4d46-ad33-0b661d1baa79,MCVILLE,McVille
cc:73271749-401d-4e39-bef8-b149694d277b,BANGOR,Bangor
cc:736e35a0-7300-48d4-a793-42882654f993,LOUISVILLE,Louisville
cc:7389a34e-7651-4599-8eb1-8424e528491b,LOVELAND,Loveland
cc:738fe3fc-959e-402f-94d5-d741cec3e01f,SAN ANTONIO,San Antonio
cc:7391948b-f195-40cc-a1d9-fec7bb054348,LAKE JACKSON,Lake Jackson
cc:73a14372-6358-4ef5-8f49-aaa23ced4835,BROWNSVILLE,Brownsville
cc:73a54746-da76-449c-aec8-06a87154d5ab,PHENIX CITY,Phenix City
cc:73c0bc01-789d-4772-a5cd-db7f1861d0f7,KOKOMO,Kokomo
cc:73c4e4cc-c91c-46db-a6b4-133091fe48e6,SEABROOK,Seabrook
cc:73cf54b6-629d-4176-b03b-2cf01aedad1d,SAINT PETERSBURG,Saint Petersburg
cc:73d78c11-9894-4b7f-a80c-733997d41c50,RONAN,Ronan
cc:73deb2e5-52be-4a7f-9491-4c36b9511fdb,LACEY,Lacey
cc:73e150af-e28d-4e0e-a9c5-44cdb3a9dc4c,CHATTANOOGA,Chattanooga
cc:73e5cb7a-0e17-40f2-8cb0-648f152c97f7,FLORENCE,Florence
cc:73ee2148-7410-4365-a67c-e8b60bf04711,WICHITA,Wichita
cc:73f9c6b2-9ce4-4974-93c3-1948c473a28f,THE WOODLANDS,The Woodlands
cc:740162ca-4ce8-4b65-ac01-36aac24d8d54,WILKES-BARRE,Wilkes-Barre
cc:7401fcef-e778-4a6a-9491-38737ecda265,WENTZVILLE,Wentzville
cc:740a8cf5-c3ac-409e-b93b-549f4b11311f,SANDWICH,Sandwich
cc:740dfc31-31d0-4a26-a31e-77b2a6fe85a6,HARLAN,Harlan
cc:740f88d7-24bd-489a-b412-17f1d79d3eb2,PORTLAND,Portland
cc:7420ae0d-844e-401f-88a2-eefe304f396c,PHOENIX,Phoenix
cc:74253093-261c-48ab-bb25-ea2245baebe0,CINCINNATI,Cincinnati
cc:742c8e25-5094-4f0e-b012-74b29d49ac8c,PHOENIX,Phoenix
cc:7446a9d4-860a-4c78-92fb-1184f2e9a754,EDISON,Edison
cc:744c0459-69ad-4c86-a9a7-69c91253175d,RINCON,Rincon
cc:744ec0c5-9784-43a7-8f29-0b7686ad0d43,SALINAS,Salinas
cc:74505626-fc18-4e38-8b11-f4739889a6e3,WESTMINSTER,Westminster
cc:74553a98-6508-40c8-938f-dc3cb628c40a,NACOGDOCHES,Nacogdoches
cc:745a83bc-17e9-4847-901d-d5286f36c8aa,NEW ALBANY,New Albany
cc:745c9b22-799b-4d14-8a60-962ceb356015,STUART,Stuart
cc:74613875-f612-4769-a124-d2dc9faf383d,CRETE,Crete
cc:7472540f-401e-4fdd-866e-b58264a62b64,NAPOLEONVILLE,Napoleonville
cc:748dfa06-eb1d-469c-8c9a-8c46226975eb,LOS GATOS,Los Gatos
cc:748fe1bd-4c20-405b-991d-da3cf1eb1cd7,WEST ORANGE,West Orange
cc:74971f22-245a-4688-bcc4-aee60d7d91c4,MESA,Mesa
cc:74982e87-9113-4050-8106-2842c596b0db,EAST CHICAGO,East Chicago
cc:74a4cb62-2364-4404-9103-016b57ddc560,LEHIGH ACRES,Lehigh Acres
cc:74a89e77-9ba7-4dbc-9b25-b198a5145372,SOUTH WASHINGTON,South Washington
cc:74ba3c14-504a-4a43-a129-ff8d0fe71c4f,THIEF RIVER FALLS,Thief River Falls
cc:74ca0aea-f5e3-4590-82f8-48e34c92eb8c,MONTGOMERY,Montgomery
cc:74cd6c6c-70cd-4b87-a824-5a905f35a581,TURNERSVILLE,Turnersville
cc:74d34674-408d-4e93-8c84-f8539bc07420,ALBUQUERQUE,Albuquerque
cc:74e7689c-ffb1-45d1-9442-f981c6d1dd68,ELGIN,Elgin
cc:74f11232-c81f-4a9b-9bd1-ad286a5731ef,WATERLOO,Waterloo
cc:74f5bc68-b2d4-43a0-860c-b6ff960d8098,CHICAGO,Chicago
cc:74f7d6e4-d467-4129-83dc-6ac3c9363618,DAVID CITY,David City
cc:75045916-bd2a-4e7f-8e36-71ecb0f56c1f,DAYTON,Dayton
cc:750a6003-9a47-409e-8e80-9a7aecc43eb3,ANAHEIM,Anaheim
cc:750c93e2-ec88-478f-bed0-354a961e6d02,OAK PARK,Oak Park
cc:750d6b54-6c6e-4f85-bb0d-a0ae4c0026bf,MAGNOLIA,Magnolia
cc:751aab37-b52a-4abd-9238-4701c1fab13c,WEISER,Weiser
cc:752ac3be-a958-4f7e-b3a8-a4249c716552,BETTENDORF,Bettendorf
cc:752e47de-e173-442c-a0e5-dbd0e177378e,DETROIT,Detroit
cc:753de459-7935-476d-8c94-7c81ea58c21a,BIG LAKE,Big Lake
cc:754c89e6-dbd1-4b15-8f01-68517935323d,GUAYAMA,Guayama
cc:755504bf-4204-4208-8f6a-ffd803515a9f,PITTSBURGH,Pittsburgh
cc:7566445e-8226-4ae3-9a43-02744a08108a,SAVANNAH,Savannah
cc:7575b2b7-e48c-4535-b5a6-8ea835c6cd12,KALISPELL,Kalispell
cc:757ad40b-8eaa-4a93-acd9-374049a4823d,GARDEN CITY,Garden City
cc:757fc948-059b-4c82-80cc-193e29ca0272,HUTCHINSON,Hutchinson
cc:7581db1c-f0f2-48b8-9ab3-20d8cc78ae0c,HANOVER,Hanover
cc:7590e8bf-24b3-4652-bebe-1e7aeff350ac,JUNEAU,Juneau
cc:759d0280-2e2e-4109-a9f0-4d8e4d1e87a0,GRAFTON,Grafton
cc:759e2865-e715-42a5-a4c3-42376feb0d1c,WESLEY CHAPEL,Wesley Chapel
cc:75a6269d-4fdc-4675-a0c4-0a43fc8f89b9,FLAGSTAFF,Flagstaff
cc:75ab15d8-53df-47df-9ef5-57d18ceb6fbe,EVANSVILLE,Evansville
cc:75b0a460-4156-47d7-901c-7a8e3906481d,VISALIA,Visalia
cc:75b660d0-6496-4f64-b58c-59a777de0ab9,HOT SPRINGS,Hot Springs
cc:75b6aa96-c655-4d3a-9334-1777fded97e4,PETERBOROUGH,Peterborough
cc:75b74c35-004f-4380-9941-2370df0ca8fd,DECATUR,Decatur
cc:75c04ae1-9b75-486c-95f8-515617107880,JERSEY CITY,Jersey City
cc:75c51a6d-ecf2-496a-8167-4b7bcad19cb4,MONROE,Monroe
cc:75d36dfc-26cb-4ba8-849f-9fd2fd9e1156,MOUNT PLEASANT,Mount Pleasant
cc:75db3186-adbf-45d5-93ed-202b27d76663,GREENFIELD,Greenfield
cc:75dc2f97-11fb-4a71-af39-beb9eb1b2423,YULEE,Yulee
cc:75df2ce1-ea1b-4199-aa2f-6a16aa0390de,READING,Reading
cc:75f3b2bd-a2fa-456f-8a05-f9b230a32c91,HARVARD,Harvard
cc:7601dbf1-d017-4553-9d87-bcde6ee65e02,TRAVERSE CITY,Traverse City
cc:7610127b-c507-481c-b045-36f3c75c0fe4,SPOONER,Spooner
cc:761f1c56-0da4-48b6-bfd5-9a27e4817702,BRONX,Bronx
cc:76229d1c-a147-42d6-9c8a-e7c8dc9d6562,ROSEBURG,Roseburg
cc:7627c45c-2a41-4be2-b1d7-5840a4a69cef,WATSONVILLE,Watsonville
cc:762d0de4-220b-436d-b219-709c4be3b04b,NEW YORK,New York
cc:76353c25-0cf7-4256-a28c-de096a921a22,JACKSONVILLE,Jacksonville
cc:76366c73-9532-446a-8f03-cba19602ae52,MADISON,Madison
cc:76453287-c9ea-4a60-94be-fcd044e88fc2,INDEPENDENCE,Independence
cc:76541e25-3d31-46f3-9a1e-759262c3ad2a,HAZEL CREST,Hazel Crest
cc:765711a2-897f-4ce1-901a-05513de0dc7c,JESUP,Jesup
cc:7666404a-462d-441a-bed6-497e58dc71da,SPRINGFIELD,Springfield
cc:76668c4f-6ebb-4cc2-9568-01b06420f611,LINCOLN,Lincoln
cc:766ce6a5-1b47-48c8-8b8a-58c4376a7c87,BELLAIRE,Bellaire
cc:76710e0a-a3f0-48af-839a-de2d502f1d0c,GRETNA,Gretna
cc:7672432b-6974-4da9-a94b-e3a292ff70fc,IRVINE,Irvine
cc:76842832-f518-4c1c-844a-434a0d0aaeee,HUNTSVILLE,Huntsville
cc:76867771-284b-429c-9f32-e7710d614633,NEWARK,Newark
cc:7689fd73-76b4-43f5-be48-7cb2fe0748fb,SAN ANTONIO,San Antonio
cc:768ae088-9304-4380-94dc-ce437b3eeebd,WEST BRENTWOOD,West Brentwood
cc:768e684f-03fe-45dd-94cf-7ed9265b3e7c,LUTZ,Lutz
cc:7697aff5-4266-4650-bc15-67f30c73e29b,EDGEWOOD,Edgewood
cc:769ce1fe-b361-4819-ae90-81ab629d726c,ANDERSON,Anderson
cc:76bf3d05-f4c7-4db5-aed8-b06cf07870ae,ROCKVILLE CENTRE,Rockville Centre
cc:76bf7037-6f92-4b33-a852-301ab72697d5,FRISCO,Frisco
cc:76c07f5c-6933-4d44-8f27-277a44512795,MT VERNON,Mt. Vernon
cc:76c77cc4-01df-446c-a14c-611a756ffb6b,KIRKLAND,Kirkland
cc:76d87bb6-3384-4eb4-b0db-b9af9c34325c,MIAMI,Miami
cc:76e1b151-9cf7-445a-a334-764b48d77851,MINNEAPOLIS,Minneapolis
cc:76e59cac-585c-4c5f-b5d9-71a199b139cb,GROVE CITY,Grove City
cc:76ead7de-2c43-4fd5-af29-31f3a8ebd5c6,PHOENIX,Phoenix
cc:76f36229-b90a-4a91-bb34-154f99d7a21a,IRVINE,Irvine
cc:772f5944-852f-4664-9f4a-6313b1ce4809,SMITHTOWN,Smithtown
cc:77400008-b7f3-4c09-aa3c-ad8f401e210b,LONGMONT,Longmont
cc:774e784e-0de7-4923-9520-824259bd7b15,VERMILLION,Vermillion
cc:7757d2d2-e4f9-4347-b360-f58e5dbf0397,CORPUS CHRISTI,Corpus Christi
cc:7758202e-e6cb-4d87-8b3e-547fb4a3e102,WALNUT CREEK,Walnut Creek
cc:77662ec4-33ac-4b3d-9feb-acfb4f04c365,HIAWATHA,Hiawatha
cc:776a7136-a4ef-4d97-841f-0a3ee0e1c984,TACOMA,Tacoma
cc:776b6122-3dd3-4d91-bda1-fbdcdbce1f32,SAN ANGELO,San Angelo
cc:776ce1f1-9f33-405b-8ba5-d4212d3827fa,POINT PLEASANT,Point Pleasant
cc:7773ae02-30d9-4cd8-a8cd-1809d1c025d8,ATMORE,Atmore
cc:77745e0a-0b9f-4e64-9c92-0645578ed15b,FORT MILL,Fort Mill
cc:777c3136-dc14-46cd-a1c3-e51c1a2223ee,SAN DIEGO,San Diego
cc:7787e0c3-9051-49e1-8b9e-1694d38b3d79,FLOWOOD,Flowood
cc:77889fd1-579e-412a-9fc8-fae413f355af,KANSAS CITY,Kansas City
cc:778b780e-1f32-44e0-91f6-c4109fab1f3c,MEADVILLE,Meadville
cc:778fb234-b8e6-4f4d-8e07-786b141c86bd,PORT ST. LUCIE,Port St. Lucie
cc:77a05f29-ea94-47d4-8351-45337c0a3b97,LIVINGSTON,Livingston
cc:77a8d7b6-7334-436f-9bda-55284e62cb77,SAN RAMON,San Ramon
cc:77b071a7-82a7-4c45-aea9-131ce4365d13,LAKE ST. LOUIS,Lake St. Louis
cc:77c4f904-d019-462a-b88c-f4f0f0cd45ee,YUKON,Yukon
cc:77c54594-d77d-48d1-9d8a-e18350bacced,SITKA,Sitka
cc:77ce3fff-292d-4fd0-b871-5a0322ee632f,MORRILTON,Morrilton
cc:77db740e-4bec-4ac6-8bf4-bee1220d9500,SAN ANTONIO,San Antonio
cc:77e2d7a6-2d41-484b-97fc-6556ce699c75,CAMARILLO,Camarillo
cc:77e944cb-6f40-45af-a116-34f486d51f99,GREEN BAY,Green Bay
cc:77e97f64-32c7-4264-b449-1d14bfbf38f9,DEFUNIAK SPRINGS,Defuniak Springs
cc:77efcd3f-edbe-4e32-9948-92a65e1d5e9d,DOUGLAS,Douglas
cc:77f1b3b1-e45a-49de-b056-ec38c3d0ccc7,PHILADELPHIA,Philadelphia
cc:77fa1075-ab44-4c05-9d02-ea6cfc481e2f,DAYTON,Dayton
cc:7800136b-28ef-4fa1-a71e-58b66ddbd6ab,CRESCENT CITY,Crescent City
cc:780dfd5c-23a0-4f51-9f17-8f96d67fe3bb,NEW BRAUNFELS,New Braunfels
cc:7812b9ef-fb9c-48e4-9911-0d25c64866e8,CARMICHAEL,Carmichael
cc:781d235f-b016-4752-b278-1549252a4e2d,GADSDEN,Gadsden
cc:781dce99-c410-418d-be92-081afd7c1fed,MENOMONIE,Menomonie
cc:781e3266-d74e-4d1a-a245-e6f52065e652,RENO,Reno
cc:781f86c4-4be4-431e-822a-6d1575507436,CHAMBERSBURG,Chambersburg
cc:781f9a58-89a6-4fc8-a36b-04fa0975e895,PRINCE FREDERICK,Prince Frederick
cc:78305015-3882-4e49-9998-3b171d844f78,DICKINSON,Dickinson
cc:7833812c-8e8f-43ba-86e4-4e656ba2d3e8,PHOENIXVILLE,Phoenixville
cc:78441b02-c862-4b95-8ce2-7ce75d5cde27,WAUKESHA,Waukesha
cc:7846721f-9b85-4d39-93b7-0e487a456631,ROUND ROCK,Round Rock
cc:78643d41-cdf5-4823-a3a0-e86b280667ba,EVANSTON,Evanston
cc:788c8e79-d8d0-41f4-b404-c6137be1651f,MIAMI,Miami
cc:7893c22b-ae03-48c5-8bba-e53e4cfa8c02,OKLAHOMA CITY,Oklahoma City
cc:789539cb-e4b5-4bca-b519-ad43af7c12dd,ST. LOUIS,St. Louis
cc:789c3677-e367-41f0-901d-b78cb90b8fc0,SHERMAN,Sherman
cc:78be0e9c-e461-49ce-bcfd-b78243edb671,FORT WAYNE,Fort Wayne
cc:78c097de-2e72-4276-8e93-8b051351edae,COLUMBUS,Columbus
cc:78c1bbe8-6a0e-47ad-a7d5-f0433a01e372,BYRON,Byron
cc:78c3d931-157e-4284-b902-dbdf79f9f214,NAPA,Napa
cc:78c9c2b0-7a08-4726-8918-dd5fc68a89d0,BEAUMONT,Beaumont
cc:78ec31e2-8290-492c-a545-4e66e0e84387,ORANGE,Orange
cc:78f38660-8b5d-4d79-984b-ec61b10b979f,CHARLESTON,Charleston
cc:790716d4-d4ef-4731-a9f0-e8b142800d4c,CHICAGO,Chicago
cc:790c1263-25a8-432f-97a9-7b4e8b2a0260,HOUSTON,Houston
cc:79198caf-74b8-4b72-9e8f-75fee217cf03,LIBERTY TOWNSHIP,Liberty Township
cc:79224a6d-ae6e-4ba6-a317-3a5a1ffc883b,MERIDIAN,Meridian
cc:793d7f03-6994-4446-8029-5c828bd8722a,RIVERSIDE,Riverside
cc:79514baf-5286-4050-98d0-2496e0505f29,MANCHESTER,Manchester
cc:79746d2d-0dca-41aa-b2a0-3d1bcd1a7937,MAYAGUEZ,Mayaguez
cc:797661cf-05ef-404c-a6e8-575a0d36172f,RUSHVILLE,Rushville
cc:797965da-0399-4478-8c7e-a8aacf586818,EL PASO,El Paso
cc:7991df2b-35b3-414c-8140-e8bb5c9c6d89,GREENVILLE,Greenville
cc:7999bf4c-53ce-47f0-9c03-c2c82efa9e39,BATON ROUGE,Baton Rouge
cc:799c8c84-63a1-4612-984d-46556b1932d0,SHERMAN OAKS,Sherman Oaks
cc:79a3ef6a-b59d-4d59-aa17-77dd60a8ae52,ONAMIA,Onamia
cc:79bfba91-7c3c-4db7-bef2-ab877210060d,APEX,Apex
cc:79c1a8bc-df0f-4444-96f4-a3c5788d47e5,TRUTH OR CONSEQUENCES,Truth or Consequences
cc:79c59de9-08f4-46ed-9cc9-8e7a38ea74b2,MONACILLO URBANO,Monacillo Urbano
cc:79cecc86-b551-415f-9411-291e70dcca97,BROWNSVILLE,Brownsville
cc:79cff2da-4674-4e26-a535-25bc4915735c,GREENVILLE,Greenville
cc:79d5677f-5c77-423c-bb3c-ea56ed2fc49a,CIRCLE,Circle
cc:79d5a540-c74a-4d74-8f0d-819d6246fcf3,GLASGOW,Glasgow
cc:79d63353-b824-4f6e-b1d0-22c0ecd81bd1,RANSON,Ranson
cc:79d9211d-57c8-4ecf-9883-fb6cf2127f53,WHEELING,Wheeling
cc:79e3b519-0825-4d94-aa8d-699a6c530701,TAWAS CITY,Tawas City
cc:79ea5152-4330-47b5-bdb7-0c0c7cf634dd,VALDOSTA,Valdosta
cc:79fd6095-f566-416f-a490-4519f9fd391a,CHICAGO,Chicago
cc:7a0a74eb-3e39-43b7-bc37-f70f432531c1,HERSHEY,Hershey
cc:7a0c9108-b21d-4359-a7f5-1fe7b587e04d,SOUTHPORT,Southport
cc:7a209da2-29bf-4a30-b968-aa74a9c57ffb,HAGERSTOWN,Hagerstown
cc:7a2427f0-7e72-4345-9ed2-40597dcb9bbd,EL PASO,El Paso
cc:7a36426c-e37a-4c20-995b-c8eb8aa9f20b,GRETNA,Gretna
cc:7a3944b9-c57e-4b6d-8edf-b726c2f3308d,PAINTSVILLE,Paintsville
cc:7a3c3c62-7dae-4271-9f95-9465334a8bfe,MESA,Mesa
cc:7a3ce657-f301-433c-b9fe-07c3b523ef16,TOWNSHEND,Townshend
cc:7a408891-53ad-4fe1-ba92-ea1977539334,FORT LAUDERDALE,Fort Lauderdale
cc:7a46e718-8fe8-4605-9a1c-ccbcbb8d307d,ORLANDO,Orlando
cc:7a640b87-59f8-41bb-88b7-02ea30ac0af0,HAMPTON,Hampton
cc:7a684842-5793-458b-bade-4dab643a2d0c,MANISTIQUE,Manistique
cc:7a68a343-1a21-4fb3-9513-c03147775cef,GRUNDY CENTER,Grundy Center
cc:7a713023-4af8-447e-8c52-23a0b5bbe5ef,MARKSVILLE,Marksville
cc:7a76a1b1-0f3a-4e92-8a08-b0f0c2b79c61,WAXAHACHIE,Waxahachie
cc:7a7b0cf4-3ce7-4bc5-9fa5-60c6e594789a,SCOTTSDALE,Scottsdale
cc:7a7f0c74-686d-4904-9251-6fb8c2dbad2f,FAIRFIELD,Fairfield
cc:7a94c5e0-1579-4cb8-9685-07a0018d3337,WASHINGTON,Washington
cc:7aa44008-6b60-4fbe-ad2f-261c48c8c98a,VANCOUVER,Vancouver
cc:7aacb136-4544-4581-82fa-f6733145715e,PLATTEVILLE,Platteville
cc:7abc909c-b1f4-4ed6-905e-e62cea836fa9,TYNDALL,Tyndall
cc:7acf081f-5d7c-4432-a425-7d694d4e7231,JACKSON,Jackson
cc:7ad6bc21-c8e7-40ba-bc90-24a1856a1c29,TUPELO,Tupelo
cc:7adccef1-6874-4ba9-af4a-c79398c80628,WICHITA FALLS,Wichita Falls
cc:7afa338a-f229-4bb3-ba1a-84442b6085e7,OAKLAND,Oakland
cc:7b1406be-87a3-475b-815c-f3f0508e5ea5,SIOUX FALLS,Sioux Falls
cc:7b17654d-7379-4279-886a-b3d3a16816b6,AMITYVILLE,Amityville
cc:7b207aa5-23e8-4f0e-bac4-aaf598d5f55c,METAIRIE,Metairie
cc:7b237693-8c76-4a09-9ee4-7f80066a1870,CASPER,Casper
cc:7b297ca6-d751-481b-89c2-de61a27ac981,SAINT PETERSBURG,Saint Petersburg
cc:7b318350-3ae5-4843-963f-669a6ac29582,OCONOMOWOC,Oconomowoc
cc:7b32f033-da5a-4191-8651-f7e8ad0ef367,TEXARKANA,Texarkana
cc:7b36023c-431a-4460-9f1e-78ac00a3902c,WAVERLY,Waverly
cc:7b37f6f6-4bd7-41e3-be66-697bb117501e,SOUTH LAKE TAHOE,South Lake Tahoe
cc:7b38d607-b7b5-4193-882b-d4d7010296ea,CHILDRESS,Childress
cc:7b40fc74-2b20-4b90-bf43-e31241ab8a2b,GREENVILLE,Greenville
cc:7b42dec4-9c1e-4447-8ad6-341594a28380,MANGUM,Mangum
cc:7b443c40-9226-49e5-aed3-1f653a078c2e,WAILUKU,Wailuku
cc:7b4776f1-5686-42d6-8c91-67ae7684f0d3,NEW YORK,New York
cc:7b4939d7-39e0-4b14-8ae4-0cdd1f3a0e26,AIBONITO,Aibonito
cc:7b646b41-604f-4001-bc62-f31766894263,NORFOLK,Norfolk
cc:7b675cc1-cac9-415c-a810-ced25ab87d07,SAN JUAN,San Juan
cc:7b781e44-3ada-4fbd-bf3e-d26affcd4648,SAINT PETERSBURG,Saint Petersburg
cc:7b7f91de-3c18-4816-af37-9163f94a0b82,MIAMI,Miami
cc:7b88b56e-4362-48a5-a119-960e9224f2ed,POMPTON PLAINS,Pompton Plains
cc:7b8b217f-d146-428d-8a48-7cc7f5ae4745,MILWAUKEE,Milwaukee
cc:7b8c8619-6608-4438-8644-971587253fd4,INDIANAPOLIS,Indianapolis
cc:7b972335-2b0e-467c-bdd6-c64183defa2a,ELIZABETHTOWN,Elizabethtown
cc:7b9a82f7-0991-4ba6-a6be-45c75fb6dc40,RICHMOND,Richmond
cc:7ba536c6-290d-4145-a5c5-7fb60c96a6b9,SANTURCE,Santurce
cc:7ba70df5-3898-47a5-ab0d-4869b0b57fdf,FAIRFIELD,Fairfield
cc:7bc7fe4e-70cf-4fdc-b7f8-c5a113161598,HOUSTON,Houston
cc:7bd91eb4-28e6-4717-ac5f-a340f1e73c1f,HAVERTOWN,Havertown
cc:7bddd479-f424-4146-8902-8b923d3756bb,BILLILINGS,Billilings
cc:7be1d025-9f0c-4447-9df7-77cd2e2f2a12,PETERSBURG,Petersburg
cc:7be1e534-c1d1-4901-9568-ca98c58145b6,HOUMA,Houma
cc:7be2f14d-9429-49c0-a7bb-ff3b4ef3b7be,LANGHORNE,Langhorne
cc:7bec48c8-760a-46c9-a110-8ad1d0bd3193,LAS VEGAS,Las Vegas
cc:7bfd2872-f74a-4d53-ab89-3cbf22d8ca1f,JANESVILLE,Janesville
cc:7c0071bf-4478-4a86-aeab-4fcbb33177ef,MEMPHIS,Memphis
cc:7c032be0-d0da-49c1-b8c3-e281ed1de61c,PAHALA,Pahala
cc:7c035560-dfe6-40bb-9231-5c13296aa0f6,DAYTON,Dayton
cc:7c080e88-4570-4eef-8f3c-2366a0d00d3c,OSHKOSH,Oshkosh
cc:7c0c8c80-2b9d-4acb-9e6d-3d9593525523,HUNTLEY,Huntley
cc:7c16fe8f-2e0b-484f-83d6-a0c06a78d7fd,OVERLAND PARK,Overland Park
cc:7c1c4b6b-7210-4939-9dbd-723af7605ea0,WASHINGTON,Washington
cc:7c1ea362-6dd2-4121-b651-9bb7b36868d3,JUNEAU,Juneau
cc:7c2848e3-eaa2-4776-9c8f-0716a92a5943,RALEIGH,Raleigh
cc:7c2a1d8c-86fb-4cb9-9d6a-e3a7969a396e,COZAD,Cozad
cc:7c354c8b-9f36-46b8-8df6-ba1a84e2a47e,ENNIS,Ennis
cc:7c36c1d7-087a-4931-ac14-8f025b3febfd,FRANKLIN,Franklin
cc:7c37a139-403f-4173-84aa-2a51b8e63739,NEW BERLIN,New Berlin
cc:7c3820ef-c17b-42a0-b9ed-0229fedc37ee,WHITESBURG,Whitesburg
cc:7c41082c-5f0c-4ff5-8885-358bbeec3f73,SURPRISE,Surprise
cc:7c4dd0db-072c-413b-8ee8-b5a4246bd90d,CANNON FALLS,Cannon Falls
cc:7c51ca49-127b-4eee-a8d6-299967616e3d,WARRENTON,Warrenton
cc:7c8ee6e1-d0a9-4a5b-97d8-57099ce2eaea,PASADENA,Pasadena
cc:7c98ff75-a0df-480d-954f-8d6009083ac8,GRAND JUNCTION,Grand Junction
cc:7ca0059d-6b7e-4a23-bb18-ce0a6d998a78,MILES CITY,Miles City
cc:7caf5f19-0545-4d23-a08c-bb4a803f820c,HAMILTON,Hamilton
cc:7cb3f32c-19be-481c-93e5-af6f6b74e39d,LEXINGTON,Lexington
cc:7cb75a0f-59af-4e41-9840-2df74f61abed,ORLANDO,Orlando
cc:7cba75e4-280d-49f1-9991-90733c294930,PHILADELPHIA,Philadelphia
cc:7cc3d2b8-0257-4994-82e3-28949516d616,CROSSVILLE,Crossville
cc:7cdf714c-df7d-4b62-bf65-83646cfb0fe3,WEATHERFORD,Weatherford
cc:7ce50789-2970-4ea2-9890-a0d8ef5394c3,SOCORRO,Socorro
cc:7cf444c2-b0e1-4267-be5b-2f231fb2a28f,RAPID CITY,Rapid City
cc:7d00f6d4-e95e-41f8-99fc-94b723dd5488,SALT LAKE CITY,Salt Lake City
cc:7d14f814-cae3-4829-9e91-ecc337e219f3,OREGON,Oregon
cc:7d1523da-26d3-4788-a74e-666166f4a8db,EVANSVILLE,Evansville
cc:7d2e8d35-609d-4e4b-95d9-4528caac20e7,FORT WORTH,Fort Worth
cc:7d37b5f0-8099-42c5-91c7-3637cd6cdd7a,GRIFFIN,Griffin
cc:7d40a4c3-b3b9-4d4c-a2ee-58e68929c8c6,GREEN BAY,Green Bay
cc:7d4b4c10-46a6-4195-af67-7c771a11a714,RIVIERA BEACH,Riviera Beach
cc:7d752af4-84fb-43a3-bb2f-6602b630ff64,LEHI,Lehi
cc:7d75d4f4-9b93-4c6e-9b17-0065bc45022d,CIDRA,Cidra
cc:7d80738f-52a6-4a33-b156-2887743cfd09,CIRCLEVILLE,Circleville
cc:7d8b24a1-2760-4e20-8d04-52d5e5327f3c,STANFORD,Stanford
cc:7d944f67-11c7-4b13-981b-030900ff3abe,SACRAMENTO,Sacramento
cc:7d971d5b-4794-4749-897e-344bcd77bfb6,LANCASTER,Lancaster
cc:7d9f30d4-42ad-40d3-b859-6779db6c60da,DELAWARE,Delaware
cc:7d9fb832-096c-4f72-aeae-df1095f197dd,LEBANON,Lebanon
cc:7da26c4a-e16c-4290-84a2-696b4abd6b42,PHILADELPHIA,Philadelphia
cc:7da594b8-90b1-4497-b9ca-e7b018ad561d,FORT MYERS,Fort Myers
cc:7da8d9d2-b1dd-4e32-ba8c-b16b674aef7f,SHELBY,Shelby
cc:7db06853-22a5-470a-97f6-17a0a40999f8,MIAMI,Miami
cc:7dc7d258-1e19-498a-9029-7e82a9524c5e,KLAMATH FALLS,Klamath Falls
cc:7dd43518-92cb-4d73-8b4a-0d44cd4e3ef2,SIERRA VISTA,Sierra Vista
cc:7dd5d6e2-eda9-4825-9e4a-bbaeff5eb405,HIGH POINT,High Point
cc:7dd96ab1-7d07-4946-882f-5ea0f798349a,NEW ULM,New Ulm
cc:7ddc831e-cb9c-441d-b6f7-05de89956653,CHARLOTTESVILLE,Charlottesville
cc:7deb1e39-ff89-48ea-9db0-63de15256972,LANCASTER,Lancaster
cc:7dfade08-da04-4f9f-ad88-de0472d5de58,SHERIDAN,Sheridan
cc:7dfc93db-ee27-4e9c-8ab1-003af697f695,JUPITER,Jupiter
cc:7e04c17e-4b3c-455d-93e7-3d98bb872ef5,SAN FRANCISCO,San Francisco
cc:7e17a7e5-0a15-45e4-ab90-a86d843103c3,ROCKFORD,Rockford
cc:7e186c2e-ed94-471f-b42d-7b1d48611c55,SARANAC LAKE,Saranac Lake
cc:7e23773e-de6b-4bb9-8ee0-1da2f31f65cb,PORT ORANGE,Port Orange
cc:7e34484a-2a4f-4da2-a3dd-85e895480f0c,SUGAR LAND,Sugar Land
cc:7e3cc687-951c-47db-b28c-4f49356174ed,OCALA,Ocala
cc:7e563337-a932-4ce4-b8d1-149351a65324,SUN CITY,Sun City
cc:7e5c32ea-9bf5-42fd-9495-b6ebd1100765,MILLINOCKET,Millinocket
cc:7e5f7727-3bb8-41d1-9c81-d21a29b0963b,PITTSFIELD,Pittsfield
cc:7e6704b5-8c5e-48df-a8b2-2fd752875eb7,JASPER,Jasper
cc:7e751f22-4435-4189-8186-4a065d4e7101,BROWNSVILLE,Brownsville
cc:7e9425ac-45eb-46e1-8c82-43ef926c3da5,THIBODAUX,Thibodaux
cc:7ea5793b-c4a8-4a78-a283-7a872a6d05cc,ROYAL OAK,Royal Oak
cc:7eac4074-b868-42d7-a87d-37c3a4ac9fdd,NEWARK,Newark
cc:7eaf3d21-144d-4d2f-8ac2-893c473b3632,HOUSTON,Houston
cc:7ec9200b-763d-4bad-9630-6cd39fcb196a,CHESTER,Chester
cc:7ecc7b6a-384b-4fb0-8fab-9529830be28f,RAEFORD,Raeford
cc:7ee36a67-cdeb-4067-b6d3-5b225f0ab003,BOGALUSA,Bogalusa
cc:7ee568e5-2aa3-40e2-b209-f82453f8f43c,SUNRISE,Sunrise
cc:7eead078-f8b1-4fb2-9bd0-76bbbf21842b,NEW LONDON,New London
cc:7ef0cc51-f91e-4a06-a557-4f83170e7e41,EXETER,Exeter
cc:7efda7df-da14-40f0-acc3-cb213cf4e4da,WEST ALLIS,West Allis
cc:7f0c9b80-46ee-48f0-9e9d-dc20e066a2f8,ADA,Ada
cc:7f0f150d-6840-409f-9f32-3f8e8956f0bc,WARWICK,Warwick
cc:7f124b57-c8c8-41f1-9cb7-4284df824856,DOTHAN,Dothan
cc:7f1bb0e9-7ca3-472d-b081-dc45c3d35e91,PALMER,Palmer
cc:7f27fab7-fcc1-469c-814d-fcd99cdd3377,SARASOTA,Sarasota
cc:7f29680e-ee12-4ce8-8b6b-ad162d7d3bed,STOCKTON,Stockton
cc:7f38c574-75df-47d7-a3b6-818f3646baac,HUNTSVILLE,Huntsville
cc:7f47740c-c6f9-48b3-8ac5-389ff324030d,HOUMA,Houma
cc:7f52c0e3-3216-4fdc-9ab5-12b5b280aa0a,COLUMBUS,Columbus
cc:7f546d9c-d951-4d1a-8bc6-0651d905ded4,PULASKI,Pulaski
cc:7f769561-9e0e-4257-80f0-97efbaf50fcf,NILES,Niles
cc:7f78be6e-dbed-444b-88dc-f2c17a25ff45,EL PASO,El Paso
cc:7f819d27-a7e9-446f-8f0d-a7540540a515,YUBA CITY,Yuba City
cc:7f83054b-98c8-4f87-8abd-6027f1ff4406,PANGUITCH,Panguitch
cc:7f833cfb-999e-4768-b1bb-09df884bbfa2,AKRON,Akron
cc:7f974ec6-77d2-4fda-85bd-2b6a5aab6c9f,CROWN POINT,Crown Point
cc:7f99a86a-a9c0-4d90-b333-89423c1024c9,WATERBURY,Waterbury
cc:7fa0708f-387a-4130-8251-acbf8073d3e2,SAN DIMAS,San Dimas
cc:7fa8b995-ec31-4c3d-86c3-961f0181c7df,ANGLETON,Angleton
cc:7fb2c804-5e28-4719-8219-974eaf1da09b,CUDAHY,Cudahy
cc:7fce67ee-316b-4e76-8231-1aad16cdd567,ROSWELL,Roswell
cc:7fcfe61b-58f3-4f01-aa1b-3f152f58d56d,AURORA,Aurora
cc:7fd121ea-9d46-4898-a668-c7eae108dd15,SLEEPY EYE,Sleepy Eye
cc:7fd6d37c-c6d7-4573-b3f0-5436d6c1ab3a,STILLWATER,Stillwater
cc:8005c5d5-5688-470d-a46a-f46610d1dd0e,AMARILLO,Amarillo
cc:80161802-9a6d-4f51-99f8-ef8f1caccd04,SEASIDE,Seaside
cc:8022e896-e325-4f70-9d9b-266faa02856e,MUNCY,Muncy
cc:803030f4-263c-4cb9-8d6f-44ecca24d7dc,LISBON,Lisbon
cc:803541c5-71ca-4a05-908a-a2a53dd02f9a,CEDAR PARK,Cedar Park
cc:803d7fef-638a-4a71-888d-a48c4899625a,WADENA,Wadena
cc:8045d604-07a6-416c-af39-923530ee9afa,PECOS,Pecos
cc:805dd4eb-6d9e-43e9-9794-bff544db477a,ENTERPRISE,Enterprise
cc:805df589-5cf7-4744-a755-e5ba11212901,EWA BEACH,Ewa Beach
cc:805e8142-56ce-40a9-9340-a0f93439c63c,WINTER PARK,Winter Park
cc:8062c041-cba5-4d66-9b0f-6057c96b13a9,WINDER,Winder
cc:8066fd5a-1fc7-4183-bfca-775385ff8641,BUFFALO,Buffalo
cc:80765e77-e9b1-40c5-b403-541810479d8f,SAGINAW,Saginaw
cc:8078974f-c130-4eb9-ad1c-fd4660f366ab,FINDLAY,Findlay
cc:8092ce22-fe1b-4a41-8139-7ae4372b2387,FAULKTON,Faulkton
cc:809cf7a6-affc-4918-8a62-11e3af1aa78b,PLAINS,Plains
cc:809e32a9-1cba-423a-92f5-4c7b9e4768af,HOUSTON,Houston
cc:80a43733-5ccd-47e3-b575-222d388c58e7,OMAHA,Omaha
cc:80a57292-8e3c-4f30-aacf-1dea7131ce44,OGALLALA,Ogallala
cc:80a927c9-d9ed-4f9d-a6b0-3f047a8a7541,BLOOMFIELD,Bloomfield
cc:80abaa25-eb36-4409-a48e-b40058b39a51,MOLINE,Moline
cc:80cd5efa-aeb0-4564-a956-24ddbbffd075,BRYAN,Bryan
cc:80ce5237-9550-48a1-a95c-a46dc70ae2b5,MURRIETA,Murrieta
cc:80db1e92-80e1-43b8-9dff-22faeb8a842d,MANCHESTER,Manchester
cc:80ef3048-a3a8-4b7c-b690-6d55e259e258,BALDWIN PARK,Baldwin Park
cc:8104219f-3a59-4954-92bc-21b79473d191,NEW YORK,New York
cc:8114a3bd-d328-4c34-a8e5-f606ff11c147,SHERMAN,Sherman
cc:8116fce6-f2b7-4063-9337-eb35376298cd,MARSHALL,Marshall
cc:811c61f4-5657-4e20-b747-d65f2ec12360,MASON CITY,Mason City
cc:8124deb5-2197-45cc-ab0c-41297ed6a01e,MONTEZUMA,Montezuma
cc:8149b425-0204-4878-972a-9ee702e885d7,LEAGUE CITY,League City
cc:8150272c-b86a-4b22-b28a-8cad08462f2e,GARRISON,Garrison
cc:8165af4b-06e2-443a-967f-6c17a7279ef6,CHILLICOTHE,Chillicothe
cc:818223ad-1135-4c27-9f96-da8bcf74c96c,ROLLA,Rolla
cc:818a6968-a716-4ae8-875b-bf92e77e8a22,TEXARKANA,Texarkana
cc:818c1f64-bdf5-4285-bcec-abdc97e07672,BOSSIER CITY,Bossier City
cc:819623c7-02d4-479e-9846-a45080d99a0c,EUREKA,Eureka
cc:81974103-91c1-4bbc-ae07-8d59f225a7ba,HUMMELSTOWN,Hummelstown
cc:81a7e3f7-45c5-439c-8883-68f02ce612ca,PORTLAND,Portland
cc:81cd9b39-7f72-4dfe-9187-d1457c4ad739,MARTINEZ,Martinez
cc:81d0044b-7ff3-4ebe-9093-5dc8bdae6579,SACRAMENTO,Sacramento
cc:81d9bbc3-bac7-4cc0-9681-cce6ce4f7d85,BRITT,Britt
cc:81e49408-0c79-4c39-9ac3-a646763a6cf3,CLINTON,Clinton
cc:81e52b34-1821-497e-8b7a-ff4cd6a5decb,SAN ANTONIO,San Antonio
cc:81e81062-ba08-41be-9815-32fb6e405396,DENVER,Denver
cc:81eb1d77-03e4-418b-83de-0288aa9f8600,TERRE HAUTE,Terre Haute
cc:81f93d0b-7e49-4d31-ae1e-3d258611b0b9,BETHLEHEM,Bethlehem
cc:81fe01c9-b889-4ca3-8131-5ecaa4b76318,RICHARDSON,Richardson
cc:8201ca41-0119-4013-bd9f-50b2edcd42b9,GREENPORT,Greenport
cc:820232c4-03e5-4ec5-a8fc-fe9aa0e14cf7,NOWATA,Nowata
cc:820a3ef3-38b4-4989-b245-998435c3b4bf,PORTLAND,Portland
cc:820f8ac3-5ef6-4d5a-98a7-a7b5e30c7641,SLIDELL,Slidell
cc:8213ccfb-5ce3-49e0-8a09-1ad97df61252,LA MESA,La Mesa
cc:82274a0f-308d-4ec5-9dd7-8383943f2ab0,MURPHYSBORO,Murphysboro
cc:822ddd76-4c46-412a-ba58-c180b46681e0,LEON,Leon
cc:82397a38-ac34-4d68-9433-47ee00168ae0,MONTEREY PARK,Monterey Park
cc:823e5179-8728-42ef-a6df-d6338b15b5dc,LAS VEGAS,Las Vegas
cc:82417b6a-0fd9-4a5d-a24d-67dd975a700b,DORADO,Dorado
cc:82927880-eb77-4b73-b361-bd1d0d9c6ef3,MOBILE,Mobile
cc:82932683-d050-47d7-b8d6-fa4584ced879,LAKE CITY,Lake City
cc:82a2d41e-bf24-4902-8de0-b7f7c81b14fd,PLATTE,Platte
cc:82a64e90-4d4a-4ee1-8afc-15bc290a1f33,LANGDON,Langdon
cc:82c10a07-4bdf-4e02-9f94-a31e3fdfe8f9,TRAVELERS REST,Travelers Rest
cc:82c40897-1c13-41ad-9c88-a3beb18a4cad,CHICAGO,Chicago
cc:82ede5b4-4de1-41cb-84de-f9b6ce78d916,LAKE BUTLER,Lake Butler
cc:82f1839b-50a9-418c-8ca6-38bf337369c5,ROCKWALL,Rockwall
cc:82f62d13-7b4e-4b4f-af90-1c9f65da5169,MACOMB,Macomb
cc:82fc4641-47fb-44a9-9957-877cdff32686,MIAMISBURG,Miamisburg
cc:82ffbe6c-e22f-4b6b-a6b3-7cb1c8e47361,PALM SPRINGS,Palm Springs
cc:82ffe383-2940-4844-8226-bdeb6a2c9c66,PLANO,Plano
cc:82fffdaa-90cc-46bb-8fbc-690802fc2cae,FORT MYERS,Fort Myers
cc:830781e4-ee4a-4f6a-800a-96b30eee4a8a,DECATUR,Decatur
cc:8317416f-8232-49a5-9d09-28a7003b1950,SANTA ROSA,Santa Rosa
cc:8320445c-fbe6-49bc-8632-0e47eb55effd,GARDEN CITY,Garden City
cc:832814de-f8c6-401b-a8f1-9f05c0fa0acf,HILLSBORO,Hillsboro
cc:832ab5f4-b313-4603-98bd-5a0fbcecc9d1,DURHAM,Durham
cc:832f69ec-1680-4528-9d78-062fe1989bce,WHITE PLAINS,White Plains
cc:83434f9a-bb54-446b-826f-72c62355ea17,PEAPACK,Peapack
cc:834393c6-6988-452c-a970-7d69e657f5d1,LEXINGTON,Lexington
cc:835cc068-7328-4e46-aaf3-8ecb853a8529,SAN ANTONIO,San Antonio
cc:835d4d2b-5b32-448f-bf95-990874972988,MORGANTOWN,Morgantown
cc:836593d6-8e26-4ad7-ad18-ee796b30e9d8,AVALON,Avalon
cc:836f328e-a511-4f0f-961c-50284647c62d,CENTRALIA,Centralia
cc:8371b2d7-a12b-49b1-833a-0168f7fb6dd9,CLERMONT,Clermont
cc:83787619-4c6b-4630-891c-9d46637fefc3,MESQUITE,Mesquite
cc:837b33c6-942c-4129-853d-93277f0d1985,SAN JOSE,San Jose
cc:837ba4dd-b3b8-4e2a-98b0-e7714fbb5450,LARGO,Largo
cc:8380912a-e465-45b9-93fe-b0a892c89c20,WAUSAU,Wausau
cc:83982070-368e-4ff4-9cf8-0e66f90adb60,LINVILLE,Linville
cc:83aef9b4-f634-4d82-9dcd-0e383d7da5e8,VALHALLA,Valhalla
cc:83b2c5ac-04ad-4878-92d1-7b21a6df3e20,LOS ANGELES,Los Angeles
cc:83d64c11-c8e6-4c5e-8cb2-88c6f50d16c7,MONROVIA,Monrovia
cc:84046afb-3ade-40da-b8c0-51c6acbfc580,SACRAMENTO,Sacramento
cc:8408ade1-8bd9-430c-9eb0-76e0f66baf40,CLINTON,Clinton
cc:8409b4b1-aad0-4514-bc91-333694983ab4,BALDWIN PARK,Baldwin Park
cc:843e5137-0782-40fb-bdd7-8257c2fc79f0,BAYAMON,Bayamon
cc:843f969b-2cb4-4fa7-8fa7-bfdd7b1455f6,MISSOURI VALLEY,Missouri Valley
cc:84437bc2-669f-4790-b88e-0efaa9fe78ad,BUFFALO,Buffalo
cc:845818d6-7905-40ee-9426-28d4d45177c7,TUBA CITY,Tuba City
cc:8458c7c5-daeb-4d8c-90d0-ca815edcc906,PADUCAH,Paducah
cc:8460aa60-1270-4dbc-9f3d-bc335fd6ae11,MAGNOLIA,Magnolia
cc:84669727-8187-47ae-934f-8d89ee79f020,MIDDLETOWN,Middletown
cc:84688eda-0e88-4c79-becb-4715ecb6ad7b,AUSTIN,Austin
cc:84724c09-7b95-4769-b859-a7ee2e4c8db7,NEW ORLEANS,New Orleans
cc:847c331a-d80e-4334-bd6b-03d4a2ec29d3,CUT BANK,Cut Bank
cc:847f2429-788e-4b2e-8016-d423bb954215,SLIDELL,Slidell
cc:848f8c4c-3060-431d-a5b4-3cab1d15457c,WASHINGTON,Washington
cc:84923314-52af-416f-993b-bfec6ceaec69,SPRINGVILLE,Springville
cc:8497b09b-697e-4e11-91b5-bda7202d7a59,LESUEUR,Lesueur
cc:84a1d767-f2b6-4f66-a790-9947631f60e0,SCOTTSDALE,Scottsdale
cc:84af3cff-0b2f-472c-906e-cb140e272f79,VIRGINIA BEACH,Virginia Beach
cc:84aff522-de7e-46af-9ddc-a999954c719e,HURRICANE,Hurricane
cc:84b3ebbb-4693-4c20-b90e-9083047f6666,ATLANTA,Atlanta
cc:84cbecb3-65fb-4cb1-bec9-2b02bb9174e9,TACOMA,Tacoma
cc:84cd9ceb-7595-467c-ad11-84513ea05e22,AMARILLO,Amarillo
cc:84d44e6f-89aa-453b-8e59-8917a125bc1d,SAN FRANCISCO,San Francisco
cc:84daf6a8-c3bb-47db-9978-963a4a421a32,JENNINGS,Jennings
cc:84dc48ba-a999-4231-989e-acd6f8acf730,LAKELAND,Lakeland
cc:84e38949-a059-45c5-94a0-bc125e32982e,BRONX,Bronx
cc:84eb9cb7-2eda-4229-803e-765488657adc,DEFIANCE,Defiance
cc:84ec5525-e4ab-499a-bb1e-8e5472298603,DALLAS,Dallas
cc:84f4b960-8273-4e53-b8ce-73304b1010eb,ST CLOUD,St. Cloud
cc:84ff42de-532c-4b39-b228-29287b434673,HOPEWELL,Hopewell
cc:84ffdf87-1f5e-4c70-bfdd-88f0f23ca4b7,NASHVILLE,Nashville
cc:85025849-2ece-4cfa-a244-1e439d696c9c,CARROLL,Carroll
cc:850a67de-e74e-4286-b11b-27b807ab5b1a,MEMPHIS,Memphis
cc:85213d48-5ac0-442b-a485-12573c5d64da,MARYSVILLE,Marysville
cc:85239487-bf70-4b16-81c6-7df1b262d517,JACKSONVILLE,Jacksonville
cc:852507e4-d687-44c3-84b0-29738dc2239c,FRUITA,Fruita
cc:8534b76d-5658-4fbe-a13a-e195837fbd64,FRISCO,Frisco
cc:8557297e-1f44-4866-858c-30295301d28e,STOCKTON,Stockton
cc:8580b0ac-fe66-47c3-83aa-8f32285187cb,LOUISIANA,Louisiana
cc:858e0044-9939-479e-9162-1d0ed193b5b7,COLUMBUS,Columbus
cc:858ee3aa-5284-4260-b766-27480b0dd326,ALBANY,Albany
cc:859fc560-f98e-4c42-8839-8cbbdb8a6d4f,DOWNEY,Downey
cc:85adb706-6089-49bf-a865-c9a4fe8fa5b6,PLAINFIELD,Plainfield
cc:85bacd32-3d27-4ffe-9866-2fc59030211b,LECOMPTE,Lecompte
cc:85c4f844-6508-4d6c-a71f-b0c3ebba3cde,CINCINNATI,Cincinnati
cc:85c5bb39-b58d-4457-b7ac-2f76c81aab22,ATLANTA,Atlanta
cc:85d3a994-c610-4bcb-bfcc-61b8e1f69697,YREKA,Yreka
cc:85d3bd0f-eaf9-44fc-9277-22b60369fbde,FREDERICKSBURG,Fredericksburg
cc:85e2dd4b-682b-4003-9e82-483aa7d400d4,DORAL,Doral
cc:85eb7c30-ba36-43fb-9101-b230fb865118,CAMBRIDGE,Cambridge
cc:85edbf19-24df-46de-8c52-84b8996f3287,TERRE HAUTE,Terre Haute
cc:85f6137f-75f5-4a92-ab1f-fb11bd10aae7,CHOTEAU,Choteau
cc:85fa30a6-610b-41c9-9f46-c589c0d4b70f,PEABODY,Peabody
cc:85fecddd-51fb-4fd3-a4e4-1fdc0b266b8e,SACRAMENTO,Sacramento
cc:860493d8-08cf-4051-b6b7-ba80232c602c,RALEIGH,Raleigh
cc:860912d4-a155-42c9-9ad7-be39164cedb3,CLACKAMAS,Clackamas
cc:860a9c90-f79d-4912-ad3f-c57874d97e15,CLOVIS,Clovis
cc:8630cf79-b21c-4bb0-aded-aa184bc8b521,MADERA,Madera
cc:86330003-1dc9-4ced-9320-336a9bd22982,TUALATIN,Tualatin
cc:863b17f9-f5e5-43a5-a8fa-260eeb27873b,WATSEKA,Watseka
cc:863ec94b-2f1b-4471-8f83-b331e7bc6a88,SOUTH WILLIAMSON,South Williamson
cc:863fcab6-502c-4e3f-83d6-401ec9fd8a88,HARRIMAN,Harriman
cc:86484aeb-326e-425a-b1f6-6c716e3077d0,CHATTANOOGA,Chattanooga
cc:864f3eac-3f6b-47f5-b280-c7555eb6bd0b,WETUMPKA,Wetumpka
cc:86585da7-afa0-41d1-907b-8815bd52c38e,STAUNTON,Staunton
cc:865a1d0d-1623-483e-b54e-b0d267eebe93,YORK,York
cc:866c2fcf-f3f5-4ee4-9f46-e7c7b8f3b508,OKLAHOMA CITY,Oklahoma City
cc:866c3a32-1f6d-47eb-b5ec-f3500aed28d5,ALBUQUERQUE,Albuquerque
cc:866e154d-39a6-4c3d-8d35-cc759f6dd35b,MORRIS,Morris
cc:86722f7d-7ded-41e9-9144-ec5518786e3f,SENATOBIA,Senatobia
cc:8673080d-78d5-429f-87e6-7f7a168a500c,GREENVILLE,Greenville
cc:8685bc0a-70df-4351-b2e2-3b4bda063d1c,BLOOMINGTON,Bloomington
cc:869af06d-ac8f-4a67-a453-df67c20f04d9,METAIRIE,Metairie
cc:869e9cce-ddf6-4c97-a844-bcc1b23cc0dc,ORWIGSBURG,Orwigsburg
cc:86acfffb-9151-4f22-a667-437bab636596,RANGELY,Rangely
cc:86c4cfd6-3b07-4728-966f-9ab38613c4ae,HAZELHURST,Hazelhurst
cc:86cf2847-11cb-4ab3-9d85-f9f22b6f67f8,PERRY,Perry
cc:86cfe4cf-92f3-407f-a216-f728285f56e0,PARIS,Paris
cc:86e83573-9f00-438a-901f-69daf16169f6,BATTLE CREEK,Battle Creek
cc:87016f4a-cc4b-4f62-8068-3f8054ba7165,COUDERSPORT,Coudersport
cc:87224566-ff35-45cd-8da9-ce8cbaebe159,WHARTON,Wharton
cc:87280e45-5a60-4a56-84df-d3e41cfec316,"WESLEY, CHAPEL","Wesley, Chapel"
cc:872bdcb3-7e13-4437-a95c-4b24f974a8a6,BIRMINGHAM,Birmingham
cc:8732219c-b596-42b8-84b2-760d9d653f47,ROCK RAPIDS,Rock Rapids
cc:8737ba9e-c90f-4e6a-a523-b351c0b0dcca,APOPKA,Apopka
cc:873a6cdb-7982-482b-95b8-d2dcfa18563d,GILBERTSVILLE,Gilbertsville
cc:87451531-eaf2-43bf-b788-afdeb22c7be0,CHICAGO,Chicago
cc:87487f94-320e-42ec-8971-8855377f00cb,POTTSVILLE,Pottsville
cc:8753a175-0cc1-44b0-b556-265e74cb608e,CANTON,Canton
cc:8754d2a0-3243-4693-94cc-cdcf9ef0705a,DETROIT,Detroit
cc:8756aadf-9886-4900-8fd9-1041cfaebd76,EVERETT,Everett
cc:876db908-363d-45ce-ab0c-b64513546ef7,GRAND JUNCTION,Grand Junction
cc:877e8143-c0d2-4c79-820e-652692411864,SHREVEPORT,Shreveport
cc:877f0b40-06db-440b-82ec-6f67c6429b53,CHICAGO,Chicago
cc:8787485a-16a1-4264-82a1-1c1dd99e6445,WEST BURLINGTON,West Burlington
cc:8787863f-e383-4ea0-b74e-1463661201a5,PHILIPPI,Philippi
cc:87a493d7-7ade-4cbb-b576-77f356fe5de1,FAIRFAX,Fairfax
cc:87a561b8-553e-4482-8a6b-522fe65a6b1a,HUNTERSVILLE,Huntersville
cc:87ad5f61-fbe1-43a4-bec9-1f80b3aacee9,PASADENA,Pasadena
cc:87adde60-6053-489d-a244-1d1e716e80e5,ROCHESTER,Rochester
cc:87adf9eb-45c3-48a8-93fe-7af8d6e622d3,LAKIN,Lakin
cc:87b49a55-7436-4361-923f-22fe2a78b6fd,NEW RICHMOND,New Richmond
cc:87bd8911-2c7f-449e-966d-b588f7d7e632,OWASSO,Owasso
cc:87bd90c4-18a8-417b-a940-2b905b102cd1,LUBBOCK,Lubbock
cc:87c3abe7-3461-4b30-a8fd-84b0a1a4240f,WASHINGTON,Washington
cc:87ccaf12-edbd-4c20-ac5b-f8ea23ce4b14,LOUISVILLE,Louisville
cc:87ceed71-e7f9-4c6a-a842-0ad83c9b72ec,ROCKY MOUNT,Rocky Mount
cc:87d6921d-964a-44c7-8482-6bbfccf73980,NORTH CONWAY,North Conway
cc:87dbe5a6-8cc7-41f2-9b2e-e1a800481f11,BROWNSBURG,Brownsburg
cc:87e41ead-4e7e-4f65-a405-a4a394b396f7,WICHITA FALLS,Wichita Falls
cc:87f778b8-9f1e-4315-b184-f95c725bae56,YORK,York
cc:8803af98-6c43-4182-a7c4-c7453a8cc958,CHICAGO,Chicago
cc:88146455-ceff-4701-b38e-48515d394bda,NEW IBERIA,New Iberia
cc:8830b3b7-bb99-4c37-9736-48b1077d13fe,PLEASANTON,Pleasanton
cc:8846ca9d-d942-447d-b29a-939b0c3fcb87,HOUSTON,Houston
cc:885727af-cb1b-42f0-bd06-2026ba492ad0,WALLA WALLA,Walla Walla
cc:885c1568-9b5e-4349-92e5-b6fed589d33f,ST PAUL,St. Paul
cc:8863f36c-529d-4fde-bf00-4466c74609f6,POCAHONTAS,Pocahontas
cc:8884fbb6-483d-4178-974a-e2cf7ae38677,EMMETT,Emmett
cc:8885d41b-2ba6-408e-b5e2-d3b6c793b9b1,SAN ANTONIO,San Antonio
cc:888e9fc1-9cb6-4462-b6d3-85ddb5a8158d,LA JARA,La Jara
cc:889412e8-c4da-4fa9-9838-6aeb3c61a20d,HAWTHORNE,Hawthorne
cc:88a6839b-0af3-4b1a-8ef9-478a69a04d0d,CAMP HILL,Camp Hill
cc:88b2f67b-b97d-4366-b407-aaa72d408ec0,TRACY,Tracy
cc:88c9fc79-8066-487b-82fb-bc81e75919b6,OMAK,Omak
cc:88d0af06-f86a-4f24-9e3b-9d31b6be069c,TUCSON,Tucson
cc:88d7a52a-38eb-46ad-9425-25f4821fc932,MIAMI,Miami
cc:88dc5f98-b914-45c2-b475-fc9ad3100b1d,KYLE,Kyle
cc:88e5ac49-91c0-4c19-ac7a-54e86e73f613,MINNEAPOLIS,Minneapolis
cc:88e817f0-e651-4144-872a-5f37a7725097,MADISON,Madison
cc:88f32854-8673-4b67-9f24-c0bc07f01d20,ELDORADO,Eldorado
cc:88fa6198-03a8-4189-9bbd-30ad9d1d7f38,LULING,Luling
cc:88fd6ea7-0291-40be-a68b-6834f560c26b,ANDOVER,Andover
cc:89072d2a-1e0d-4899-93c2-b130d52cab2e,MEADE,Meade
cc:890a93ce-df9b-413b-b1da-8791e2e9f5f3,KAHUKU,Kahuku
cc:89148738-bbcf-41ad-989e-d261075cf6df,KAUFMAN,Kaufman
cc:8918200b-df99-4296-ba1c-102701704ddb,MILLER,Miller
cc:89243d7a-72b7-488a-b2d6-5fd4cac3b18f,BATON ROUGE,Baton Rouge
cc:89376692-57ba-4c7a-b3ed-55834e6a3aad,ROUND ROCK,Round Rock
cc:893a2abf-71b3-48f8-bbf0-a32e515aba9f,OMAHA,Omaha
cc:89432667-b9dd-44ab-a664-c7e795739ece,OKEECHOBEE,Okeechobee
cc:894ca68e-525c-4c7a-9b73-bdb4b6022590,WYANDOTTE,Wyandotte
cc:8961a2a5-a621-4659-902b-5765750fb9b4,BINGHAMTON,Binghamton
cc:8962c831-f100-4f83-9877-006ba134d168,DURANGO,Durango
cc:89762022-cb4d-41d4-9b99-34343be58282,CUMMING,Cumming
cc:8981140a-7290-4ae9-a985-10ba9e800d18,BEAVER,Beaver
cc:89a6c54b-9d41-4d2c-b9c6-e6d5431eceda,SIOUX CITY,Sioux City
cc:89a7ce2f-888a-4cb0-be4e-55f1476c263a,SACRAMENTO,Sacramento
cc:89afff2f-2aae-4361-9182-edac60305a89,PENNINGTON,Pennington
cc:89bf2abc-510a-43f1-87e5-1e7a304dd98c,DUNEDIN,Dunedin
cc:89c1a8ed-0992-42ff-b49c-906367e6ce2b,ST. CHARLES,St. Charles
cc:89c1fd40-1e2f-4130-9fe6-a15d9492df06,HUDSON,Hudson
cc:89c70e03-a4c4-42c9-9804-95896e9618b9,COLUMBUS,Columbus
cc:89ce42b6-97c4-47d4-a5ed-f66bfb6cdc6e,SHELDON,Sheldon
cc:89dc6b82-8169-4395-8566-bcb36fe99286,BATTLE CREEK,Battle Creek
cc:89dfcc96-d77c-45f8-b028-b98e23141154,DUNN,Dunn
cc:89e303f1-78f2-4414-8aff-f0e2bb457817,WARSAW,Warsaw
cc:89eacb7d-d4d4-453f-bb09-68ce4ce3d503,NASHVILLE,Nashville
cc:8a0ca91c-908e-4a36-9de1-ed7233ef82af,NEW IBERIA,New Iberia
cc:8a1148b8-6efb-4049-917f-1d1cd25df8cd,MANSFIELD CENTER,Mansfield Center
cc:8a15cdc3-46d3-4ab4-9804-ddf273b43d37,KINGSVILLE,Kingsville
cc:8a2987dd-2809-4ef5-aa45-7b8a32e225d1,EVANSTON,Evanston
cc:8a727ef7-bafd-48df-a0ed-a1bbec5891a0,THREE RIVERS,Three Rivers
cc:8a77b3a1-dc8f-4220-a933-8581444ffd43,FRISCO,Frisco
cc:8a7aa41f-fe0a-4b48-b1ca-2cfda215985a,NEW YORK,New York
cc:8a86e85e-153e-45d8-b7b7-43ea0fdc4d49,MENOMONEE FALLS,Menomonee Falls
cc:8a8fb6d4-8af2-43ee-8f76-d9101730ec83,LITTLE RIVER,Little River
cc:8a9ccc7d-70ac-4249-a788-9cd2e127f095,CORPUS CHRISTI,Corpus Christi
cc:8aa2e9c8-af25-4a51-80e0-68c6ffc07b47,MILWAUKEE,Milwaukee
cc:8aa3ae8a-207d-426d-8471-b36764cc2e55,WORCESTER,Worcester
cc:8ab0205f-320f-4e03-b969-5d7828a1f427,WEST PALM BEACH,West Palm Beach
cc:8ab977f6-3cc8-4dca-95f1-98811399fa44,ORLANDO,Orlando
cc:8abe3892-8c63-401b-b2de-81bcb193537e,FRISCO,Frisco
cc:8abe84a8-08b7-4c7e-bfc0-b556284116ea,SAFFORD,Safford
cc:8adb53bd-925c-409a-a0f2-7feed526b049,GENEVA,Geneva
cc:8ae61648-095c-4394-81b4-5df67d3e70b3,CULVER CITY,Culver City
cc:8ae9db08-9b02-4cb2-b886-23c6fbea7c10,SALEM,Salem
cc:8aebc021-c55d-4c8e-bf7d-fa1f0b66bac8,GREAT BARRINGTON,Great Barrington
cc:8af16593-53bf-4753-a69e-c34284126c67,LAS VEGAS,Las Vegas
cc:8af25fd9-7cc8-4663-b3ba-c3c08e807a0d,LAKE WORTH,Lake Worth
cc:8af29a51-88be-4a1a-ad45-51686df71584,WAYNESBURG,Waynesburg
cc:8af75470-2d7b-4421-9649-b9f1dff05620,JOHNSON,Johnson
cc:8b028633-f21f-47e1-be1f-4857936ab8d7,WELLINGTON,Wellington
cc:8b037189-94c7-4cc3-8994-36e15fc49c99,WALDRON,Waldron
cc:8b1711d0-2536-44bd-98e2-ec239791dba3,GREENVILLE,Greenville
cc:8b19f16c-4e9b-4227-b8aa-423d59fd87ba,BEDFORD,Bedford
cc:8b1ae764-4426-45fd-a42f-0986fa203170,CHILDRESS,Childress
cc:8b1f84e1-077e-4cbd-a9f4-73338e34d986,OLLA,Olla
cc:8b21a844-a2ca-463c-b169-779d54ac8ebc,MIAMI,Miami
cc:8b29beb3-1bea-4879-badb-ea1650807b39,RIFLE,Rifle
cc:8b2b3d87-126a-49d4-a9c9-1d3df4c0dccd,VILLA RICA,Villa Rica
cc:8b37cf8e-0ec1-42a2-98ce-beb71bad862d,BELLVILLE,Bellville
cc:8b3c72db-dd6b-429a-a21a-d32d5b107c1f,FRONT ROYAL,Front Royal
cc:8b49e207-497d-48fc-b647-741b053250f7,BROOKLYN,Brooklyn
cc:8b51a6df-45fa-4a56-8857-0d0ee418e43d,NORTH MYRTLE BEACH,North Myrtle Beach
cc:8b5e1828-b90f-4510-8046-2a3c59fba6a7,ROUND ROCK,Round Rock
cc:8b6c6f07-b98d-40dd-8bfc-3496634e23a9,CAMBRIDGE,Cambridge
cc:8b6c94db-5c08-4f12-887c-58cb00fcaf43,BAY CITY,Bay City
cc:8b704617-7d28-4f1f-9e06-97aa34be88da,CYPRESS,Cypress
cc:8b70c893-42cf-444a-8be3-11918e698124,WYTHEVILLE,Wytheville
cc:8b82637d-3087-43a6-b20d-77688a3b5452,CHARLESTON,Charleston
cc:8b909cb7-c936-44c8-8c6b-e0900ee11b78,APACHE JUNCTION,Apache Junction
cc:8b97097f-b204-48a5-955a-9df09a24ca43,CORPUS CHRISTI,Corpus Christi
cc:8b97531f-c6f7-4b04-a0c3-bf863b973788,HOUSTON,Houston
cc:8ba66142-0aa9-431b-85de-88cd7ee0ea7f,PHENIX CITY,Phenix City
cc:8bb0fc64-be9c-4e42-8017-668f4e20675a,LEXINGTON,Lexington
cc:8bbf349b-620c-4a9d-8ca1-9d0d95c08e5b,BAGLEY,Bagley
cc:8bd1b037-8506-4143-9f66-e6cef96320ff,SOMERSET,Somerset
cc:8be093e5-3b5a-49e2-8d3b-fa0277ae31a4,CAMBRIDGE,Cambridge
cc:8be32543-586f-4ac9-bb65-865021b88bff,KINGMAN,Kingman
cc:8be9c8ea-37b9-4c72-b413-e41dba46c0d2,RUSSELLVILLE,Russellville
cc:8bf43460-1ad5-4621-80e5-b3ebab3156e0,ALEXANDRIA,Alexandria
cc:8bf9681d-cb7e-4d6e-99b9-de716a998035,FARIBAULT,Faribault
cc:8c04587e-9952-4b5c-9f07-1b6c35458ccf,MESQUITE,Mesquite
cc:8c0fe90d-41e7-4309-a9c7-79ac5b548179,MOUNT PLEASANT,Mount Pleasant
cc:8c13fd13-44f0-4571-afdc-8928a6fc3bac,NEODESHA,Neodesha
cc:8c19a1c8-07cc-49aa-bc47-f9a00e6400f6,NEW YORK,New York
cc:8c1b804e-1754-450e-8875-367bc95459a6,SANTA MONICA,Santa Monica
cc:8c2053c9-5635-4bd7-bc8e-933f6bea7c47,SODA SPRINGS,Soda Springs
cc:8c2a88f0-d29b-42c8-8a95-d3874d597ae2,CHARLOTTE,Charlotte
cc:8c3a5127-2f6f-4b59-82f1-fa80a001c0ba,PRYOR,Pryor
cc:8c4e1d61-705c-41b1-9ddc-a957886a81aa,HUGO,Hugo
cc:8c4fb634-31b8-419e-bcf6-8ffba3c38849,BURNET,Burnet
cc:8c519070-1e42-43f5-a8e0-32ff7efb177d,OGDENSBURG,Ogdensburg
cc:8c56b04b-802a-4457-aaa5-9f44c927bf09,SANDY,Sandy
cc:8c5a54de-29ff-4732-9b3a-a343a005ffa6,GAMBRILLS,Gambrills
cc:8c5b617b-63c3-47ec-a79f-08a257fd2b98,LOMA LINDA,Loma Linda
cc:8c5c64e3-b38f-41f9-9a2a-45694f6dccf1,SHERWOOD,Sherwood
cc:8c67e8ad-1bfb-4ccb-a0ac-d4ff5ec56994,COLQUITT,Colquitt
cc:8c6a2e1f-0ab6-44e6-aaad-28cea8c682f9,HAYWARD,Hayward
cc:8c6ad405-9384-40ec-bced-7a18ac115027,JEFFERSONVILLE,Jeffersonville
cc:8c6b7aa9-6b44-48cd-9f15-94f16e193278,DALLAS,Dallas
cc:8c720549-2391-4362-8167-0bebec9f9b3c,ARLINGTON,Arlington
cc:8c727308-263e-44b1-be3e-de38f2a37ea4,SAN ANGELO,San Angelo
cc:8c734e85-7139-4fa8-89e3-da9078b38edd,ST. PETERSBURG,St. Petersburg
cc:8c871cd6-29d6-47bb-8e78-083dd236c9b8,LARNED,Larned
cc:8c88d94e-3b1a-43fb-b9e0-09e8a9d14516,MINOCQUA,Minocqua
cc:8c92d825-d94a-424d-9252-6a1e6f1402b0,JULESBURG,Julesburg
cc:8c97449d-be23-4cd0-ad65-4dad9634e391,VENTURA,Ventura
cc:8c9766d3-1ce2-4b7d-8de3-611408ce4beb,ATLANTIC,Atlantic
cc:8ca4b337-59b7-42bc-b71e-6e5a75ad5260,JOHNSON CITY,Johnson City
cc:8cbabfce-186e-4bc8-83e4-f95bab3b450e,MURFREESBORO,Murfreesboro
cc:8cd80ae3-a973-4026-a4f1-4e7ce8eb7fda,ANCHORAGE,Anchorage
cc:8cdcc59c-d6a1-4125-b660-11010df46283,FORT SMITH,Fort Smith
cc:8cdd74cd-004b-44a0-9bf8-abda4c321e2f,ALLENTOWN,Allentown
cc:8ce068a5-bf63-425a-8181-7908af47e19c,COVINGTON,Covington
cc:8ce1d1ae-56d5-413f-a5b1-cb6cc0df4f19,CHESTER,Chester
cc:8d0a1a1f-9f62-467b-b56d-f0aad6e7fc11,GRANT,Grant
cc:8d255335-6695-4dcf-8a29-cc57e0d93d35,HOUSTON,Houston
cc:8d397cba-7bfa-4848-9432-4b41df6e56cf,WESTMINSTER,Westminster
cc:8d41cf28-db46-4155-91a7-b33918be2264,AUGUSTA,Augusta
cc:8d437cdb-66ea-4589-b8e5-1f5a1128964d,HOLLYWOOD,Hollywood
cc:8d4835e0-d6f5-4eee-a2d0-d6c7585ffc50,DANBURY,Danbury
cc:8d4c3fc3-1ecf-4268-b7ec-01c633d227b9,OROVILLE,Oroville
cc:8d4ff561-8112-4b6a-befb-41a68a4a014d,UNION,Union
cc:8d515fda-835a-4cd5-b867-d8ccd8b8ac85,EASTON,Easton
cc:8d56faf1-f3b7-4199-8985-0855ed007ec7,HENDERSON,Henderson
cc:8d593899-cec8-40e8-97d3-95996f7ed7b5,LORTON,Lorton
cc:8d5d67ab-91a7-4ab4-8571-ff85dff6223a,NORRISTOWN,Norristown
cc:8d5dc56b-9cf7-4b06-bbb5-00f2fcd97418,LEITCHFIELD,Leitchfield
cc:8d6369ca-97e2-426f-94ed-2ccb46dade00,LAKEVILLE,Lakeville
cc:8d650970-beb8-429c-a2de-2366357876e8,WHITTIER,Whittier
cc:8d687521-faac-4c4f-8467-e43334b4a31c,AKRON,Akron
cc:8d6907c2-3a73-41e8-b220-5a3743eace2c,STATESVILLE,Statesville
cc:8d6eadc0-0e15-4a43-bb07-72ae8e652cb6,COVINGTON,Covington
cc:8d70ba1c-62a0-423a-b8c4-0ba1454de323,SAVANNAH,Savannah
cc:8d83a660-8046-4764-9c8d-62bb0a3c7244,SAVANNAH,Savannah
cc:8d8419b5-faca-40e2-b940-e21ad616b1ac,CONCORD,Concord
cc:8d8c4dc5-7d3e-409f-86cb-fe855de377a9,PUYALLUP,Puyallup
cc:8da0dfb0-ddf4-417a-ad8c-19d1760dd180,CARROLLTON,Carrollton
cc:8db801c0-9869-4c41-b767-8da8a7af49a5,SAN DIEGO,San Diego
cc:8dd11eb7-f31e-416a-aca1-674a544f954e,WENATCHEE,Wenatchee
cc:8dd62c7a-b6d2-4693-8da6-1a1894d7293a,BRYAN,Bryan
cc:8de1499d-62db-48a4-8483-a84a332e69a0,SAN ANTONIO,San Antonio
cc:8deb9d7b-f489-46d0-a121-f005d23a7ed5,HOT SPRINGS,Hot Springs
cc:8dee6c36-1c1d-4366-b2a4-94c7a2dd528b,SONORA,Sonora
cc:8df41ee0-00cb-4f85-a232-77fe3e453467,PENNINGTON GAP,Pennington Gap
cc:8df9e5c5-439a-4447-8006-d3fd1e8ec5d4,ANAHEIM,Anaheim
cc:8e0ca27d-3d2f-4177-a2db-be528c89c238,HALEYVILLE,Haleyville
cc:8e27b327-5d4f-4550-91f2-bd5a5ffdfd73,DAYTONA BEACH,Daytona Beach
cc:8e290324-15a3-4a32-b37b-f9bcc42d7d10,PLANO,Plano
cc:8e343d15-afea-4eba-894c-0670f273c61e,SPRINGFIELD,Springfield
cc:8e3707b9-7391-452e-8378-7c7be81fece7,DELRAY BEACH,Delray Beach
cc:8e3a397c-656a-4217-a530-d0672d497047,PEORIA,Peoria
cc:8e3c2ff3-da03-4bbc-95b5-cb99bae6f845,TOLEDO,Toledo
cc:8e4818ef-a44c-44ba-a07b-8eb1e3b3f499,ORLANDO,Orlando
cc:8e4ee555-631d-41f3-ad42-d5c941a1ffb8,TREMONTON,Tremonton
cc:8e55a2f3-88eb-405d-8f25-daa7496b5dc2,GLENVIEW,Glenview
cc:8e58de17-ecd9-4be4-8e69-9f9e5efbbb1c,JACKSONVILLE,Jacksonville
cc:8e594980-482b-47ea-8e72-1de7f2155a15,CAGUAS,Caguas
cc:8e9e7778-a066-4b20-a48a-77a9873e44e0,CHICAGO,Chicago
cc:8ea031ef-c221-4a5a-ab2f-a3150078fa25,MODESTO,Modesto
cc:8eaec524-005f-43f7-8fe5-7526abe78b4c,PHILADELPHIA,Philadelphia
cc:8ec98dfd-cbad-4207-b5f4-247a05d70559,PRICE,Price
cc:8ee51354-9b9c-4ab3-aad3-a9b41e6c047b,SPRINGHILL,Springhill
cc:8ee65be1-3611-4559-90da-fbd9f2acc271,ORANGE PARK,Orange Park
cc:8eec546e-1ef6-4a2d-9ba9-27fe43fe1eb2,CHATTANOOGA,Chattanooga
cc:8eed2b30-3f9d-43d5-bb92-9cf0cf5c1e0e,MIDDLEBURY,Middlebury
cc:8f0bda99-7a36-4bfe-a397-722148d5db19,STERLING,Sterling
cc:8f12f084-2e49-448c-9525-839451005d68,MARSHFIELD,Marshfield
cc:8f1504a4-0588-42c9-bb41-6a5a167f2721,PORT SAINT JOE,Port St. Joe
cc:8f2c1ee7-f7da-4712-ac30-31b1e526800a,WINNIE,Winnie
cc:8f313b2b-4d90-423b-894e-6bf2158f8929,OLNEY,Olney
cc:8f410851-8576-4b74-b8f4-d678abe9325c,URBANA,Urbana
cc:8f450e1b-362a-431b-97da-9ce5468b5b79,HOUSTON,Houston
cc:8f46afb6-8d07-49bc-8af8-4ea29a794fc9,CORNING,Corning
cc:8f4ca4d3-2ce8-4ea8-bca0-01a14bd830b2,OAK PARK,Oak Park
cc:8f560727-34f3-46ee-a9fe-eed136be7387,HOUSTON,Houston
cc:8f562585-cdd0-4909-ab71-6e93d9bd0532,GATESVILLE,Gatesville
cc:8f61b693-2645-4ce1-a567-55fd7a901e5a,GOSHEN,Goshen
cc:8f7b06a9-16b8-4d6e-8384-0a4bb05e044d,MT JULIET,Mt. Juliet
cc:8f7e4874-b1e8-4de0-b506-71d970d65fd6,HOBART,Hobart
cc:8f83f3d5-73d2-4edd-b0af-b5871e8019d5,GREENSBORO,Greensboro
cc:8f9b87d2-7a26-4874-aeda-82e0dc74b5a6,ARKADELPHIA,Arkadelphia
cc:8fa8ec04-9f86-46c1-ade3-cebf8b58fdf9,PORT ARTHUR,Port Arthur
cc:8faeb48c-f43d-460b-862b-4c39234fb810,MOUNT KISCO,Mount Kisco
cc:8fcd0878-899d-4505-a7a8-37fa2ceec9ab,DES MOINES,Des Moines
cc:8fd5ea81-818f-4f34-8b90-d886df6d193d,FARMINGTON,Farmington
cc:8fe4d06d-f928-44ff-89fa-d204234e565a,WINSTON-SALEM,Winston-Salem
cc:8fed024f-1c0d-4343-a00a-4b8b4e5e71ba,SANTA BARBARA,Santa Barbara
cc:8ff4f75a-4377-4b5f-830d-843ac8124dc9,NEWPORT,Newport
cc:8ffa4cb9-ee64-4d54-b51b-80c3a6d69a59,KETCHIKAN,Ketchikan
cc:901103f7-722a-4b95-b59e-8793a5edf2bd,GRAND MARAIS,Grand Marais
cc:902a71e7-a273-43a6-8ce9-4c92695ede6d,MEMPHIS,Memphis
cc:902ab404-6528-49e2-a132-95aa7ca9614e,LEWISVILLE,Lewisville
cc:902ac1ab-8ce4-408d-82a6-31397f335b86,WILLITS,Willits
cc:902b8f6a-40e4-462a-be28-61d9d4be05ac,MALTA,Malta
cc:902d8645-75a4-4995-ba92-2f3c241d0a50,NEW YORK,New York
cc:902e93fe-fab7-4174-86ec-b011cd80eb02,WAUPACA,Waupaca
cc:904351bd-a6b8-4ee5-a788-1c77c2e8702a,WHEELING,Wheeling
cc:90475d8d-e600-48cd-9a5d-2081c827052d,NEW ORLEANS,New Orleans
cc:904cefe9-3ed1-4de9-a316-080da2575b4f,MADISON,Madison
cc:90596493-56bd-4998-b867-431f41cdde37,SAN DIEGO,San Diego
cc:9059bad3-655f-4b35-85e4-7eb37371cc6d,BETTENDORF,Bettendorf
cc:905e955d-af38-4d50-a535-ac55ba4eabbe,MEADVILLE,Meadville
cc:90667acf-4f89-4a0f-9285-1c88a85e4091,DURHAM,Durham
cc:9067bc53-8a59-43cc-93e2-8810fbc361fa,DALLAS,Dallas
cc:9067dad0-811f-40e1-a905-8378a3248b3a,RICHLAND,Richland
cc:906de3d8-23b3-482a-94fb-4468bcead617,HUNTINGDON,Huntingdon
cc:90759291-108f-4997-ba16-07ef8267a94d,HUNTINGTON,Huntington
cc:9079966e-15ea-4d8f-82ef-0cef42396fc9,VICTORIA,Victoria
cc:90902097-1713-49c1-baef-8ffaf44c04bf,DONALSONVILLE,Donalsonville
cc:9090519e-16cb-453b-9ec1-8b2ee3ce68a0,TOCCOA,Toccoa
cc:909117c4-0801-431a-acce-9c29ff4dcc7f,NORWALK,Norwalk
cc:909b9ada-c989-459b-9382-dd920e4170b9,LOVINGTON,Lovington
cc:909bc12a-5065-40ba-a11b-670a41aa43fe,BAKERSFIELD,Bakersfield
cc:909cf6dc-9483-460c-9e56-e908f9ac480b,WESTFIELD,Westfield
cc:90b774a0-9bd0-479e-853d-103b17b5f708,SANFORD,Sanford
cc:90c1e9c4-2633-465b-976c-656f535e4627,OSCEOLA,Osceola
cc:90cca1b7-c213-4013-8144-8dd1d81d0321,KNOXVILLE,Knoxville
cc:90d19a1f-b1b9-492c-8b02-79209a3a73aa,BOSTON,Boston
cc:90d818fb-b411-4929-a25e-59b10674a5d0,BLOOMINGTON,Bloomington
cc:90e1b687-7193-4198-927d-c63b7a314e58,EL PASO,El Paso
cc:90f3a489-8dbd-45bd-873b-ed3c54a06447,WARREN,Warren
cc:911f9cb0-229d-4dae-aae0-02b145191d59,SPARTA,Sparta
cc:91354842-b277-4f23-91cc-bfa2bcd5b877,TRENTON,Trenton
cc:9146a1c5-60ac-463d-802d-ba576bde3cd1,EMPORIA,Emporia
cc:914e9755-c611-456c-9071-6b9f95aa84c6,FALMOUTH,Falmouth
cc:9151b521-54cf-4032-b5ca-38ffcb1f6340,PLACERVILLE,Placerville
cc:91664c64-71b5-447e-9fae-21e9d320c1d1,SPRINGFIELD,Springfield
cc:9172760d-6afd-4ff0-94e0-617c52f3c0f4,ROSEMEAD,Rosemead
cc:9173f1d4-6734-4e42-a04f-6474a013c3c3,CHARLOTTE,Charlotte
cc:917c65d5-7187-4b82-9b93-a806ea46bd4b,DEQUINCY,Dequincy
cc:91879a1e-9a63-4536-ba07-089c5e5ba116,PRESTON,Preston
cc:918f67dc-51c4-4aec-b0ec-482d0729f329,JACKSONVILLE,Jacksonville
cc:91aa817f-80b0-4438-b971-f7217dedd360,VALLEY,Valley
cc:91ab458f-018b-4c7a-ad23-c6ce8cfee53a,GILBERT,Gilbert
cc:91bd6f63-28b3-47e4-aae7-bb8916a7b34d,OVERLAND PARK,Overland Park
cc:91c36a54-90e3-45c1-8d60-b74148d01c91,LOMA LINDA,Loma Linda
cc:91cf7ac8-8144-4976-a9a6-457be40fceae,CYPRESS,Cypress
cc:91d3fc63-50e5-4b1f-ba9e-c45a47adc95a,CAPE GIRARDEAU,Cape Girardeau
cc:91df3aad-730a-4f64-b356-3f2662f0a79f,AMSTERDAM,Amsterdam
cc:91e1fe87-fa3e-427d-8b28-8140a8e7f6a0,TOMS RIVER,Toms River
cc:91f29dab-c75f-4d5b-aa4d-67dd661a708d,MONTGOMERY,Montgomery
cc:91f43c62-be25-48a4-b052-ed6bd8d5e20d,ST HELENA,St. Helena
cc:91f55828-1777-41c2-8fa5-0bb69b750a64,CARSON CITY,Carson City
cc:922219db-dbe2-4a2f-b501-201c17959aab,NATCHITOCHES,Natchitoches
cc:9222a4d2-add2-40ef-868c-c51d26f59fe4,BASALT,Basalt
cc:922c3e34-98a9-47f8-a0ac-091ac695234f,LAPORTE,Laporte
cc:923c0e7e-d682-4d09-ac03-175393cc5191,GREER,Greer
cc:924219e3-b405-4727-870b-442cf53eecd3,LODI,Lodi
cc:9248a44e-3be5-482e-b491-a58a10a5d962,AUGUSTA,Augusta
cc:9250357f-9ac2-4e52-a13f-fe02785ef162,LITTLE ROCK,Little Rock
cc:9256a840-e331-4b7e-88d9-f64497d636dd,TEMPLE,Temple
cc:925c8366-71c5-44a4-bce8-7afb1e8f3a9a,BAXLEY,Baxley
cc:9263fe62-6459-4724-8a2e-5031b8e96772,SENECA,Seneca
cc:9272013e-c4e6-4b41-bea1-c48e16e8cb59,MASON,Mason
cc:927371eb-3926-442f-bcc2-eda8947c18e2,FORT WAYNE,Fort Wayne
cc:927ddbd3-1b09-4a56-82b1-b0c0df83665a,MARSHALL,Marshall
cc:928811ac-dea2-41d5-801d-66b24fbe0b7a,FORSYTH,Forsyth
cc:92895437-6fc3-4e87-8175-8ca5496e1db8,CINICINNATI,Cinicinnati
cc:9296c2d1-be5f-4c83-bf3f-7d262f060b04,THOMASVILLE,Thomasville
cc:92acb62c-dd81-4a67-acf5-9e037243ecb2,PLYMOUTH,Plymouth
cc:92b7a0c4-d690-4f90-800e-c982d58fe178,JACKSONVILLE,Jacksonville
cc:92ba9416-dde0-4711-a97e-d24827e72d68,FAYETTEVILLE,Fayetteville
cc:92c2a883-598a-4c07-b411-f5138e4c6b74,COVINGTON,Covington
cc:92d819bb-36f5-418e-a909-95fbea963541,LUBBOCK,Lubbock
cc:92dee477-2fc5-400a-b283-f7d3c353546c,LEWISTON,Lewiston
cc:92e2a96c-2220-446a-a776-c9bcd3b3188f,PHILADELPHIA,Philadelphia
cc:92e5ee2f-6e09-45de-9e3a-e2361649a071,CHICAGO,Chicago
cc:92e8e71e-4350-4c96-880a-e15dadde614d,NEWPORT,Newport
cc:92f2539e-d2ca-4133-8302-fb0d8bec40cf,BOUNTIFUL,Bountiful
cc:9305d041-22d5-4104-8b5f-42e541c1aa3c,SENECA,Seneca
cc:9311e913-39b5-4c97-a204-34adeafcdca3,COLORADO SPRINGS,Colorado Springs
cc:93131da5-bd04-4ea0-ad67-9a33755cd282,AMARILLO,Amarillo
cc:931e0477-4c34-4353-a051-771cdaaf4b0b,DONALDSONVILLE,Donaldsonville
cc:932306b8-2cec-4391-95f3-4c0900481c1c,LEHIGHTON,Lehighton
cc:9325c723-3b38-42c0-a2fd-5548615dc84b,CLARION,Clarion
cc:933b1a22-5bab-4d27-8df8-142b4bbba458,TARPON SPRINGS,Tarpon Springs
cc:9342529a-cb48-4c2e-ac62-b33cd6f62a86,ROCKVILLE,Rockville
cc:934f1063-8c75-467f-944c-b1ca1b5d28c1,BAKERSFIELD,Bakersfield
cc:93625761-b741-4c06-8e87-f08a911e53b1,LAKE CHARLES,Lake Charles
cc:936d0339-b33a-4b8b-9d30-fb47a50d0a7f,GAINESVILLE,Gainesville
cc:93777e5b-be4a-4752-9bf1-135a1abdcf2c,HERSHEY,Hershey
cc:937cfa35-7e19-4557-92a3-1d602ba67671,OROCOVIS PUEBLO,Orocovis Pueblo
cc:938cc1cb-c09a-48d6-84cf-b03786beaa97,GARNER,Garner
cc:9391d94f-89cd-49a6-8f18-d6a712eb6cb0,STEUBENVILLE,Steubenville
cc:9393ce01-58c3-4a6b-8662-9212649ffe06,HARRODSBURG,Harrodsburg
cc:93a5f1df-f50a-47b4-b896-405ce29114f1,SAN JUAN,San Juan
cc:93abf799-ab9d-4ad2-bf01-bb053e94e8ee,BRICK,Brick
cc:93c04b1a-bf08-41e6-a82a-7bbeb4a3e2c6,SILVERTON,Silverton
cc:93ce674f-5c25-4033-ab00-6b8026b54791,MUNSTER,Munster
cc:93d3e47f-7fd0-4aa7-a539-e4d5768acf80,SACRAMENTO,Sacramento
cc:93d8d111-b513-43b0-aaa8-74b28de01a35,HOLLISTER,Hollister
cc:93ea2808-57b2-44ee-95df-51ebd0c056d8,OVERLAND PARK,Overland Park
cc:93f59134-698b-482b-a7dc-bfbf1d2877a0,DIMMITT,Dimmitt
cc:93fcf592-7dcb-4173-823b-84cb499cc02b,MURRAY,Murray
cc:93feaf90-0ec5-43f6-a832-3eac625a0748,ALBUQUERQUE,Albuquerque
cc:940cdc8c-78e6-4574-9bff-8bf5791389a1,GREENFIELD,Greenfield
cc:943128b4-bb28-4c8c-84de-f6e595dbd101,ALEXANDRIA,Alexandria
cc:9436caec-ad07-4370-a5f5-c300d1ba73e2,ELKADER,Elkader
cc:943749e6-0f66-4d11-b4a4-cf4ad6452b80,LOUISVILLE,Louisville
cc:943803e9-886d-40bb-9fcd-b7945c5e75ff,EL PASO,El Paso
cc:9438ef31-6fe7-4567-9525-7c40840bd482,ANDERSON,Anderson
cc:943d7563-4b0b-49c1-9d68-e72a26acd591,MANDEVILLE,Mandeville
cc:944b4faf-48d7-439a-8abc-e8cb1e572b9c,WICHITA FALLS,Wichita Falls
cc:945d9c80-e166-46e0-8d92-b31db5c71ade,GOLDENDALE,Goldendale
cc:9461a5b0-7193-4219-bc91-06f11c5c145d,ST. ALBANS,St. Albans
cc:946723a9-3f76-4ad1-8db7-566d0da43370,DENTON,Denton
cc:9472c012-3f68-44be-86f4-991fa86cab8f,MYRTLE BEACH,Myrtle Beach
cc:947ae0ea-ae5e-4730-9466-6772d7bfe9c5,NAPERVILLE,Naperville
cc:948646e7-2fff-4902-9a03-5f75901c1095,WAUSAU,Wausau
cc:948a6b99-4d25-456f-859b-e9d8d9ba056a,EVANSVILLE,Evansville
cc:949199cc-5121-407f-9d01-be87a55af79c,HOUSTON,Houston
cc:9493ba53-284b-4ca4-8bd8-66881fce39e4,CHESTERTOWN,Chestertown
cc:9498d599-ec04-4255-a9a0-c25d40b468c3,RAPID CITY,Rapid City
cc:949d4cfc-ba55-44c0-95b4-00f69b5185ec,CLARINDA,Clarinda
cc:94a4927c-b8a1-4820-8397-32fb2481f1c7,CORYDON,Corydon
cc:94ad2078-bc69-4938-8488-b1a0b339c945,EVANSVILLE,Evansville
cc:94b254b0-3fb4-4495-9443-2c631c5d4617,GREENWOOD,Greenwood
cc:94b67358-a63f-4afd-be6d-f43c8f4a54c2,BATON ROUGE,Baton Rouge
cc:94c6071f-9ace-4b94-bf56-39d1c11af3c2,MANAHAWKIN,Manahawkin
cc:94c77dca-6ec7-47c0-9fd1-0a7cde2ef1a6,WILLIAMSBURG,Williamsburg
cc:94cc03f8-04f5-4c94-b34b-010d56288ed4,MILLEDGEVILLE,Milledgeville
cc:94cf8b40-3b7d-4da3-ae29-066c84c86e44,EASTMAN,Eastman
cc:94d24095-6abf-42a5-a6b5-aca7c2a9c6ae,TIOGA,Tioga
cc:94d7e32e-8d1c-465d-9397-008f72045cae,TOLEDO,Toledo
cc:94db303c-a3cd-435d-aa0d-76afd92023e4,SAN FRANCISCO,San Francisco
cc:94dc73ae-fb46-443a-95bc-eedd80eba006,HAMILTON,Hamilton
cc:94eaf3bf-41a9-4b97-b34e-0316fa35db56,SAHUARITA,Sahuarita
cc:94eb1d03-8027-47bd-bdbe-ad9d9dbbff0d,MARLETTE,Marlette
cc:94f4afbb-9e58-45d5-9118-70fef1e00810,MUNISING,Munising
cc:94feef9e-21da-4712-bbd3-3b73a40c8295,MIDDLETOWN,Middletown
cc:9505e899-b511-4f4f-963a-ff0535de6529,SPRINGFIELD,Springfield
cc:95080cff-0c77-4aa7-8909-2d40a8dd511e,PORT ANGELES,Port Angeles
cc:950d5399-d2b7-4e06-9464-85190b8b24b3,ALBANY,Albany
cc:950d9f94-8401-4e53-baad-75886d30b6b2,GRANTSBURG,Grantsburg
cc:9527e0f4-313c-4185-bec6-173c15ec77c4,MIRAMAR BEACH,Miramar Beach
cc:953b7c6f-5547-42ec-9f83-3105a8fd7856,WEST COLUMBIA,West Columbia
cc:95400c95-3b8b-4e79-8c55-ed2720c75d34,COMMERCE CHARTER TOWNSHIP,Commerce Charter Township
cc:9541e8f6-6bce-460b-9b9f-895af7c9172e,MCDOWELL,McDowell
cc:9542946b-c0ec-4b6d-9b49-4cc706af8a6d,CHICAGO,Chicago
cc:9547c77b-d745-41f9-9134-f49169dc0771,MARIANNA,Marianna
cc:954f089e-0804-427e-8edc-16a12c91541c,GREEN BAY,Green Bay
cc:9550c4a1-0dad-4da3-8c17-32ab5617916f,PHILADELPHIA,Philadelphia
cc:9551ddc8-4889-4dc9-a83e-3a39671819bd,SEATTLE,Seattle
cc:9559e297-36de-4645-a859-91ba5dbcb680,ODESSA,Odessa
cc:9575eb15-9833-4031-98a9-8a3eb87cdc3f,MISHAWAKA,Mishawaka
cc:957d2270-b879-4189-9913-6c725b0430a6,MERIDIAN,Meridian
cc:958137e6-2990-42ad-8c04-095e4870482b,FLUSHING,Flushing
cc:95880234-6da2-4b47-a24a-a8e2d8c7a8f0,OCALA,Ocala
cc:95988cac-356f-4f98-87ac-c6c697c57edc,HONOLULU,Honolulu
cc:9599236b-5591-4fde-b604-f2ddfdf3498f,BAKERSFIELD,Bakersfield
cc:95a154b7-a5a6-4cf9-8de2-b37739a75922,SEWICKLEY,Sewickley
cc:95abae0e-ad4a-4c6b-9970-9056b461ec0e,WHEELING,Wheeling
cc:95ac5be3-3fea-465d-85a0-63f538765457,NASHVILLE,Nashville
cc:95b31a14-66c2-4179-8369-5f95e262d6db,NEENAH,Neenah
cc:95b40545-881a-46ae-90c1-655aa23ecd0c,HENDERSON,Henderson
cc:95b7d40f-71a3-40a4-aa17-e2fdf5dc97c1,MARLTON,Marlton
cc:95c6dd03-fed8-4bd8-8132-82fc659baff6,FAYETTEVILLE,Fayetteville
cc:95d51f91-0e7b-48f0-a229-efe876443c19,BLACKFOOT,Blackfoot
cc:95dc49bb-663f-47fb-b343-88d9df1ed57f,NATIONAL CITY,National City
cc:95e518d3-028c-4450-a93d-5de74697fc7a,MARSHFIELD,Marshfield
cc:95ef3af3-906f-4c54-b0cb-0d3dea614193,INCLINE VILLAGE,Incline Village
cc:960aa8f8-03f6-42ae-b1db-6aa8d0a8295d,GRAYLING,Grayling
cc:960dcd8b-6af4-41cf-b719-f1ff489d79dc,CHARLOTTE,Charlotte
cc:9619fbdd-b4a0-4edb-9889-be175243705e,ANSON,Anson
cc:961e9c7b-9ebb-425c-871f-a5e9141ef499,UNIONDALE,Uniondale
cc:96281e7c-46bd-4582-8e6d-12b671dfe2a1,KIRKLAND,Kirkland
cc:963cc240-a93c-4feb-9d13-1dfb4e9ba384,DULUTH,Duluth
cc:9640dd33-53df-49d0-8f81-cea2c22c1524,PALO ALTO,Palo Alto
cc:9641cb62-86bb-446b-b175-73279e010adb,PENSACOLA,Pensacola
cc:9645164f-7d06-406d-b871-1eeee73fb510,PORTLAND,Portland
cc:96568855-3529-4265-aeab-a9abeefcbc38,RANDOLPH,Randolph
cc:965bfcd4-3a80-49bf-8a7c-2cd9228078c6,PEMBROKE,Pembroke
cc:9663038c-d30e-40a3-90ac-0a61b0aefffe,LAKE RIDGE,Lake Ridge
cc:966ecdc3-c30c-47e0-bc06-baca46a8f160,CROSSETT,Crossett
cc:96771208-db10-4cf1-8779-6bae66e73e36,INDIANAPOLIS,Indianapolis
cc:96808fb1-478e-443c-9c1e-a98ba7e6d838,ALLIANCE,Alliance
cc:968967a2-1274-412a-b3a2-63fd92d4434c,PHILADELPHIA,Philadelphia
cc:9696b108-7704-4fbc-993b-0165725b280f,BOLIVIA,Bolivia
cc:96987f8f-b192-4c8b-98e1-65e06ccdb5c8,CHAMPAIGN,Champaign
cc:969cdcd2-ffae-4c65-bb1f-f0d2252f73db,SPRINGFIELD,Springfield
cc:969eb448-046f-4bca-b5a7-b6e8142dfd7e,ORLANDO,Orlando
cc:96aac77a-3d6a-4d00-81c9-6eb824a6e3dc,WEST MONROE,West Monroe
cc:96ac3383-e9c2-45d2-9dff-521568cacf8d,HONOLULU,Honolulu
cc:96af3345-b6a3-4d49-8921-95d699c6301a,DENVER,Denver
cc:96b20780-a281-4068-9152-90fa25f3ed99,MCCONNELLSBURG,McConnellsburg
cc:96b5a3be-b231-4600-b520-8ee5f1a6620c,OKEENE,Okeene
cc:96bf1a15-3eec-49fa-b0d8-618f1c81409c,RICHMOND,Richmond
cc:96c92c1c-d013-49bc-8038-da8462617dc4,LONGVIEW,Longview
cc:96cb6a7d-65b1-4f41-81c7-eaebd177d9f2,SANTA BARBARA,Santa Barbara
cc:96cdfa8b-e889-4a17-9452-5f55109c591a,RIO PIEDRAS,Rio Piedras
cc:96d72af6-862d-48db-a739-ec8900148e72,TIPTON,Tipton
cc:96e0037e-b054-4d51-8f03-245df1eb089c,MARTIN,Martin
cc:970f6e42-0c8c-4145-b31e-f70fd6f598bc,JOHNS CREEK,Johns Creek
cc:97203347-9f7a-4554-9085-7095c0eaeb61,DETROIT,Detroit
cc:9722514f-19e8-416f-9cbf-d4ac75d7120c,HOUSTON,Houston
cc:9726582e-89d4-459d-991d-8ac1e8333410,ANNAPOLIS,Annapolis
cc:972c9724-7d4e-4430-bb15-63960e55494d,HENDERSON,Henderson
cc:972cf962-bdc8-4b77-82d3-e1a8d4378913,VALDEZ,Valdez
cc:972d8b14-1984-433e-a6e1-39dda557009b,CARTHAGE,Carthage
cc:972ea621-ba63-4f8e-815a-447d6e32a67f,OKLAHOMA CITY,Oklahoma City
cc:972f681e-8a92-4ddc-bb65-66f7d8999c8e,SEARCY,Searcy
cc:97310e9f-6d09-4fd6-89f7-bddba6260aae,MESA,Mesa
cc:973cddc1-255c-44b9-bd70-e9600973c02d,KENNER,Kenner
cc:973d7961-5d9e-4b1f-9341-85f261228693,SUMNER,Sumner
cc:97476f2f-af44-4510-b4d4-0a4dbd83c8e9,MOSCOW,Moscow
cc:97553450-91b2-4a6b-a2e6-c3ef54c5273d,DOVER,Dover
cc:977a00e7-2005-4604-93eb-55e5169425dd,LOWELL,Lowell
cc:977f3d3a-dc88-405d-8969-e1bd19c8094c,BROOKSVILLE,Brooksville
cc:979f28c3-f504-4c1b-92b7-5fdbe39df4f3,BELLEVUE,Bellevue
cc:97a81a6e-d968-4a55-aa4a-d35b2f7f3e13,NEW YORK,New York
cc:97a86839-6eb4-4fb9-8c19-863cddf8aaac,BATON ROUGE,Baton Rouge
cc:97be9389-94b6-4ad2-b595-55fc71dd5ece,ST. LOUIS,St. Louis
cc:97c058a2-3e8f-4f78-b38f-2572343a81ae,MOBILE,Mobile
cc:97c089a6-e5af-4065-baec-ac0f64e79d81,SHERIDAN,Sheridan
cc:97c48041-0074-41ca-9ae6-6bea6ec1b528,TRANSFER,Transfer
cc:97d1b5bf-74be-4f89-8b49-f8d9349450ce,WEBSTER,Webster
cc:97d3b2a4-b2ba-4967-be16-0dafbe6c650b,SAN DIEGO,San Diego
cc:97dc815c-74d0-4080-adf7-569c993f0bd7,MARATHON,Marathon
cc:97e13e0e-71a2-4939-8547-d1048cf3bed2,THE VILLAGES,The Villages
cc:97e51fb2-cfaf-4034-bc61-e42559930057,TAMPA,Tampa
cc:97eb2a35-af76-4f12-9b5a-cf1dfebd9559,CHARLOTTESVILLE,Charlottesville
cc:97f6f274-316d-4929-ae8d-76b0928d03ea,ALTOONA,Altoona
cc:97fed6a8-6d14-47d1-8901-b7777c64c477,TRENTON,Trenton
cc:9811c27f-4e72-49f0-a150-54424c0ef983,WESSINGTON SPRINGS,Wessington Springs
cc:98128fcd-c19f-41e4-ab8b-a3fa1da4385d,TUCSON,Tucson
cc:98195f9e-85b8-4d95-b5cb-ef6009d3f36c,GREENVILLE,Greenville
cc:981cd550-f5d1-43a6-8e0a-99ef2569a72e,LAS VEGAS,Las Vegas
cc:9826c6ab-2576-4dad-9f22-e8dab5b0bddd,BOSTON,Boston
cc:982a4642-0201-4e70-b65c-05c0c45ed55a,WINSTON-SALEM,Winston-Salem
cc:982f4cf7-8be1-4db1-add6-197c2ace5a7e,SPRINGFIELD,Springfield
cc:9840b7bc-5a82-4248-b8a2-d5b6f7662a9c,MCALLEN,McAllen
cc:984d13f8-03b4-46ae-ab79-86a4dec52f6c,SPARTANBURG,Spartanburg
cc:9868b4bb-15e0-48ed-b089-42c4dcf3766d,SHERMAN,Sherman
cc:9872cb49-1286-421a-b7ca-a075325d347e,BENSON,Benson
cc:987e6b10-cd94-4c29-ad64-ae8a9d0fd909,YOUNGSTOWN,Youngstown
cc:988add74-e3e0-4474-9b7f-f9a83413e0ff,LAS CRUCES,Las Cruces
cc:988aeda4-6d9c-4e75-b8aa-554323ef8d30,MISHAWAKA,Mishawaka
cc:988f9b1c-8273-4ec2-bb52-8b3082962349,COLLEGE STATION,College Station
cc:98932cc1-816b-4ca3-87f6-b2eba021eee9,LAURINBURG,Laurinburg
cc:98985337-ffd0-43e8-b7cf-ccd107c0be55,BANGOR,Bangor
cc:98a545e6-aa4e-4c3b-afcc-4bb65ea14d5a,PORTSMOUTH,Portsmouth
cc:98b2ecb6-b5a6-46f4-a1ce-ffb616ac284c,COLLIERVILLE,Collierville
cc:98bb58be-3ed0-418a-9659-095181085ef0,MCALLEN,McAllen
cc:98ca158b-cd5c-44c3-a3af-9c43354bade6,STATEN ISLAND,Staten Island
cc:98cc7e35-9813-423c-96b5-48c4f5db2f59,CHELSEA,Chelsea
cc:98d7727d-8ec3-434a-9b15-b9d23fa2f840,JASPER,Jasper
cc:98da1898-89e4-49f1-830d-32c174df3a5d,VILLA RICA,Villa Rica
cc:98dde67b-e3e0-4d0c-97da-3b0cef1e810b,BROOKLYN,Brooklyn
cc:98e2c834-5f40-41db-9bf4-63627ba74626,HENDERSONVILLE,Hendersonville
cc:98edea5d-56fe-4551-9617-609a84e5a9bd,BALDIWN,Baldiwn
cc:98f1a90b-90aa-4806-8b02-538da67a2017,SCOTLAND NECK,Scotland Neck
cc:9909c2e5-d689-4eff-88ce-eaed0191e50d,WATERFORD,Waterford
cc:990d3f55-0e5a-48fd-80ce-d0fecd6efda8,HUMBLE,Humble
cc:990f817a-57a6-40d5-a469-5a9ccb889ce1,MIAMI LAKES,Miami Lakes
cc:99152283-d8c1-4b8e-8454-efcc77fece84,OPELOUSAS,Opelousas
cc:99159ee8-78da-4de5-b334-cbd822fe8224,NEW YORK,New York
cc:9921c434-52d8-4f86-a699-8e2ba2b58240,SAN DIEGO,San Diego
cc:9922bcb1-abc8-4141-96de-882d552921b3,JENA,Jena
cc:992501db-1bf3-45ce-b772-6c2319b2c493,WAUPUN,Waupun
cc:992b3f9b-4bb0-44cb-bf83-d38a98c49239,WINONA,Winona
cc:9932235d-ef4f-4628-af86-64c0f0ac2c70,AMITYVILLE,Amityville
cc:9934ca05-a787-4469-8eba-e801a85ac04a,LAWRENCE,Lawrence
cc:99365bfe-eebc-4366-b39c-f1ae7ecc05dd,ELYRIA,Elyria
cc:9937cf26-e5bb-4975-9114-8f945993f576,LONG BRANCH,Long Branch
cc:993adcc1-ed89-4722-b0e4-64f6b65a11e5,ANCHORAGE,Anchorage
cc:99450e04-4285-40db-949c-ba1e683eef5a,UKIAH,Ukiah
cc:9949f893-5fad-4243-b9aa-06dae544b6df,EDINBURG,Edinburg
cc:99502aba-0ca2-4804-b479-507fa6afea11,KODIAK,Kodiak
cc:99510796-ec78-426a-a2a5-58e2a7331d69,PITTSBURGH,Pittsburgh
cc:9951e988-3ec7-4f61-abcc-668167127e7f,EMMETSBURG,Emmetsburg
cc:995b432f-613b-4313-a2e0-8d7d2e759c66,METAIRIE,Metairie
cc:99616132-5ba2-4da3-9dce-93b2d16cf26c,ASHEBORO,Asheboro
cc:996a7d85-44fa-425d-a898-15f93fa8f91e,OAKLAND,Oakland
cc:997d91c8-c36e-48a0-a414-c3c56f42676c,RENO,Reno
cc:997ef59c-3dee-465e-81c6-fda252b52ec4,SPRINGDALE,Springdale
cc:9980929a-23ab-453e-97a3-36cd00ca258d,MARENGO,Marengo
cc:99867159-17b2-4700-b096-d07994078d96,BELLEVILLE,Belleville
cc:9989dca1-a6e0-44db-815e-4bf30fe355f6,SIMPSONVILLE,Simpsonville
cc:99a20fbb-7902-44b2-871f-f2b844c10e83,WASHINGTON,Washington
cc:99a66766-8535-46d0-89e5-d4c4688e3668,ANACORTES,Anacortes
cc:99be0fe8-3576-47b6-80f7-a1f1a66395bb,CORPUS CHRISTI,Corpus Christi
cc:99d18504-d8b7-4e73-83d3-c50803df210f,STEVENS POINT,Stevens Point
cc:99d36a1b-b122-4b5e-80b4-de23f8b1fda6,WEST PALM BEACH,West Palm Beach
cc:99e2441a-98b3-4169-8cbe-38d37e12dfcb,FORT LAUDERDALE,Fort Lauderdale
cc:99e35a1f-565e-4d65-b842-ecd090b5ccfc,BALTIMORE,Baltimore
cc:99ef938a-8d14-49a9-9e94-d7c7b6b05332,SHREVEPORT,Shreveport
cc:99fbee7b-f720-47a9-ace7-1113209ce1a1,STANFORD,Stanford
cc:9a007bb8-aa62-4b02-aa8d-fe0c2dadc856,LUTZ,Lutz
cc:9a01776d-b086-4d86-bb60-f31b38066fc8,TALLAHASSEE,Tallahassee
cc:9a078d7c-5d70-4471-9d6b-604051fccfc8,EL DORADO,El Dorado
cc:9a120485-f787-43b7-961d-100286b25cff,BELLE MEAD,Belle Mead
cc:9a14c421-3fcc-4780-ab57-5935a31741f5,CARMEL,Carmel
cc:9a194b45-7beb-49db-856e-fd04856b29b9,NEW CASTLE,New Castle
cc:9a1ddae1-163d-47bb-968d-691e6fc8588e,INDIANAPOLIS,Indianapolis
cc:9a2a33dc-7ab8-4fad-9806-4eb857dbb27c,DUNWOODY,Dunwoody
cc:9a2cc2bc-71b1-45ce-9766-27e39cad81f6,GREENEVILLE,Greeneville
cc:9a384f63-ea73-4f1c-bfe8-0287b60d7c44,NAMPA,Nampa
cc:9a39ea1e-0ac5-4ea4-9e59-cba28e02320e,CHICAGO,Chicago
cc:9a499778-ee33-4d0f-9cae-7ca8094af29c,FOLSOM,Folsom
cc:9a4d71cb-8377-4a76-9a8d-542bf4a289dd,BELLEFONTAINE,Bellefontaine
cc:9a5b954a-4a8b-4f94-a594-e1beaede0595,FRANKLINTON,Franklinton
cc:9a5ffcf6-43fc-4da3-bcde-484ad1bcefeb,ESTHERVILLE,Estherville
cc:9a73f9fe-babd-4d63-861c-0fc04deb8142,RED BLUFF,Red Bluff
cc:9a781ef5-fd4c-4337-9bb4-0c4807fa7523,BOSTON,Boston
cc:9a88283b-16c8-4ffd-a531-f9f3fb4e4557,LAFAYETTE,Lafayette
cc:9a8985c8-2c2e-4f58-8f1d-eedae2749113,SACRAMENTO,Sacramento
cc:9a8c7f87-f71f-4f17-917b-563bda072c51,EFFINGHAM,Effingham
cc:9a8e2768-fcc7-4d38-80ee-5f300b486316,SHELTON,Shelton
cc:9a94b67d-b85f-4635-8d45-5a3b3bbea45a,SPRINGDALE,Springdale
cc:9a9b15ab-b2d8-476a-8ab5-08ed8e7c0eae,TIFFIN,Tiffin
cc:9aa0b59e-8b20-4ea4-a85b-8be67c651a5e,TOWSON,Towson
cc:9aa83e5e-a73d-4c6f-aca1-e38e74b3fcda,WEST CHESTER,West Chester
cc:9ab92ba8-97e6-407e-9580-6cab7dfa0e93,ABERDEEN,Aberdeen
cc:9abfc215-9ab0-4ffa-8534-3cae9ab86555,NEWBURGH,Newburgh
cc:9ac075c2-cc35-4df9-aa55-22b94b2d9797,ROCHESTER,Rochester
cc:9acbddef-9b68-45ce-8023-ce23e428c2a1,BIG SPRING,Big Spring
cc:9acf4b42-68e5-4262-913b-62a89ffbbbd5,OZARK,Ozark
cc:9acfb225-ba1e-4786-83ce-c3043df17526,BROOKVILLE,Brookville
cc:9adf676a-4d33-45cb-adb6-a20071b94130,CASPER,Casper
cc:9ae0edfe-8de3-4201-9497-28466d3686c9,PETERSBURG,Petersburg
cc:9aeb87b1-cd96-4ac4-852b-72eb4e33b497,SAN ANTONIO,San Antonio
cc:9af95b3e-ff2d-49ed-a21c-d72e9e5b97c6,MYRTLE BEACH,Myrtle Beach
cc:9afeb2dd-52a2-4c28-9183-8d52cb1c1444,LEBANON,Lebanon
cc:9b09fe3c-f2ba-4108-8b1c-7803eede29bb,VINELAND,Vineland
cc:9b0b27e2-0f1e-41e9-8619-60345c1a82ef,CHATTANOOGA,Chattanooga
cc:9b0d4d27-0d19-4c49-82d7-1808c28f7a42,LAS VEGAS,Las Vegas
cc:9b1a1e96-af38-4daa-9016-2041ea594664,EDINBURG,Edinburg
cc:9b4519bb-3383-4486-afca-c50464545cb4,LA GRANGE,La Grange
cc:9b48813c-1448-4acd-bdfb-92dd4fbb3885,LINCOLN,Lincoln
cc:9b5a6b14-bd93-4b75-8087-b5d21779f330,EL PASO,El Paso
cc:9b6a18d7-aa2c-421f-9927-0070c9e553b3,NEW LONDON,New London
cc:9b7142c6-4b83-48fb-a625-5118d93d0864,WEBSTER,Webster
cc:9b84ef2e-c2e0-4c78-bb5e-ed71ec81192e,TAYLOR,Taylor
cc:9b86ea18-f2e8-4074-9cfe-74f0f455b562,SAN JUAN,San Juan
cc:9b98445e-86af-44af-a246-0f337c040bce,POPLAR BLUFF,Poplar Bluff
cc:9b9b7598-4014-401d-83ff-db6bffc2c788,BARBOURVILLE,Barbourville
cc:9b9c068f-525c-4b96-9b73-69e09f80d4bb,ROCHELLE PARK,Rochelle Park
cc:9ba0e285-f345-4d9b-a7e8-63aa308d690f,FOND DU LAC,Fond du Lac
cc:9ba64bc3-e761-4251-b8b5-73501e7bbf1b,WINNEMUCCA,Winnemucca
cc:9ba7cedd-4e3d-410b-a61f-ec65244fb29e,BROKEN ARROW,Broken Arrow
cc:9bab9242-359a-486a-895b-14660e435eca,ORLANDO,Orlando
cc:9bad65b3-cbdd-4dbd-92a6-83503b5d383c,HOUSTON,Houston
cc:9bbc1681-6dbd-4e5b-8233-965be3c02c29,FORT BRAGG,Fort Bragg
cc:9bc1deed-9c50-4f0a-ad76-a7ea781132f7,FORT WORTH,Fort Worth
cc:9bc72ab4-3df2-4d6e-9d6a-68eb51270534,PEORIA,Peoria
cc:9bc891c0-c3bc-46a1-a140-a40d7fbd3585,FLORENCE,Florence
cc:9bcd6b36-7795-44c8-a7c9-8bdf04836597,CORDELL,Cordell
cc:9be3d3a9-edbb-4772-877a-08c92ef97f59,ARKANSAS CITY,Arkansas City
cc:9be7c3c5-9f75-439c-98c0-3cd6bf3a73d6,FARMINGTON,Farmington
cc:9bf45783-4a75-4c73-bc71-7f8290bfdc76,ASHLAND,Ashland
cc:9bfb0ef5-f29b-4265-af3d-25ed93dfa991,EDMOND,Edmond
cc:9c0086e1-257d-4a4f-af82-7fa9b69e912d,MITCHELL,Mitchell
cc:9c07471c-64d9-4f99-afdd-9ebcc7049add,SPOKANE,Spokane
cc:9c090f28-0589-4856-9946-613657a3d199,INDIANAPOLIS,Indianapolis
cc:9c1261b5-63df-4a5a-b76c-55c1aff2611d,ELMER,Elmer
cc:9c167b25-3f88-4f81-a2db-428799660484,SAINT PETERSBURG,Saint Petersburg
cc:9c16dfce-e796-4a09-9953-524cefbe9558,LOUISVILLE,Louisville
cc:9c1d21ef-3cc0-4013-8c2a-140d8fbcb961,DALLAS,Dallas
cc:9c2e257c-e51d-426b-a4a2-c6b2288fa350,KETTERING,Kettering
cc:9c3340e7-75bb-4b7f-9924-fd464e32e9c3,O'NEILL,O'Neill
cc:9c37e21a-fc11-4f53-b327-e2566f49f9e4,PETOSKEY,Petoskey
cc:9c3cbd70-355a-4b6e-8f94-12bed1bbdd8e,SOMERVILLE,Somerville
cc:9c3df90f-e6bc-441e-a9b0-8c0f571fbf39,LAFAYETTE,Lafayette
cc:9c3fb7f8-b972-4309-9f1b-ce390fa62b61,DEMOREST,Demorest
cc:9c4a70c7-09e2-4fbd-8a40-7f1ed2657791,ALGONA,Algona
cc:9c50501d-6305-4d10-97b7-1bf858368500,MESA,Mesa
cc:9c5b66c0-d24a-405a-a464-b77d577bfeb1,SAVANNAH,Savannah
cc:9c64a411-097c-4055-88c5-71579612ac0e,TERRY,Terry
cc:9c6f0165-084b-462b-8071-d50666f6671e,SHREVEPORT,Shreveport
cc:9c71e578-b43c-405e-a9f5-cecfb391b90f,KERMIT,Kermit
cc:9c7dcc88-678d-409b-bfb4-83accf0e3aac,DAVENPORT,Davenport
cc:9c878c39-0e80-45fb-ac58-a0d98df08da0,JOHNSTON,Johnston
cc:9c8b593b-740a-49ca-83e5-cda57bdb6222,HONOLULU,Honolulu
cc:9c8ef9f2-b591-49b2-ae94-9ebb46e8dc9e,APALACHICOLA,Apalachicola
cc:9c945c4f-b95e-4cab-823e-504f9762f204,CHICAGO,Chicago
cc:9ca31c35-3c3c-4f82-add1-537ed1e23e93,DURHAM,Durham
cc:9cb13f74-d59e-418d-9b9e-4384c188a7ac,BOONEVILLE,Booneville
cc:9cb4e8b5-3df5-4712-a184-44581bc4f7cf,LEXINGTON,Lexington
cc:9cb93242-4cbe-413f-b93c-e23901f805fa,KNOXVILLE,Knoxville
cc:9cc0b94e-d9d9-452e-a535-787d1e61ca63,VISALIA,Visalia
cc:9cc283a7-be09-4e22-9bbb-023b254ec687,SHAKOPEE,Shakopee
cc:9cc2e84d-7b64-48f4-9814-00ae23bc054c,NEW ORLEANS,New Orleans
cc:9cc8e00e-452e-4529-bedd-10a0b9ad9c19,SALINA,Salina
cc:9cc96291-95a5-4822-903a-deaee628b87a,LOUISVILLE,Louisville
cc:9cc98329-e15b-4b07-a1a8-3c093ad034b6,FRIENDSHIP,Friendship
cc:9cd08fdb-5073-432f-aef3-e10e5ea27bfd,MUSKOGEE,Muskogee
cc:9cd9c81a-3737-4175-9164-2b94c729784c,DUBLIN,Dublin
cc:9cda69fe-1e5f-4efb-9c46-62836209b5f7,DES MOINES,Des Moines
cc:9cdaed28-2d74-45d5-a6c5-123dcc6ab8ff,ORLANDO,Orlando
cc:9ce05170-2f5b-4621-9b25-c311637fdf53,NEWBERRY,Newberry
cc:9ce11d02-309a-4b5a-b884-a3ea83a03a0c,AGUAS BUENAS,Aguas Buenas
cc:9ce335e2-71ad-4707-bbee-c46213d1d817,BROOKLYN,Brooklyn
cc:9ce9a4d0-ac10-4bc2-aa68-494749578b46,CHANDLER,Chandler
cc:9cf02716-3f9d-4e75-bfb9-2f8779e0eab4,CRANBERRY,Cranberry
cc:9cf0c157-ef44-4491-80a5-910e0fb43119,YORK,York
cc:9cf34c95-d1a4-49bf-8f9d-80010bd71b2e,KINGWOOD,Kingwood
cc:9cf95449-34a9-45cb-9ec9-577d2e3ffe1e,NEW ORLEANS,New Orleans
cc:9cfdf5f1-680a-4f92-99be-12db24a0cf14,TUCSON,Tucson
cc:9cff8703-b82f-4e79-aa86-700374b934a9,BOCA RATON,Boca Raton
cc:9d0bb748-7f30-41bf-b4f0-c37e092f2716,ORRVILLE,Orrville
cc:9d2c76ca-6297-4c37-aa1a-994d5affb1da,DAYTON,Dayton
cc:9d2d06fc-d4c8-4865-a4c3-068fd6232061,BRUNSWICK,Brunswick
cc:9d31a495-9734-459c-b401-f2eb17b2f44d,DAVENPORT,Davenport
cc:9d3201a8-ce7f-4396-b3a9-f237107dcd29,GRAND PRAIRIE,Grand Prairie
cc:9d38e360-2d43-43b5-9e7e-f957a5bbd9d9,LITTLETON,Littleton
cc:9d3a521d-17f8-4bfe-bf43-d3b1edc7dfeb,TAHOKA,Tahoka
cc:9d51ef7d-845a-4481-a45e-834f3e11cdbe,GILBERT,Gilbert
cc:9d666fc5-08db-4b89-912c-9e7736f45cb8,WINCHESTER,Winchester
cc:9d71feee-2adb-4c36-bd29-e996a69b4077,BATON ROUGE,Baton Rouge
cc:9d724412-3b92-45ff-8a3a-57fd1279cfdd,WHITE HALL,White Hall
cc:9d733446-e1b9-453b-ab45-270aaff19fd2,LEXINGTON,Lexington
cc:9d77cd31-5276-4664-8d1b-800f26d3ec2a,LENEXA,Lenexa
cc:9d8a1935-67f0-435a-b5c8-0805246dcc46,WESTBROOK,Westbrook
cc:9d905b30-729c-4443-b355-d4ceb4b66be5,JENKS,Jenks
cc:9dae1427-727e-43d7-9490-efc5dd198f83,ELLENVILLE,Ellenville
cc:9dc827aa-eeec-484d-aab9-bbb9a8969982,CENTRE,Centre
cc:9dcc41a6-e228-4d13-8397-e1964cd7654e,OSAGE,Osage
cc:9dcc812c-5df3-48f7-8e01-01551e3fbcaf,NORWALK,Norwalk
cc:9dd050aa-7d5c-42cf-902d-d6372fdd14a5,PLANO,Plano
cc:9ddd2cad-0923-46f1-9ac6-da71f57544b7,WASHINGTON,Washington
cc:9df38dd6-c673-469b-990f-fa984e09cb55,CARROLLTON,Carrollton
cc:9dff6904-e055-4008-8b34-816ab5a62da6,BAR HARBOR,Bar Harbor
cc:9e17448c-cd2e-4221-94be-3973f4966f46,GARY,Gary
cc:9e1746f7-277b-4ab2-966d-fb17a60ad2e9,OSMOND,Osmond
cc:9e1ba524-84ea-4606-832a-4f79adbd4fd9,SPRING,Spring
cc:9e22318b-03b6-44ee-a504-b8b948799d2c,CARIBOU,Caribou
cc:9e252f84-98de-46ab-943a-f8d2e8850633,PAGO PAGO,Pago Pago
cc:9e3ce94f-39b3-409f-8517-40f7415caa73,BROOKLYN,Brooklyn
cc:9e3df88d-901d-4180-8116-08287689dddf,KINGWOOD,Kingwood
cc:9e4a57f8-065c-4786-90c0-525d52c3b13f,BALTIMORE,Baltimore
cc:9e5d0469-f660-401e-9731-27bc38b0706e,OMAHA,Omaha
cc:9e63015b-0c88-48a1-8467-726c25ce9883,TROY,Troy
cc:9e6dd1e1-0790-499d-86e3-c12e187c4e3c,SIOUX CENTER,Sioux Center
cc:9e7811d6-75cc-4609-a198-78938d6bd7ab,BROWN DEER,Brown Deer
cc:9e7ae78d-cbe3-47f5-96e6-bcfee495faf3,PASADENA,Pasadena
cc:9e82e5b7-956c-49d7-af17-4941246f5c59,WINNFIELD,Winnfield
cc:9e886d37-6ab2-494f-8ff4-5d3bd3e4bfa7,HAGERSTOWN,Hagerstown
cc:9ea37bd3-cfed-47cf-80c7-b01af41e5bdf,LAUREL,Laurel
cc:9ea5d6e1-8a36-4a4a-ace0-f7dfcbb6b451,NEW BRUNSWICK,New Brunswick
cc:9ead1000-7b8c-4192-83c6-f2caa2a1d424,JASPER,Jasper
cc:9eb2f3d1-4b94-42bc-9d7c-d493d5aa59e1,WESTWOOD,Westwood
cc:9eb65c77-b895-4797-80d0-dfd537b27f63,AUSTIN,Austin
cc:9ebaa393-252d-4611-a615-765bb6e25d3a,MOUNT VERNON,Mount Vernon
cc:9ebe7053-d3a8-49d0-bbb3-234069d92eab,WAYNESBORO,Waynesboro
cc:9ed6334a-09c4-4072-b175-25fc38984b44,SCOTTSDALE,Scottsdale
cc:9edb5597-2121-4ee0-9ba8-853c66050df4,CRYSTAL LAKE,Crystal Lake
cc:9ee98463-c5c5-4a35-aa6a-20b244a06f88,TEMPLE,Temple
cc:9f00c46e-7c8e-4a58-9ba9-6980adb8cfb6,PARKER,Parker
cc:9f03a74d-7436-4439-b2c3-590679ae929a,NASHVILLE,Nashville
cc:9f093030-fd46-494f-9ef1-1c4f48fce72c,GLENDIVE,Glendive
cc:9f0c3f9b-54dc-4452-85af-fb0950cce2be,ARLINGTON,Arlington
cc:9f11d789-dbc5-4271-a215-10b492b3317e,HAVERHILL,Haverhill
cc:9f1c7026-efc6-4392-b8b8-bc578b3780d4,BOSSIER CITY,Bossier City
cc:9f2024de-a52b-4fcf-83e5-9ee8adef8de6,FLINT,Flint
cc:9f23d5d7-0d27-4f94-a257-a75142b20fd2,TWO RIVERS,Two Rivers
cc:9f29db61-5a6d-4d48-bfc7-69a1ce186818,GARDENA,Gardena
cc:9f320a2f-8685-4edb-bd64-2b08bed1f399,ALLEN,Allen
cc:9f3310fb-9133-4e1f-ad03-b0a1f15b1d21,BEACHWOOD,Beachwood
cc:9f44cb8f-5666-415c-9390-88edf39bdb26,SALIDA,Salida
cc:9f461356-97dd-4043-aeb5-eabdf31ca4e9,OLNEY,Olney
cc:9f69ab87-fd0e-4833-a4c2-63d9095f1ccd,NAGS HEAD,Nags Head
cc:9f7b0476-345c-4545-9eb3-fb7e9d892ee5,VICTORIA,Victoria
cc:9f7e3074-8085-425e-9532-d9e8f65437dc,LITTLE FALLS,Little Falls
cc:9f8dc2ac-9f24-4031-844f-06bdba0875f5,BELMONT,Belmont
cc:9f8e89a4-593b-47da-8e8f-2c5b88dd29e0,INDIANAPOLIS,Indianapolis
cc:9f9a6a18-3251-4b2f-a892-172f65c3c7f0,DEXTER,Dexter
cc:9f9b660c-362a-448f-a740-9226140ba831,TAHOKA,Tahoka
cc:9fa6a2ed-2cc3-4a8e-8015-78751fee92d1,BATON ROUGE,Baton Rouge
cc:9fbb1416-464b-4dbb-8650-07afee1edca8,PARKSTON,Parkston
cc:9fbf35cc-aca0-456f-a09e-f87f111d7911,SAN ANTONIO,San Antonio
cc:9fc48f58-f8c4-49a4-9172-82c342895a14,LOMPOC,Lompoc
cc:9fc616b2-d59f-4edb-9c2e-09a31e9375c2,FORT WASHINGTON,Fort Washington
cc:9fca78dc-8b68-4027-b15a-4acda0cad231,GREAT FALLS,Great Falls
cc:9fd6d17e-fb95-452b-b20e-0c93bb20fc94,CANTON,Canton
cc:9fddd728-8341-4acd-9ec6-66f973936e95,CLEARLAKE,Clearlake
cc:a0161c13-0682-4ac1-85f4-ac5f088d81a1,ABILENE,Abilene
cc:a01a2a34-5811-4a34-a723-7ea66f4dde74,PORTER,Porter
cc:a01a64d8-68c7-492c-8eaa-ace508822bae,BROWNWOOD,Brownwood
cc:a01e6182-6790-49e4-9424-e3ea110aaef5,KALAMAZOO,Kalamazoo
cc:a01fa524-1b29-417d-a1fd-943290d8a5fb,REXBURG,Rexburg
cc:a0353803-071d-4bcc-8f01-f990ced6d19f,WASHINGTON,Washington
cc:a03c0072-d8d9-48d1-af95-fe49d64149b1,MILTON,Milton
cc:a043c26c-1562-46ed-9e90-1f35d9650fc0,HOUSTON,Houston
cc:a04dfd05-0fcc-4a0d-9491-75db8b6bb0ff,HUNTSVILLE,Huntsville
cc:a0526b2e-f1d9-4955-a7e1-fd03b357160d,LONGVIEW,Longview
cc:a0529661-eb8c-480f-84e0-227a65f8e7be,LUFKIN,Lufkin
cc:a05572ef-5bad-4acd-9870-dc44b82e041f,WINFIELD,Winfield
cc:a05f0cca-058e-4f29-81f6-d8157c8ef72d,LAFAYETTE,Lafayette
cc:a07b0d43-2e86-449d-9ea2-f6c33e668e5e,HEMET,Hemet
cc:a083b810-5df6-466a-b8ba-fae961155ddd,SABETHA,Sabetha
cc:a092d1a2-ed00-47a3-9e74-2f11068964fd,TEXARKANA,Texarkana
cc:a0b7e9c4-5be5-424e-b014-f33a2f4e0365,JACKSONVILLE,Jacksonville
cc:a0bb74a8-5ee7-4fdf-9105-344f45b8b087,NEVADA,Nevada
cc:a0d1a2bb-bd2b-4029-ad5b-15761054be25,SCOTTSBLUFF,Scottsbluff
cc:a0e5a91a-ae74-4636-80dd-cb99664b3f84,FARRELL,Farrell
cc:a0f4b6f8-3a28-4b3a-b664-b48d4b6da90e,BOWIE,Bowie
cc:a101d5dd-88f8-427b-bb2d-c3fcb420876a,COLEBROOK,Colebrook
cc:a1023000-cc5e-4861-aa61-6c21b296d2a1,ELOY,Eloy
cc:a103a8f2-9ca1-4058-9431-3bec3544671c,PITTSBURGH,Pittsburgh
cc:a1056ce6-756c-4db3-8b6e-b97bcd04c23e,GEORGETOWN,Georgetown
cc:a10621e2-2abc-485f-bd08-8b7696ec4d84,CROWN POINT,Crown Point
cc:a12b1dc1-6f24-483c-ac7e-43167003ff28,NEW YORK,New York
cc:a1352267-a1f1-4d88-9121-8c056f258084,MOUNT PLEASANT,Mount Pleasant
cc:a13dfb4b-22d1-4fd5-96ec-a9368f01d884,DALTON,Dalton
cc:a1458502-d87b-44dc-b249-0d0f1b610dc7,YUMA,Yuma
cc:a15460b6-1fb2-4b4a-a7c6-86605c31742b,LATROBE,Latrobe
cc:a156021d-0528-45ee-a1de-adc93a392c62,LUTCHER,Lutcher
cc:a16280d5-a702-41ad-8ac5-767a06863a6a,ARLINGTON,Arlington
cc:a16d9db8-15ef-4afa-852d-c6b023ed7879,CARMEL,Carmel
cc:a1709a78-33d9-4791-9ab4-e9c3c13f12bc,VAN HORN,Van Horn
cc:a175737a-8f09-497b-a232-b8b406ee076d,HATTIESBURG,Hattiesburg
cc:a17fc2de-3571-4007-9737-dff011aa432b,FORT PIERCE,Fort Pierce
cc:a1841832-b566-4d9b-a8dc-8a07c2f31bf9,DALLAS,Dallas
cc:a19258a7-d139-4316-a2df-902260efc9a5,SANTA CRUZ,Santa Cruz
cc:a19bd8c8-c25d-4fb6-a1db-9e408125b835,OSSEO,Osseo
cc:a19dd53e-0f9e-4ece-ae27-327434c62e35,MAYAGUEZ,Mayaguez
cc:a19f59ca-a543-4494-93bf-6b491d1bf752,GRAND RAPIDS,Grand Rapids
cc:a1ab28ab-2aed-440f-91f4-5c804bb6b96f,DES MOINES,Des Moines
cc:a1b106f2-8ac1-49ec-8a1d-ab76b4b4bb15,KANAB,Kanab
cc:a1b5238c-a16a-4119-b7be-f9760f4ed8ca,OREGON CITY,Oregon City
cc:a1b6ebed-9a39-49dd-b525-b79e519fe54b,NATCHITOCHES,Natchitoches
cc:a1b7e0cd-09b0-42de-8ae3-db8fc6570e5d,GOODYEAR,Goodyear
cc:a1c3eb52-409b-4e38-9310-a0cb26e17ee9,MILTON,Milton
cc:a1d34b6d-1ca4-4540-a930-2910282f5b03,OAKDALE,Oakdale
cc:a1d4a4c0-9f35-4ca6-bb90-ce6ee5e1bc79,BAYTOWN,Baytown
cc:a1e0ecad-2bbf-4ec5-b286-7582c857ca68,GAINESVILLE,Gainesville
cc:a1e30056-2fff-4226-9ef7-e4230ceac0d8,ARLINGTON HEIGHTS,Arlington Heights
cc:a1e79059-d28d-4fdf-8007-24d1e85f87fb,ST. AUGUSTINE,St. Augustine
cc:a1e94a6b-abca-41de-be76-c969e6922d27,PERRY,Perry
cc:a1ea5bcc-9602-4b35-826c-d99b33971d08,DYERSBURG,Dyersburg
cc:a1f5d448-4e5c-4563-9aab-a7015acc4d4a,FRISCO,Frisco
cc:a20791a4-a479-4927-b0c5-bd08495699b3,TITUSVILLE,Titusville
cc:a20d4fd4-4620-48fe-a19a-e4024336154f,CELINA,Celina
cc:a210df1c-7b5e-4846-b40f-6433dfc6dacb,WAHOO,Wahoo
cc:a211de9c-0ad4-48b6-87aa-338d4f01476b,CASTANER,Castaner
cc:a21a4de3-1e26-4ea0-99df-d9ca1bf384f8,NAPLES,Naples
cc:a227e344-4970-4e53-a972-0d9216d075ba,WEST ALLIS,West Allis
cc:a22f000b-08af-4c29-9417-ece289b146f1,TAZEWELL,Tazewell
cc:a2325a22-4854-4daa-a969-99417f745ca1,ANAHEIM,Anaheim
cc:a243fe54-b106-4866-9b29-71da9f6b15f8,PORTSMOUTH,Portsmouth
cc:a24a686c-c002-4295-aed1-2c760e54614c,RUSSELL SPRINGS,Russell Springs
cc:a24e6bb0-7cfe-412d-9b59-21e22c3229e9,NASHUA,Nashua
cc:a250effe-835a-4598-83f7-2f5ca781586c,SEBRING,Sebring
cc:a2527b63-cd94-40f9-a0f4-0faf620cde45,CROWN POINT,Crown Point
cc:a2533e09-c073-46be-a43e-27aa218b260a,CLINTON,Clinton
cc:a26f0f5a-c008-4455-8758-18e18d48084c,OCILLA,Ocilla
cc:a275c2cc-efa3-4ee5-bca1-3387a4bcfc2a,NEW ROCHELLE,New Rochelle
cc:a27ffe0e-76ea-44e6-8d71-6efba481eb5f,BEDFORD,Bedford
cc:a29536cc-fb29-4f28-bd5c-e7f1adbda4d7,HOUSTON,Houston
cc:a299f18d-f16b-4db8-93f4-efec5c042cd9,SALEM,Salem
cc:a2a04c6c-d831-4b74-8363-ea2bc9abf6f8,LOS ANGELES,Los Angeles
cc:a2abebc0-c0b3-4f15-9176-32137eca6e5e,MONTCLAIR,Montclair
cc:a2b1dea3-50b2-452f-b018-b79a2a416370,POPLAR,Poplar
cc:a2b84889-3382-41e9-b827-7f35bf95f929,COTTONWOOD,Cottonwood
cc:a2c17509-87c5-4588-916e-6a5029be9872,WATER MILL,Water Mill
cc:a2dde2af-c8a7-40c0-b2f7-66572e45fe1f,KREMMLING,Kremmling
cc:a2e26828-c967-4be9-9821-9e957c212cea,YUMA,Yuma
cc:a2e36b50-23d6-45bd-9f18-95a2a23a6691,PITTSBURGH,Pittsburgh
cc:a2e7e654-38c2-4840-a4a8-0707daf179bb,CINCINNATI,Cincinnati
cc:a2f1ee6f-3168-4241-b3fe-6fa3bc4b4ece,FOUNTAIN VALLEY,Fountain Valley
cc:a2fddf45-38f3-498e-ba7d-549e2cd4b6ec,ARLINGTON,Arlington
cc:a31606a9-891c-480b-9d21-d34baa147396,CHEVY CHASE,Chevy Chase
cc:a31739be-95f1-427d-b0f3-01c5e6c3bb0b,OXON HILL,Oxon Hill
cc:a3186dcd-39de-4bd4-a4ce-a2c94e08ef0b,LOS ALAMITOS,Los Alamitos
cc:a31b705c-f398-4c38-bb25-3168801de611,SULPHUR,Sulphur
cc:a31bb134-b746-4e0b-9e35-03a607b82210,JACKSON,Jackson
cc:a320de2a-0a05-4d43-a94d-b0720e64238a,ORANGE,Orange
cc:a3362100-bd4d-4547-b1a8-8faa87777346,WEBSTER,Webster
cc:a33f3a4a-aac8-4754-af6a-131d88ed7e4e,FORT WAYNE,Fort Wayne
cc:a36a2569-0b7e-4d59-a5ce-a71d5b3397ec,CAMILLA,Camilla
cc:a37eb62f-b584-41ee-87b6-e85de2faee70,MARIETTA,Marietta
cc:a3818ebd-dba9-446b-b9b2-e2f784e3b40f,FRANKFORT,Frankfort
cc:a382e8ba-9ff8-4877-84fd-1657a53d8a92,BALTIMORE,Baltimore
cc:a3999e03-4a1a-44ed-a6ed-f1f6678e4112,EUFAULA,Eufaula
cc:a39f1b70-f6d7-4111-b4fa-708f0bc0cfc2,SUMMIT,Summit
cc:a3a4c252-955f-42b3-9586-432abdfee83c,STOUGHTON,Stoughton
cc:a3b3bd61-b6a5-4630-9961-e2730a647189,ANDERSON,Anderson
cc:a3b4b28f-086b-47fe-930e-f320d55a5365,QUEENSTOWN,Queenstown
cc:a3c5ba7a-4d57-4e60-b364-d70b7541fa80,NASSAU BAY,Nassau Bay
cc:a3d553bd-8b5e-46bc-afaa-01d433494340,CLEVELAND,Cleveland
cc:a3f39395-114d-4274-bdbd-7f369fb66bf3,SAUK CENTRE,Sauk Centre
cc:a4022f3e-0452-4a29-a947-536fdfd5352d,EUPORA,Eupora
cc:a4239af4-7913-4f60-ab05-5e6be35910db,WEXFORD,Wexford
cc:a4240d36-bf4c-44cf-95bb-17f6cd7240ef,FAYETTEVILLE,Fayetteville
cc:a42c97f1-32ff-4613-8644-ddffd8d4eb6a,PRINCETON,Princeton
cc:a42d4ebc-3814-4df9-8eea-7fde36d7ce46,BRANDON,Brandon
cc:a43382f9-04d4-46b1-8487-dcbcca5c6aec,PONCE,Ponce
cc:a437a3b2-7adc-4547-b1a4-dbdc7acc2f50,SPARTANBURG,Spartanburg
cc:a43f3966-d36f-41fd-bad9-3e0a20df474e,LUTHERVILLE,Lutherville
cc:a449785b-51c9-45d8-a917-b523314e78c9,PORT TOWNSEND,Port Townsend
cc:a4505c04-338c-4498-8a89-f46aa426b4f5,LORAIN,Lorain
cc:a45dcf96-2a3e-466a-9e88-2a3974c28262,FARMINGTON,Farmington
cc:a460b382-e0cb-4c89-a466-e90d401d6d2c,BROCKTON,Brockton
cc:a466c399-11d7-4248-976c-5825acd59d37,ALTOONA,Altoona
cc:a477968a-fe2e-4c4c-9cfa-00ead9590a8d,SANTA MARIA,Santa Maria
cc:a48c6259-da4c-4e06-a09a-a23bb475cd2c,SAN ANTONIO,San Antonio
cc:a491e121-9393-4ae9-8aaf-50e7151332c7,PHILADELPHIA,Philadelphia
cc:a4979d1e-93cf-4977-b313-ca334b6ccb94,TUCSON,Tucson
cc:a4ad21b3-7186-40f1-b1b4-a0d868e0e6bd,BATON ROUGE,Baton Rouge
cc:a4b830b2-fc47-49d8-9625-83e5cce99c94,SALT LAKE CITY,Salt Lake City
cc:a4c9f465-9440-49bb-b441-f3ef5c15bde7,CLERMONT,Clermont
cc:a4d48d2b-96e4-4331-b5d3-4917de7ccd20,BOWDLE,Bowdle
cc:a4d494b8-0b07-430a-a5d3-88cd7b8f7dae,AUSTIN,Austin
cc:a4d893c9-5749-47b6-b534-695221fb65ba,GREENVILLE,Greenville
cc:a4e687ad-a55c-4fe7-bfe0-ac489187ad67,MORA,Mora
cc:a4f3e09b-c3a6-41d7-8225-de758eba5821,GAINESVILLE,Gainesville
cc:a4f9b312-cc7c-4d28-b960-417616170749,BUCKEYE,Buckeye
cc:a500a8b7-7aed-49a2-9d16-26001e0c71cf,NEW YORK,New York
cc:a501bdc7-2a3d-4d85-890b-3824f8c7c013,PFLUGERVILLE,Pflugerville
cc:a510db7a-49bf-4113-b716-ed24b2461d33,GLENDALE,Glendale
cc:a52ab786-5955-4d76-b9b7-7433d940f1e3,HOLTON,Holton
cc:a52d18f9-20bf-4d88-b20d-9f95179d5573,GRANTSVILLE,Grantsville
cc:a53218b1-6a8f-4e6f-8fb8-8f98f3ca0960,BLOOMINGTON,Bloomington
cc:a535761d-8f05-4be2-a59c-59d52fa3115e,SAN ANTONIO,San Antonio
cc:a53e38f4-76cb-4088-becc-96fd93f419e6,LIVINGSTON,Livingston
cc:a5470e76-6794-4af4-beeb-35678c787532,IDAHO FALLS,Idaho Falls
cc:a547d9d1-3cbc-4626-af8f-7320409a4b72,SALT LAKE CITY,Salt Lake City
cc:a56e43c7-42b5-4aa6-b6a6-58c3616513ef,FORT WORTH,Fort Worth
cc:a576d9f8-4dec-4fcb-bfdd-d02a2663258a,FORT MADISON,Fort Madison
cc:a579340f-97ff-4586-a37e-3fbd295fe4c8,BRIDGEPORT,Bridgeport
cc:a57a6691-ebdd-4438-91bc-7ba242b7029b,CRYSTAL RIVER,Crystal River
cc:a5b53a6f-63c9-4cae-a608-e087adf0f9ff,LAS VEGAS,Las Vegas
cc:a5b85e95-58f4-455b-a39b-064e7e5bb6e9,MARION,Marion
cc:a5c83b33-dbf6-4e49-a755-8911aab2f6ae,PARAMUS,Paramus
cc:a5c84596-f879-44c0-896a-d7ea8ded063a,CANTON,Canton
cc:a5cc0d87-7893-4a61-98c4-1cb12b2759ff,PROVIDENCE,Providence
cc:a5ee971b-38a1-4893-ad8f-ce9b8dc1a92f,CYPRESS,Cypress
cc:a5f1fccf-c66f-4d82-8942-93437a541c4a,HARRISONVILLE,Harrisonville
cc:a5f31b07-7d57-4b80-8eeb-1d25f457dbc7,LAKE WALES,Lake Wales
cc:a5f6d92d-a45d-4858-8457-dd5b8d13512e,SHELBYVILLE,Shelbyville
cc:a5fa1216-9351-410a-aceb-160946b27f6b,GULFPORT,Gulfport
cc:a6052ef1-be75-49cd-bbfb-fedb858e2fff,HONOLULU,Honolulu
cc:a60c6664-d41f-4064-8198-4e0c2e94e35c,DECATUR,Decatur
cc:a60d38a8-59ae-49a3-a90e-88fbacea9eb8,SEWANEE,Sewanee
cc:a614ac2a-e7ac-40ec-9409-8aef6cf18ed9,NORTHLAKE,Northlake
cc:a6246be1-86f5-4744-a273-1919dc59e9b6,ANCHORAGE,Anchorage
cc:a62e7bab-8c7a-4cce-a20d-f63a282e84e3,COLUMBIA,Columbia
cc:a634d480-761f-420c-9ddf-03b573290d5e,TACOMA,Tacoma
cc:a63810a8-011c-4137-9635-fb7bf31978d7,CAMDEN,Camden
cc:a640e767-b523-4deb-9f23-7de8ec780b98,BROOKLINE,Brookline
cc:a654bb8b-ff3c-4a05-b019-8342d3038958,RICHMOND,Richmond
cc:a655ec43-7cde-4030-919f-1e2c08609f6f,HOUSTON,Houston
cc:a66597b6-f64d-42d7-8273-df018027d58a,SUGAR LAND,Sugar Land
cc:a6737331-d0c3-4563-a022-ddb2913e7afa,COLUMBIA,Columbia
cc:a67515fd-abc8-45d5-86ed-85f14ced363a,HAGERSTOWN,Hagerstown
cc:a679c18b-9fdc-40a8-880d-87b758c50258,RHINEBECK,Rhinebeck
cc:a67a3be5-4e3b-489b-b421-e4013cbe665b,CONCORD,Concord
cc:a68dde31-41e7-412a-98a9-aa34629ee76f,WILDWOOD,Wildwood
cc:a69409e8-3f5d-4e24-9489-faeea6bbe8eb,KINGFISHER,Kingfisher
cc:a695b840-c30b-4e63-9144-2cccf35ff590,ST. PETERS,St. Peters
cc:a69caede-dcab-45cc-893a-67684b654298,BROWNS MILLS,Browns Mills
cc:a6a08193-0632-47f2-862e-367f20c184a3,LA PLATA,La Plata
cc:a6bb0ea9-ad7b-4267-96bc-e0d8458f38e1,ROCKWALL,Rockwall
cc:a6c30a7c-5d9c-40f0-8db3-c2a1372c3c8b,COLORADO SPRINGS,Colorado Springs
cc:a6d4e7bf-028d-466c-9e52-936266d0a16e,HERRIMAN,Herriman
cc:a7051718-8995-49b1-99bd-56d193019492,GALION,Galion
cc:a71aa826-1f21-49e2-8a92-a1b478a41920,GLENDALE HEIGHTS,Glendale Heights
cc:a72261f4-3952-4d88-b688-019b403fbc80,SALEM,Salem
cc:a728179a-c306-4e3c-a66c-d68024092a9c,LINCOLNTON,Lincolnton
cc:a72cdce0-5351-41b3-8852-fee835d05ded,AMERICAN FORK,American Fork
cc:a72e3e9c-fae0-4d6c-b226-e8ed16bff144,AUGUSTA,Augusta
cc:a7420fcd-81ee-4a0c-a75e-d4b4eefe9f4d,HUNTINGTON BEACH,Huntington Beach
cc:a74a2af0-c90b-4348-8420-854bf6fa884b,VANCOUVER,Vancouver
cc:a756df20-3d94-446d-940d-8bfe2ecc10c6,ATLANTIC CITY,Atlantic City
cc:a75faadf-87dc-4de6-ad71-a7f28c384135,NASHVILLE,Nashville
cc:a75fc9c9-7e14-4c99-90f4-0c859d758719,CONROE,Conroe
cc:a7695494-024c-47b7-bad6-686e97fa2cf0,SHAMROCK,Shamrock
cc:a78418e2-0a10-400b-bc26-e6cb12b0023d,GRAND RAPIDS,Grand Rapids
cc:a78dc712-01ea-4bc9-a2a1-6fe692fbe79c,MEDFORD,Medford
cc:a78e1094-717c-456e-9c5e-84467ddc015a,DUMAS,Dumas
cc:a797226f-f9f5-4629-b4ab-933ab203a465,FITZGERALD,Fitzgerald
cc:a7ae67b3-0e3c-4c25-ab9a-a39039ce37ea,SCRANTON,Scranton
cc:a7c0e118-4176-49fc-8780-0f4245985d4a,LAGRANGE,LaGrange
cc:a7c9ce0d-7f1a-44a8-b67c-7ce2423ac3ee,LLANO,Llano
cc:a7d03bdf-4441-4771-b897-7a5fc31008e7,PROCTORVILLE,Proctorville
cc:a7d2685e-98f7-40eb-afa8-22b62db98465,CORINTH,Corinth
cc:a7d494e5-0c7e-404c-b2ad-6483900fe6d8,HAVERHILL,Haverhill
cc:a7d7bdba-477e-42f4-808a-0684672d9f10,YANKTON,Yankton
cc:a7d8671c-56a6-4255-a21d-cc20ecaeecec,BINGHAMTON,Binghamton
cc:a7f45f23-ec4e-4578-bb09-5cf9f5e35045,CANTON,Canton
cc:a7f8842f-8c66-43da-a299-9ebc0cc549bd,AUBURN,Auburn
cc:a800cce4-44b7-4c53-8ad2-088f4d0bee7e,ONAWA,Onawa
cc:a813574e-9c73-4964-ad74-75b6feb28eb3,NEWPORT NEWS,Newport News
cc:a81aabbc-3ed0-4fa5-8c2b-e173dd62e96d,LAS VEGAS,Las Vegas
cc:a81ed6f0-7c55-4dbf-8d53-4c52966e5b3f,JACKSONVILLE,Jacksonville
cc:a82a8c2f-451b-4028-92c2-a2e933979d35,SELMA,Selma
cc:a834375c-db86-4d36-94e6-21e1d509ce42,TOMPKINSVILLE,Tompkinsville
cc:a83529e5-6b6b-4a4f-80b2-e684b1631076,NIAGARA FALLS,Niagara Falls
cc:a836db64-ac59-41d3-bd9c-a07d02f3cfed,KATONAH,Katonah
cc:a83ba0d3-09f2-4afd-86ec-52d615c98622,BUTLER,Butler
cc:a841fee5-a8a9-490c-be78-4534a0d4598c,CAROLINA,Carolina
cc:a8459711-7168-48bc-8a82-e959b7d8a8b1,MACHIAS,Machias
cc:a84c8572-4332-43bc-a16a-b9d42f2092d3,SOMERSET,Somerset
cc:a84f309c-cd7f-47f1-9ad3-72e2bafefe9c,CORPUS CHRISTI,Corpus Christi
cc:a85249a3-aef8-4e21-9273-bb06a8dc5931,LOUISVILLE,Louisville
cc:a853aef6-130e-4692-a7a4-547998869c8c,ELECTRA,Electra
cc:a867db5e-6982-4029-9a8b-e203c69ba546,COLORADO SPRINGS,Colorado Springs
cc:a869a995-cf3b-4934-8202-aaed80ff414a,SPRINGFIELD,Springfield
cc:a86c2198-0ac2-4691-8cd5-eb089505ab56,NAVASOTA,Navasota
cc:a8742b70-cb2e-45ed-a7a6-337e753a0b33,ROME,Rome
cc:a87804f9-260d-4f6b-934c-5ec447eeca45,LOS ANGELES,Los Angeles
cc:a87a4c66-4e47-44c0-97d1-44371ab0357d,POPLAR BLUFF,Poplar Bluff
cc:a8822c35-49e4-441f-80fd-b1441ba45036,TARBORO,Tarboro
cc:a88263c9-4f7a-465e-80b7-887730cf7ddc,SOLVANG,Solvang
cc:a884f470-31e9-4206-94e6-4e2fc991ded8,FONTANA,Fontana
cc:a88620c5-8262-42f5-adea-59c17d69d9ec,GREENFIELD,Greenfield
cc:a88cffea-1ed8-4760-b227-a98cef9aaaad,MOORESVILLE,Mooresville
cc:a8903f9f-1185-4327-8732-4f448048b0f8,DANBURY,Danbury
cc:a894387f-25e9-4556-b14c-77effa301552,PUNXSUTAWNEY,Punxsutawney
cc:a89454a1-444f-4a6a-b5fc-248bd256d574,PEARLAND,Pearland
cc:a8994ff6-673a-4ff1-a5ab-697a1222c1cd,INDIANAPOLIS,Indianapolis
cc:a89f8b4c-a4fc-462a-86e8-2dd09507b73f,INDIANAPOLIS,Indianapolis
cc:a8ab5a59-8034-4704-9ff0-cb5628936c51,PENSACOLA,Pensacola
cc:a8b1aefe-da86-48b1-a6b6-9ed71f21afde,HENDERSON,Henderson
cc:a8bb90e8-4021-4342-8873-5e5ba1fb42ff,SHERMAN,Sherman
cc:a8ca7a9c-070c-412c-bd2c-9d671db65fae,OKLAHOMA CITY,Oklahoma City
cc:a8ccb6a1-f708-46a1-ab51-6e7ef3b0fa2c,STROUDSBURG,Stroudsburg
cc:a8d52c41-0544-4d5c-9d77-0123b6ec9cb8,COLUMBIA,Columbia
cc:a8d9dcf3-204e-4e87-b06c-9aabe95ef78b,SHELBY,Shelby
cc:a8ee437b-851e-4101-b38d-ce4c3892e57b,PHILADELPHIA,Philadelphia
cc:a9008869-04b6-4fe3-9ffc-a0bbaa254ac3,RIO GRANDE CITY,Rio Grande City
cc:a9054d68-9556-47b1-a22f-a0e5dfd4fb93,PLAISTOW,Plaistow
cc:a90a7a02-ee1c-4839-8856-7c6fc819dbb8,UNIONTOWN,Uniontown
cc:a91ccef8-17a5-44da-8998-f36df80647c8,OKLAHOMA CITY,Oklahoma City
cc:a9236f79-3066-4ee2-bde3-a07417ec640f,NEW ORLEANS,New Orleans
cc:a934f2b4-7f36-471a-8e3f-f3c55fc0ad13,HOMESTEAD,Homestead
cc:a937a945-3481-4807-aa28-d8db95adedb1,HAMILTON,Hamilton
cc:a93cbfc9-8314-4dc3-b891-39306a9ec57d,LUDLOW,Ludlow
cc:a940104d-ba9b-4cc2-89a1-df3c9e4e31ae,FREMONT,Fremont
cc:a9456de4-81d3-490d-ad0d-955b2a38f90c,MEMPHIS,Memphis
cc:a9488ed1-7b22-4b6d-9e05-916ca411a220,GARDEN GROVE,Garden Grove
cc:a948a32a-714e-4590-8944-c70da6401484,CARROLLTON,Carrollton
cc:a95359f7-aaa0-47e7-8c41-bc2c733fcc40,OKLAHOMA CITY,Oklahoma City
cc:a960814a-3f97-414e-bf68-d6943fbf93cf,GILBERT,Gilbert
cc:a9616427-ffd7-432f-89b9-896aff3e2963,CHARLESTON,Charleston
cc:a96178ca-16b7-4b7c-8865-0ca4448d5284,OCONOMOWOC,Oconomowoc
cc:a9627ff2-97cc-40f1-ba44-e21855d27f9c,DOVER,Dover
cc:a966a429-8fa0-4765-9278-3faf867b5b41,WASHINGTON COURT HOUSE,Washington Court House
cc:a96e402f-0277-44f2-a99b-4fdbbe295b7f,RED BUD,Red Bud
cc:a975170a-6d76-42d8-a558-0a450fd91910,DENVER,Denver
cc:a97aa3df-1d74-4f08-b32b-94198417e4a5,MCCOMB,McComb
cc:a981c05b-d2bf-490c-996c-b4b71d09eaf9,ELIZABETH,Elizabeth
cc:a9827e07-7278-41fa-95f1-7d6712de7793,HOUSTON,Houston
cc:a98576e4-d409-43bd-8b16-01a56236b2cf,ENGLEWOOD,Englewood
cc:a9893857-f896-4c2d-b63e-8842de8fe58a,HUNTINGTON,Huntington
cc:a990b211-a95f-4b1a-ab6f-4f0216b70d5d,ASHLEY,Ashley
cc:a99ea293-b98a-473e-8954-2c59a7d0e959,BATON ROUGE,Baton Rouge
cc:a9a043ec-b2c2-4a1d-b5ed-b3629c6d1229,CLARKSVILLE,Clarksville
cc:a9a22097-e9a1-4351-a20f-6849cdb8606b,AVONDALE,Avondale
cc:a9a7183e-1e30-42a6-9344-8558d285a4f1,STUART,Stuart
cc:a9a9c10d-eab6-42bd-bc77-3fd03a221f72,HARTSVILLE,Hartsville
cc:a9aa2eac-7dc0-427d-96e5-e64712e5c256,GUAYNABO,Guaynabo
cc:a9ac327a-6047-47a1-9b1b-79a14081fefa,SPARTA,Sparta
cc:a9b08a76-e818-4864-b01b-e2b6745ab5ba,NEW BRAUNFELS,New Braunfels
cc:a9c16ca6-7fdc-43eb-8163-1fcffffb95bf,BROOKFIELD,Brookfield
cc:a9cf8e09-1382-4341-ac33-265cd45496e0,RICHMOND,Richmond
cc:a9cfcc75-ed02-46c7-bf98-7e860d783fc3,ANTLERS,Antlers
cc:a9cfe489-5328-481a-83bc-003612b0f07b,CONWAY,Conway
cc:a9d6bba6-8f93-46a4-974b-6a8391868a16,TAMPA,Tampa
cc:a9e95aa1-b781-4ecd-9a03-21380e2b4559,OSKALOOSA,Oskaloosa
cc:a9ee1668-73d1-481a-869d-5a2b7c2f7fbe,BOSSIER CITY,Bossier City
cc:a9fca36e-b325-4d4d-940a-f4423d9fcfe9,PHILADELPHIA,Philadelphia
cc:aa16b46e-9119-4187-ac5f-d811ab0fd057,WEST MEMPHIS,West Memphis
cc:aa1e1d9c-79e1-48b9-9550-2b7cf7596080,CHARLESTON,Charleston
cc:aa2070e7-194a-496f-9643-c32c859a8a97,MERIDIAN,Meridian
cc:aa25bc7d-1972-405c-9b73-b734422c714b,LOMA LINDA,Loma Linda
cc:aa309a28-6724-4c2d-a24e-0986994ab717,SPENCER,Spencer
cc:aa4c7e89-8352-4001-9ea1-02b76126d645,SCRANTON,Scranton
cc:aa538dcd-2bec-4c2e-ae08-66ad88943024,KANSAS CITY,Kansas City
cc:aa59b08d-eacb-4c4f-8155-f499a88c7cc9,LOUISVILLE,Louisville
cc:aa8d388b-4b27-4ed8-b1da-1bfe5dce487b,JACKSONVILLE,Jacksonville
cc:aa969b0b-a08d-4a57-bf96-6effdfe6467a,CAMERON,Cameron
cc:aaa21cb9-1cd2-45df-9060-17bdb16ea066,CLEARWATER,Clearwater
cc:aaab8e52-3c19-4c24-85ab-5317a7f88a7e,DENVER,Denver
cc:aaaeb0b2-d176-4d92-83bb-d54ac9cc63a5,PORTERVILLE,Porterville
cc:aab5b1eb-ff89-4a58-aa46-b1c277f8dfbd,FLEMING ISLAND,Fleming Island
cc:aac4c175-515b-4b7e-8352-8174201dbcad,HOUSTON,Houston
cc:aac539a5-db8a-4150-bb40-230a3fdf6775,DETROIT,Detroit
cc:aad8a3d0-7124-4236-8849-ae1cb29807b0,WEST MONROE,West Monroe
cc:aadc680f-48ed-4ef0-a7a1-ff11ce7eff4b,EL CENTRO,El Centro
cc:aae8dd9c-1799-4f1a-8783-ca7d9a0cf07f,TIFFIN,Tiffin
cc:aae9d088-33f5-412c-a651-7388e0a91ad1,PORTLAND,Portland
cc:aaf8386f-fd35-4567-b524-a266fd88ac85,THOMASVILLE,Thomasville
cc:aafa198c-7118-43f4-ade2-571e3e112a94,BROOKLYN,Brooklyn
cc:aaff20f7-2720-4c28-a33c-834f8c04f8e7,DENVER,Denver
cc:ab09024e-3530-456c-9986-1c7f25abd8f5,GREAT FALLS,Great Falls
cc:ab11667f-3bf9-44a1-bc5e-42463d982b3e,HOUSTON,Houston
cc:ab121e0a-1649-4516-905e-cf98688de393,OCOEE,Ocoee
cc:ab1533ac-c203-414a-9990-d1086475ad17,ATHENS,Athens
cc:ab17ad1d-7871-4a97-9002-364385e7fa1d,SAN ANTONIO,San Antonio
cc:ab1a4a19-4455-4a7d-8f69-45e0fc828a75,VAN NUYS,Van Nuys
cc:ab1dc13e-6113-4c28-b911-ee3217c6a0f7,VIRGINIA BEACH,Virginia Beach
cc:ab262896-259d-423c-8c3b-5e4b69ae8366,WICHITA,Wichita
cc:ab29d47a-0531-43d5-a5cc-09384ae03f88,RENSSELAER,Rensselaer
cc:ab323e27-4f46-4377-a6be-1245ae332f34,VALLEJO,Vallejo
cc:ab3599ce-19fd-4f37-9184-37790bcff974,TROY,Troy
cc:ab3df0fc-8c39-442a-ab57-d5c569f6ff93,MOBILE,Mobile
cc:ab4bd0dd-c4f1-422d-a9b9-ee4fcdab1104,CUERO,Cuero
cc:ab543c6f-e220-4314-9333-c23c3a6d9554,BENTONVILLE,Bentonville
cc:ab583aec-b4e1-42a9-8d51-fbeb34e7e295,BERWICK,Berwick
cc:ab59e688-3c47-4b28-8b2c-0f7a6b0b815a,YPSILANTI,Ypsilanti
cc:ab706d5c-c8d1-40a1-995b-46dfb68e33cd,SEDAN,Sedan
cc:ab7ce9ef-07fd-4682-bcae-d0694424d241,MOUNT CLEMENS,Mount Clemens
cc:ab817984-dcb0-4900-b63a-75c54cf55edc,TALLAHASSEE,Tallahassee
cc:ab862651-d0bb-458e-962c-3fcdfd00fe0a,LUBBOCK,Lubbock
cc:ab8b330a-c344-420d-9442-d4f959289e2e,NEW BEDFORD,New Bedford
cc:ab8dbcce-a6d5-4188-98db-da99b95fb1ab,BILLINGS,Billings
cc:ab91aa82-0576-4fca-b006-0a3450ecb557,HAYS,Hays
cc:ab98323f-8608-4964-b235-e13777233a35,LIBERTY,Liberty
cc:ab9c05bb-d438-4439-8c25-0788b9cef316,FORT DODGE,Fort Dodge
cc:aba81f61-2236-4f91-9463-fb4047fb5eb4,MT VERNON,Mt. Vernon
cc:abaff76a-7fcc-4c67-868b-62ff5b2c605c,DOVER,Dover
cc:abb08893-07eb-4e17-bfdf-d25c5ffa560f,MIAMI,Miami
cc:abca839f-abf8-4cc0-9770-b659a433ad22,MIDDLEBOROUGH,Middleborough
cc:abd44c4d-7c6e-498b-8703-5e7a616d65c2,ARCO,Arco
cc:abd8075f-c073-4e89-b07a-7c50eb132e1b,LIMA,Lima
cc:abe0e7d9-c5cd-49e6-a78c-90b6c59656d5,BALTIMORE,Baltimore
cc:abe9dbe3-4d4b-4e13-935c-dd59606ee7ba,SALLISAW,Sallisaw
cc:abec2099-5892-4d75-869f-711629bd1727,BELTSVILLE,Beltsville
cc:abf09dd3-d877-4a21-83fa-c7c4a9c6d82a,DOTHAN,Dothan
cc:abf3866c-1c6f-45e8-bbb1-59a64fc12f4f,JACKSONVILLE,Jacksonville
cc:abf4bfa9-48ea-4e0e-b012-7965fb7e16a5,JACKSONVILLE,Jacksonville
cc:ac04509c-4d29-4441-8296-570003dac1cc,LOCKNEY,Lockney
cc:ac0ff3d3-16a4-4326-9be9-67035e281cee,MASON,Mason
cc:ac1e8b4d-aff2-4742-880e-b3c84042fb12,BERLIN,Berlin
cc:ac258ba1-5a9a-4f2e-9685-398d78983af3,DUARTE,Duarte
cc:ac309f6b-158b-49f7-9f9e-b83712e37325,CADILLAC,Cadillac
cc:ac3a29fc-8d12-4557-bac4-9632f9054cd0,CASTRO VALLEY,Castro Valley
cc:ac3eefb2-622e-45f8-a998-e1e8db9fcd52,FREDERICKTOWN,Fredericktown
cc:ac567896-0954-4cec-8b64-bf0fb6d04c72,CHAMBERLAIN,Chamberlain
cc:ac571be9-227a-4f93-bc8f-edeb5d0ec489,TULSA,Tulsa
cc:ac6aa7d4-e63d-4ba8-8986-52bef0734119,YAKIMA,Yakima
cc:ac72c4ef-cab8-47b1-9a7c-2ec857ebc691,MANCHESTER,Manchester
cc:ac83c033-b2a1-4f97-b1fe-5663c984454e,UTICA,Utica
cc:ac921aee-2932-43c4-ad5e-ea23701835f2,NEWPORT NEWS,Newport News
cc:ac924ac8-f1f1-4833-855d-0d67d3ba5b9c,JAMESTOWN,Jamestown
cc:ac93551c-93d2-4d9c-ac0a-a8bedcd5bd3c,PITTSBURGH,Pittsburgh
cc:ac98a49d-ad7c-4019-9ba7-cbef326511c5,CONWAY,Conway
cc:ac9a5065-5440-4303-8f73-00e75f6f9b4c,PENSACOLA,Pensacola
cc:aca7b60b-e6c5-4a69-87f1-e8aa9812a7c6,DALLAS,Dallas
cc:aca81fb4-dda6-4b9c-a8b6-4502d1c1a255,LOGANSPORT,Logansport
cc:acaaccf5-ec7f-445d-82d2-b6117147d26a,STAR LAKE,Star Lake
cc:acaf0dcf-324a-4afd-b678-ad726b1f3be8,SAN ANGELO,San Angelo
cc:acb14f4f-6730-4b76-8acf-d20d724f91cf,PONTOTOC,Pontotoc
cc:acb2415c-8ed0-4d75-bccb-3d3b6bbce26b,NEW ALBANY,New Albany
cc:acb9c7b6-4d48-4341-86c9-4c9b722d0f1f,MECHANICSVILLE,Mechanicsville
cc:acda55d6-7b7d-4af9-a5e6-8bfb9527e328,EPHRATA,Ephrata
cc:acf2bbf1-8fed-4651-8eb5-83ce1f8852c4,POTSDAM,Potsdam
cc:ad098c9d-c06f-4303-a0b1-c54b20484f21,AURORA,Aurora
cc:ad1372dd-985a-455b-92f5-59337115bd40,MEMPHIS,Memphis
cc:ad149fc8-47f0-4d49-97ce-712f11ac0e85,PIERCETON,Pierceton
cc:ad1d8b6f-b500-48d4-8c8e-2a5722a5bbe8,SEYMOUR,Seymour
cc:ad23f36f-0caf-4b0e-8b91-857decfca072,GOSHEN,Goshen
cc:ad372c17-9eb5-4259-8f02-43509e4c4962,WINTER GARDEN,Winter Garden
cc:ad374481-d702-4587-a77f-b2047a8acb95,FALL RIVER MILLS,Fall River Mills
cc:ad3b72bd-8b4b-43cc-ae88-016c311936d3,VIRGINIA BEACH,Virginia Beach
cc:ad4c3fe1-4b1d-42d3-80c7-1362aa142e95,FRANKLIN,Franklin
cc:ad606105-585c-45b1-8340-8c4303051aca,CHARLESTON,Charleston
cc:ad634bce-ffb3-4404-9fb4-a9629abe9816,BLUE ASH,Blue Ash
cc:ad65c7e0-f3d5-4129-8f20-374521bb2619,WOODBURY,Woodbury
cc:ad6b2d97-8e26-4f70-89ad-493b94d63876,SHARON,Sharon
cc:ad7c8791-a590-46eb-ad19-e43d79ce5c57,NORWICH,Norwich
cc:ad92e014-b56c-4202-9eb0-bb8f52dfcc6f,ROUND ROCK,Round Rock
cc:ad97a04a-f68b-4da9-87d3-2c4c706ec275,SOUTHLAKE,Southlake
cc:ada9be77-df87-4afa-a650-5841c4bf20bc,TALLULAH,Tallulah
cc:adadfc78-b1d6-48a2-bc6b-2a4db23d56b9,SANTA ROSA,Santa Rosa
cc:adb3f6dd-a4e3-4d16-b893-33890f557655,LANCASTER,Lancaster
cc:adb4048a-acc2-4f18-b9d1-d5bc7c0ee2dd,BISBEE,Bisbee
cc:adc0ee7d-7b46-4649-86a0-91b9b197af9c,MADISONVILLE,Madisonville
cc:adcc25fa-334f-49fc-8dcc-7c6651bc8263,SEATTLE,Seattle
cc:adce9fa9-50a8-4671-a467-a236eb4e4c36,BIRMINGHAM,Birmingham
cc:add100d4-6ae6-490d-b1ef-dc19428a19d6,BENTON,Benton
cc:add5a5c8-cbec-496a-96ce-2b9820e6cab7,LACOMBE,Lacombe
cc:ade427e0-0b58-4c0e-9a66-00cf808999b6,JEROME,Jerome
cc:ade54320-3ff2-4972-b40c-3b003d1b6de6,SALEM,Salem
cc:ade5edd8-24e3-4aa8-a38c-fecfa29b2aa1,LOGAN,Logan
cc:ae0b33ef-78a5-4f9f-89ec-d0590204fe1f,LOS ANGELES,Los Angeles
cc:ae1a0f92-27f2-44df-b5bd-0740ef36d744,SALEM,Salem
cc:ae236775-4175-4178-bfce-7ef9ad01813e,SEMINOLE,Seminole
cc:ae2ed346-752e-44b6-8a78-1bc79d68019d,BRONX,Bronx
cc:ae2f0d14-e467-461b-8a52-7415912af0ad,TAMPA,Tampa
cc:ae396b19-0eb0-45f5-9cce-cdc02e0cc219,HARTFORD,Hartford
cc:ae3d0f52-79f7-4cdc-b102-28263d9d9c47,HAYTI,Hayti
cc:ae4f98d2-8690-433e-9494-94fd15737a72,WOODBURY,Woodbury
cc:ae576919-92da-45d9-99ae-e7460f57ebca,TOLEDO,Toledo
cc:ae7478f7-e708-4a6e-9ead-31dfe6798c87,THE VILLAGES,The Villages
cc:ae8631da-c3e6-4cc7-ab8f-e50c2514e101,ARECIBO PUEBLO,Arecibo Pueblo
cc:ae89bf5e-f487-40ed-a357-baf8783a56f3,NEWARK,Newark
cc:ae910abf-1492-45b5-a635-4a7959c1374b,ENGLEWOOD,Englewood
cc:ae95a01f-d3aa-45d6-8ed6-55f06fce1505,PERRY,Perry
cc:aea676d9-2fab-4d13-8c59-e0261e014c88,GALLATIN,Gallatin
cc:aeb248ab-bcc9-4798-9a86-a7a2fcbd7f18,BALTIMORE,Baltimore
cc:aec92e33-a282-4565-a078-fa779efa3eeb,PONTIAC,Pontiac
cc:aecee68a-aaff-4427-ba15-500df46f86b3,HAMMOND,Hammond
cc:aedf9cbc-d0e4-4d02-9c97-7e7fccb2e264,JERSEYVILLE,Jerseyville
cc:aee080e3-e2c4-4924-aa13-e02264a888ac,MOULTRIE,Moultrie
cc:aee1c1f9-13e5-40ef-a694-a23b3f369fa6,KINGSPORT,Kingsport
cc:aee3fd4a-c23f-46db-872a-aec562a9d9bc,HATTIESBURG,Hattiesburg
cc:aee4656d-0dc0-49df-9e37-cf99a54c4053,EMPORIA,Emporia
cc:aee6b413-2527-4663-9527-8592038e2289,PETERSBURG,Petersburg
cc:aeecf979-4ae5-4d15-b6de-e9f61be18ee5,POWELL,Powell
cc:aeedf412-95f4-461f-991e-cc8e296e4af3,MCKINNEY,McKinney
cc:af071811-7425-457b-8de5-8312e51a6a90,LEAWOOD,Leawood
cc:af14273f-e489-4cb0-8653-dd77683beb18,DENVER,Denver
cc:af24b630-6f6d-4e2e-a553-f94b1ce7b73c,TUCSON,Tucson
cc:af2980e1-988d-4b20-9754-20945e74eef4,BERLIN,Berlin
cc:af38521b-b40b-4e96-8bdc-27527b4602f0,BEDFORD,Bedford
cc:af3b7b26-b1a5-4ce1-a14a-f89331946b40,HUMACAO,Humacao
cc:af6712db-1a66-4bd4-882a-8618b6a6e0db,VALPARAISO,Valparaiso
cc:af6f7c4b-f559-455d-9d72-1a9faf983a7e,REIDSVILLE,Reidsville
cc:af708bae-9096-4807-8561-fe67a510dc5f,EAST NORRITON,East Norriton
cc:af71793a-4f11-4a73-a5df-f87ceefe5ffe,HARTFORD,Hartford
cc:af7b08b4-de03-4d66-8c11-ece155ed22ea,GOSHEN,Goshen
cc:af802f25-fa29-454a-b03e-679413fcec32,BELMONT,Belmont
cc:af819b76-57e5-42d0-87b7-de72773bd10c,ROCK SPRINGS,Rock Springs
cc:af92c455-d38b-4055-802c-b9250edad2fa,HONOKAA,Honokaa
cc:afa57c0a-db16-4b55-909d-42ed508b17c2,WEST COVINA,West Covina
cc:afc123b7-8830-46ab-9f22-0c208496aa8d,COLDWATER,Coldwater
cc:afc8229e-d21d-49d2-aafa-13450d09dfa1,WILLIAMSTOWN,Williamstown
cc:afc8447b-4007-4f1e-87fc-0d58a56e8644,KING CITY,King City
cc:afd5706c-29e9-4010-9707-9addc68323b0,ATHENS,Athens
cc:afdc6993-3dff-4cc2-80c3-735910fa9a59,EAST LIVERPOOL,East Liverpool
cc:afe059f0-83db-4cce-8f12-98f8b5810569,MARYLAND HEIGHTS,Maryland Heights
cc:afe1d67e-7df7-459e-91f2-eef129d75211,LEBANON,Lebanon
cc:afebcdc9-db37-419e-9d7e-e7e9b51a0abf,PALESTINE,Palestine
cc:afed1c7c-4918-4820-bf13-8992751b82fe,GREENBRAE,Greenbrae
cc:affc7467-d4db-46a6-9035-300220a4b161,RICHARDSON,Richardson
cc:affe45b3-47d6-4a30-9d3a-aaf8f682aee0,PLANO,Plano
cc:b0031738-5cf6-49f1-92fe-691729b728b6,SYLMAR,Sylmar
cc:b00b7270-de1c-41c3-9998-0c6ef5e8aec8,ABBEVILLE,Abbeville
cc:b00fd8c7-b748-446a-9b09-8ccca41704b6,SLIDELL,Slidell
cc:b0131b7a-dbec-419e-916d-e3081e95f55a,BAUDETTE,Baudette
cc:b0248e99-9f70-4ea2-be1e-6343db6c30b7,NEW ORLEANS,New Orleans
cc:b036fa6c-551d-4745-8333-e62a6b0f5217,CASPER,Casper
cc:b03fbc17-1109-484a-81b4-bdd3d504ca3f,MIDDLEBURG HEIGHTS,Middleburg Heights
cc:b048b71b-d887-405f-b233-d51b865d743e,PHILADELPHIA,Philadelphia
cc:b04938fc-013d-4a12-8463-0e79e4208e12,PITTSBURGH,Pittsburgh
cc:b04c188c-8d0f-448f-8a06-16139ecd69f9,LORIS,Loris
cc:b0543434-ec1e-4bd4-a581-5cd0fb1decba,WINCHESTER,Winchester
cc:b057d178-8081-4710-93fe-81164864b405,KANSAS CITY,Kansas City
cc:b058dd37-b6f1-475d-8954-b736e4f891a8,TRINITY,Trinity
cc:b059ab2c-cafd-4681-9f03-2107e03f4231,DALLAS,Dallas
cc:b066769d-59e0-4258-bed0-98f09a41418c,HANFORD,Hanford
cc:b07448ef-b468-487a-8a25-e82007d4fae8,DANVILLE,Danville
cc:b0812edc-b8c8-47c4-ba13-b97a64da1354,THE WOODLANDS,The Woodlands
cc:b0832029-fc71-435f-b320-cbf9055d7372,FRANKLIN,Franklin
cc:b09c3c03-9424-458a-8726-67f82abd0aba,FOND DU LAC,Fond du Lac
cc:b09dc9bc-0dd3-43f2-8392-ae0055cd59d3,LAWRENCEVILLE,Lawrenceville
cc:b0a2a2ee-b4cf-4674-81d1-9dd553c02417,NORTH MIAMI,North Miami
cc:b0ac1f95-3374-45f9-8c3c-cdd859f03739,FRESNO,Fresno
cc:b0bba277-56de-4a27-9ed8-2b944f05754f,SCOTLAND,Scotland
cc:b0bf8015-7ecf-49de-94f6-4e668b5bb1ec,FEDERAL WAY,Federal Way
cc:b0bfe26d-497c-4fba-8474-f4a0e917a058,GONZALES,Gonzales
cc:b0d76e21-7b0f-49a8-9457-1263e5022046,DARDANELLE,Dardanelle
cc:b0d8ab1d-3269-434e-a767-0a616b29078c,BARABOO,Baraboo
cc:b0e21fc1-45c7-4278-9aa4-fc2aba3fef5e,SILVER SPRING,Silver Spring
cc:b1035dbf-4486-4e5c-9160-17bf767eae17,SAN FRANCISCO,San Francisco
cc:b105030d-dd95-431b-8533-1e9448e64cba,LINDSBORG,Lindsborg
cc:b10f489d-09a0-4b5c-b23e-453de1999665,DIX HILLS,Dix Hills
cc:b11a5d1b-9fd6-42c9-abc9-7ebcca88f3ce,GREENVILLE,Greenville
cc:b11ffa6a-b7f7-4f5b-9c0a-bfb980eb19a4,CHARLESTON,Charleston
cc:b1222503-3c7e-4150-b652-ef32b59926b0,WINSTON-SALEM,Winston-Salem
cc:b137f671-a62c-4c54-b1bb-52bb987595a1,PEMBROKE PINES,Pembroke Pines
cc:b14245eb-a85a-4bb1-9591-055670cfd50c,LEWISTOWN,Lewistown
cc:b147d023-2862-46d2-8768-f85b0344c1c7,LEONARDTOWN,Leonardtown
cc:b15304dd-61aa-4b7c-ad9d-d8e79fab6c20,QUANAH,Quanah
cc:b1545e47-d740-4b98-9ed0-4467e9f0159a,HUTCHINSON,Hutchinson
cc:b15b8782-a042-4d05-8fef-c98ba1227fd2,OAKLAND,Oakland
cc:b1638252-ecda-41f6-b8e7-9c4401bb5b9c,CORTEZ,Cortez
cc:b16ac8cc-1160-4519-906c-0f1a5ab4a52c,CARROLLTON,Carrollton
cc:b176d782-8cac-4107-a395-ef25080404c5,SANTA FE,Santa Fe
cc:b17b98fc-47ae-4d8c-a403-ae087ee6ed9b,INDIANA,Indiana
cc:b1860b1d-25dd-4597-b65a-0dfcd27b7ca7,JOSHUA TREE,Joshua Tree
cc:b1a0a0fc-3054-4c33-8b55-c501c19b75b2,BROOKLYN,Brooklyn
cc:b1ab3530-66fa-49c9-8a5b-7d9250e87d0a,GALVESTON,Galveston
cc:b1ae5b99-c9d8-4936-979d-747027b2c57e,BARRINGTON,Barrington
cc:b1b24519-4c65-405c-b47b-50b9393ae9b8,LEOMINSTER,Leominster
cc:b1b66a3e-12ba-4d49-b949-2b3427525e65,CHARLOTTE,Charlotte
cc:b1c37f1e-32d1-4cca-a52f-3a067c84fd56,MIAMI,Miami
cc:b1c74676-16c0-47f8-bfc7-a37b2ba1b2db,SUMMERSVILLE,Summersville
cc:b1d0dd8d-cad5-4c97-9103-71e7b7f75b0c,MAYFIELD,Mayfield
cc:b1d17b03-f1bb-4a7d-8e5f-be831dbb1cca,JEFFERSON HILLS,Jefferson Hills
cc:b1d3eeda-d34f-4beb-af76-298bb52221ec,ROMNEY,Romney
cc:b1d4f6a1-4ec7-4714-a123-24d724bbd6bb,WEST BLOOMFIELD,West Bloomfield
cc:b1d55a6e-bf4c-46f2-aa84-4f46e3053e16,MURRAY,Murray
cc:b1e420cd-f2c0-49d7-8250-8428a1d0d8d4,WEST POINT,West Point
cc:b1f4d475-9ebb-41d7-b35f-04804e18164c,GOODYEAR,Goodyear
cc:b1fcebae-3677-4a98-874e-6fc43a9793ea,SHELBYVILLE,Shelbyville
cc:b2063102-8d9d-4007-add0-fff84ab8e05d,MOUNTAIN HOME,Mountain Home
cc:b210c416-44eb-455a-96f0-095331cf2675,CINCINNATI,Cincinnati
cc:b2126c06-b5b1-43bf-a94b-dac76099ea34,AIBONITO,Aibonito
cc:b217c5b4-21c3-4450-bbe6-cfa12d497bb4,BEAUMONT,Beaumont
cc:b22010b5-89eb-484e-8684-e0f41f9113e1,HOUSTON,Houston
cc:b22cbaf2-d7a3-4885-9e6d-060c7e31409b,BRONX,Bronx
cc:b2465569-a659-4736-b203-113126904647,BEMIDJI,Bemidji
cc:b24c0582-2be3-48e3-958c-85fc09de4874,BLUFFTON,Bluffton
cc:b2521b0a-3658-4c2e-a923-1a5a49afe9f2,FESTUS,Festus
cc:b254d4df-e54f-4515-b7ab-ed4209031483,MIAMI,Miami
cc:b2711324-c3a3-4b9a-8b75-459b69261969,SEBASTIAN,Sebastian
cc:b27b56f7-f136-4d03-b98c-4b34df556096,SHREVEPORT,Shreveport
cc:b27e33f9-4d2d-4c4b-8003-53209a4efbf4,MOUNTAIN CITY,Mountain City
cc:b281397f-b4b3-46bd-9c59-9db989782cfc,SPRINGFIELD,Springfield
cc:b2889b52-1881-4879-a0a3-02c51985b34b,CALDWELL,Caldwell
cc:b28b8185-06c5-4dbf-8f47-086c67d33e88,CARLISLE,Carlisle
cc:b28bf5e2-6052-481f-b688-ac7628ccc42c,WAYNE,Wayne
cc:b2a4f5d1-3149-4b17-b6fd-22e9e831657d,AIEA,Aiea
cc:b2b0065d-a27d-49bb-a95e-9d978c236ff1,DOUGLASVILLE,Douglasville
cc:b2bbd8c7-b092-4fea-8bb5-dcaec146c3f3,HOUSTON,Houston
cc:b2cbf444-41b4-4e52-aa75-852da6f13fff,DETROIT,Detroit
cc:b2cce43d-4ee4-4e87-80fd-b36460a0a9c6,FRANKLIN,Franklin
cc:b2e3b42e-e6f0-4a2c-b92b-e99c04e8ff6a,SPARKS,Sparks
cc:b2e709c1-1996-4233-9136-4644f2ff6942,CARMEL,Carmel
cc:b2eab0fb-29e7-4a15-9ad9-17db5c7b3bfc,PERHAM,Perham
cc:b2fdc2a2-fca2-4669-bf93-61baa6b0d087,DOTHAN,Dothan
cc:b300c56b-2990-4afe-9f60-22d1e649c9f7,UPLAND,Upland
cc:b30b9edc-18cc-488f-8f43-3eef6ca1672b,ST LOUIS,St. Louis
cc:b3113848-d29c-462b-a5de-99d19981fbbb,HOLMDEL,Holmdel
cc:b318ba0f-2006-453e-b904-2dbea469e5d1,GEORGETOWN,Georgetown
cc:b321f1f7-4bd4-475b-abf0-9cbf01e9ffe9,ARENAS,Arenas
cc:b3236112-42ec-4b45-9de3-3f05a9da31d3,IUKA,Iuka
cc:b32c7017-2d09-49fa-804f-f909fac33c18,WABASHA,Wabasha
cc:b3331efe-2065-4038-a8b8-4e37faa8422b,PASCAGOULA,Pascagoula
cc:b3374f89-66e1-479d-ae27-0978f025b3d6,PORTLAND,Portland
cc:b337a275-80d5-45c6-acaa-6fb42b7d404f,OKLAHOMA CITY,Oklahoma City
cc:b33df27f-6de1-44d6-a594-d239be9c0ae6,MOULTRIE,Moultrie
cc:b34d6431-f1eb-47a0-a01a-d55fa48100a1,KALAMAZOO,Kalamazoo
cc:b35831f8-8d1e-4af2-90e8-e2ec9784a3fc,NEEDHAM,Needham
cc:b3598405-0065-42a9-a83e-d1ad36dbcebe,BOISE,Boise
cc:b364f7bc-014e-410e-94ac-45044e763dab,WESTWOOD,Westwood
cc:b37f2d68-efd2-4aad-9ac1-84f7581d73ee,LAS CRUCES,Las Cruces
cc:b383b172-2667-4c8a-ab03-6f150b0d91d4,WORCESTER,Worcester
cc:b38e85ec-4ec2-46cf-998c-030f8bfbd8a1,EDEN,Eden
cc:b39836f5-e246-4569-bb50-74ffe3b5561b,CREIGHTON,Creighton
cc:b39dba5a-55ab-48bf-ba46-b5820e234967,COLUMBUS,Columbus
cc:b3a127c5-eb07-4d6c-b63a-3f2591c34ee7,FLOWER MOUND,Flower Mound
cc:b3aa7a37-a9ca-4810-8eee-33151b177ebb,PAOLI,Paoli
cc:b3c0e9b5-b2c5-4789-9f1a-d60e0048b302,CRANE,Crane
cc:b3c2565d-d664-4b9b-a1b3-8970d8d24a75,HILLSBORO,Hillsboro
cc:b3cb3c1c-4392-4966-9a8c-62e3b1ed775d,BAKERSFIELD,Bakersfield
cc:b3e2d9e9-236b-4bb9-976d-a9d8d820cd0e,FAYETTEVILLE,Fayetteville
cc:b3f21cc0-1efd-419e-abef-d8371ed3ffb7,LEVELLAND,Levelland
cc:b3f669ef-d3ac-4c32-b4da-548cd0617663,RANCHO CUCAMONGA,Rancho Cucamonga
cc:b3fe7323-3a28-4309-9289-0d84e39b8dfb,HOULTON,Houlton
cc:b401600f-e345-4b31-901f-5b5f67f74363,MERIDEN,Meriden
cc:b405d856-7421-4bfc-b827-46d861803cde,OPP,Opp
cc:b4141032-60b0-49e2-93bd-487061548ebb,FORT SMITH,Fort Smith
cc:b4146b50-48da-4447-b979-ce20ef2413bd,LAKEVIEW,Lakeview
cc:b41df8b4-9da5-4839-bcb8-d713a694e2eb,BRYN MAWR,Bryn Mawr
cc:b42449fe-0397-4dbc-b894-fe86c9cf3eea,RIO RANCHO,Rio Rancho
cc:b42c980b-7e5f-4acd-b9f6-3236fbba549c,JONESBORO,Jonesboro
cc:b437ef21-7036-4ece-a89b-9dedadf9bb39,EDMOND,Edmond
cc:b440a7d6-ca4d-46f3-bee4-83a2a3eebf53,OLATHE,Olathe
cc:b4445904-c469-41bd-b2d6-91da49030447,SOUTHAVEN,Southaven
cc:b44d54f4-a460-4b09-bab7-4193717ce595,IDABEL,Idabel
cc:b44fac76-fc13-43b2-8be6-91e144d1832f,JACKSONVILLE,Jacksonville
cc:b460a8bf-617d-414f-b84f-caa4541ba93f,ANACONDA,Anaconda
cc:b461055c-21a5-4d5c-bc30-eb81ccf48c82,FREMONT,Fremont
cc:b485439b-9018-46bc-b75f-e78eb26dddd8,LOYALTON,Loyalton
cc:b486cb9d-7de2-4185-8550-624eba75eaf2,MIAMI,Miami
cc:b48fe7c5-c52c-4700-b9ef-916c0f2a45e6,AVON,Avon
cc:b4920b4e-a812-444d-9222-75a06a9793d3,JACKSON,Jackson
cc:b498b3f6-33ba-4c03-9166-25edbfae995e,COCHRAN,Cochran
cc:b49ce197-05ba-425c-b2f6-81fa1b6d6734,GADSDEN,Gadsden
cc:b4a70bbf-1917-4aee-b4b3-9cdbb045cde1,EASLEY,Easley
cc:b4ab9b9a-492b-41d3-b757-60a563b23254,ALAMOSA,Alamosa
cc:b4b0b939-61fc-4b96-a047-7bd7198115c2,EXCELSIOR SPRINGS,Excelsior Springs
cc:b4b90c50-0f53-4e0c-979c-06e52a60017d,CALHOUN,Calhoun
cc:b4bd9b5b-c771-4513-ab4f-3ed65cf790b5,PLAINVILLE,Plainville
cc:b4be4aea-8a17-45e0-b5d9-edd4e2b7e52d,DEFIANCE,Defiance
cc:b4cdaa94-a133-4c00-b42f-a7f4b06c784c,ROYSE CITY,Royse City
cc:b4deaea2-5cc0-4e87-ab88-554eeaa06c56,DE SMET,De Smet
cc:b4f02757-f583-4cc7-9e95-33e5103045eb,BRONX,Bronx
cc:b4f4c80e-55b4-47e3-a663-9423e9b3bc6b,WOODSTOCK,Woodstock
cc:b4f6aeb5-5db9-490b-a52a-cf3e24a35b00,BETHESDA,Bethesda
cc:b50691c8-5925-4a5e-a512-4a007cc9ad88,PHILADELPHIA,Philadelphia
cc:b508f810-3363-457e-97f4-1575bf3677bd,SPRING HILL,Spring Hill
cc:b522ad1f-97d1-4c39-bbdb-85ef78355ded,BALLINGER,Ballinger
cc:b528441b-b4b3-4d4b-aac4-69e04da9de64,BRATTLEBORO,Brattleboro
cc:b52b7600-c07d-40ed-b7aa-8f8dd881c4fe,TULSA,Tulsa
cc:b52cfdc0-6c15-448a-b2f8-3ef64813f97e,STATESVILLE,Statesville
cc:b535f13f-e169-4051-998e-783c4cc6be07,BROOKLYN,Brooklyn
cc:b5374bb4-cc94-4a5d-bc2c-1cfd2c1437d6,ELIZABETHTOWN,Elizabethtown
cc:b53c7ae5-b624-4e1f-9d24-01d0b57303c3,ROCKVILLE,Rockville
cc:b53cd4fd-e6c2-4a6a-abe6-dc11bff55996,BOUNTIFUL,Bountiful
cc:b54442c8-b67d-4758-b35e-22d9e2d960aa,PAHRUMP,Pahrump
cc:b54be076-6298-4165-9c56-6c64840729e5,RICHARDSON,Richardson
cc:b54f1b3c-ff80-437e-b562-af7e34a99fb6,ROCHESTER,Rochester
cc:b550179d-1656-41e1-b490-c9ba04966465,GENEVA,Geneva
cc:b5569262-fc89-4f1a-a1d8-78e9be4f70f1,GETTYSBURG,Gettysburg
cc:b55fa7fa-3529-47d7-8b2b-35f3bedc97dd,SAINT CLOUD,Saint Cloud
cc:b5617d6e-5748-4f7c-82e1-1a6f48e998fe,KINGWOOD,Kingwood
cc:b56798cb-d7c1-4d31-bdb0-edf373c751ee,SAN ANTONIO,San Antonio
cc:b56b3350-91b7-4b35-ae98-f965c6cd5544,BALTIMORE,Baltimore
cc:b57e97c6-0480-4273-b024-baec8e5ecc8c,DAYTON,Dayton
cc:b581d46f-9244-45df-856b-565d1e462ffa,CHICAGO,Chicago
cc:b5845e99-dbc7-4add-b6bb-f5af442c85a0,SARASOTA,Sarasota
cc:b59888e7-4c02-4757-b2fd-46534397fc35,CLOVIS,Clovis
cc:b59912b9-6ba5-4e16-8e47-3f241d6e8bdc,LOS ANGELES,Los Angeles
cc:b59b38b8-2852-4991-90a5-4658e76a0960,SAN LEANDRO,San Leandro
cc:b5a0f0d0-a92e-4e92-aabd-5dc4f8ef31b2,LOUISVILLE,Louisville
cc:b5a4943d-ab22-4efa-b70e-bab8bb906d42,WESTON,Weston
cc:b5b281e0-bfca-4606-9253-03725e2a8f66,AUBURN,Auburn
cc:b5b2949b-9b5f-4dbd-8197-19615ab13622,LAS VEGAS,Las Vegas
cc:b5b6dd9a-d953-46f2-b28a-69ac0b306ac7,MALVERN,Malvern
cc:b5be061a-44de-4ac9-ae0f-4fea481ee398,WILKES-BARRE,Wilkes-Barre
cc:b5c14368-2ea9-4f9b-9c8d-8b8be2ba7af7,JASPER,Jasper
cc:b5cba684-622e-48cc-b29e-c3b383218e6b,BOCA RATON,Boca Raton
cc:b5df7ec0-6082-455e-a2b3-e7c11050c408,PURCELL,Purcell
cc:b5e80748-af5d-4df0-85b3-b2453d0a4a30,WEST BLOOMFIELD,West Bloomfield
cc:b5ea8ab9-6fa3-415e-879a-6fdb99634ffc,SHREVEPORT,Shreveport
cc:b5ed92cf-3152-4b54-967c-6cb43d451963,LITTLE ROCK,Little Rock
cc:b5ffcc9b-97fe-4ecb-be3d-46b105ae83c2,CLANTON,Clanton
cc:b60a2116-7d74-4edf-929f-0ed6f244d1c9,MARYLAND HEIGHTS,Maryland Heights
cc:b6177049-05fd-422b-94fd-aadef5362b21,HUNTINGTON,Huntington
cc:b619fd71-43ff-43a9-a353-f9b78bf2283f,PASSAIC,Passaic
cc:b61c508b-8596-455b-80a4-f8f921db173e,SHAWNEE MISSION,Shawnee Mission
cc:b62949a4-ee9b-4034-a1dc-0671c9c4ed0c,CHESTER,Chester
cc:b634c970-89bc-4b2d-89a4-e1096d9bab8d,COLUMBUS,Columbus
cc:b6385ded-f398-4e87-9c00-9c80a4e0fe0d,FLORENCE,Florence
cc:b6390678-0443-4eaf-b0cf-ce97de36c6f2,HASKELL,Haskell
cc:b639c256-d2f3-4eda-a647-708e1c0d067c,JACKSONVILLE,Jacksonville
cc:b63ad509-c52b-433b-bb28-908602b450f1,BEAUMONT,Beaumont
cc:b63affe5-b0af-40c1-9c8b-c9ff07f24847,HEMET,Hemet
cc:b63f76bf-52d7-4bd1-84cf-43a77e2893ef,EASTON,Easton
cc:b65163a6-f6f4-4904-a158-782048f22a45,BROOKSVILLE,Brooksville
cc:b6530c66-b310-459c-836d-3e86c70b3f41,CONROE,Conroe
cc:b6620af7-0019-45a9-9a01-43ae4596d333,CLEAR LAKE,Clear Lake
cc:b66a98ba-aa98-461b-b54e-7ea976ff68cb,BEAVERCREEK,Beavercreek
cc:b66af804-e5cf-4748-8f81-ede3830b6f04,MILFORD,Milford
cc:b67d734e-c3ff-45f4-a0df-a154e509de90,EL CAMPO,El Campo
cc:b68516e0-7d1e-4249-ba22-c7cce38230b1,NATRONA HEIGHTS,Natrona Heights
cc:b688bd04-2742-4112-bef7-2abea49658e9,TOLEDO,Toledo
cc:b688cf5c-ec47-4b76-84ca-59707a39ea9e,CHEROKEE,Cherokee
cc:b69dbf5c-863b-49fb-9449-6847b833f035,HOUMA,Houma
cc:b6acf5ed-a572-4031-b0c9-379e030b1535,ARLINGTON,Arlington
cc:b6b27cd5-a5f8-446d-8bd0-0e0cb35ba4cb,BOLIVAR,Bolivar
cc:b6b6449f-4a6c-428e-9402-19ccdded2410,SUN VALLEY,Sun Valley
cc:b6bcbe75-2adb-4798-8d96-71597e3602f2,REIDSVILLE,Reidsville
cc:b6d11c00-232f-4613-a767-6fec20327853,OKLAHOMA CITY,Oklahoma City
cc:b6e22412-296f-463b-a272-65a5c5b8e3f0,FLINT,Flint
cc:b6eb2e8e-a03d-4f22-b802-67e1ee0fdccf,LOUISVILLE,Louisville
cc:b6ef5e70-ec42-42bb-9608-ffc9d62675e8,SIOUX FALLS,Sioux Falls
cc:b6f0ca6a-6f8e-48e3-a9fd-4e774c5a963e,OXFORD,Oxford
cc:b7060cb0-f8c5-4f87-af87-73c2a8a6a6fb,CHESTERFIELD,Chesterfield
cc:b70e3ef1-72c2-4267-a453-afa962dbd7e8,STATE COLLEGE,State College
cc:b714b867-5922-4dae-853b-4ff030560de4,FORT BENTON,Fort Benton
cc:b714dda6-ad23-45ed-86fb-9b1e55f5f57e,GLOUCESTER,Gloucester
cc:b7165ced-4ca0-44ac-9d0b-fefd5ebcf915,BELLEROSE,Bellerose
cc:b72335b5-ee00-43d1-b7e2-11212a667459,WAYNE,Wayne
cc:b72b309d-3c1c-4003-89a7-b2fe80d300d7,HOUSTON,Houston
cc:b73b846e-ff69-4249-838b-125f5971e54b,KULA,Kula
cc:b741e92a-21ad-4161-a09e-d36818ce8211,WATERTOWN,Watertown
cc:b7430804-5608-4d37-9a57-1c2bf7ab2a71,DAMARISCOTTA,Damariscotta
cc:b748493d-243b-40a8-ba74-77027067b7ea,SANTA FE,Santa Fe
cc:b74e42e3-ccb1-4484-8ef0-d89e5f3b98cc,WICHITA,Wichita
cc:b74f44bb-4559-4819-9e08-04ea5e673bdc,WEST COVINA,West Covina
cc:b75f7a5f-7e1d-49ed-a0a6-bcdfd8a5127b,NEW YORK,New York
cc:b760fa9f-ce83-4ca8-8af1-149e482ece25,NEWBURGH,Newburgh
cc:b770d7f6-7936-4352-bc45-087edc416c44,SALEM,Salem
cc:b77b8574-477d-4837-b2ad-ff5e51b225e3,SMYRNA,Smyrna
cc:b77d68f4-1bac-42a1-a21e-c42e4a3a9541,SEATTLE,Seattle
cc:b781e1eb-5429-4443-89b3-4457b7992d00,KEOSAUQUA,Keosauqua
cc:b783bac7-d730-4560-a99c-f6146bb0e5e7,WHITE SULPHUR SPRINGS,White Sulphur Springs
cc:b7869e58-f746-4646-ac3e-520c65952554,CAMBRIDGE,Cambridge
cc:b789d147-8769-4b3c-b1cb-e8f4ca364cc4,BIDDEFORD,Biddeford
cc:b79068b0-6781-4cf1-9dc4-8f205295788f,POMONA,Pomona
cc:b793a8b4-2f16-4c28-ad24-b390b8635fc2,FRISCO,Frisco
cc:b7966b59-3286-4b30-a592-a40b5e88e32e,VIDALIA,Vidalia
cc:b7a14e26-0dae-4d81-a24b-fdfb610fd590,SAN DIEGO,San Diego
cc:b7a22a8c-93a6-4aa9-92b4-a53042fc9a40,ARECIBO,Arecibo
cc:b7ac5a48-4b70-4dbe-8db6-0e2d7b72d750,LANSING,Lansing
cc:b7ac7e56-6048-4e6c-87a5-e2e675ddc671,SAN JOSE,San Jose
cc:b7b03454-dad5-49e2-972e-4c671dab6d36,GREENWOOD,Greenwood
cc:b7b4d4ea-4d66-4dca-9ea2-c45090a14e53,FORT WORTH,Fort Worth
cc:b7b94a1c-6513-4deb-a514-75800045bc41,KENOSHA,Kenosha
cc:b7bb13fb-1b91-41a3-b107-091ddad3a63c,NEWTON,Newton
cc:b7bece69-726a-416a-af1b-a8f2c945cf5b,MONMOUTH,Monmouth
cc:b7bed6a5-2108-411c-a584-3abcf6fcdcb4,CROWN POINT,Crown Point
cc:b7bf949e-9198-49ca-b90f-a00be3c98531,COLORADO SPRINGS,Colorado Springs
cc:b7ce4780-3fa4-473d-83c2-282eb58f8124,ST. MARYS,St. Marys
cc:b7d03543-abd9-4e85-9465-6a6a5bc7b017,LELAND,Leland
cc:b7ddf570-d99f-4889-9a32-e8254432da15,DEVENS,Devens
cc:b7e2f33e-8ae1-460d-8344-96bcea101979,MARINA DEL REY,Marina del Rey
cc:b7eb68d5-d54e-47ba-8501-4a03d7afa5ad,OAKLEY,Oakley
cc:b7ededa9-ac17-4964-a4d3-cd563889ee11,GRAND RAPIDS,Grand Rapids
cc:b7f31d63-127a-4ad9-8d39-d547f06a74d2,STARKVILLE,Starkville
cc:b7f37258-a2ec-40d8-b48d-097ed752423d,TROY,Troy
cc:b813482d-d0f0-40ad-9a99-e5912673b85b,PLATTEVILLE,Platteville
cc:b8142674-861e-4514-ad6d-5978cc28de00,DEARBORN,Dearborn
cc:b8276424-6ae5-43e6-b4a6-400898964852,SUGAR LAND,Sugar Land
cc:b828fe55-959b-469b-a095-63a33266578c,SPRINGFIELD,Springfield
cc:b835004a-8cf4-4b4d-b7c4-b97dd39b4602,LAKELAND,Lakeland
cc:b83634fe-fc65-4a5d-9951-bbbd91a80eed,SEAMAN,Seaman
cc:b83886ac-0b79-4fd2-9130-86581a27d48d,ROSWELL,Roswell
cc:b839fecd-a2c0-4076-8ec5-d8908dedbf4d,CORBIN,Corbin
cc:b8446d96-d4dc-49f0-96bf-fc975c2ed282,CULPEPER,Culpeper
cc:b84cdf28-b308-46a8-8b7f-4cb12396b77d,FERGUS FALLS,Fergus Falls
cc:b85d8fc7-0028-4723-9b84-325fb726b919,SAN MARCOS,San Marcos
cc:b870b0c4-c410-46be-bd8f-f0e8e0ec0e5f,RALEIGH,Raleigh
cc:b87bc3cf-5943-4e8b-a9b9-f07e42460533,PHOENIX,Phoenix
cc:b8849257-7f30-4a34-b082-2d676ee80ae7,CARMEL,Carmel
cc:b884d17e-c7fa-4eb2-84ed-dca2f9005c11,MACON,Macon
cc:b8866fbe-a864-41da-a30d-f3882726d797,ANDERSON,Anderson
cc:b88ef9dc-aeb2-4026-acde-2387563067a1,MAUMELLE,Maumelle
cc:b89f9497-5496-4804-94d5-5d93a04658bf,BOSCOBEL,Boscobel
cc:b8a0b8fd-ed2b-4b20-8376-039f1ab9726c,WOODLAND,Woodland
cc:b8b20c87-d4d7-437c-a5fb-99083fe1372a,MIAMI,Miami
cc:b8bb1d76-f3d8-4ce9-b149-c8ced8961f45,BERRYVILLE,Berryville
cc:b8bf6811-4573-4790-9b31-7fb40b40aea4,BRAWLEY,Brawley
cc:b8c326ac-d870-4dc9-aef4-ee2580cde520,ARLINGTON,Arlington
cc:b8cf91a7-f1e6-48e9-b2e9-cdb196526b8d,CLEVELAND,Cleveland
cc:b8d25c07-4e26-46fc-96cd-50701b877e95,FAR ROCKAWAY,Far Rockaway
cc:b8d28cbc-22de-4e6f-9820-a17933a4f3b2,LAFOLLETTE,Lafollette
cc:b8d8610a-e0f7-4e57-90c3-f2b4ad0ceaed,WAYNESBORO,Waynesboro
cc:b8dc443d-8d70-4fab-9237-ecbd8c7b296d,BRISTOL,Bristol
cc:b8e03edf-0de7-4931-adc8-c88aa9039cc1,CHARLOTTE,Charlotte
cc:b8ea90fd-c05d-4009-8515-b3f3cdb3f5d0,GLADWIN,Gladwin
cc:b91ca0e9-f3a2-473e-bc50-595eb24aac51,BARBERTON,Barberton
cc:b925219b-0d11-4e8c-b1d7-57f28e57baf8,LONG PRAIRIE,Long Prairie
cc:b93697bc-1982-4211-b12a-14b55321bb53,ERIE,Erie
cc:b9384b4d-56bf-43d3-8683-adbbcc412a68,CEDAR PARK,Cedar Park
cc:b94536f4-b46f-46d1-a35c-6e94467f8333,DILLINGHAM,Dillingham
cc:b9530f77-e57b-47b3-81ff-9764129dde01,COLUMBUS,Columbus
cc:b95a2c25-771a-499f-ac00-a89472caf3a0,JOHNSON CITY,Johnson City
cc:b9622506-a8be-429c-bb31-335abe67c839,SAN JUAN,San Juan
cc:b9638385-5de3-4621-b449-f76212a567f4,BERLIN,Berlin
cc:b9669ad5-f4f1-44e0-aa0a-1de4e4b71a1a,HOUSTON,Houston
cc:b968e33a-49d6-48cd-b02d-1971d80c3a79,CLOQUET,Cloquet
cc:b979b736-c202-435b-8990-9df0c2b2dcd5,PAW PAW,Paw Paw
cc:b97ad972-954b-45f4-aae2-197c957d7d1b,MENA,Mena
cc:b9917c69-f1be-4073-b1ae-fd2a7f0c4fa9,CENTERVILLE,Centerville
cc:b99c6c59-54cc-4833-ae95-2bb90d59d082,LAS VEGAS,Las Vegas
cc:b9a6f30e-b98b-48fc-80c2-ff1e3e5c862f,BALTIMORE,Baltimore
cc:b9b241d5-b955-449f-ae39-42f7c2612ea5,LONDON,London
cc:b9b52487-69fa-4295-b2f0-f4a53eea162e,KANSAS CITY,Kansas City
cc:b9bdbfc5-36bc-4106-995e-9ba2d378c45e,MURFREESBORO,Murfreesboro
cc:b9ce7758-abe7-49df-b029-6bcc0b70dec3,ZEPHYRHILLS,Zephyrhills
cc:b9ceda82-2934-454d-ad81-f0dd4c53c661,PUEBLO,Pueblo
cc:b9e83439-d856-4133-90c8-51b453887271,TILLAMOOK,Tillamook
cc:b9e99670-751d-4093-aea5-2bead19b45c0,LUMBERTON,Lumberton
cc:b9ecacd4-6326-468d-9c35-383e724887bf,CHESTER,Chester
cc:b9fb18da-4fa7-4432-b6f6-2f81b2b8ed92,DURHAM,Durham
cc:ba0bcd64-753a-48ca-bafc-aac8d4a6b876,SEILING,Seiling
cc:ba0f034c-270a-49ad-8496-811167af51aa,CARTERSVILLE,Cartersville
cc:ba13cebd-a171-4e8c-b1cb-a1b145f8b9a1,PORTLAND,Portland
cc:ba15ff31-82cb-4109-ba19-be570f41b8fd,WESTLAKE,Westlake
cc:ba2947a4-48a0-4100-8e35-32d50bc92daa,ELK GROVE VILLAGE,Elk Grove Village
cc:ba2d9069-a25c-4016-8ed9-29baee5493be,MICHIGAN CITY,Michigan City
cc:ba3721d0-7504-44c8-8294-2230421ccb8f,TAVARES,Tavares
cc:ba47ac1f-cc39-4f91-b7bd-4171e8b5abe8,MEQUON,Mequon
cc:ba4a3710-747f-4de0-848f-1828f3f614bf,JAY,Jay
cc:ba510822-c628-47f7-be67-2daaf455f64c,POUGHKEEPSIE,Poughkeepsie
cc:ba519c10-943c-49fa-963c-777d76ac29e9,SLEEPY HOLLOW,Sleepy Hollow
cc:ba54d1de-617c-4381-a37f-92ad02e02392,STAFFORD,Stafford
cc:ba5c6aae-4c5b-4a46-8a92-8ece71fad625,CYPRESS,Cypress
cc:ba644446-3a62-4c4e-ba48-526ce6bf2c14,STONY BROOK,Stony Brook
cc:ba66aff3-53e4-44d5-8f3f-c2517ca03ddc,MCKINNEY,McKinney
cc:ba6eb98c-b2a6-4634-85fb-7e933d1b7945,OSAGE BEACH,Osage Beach
cc:ba7d4e97-2bf2-4a2e-8837-bfdae978b881,COLVILLE,Colville
cc:ba8b9de5-670b-4559-bcf3-d268d5e4849a,VIERA,Viera
cc:ba8cd438-b92f-40c3-8fc2-8b33ba1e7091,COCONUT CREEK,Coconut Creek
cc:ba8dc513-0959-46a8-913a-5ee935456460,NORTHAMPTON,Northampton
cc:ba910b52-453c-4862-974a-da95bf68e497,CARTHAGE,Carthage
cc:ba96e6da-1e57-47bc-b1dc-5206732806af,NEW YORK,New York
cc:baa280fd-b1e0-4c9a-afb6-bca7f9f46040,TUCSON,Tucson
cc:baab1e4e-0124-4409-821c-7c494899150d,MONTGOMERY,Montgomery
cc:baca921d-6a3d-4276-8660-c50152665608,SPRINGFIELD,Springfield
cc:bad82470-fa1f-43dd-9ff4-316474bed1bf,GRAND FORKS,Grand Forks
cc:badae699-08b4-42d3-981c-136c4851939f,OMAHA,Omaha
cc:badd7fa0-acf8-4058-98dc-4862d3e0d4f7,LONGVIEW,Longview
cc:baf896e5-aa9b-4cfc-94e5-cc9e8ad80038,SPRINGFIELD,Springfield
cc:baf90084-2911-48fa-9e5f-3cb9085267ee,PLANO,Plano
cc:bb0d0fb6-5732-43f5-a261-080965e91857,PHOENIX,Phoenix
cc:bb1fe470-b159-44da-a2da-b9c9da43bb4f,LAKE JACKSON,Lake Jackson
cc:bb22f010-1b86-4b4f-bcd0-e9da2b43bc3c,MEMPHIS,Memphis
cc:bb25405b-74a8-4771-9ba1-bf5055951090,ST. LOUIS,St. Louis
cc:bb2b8090-9ad1-4866-973b-c32b182049d0,MOUNT VERNON,Mount Vernon
cc:bb2fe677-fbfa-45d2-8917-69a6f74f7d1f,WINSTON-SALEM,Winston-Salem
cc:bb316a69-3809-4363-83b8-343875887a29,OAKLAND,Oakland
cc:bb402686-de01-48fe-b7cf-38419d5c23d8,COLUMBUS,Columbus
cc:bb410857-5456-43e3-92b4-e4018a03a193,HIGHLAND,Highland
cc:bb43c623-c75b-4f1e-8eb2-2333eecd44b8,NEW YORK,New York
cc:bb4648d5-9830-41f4-aa09-cdb3744d35f5,LA PORTE,La Porte
cc:bb4c16bc-61dc-468e-8fbe-fe2dce675516,NORTH LOGAN,North Logan
cc:bb548379-25f0-4136-aca4-997e562aa0e5,LEE'S SUMMIT,Lee's Summit
cc:bb58e151-d28e-44df-bd0f-f032e0001dcc,NYACK,Nyack
cc:bb60a2fa-c52c-4d50-acf6-6d6aa2535ad3,HOLYOKE,Holyoke
cc:bb92185e-9827-46f6-acc3-c6ca96a7f86a,FORT KENT,Fort Kent
cc:bb99c782-29fe-4bfd-87b1-6d14e42b3975,INDIANAPOLIS,Indianapolis
cc:bb9c2999-22c6-4b26-a8ba-b256c9100148,ALMA,Alma
cc:bb9c782a-811c-4ace-9dc4-9e219f2c113a,FRANKLIN,Franklin
cc:bba0e0be-bc73-48bb-9463-93068a7399c0,WINAMAC,Winamac
cc:bba18f32-b3ba-4b2a-9e8e-688ac0df4145,AMBLER,Ambler
cc:bbb44ead-f5da-4255-8285-0238c18db010,WARREN,Warren
cc:bbb5cb07-854c-4d06-8341-428d3121bd83,LIBERTY,Liberty
cc:bbc024a6-d419-436c-ac9c-7e4c4ccc6a40,ANNAPOLIS,Annapolis
cc:bbc5cd35-baa2-4d0d-80be-ce7c2f08f69a,BRIGHTON,Brighton
cc:bbc8d408-b190-478f-bbdf-23979e111ee3,COLBY,Colby
cc:bbcf0fc5-8077-4a9b-8872-59d185a43b44,AVON,Avon
cc:bbd18ff1-a93e-4900-99ab-d7c5a205d43e,LOGANSPORT,Logansport
cc:bbdcab57-626a-496c-988a-060ba553bfae,ROSICLARE,Rosiclare
cc:bbef7734-af86-4711-8ede-ced01fc9e9fe,JAMAICA,Jamaica
cc:bbff8f88-62ce-4559-b00d-0d8c608bf869,NEW ORLEANS,New Orleans
cc:bc0a44b8-6062-4cee-9e9f-7a71cb13f4af,ELKHORN,Elkhorn
cc:bc1914df-8f7f-40e6-8860-c515e95eb0a2,COFFEYVILLE,Coffeyville
cc:bc19aab7-38f2-48fa-84a0-bdb5389304d6,ELIZABETHTON,Elizabethton
cc:bc1d4a80-d243-4390-9387-2258823f36ed,NORTH VIEW,North View
cc:bc24d27f-a7f9-445e-8c02-4f33e8d32e32,ARLINGTON,Arlington
cc:bc299cf4-d136-4618-8e78-224b4a3b7b67,MARION,Marion
cc:bc2edd51-de6d-471d-a46b-6b0e9cd86ba7,VERNAL,Vernal
cc:bc3865e8-1241-430b-b7a6-6258fb6ebf73,MORRISTOWN,Morristown
cc:bc40664f-fbf5-4c8a-a529-add2a1f7d052,TUCSON,Tucson
cc:bc49012d-0215-4857-9a16-8148f7314004,TEMPLE,Temple
cc:bc62dfff-e4b2-47cb-ad80-af3f9f0f953e,MARSHALL,Marshall
cc:bc643b25-af00-4b61-be42-d98673ad7380,HAYMARKET,Haymarket
cc:bc780aca-0417-404a-9a83-10ba07c6ec0e,MONROE,Monroe
cc:bc8d58b3-8668-4384-b03c-b4e476e3c4fd,DAYTON,Dayton
cc:bc9c4832-e824-4013-9b28-03bceb9692e6,CHARLOTTE,Charlotte
cc:bcad5310-f488-442b-b7e4-20315f6c6e66,MINEOLA,Mineola
cc:bcb2347a-f9f8-46f3-808f-073d6f0d1c4d,VEGA BAJA,Vega Baja
cc:bcb24cf5-4a6a-4d2c-98a4-0c416ee2058d,GREENVILLE,Greenville
cc:bcb43384-f5e3-49dc-a3bc-7ffffce13002,JONESBORO,Jonesboro
cc:bcc09338-b644-4271-be79-a3ab5cc1464f,NACOGDOCHES,Nacogdoches
cc:bcd2148c-58c2-49c0-8e1e-ac02b550d387,WASHINGTON,Washington
cc:bcd4fea4-1b2a-4a6e-add4-4ca6c44d04e3,MONETT,Monett
cc:bcd52e29-c636-4497-92b2-ca640c1a161a,TEMPLE,Temple
cc:bce3bae7-e881-49e6-bc12-3a735376d767,REEDSBURG,Reedsburg
cc:bce9268b-499e-4bb9-8348-f92c0b8913c4,MINNETONKA,Minnetonka
cc:bceb1afe-3849-49ed-ad19-2b0d59775057,PORTOLA,Portola
cc:bcf224c4-8360-4f9e-b36e-68b24aad87e1,OXNARD,Oxnard
cc:bcfeb340-2a62-4c60-93aa-946bb2c4d322,BUNKIE,Bunkie
cc:bcfecc32-b515-4cbf-a821-a9818817e9fa,NASHVILLE,Nashville
cc:bd0529e2-2744-4e1e-bb14-8d6fee5b824b,MINDEN,Minden
cc:bd0652ff-cf95-4478-ace9-f9ea032c2586,GREENSBURG,Greensburg
cc:bd12ee35-f8d0-4e7b-b937-040377d74638,STURGIS,Sturgis
cc:bd155e4e-38de-4db7-a293-b2108a034b28,CHESAPEAKE,Chesapeake
cc:bd15fe39-4ad5-45af-bdda-c00d837aca33,BELTON,Belton
cc:bd1a1800-6e25-4005-b7da-7e57424a925b,COSHOCTON,Coshocton
cc:bd1a5b11-6525-444f-abd0-0a11e33dd34f,PARK RAPIDS,Park Rapids
cc:bd25c063-f2f6-4939-bf14-f4b291da2617,CINCINNATI,Cincinnati
cc:bd2b4b6f-b700-47a0-96a2-161ae9b95d26,FRIEND,Friend
cc:bd2b771a-4b7e-4230-ae9e-2941feb70eee,NORTH WILKESBORO,North Wilkesboro
cc:bd30ad56-3e7b-4766-804d-8a01952eff1e,ATLANTA,Atlanta
cc:bd69c0b1-9548-454a-ab0a-0e3007498d04,MCKINNEY,McKinney
cc:bd700350-945e-4992-9e2f-c7b74bf5c940,PRENTISS,Prentiss
cc:bd7e6754-c0e7-4e20-98ea-f75ca592688f,DARLINGTON,Darlington
cc:bd90260a-2544-4cb4-89f7-e91b0b69eb31,BOZEMAN,Bozeman
cc:bd908dc4-02d2-4e58-b4d8-0e09d20d7776,CINCINNATI,Cincinnati
cc:bd97080a-8bd2-45f0-8102-ca47a12a7414,MT. STERLING,Mt. Sterling
cc:bd982745-f82b-4396-8e2c-2cb1181cd488,NORTON,Norton
cc:bd9bbfb7-974a-4d12-bb37-78f4f03ca873,TUCSON,Tucson
cc:bd9e2c90-65ef-4cd0-81bb-9961ebe1da70,GILBERT,Gilbert
cc:bdb4dd88-0925-4d49-a1ed-e7efeea91531,FORT OGLETHORPE,Fort Oglethorpe
cc:bdbb92b1-3cd4-47e7-ba61-662a5a09e32c,SIDNEY,Sidney
cc:bdc48bfd-ce24-4fa1-a4ca-31cb49d2e440,HASTINGS,Hastings
cc:bdcf109b-c30a-4096-8a1a-9fe2c8937acb,HURON,Huron
cc:bdf3e172-3c00-42d6-af02-675207606311,BEL AIR,Bel Air
cc:bdf73561-af22-4ebb-9fc2-f215e400e267,WAUWATOSA,Wauwatosa
cc:be065198-c005-4314-b9b3-17d8c6c5fc4a,CLAXTON,Claxton
cc:be0b5b3e-a269-410a-b2b3-ecd2e276c65a,HOXIE,Hoxie
cc:be17bc44-1f7c-48b4-8c22-78dd972d2560,IRONWOOD,Ironwood
cc:be1ad8c7-15d1-4a56-8e81-1d6269b8648c,ROCKFORD,Rockford
cc:be2073f7-eed3-419a-9875-a775ec8ac3fe,MOUNT PLEASANT,Mount Pleasant
cc:be273794-047c-484b-b407-02766869643c,EUTAW,Eutaw
cc:be2b7c05-4730-4936-a66e-db2ad551f30d,SYLVANIA,Sylvania
cc:be2c2790-74c2-4ef4-aa1e-e7ade152a8f5,NORWAY,Norway
cc:be347db0-a701-4fa4-b702-c4568dc7222b,BRYANT,Bryant
cc:be36f53b-e572-4bed-9fbb-fa2525712a00,GENESEO,Geneseo
cc:be4db1c5-5c67-4924-b172-4b5c9e19dbf6,CEDAR RAPIDS,Cedar Rapids
cc:be517efa-1488-4f25-9aa9-ee7bc54ea3f6,WEATHERFORD,Weatherford
cc:be5af7f2-0bfa-4d56-a071-1136155f2993,OCALA,Ocala
cc:be5b86b5-a3e1-44ef-aa23-1094e887f227,KENEDY,Kenedy
cc:be669ba9-5ef7-41e2-95af-d839f41c52de,WEIRTON,Weirton
cc:be847066-8a5a-4034-aa22-81a789adbb93,RESEDA,Reseda
cc:be8fae41-790e-4645-8912-022b5864de73,FORT PAYNE,Fort Payne
cc:be93b8d6-917d-4ec5-928e-1b4cbc6700c1,ROSEVILLE,Roseville
cc:be9ed665-055c-4196-8f82-03f5a96bc296,CINCINNATI,Cincinnati
cc:bea928e8-4f69-4e02-a020-cb83c6410971,WEST JORDAN,West Jordan
cc:beb34467-8e06-48c2-a32e-4582af05957f,STUART,Stuart
cc:bec044e2-bc02-46a1-8d6b-bf1a9dbdaafe,WILMINGTON,Wilmington
cc:bec0c2a1-0feb-40d0-a94a-02017be2a5e1,SEAFORD,Seaford
cc:becbacd3-7ffe-4498-9efc-2bc0cfe6f764,WILMINGTON,Wilmington
cc:bed69ac9-ecfd-41dd-9328-57877b77846d,ST THOMAS,St. Thomas
cc:bed99826-8a36-4ba7-a57f-4c6c525dd4fe,DANVILLE,Danville
cc:bedb5e23-a2ff-4790-9c2f-9611483c4f2d,PHOENIX,Phoenix
cc:bedc4d45-cee8-4e24-b6f8-5b077ba6789f,SAN MARCOS,San Marcos
cc:bf01db82-02af-4099-8f26-4d655f7a5ee0,WILLIMANTIC,Willimantic
cc:bf048d35-cfd2-4401-859e-d9f27b3b8f4e,ROUND ROCK,Round Rock
cc:bf0604f7-c301-4981-bb09-91ea407c4d4c,BRIDGEPORT,Bridgeport
cc:bf097f6a-1117-47f5-a9a1-3a15d4b22ad5,OKLAHOMA CITY,Oklahoma City
cc:bf1d4618-8f1e-4293-bb3b-43c06fe835a6,LOUISVILLE,Louisville
cc:bf437b7a-6cf4-4cc7-875b-d376a3767c66,WILLOUGHBY,Willoughby
cc:bf59e466-307b-4688-a31d-3d72a331187b,HUNTINGBURG,Huntingburg
cc:bf5b7e05-69a5-4e2b-b793-4b775134c88d,CLARION,Clarion
cc:bf5e935e-9447-4e9f-8136-b10b46a787e1,JACKSONVILLE,Jacksonville
cc:bf651590-a6c4-4164-8c61-cc48700b0189,PAGE,Page
cc:bf6c0f85-b12f-48af-9679-1f6a525ff958,ORANGEBURG,Orangeburg
cc:bf6fe53e-7f4e-4c1b-8732-81c6fbdc9f48,COMMACK,Commack
cc:bf80b63e-8c04-4d30-93f1-77a7a36addad,TRUCKEE,Truckee
cc:bf811e00-ee13-42b3-b178-11222e475e48,SPRINGFIELD,Springfield
cc:bf882276-0411-4c23-8844-9dac2affda9a,CLEBURNE,Cleburne
cc:bf8d6249-2960-4c51-9f0a-f8573b473b37,EDISON,Edison
cc:bf98e4c5-1b1f-4ffd-afc1-b90e83350e90,MILAN,Milan
cc:bf9bc00d-2f86-44b0-bd42-d547c4d1b4ed,NEW YORK,New York
cc:bf9e6950-5384-44bb-ae13-60ea37379463,FAIRFAX,Fairfax
cc:bfb08cd3-93e0-4499-ad40-0be171d98e3f,SAINT MARYS,Saint Marys
cc:bfb1696b-e991-4560-bf4e-30c1ab06b03d,SALT LAKE CITY,Salt Lake City
cc:bfb472dc-4b98-4033-a945-f72297bb2c4f,LA MESA,La Mesa
cc:bfbbc5a4-38ff-4a27-b6ef-eadec501094a,BRONX,Bronx
cc:bfcca4c5-311d-4424-9d0c-d62bb237a59e,SACRAMENTO,Sacramento
cc:bfcd0366-3334-4ab4-a0fe-23628d044a8a,OCONTO,Oconto
cc:bfceaa2a-814b-469b-87fd-95d5b806e180,VICTORVILLE,Victorville
cc:bfd12bbb-ebc5-44de-a9c1-dbd91df8f319,OMAHA,Omaha
cc:bfe01ce2-f82c-4591-bf02-3704b5859252,REDFIELD,Redfield
cc:bfe0ea0a-7be7-4337-81dd-9e144073a969,LAS CRUCES,Las Cruces
cc:bfe1ccff-6bb0-422a-b427-30250e65cb73,NEWBURGH,Newburgh
cc:bff1977d-ea8b-4f33-b038-771cbc141054,OKLAHOMA CITY,Oklahoma City
cc:bff91313-1d24-4677-b5fd-1dbd1d5e2eb8,KANE,Kane
cc:bffa8e3d-dcb6-45f0-a2c6-cf546cca6e8f,ST MARYS,St. Marys
cc:c000020c-92df-4921-8ef3-d2b105b14f47,HOLLY SPRINGS,Holly Springs
cc:c00c2c88-5a0c-4a8b-b824-e689b6137f98,DALLAS,Dallas
cc:c00fcb04-d845-4556-85d0-64b0f56b1ffe,WILLIAMSTOWN,Williamstown
cc:c0152355-d166-416c-964a-ca8f99298175,VICTORIA,Victoria
cc:c016efc7-630a-4f31-abf0-f05999628042,VICTORVILLE,Victorville
cc:c0181e83-921c-4bdb-aeac-e778b8907d89,OCONTO FALLS,Oconto Falls
cc:c022ccfb-f6fb-47ca-9cdb-b061953f227d,LAFAYETTE,Lafayette
cc:c023f50c-2d0e-45a2-b197-8385c96607d5,ORANGEBURG,Orangeburg
cc:c02c86d8-fd35-4461-bfb0-6af6f8343ef7,BREMEN,Bremen
cc:c036015b-b7ff-48da-99b0-fb4d38153f7d,JOLIET,Joliet
cc:c036bdff-524a-44c8-918b-ec10ba923ed9,HEBER,Heber
cc:c03e6a94-7dfa-4c02-804e-138fc1105f8c,HARLINGEN,Harlingen
cc:c056b2dd-9d66-4f3f-8943-0fb17664f8a7,ODESSA,Odessa
cc:c065f611-827a-4463-999e-8c23ee357c0e,ORANGE PARK,Orange Park
cc:c066590f-810e-46d9-b900-a0609529f6c4,PRESCOTT,Prescott
cc:c07799af-16d3-4749-be39-a1312150327e,BULLHEAD CITY,Bullhead City
cc:c084f8f3-c097-4676-90d5-d3ecebb2db7a,AUBURNDALE,Auburndale
cc:c0877d68-658b-4342-a1aa-d9b8b5dfc749,TULSA,Tulsa
cc:c088a0dd-4451-4bb7-9682-25a39ff19d10,CHARLESTON,Charleston
cc:c08daf46-30c2-4b4c-aab9-e996cacea9ee,ESTES PARK,Estes Park
cc:c09bb1a7-5a6a-469c-84fb-0c40ce26a585,CARROLLTON,Carrollton
cc:c0a48e04-2961-4793-be29-45a36671cd28,PAOLA,Paola
cc:c0b0c066-5876-49ab-a618-e9acd742cf55,PITTSBURGH,Pittsburgh
cc:c0b318eb-d278-43c9-83f1-6ef47d702e77,BRANFORD,Branford
cc:c0bf00d9-3f77-4da0-ac6a-85feb932b777,WINNEBAGO,Winnebago
cc:c0c5a3d6-c9a7-43fb-b2d5-58766b16d516,MARSHALLTOWN,Marshalltown
cc:c0ddf6a4-46e4-4664-aab2-884ce7679e81,KENTWOOD,Kentwood
cc:c0deabf4-f9e3-407f-8905-5b802fa5bc4c,CLARKSBURG,Clarksburg
cc:c0dfb19f-baf9-4a24-8b19-eae8880a3f43,SAGINAW,Saginaw
cc:c0e4149a-54db-48e1-8242-ef7717ae6873,OVERLAND PARK,Overland Park
cc:c0f08cd0-c102-495d-97ec-71eb5823dd5a,HASTINGS,Hastings
cc:c101cadf-7ce0-4a99-8c7d-51100791ac90,SANTA BARBARA,Santa Barbara
cc:c10bb769-91e9-4ee3-ab16-6c55e764f12e,TOWANDA,Towanda
cc:c1177dd9-2196-4ac3-b992-e34c98cd6ece,LOS ANGELES,Los Angeles
cc:c11b6cef-4373-43cc-b07b-5fe07dd2208c,STANTON,Stanton
cc:c11fd696-4955-436e-a7b0-270d07f0c14d,OAKLAND,Oakland
cc:c1237372-e71d-4fb0-b100-eba7ab3cf809,DES PLAINES,Des Plaines
cc:c13419a1-012e-491b-9876-8858bd43d6bc,WEST LAKE HILLS,West Lake Hills
cc:c139e9c4-e54b-4cbe-9662-d91f17810970,JACKSONVILLE,Jacksonville
cc:c13ace56-5ebc-4e9d-9e25-8246772e0f89,CORRY,Corry
cc:c13c897b-a47f-419f-b7ac-f9b1cd80f7a3,MACON,Macon
cc:c148833f-3896-40f7-8072-2e9b8e778b6d,BELMONT,Belmont
cc:c1539ee7-41fc-46e0-8bed-244ac354c7da,WORCESTER,Worcester
cc:c155ac5b-ca75-4861-a7c7-74793a421431,DULUTH,Duluth
cc:c15f86c8-c0e9-43ac-8129-38f4857e6ad3,COLUMBUS,Columbus
cc:c1792fbf-c7c1-4377-ab92-7298f8ff7089,SAINT CLOUD,Saint Cloud
cc:c189a412-6278-4c09-8937-0595ecb93ca1,BURKESVILLE,Burkesville
cc:c18ae305-66db-4f17-8460-7735660825cc,CHILTON,Chilton
cc:c198dea9-9a6d-4935-8dcd-9eddc84ae10b,NICEVILLE,Niceville
cc:c1a45d4a-b275-4b3e-b645-caf5f31e59cd,CHATTAHOOCHEE,Chattahoochee
cc:c1be1185-68a4-4650-b400-232d37cf1e1f,FLORENCE,Florence
cc:c1ca5ee4-1865-4f21-98c3-3cc1141a100d,LEXINGTON,Lexington
cc:c1cb0d39-79a4-4c81-aa32-02a12f5d1707,PHILADELPHIA,Philadelphia
cc:c1cbea82-4ca8-4074-ae05-67036e443b8a,ALBUQUERQUE,Albuquerque
cc:c1e5e82c-572d-41b0-abb6-a9cebbbe04e4,YOAKUM,Yoakum
cc:c1ebbc43-dd27-4926-85e1-72ad545dfcdc,MOUNT SHASTA,Mount Shasta
cc:c1f4f40b-3e02-4671-b267-57c9051e9c37,ANDERSON,Anderson
cc:c1ff8d8d-68b7-425a-91c5-dc6232dbb8f4,SPRINGFIELD,Springfield
cc:c207a3c3-0a4f-4c2c-b156-622726c56871,FORT MYERS,Fort Myers
cc:c20e4e9c-4394-45fd-90c0-ec6dff0e4c1f,CAMDEN,Camden
cc:c219fdf8-0b4a-443e-814a-b1bd2da56d8c,PARK FALLS,Park Falls
cc:c227387d-c62a-4751-853d-7afc2248ed17,MORGANTOWN,Morgantown
cc:c23498ba-b313-4804-a309-c2eca441cd8c,SAYRE,Sayre
cc:c240099d-d7f7-42c5-a902-cb5576174629,NASHVILLE,Nashville
cc:c248f880-b6d4-42b2-ad80-db47796e192c,TEMPE,Tempe
cc:c24bd4c3-4705-4910-9131-298f92e1bc4f,STUTTGART,Stuttgart
cc:c2535955-c6aa-4b88-ae2b-11bd9d68cc6b,LAS VEGAS,Las Vegas
cc:c25b4054-9f12-42d0-98f4-212a2aca7138,QUAKERTOWN,Quakertown
cc:c2645dff-ff3e-445c-bd7f-1bd3f4591c2c,TURLOCK,Turlock
cc:c268fd9e-5223-485a-bcaa-fa9cfd5a859a,BRIGHTON,Brighton
cc:c2747702-437f-4926-80b2-2b0d4d0987f0,WINCHESTER,Winchester
cc:c27e461d-4c5a-47a7-bc59-37b59bbfff91,TAYLORVILLE,Taylorville
cc:c29f26af-6f12-44ab-9bcd-f4dd3ac37af2,PAPILLION,Papillion
cc:c29f6c11-52f6-46b8-8e76-6c21239b156a,MADISONVILLE,Madisonville
cc:c2af99ab-cad0-4c3b-bb4f-4d9b69bba358,DALLAS,Dallas
cc:c2b5c4a4-e259-4e04-9caf-089564e8db58,CENTERVILLE,Centerville
cc:c2ca77fc-366c-4dcb-b8a1-5496a1c08a51,LOWVILLE,Lowville
cc:c2da4057-2069-4dae-aa18-8b3bfbbbbc4c,HARLINGEN,Harlingen
cc:c2e65b90-b6f5-4ba5-b03d-41f34e579e17,HARRIS,Harris
cc:c3060121-e665-4e92-b27f-f322d4d01873,LOS ANGELES,Los Angeles
cc:c3134314-1375-4e26-8573-48f4914d160d,CORAL GABLES,Coral Gables
cc:c32299b9-edce-48e9-8a84-46af057d9b9a,ANTHONY,Anthony
cc:c3290375-c4f2-4536-9330-3e99ff358843,NEW YORK,New York
cc:c3293c52-a84e-4472-8c3f-a075df1c2bc7,MONROE,Monroe
cc:c33e69f7-1674-4690-86e9-587c9a3cefc8,ROCHESTER,Rochester
cc:c342f2c3-5d13-4d0a-98e5-89e9d34b7483,PAWNEE CITY,Pawnee City
cc:c349ad4a-9828-4999-884b-cb79b5acb840,ROME,Rome
cc:c34a88ea-9254-4cb5-975b-56bdadcc85b2,SANDUSKY,Sandusky
cc:c34bcf05-a735-4c58-acb0-f9711404fa5a,BLANDING,Blanding
cc:c36c6da5-4e83-4436-b385-b5658535a9d3,TONASKET,Tonasket
cc:c37c6913-3e7c-456c-bde4-8f650ad20d24,HUNTSVILLE,Huntsville
cc:c3850166-372d-4e03-800a-6c89e556f8f5,OCOEE,Ocoee
cc:c38e027f-f31f-4f90-8bb4-e5cc5c736637,AUGUSTA,Augusta
cc:c392ec94-cc80-4dcb-8870-cffcd7263d9a,TULSA,Tulsa
cc:c39948f1-aec2-4af2-b9cf-e4a0fdec6c45,LAS VEGAS,Las Vegas
cc:c3a19613-137e-4eb1-b86c-09289aca016c,READING,Reading
cc:c3aef01f-3a97-410d-8128-51c737486b8e,JUNCTION,Junction
cc:c3c0614d-3291-4673-b3c4-331bf10f5870,WAVERLY,Waverly
cc:c3d42bbd-8dcd-4f42-a99f-1997959c1730,ELGIN,Elgin
cc:c3d54094-6681-414e-acc8-5b97fbda6669,GRANBY,Granby
cc:c3e0c78f-3d1b-41c0-aeb4-7a87fa9097ca,CHERRY HILL,Cherry Hill
cc:c3ecb83f-36fe-4d87-9f4e-95d85705055a,FT. THOMAS,Fort Thomas
cc:c40038ad-d7da-490d-bbaa-9bd7b2794f84,NEWBURGH,Newburgh
cc:c40bfd01-1770-4624-b069-8c60f46ec8a1,ANAHEIM,Anaheim
cc:c4137530-b23d-48cf-ac33-ff1eced5a1a9,COLUMBUS,Columbus
cc:c415d6c0-349c-41ef-b332-12e7c2add09e,FAIRMONT,Fairmont
cc:c4268702-99f2-484f-9e68-5c339d1e4c38,JACKSONVILLE,Jacksonville
cc:c44a159e-1c91-488e-965d-555903ac6886,HOUSTON,Houston
cc:c45ab645-523e-444c-9652-cb29a4a0f1bf,UNIVERSITY HEIGHTS,University Heights
cc:c463c4ee-eb2a-47cb-bd5a-16a7c1d37a50,PUEBLO,Pueblo
cc:c467bfbb-3418-4878-89c9-85cf68d166a0,TUCSON,Tucson
cc:c46c4196-ea10-4a76-afda-c5f2ad2e5ab6,ST. LOUIS,St. Louis
cc:c46f9a48-f306-44b6-bf13-b8191592b9bb,JANESVILLE,Janesville
cc:c473a25e-d595-4d73-bfad-cf2f27681715,OREM,Orem
cc:c47cd44b-6738-4fbb-85b0-1b365fe7ae69,GANADO,Ganado
cc:c48aecdb-4ea7-46cf-8681-87c4a0082c63,PLANTATION,Plantation
cc:c48b88ab-3106-465d-b5c4-3bd696f3d87f,ONEIDA,Oneida
cc:c4903daf-fb3f-4ab0-a7a0-aba5370c71f2,ROCKINGHAM,Rockingham
cc:c49580a7-3489-47fa-92ea-58c70a303ccb,SWEENY,Sweeny
cc:c4998661-ec9b-4014-b6bb-7718f86c7279,THE WOODLANDS,The Woodlands
cc:c4a2d3e5-c008-41af-9a82-13cd1db93806,FREDERICK,Frederick
cc:c4a50da5-ece3-46db-9fcf-2a87180e3684,TEANECK,Teaneck
cc:c4a6d947-d948-46d4-ac4f-2459dc3e430d,OKLAHOMA CITY,Oklahoma City
cc:c4c7790c-c510-4405-aeee-7902c1b8b532,MILLEN,Millen
cc:c4cab7be-ab6d-4d65-883b-0bcff10304c4,HOUSTON,Houston
cc:c4ce2785-a612-4a61-8142-a682a2bea568,PHOENIX,Phoenix
cc:c4d1ad4c-9fbd-49da-a7c9-fe709d8ba965,LAS VEGAS,Las Vegas
cc:c4d620b5-ceb1-4c31-b634-56349a587e3c,IDAHO FALLS,Idaho Falls
cc:c4d86ba5-ed3e-4590-96d7-527e092091e1,CONCORD,Concord
cc:c4dd82f6-f57a-47e7-b1ce-b23a6c71652c,LAMAR,Lamar
cc:c4ee6f22-af3f-42ff-8955-393f799f97e6,BEAUMONT,Beaumont
cc:c50130af-e6d2-4a31-95e8-8f07c2b7922b,ORO VALLEY,Oro Valley
cc:c50bba05-ace7-48ab-9282-166a83e5af19,DAVIS,Davis
cc:c513db1a-b449-4e90-8a81-6d016d5b58bb,MOUNT PLEASANT,Mount Pleasant
cc:c51a475c-61c0-46b2-8dc2-a61e8a1ae24f,CINCINNATI,Cincinnati
cc:c51ab396-33f1-46b4-af9c-93585fbf5878,PERRY,Perry
cc:c52ec211-3f7a-4d31-a569-eb1c7f28b7f0,ANDREWS,Andrews
cc:c558703f-4cfc-43a6-9778-aeb2827bd819,STERLING,Sterling
cc:c55bed00-8cdd-443d-8386-da9925cd9bf8,ARLINGTON,Arlington
cc:c55d8e1a-c248-41b2-8bda-c640db509c79,WALTON,Walton
cc:c570d1f5-d8da-4161-8d18-dfab707ac93c,BUFFALO,Buffalo
cc:c59caf65-284d-4dee-bc45-5e1d22aa7ee5,LAS CRUCES,Las Cruces
cc:c59e4d63-c21a-4dae-87a9-754c1f49550e,JEFFERSON,Jefferson
cc:c5a0d0d1-349a-47ff-8f08-c423c099c3f4,BRONXVILLE,Bronxville
cc:c5a568e8-3eca-4a68-9c29-fa75b23c74d5,ESPANOLA,Espanola
cc:c5aceb23-9ada-48e0-bef4-59f6ae15a70e,RUSTON,Ruston
cc:c5baace8-1067-49d4-90f3-bb094cd5207f,PUTNAM,Putnam
cc:c5bb7ae3-502b-4854-9f55-289d83665539,JEFFERSON,Jefferson
cc:c5be18e5-866f-4c65-a84b-9a3ab7efdf41,TEMPLE,Temple
cc:c5c57d6f-c531-4f87-ba95-5bed4d3276e8,NORRISTOWN,Norristown
cc:c5dc1743-7f54-44b1-914d-b8bc08886a88,HENRYETTA,Henryetta
cc:c5e2df13-a046-48e9-bb61-06b47e686890,WYNNE,Wynne
cc:c5ec98c3-515e-4fb5-b1bc-ff57d44ccc0b,MACCLENNY,Macclenny
cc:c5efd106-8630-4a44-b9f4-441723e26760,CUBA,Cuba
cc:c5ff8283-ec96-44de-afa8-ee094828f45d,ROTAN,Rotan
cc:c612c568-1e31-4b70-82d5-192c2077a852,DURANT,Durant
cc:c63c3212-0c56-4435-bda9-ddcb3bd1f206,SHERMAN,Sherman
cc:c6594890-24e5-40a6-89b7-ca8078724b8f,TWO HARBORS,Two Harbors
cc:c6631346-81a4-4e76-a0d5-3793a1a720b5,PALATKA,Palatka
cc:c6774cad-eeac-433d-bc76-ecb8f33a6d9d,FORT SMITH,Fort Smith
cc:c682daa5-dfda-4ade-9b68-8e3be56928c0,DANSVILLE,Dansville
cc:c695e585-14b7-4607-a7c9-92db3a765ea2,FERNANDINA BEACH,Fernandina Beach
cc:c69bbecd-3be8-41b0-9c50-52dd82037798,COCOA BEACH,Cocoa Beach
cc:c69eddb4-7f68-4e2f-b5b6-8c74bb3ed0f4,MOUNDRIDGE,Moundridge
cc:c6ab3ad3-67a2-4868-9574-5c6b8fcd818a,JACKSONVILLE,Jacksonville
cc:c6aedc20-41b0-4e39-a55e-b9fdd3ad8931,PHOENIX,Phoenix
cc:c6bbfdef-026a-4c13-95c0-cc226ae14acb,GREAT BEND,Great Bend
cc:c6d1d83b-d891-4de2-9565-c82ab6bde35a,LOS ANGELES,Los Angeles
cc:c6e8f9fb-2712-4b7d-b2bf-ed2cc35ca8a1,RATON,Raton
cc:c6eba304-2907-4dcb-a4ce-aa7f33e995c0,LENOIR,Lenoir
cc:c6f158de-c804-4370-b8c3-fda1c30a0bd0,PEABODY,Peabody
cc:c6fcd31b-55f4-4e1f-bc5c-ba220b6b75d2,CARMEL,Carmel
cc:c70e2613-810e-41fd-a9db-421139277eba,MERIDIAN,Meridian
cc:c732f4db-57db-45d3-b58b-9cdc257ca001,TOPEKA,Topeka
cc:c738a02b-086b-4290-bcf5-eab730d80710,PONCA CITY,Ponca City
cc:c746e70c-aca4-4d49-b20b-d5bad064c7d0,PASADENA,Pasadena
cc:c7654939-51e6-417e-ab6c-45cddef3f7a8,CONCORD,Concord
cc:c7671cdc-a7dc-4824-b7fc-5213ed17ce04,GREAT FALLS,Great Falls
cc:c77038cc-44f4-46bb-9330-cda80a4803f5,BALTIMORE,Baltimore
cc:c77931db-bc7f-430e-a01d-22c7b8bec5aa,KETCHUM,Ketchum
cc:c78b14a8-e339-40e4-ae35-706af8740182,TAMPA,Tampa
cc:c78d81ee-d6a5-4ab2-88b3-03d82c91b546,MAITLAND,Maitland
cc:c78dd0f3-a98f-419e-a257-3f34afc58ff3,SAINT IGNACE,Saint Ignace
cc:c78e533c-b53d-4b4c-8653-737559e39eb2,CARTHAGE,Carthage
cc:c79bad0f-cdfa-4925-89e3-6a005ba49aa0,DEWITT,Dewitt
cc:c7a63201-6c41-4797-8956-15f35f423b62,OKLAHOMA CITY,Oklahoma City
cc:c7ac47c4-853e-4432-b302-4531f67f8ced,KISSIMMEE,Kissimmee
cc:c7adb594-959a-4909-905b-fb32d8b4f871,CLAREMONT,Claremont
cc:c7b3a6e4-2028-4aa7-bdde-e66cb0be1a35,RICHARDSON,Richardson
cc:c7c364d6-1938-4532-9b6b-9ce4445b4eb4,RIVERVIEW,Riverview
cc:c7d10d5f-93db-4de8-96f0-01de139163d1,MONTICELLO,Monticello
cc:c7d14bbd-85e9-4567-a038-6981e241b328,PASCO,Pasco
cc:c7e63537-0002-407c-a269-5840f88f0cb6,PRAIRIE DU SAC,Prairie du Sac
cc:c7e74f1f-f402-4a2e-8baa-2e138cfba4b0,WILLIAMSON,Williamson
cc:c7f17866-cf41-42b1-974a-295324134208,TAMPA,Tampa
cc:c7f267e1-7430-4ae4-9e25-d943c89a7c03,WAUKEGAN,Waukegan
cc:c7f783e8-afdf-4402-aef7-659cf4706864,IRMO,Irmo
cc:c7f9a876-0234-4f97-b89a-fc6937922ee5,SILVER SPRING,Silver Spring
cc:c808d39d-5884-439d-8454-34b78e4a9e80,MARION,Marion
cc:c824830e-e591-4a8f-a15a-7ba5c00e4d56,SMITHFIELD,Smithfield
cc:c82f5c17-cb67-4952-bb1c-eb9a78eb28a9,LUBBOCK,Lubbock
cc:c837ee61-aded-4f53-8943-c240897cf179,BETHANY,Bethany
cc:c84fd2b0-1593-4a63-9549-f7a13cd7cba1,MARYSVILLE,Marysville
cc:c857fbbd-a4e5-4190-940e-4e1e80d49197,ALTOONA,Altoona
cc:c86dfe89-dd49-41e9-b431-2babb8b25d68,GREENCASTLE,Greencastle
cc:c86e334c-fc7b-43dd-937b-63bf7341c56a,SOLDOTNA,Soldotna
cc:c884df3b-d345-4757-aca3-8684f4e336df,SCHENECTADY,Schenectady
cc:c88cae5e-9bd2-4aa5-b10d-ac21c09d364d,BURLEY,Burley
cc:c88f8fcb-495a-46af-9f4f-c6d42a9df1d8,PEWAUKEE,Pewaukee
cc:c88fa182-7c4c-46ee-b3b4-d0168fd08411,MACON,Macon
cc:c89ff25b-b2eb-4d3e-bdd7-45a421c1486f,RALEIGH,Raleigh
cc:c8a58e38-5aeb-4322-89d2-d675da55d0c3,ALBUQUERQUE,Albuquerque
cc:c8b2b4dd-de91-4bf7-ab10-5e971d17b646,MEADOWBROOK,Meadowbrook
cc:c8c978fd-4e5d-41bd-8740-cabb339163f5,GLENDALE,Glendale
cc:c8de0025-b798-4d79-8ebf-ec9d0909e206,TOLEDO,Toledo
cc:c8fbbb39-af26-49bc-812c-a5c0730ddd3a,BARDSTOWN,Bardstown
cc:c8ff39a0-2762-4901-a8bd-526e3c9c2d64,ACKERMAN,Ackerman
cc:c8ff5b76-6b78-4050-823e-329fccb8d786,BELMOND,Belmond
cc:c9026dee-5d9e-4eac-82ce-1bbe67e6f719,TUCSON,Tucson
cc:c905813d-4423-4a96-81c0-798846e15180,GRASS VALLEY,Grass Valley
cc:c905ccec-4af3-4153-b938-fbddea8326ef,BIRMINGHAM,Birmingham
cc:c90649ab-3139-4414-b8d7-b183a66ae288,BATON ROUGE,Baton Rouge
cc:c907a6b9-a2ba-4355-aeb8-3612332af434,OXFORD,Oxford
cc:c90dc1a5-496d-4911-84c6-c3bb2a660b13,JOHNSTOWN,Johnstown
cc:c915beec-7003-457f-ac03-ae871a2d5674,SYRACUSE,Syracuse
cc:c91b5dac-cc72-4a3e-a37d-b0f3534c04e1,BASKING RIDGE,Basking Ridge
cc:c91b73e1-452b-4ff2-89ad-29b0a9296fad,BOULDER,Boulder
cc:c91e542b-999f-4c2f-962d-f56520a8d239,CEDARTOWN,Cedartown
cc:c92aaaf1-3422-49a5-95d7-25fbcf11f5f1,MARLBOROUGH,Marlborough
cc:c930e1fb-41a5-4d05-918e-00d96bedf787,LAGRANGE,LaGrange
cc:c949df31-c7a5-4415-bf9e-fc234c5a1646,ROBINSON,Robinson
cc:c9520420-ab81-487f-a544-ec0c13c1e5e7,BAY ST. LOUIS,Bay St. Louis
cc:c95826dd-ea54-4399-8d1a-1d727addebdc,COLUMBUS,Columbus
cc:c95ed708-26b3-4b4d-81ef-d403d08760ea,DOVER,Dover
cc:c972c266-36e4-4354-96e2-34c67b0cb5fb,ALLENTOWN,Allentown
cc:c981ea2e-a087-40f4-95a2-c342fde45fc0,SHEBOYGAN,Sheboygan
cc:c984aec9-802b-4b80-bfb1-2126e0cf12e1,SHREVEPORT,Shreveport
cc:c98b2ff5-0eb7-40bd-b85c-92c9ef4801fa,JOHN DAY,John Day
cc:c998a807-c1cc-45ab-a520-23c5131bde1a,BONNERS FERRY,Bonners Ferry
cc:c9a9b0a3-b1b5-4293-9a57-a37e7123aac3,NEW ALBANY,New Albany
cc:c9ace6e8-c9e0-4701-81df-3daab2e22919,HUMBLE,Humble
cc:c9af98cb-63a7-4c0f-b7e5-53e185d72b9f,BENTON,Benton
cc:c9b00c52-ae78-4b32-a401-5de66331c71c,GAINESVILLE,Gainesville
cc:c9c27d63-fbec-4b17-ae1a-3c3a3405bbd7,LAS CRUCES,Las Cruces
cc:c9c625c9-d818-4808-93a8-3a5ef37f7d0d,MADISON,Madison
cc:c9df8f82-fd9a-42cb-bb19-f6397472e46a,HOUSTON,Houston
cc:c9f6e545-800b-4807-a8ed-e6f3f1a999f2,CLEVELAND,Cleveland
cc:ca0e438b-ea33-469a-b2dd-aa7fe53e02f0,DOTHAN,Dothan
cc:ca200458-126a-4849-afc7-314cfd2b4737,PHILADELPHIA,Philadelphia
cc:ca206b5b-c5b4-4905-97eb-a0a5329e5427,SMITHFIELD,Smithfield
cc:ca291712-4d95-440b-992e-c936d7b98418,CHATSWORTH,Chatsworth
cc:ca338bd5-5a28-4a69-a858-20c45aa7c375,KISSIMMEE,Kissimmee
cc:ca49dcf9-0196-4e3b-9ed2-7bf585ed183c,ABERDEEN,Aberdeen
cc:ca4e9372-f6f1-472f-a59e-272883f39625,OWATONNA,Owatonna
cc:ca56c99d-a56b-4c7b-8b10-407734a46517,INGLEWOOD,Inglewood
cc:ca69f7b1-46b0-4763-834e-a8a35088120b,SUFFOLK,Suffolk
cc:ca69fbe6-a879-4e97-9b10-605739b51efb,ORLANDO,Orlando
cc:ca706e46-fa14-4412-bc27-ebcd683a8318,CHICAGO,Chicago
cc:ca7dad8a-61f1-44cc-be06-1f45df13b34b,CALLICOON,Callicoon
cc:ca8ad676-ef2b-42f7-9ad2-85f3a4ad02f3,CONCORD,Concord
cc:ca900c53-3c13-48d1-bba1-dfa109e4e0b4,OKLAHOMA CITY,Oklahoma City
cc:caa0f94c-d354-43ca-81a4-0d6bfa07862d,SCHERTZ,Schertz
cc:cac34a64-ffed-4e30-bbb5-cd01a57e3e16,NASHVILLE,Nashville
cc:cac88aa1-a4a1-4c11-a595-3c7f0e51abba,ARLINGTON,Arlington
cc:cace9779-74f5-47e0-9595-8e1e4d65c3b6,MISHAWAKA,Mishawaka
cc:cad26209-b5fc-42e6-ad7f-06f6d88d972c,KALAMAZOO,Kalamazoo
cc:cad55541-f1d2-4496-a507-e116a59e7b00,GLASGOW,Glasgow
cc:cade0674-9926-40e1-b6c7-c08a992c6023,GRETNA,Gretna
cc:cae2aab0-7e08-467f-87c1-f3326a0afb70,RICHMOND,Richmond
cc:caeff2b2-f402-465e-a393-0df120abfe26,NEW ORLEANS,New Orleans
cc:cb04d1c7-a535-4b2d-9f7e-5b51fcdfe3eb,JOHNSON CITY,Johnson City
cc:cb0775e1-cd77-4be8-b70b-478998215103,COLORADO SPRINGS,Colorado Springs
cc:cb30c6dc-a6b5-4484-81b0-6331a751ecea,ELBA,Elba
cc:cb32faa7-3b32-4ddc-a507-61b05f482eb1,GAFFNEY,Gaffney
cc:cb357a1b-6388-4f83-b05a-da326a59bdbf,RICHMOND,Richmond
cc:cb4eb6f3-203b-45b8-982e-8d4be05ed328,LAKE GENEVA,Lake Geneva
cc:cb569e25-2497-481f-8c11-dfebcdf8042f,OKLAHOMA CITY,Oklahoma City
cc:cb5a7570-9262-4149-86eb-f4c81ba3bc1f,PAYNESVILLE,Paynesville
cc:cb679b12-f10d-4e46-b8e9-4587f23b4cfe,SAINT PETERSBURG,Saint Petersburg
cc:cb685dd3-65b1-4b1d-ae36-3d3b2c6e67cc,PITTSBURGH,Pittsburgh
cc:cb7c6b57-01d4-4e97-8789-81616dfe1106,PASADENA,Pasadena
cc:cb986f96-d54f-4db9-88d1-48bebb6633e0,ADDISON,Addison
cc:cb9d331f-5fa2-4a8a-9323-b68fe270fe9a,SPRINGFIELD,Springfield
cc:cba45a95-25f5-48bd-bfe0-a683e126bd28,LAFAYETTE,Lafayette
cc:cbb15a69-9935-4ad4-af8e-d5387a38663d,OKLAHOMA CITY,Oklahoma City
cc:cbb61e9f-d01c-451d-bb3c-93296fdae163,MOREHEAD CITY,Morehead City
cc:cbc6f946-700e-4a58-a6a5-248c43665b13,LAS VEGAS,Las Vegas
cc:cbf753aa-ad70-42d3-b365-47e217c7123a,DENVER,Denver
cc:cc026e81-d151-4f39-bc3c-e84ce5a104e2,BIRMINGHAM,Birmingham
cc:cc03049e-0e70-483e-8e9d-7f094c4f486b,ALBUQUERQUE,Albuquerque
cc:cc0888fc-ccbd-4c7d-87a6-4b6b027458eb,SARASOTA,Sarasota
cc:cc095bcc-b384-4283-b91a-5bb98d1ae4f4,BEE CAVE,Bee Cave
cc:cc0ba914-0744-477f-b117-cdddd4f83660,SKOKIE,Skokie
cc:cc140d57-8cb7-4d78-b299-df80f7043aa1,POST FALLS,Post Falls
cc:cc147c68-3917-4f72-8f82-c89c3d598349,WILLIAMSPORT,Williamsport
cc:cc164350-cbda-4568-8616-a3b03a4f34c4,FORT COLLINS,Fort Collins
cc:cc1837e2-0de8-4c44-9427-5f2bcae53728,RICHLAND,Richland
cc:cc1a20a4-ac1f-4dcb-8382-7c6c431bd80b,PANAMA CITY,Panama City
cc:cc23f983-59ce-44e8-a169-dc75d3a06d1f,LAKE PLACID,Lake Placid
cc:cc3ce20e-8d6a-419e-9fba-bf22a4e72508,SAGINAW,Saginaw
cc:cc5854d0-641e-4d6f-9179-b92ecbd3ddd3,RICHLANDS,Richlands
cc:cc79b8d6-6df8-44f5-aa3c-b87203b81d2c,PARK RIVER,Park River
cc:cc7fcbe6-bb74-4828-9a57-f015fc955ff0,WILLIAMSBURG,Williamsburg
cc:cc8ba469-b320-4da5-ba0d-99fbaaec0e5f,WESTERLY,Westerly
cc:cc922601-2678-4f80-83fb-e9e781d3ab71,LAKE PROVIDENCE,Lake Providence
cc:cc9d5a78-2d32-459b-8685-8cd417102aa6,WYOMISSING,Wyomissing
cc:cca41300-f49c-4106-9b98-0cb487715512,OKLAHOMA CITY,Oklahoma City
cc:ccc70153-0a9d-49d8-8a8d-793041a7b5f5,IRVING,Irving
cc:ccc83bbc-8f40-44d0-a6b9-6a4d4b6d058b,HILLSBORO,Hillsboro
cc:ccda5e9a-7fa7-47e6-8bdd-86cc439cd97e,MEDINA,Medina
cc:cce66b3f-8ea4-44c9-b411-9799d1bc1c57,PRATT,Pratt
cc:ccf183e3-964a-4008-a47f-4bc8204d3607,LOS ANGELES,Los Angeles
cc:cd028f1f-8d22-4fcd-8fcd-b8658be9c253,ELGIN,Elgin
cc:cd065075-7413-4d08-8d05-b1af8e73a10b,BOTTINEAU,Bottineau
cc:cd15e247-84d0-41a2-9361-e0195bd6d212,LOGAN,Logan
cc:cd176597-ff72-4c18-be9a-a5674b67b6d6,BRONX,Bronx
cc:cd1b5699-93c9-4ffb-b030-2494d463a0eb,DENVER,Denver
cc:cd2b936f-2403-43de-b698-d4671de41f42,PINE BLUFF,Pine Bluff
cc:cd2b99f2-3dc7-4669-aae8-0b4957596821,FARMINGTON HILLS,Farmington Hills
cc:cd313d18-631e-45ba-818f-8d8c746b7ab4,FORT LAUDERDALE,Fort Lauderdale
cc:cd3558b4-d5ab-465e-adee-d6b4af47f75f,KALKASKA,Kalkaska
cc:cd3610ca-93e7-460b-ad51-67985fe0a05f,SOUTH WEYMOUTH,South Weymouth
cc:cd38342e-08e9-4dac-95c6-04039cb75fff,OZARK,Ozark
cc:cd53bbe0-c5fe-4459-8822-c04c941e80ab,CADIZ,Cadiz
cc:cd5c8bd3-4551-43c8-8f05-838f5c3051bf,ASHLAND,Ashland
cc:cd6e7957-425d-43e1-8d7d-b023b88ad791,CEDAR FALLS,Cedar Falls
cc:cd7f0ddf-459e-480c-a7d9-a7b0ec2a5f7d,HOUSTON,Houston
cc:cd87c292-3b80-4bba-9813-46984a248f46,HERMITAGE,Hermitage
cc:cd8d2870-cc48-46c3-8bfd-cb88bf04cf65,BIRMINGHAM,Birmingham
cc:cd908756-4d02-464b-8f34-18d6f5e14dd1,LINTON,Linton
cc:cd981ac3-9f06-4f0b-a1a7-e13ac940ad27,ALDIE,Aldie
cc:cd9c7be2-8ea4-4c8f-8d60-cbe3c6f64fdf,HONESDALE,Honesdale
cc:cd9f5bef-a95a-4ea2-9d3b-34266eeafb62,SHELL LAKE,Shell Lake
cc:cda12e1b-29dd-4c0c-94c6-686631061703,TAZEWELL,Tazewell
cc:cdac600c-85ab-4101-bd2b-3750ecf891b6,BROKEN ARROW,Broken Arrow
cc:cdb47fab-aa82-4db2-9b55-03c999162410,COVINGTON,Covington
cc:cdb8795d-45c0-42ff-b276-3c8d3a23cf50,LAFAYETTE,Lafayette
cc:cdbd4603-c041-4a44-86cf-26f8a76c7a1c,SUGAR LAND,Sugar Land
cc:cdc30896-e70d-4c31-823a-366429f4a480,ZACHARY,Zachary
cc:cdc784d0-c2eb-4fe4-8a60-5697db5123dd,NOBLESVILLE,Noblesville
cc:cdcae80d-e05a-4de6-9d29-4d08a8e9f861,EL PASO,El Paso
cc:cdcdf7a7-e347-4849-82a5-8eb7595142f5,MARYVILLE,Maryville
cc:cdd5121d-5b93-45bb-ae0c-c248225b016a,CONWAY,Conway
cc:cdd97aa4-d263-48e3-be89-ba8223e1a0ce,VARNVILLE,Varnville
cc:cdda4ba3-b232-41bb-9a00-41de47c09ca4,WAYNESBORO,Waynesboro
cc:cde633d8-1170-4539-b6b8-c206a31e779a,METAIRIE,Metairie
cc:ce133960-0a31-48b7-9960-fa2eaee7af7c,KANSAS CITY,Kansas City
cc:ce14bbbf-6d0d-43e8-ac89-8eb0f4168e45,CHARLOTTE,Charlotte
cc:ce24287b-6e36-4748-9ef4-afd8f264b7e6,SOUTH SAN FRANCISCO,South San Francisco
cc:ce2e3cb8-ae21-4648-b92b-5f81b22c00f1,PINCKNEYVILLE,Pinckneyville
cc:ce31f122-9e3c-4bdd-a67f-c3bfd46613e1,LAKEWOOD,Lakewood
cc:ce4407a1-2aa9-49ce-8315-10100cfbc251,LUVERNE,Luverne
cc:ce480e7b-6fbc-4766-97a4-38fddc53a13d,NOVATO,Novato
cc:ce48c97a-50a0-4018-82c7-347cffc2765f,BAYONNE,Bayonne
cc:ce54b5c1-98e7-43af-b335-104875108cd4,SAN BERNARDINO,San Bernardino
cc:ce584e94-3af6-465f-9385-8453b0d4c964,BUCYRUS,Bucyrus
cc:ce5ec136-9728-48bf-bc3e-a77c005208a6,SNELLVILLE,Snellville
cc:ce60c6bc-0cf9-4dd0-8f76-2ed0aede4247,MARTINSVILLE,Martinsville
cc:ce91771e-4221-40ca-8727-674a225cc3e6,SAN DIEGO,San Diego
cc:ce951112-8822-4c4f-bc37-ba848fbc174b,CHEYENNE,Cheyenne
cc:ce9c3697-0005-4435-86de-e1eef2684420,DENVILLE,Denville
cc:ce9f84c8-5a18-493b-bd0a-79ced2b013ac,CLARKSVILLE,Clarksville
cc:ce9fd037-e601-465e-b192-1c0054047931,LITTLE ROCK,Little Rock
cc:cea91cc9-1f98-4ba4-8d5c-7aaa8e83d5e8,DEL RIO,Del Rio
cc:cebdeacb-6025-484e-88d7-e871c9a2598b,VAN BUREN,Van Buren
cc:cec5f48a-f4b4-4e0e-9246-a52fceab6314,FRESNO,Fresno
cc:cec6efbc-e0bb-4b5d-b1e3-a5c760f81f83,BERLIN,Berlin
cc:cec859dc-7479-41ce-809f-0ee7800feff7,CHANDLER,Chandler
cc:ceccbf21-5314-4b3b-857e-81803dcffa93,CORONA,Corona
cc:ced40bcb-58d6-464a-8316-197448e70d05,LINCOLN,Lincoln
cc:cedb898a-6169-487c-aa98-6398532dc23d,BLUE HILL,Blue Hill
cc:cee3dadb-c17b-4c9d-97a4-324508c7521f,MCKEESPORT,McKeesport
cc:cf0e26ce-a59a-4f19-b0f3-394c45cea610,ELLENSBURG,Ellensburg
cc:cf12e934-bc6e-4dab-813a-07d36ca855f8,MADILL,Madill
cc:cf152750-148a-4a52-be36-56cdf5315f53,FRESH MEADOWS,Fresh Meadows
cc:cf2864b6-6d00-4746-a266-a6c82a46b84a,BERWYN,Berwyn
cc:cf2a016a-4168-46fd-a976-df8056994def,MARYSVILLE,Marysville
cc:cf2cf8dd-c2f5-464c-b026-7dc5590f6c73,LITTLE FALLS,Little Falls
cc:cf2d5541-e243-4b17-a453-4ccbc83f4db1,NEWPORT,Newport
cc:cf3c6abf-d888-4c93-accf-fef29d212d75,BAKER,Baker
cc:cf4423a6-0d39-45e6-a44b-23a03e663a33,BURNS,Burns
cc:cf488ce4-dc04-470a-850d-1f6a21948219,WELLSVILLE,Wellsville
cc:cf50c63d-1616-43ec-90a7-d8cc7f7f02f1,ROGERS,Rogers
cc:cf5570fa-a4be-4d47-b73a-74955c8248e7,BAYAMON,Bayamon
cc:cf5ae72d-c3f3-446b-9772-4641d148f695,WASHINGTON,Washington
cc:cf5d1a92-db50-4b58-bd83-196728de0bac,COLUMBIA,Columbia
cc:cf65dfde-9b00-4b16-b5a2-9b07d24b255b,GENOA,Genoa
cc:cf7c79ad-6a1f-41ca-bb1c-448a9e436329,HOLLYWOOD,Hollywood
cc:cf818117-c9c7-41b1-b765-228c67dcbaf2,SIDNEY,Sidney
cc:cf98b04a-f8a5-44ec-8eb0-c1d1bb86aab4,GLENDALE,Glendale
cc:cf9b6ee1-5607-4643-acee-e729b8a826ca,SACRAMENTO,Sacramento
cc:cf9ed0c7-f849-4916-921b-c6a652531aa0,FAYETTEVILLE,Fayetteville
cc:cfad979f-ca95-48c4-a726-ea8f40085d25,ORLANDO,Orlando
cc:cfaf0f0b-0e6a-4e41-9705-a55fea93bb83,BLACKWELL,Blackwell
cc:cfaf57a6-1f23-4732-aaa7-5a07f899076f,INDIANAPOLIS,Indianapolis
cc:cfcee2b7-9cfe-480d-86a2-bd4dd7b4884c,INDIANAPOLIS,Indianapolis
cc:cfd3ad39-f369-45b0-97b9-8606a25b0b06,AURORA,Aurora
cc:cfd8362e-582f-4a59-b915-e9bd2a71311e,ANTIOCH,Antioch
cc:cfdaf185-c3ac-4d17-aa5b-98f00abe4d0f,WESLACO,Weslaco
cc:cfddb749-9e3f-4858-9a18-04dcb3229d5e,HILLSBORO,Hillsboro
cc:cfef61b0-15c5-437d-adad-9c27a4f92301,VILLE PLATTE,Ville Platte
cc:cff2a0ee-fffb-464a-963b-4e5007680b08,SEATTLE,Seattle
cc:cff3011c-a4d7-436c-8de3-36a317aef2a5,WILLIAMSPORT,Williamsport
cc:cffc0eae-7473-43b0-bae1-ce0cbeaa1403,REDDING,Redding
cc:d00dd491-a275-4a43-bc15-f7fbc9a2c87c,BRECKENRIDGE,Breckenridge
cc:d0110dbf-865b-46ac-9df9-be3c2e87247c,OWENSBORO,Owensboro
cc:d0142982-8257-4567-97d9-741f2564bcd7,PRINCETON,Princeton
cc:d014e8dc-65a1-4c3b-abc1-dd6b5ca28bb2,ISSAQUAH,Issaquah
cc:d03a73dc-a2ce-489c-8632-deb8e7d7bbc7,SHATTUCK,Shattuck
cc:d03a8523-c8cc-4013-8f84-f3a4e985e425,OAKDALE,Oakdale
cc:d03b797f-8847-4087-a6f0-ea255ae5f755,NORTHWOOD,Northwood
cc:d04188dd-2b51-4ed7-8c3f-197f497d1baf,FARMINGTON,Farmington
cc:d05e95b7-5b92-4275-9830-6f74f3a6c3c7,FRENCH CAMP,French Camp
cc:d060264a-51cb-45d5-baed-0687e93f3651,HARDEEVILLE,Hardeeville
cc:d069649c-b363-4d50-b23b-32905bd907c0,HAMILTON,Hamilton
cc:d079c9c4-558d-4139-89bd-c3a7adb75412,PARKER,Parker
cc:d07f411e-f795-4090-917c-1aeba861680f,DES MOINES,Des Moines
cc:d0892f2c-f4ec-435c-83a8-80d3b174af62,HOUSTON,Houston
cc:d096de58-a652-459b-a319-fc38f6617e1e,PORT ARTHUR,Port Arthur
cc:d09705a6-78a2-46ba-a8ea-109bac35dd2f,EL PASO,El Paso
cc:d097a9f1-e365-452f-9a16-11b30e3ef69b,KNOXVILLE,Knoxville
cc:d0a5824e-92e4-4b02-a66d-618552364eeb,HOWELL,Howell
cc:d0a90fda-5591-45a5-9dc7-31d28e0ef78a,SHREVEPORT,Shreveport
cc:d0b0e560-a84c-4e6d-9625-112997e2b54c,GRANBURY,Granbury
cc:d0b2024f-be07-49f7-adbd-efb2b52a1ece,GILBERT,Gilbert
cc:d0b22869-db8e-4602-8a51-08bc28ba7dee,BLUE EARTH,Blue Earth
cc:d0be8ce4-57c5-4f13-b39c-128924d58225,DELRAY BEACH,Delray Beach
cc:d0c5f4f1-cc79-4845-aa8a-2f8565110595,NAPLES,Naples
cc:d0c80f55-038a-425d-a081-34fc9d745b78,MANATI,Manati
cc:d0d36b81-c68e-49a4-b44c-f88e36a1cab0,KILLEEN,Killeen
cc:d0d649a4-3bee-4e20-8cce-bf14264b1859,CHAPEL HILL,Chapel Hill
cc:d0e5e401-ff4c-4567-abfd-ad1f720300a9,SAN DIEGO,San Diego
cc:d0eac892-7ed2-4697-a429-8b2b19569840,CHARITON,Chariton
cc:d0eed802-2caa-413f-a2fd-a95f94eb624c,LAS VEGAS,Las Vegas
cc:d0f43a8e-6deb-4d2b-8974-5659683f60a7,KYLE,Kyle
cc:d0f53c19-f7ad-49b4-aff6-f818ac6dd821,LEXINGTON,Lexington
cc:d0f8104c-7fd5-4c6f-a135-906b9e7da7da,GRAND FORKS,Grand Forks
cc:d0f9af3a-b003-4781-9dba-2958f3159566,ATCHISON,Atchison
cc:d1007f2f-15e6-4921-b968-839df9741b60,LEESVILLE,Leesville
cc:d10276df-e270-410b-9116-69157ee4c804,KAPLAN,Kaplan
cc:d112cc26-312f-4343-bd38-0ea8007724a0,ROCK SPRINGS,Rock Springs
cc:d122b8a3-a5b6-48d6-be92-1879cfe5d3ad,SPRINGFIELD,Springfield
cc:d131c1d9-2620-46db-a30c-dd500b7b574d,HARLAN,Harlan
cc:d13744e9-ad5c-4abc-825b-28e751d6bb64,VAN WERT,Van Wert
cc:d14001ea-f29f-4c8f-b89d-ee17bff30816,BROOKSVILLE,Brooksville
cc:d1400f6b-dfb0-4bd8-974b-38c8720bb64b,PONTIAC,Pontiac
cc:d145c6dc-8c65-4829-a8a7-25367bc1ce90,BOYNTON BEACH,Boynton Beach
cc:d14fdaa3-e27a-40db-91ba-99eeee8d5b16,MOBRIDGE,Mobridge
cc:d1527331-3570-46d0-991b-11ad4efee18c,NORWICH,Norwich
cc:d16b6f7d-33e8-4298-adc0-a3591c7611da,ALICE,Alice
cc:d171b432-047d-4fcc-bdb9-6611fa4eb602,ARTESIA,Artesia
cc:d17d743d-3bd9-408e-b8ab-044098321541,YPSILANTI,Ypsilanti
cc:d183ca06-f5cf-40b9-863e-ddf44de2da4e,TAMPA,Tampa
cc:d1860fe2-a507-4aa1-a079-dbc2f7a00fe2,ERIE,Erie
cc:d18be18b-224d-440b-b4a5-bdccadcb7f6b,OVIEDO,Oviedo
cc:d198ea35-f21c-4fc3-8de5-6d165d3394af,GRANITE CITY,Granite City
cc:d19a7c94-760c-4093-a2c4-7ec2ec6e9e0d,GRAND ISLAND,Grand Island
cc:d19b53f7-7648-41a8-b7e1-4d826b252d45,BUFFALO,Buffalo
cc:d19d863a-3392-40c9-8a9a-9dd2ab9df7b1,PUEBLO WEST,Pueblo West
cc:d1a83357-246e-48a6-b703-67779fc804bc,MAUSTON,Mauston
cc:d1a95d94-685f-48ac-968c-991977983252,SCOTTSDALE,Scottsdale
cc:d1b6b5d4-8de7-4df9-a350-03ec03e6f28d,EATON RAPIDS,Eaton Rapids
cc:d1ba5c57-97fc-45ab-acdd-2b3d789fb859,ALLENTOWN,Allentown
cc:d1c4ae0f-7479-4131-a3ea-8400f4722595,LAURIUM,Laurium
cc:d1c65a6a-8937-4805-b380-06326de11bbe,GEORGETOWN,Georgetown
cc:d1c6f282-754e-4ec8-a52b-003437dac585,CAYCE,Cayce
cc:d1e849a7-c1fb-444c-bfd5-3fbb2d67d9b5,WILLIAMSVILLE,Williamsville
cc:d1ea4650-ae1a-46e6-8444-e3c2495c0aff,SUMMERVILLE,Summerville
cc:d1f38676-faa6-41bd-883b-332a78cc272d,YORK,York
cc:d1fbd4a8-3ce5-4c04-8151-8322bbb71068,CANAL WINCHESTER,Canal Winchester
cc:d1fe3c18-1bae-45ea-ba35-670e7aa12e78,BRIGHAM CITY,Brigham City
cc:d2136f18-8139-4f55-9feb-2c56f008d866,MONTICELLO,Monticello
cc:d2223650-5455-4a18-ae68-5e313f39a6ff,BRAINERD,Brainerd
cc:d22e19b7-a11b-49d6-9f41-e3481b9634d0,HAVRE,Havre
cc:d232f79f-f419-40b1-bff0-da2f08475065,BLUFFTON,Bluffton
cc:d238f260-d7a5-41c0-932d-ba785fd7e56e,BRIDGEPORT,Bridgeport
cc:d276261d-2911-4c1c-8ac8-ef545377114c,LAKE FOREST,Lake Forest
cc:d27c20d8-bd42-4ce5-9e03-27dd16c74d16,HENDERSONVILLE,Hendersonville
cc:d2a1a434-bd95-4006-97a5-bf1989709880,MCLEAN,McLean
cc:d2a564cc-e8e8-4dfe-8426-70d8ab75fbd5,BURKE,Burke
cc:d2b694c5-849d-44e4-a6b4-e4cd5962f426,CLEVELAND,Cleveland
cc:d2c4ca1d-8207-42ec-8b25-88cf0a2a18ab,LAFAYETTE,Lafayette
cc:d2cff162-2f42-4971-8d77-4749512ea8ae,HAMMOND,Hammond
cc:d2de302c-4d7e-46a4-9cf1-521eb4220393,NEW BRAUNFELS,New Braunfels
cc:d2e0a6af-d774-4ea1-b393-2b07e84e44d1,CADIZ,Cadiz
cc:d2e68610-6127-468c-b208-9dff69149ccd,LANSING,Lansing
cc:d2e7c02a-e443-4c53-8f36-abc8a6a51047,ST. LOUIS,St. Louis
cc:d2e9bac6-2a37-4e76-aab3-03184f8df70d,BAKERSFIELD,Bakersfield
cc:d2f0c59a-cfd7-4920-8d13-708728dfcfd5,PLANO,Plano
cc:d2fa2803-1210-41f0-929f-60e36214f006,LEESVILLE,Leesville
cc:d30b3521-d900-4373-a8e3-1dea59b2eb45,PORT CHARLOTTE,Port Charlotte
cc:d30f98b9-b61a-49c6-87f5-eb1968b1efba,LAKEWOOD,Lakewood
cc:d31470f6-5f3c-4acf-96a5-ac971cc080ed,SHOW LOW,Show Low
cc:d3443da1-f7c5-4144-91ff-9f6c96aeb706,TORRANCE,Torrance
cc:d3446d5d-e56d-4c68-acf3-ce659ffaa730,MONTROSE,Montrose
cc:d3513392-a5ad-48d7-b19d-f3c601251f08,PITTSBURGH,Pittsburgh
cc:d35a4c9d-01d6-4861-98ff-fd26e146353f,NEWARK,Newark
cc:d3691c70-42cf-407c-b5a8-61ef56a801cf,CLARKSVILLE,Clarksville
cc:d36bc8ef-677d-4d47-bb2f-d76f766952f2,WESTON,Weston
cc:d3712138-a6d9-4eff-a00f-90f1c4a40866,MORGANFIELD,Morganfield
cc:d3740024-87f2-42b5-9ef8-8d301fcf0513,MONTICELLO,Monticello
cc:d378c1e5-c980-4320-924c-5c363afc169c,CINCINNATI,Cincinnati
cc:d3866b99-13c0-42b0-9a2f-e7dc64c93ff1,RIVERDALE,Riverdale
cc:d38a537f-6c01-4d39-b2a0-f497e0693902,WILLISTON,Williston
cc:d3935d1d-6a10-492b-b19c-0fc49f3d1281,SILVER SPRING,Silver Spring
cc:d3bc0883-82b4-4dbf-9209-089cd92ca534,PICAYUNE,Picayune
cc:d3bdd087-f6a0-495c-bf0d-c1276901f163,INDIANAPOLIS,Indianapolis
cc:d3c88551-9e8e-4515-add1-5b01dff7346b,WILLIAMSPORT,Williamsport
cc:d3cf4022-14d4-4178-9ab4-eb9028519bb1,BUFFALO,Buffalo
cc:d3deb30e-0307-4efc-a54f-aa0df401d1e7,GONZALES,Gonzales
cc:d3e071a3-8656-4de6-857e-553446ea4262,AUSTIN,Austin
cc:d3e3bb46-eb77-416a-a4be-69e717ba88f9,LITCHFIELD,Litchfield
cc:d3e65682-0b61-4d17-9a37-866d1a90140f,DEADWOOD,Deadwood
cc:d3e9de4b-df64-48e7-ac80-c9eafa326481,CROWN POINT,Crown Point
cc:d3edba4c-1f14-40d8-99e2-f86c868ffa68,BONHAM,Bonham
cc:d40c7ad4-e336-4595-8fed-4498dd2dd575,LOMPOC,Lompoc
cc:d41b4cf9-2148-46aa-8313-fd651ec6205c,CONCORD,Concord
cc:d429baea-0cd7-44aa-a1a9-87f51c6517d3,HOLLYWOOD,Hollywood
cc:d43eca23-2ff5-4b57-8c0c-bebdbe9c16a8,LITCHFIELD,Litchfield
cc:d44b3536-5f07-4100-a5eb-abf0c033b05d,HUTCHINSON,Hutchinson
cc:d4552fc6-fbfd-45d3-9c63-edffd9d478b3,BRIDGETON,Bridgeton
cc:d469e5b7-2955-493c-b2d2-ae9284e3aa1b,LEHIGHTON,Lehighton
cc:d483709c-250f-4f09-aec8-603cb5a547eb,SHREVEPORT,Shreveport
cc:d483ce29-57e5-4fb9-9e83-096bb5cfdf8d,BLOOMINGTON,Bloomington
cc:d48dced2-8377-4bcb-8112-84b7fed196be,GREER,Greer
cc:d48eaeaa-c19f-49f3-a8ad-f3ae79c0ffa0,NEW HYDE PARK,New Hyde Park
cc:d49072f6-5f44-4fe5-905c-e848af4bb3cc,FAYETTE,Fayette
cc:d499e45b-42ea-444e-b664-82bf37a1f2f5,REDWOOD CITY,Redwood City
cc:d49f4e4d-d7ed-4fe6-9e5b-3beb885ddb8a,MOBILE,Mobile
cc:d4a86156-ea72-4f0c-a6c3-0ededd40ea71,MOUNT HOLLY,Mount Holly
cc:d4bac985-0096-498b-aa12-f3224dce7d4f,GREENFIELD,Greenfield
cc:d4c3b200-a161-454c-9955-5f5851e47dca,LONG BEACH,Long Beach
cc:d4d93657-0126-4315-b5e0-8fd4613c3ac8,FARMINGTON,Farmington
cc:d4da9f7d-7bca-4d8c-9724-4fc981dc2990,WEST BRANCH,West Branch
cc:d4db300d-604c-49d1-b575-ab614b8e4d4f,WINTERSET,Winterset
cc:d4dc0f4f-4be1-4db2-aea1-ec67a086a39e,SUGAR LAND,Sugar Land
cc:d4e6c02b-2529-428c-87ce-aaa444f3546c,JACKSONVILLE,Jacksonville
cc:d4ea189d-e2db-49cd-8b13-6da26a6cdb5e,MADISONVILLE,Madisonville
cc:d4f082d4-7cec-4ffa-afd0-20a386e2e5bb,MECHANICSBURG,Mechanicsburg
cc:d4f5f476-7abf-4aca-bb36-831ac518a553,ANCHORAGE,Anchorage
cc:d4f88376-c14c-43b9-a660-956107f34785,STANLEY,Stanley
cc:d4f8bd88-3f0a-4987-918e-3f1aae838313,SANTA ANA,Santa Ana
cc:d4fcd3bb-1df4-438a-a048-eaac42574b70,DAHLONEGA,Dahlonega
cc:d4fff5d7-5f05-4894-bf1d-4abe53cc6d7c,MIDLOTHIAN,Midlothian
cc:d507e946-f468-4b5c-82e0-e9480ae1c6aa,WINCHESTER,Winchester
cc:d50a2202-2d70-4eca-af2d-76b9bee01060,BURIEN,Burien
cc:d50cf988-160e-413b-9a42-069d66abec09,BUFFALO,Buffalo
cc:d50ea2ab-a813-4f2b-962c-15963eeabde4,RED BANK,Red Bank
cc:d50f576c-07ca-42da-bce4-8e7dc309f1fd,CUMMING,Cumming
cc:d513db2e-868b-46fd-8a9a-84d257099289,SYRACUSE,Syracuse
cc:d5288ddb-1701-40f6-9781-5dc1a0fcd114,COLLEGE PARK,College Park
cc:d52bf8c0-a1cf-4fe8-adfe-aa626bd91e73,PEKIN,Pekin
cc:d544d7c3-73e1-4938-a52e-3fc07eaf0b32,NORTH VERNON,North Vernon
cc:d54935ce-c912-4127-99f7-1bff060bb413,INDIANOLA,Indianola
cc:d5541047-c2a0-493d-8ce3-add0d33ebb91,PLANO,Plano
cc:d554d369-d749-477a-a541-aa34fd91d0a4,HILTON HEAD ISLAND,Hilton Head Island
cc:d5592e54-053f-42da-8a09-4b6c073d6df8,GLENNALLEN,Glennallen
cc:d55b5443-9733-4654-a4de-50c1e065792b,NORTH CHARLESTON,North Charleston
cc:d55c773e-e1ae-44e2-97c5-393e3be19930,FARMINGTON,Farmington
cc:d55ce726-e52a-4d6e-a462-bc99a01bbdd5,MOORE,Moore
cc:d560592c-bcf0-4c4e-a8c3-5fa1e3a71dca,MANATI,Manati
cc:d56f0966-7926-4336-aab1-630de83be18b,KAPAAU,Kapaau
cc:d57fbac2-0a97-424d-87b3-508ba8a4272a,TALLAHASSEE,Tallahassee
cc:d580c167-945f-4bfe-8d30-62a78331b277,UNION SPRINGS,Union Springs
cc:d58a4374-696e-40b8-9914-0a15c0396b86,AUSTIN,Austin
cc:d599d328-b029-4a33-815f-6373d693f2e0,SPRINGFIELD,Springfield
cc:d59e09f0-c849-4089-b191-c4609fa741fd,SAN FRANCISCO,San Francisco
cc:d5a18e43-f690-4911-a912-0beb8044dd05,ALISO VIEJO,Aliso Viejo
cc:d5a4d2c5-7510-4efc-9731-b700361f2b82,HARTSVILLE,Hartsville
cc:d5b6d5c4-c811-47b3-9619-da8097a8e36b,CAPE GIRARDEAU,Cape Girardeau
cc:d5ca2965-4e2c-415c-98f3-9cca92621bd0,RIVERTON,Riverton
cc:d5d8be9e-734b-4c69-bfe6-84a47f509a0e,BOGALUSA,Bogalusa
cc:d5d8db8a-b496-48b5-9f65-e708636bdd03,DELRAY BEACH,Delray Beach
cc:d5ddcc47-01b8-44e5-999c-0d0021251ddc,ASTORIA,Astoria
cc:d5e0ccf1-6ced-4827-9280-6c7eb4bb2351,BRUSH,Brush
cc:d5eb2710-4a11-4825-b56c-bb09a149acef,RANCHO MIRAGE,Rancho Mirage
cc:d5f074d9-4ef8-4d9d-948c-4567083a6de0,LATROBE,Latrobe
cc:d5f0b496-5257-4fa6-86c0-7187a5953f9e,PLANO,Plano
cc:d60416d0-ed40-4343-87c9-715307456b48,BEAVER,Beaver
cc:d607a3cc-2296-47e7-9205-9360bd20d97c,AITKIN,Aitkin
cc:d60a824a-31d5-44d0-9e2b-9ab4e134fd56,SAN JUAN,San Juan
cc:d60ac211-36da-434c-9ba4-7d8922c80a21,MADISON,Madison
cc:d60c2b4e-aae3-4110-bf7a-4d028362bde0,HAMMOND,Hammond
cc:d62d9a2f-5828-4f8a-9aba-26fe0718ab49,SAINT AUGUSTINE,Saint Augustine
cc:d62df898-ee67-4578-aaa2-3ae1433baacc,TUCUMCARI,Tucumcari
cc:d637fcf6-09a9-4c26-8b35-baac35f57654,MYRTLE BEACH,Myrtle Beach
cc:d64dece5-3b75-4737-a885-7969f7b6c10a,ROXBORO,Roxboro
cc:d64f367a-6609-488a-9b17-7546f3df369a,CLEMMONS,Clemmons
cc:d65062ab-4cdc-4a46-b86a-4b49e7feaded,SOUTH OGDEN,South Ogden
cc:d66c38cd-50ef-4a1b-922f-97f38e304fb7,GAYLORD,Gaylord
cc:d66ebb6d-1892-4a63-ae8f-5e45851859b3,HARRISBURG,Harrisburg
cc:d66efbba-a055-4734-a1f9-fa7237e1a32b,LAKEWOOD,Lakewood
cc:d672be9f-8779-4e52-81ad-e64d191c3a39,INDIANAPOLIS,Indianapolis
cc:d68c5ba2-b831-4532-ac9a-d0a4a3652446,BRIDGEPORT,Bridgeport
cc:d6ac8820-3d03-41a3-bf2a-9cffef3dc876,VERSAILLES,Versailles
cc:d6c497ec-c8fd-4ccb-b2a6-16842ecb7926,NELIGH,Neligh
cc:d6c49ee4-25b0-4140-bfe1-8debcae6f0e5,LOS ANGELES,Los Angeles
cc:d6ce7e34-527b-4314-9b93-5625f3421f62,ROBINSON,Robinson
cc:d6dfde21-c0fa-4b18-b245-b8a0827f2bce,GUNTERSVILLE,Guntersville
cc:d6e0c680-8847-4128-b613-006d50940781,PERRYTON,Perryton
cc:d6e8d9fa-d21b-4ddb-8690-a79dc5d2cffb,ALEXANDRIA,Alexandria
cc:d7193784-4e7e-422c-829a-32e6170b1c1f,IDAHO FALLS,Idaho Falls
cc:d721c50a-17b6-44a0-b756-b94a00969d08,TALLAHASSEE,Tallahassee
cc:d72549b8-71c8-4ecb-9e0b-68dd73f559dc,BEVERLY,Beverly
cc:d72fb2c7-1841-4923-a74a-bc189d1e9b83,LINDSAY,Lindsay
cc:d73757fe-d6f9-4809-ac73-8fa38a18803c,NORTHPORT,Northport
cc:d73cef09-f787-4919-a9ef-aad18f5ff1d2,SHEFFIELD,Sheffield
cc:d746424a-a943-4df4-9a8b-5ecd2de19f6f,DURHAM,Durham
cc:d75d2e26-7220-4eec-a34e-87877ca9090d,HAMILTON,Hamilton
cc:d75d6398-5102-4e64-8424-876010e596ba,EKALAKA,Ekalaka
cc:d75f466d-b266-4de2-b459-c5d4da3a7a6b,KINGWOOD,Kingwood
cc:d7609963-17a0-43ee-b8d6-ba3627409805,KEY WEST,Key West
cc:d761236c-f754-45fe-8f2c-ff6eb49e859f,COVINGTON,Covington
cc:d7683a86-165f-410d-be5e-64984a2a2d21,CHARLESTON,Charleston
cc:d768f0ab-5d26-4f25-be87-5e495236b2e8,WASHINGTON,Washington
cc:d76cecd4-62ac-4e97-9253-680f2b192000,AVENTURA,Aventura
cc:d76e4047-ce39-41de-ad15-72eba8d72bc6,HINESVILLE,Hinesville
cc:d776062e-7349-43d3-8b19-47835bbd656c,OPELOUSAS,Opelousas
cc:d7760e65-48e1-4769-939c-0721783fe7a9,MANHATTAN,Manhattan
cc:d77e4027-7ffb-4a33-9318-17c1c6231ac2,PELHAM,Pelham
cc:d7834bf0-3728-4ee2-861c-155e626f4dd7,TAHLEQUAH,Tahlequah
cc:d7835228-aacd-4462-a79c-4c73cd5f79e5,BREMEN,Bremen
cc:d78b474c-92dd-4d54-a242-8ec36e6c3f12,FORT STOCKTON,Fort Stockton
cc:d7994d53-dca8-4de9-94c7-8fa899717431,CODY,Cody
cc:d79c6f96-e04c-47cb-91ee-5438ed3909b1,ALEXANDRIA,Alexandria
cc:d7a46eeb-38fd-44e9-96bc-b0e0d58d1f15,CHANDLER,Chandler
cc:d7a81660-68af-4dcd-8edf-3ccae78fd136,GARFIELD HEIGHTS,Garfield Heights
cc:d7b9e450-b18d-41d7-87c9-4494da6d974e,KENNEWICK,Kennewick
cc:d7c7210f-63b9-4032-8959-98648669e5df,LUBBOCK,Lubbock
cc:d7c8235c-e24b-4699-9ef1-60565d839fa6,MOCA,Moca
cc:d7cd3e48-2a8d-46e0-8ebe-c745ffc59714,ALEXANDRIA,Alexandria
cc:d7ce259d-e3d6-46f0-a37d-c0a588c68b41,ELKINS PARK,Elkins Park
cc:d7d24b0f-bb6d-43d6-a71b-ac4d85108808,BAY MINETTE,Bay Minette
cc:d7db7437-85c6-4936-afa7-56891f89ff77,COLDWATER,Coldwater
cc:d7e21ffd-2fec-4ca7-8338-652d8df4da17,GALLUP,Gallup
cc:d7e42b6e-6bcd-4f15-879d-30327a8f8937,LILLINGTON,Lillington
cc:d7e81a3f-e41d-4d66-af27-d2dd8fa6d48a,FAIRBANKS,Fairbanks
cc:d7f2f9fd-0789-4928-a72e-d5f7daeb48b5,SMITH CENTER,Smith Center
cc:d80559ce-54d7-4a2d-ba4c-214a7be35523,MOOSIC,Moosic
cc:d8139629-92fc-4337-928c-23ba90220956,GREENFIELD,Greenfield
cc:d819add8-86c9-4f6a-81f0-9cbc9ff2ed46,GAINESVILLE,Gainesville
cc:d81d0dba-69b1-40fa-a0f9-b44aa0659316,SIDNEY,Sidney
cc:d822349a-0794-40bb-ac01-fa02ea619c57,CHOCTAW,Choctaw
cc:d830b743-9f88-4c14-91e6-fd572b9b3133,ST MARYS,St. Marys
cc:d832130c-9143-4bc5-89f8-7fbe13e4f294,RONCEVERTE,Ronceverte
cc:d8327faf-19ea-41f3-bb6c-10c41b3409ab,LOS ANGELES,Los Angeles
cc:d8361a53-bede-4a8d-a5cc-2172e4c59150,SPARTA,Sparta
cc:d83de32a-de2e-431b-b312-88c05e85ab57,ALBANY,Albany
cc:d848df0f-15f0-4710-b2eb-499ab6fcf031,S. PARAMUS,Paramus
cc:d849a5f9-23c0-472d-8105-2539a7564aad,CHANDLER,Chandler
cc:d8542e92-477d-4206-8e57-dcc1fc6c5790,NORFOLK,Norfolk
cc:d854eb30-2c7e-4bc0-9646-5f4b55308ff3,LEBANON,Lebanon
cc:d85587bb-ea5b-4c43-b109-f89bfd4a6b6e,ASHLAND,Ashland
cc:d86505b4-c30b-49da-bf91-3bffbf8e2833,BOWLING GREEN,Bowling Green
cc:d8727483-ceea-4d04-877f-8d38ede7c064,NEWTON,Newton
cc:d872d4f0-392f-44a5-a149-4b7bd21e8b41,MEMPHIS,Memphis
cc:d8856862-c3d3-4583-a8b3-da539e5e5736,WICHITA,Wichita
cc:d88921af-73a2-4433-a875-d73a5074d17a,SYRACUSE,Syracuse
cc:d88dbb50-d308-4b60-bdcc-49fd512ab908,SALEM,Salem
cc:d89977d7-1abe-4e57-b1d6-3ad3a789e2c1,DEDEDO,Dededo
cc:d8ac7092-7bd3-48d3-9d15-023e0b0b2c27,APPLETON CITY,Appleton City
cc:d8ad5ffc-69e3-4e35-bb9e-75782e521f69,ARLINGTON,Arlington
cc:d8adaa6c-d480-4bbf-acb4-0907a01a23af,PENSACOLA,Pensacola
cc:d8c5b515-aa28-467a-bb09-ad12238f2755,LEESVILLE,Leesville
cc:d8c81aba-8d11-4a58-ada7-64c280f36bb8,GLOVERSVILLE,Gloversville
cc:d8cb06b3-3726-4b80-a744-f6fc1a6e7d15,ATLANTA,Atlanta
cc:d8d0143e-50f5-4b26-92a5-06eb57d0159e,OAKDALE,Oakdale
cc:d8ebfd12-e450-435a-b068-c6a6076245fe,POMONA,Pomona
cc:d8fb6ff4-ede3-4943-9749-0e75d2b3a177,BALTIMORE,Baltimore
cc:d901c68f-4310-4693-91eb-6ba7a3cae998,FORT WORTH,Fort Worth
cc:d905cb55-61d9-407f-aac3-510b534071f7,FORT SMITH,Fort Smith
cc:d907e27d-1a59-4576-8c13-2094eae930fa,SACRAMENTO,Sacramento
cc:d90b2e3f-4053-490f-b844-8d04db10f6d2,CONROE,Conroe
cc:d9175c23-f737-4a6f-bb03-bfa0a81a7e34,WEST CHESTER,West Chester
cc:d92dfe6b-58de-4cdc-aaaa-b392be4ac131,GALVESTON,Galveston
cc:d933629b-e6f5-4a42-8030-40092b38c476,OMAHA,Omaha
cc:d93ab622-c7a5-4bd1-bb87-a0566c59ed62,LOWELL,Lowell
cc:d93bb6a9-f235-4258-91e0-0e431e392272,BRAZIL,Brazil
cc:d93f28c5-8626-4068-bbcb-3b8224677ec2,GREENSBURG,Greensburg
cc:d94789ce-5693-4e32-a715-b483baef0fa3,RIVERHEAD,Riverhead
cc:d94c445b-bde7-4909-9947-de3c85b8c4d4,KELLER,Keller
cc:d954aa68-2add-4c6b-af54-bfacbdcb34af,MIDDLETOWN,Middletown
cc:d9589c38-dfc9-4256-8556-f42cf5f6da8b,PITTSFIELD,Pittsfield
cc:d95c5b5c-a1f4-4484-9cc0-910616dbf2a0,REDMOND,Redmond
cc:d96258d5-96f5-4b17-9259-3ba9b14d9e41,SHERIDAN,Sheridan
cc:d966d857-fd31-4b40-9a49-ddb141e2ff4d,CRISFIELD,Crisfield
cc:d96c4785-c5c7-43cd-9110-8ac6595c79a2,AUBURN HILLS,Auburn Hills
cc:d9798876-42b1-4aee-ac29-b0b18e25cfcc,BIG BEAR LAKE,Big Bear Lake
cc:d98c3283-9a02-426d-9f70-a5c8501deef4,BROOMFIELD,Broomfield
cc:d9953791-e93b-40bf-8f90-79b46d3c2322,PEARLAND,Pearland
cc:d9992dba-e0a6-40a2-b24b-997fed0478c2,SAN LEANDRO,San Leandro
cc:d9a0d4b3-72a1-4686-bb82-9fa492fb1841,FORT WAYNE,Fort Wayne
cc:d9a12044-9231-4db4-a3e2-8c9dd2aa9846,ASPEN,Aspen
cc:d9bacae4-bdb1-4cf1-bf75-085e1b3c9d35,BARROW,Barrow
cc:d9d0bd0f-351f-4734-9d9f-12fd1cff3349,GLEN DALE,Glen Dale
cc:d9d587c9-1982-427e-9920-ef689f23d672,MORGANTON,Morganton
cc:d9d65f5a-33e6-4de7-808e-5354b4773d6c,BROWNS MILLS,Browns Mills
cc:d9da15e8-333f-4b34-9143-965baef95f7c,AURORA,Aurora
cc:d9da1bd4-80b7-488c-bb04-295d84774b71,LIHUE,Lihue
cc:d9e1d651-51bf-4aa3-9142-315b6c08ec7b,GRANITE FALLS,Granite Falls
cc:d9e326cb-e77c-4d23-83a8-559c4cea15a4,RICHMOND,Richmond
cc:d9e5deac-71bc-431a-9af2-c2bfa83de198,NEW LONDON,New London
cc:d9e7b442-b84a-44b9-aca0-f36a29e114e5,LAKELAND,Lakeland
cc:d9f12f79-437a-4ae3-bf95-32743e8a0588,CHATTANOOGA,Chattanooga
cc:d9f8a4f2-a33f-45cc-909e-57facfb3f57d,CANBY,Canby
cc:da0f3c70-adff-487e-8443-5e01eb5a8ff3,LAMESA,Lamesa
cc:da13b182-6fed-47cd-b9d1-eb79386ea71e,OCALA,Ocala
cc:da29c01c-37ca-4aaf-8adf-636d22c29bfa,MELBOURNE,Melbourne
cc:da3bdadf-df08-446e-8c04-7bb301215ede,PALM COAST,Palm Coast
cc:da51bac4-a12e-40ea-9d17-addbb0378406,LIBERTY,Liberty
cc:da51d055-ca1f-4693-b10a-d87decbe59ce,LIVINGSTON,Livingston
cc:da59ea5d-4d7f-4fed-b26c-27a74e91e561,BELLFLOWER,Bellflower
cc:da5a08b3-e9f1-4a9e-a4a8-4362ae428bf9,DENTON,Denton
cc:da5e4937-bcfa-4f3e-92c0-67d9e33199d0,PATERSON,Paterson
cc:da6125f4-c79c-4738-a541-63b66a112718,SOUTHBRIDGE,Southbridge
cc:da625b8b-aa93-491a-af2d-e6a62dc08a2d,SEDALIA,Sedalia
cc:da6460fc-9256-45a3-a722-12e54635419b,SPRINGFIELD,Springfield
cc:da851e9a-2848-4f2e-8fa7-9be31508bb33,COLUMBIA,Columbia
cc:da940231-4186-45ac-ab6b-fac583afb9fe,PROSSER,Prosser
cc:da97ab88-5697-4f99-b1b1-407673595e94,PHILADELPHIA,Philadelphia
cc:da99e3a6-7ea5-4d95-ad67-e07c831f78f8,NORWALK,Norwalk
cc:daa106be-35e2-4559-8ca8-4856c90caa2b,NORTON,Norton
cc:daa315d5-316f-4be2-91bc-f2e38c7fc4da,HAMILTON,Hamilton
cc:daa7053e-1503-4da5-aed3-24f62efd147b,MESA,Mesa
cc:daba002e-cff0-46dd-ba93-69abbd90989f,BISHOP,Bishop
cc:dabe04dd-0202-4aa9-9073-56fc82a64e50,AMARILLO,Amarillo
cc:dac2c0e2-6c0c-49a6-80ed-a29afd11b143,CASPER,Casper
cc:dae9ee94-2e0f-455d-b782-5b2132f73d86,MT. PLEASANT,Mt. Pleasant
cc:daeafa89-6dd5-4e67-b115-0ce52f64ed7d,WESTMINSTER,Westminster
cc:daeda585-b9bb-495e-9329-e6dd867ca481,SAN ANGELO,San Angelo
cc:daf24526-2a62-493e-b61b-993ed7022579,AIKEN,Aiken
cc:daf3cf00-5548-431e-b8e2-e77c347de321,PALMDALE,Palmdale
cc:daf56642-8938-43fd-aadd-1fbca5c2dc09,NEW YORK,New York
cc:db00deb5-9aa6-4d79-b1b2-94cb7b524625,BUFFALO,Buffalo
cc:db02795b-4e87-465b-99c9-6e1f2018028b,SAN ANTONIO,San Antonio
cc:db05aa01-e202-4628-9598-ca508148b089,TUCSON,Tucson
cc:db0e2fc9-e3b2-477f-9095-fbe677d5a814,GREENSBORO,Greensboro
cc:db26ffd1-2938-40e0-8fce-9f1762a7937c,PORT ARTHUR,Port Arthur
cc:db3a2ba6-c058-468e-98d2-282ca6502cb7,SALEM,Salem
cc:db420958-15fe-4b27-87cd-49119bce5afc,THE WOODLANDS,The Woodlands
cc:db5b599d-3fee-4dd3-9d80-db58f4fa7bae,NORTH PROVIDENCE,North Providence
cc:db6a8310-386c-410f-a161-fc58360fc84f,NEW YORK,New York
cc:db91f5bf-617f-45ad-bce7-23f193d44306,CHICAGO,Chicago
cc:db9cdaf2-e5e6-48e6-ae20-44c872537c14,SUMMIT,Summit
cc:db9e9223-082a-4bf1-81eb-492117e66058,FAIRVIEW,Fairview
cc:dba4c57b-ab2c-4316-b770-b0bd4dc93c58,LORAIN,Lorain
cc:dba6efea-14ee-47c7-8947-0620a8b2b1ea,PALMER,Palmer
cc:dbc1c7ae-02be-40e4-a057-58ceb2e8c4e2,RAHWAY,Rahway
cc:dbcd0ad0-8a76-4675-9d8c-5cd5eb051346,ELY,Ely
cc:dbd637d7-6a69-4413-8eee-044d8388ad3e,MOUNTAIN VIEW,Mountain View
cc:dbdc6109-8256-4041-8ef9-044e31328b5c,CAMBRIDGE,Cambridge
cc:dbdf2205-1bc0-45c0-9916-07f0655978dd,LAS VEGAS,Las Vegas
cc:dbe03894-9a91-4f28-9d11-463cd168d9a3,L' ANSE,L'Anse
cc:dbe29c46-db85-4669-bb23-f21d4bfbfbcd,SAN FRANCISCO,San Francisco
cc:dbe4668c-8df1-4c60-a494-ed3662bfd0c2,LITTLE ROCK,Little Rock
cc:dc054784-ed2f-4d4b-abc5-c95920d4a8d5,HOLLAND,Holland
cc:dc136235-5c0d-4a68-8e68-1a0554611605,SAN JOSE,San Jose
cc:dc1f8c3d-89c8-4806-a54f-b2cad2f5dbf1,WOODWARD,Woodward
cc:dc379631-f3ee-467c-ad9d-35bf44dd0add,NORTH MIAMI BEACH,North Miami Beach
cc:dc3900c8-0193-45a4-a7ea-3a14d6761f2f,BROCKTON,Brockton
cc:dc672a03-f28f-45cc-b6f4-197bad97de40,FRAMINGHAM,Framingham
cc:dc6a427f-a48a-4e1f-b4ea-a6742d79126d,HASTINGS,Hastings
cc:dc6f9bff-f271-4fa9-adf3-d2b4665a576e,PANAMA CITY,Panama City
cc:dc73771b-3338-4bd0-b199-7ce0fd5227cf,BEL AIRE,Bel Aire
cc:dc77bb1c-d5f1-4456-a259-e11583fb41e0,INDIANAPOLIS,Indianapolis
cc:dc90c1eb-92ef-44bc-9eae-dc68c763dcd3,YORKTOWN,Yorktown
cc:dc9a42a0-2a3c-40f1-af55-def2651c9f8b,KYLE,Kyle
cc:dca22464-10ce-4f6c-8ca1-c7e038760bbf,ATOKA,Atoka
cc:dca38c54-d78e-4520-92e0-c13d1656a286,PRINCETON,Princeton
cc:dcac70a7-59f3-4178-8cd0-315eaf8f8d32,BROOKLYN,Brooklyn
cc:dcb26f3a-d6af-4be2-9b87-535103377c33,WINSLOW,Winslow
cc:dcc3d1b2-73f6-4d99-b298-612be895095a,BETHANY,Bethany
cc:dcc747fd-035f-4151-8e76-42b3267f4775,ALLIANCE,Alliance
cc:dcd0307e-1d87-4553-9702-6ff4a4a21f38,OAK RIDGE,Oak Ridge
cc:dce8e021-9c87-48fa-89ba-3a4f7d7c2b80,SIOUX FALLS,Sioux Falls
cc:dcf2c065-30f7-40a5-9940-426caf941faf,BOSTON,Boston
cc:dcf80708-412c-425e-b173-25f277afe0c0,OAK HILL,Oak Hill
cc:dcf9106d-d47a-4086-a2b8-895e0231f9d1,ANNISTON,Anniston
cc:dcfd0810-9a6d-400b-a23f-961ec1da48be,ANTIOCH,Antioch
cc:dd0679f3-a223-4ca6-bf50-0664eb0e890d,SAINT GEORGE,Saint George
cc:dd06e7cd-dfab-4544-b695-2706f1cd6617,MELROSE PARK,Melrose Park
cc:dd0847c7-d525-4424-a5cf-7d48b511dc25,SAN ANTONIO,San Antonio
cc:dd089bd9-3617-46f0-8502-ceb91097249f,FILLMORE,Fillmore
cc:dd114279-3285-4f64-97d3-dc5dc9957bef,ALLEN,Allen
cc:dd116aff-004b-4639-92ee-fcc8534efca2,SHREVEPORT,Shreveport
cc:dd2b727e-f915-47cf-836e-d36e4eb5363f,RACINE,Racine
cc:dd334a36-fc4d-40ad-ac40-c6f21076d4a1,MELBOURNE,Melbourne
cc:dd409ae5-4dc8-459b-b2d6-a2f6dc893ab8,RANKIN,Rankin
cc:dd4148c4-f6c5-4320-b8ea-57d173ea0204,COLUMBIA,Columbia
cc:dd4e3038-cb61-4272-9729-71165651e89d,BROOMFIELD,Broomfield
cc:dd520e86-1fa3-4f42-9579-1dc659604ef7,WAUSEON,Wauseon
cc:dd555b1a-e5aa-4481-8ad5-ec8a846adc28,WABASH,Wabash
cc:dd659b5f-fcd4-417d-a60e-9f933a9ea54e,WINDSOR,Windsor
cc:dd68f1c0-8759-47a9-a20d-705b4a1be7ad,SUMMIT,Summit
cc:dd725112-e62f-4bf4-97e6-821104e7569d,LOS ANGELES,Los Angeles
cc:dd7a94bc-7abf-4c0f-8380-209cf54472ae,HOUSTON,Houston
cc:dd89366c-f933-4dd2-98a9-0af40876b9f9,BRONX,Bronx
cc:dd8f26da-57e2-410e-afea-ada12a9a9848,SEATTLE,Seattle
cc:ddb5a4df-4ec7-4d82-9971-8f63a36b9fa3,IONIA,Ionia
cc:ddd6d763-bcfc-41af-8a82-b4683a9fcdb6,NEW YORK,New York
cc:dde146f0-c446-4992-ac5f-ef8b0d7d75e4,WHITE HALL,White Hall
cc:ddf4c3fb-7762-4c2e-ac78-f7d16d61ca7a,FAYETTEVILLE,Fayetteville
cc:de13a4dd-bf9f-40da-99f8-8167cafc9913,GUYMON,Guymon
cc:de20b6f3-a8ca-42e3-88a2-459665ad3d64,HEALDTON,Healdton
cc:de28a0da-ffbf-4df0-8f6c-a4542269b562,BALTIMORE,Baltimore
cc:de2c7f39-a829-477b-8a69-0b9fbfd2c627,GREENWOOD,Greenwood
cc:de2d23fa-b47d-4788-8187-40b247917d26,BALTIMORE,Baltimore
cc:de310f5a-e03c-4222-ab20-dd6162f5c94f,ENID,Enid
cc:de48a978-2108-4f60-b0ac-7a234aa76446,SHENANDOAH,Shenandoah
cc:de495a94-2714-4101-8b59-5b82c234e843,CULBERTSON,Culbertson
cc:de4e3ec5-7b76-4dc7-9ee1-03dcca6705cb,LIVONIA,Livonia
cc:de538c1d-890e-4bb8-a4f8-c18e14add4d2,SPRINGFIELD,Springfield
cc:de54e6b6-56c5-434f-b599-f1ee7ba8f292,BERKELEY,Berkeley
cc:de557b22-511a-4555-96d2-1ff7b15cf121,BAYTOWN,Baytown
cc:de573148-91c7-483f-92ff-457dca73af3c,ROANOKE,Roanoke
cc:de5a3193-46bb-4278-bcc1-14baa6e96bf2,AVON,Avon
cc:de5eaea1-a6f0-4807-97b5-2e05011fb99b,WARREN,Warren
cc:de6f0481-449b-41a7-8aca-aac31f5405fc,CANDO,Cando
cc:de89ef8f-1120-4563-bce9-7eaa1129f6de,MISSION VIEJO,Mission Viejo
cc:de9e1992-b1f0-49b3-8a93-65187ac61754,DEER RIVER,Deer River
cc:deab2612-d7cb-4d81-9691-b98c8feddd1b,BOSTON,Boston
cc:debb6acb-cded-494c-acbe-f89802a21b34,SIOUX FALLS,Sioux Falls
cc:ded0dcb9-0e73-4f29-8a24-781af6b2d7ae,MOORE,Moore
cc:ded5d86b-d953-4bac-94f7-e52fe6872b37,CORYDON,Corydon
cc:dee21d86-697a-4d97-937e-62d659557bb0,AURORA,Aurora
cc:dee92380-68e4-479f-83dc-8b3c225c5d04,WINNER,Winner
cc:def45f7a-c5fd-4c13-aab9-9703630f4316,DALLAS,Dallas
cc:df03cc73-836a-485b-8fac-c7fe2cbb0892,KISSIMMEE,Kissimmee
cc:df0aeb0d-18a1-4c32-ab1b-4e1a22b0f311,PORT SAINT LUCIE,Port Saint Lucie
cc:df0c6cee-3197-4e16-bc39-689b16c1d128,NANTUCKET,Nantucket
cc:df20a4ce-8e47-4d33-84b1-f715bde840d3,ORLANDO,Orlando
cc:df256658-c9a7-4ea4-ac16-98ee3215c959,RAWLINS,Rawlins
cc:df30018a-7a0a-43a6-8fdb-1348abe16bd2,OSHKOSH,Oshkosh
cc:df303625-0000-4011-85bc-99116ef0f71a,FLOWER MOUND,Flower Mound
cc:df334616-f6e7-4be6-8059-c87f97c77d9a,GARLAND,Garland
cc:df3b0e63-c585-4263-9068-0f3537891005,HOMER,Homer
cc:df3e1b84-ad62-4c38-a64e-b46a8dcda85d,DAYTONA BEACH,Daytona Beach
cc:df40e0a0-c82e-4dec-b866-d33fa27f8dda,SAN FRANCISCO,San Francisco
cc:df4290c0-8374-44b2-9444-e8b717138fc4,WISCONSIN RAPIDS,Wisconsin Rapids
cc:df45126a-0483-4c5a-a06d-0cab8f43a19a,CROCKETT,Crockett
cc:df55658c-3251-4d81-b51c-148e107dd191,PITTSBURGH,Pittsburgh
cc:df559768-ddd7-4920-a4d7-97e90a303a02,GRAND RAPIDS,Grand Rapids
cc:df5a4d4f-0433-4419-9e6f-a7fc4eb0532e,DOWNEY,Downey
cc:df6857c5-4508-46d9-a782-34d89b6452c5,HIALEAH,Hialeah
cc:df6f817d-fbf8-4a94-b8ce-5c3b8449db53,OMAHA,Omaha
cc:df71bbcf-8122-45b5-b7b1-1873be21fa38,PLYMOUTH,Plymouth
cc:df7c668f-ae47-4c3c-a5e6-e0ccf88ff34c,SPANISH FORK,Spanish Fork
cc:df95bccb-0421-405f-b381-6d36995d6c78,WYCKOFF,Wyckoff
cc:df977207-d55b-413e-b7d4-928f595724a3,AUBURN,Auburn
cc:df9eeebc-19e1-4670-a9b9-6511f9c8a346,DAKOTA DUNES,Dakota Dunes
cc:dfb2cd42-0066-4ef9-8e39-3c6fc79e4c32,AMARILLO,Amarillo
cc:dfb6ffa9-4937-4356-b101-faf7c9d43cf4,ABBEVILLE,Abbeville
cc:dfc46bf5-e7d7-40c1-b7fa-cc1fb652f082,CAMPBELLSVILLE,Campbellsville
cc:dfc6c305-f994-4b76-8988-7ae3dd700f12,SAVANNAH,Savannah
cc:dfc8a945-0176-4a98-8001-f1882457c688,BRISTOL,Bristol
cc:dfc8afe6-e9f4-49c8-8cbc-b172a033a165,SAN MATEO,San Mateo
cc:dfccd03b-358d-418b-ad5e-f8af64f48fb1,UVALDE,Uvalde
cc:dfcefd7f-9433-416e-acf7-b686b9afbdfb,THERMOPOLIS,Thermopolis
cc:dfd2be3d-bcd4-4761-add1-204e35fe1004,COTTONWOOD,Cottonwood
cc:dfd50c22-a703-43d4-b14b-5d62ba27ad29,FORT WORTH,Fort Worth
cc:dfd56056-4e9f-4558-bc93-fee83f056fb1,BANGOR,Bangor
cc:dfd5a6f6-6940-45ae-9a5f-61f38b85f3bf,VALENTINE,Valentine
cc:dfd9367e-35db-428c-b9db-38f478b7e0d4,LAWRENCEVILLE,Lawrenceville
cc:dfd945e9-0392-4348-af45-ebf8e61aa7dd,DETROIT,Detroit
cc:dfef00c7-2422-4d4a-ad60-2ce3ff90a0fe,HOT SPRINGS,Hot Springs
cc:dfef0d6a-92be-43e3-8292-cd0ab993cb84,OLNEY,Olney
cc:dff8d1cc-40c9-4178-b0b0-2f0d87b0368f,SAN DIEGO,San Diego
cc:e003d5df-3be6-4d5e-b00c-90489416dd2c,GLOBE,Globe
cc:e005d4d8-8584-4f1e-b32e-f4b9fa3ff447,CHICAGO,Chicago
cc:e0148ad8-67a4-4213-88b6-4266300f86c1,DENTON,Denton
cc:e01a4aba-93aa-4a1a-9ca8-3667e618ce71,HOLLISTER,Hollister
cc:e021e887-6f86-40bb-8e44-752c72f76b1c,BURKEVILLE,Burkeville
cc:e02c4680-e137-4080-8d1b-c663315f0d88,WICHITA,Wichita
cc:e02ff30c-59ce-460c-90a4-135e98627499,SIKESTON,Sikeston
cc:e0339fdf-0739-49c5-9fea-97c015bb4690,MONAHANS,Monahans
cc:e04fa7c2-5f80-4e38-89c3-010de4b543ed,PITTSBURG,Pittsburg
cc:e04fbeaf-08be-41bd-ade7-341214af0331,PHILADELPHIA,Philadelphia
cc:e0689c46-93ba-40e9-b881-33e02a31f332,CHEYENNE WELLS,Cheyenne Wells
cc:e06e4361-e2c7-47db-8766-33a570cfe578,LAKEWAY,Lakeway
cc:e07c3906-f7d6-49ec-b5e7-14f819b9bc8f,LA VERNIA,La Vernia
cc:e07e8234-ad41-4155-b325-cad922943170,ROCKY MOUNT,Rocky Mount
cc:e08009e7-be0a-4352-a928-8f13276e5e18,WEST CHESTER,West Chester
cc:e0872002-cc9b-4862-9706-2655cfdd9eb9,WATERLOO,Waterloo
cc:e09cb3a2-19a6-495b-9c88-046780ce876b,GERMANTOWN,Germantown
cc:e0aafb57-c026-4b21-82ef-393aa250007a,BROOKLINE,Brookline
cc:e0ab91b0-fcae-4b7b-9170-4454e7316661,SAINT JOHNS,Saint Johns
cc:e0b4f6f7-7457-451c-92ac-c024bbf8aefc,FISHERSVILLE,Fishersville
cc:e0bc6248-9636-41a3-8083-894828b1cb0b,EL PASO,El Paso
cc:e0cc775a-8323-4542-8f27-e51cb4f740e8,HOUSTON,Houston
cc:e0df2707-3057-4a2d-ba37-8a0d10a1b793,EAST MEADOW,East Meadow
cc:e0e1099e-a1af-43ff-b24f-a6c86caefcfb,GOLD BEACH,Gold Beach
cc:e0e1a370-5f91-46f0-bcc6-d40992fda8dc,STEPHENVILLE,Stephenville
cc:e0fffabc-dd5a-41e6-90d6-2a180aa33884,AUSTIN,Austin
cc:e105cb0e-6967-4fdb-8482-9df57f38c93b,ASHLAND,Ashland
cc:e1135618-7af8-4bd3-abb1-864139efc7b4,MEMPHIS,Memphis
cc:e13077e3-5906-4cb7-942f-309c1a1f28fd,MADERA,Madera
cc:e13bcc50-2208-4f79-8469-15d59b8d0ead,PLAINSBORO,Plainsboro
cc:e151b90f-6115-4f8b-83b6-7da2e42b95fe,QUINCY,Quincy
cc:e15f671b-3f97-4441-ab4a-215b36bede8c,BAY SHORE,Bay Shore
cc:e178db64-49a9-41d4-918c-090cdff77bbb,JACKSON,Jackson
cc:e17d6162-0264-45cb-9fcc-1b81d562f11c,GLENDALE,Glendale
cc:e17e2b22-915e-4fad-a70f-48608054e471,SOUTH WILLIAMSON,South Williamson
cc:e18db454-b3e7-4b57-99d9-a3fdd363f8fc,EVERETT,Everett
cc:e18e9d52-1d33-46e8-ad4d-246bbe7ac76d,MARKS,Marks
cc:e19580a5-6265-4d5c-b289-f86edc245e4b,RENO,Reno
cc:e1981aac-5ed5-4055-921f-167da1cee3c6,NORMAN,Norman
cc:e19d6051-8194-4aae-ba69-c34b7356edac,ATTLEBORO,Attleboro
cc:e19d6468-529f-4f42-8bde-87220793e88f,RIPLEY,Ripley
cc:e1a0b48e-3078-40b5-bbb8-34a5bce56d33,HIALEAH,Hialeah
cc:e1a1dc46-17a2-4f1b-99fb-7e4c0f525d5d,STAFFORD SPRINGS,Stafford Springs
cc:e1ac6a13-20c5-453a-bc89-916079b011c5,BILLINGS,Billings
cc:e1adbab2-89d8-4af1-b937-4a4f945f8185,NOVI,Novi
cc:e1ae988a-a3a2-4772-bdf4-70247038f39a,WARNER ROBINS,Warner Robins
cc:e1aedcf0-c1d5-4c4e-bcab-a24735205c1c,BAYAMON,Bayamon
cc:e1aef3d6-3754-4de3-8883-4508391eb392,HAMMOND,Hammond
cc:e1c33219-ce89-432c-9163-42ae6a45b8e7,HUNTINGTON PARK,Huntington Park
cc:e1c7fc9a-a7c4-4527-8c30-270f62dff263,WINTERS,Winters
cc:e1c987dc-8f75-4ff2-ad63-eaf970fb28c1,MARLTON,Marlton
cc:e1d0fcb8-a256-43dc-8857-4daeb27150d6,BEL AIR,Bel Air
cc:e1d722a9-6fca-425c-bfd6-ea2a20379a27,CHARLOTTE,Charlotte
cc:e1db8e6c-a6ce-4b56-8c1c-294788bdaca0,MERRILLVILLE,Merrillville
cc:e1e04615-e01a-4b5f-87e2-f6c2714708eb,DADE CITY,Dade City
cc:e1e1b905-ad0d-44b4-9939-e68e9f726ffe,LOUISVILLE,Louisville
cc:e1e20e85-6fc0-4936-a7bc-cf6e3fc66f60,DURHAM,Durham
cc:e1e6a608-0b00-4e99-b8fd-f26edee7c1d3,LEXINGTON,Lexington
cc:e1ec2cf7-3a01-43dd-be48-200f5e16ba41,MOUNT PLEASANT,Mount Pleasant
cc:e20cd724-faa5-452e-a49f-84fb3dbeec02,WINDSOR,Windsor
cc:e20f0709-3ba8-4b41-b888-9e03fb2cc73b,ENCINITAS,Encinitas
cc:e21a8875-606c-46a0-8764-44e9f9f7dca0,PRINCETON,Princeton
cc:e220a3b0-f7e8-49c4-87a4-201b6f1de873,ANNA,Anna
cc:e2476a35-6d82-46c0-b0d6-9c0b622f483d,RIVERVIEW,Riverview
cc:e2662017-2c80-4714-a6fa-61bc47f7f5e4,OKLAHOMA CITY,Oklahoma City
cc:e27254f9-2b59-4de5-8858-946b7f92b2b2,TYLER,Tyler
cc:e282feef-2526-41d1-94bf-e03fd2b36edd,BATTLE CREEK,Battle Creek
cc:e28b1a4f-801d-4e41-bb79-3abe1b6a4948,ELMIRA,Elmira
cc:e299da31-2aac-4855-b5b1-f10764d83a05,DURAND,Durand
cc:e2a39844-ae73-4f36-a4a3-dab207d8cdf9,BRONX,Bronx
cc:e2b1c14f-da82-4022-ba2a-47664a5f87b8,FORT MYERS,Fort Myers
cc:e2b3ff67-dac1-4e03-92ad-c3e08a03a15c,HENRIETTA,Henrietta
cc:e2c0388b-aba4-4db8-99a3-0982bf654482,NEW ORLEANS,New Orleans
cc:e2c9577c-65e5-4c67-a0f2-636e15d76b9a,FLUSHING,Flushing
cc:e2cbcf4c-f99a-4e2b-99d5-702939d5cfee,CHARLESTON,Charleston
cc:e2cc6f78-ac56-4ac4-91a1-a71afca006d4,ELBOW LAKE,Elbow Lake
cc:e2d5e02a-dd28-4549-bcc1-0edda72db43f,BALTIMORE,Baltimore
cc:e2e19e2c-cb61-4e94-8aa2-8390adf62ba8,KNOXVILLE,Knoxville
cc:e2e82ba5-7adb-4534-b2c6-7ff328e11b86,PONCE,Ponce
cc:e2e97958-bfba-463e-aa4e-4eaf8cb5c33d,LUMBERTON,Lumberton
cc:e2fa4e24-5925-489a-8511-051321532ade,CARROLLTON,Carrollton
cc:e2fbfc21-3941-4f88-90b0-5ccec4bc6db5,DARBY,Darby
cc:e2fd3aa5-ed22-4745-b2f7-b2046d125c01,LAREDO,Laredo
cc:e310fe25-85ca-480d-bd97-dfb4dca497b0,PRATTVILLE,Prattville
cc:e316c09f-1d68-4050-8d8d-cfa5819696b9,JOHNSON,Johnson
cc:e319a162-759b-4936-a11f-da90225ba46f,LUBBOCK,Lubbock
cc:e3219732-81d8-4c84-a3b5-8a3f6faeb20c,WOODVILLE,Woodville
cc:e32ff614-948a-4a3e-b84b-c6e5806ab819,LINCOLN,Lincoln
cc:e33577ed-8365-4699-851d-11901eb4410b,RUTHERFORDTON,Rutherfordton
cc:e33d878f-a52d-43ac-9ea5-6ab22fd3a393,ORANGE CITY,Orange City
cc:e343c3b1-fa50-4642-bc75-448e5548155b,ILWACO,Ilwaco
cc:e350f821-08aa-4d54-80fa-009cfdebd465,RUSSELL,Russell
cc:e356f157-ae69-4843-ac9d-783e22c1e8e3,LAKE CHARLES,Lake Charles
cc:e357bf56-8758-4123-9fee-dea625b69c5e,NEVADA,Nevada
cc:e35fb942-4d51-4437-b9f0-66bb811904a7,MACON,Macon
cc:e3678553-0da2-4919-9b3d-cbfdd5cb0abe,MILWAUKEE,Milwaukee
cc:e3734cc1-a3f0-4f8c-92a3-8b7161505c9f,OPELOUSAS,Opelousas
cc:e38c05fc-18cc-4433-b9b2-f5aad9c5ee86,CHATTANOOGA,Chattanooga
cc:e393243f-b8bc-4826-93a1-4eaa982375e2,FRIDAY HARBOR,Friday Harbor
cc:e393720d-95e7-4f5e-99c0-47d302a97217,FLINT,Flint
cc:e3ae06d8-4aa5-4843-ae86-164f41881217,PLAINFIELD,Plainfield
cc:e3c256b1-f17c-4454-be70-9c66325824ee,FRANKLIN,Franklin
cc:e3c60654-eb9d-4a03-aa4c-ccae73aff977,PEMBERTON,Pemberton
cc:e3d83fcf-2406-40cd-b010-818a44c0e7a1,PARMA,Parma
cc:e3df34f7-245b-4aa2-a77e-93597cc44cc9,MISSOULA,Missoula
cc:e3e91592-a7c3-499d-a7ea-6900cf1fe50a,ASHLAND,Ashland
cc:e3f64148-f99c-42d5-9943-9088e3747e27,TAMUNING,Tamuning
cc:e40c9bb6-6606-4014-aef3-67e42254598d,COLUMBUS,Columbus
cc:e40f6245-8fcb-4e82-b822-fff61ac2c4cf,TRAVELERS REST,Travelers Rest
cc:e4165eec-b314-4a4a-91a1-b12600cd0f34,SPRINGDALE,Springdale
cc:e4197a8f-02da-43d1-b049-4fd4acaa903f,MENDOTA,Mendota
cc:e4236d3d-67ba-40a4-b7b8-8f6e7357ee1a,HUMACAO,Humacao
cc:e4374e03-8edc-4137-84e3-b16fd6a43ada,BROWNSVILLE,Brownsville
cc:e46216d9-144f-487c-b814-204efd7e914e,ROARING SPRING,Roaring Spring
cc:e46a276b-3fd0-4138-9843-aa387567ad40,SHREVEPORT,Shreveport
cc:e46e2965-bbed-48f3-9afc-403db0b0481c,FALLS CITY,Falls City
cc:e474b069-0c1d-4318-9389-d0fdc8987e39,PLEASANT VIEW,Pleasant View
cc:e48829cd-a073-4e88-9cc5-21f02277a5a3,FRIONA,Friona
cc:e4966c85-6052-41dc-b767-040daae74f33,GREAT FALLS,Great Falls
cc:e49bbd49-897a-4972-9eab-015b2a41abdd,HICKORY,Hickory
cc:e49c086e-e196-4def-b5db-aae1782921e8,CORPUS CHRISTI,Corpus Christi
cc:e4aaf237-cf25-4eaf-9aa4-ae05a215ad6e,GAINESVILLE,Gainesville
cc:e4ad62ab-5f92-419c-a411-879aa22cfdc1,WAMEGO,Wamego
cc:e4b07b69-a821-4268-ab00-f747fd9ef912,SHAWANO,Shawano
cc:e4b86a9d-7329-4160-a1f2-2e6ee4916105,LAREDO,Laredo
cc:e4b90a04-90bf-4d9b-8f01-860f32e0aeac,MONROE,Monroe
cc:e4c15bbd-5f91-4145-9a9f-713540d1ee9f,EL PASO,El Paso
cc:e4c3585b-1e32-4080-a94f-168a303c1d1d,CORALVILLE,Coralville
cc:e4ce809a-6a7f-405d-b270-c2adb28d9b5e,WOODBRIDGE,Woodbridge
cc:e4d16646-fc47-43e2-981d-e85b2ca6bd0e,MACUNGIE,Macungie
cc:e4d27764-8dd2-4502-8bc9-43a94814d608,RICHMOND,Richmond
cc:e4df17a1-e3ad-41e8-a695-8573f7907758,SAVANNAH,Savannah
cc:e4e18527-06f8-4bdd-aa3a-a0ea5752a356,KIMBALL,Kimball
cc:e4f41b5c-2617-4441-abf1-90c1101c0d73,BATESVILLE,Batesville
cc:e4f72435-e424-418a-aba6-eb6c302a6502,SAN DIEGO,San Diego
cc:e4f7ad5b-8cee-4fd3-b297-e0e674e71e8c,KERNERSVILLE,Kernersville
cc:e4fa4608-4828-49b7-b6ab-8fd7f4723a5b,LAKE VILLAGE,Lake Village
cc:e4fef33b-03ff-4aef-bcaf-dd12e7cd13f4,ABERDEEN,Aberdeen
cc:e507db4c-f76f-4c13-b605-e5c00153370b,GLENDALE,Glendale
cc:e5116582-b090-4477-9470-51ca382f9d13,HOUSTON,Houston
cc:e51aaa2f-d1dc-40fc-b7ad-671103fd069e,OXFORD,Oxford
cc:e51be676-ffd3-489c-9728-feb2e4707f92,ROLLA,Rolla
cc:e51e2c6a-08c4-4824-8b9a-cbdca86d9e24,COUSHATTA,Coushatta
cc:e51ec6a5-f1f3-4e7e-b942-f2644bb5d488,TALLAHASSEE,Tallahassee
cc:e52979d7-c0c8-4c02-92d6-e6d8dcfad468,BUTLER,Butler
cc:e5348309-612b-43a6-bc8f-2b6b69b53058,WILMINGTON,Wilmington
cc:e5460e35-d058-421b-ba65-d5214cd610fe,WARREN,Warren
cc:e54d076b-4419-43e1-96a5-99370efb05cb,RIDGECREST,Ridgecrest
cc:e55f1646-46ab-4091-90d0-abb66b0676e5,BELLINGHAM,Bellingham
cc:e5664cfa-d43d-4d07-aa64-6b21e8376f75,SALT LAKE CITY,Salt Lake City
cc:e56c81c1-1ded-41dc-be60-928dd3dd8bd0,LIMA,Lima
cc:e577a207-a2ce-4876-93ab-8fa84b7e49e7,GREEN SPRINGS,Green Springs
cc:e5a43e20-15d1-4669-894f-36e33a157bcd,ALEXANDRIA,Alexandria
cc:e5aa7666-c890-471e-86dd-0e77de7ce9d8,EL PASO,El Paso
cc:e5aa9eed-4779-4d5f-af0d-ac8bfcf04571,LOVELL,Lovell
cc:e5ab9baa-527a-4e51-8ce3-34237e543207,CLEVELAND,Cleveland
cc:e5b47470-a1be-4db2-8147-d05a2f8da477,MESQUITE,Mesquite
cc:e5b8fcf8-1afc-4966-b645-46791a696bc7,BROKEN BOW,Broken Bow
cc:e5c2f736-8837-42bc-90a5-67e542a028a5,APPLE VALLEY,Apple Valley
cc:e5c8c1b8-858b-4ad2-bb9a-73882329c147,LIBERAL,Liberal
cc:e5cf02b0-7982-475b-9983-fcb838706361,JACKSON,Jackson
cc:e5dd6075-7bfe-40ed-8f01-337196f4408e,ANDERSON,Anderson
cc:e5e7640c-f6a2-48d5-a016-fd0b61c24a86,MONTICELLO,Monticello
cc:e5eed802-cf27-4b8a-a0cd-0d953381a30d,HOUSTON,Houston
cc:e60f8ce2-8a4b-4a0e-9df8-b07d7a3290df,STUART,Stuart
cc:e618c630-65af-4be8-a5b2-f65e4132e6a0,FARMVILLE,Farmville
cc:e61b3ba8-2eff-4ed1-859f-65a7d64b3bb6,TOLEDO,Toledo
cc:e61d8175-df22-4660-94a5-9dd93d60b4db,LOGANSPORT,Logansport
cc:e62b3a0d-5cd4-42e6-98ff-43b466fd3e74,MOSES LAKE,Moses Lake
cc:e62d362d-543d-4f2b-aa33-2ad3fa0328f7,HOUSTON,Houston
cc:e63a5a65-7050-4943-aac6-9e25758dc8a3,CAMDEN,Camden
cc:e63aa042-73c2-4a57-a043-ea2f55546364,NORCROSS,Norcross
cc:e644279d-7ec5-4b74-a5fa-909587fa0ada,COLFAX,Colfax
cc:e647712c-a74e-40c0-ae4c-eca9013bf640,RUSSELLVILLE,Russellville
cc:e648342e-5cc2-4d16-8546-2eef4e4e9cbe,BAYTOWN,Baytown
cc:e64dce11-be0c-4624-86d7-ee1e0856be6a,MARRERO,Marrero
cc:e64f6b9d-69a2-41b0-b188-d164939f27c1,MORRISON,Morrison
cc:e6547a25-c527-4d04-b63d-ac738971271d,ABERDEEN,Aberdeen
cc:e6625867-232b-41c2-bcf9-c94d88c86be0,BEAUMONT,Beaumont
cc:e663114e-2479-4a90-a0c0-90d5ea8b5314,FOREST,Forest
cc:e66a48e1-4fff-4c22-864a-2433f2cb9d47,NEW YORK,New York
cc:e66ad21a-3430-427e-8c15-d7527e872d79,MIAMI,Miami
cc:e66b1378-f692-4a08-a29e-58d16161e8e0,LEHI,Lehi
cc:e67619b9-51a9-42d4-9dee-79dd4019c4ab,CLINTON,Clinton
cc:e6789264-1dbe-4cdb-ac58-75b63150e01c,PARKERSBURG,Parkersburg
cc:e6873d60-7b89-49bf-b82e-962922d8e24a,RULEVILLE,Ruleville
cc:e6889ca6-3a07-4b49-93dd-78944fb325c4,BEREA,Berea
cc:e69c694a-d1d5-4467-83d7-82daa7da7665,TULSA,Tulsa
cc:e6a1515d-0fb7-4167-a0fb-39a900b0701d,REDLANDS,Redlands
cc:e6a30a8c-8b43-40ca-875b-d40ec85a2264,BOONE,Boone
cc:e6a41729-e409-40e2-917c-29b5c5f15284,ARLINGTON,Arlington
cc:e6a61515-b6f2-41a3-9d82-697252110dc9,ABERDEEN,Aberdeen
cc:e6ade4c5-2f57-4ce0-bae6-5843db6a2ec1,BOCA RATON,Boca Raton
cc:e6b1a469-70b6-4ac5-a1e0-eea1b47ad320,LUTZ,Lutz
cc:e6c01070-c0d4-4167-a644-2823ced8e841,JONESBORO,Jonesboro
cc:e6dc2abd-b4d8-4102-b07b-e32efd9c73d4,LEBANON,Lebanon
cc:e6dcd78d-227a-4772-8378-c4fe5fb73d5b,BOISE,Boise
cc:e6e85110-9501-4d7e-93f2-f078de7985ba,BRADENTON,Bradenton
cc:e6ea9e5c-67c7-45e0-aa06-66226bcaf2f6,WEST HARRISON,West Harrison
cc:e6f14240-17e0-40c7-8600-99624ea3796e,SMITHVILLE,Smithville
cc:e70743f2-29ea-4d4c-9fcf-60cecddeaf8b,BILLINGS,Billings
cc:e70c1e61-8bbb-46fd-afbb-7cc77dcb0b97,NORFOLK,Norfolk
cc:e7100e8f-9618-4018-9ede-58e41361822a,CALHOUN CITY,Calhoun City
cc:e720d9f8-d26e-43f6-a745-ffc9a7650ef0,CLARKSVILLE,Clarksville
cc:e74020a6-62c1-4190-8499-b05abc660771,LIVINGSTON,Livingston
cc:e74a404e-f23d-4316-8939-d39038cca275,MAHNOMEN,Mahnomen
cc:e74bcd23-d8dd-41a6-b787-48edde2c125f,LEXINGTON,Lexington
cc:e74c28cf-c7fa-4eac-b736-b46640fb1d50,NASHVILLE,Nashville
cc:e74e402e-2fc1-4243-a915-b910c326767d,WEAVERVILLE,Weaverville
cc:e757ab9e-4d06-4ba3-8a81-97cf41e744a5,AMES,Ames
cc:e759bf45-e376-479e-9234-915c6232b2d0,PORTLAND,Portland
cc:e75e277f-1f05-49e7-b83d-142059f552bf,MARYVILLE,Maryville
cc:e77aecdb-10a5-46a5-958a-5942b574e615,TAMPA,Tampa
cc:e7847fe8-c44f-46ed-a022-465e1c852b63,JACKSON,Jackson
cc:e78b050e-1f85-40f9-8026-f613a7946795,WATERVLIET,Watervliet
cc:e78eabd4-280d-4549-9080-1fdd16ad873a,NEW MADRID,New Madrid
cc:e79372d9-410d-474c-a7a1-8ec2f9336547,KIRKSVILLE,Kirksville
cc:e7990e84-2c07-4158-8f61-b1aade161c23,WINCHESTER,Winchester
cc:e7a77572-3e39-40b9-b14f-f6d15e16afcf,DENVER,Denver
cc:e7ae57aa-67e2-4cd5-89fd-67aeaf0c204e,CULVER CITY,Culver City
cc:e7bd5134-a5a6-4302-810d-6061a9f5c5e0,EL PASO,El Paso
cc:e7ccce78-92a0-4b62-b484-e9d664f4914e,COPPELL,Coppell
cc:e7e24b0c-af6e-43b4-89a2-8065c1e51635,LAKEWOOD,Lakewood
cc:e7e4342c-8c3c-4c1f-88bc-bb72bc803b8a,JACKSON,Jackson
cc:e7e816c5-7cd2-4619-9a99-5fa2c36f01bc,MAYAGUEZ,Mayaguez
cc:e7e94c5b-a492-4596-be01-586fbe5647dd,BURGAW,Burgaw
cc:e7f16ff9-d1d1-4c13-9fb1-8016b8b865b8,QUINCY,Quincy
cc:e7f1aab8-48f7-412f-9451-c06654806183,LEICESTER,Leicester
cc:e7f83a8c-c4ae-4595-9fe6-a18161d65820,DAYTON,Dayton
cc:e80138cf-3c0c-4b7b-b331-1456d153a0c7,BELLEVUE,Bellevue
cc:e80bd2cc-8b88-435c-bbfb-6c17c698363f,CORPUS CHRISTI,Corpus Christi
cc:e8188dc0-7fe9-44b9-8b0c-d814f386f0b8,WEST MEMPHIS,West Memphis
cc:e81bbd5d-9784-4535-8ade-188eab6fbc9d,CROWELL,Crowell
cc:e81bc997-654e-4e86-8895-bdebbaf508be,MARIETTA,Marietta
cc:e833f340-c41d-4b7d-ba98-b4cabc607dac,SALINAS,Salinas
cc:e83dfea7-3a4a-4b34-a44c-80231aa0b0cf,HAVERHILL,Haverhill
cc:e84df3d1-f9c1-4379-8bff-6e318f083f97,LOS ANGELES,Los Angeles
cc:e85141c6-c043-4773-b3c6-eb34e8773a5b,LAFAYETTE,Lafayette
cc:e892bd91-bb5a-4714-991e-13e9ab85503e,LAS VEGAS,Las Vegas
cc:e8947b94-6e85-4a23-af27-79ec987db7b5,BEEVILLE,Beeville
cc:e896d19c-3835-452e-88cd-0fa65dcccbd1,RANSOM,Ransom
cc:e896f569-41f5-4b43-8726-28ae9a6d7f12,LEWISTON,Lewiston
cc:e8970753-1615-4dbd-bdad-dc79bd497aed,NOBLESVILLE,Noblesville
cc:e89cd0c2-d02e-4104-8aab-9e606944afd6,LAS VEGAS,Las Vegas
cc:e89e6c15-6aaf-4b25-a00c-8623974e4475,CENTREVILLE,Centreville
cc:e89fc79d-3bad-4150-8c10-3e6f7ce9a398,BAY CITY,Bay City
cc:e8bb2219-853a-4ada-86b0-822a24c27c6b,ROCK ISLAND,Rock Island
cc:e8bd0075-ffeb-49ab-8f02-894020bcefda,WHITE PLAINS,White Plains
cc:e8caea7c-4ae6-466e-a051-380544a37d8d,BRICK,Brick
cc:e8ce3080-8c50-48c7-a94a-d794d02836bf,SANTA ANA,Santa Ana
cc:e8d5e788-254a-46af-b1a1-753770805f51,REDMOND,Redmond
cc:e8dd7ba0-53c1-4002-9f31-f8a7f35fa2c6,COLUMBUS,Columbus
cc:e8ed110a-d563-46b6-9126-10aab7441613,SACHSE,Sachse
cc:e8f9a947-4b89-4af5-86fe-075b6fd3417e,FORREST CITY,Forrest City
cc:e8fb9982-26fe-4c15-9f07-910a5c68055c,PADUCAH,Paducah
cc:e9013f70-8ce8-40a0-93ce-4a5406570c69,MELROSE,Melrose
cc:e9051412-08ea-4b50-99a0-456f2b2e94ee,OCEAN SPRINGS,Ocean Springs
cc:e9052275-5f50-43de-9413-d6e543fdda9d,GRAND HAVEN,Grand Haven
cc:e9085b2d-8738-4abd-9286-fa6f0f7edd09,IOWA CITY,Iowa City
cc:e908ef33-9a5f-4aab-ab05-20442ab467b8,SUPERIOR,Superior
cc:e90c70a7-906e-4096-8c69-c1274081320f,SUGAR LAND,Sugar Land
cc:e914da52-0580-4b7d-b562-39bb5de8438f,POST FALLS,Post Falls
cc:e91e4199-b8ca-45ae-ac1d-be20dd554b65,RUPERT,Rupert
cc:e9234a9d-5aa0-413f-ac8b-ffa339afdeac,OREGON,Oregon
cc:e923c89b-68e3-46c2-981b-175b03cf3d67,MELBOURNE,Melbourne
cc:e92e0a3b-baeb-4cad-8c68-973d7c85b9de,PLACERVILLE,Placerville
cc:e953c63e-2e2d-4b3c-b5ca-25d4cd617943,TITUSVILLE,Titusville
cc:e954f35c-44ef-4739-af29-1e14c9644d7d,NEW LENOX,New Lenox
cc:e95ab6d8-178f-493a-a7de-e81e4e333538,SAFETY HARBOR,Safety Harbor
cc:e95e87a8-a971-4905-86d7-017f6d9081ea,INDIANAPOLIS,Indianapolis
cc:e961bd70-ec83-405f-aae4-333be3ee60b3,FORDYCE,Fordyce
cc:e9858492-d16e-4cbb-a9fb-ee71ec90cc59,MONTGOMERY,Montgomery
cc:e98e6983-3456-4a47-bbd8-6e847a835fca,CARSON CITY,Carson City
cc:e9915176-cc08-42e7-9314-1035b0559600,LIMA,Lima
cc:e992e1dd-dea2-4db7-8f5c-58e520987342,OAKLAND,Oakland
cc:e99ba547-27a2-4e32-9aed-13e0f6d0e6ea,MIAMI,Miami
cc:e99d94ea-7f55-49fe-b60f-ed4369647c6b,SADDLE BROOK,Saddle Brook
cc:e9b8c8b9-4067-4743-bea7-e1a389c1401a,RICHMOND,Richmond
cc:e9c12ae1-ccfa-46f1-a9c7-831a512938ce,AHOSKIE,Ahoskie
cc:e9cb7655-603a-4c27-9648-a635c4d98ce7,ULYSSES,Ulysses
cc:e9dcf14d-0cd5-4a0e-b26d-1ac753e8fb00,BLACKSBURG,Blacksburg
cc:e9e12073-7137-4aa1-95c5-b1ca91786050,BAKERSFIELD,Bakersfield
cc:e9e33ca8-afcc-4946-b6b5-de9622a3c270,BALTIMORE,Baltimore
cc:e9e89267-81d3-4d87-9e26-9f75e66ec2b6,LANGHORNE,Langhorne
cc:e9f5d56e-5202-4087-a310-29752130d69c,MIAMI BEACH,Miami Beach
cc:e9f99dd2-5c16-4c98-9d2f-db070aec955b,LAWRENCEBURG,Lawrenceburg
cc:e9fc3efd-b6f4-4e70-b46e-6fe3772ea02b,LEXINGTON,Lexington
cc:ea0352d6-b758-41eb-817d-47f99b41ac0f,NEW BRITAIN,New Britain
cc:ea0739d3-a200-4801-a48d-da0066c103a6,WILLINGBORO,Willingboro
cc:ea2c4d0c-836e-4c4a-874a-c741163414af,KANSAS CITY,Kansas City
cc:ea3f0917-001e-4035-bbfb-4e36a8ad738a,PLANO,Plano
cc:ea3f8e23-06e2-4d61-b631-b14f6f8e0c2c,FAYETTEVILLE,Fayetteville
cc:ea5ed972-e33a-40ef-93c2-7a8dd8f24813,NEW PRAGUE,New Prague
cc:ea623831-6c4f-4881-83b2-c72d5f4bced5,SHERWOOD,Sherwood
cc:ea63503e-cde5-452d-bfef-1581b3c03579,PORTLAND,Portland
cc:ea6d2f39-c2ff-45f7-a389-8a91e1b91290,PLANT CITY,Plant City
cc:ea703f99-fe19-48cc-bf54-e63644a99fe9,STATEN ISLAND,Staten Island
cc:ea80cdb6-976a-4b83-807b-8a8c8276e0e2,RALEIGH,Raleigh
cc:ea82b8a4-fc4e-491c-818e-1a2e2f9b9893,COVINGTON,Covington
cc:ea847dcc-5b50-45e5-834b-01051f49f179,MIDDLESBORO,Middlesboro
cc:ea868d43-de40-4be1-854a-f6d10610fddc,SALMON,Salmon
cc:ea8dd03c-b434-4b37-b8e2-df2147d31ecf,ATLANTA,Atlanta
cc:ea902485-1335-4d44-8852-706867d5064e,LANGHORNE,Langhorne
cc:ea95f0f0-4863-4c1f-b3be-6ecf75efa3ce,SPENCER,Spencer
cc:eaa04100-2a6c-4155-8235-41389cdfd884,EASTON,Easton
cc:eaa1da79-0737-4d9e-a38b-7c9df4a67bf2,BEAUMONT,Beaumont
cc:eaaf1fc3-71f5-46fa-8a18-f614c506767d,WEST ALLIS,West Allis
cc:eab8c821-e5d4-4a0e-bf84-efc53c8fb54c,OSHKOSH,Oshkosh
cc:eabe1cc8-7208-4e2e-b822-dc3c2bd28b0e,NEVADA,Nevada
cc:eac85eae-9ec5-427a-8387-6e63254c7c3a,MINNEAPOLIS,Minneapolis
cc:eac8bfcd-fe0e-41b6-ae39-a3a54765d4f6,LINCOLN,Lincoln
cc:eacfd2eb-22fc-4646-a0b0-e010f84322db,HENDERSON,Henderson
cc:eadc3ddb-ad47-43dd-ad0d-c738197d9346,SILER CITY,Siler City
cc:eae83ec6-536d-46d3-8723-29fb43e33311,MODESTO,Modesto
cc:eaf2084c-e5cd-4948-9418-226449dff462,BETHANY,Bethany
cc:eb06fd2a-8fb3-4b03-992f-dea572630434,LAWRENCEBURG,Lawrenceburg
cc:eb2b7540-397d-4429-bc4f-0c79d4f83355,LE MARS,Le Mars
cc:eb3ffb95-5f99-4fb3-b7b3-1019a060e3a3,RICHMOND,Richmond
cc:eb46c748-3306-43d9-9cff-66570003f52f,LEESBURG,Leesburg
cc:eb5623d2-d02b-4940-b844-da230bbc739b,LAWRENCE,Lawrence
cc:eb573900-4f79-47ec-9cd1-df0832e40e6b,PENSACOLA,Pensacola
cc:eb5beb3e-6d9f-4586-b067-15997c649ea4,HARVEY,Harvey
cc:eb5c09fd-c600-426d-8227-bcdf089b5574,MASON,Mason
cc:eb5f4ec2-7564-4fbf-aaf2-957b9c1bdf88,MERRILLVILLE,Merrillville
cc:eb61fee1-6589-4a56-b468-0a050dd6b717,OSCEOLA,Osceola
cc:eb63b798-dcd1-4329-b28d-e54cb3043c58,COLUMBUS,Columbus
cc:eb6bd445-bfbe-46a6-9809-7dd777b7e4eb,RENOVO,Renovo
cc:eb6d07ba-8f30-4cf9-adc2-db75afef8601,WATERBURY,Waterbury
cc:eb76144d-9ddf-48f6-b353-0910d7bd0856,MEQUON,Mequon
cc:eb863cd6-0c64-4be3-ac95-ada4d0b113b5,CONROE,Conroe
cc:eb8939dc-98c9-46d9-90e9-b5e9ae25298f,WESTMINSTER,Westminster
cc:eba6dbc7-195a-4abc-87ac-672887a60560,LOUISVILLE,Louisville
cc:ebad0b9b-1df3-4d49-97fc-0df26ed77a34,GREENSBORO,Greensboro
cc:ebbccc56-41f3-4a89-a141-d41f965b8b81,BRADENTON,Bradenton
cc:ebbff2c9-c4d4-4645-b7ba-6211dba7506c,ERIE,Erie
cc:ebc892ba-d361-4a2c-a8a0-9fb137105b3b,DENNISON,Dennison
cc:ebd45497-20da-4453-8c90-6ccb4a797a59,WINCHESTER,Winchester
cc:ebdbc579-ebdb-4089-ac5d-12275126914b,OMAHA,Omaha
cc:ebf62e82-7e11-403b-a89c-3479f9580298,CASS CITY,Cass City
cc:ebf9f33b-aa71-4680-94d1-4fc25c583341,LA JOLLA,La Jolla
cc:ebfccb7d-0222-4f20-9de4-5f1367a58ad2,OBERLIN,Oberlin
cc:ec18171d-4e6b-4585-b9f6-57dd2f8c26f8,PLYMOUTH,Plymouth
cc:ec35ed6a-7b2e-4a04-a4d7-d62ccc710570,GRAND COULEE,Grand Coulee
cc:ec4af4af-f0d1-4c8a-9dd0-73842156bcfd,SAN ANTONIO,San Antonio
cc:ec52f1e3-9229-4e8f-88bf-ddd829ac3ed4,GREELEY,Greeley
cc:ec59c17c-7a78-4251-b79b-029c460fbb9f,COVINGTON,Covington
cc:ec5cb3c0-ab40-4b76-918d-495a4db8bfa7,CHICAGO,Chicago
cc:ec5cbd84-8564-479f-8eee-5a223cd8dd82,LOUISVILLE,Louisville
cc:ec6bc079-f4ab-4f86-8055-0709bf0decee,ELMHURST,Elmhurst
cc:ec6cb3b3-0c80-433d-bb77-5719724c5e37,ALTON,Alton
cc:ec7d5fef-3953-4e30-b3f9-f4e3f9564884,MCALLEN,McAllen
cc:ec8214cf-82a5-483b-b8b5-be4b6d9b8c92,MILWAUKEE,Milwaukee
cc:ec8e15ef-07b8-48d7-b4ce-72ff5869576d,WENATCHEE,Wenatchee
cc:ec94ef03-e773-42ae-af0e-f3b72b9da0ea,PORTLAND,Portland
cc:eca0941c-fa19-4111-8c55-a2b1b0a78c4c,AUSTIN,Austin
cc:eca32b30-8edb-485b-b493-6e0279ba6d20,RALEIGH,Raleigh
cc:eca70c57-bf0f-4328-a47f-2c8afe2322b2,NASHVILLE,Nashville
cc:ecb22e8c-6ab7-4070-96f8-4ff06d6ffdaa,TUCSON,Tucson
cc:ecbb2f5b-3e09-47c6-bb19-8f2e6e4149cc,INDEPENDENCE,Independence
cc:ecbcc34f-135b-46fd-bf1b-b752a407e3dd,DUBOIS,Dubois
cc:ecc1171f-a605-4387-8637-09e3501b7559,BATON ROUGE,Baton Rouge
cc:eccd907f-9fdb-483e-83e9-097c5fdc9c0d,AMARILLO,Amarillo
cc:ecd8c5f4-a9c5-45c9-b4dc-0c37fbf75204,OAK RIDGE,Oak Ridge
cc:ece4c6e4-90ef-43d4-bc6b-18a739e80c73,WASHINGTON,Washington
cc:ecf5bf4d-6cdf-48a5-a73a-1ee91bbcc5ab,ORLANDO,Orlando
cc:ecfac633-6a9a-48bc-8eea-c2e0091fb13b,IRAAN,Iraan
cc:ed080b8c-088a-4d7b-9b0e-ade3b046a1c5,PENSACOLA,Pensacola
cc:ed0f7f3f-c3d7-4269-92e6-0e625e886e18,VADNAIS HEIGHTS,Vadnais Heights
cc:ed154c6c-883a-43a3-b790-9c43885232e1,QUAKERTOWN,Quakertown
cc:ed163454-ebdc-4fdf-8fb9-58a78b532ee0,MOUNT CLEMENS,Mount Clemens
cc:ed32be1b-b651-486a-b199-783c7768105c,CORAL GABLES,Coral Gables
cc:ed411727-2126-48b7-b442-6c994d686f79,KANSAS CITY,Kansas City
cc:ed4bf9d2-a146-462c-a0c4-988e4f30b699,CORPUS CHRISTI,Corpus Christi
cc:ed5c462a-4868-4f2d-bf0b-4e957d37c640,SAN FRANCISCO,San Francisco
cc:ed687279-b68e-4685-8be2-4d38cd4debe0,FALLON,Fallon
cc:ed6bf203-56fc-402d-8e26-ef1aecdc9aba,MANISTEE,Manistee
cc:ed711899-6a87-4eb1-bb1a-1b35691203e4,MAMMOTH LAKES,Mammoth Lakes
cc:ed73e701-d1d0-4c48-a494-f253269681ab,COLUMBIA,Columbia
cc:ed7c6121-ef82-4483-8c90-1088bc5722a1,ABERDEEN,Aberdeen
cc:ed8a3d4c-168a-4738-9ab0-281405371f61,SHELBY,Shelby
cc:ed909523-d1b6-4ad8-91f0-810e63581f98,SAN BERNARDINO,San Bernardino
cc:eda60275-8db6-4f2e-8c3c-355f130c46be,PRAIRIE DU CHIEN,Prairie du Chien
cc:eda6d339-9b4d-489a-90f7-80deac1da251,LAKE ST. LOUIS,Lake St. Louis
cc:edadd725-0254-4ec9-a613-4f21ea01fbc2,LOUISVILLE,Louisville
cc:edb0e500-e9bd-4cba-84c8-af56d9bb6b0a,PICKENS,Pickens
cc:edb755b7-5abe-49d3-bdec-935dd35dd6c5,PONTIAC,Pontiac
cc:edc3729c-038e-4113-a74d-d3c3e3c881f0,JACKSON,Jackson
cc:edc87a91-145e-4efa-822f-ad2a61e9ab5d,DEL CITY,Del City
cc:edc92149-340a-472e-b437-f42dc37fddf8,NEW BERN,New Bern
cc:edf276a6-5619-4082-95d5-5c22ef6baa0d,ANDERSON,Anderson
cc:edf4365e-9e5e-4c31-92f9-26bc8a97e9fb,SAN ANTONIO,San Antonio
cc:ee021462-d4a4-4b93-a888-0ec73e8009b5,MISSION HILLS,Mission Hills
cc:ee02873a-2c25-4ec4-8efc-3e277c335558,ALEXANDRIA,Alexandria
cc:ee0bd1d6-fc73-4480-b7a9-9caf0549f0d4,GULFPORT,Gulfport
cc:ee0cc362-feb1-4bf6-8ede-e321cc532c6a,KINGSTON,Kingston
cc:ee238f69-8a4d-493b-9a85-f705febe6232,FORT SMITH,Fort Smith
cc:ee35310e-2b60-4ec4-9c37-a1f3f103d15d,BREAUX BRIDGE,Breaux Bridge
cc:ee3579f2-b279-42df-9bc7-b8477798bbf7,DEL NORTE,Del Norte
cc:ee367cbc-db24-4aee-acfc-ed65df646fbc,BIRMINGHAM,Birmingham
cc:ee425601-534a-456c-a29e-3b45e3d33e3e,JACKSON,Jackson
cc:ee49f237-d089-4f21-9e37-4f0bae624953,HOUSTON,Houston
cc:ee4ab832-5107-4f85-80e3-a2a89e11e350,NATICK,Natick
cc:ee514d2f-0989-41de-bf39-51d16468e438,FORT WASHINGTON,Fort Washington
cc:ee528670-2d17-4353-b78b-c6b48a9ea239,SEBASTOPOL,Sebastopol
cc:ee5631cc-07b2-4d8d-bb7a-50d0d633d7f6,CASSVILLE,Cassville
cc:ee6514fd-8595-4b65-b0ed-7ef9126fabe1,SAINT FRANCISVILLE,Saint Francisville
cc:ee6a3a24-5220-4d83-b366-b7921234ca22,RIPLEY,Ripley
cc:ee6ef37b-d5d9-4b8b-a524-5ae1d80ad596,DEDHAM,Dedham
cc:ee79bc0c-ed31-48a5-9e35-4bc99f632001,DODGEVILLE,Dodgeville
cc:ee7c7fbc-5b90-4325-a48a-5a4738342b29,BEACHWOOD,Beachwood
cc:ee7fd0b3-d340-4714-8673-7d3b4a3d4561,BEACHWOOD,Beachwood
cc:ee81fcc2-14f7-4dcf-baaf-31ab07700cea,MEMPHIS,Memphis
cc:ee8dbbdf-6c65-4c3e-887a-2864f2d073f7,EVERETT,Everett
cc:eea136b0-0882-4b7e-93d6-bb5614c5c73a,PORT LAVACA,Port Lavaca
cc:eeaa1491-5fdc-48d1-bcf0-7df1d5d8b668,LOUISVILLE,Louisville
cc:eebea7f2-df42-4f2b-8582-325861a46f4d,PEARLAND,Pearland
cc:eecee94c-92a7-47ff-8a63-8406b4240f97,DOVER,Dover
cc:eef093ce-a38e-4876-8061-7d7c4f0f285a,KELLOGG,Kellogg
cc:eef513e6-d96a-49e4-986d-4718b731036f,BATON ROUGE,Baton Rouge
cc:ef0525fb-91dc-449c-b619-9d14173ffcfe,SAN FRANCISCO,San Francisco
cc:ef1d0b83-840f-426a-8edf-dbb8a1f56134,BRYAN,Bryan
cc:ef202563-0c41-420d-9db6-9cba42d6e0ef,PHILADELPHIA,Philadelphia
cc:ef20ca54-293c-480b-bd55-afd6850f99a8,DES MOINES,Des Moines
cc:ef4bd0ce-5da7-4c87-9694-6d93b40baa0e,PHOENIX,Phoenix
cc:ef5092c5-ad4c-4f3d-a9a1-5e2d165a864f,TAYLORSVILLE,Taylorsville
cc:ef572098-ae42-4ade-86a2-6ead2a93e275,COLUSA,Colusa
cc:ef637bf0-8e86-4b7d-8501-5ba2f83490c7,SILVER CITY,Silver City
cc:ef7da1f7-7d8d-4e17-b429-2034d72f9d07,HEPPNER,Heppner
cc:ef9fdcab-8e7d-499d-9a0c-51ab81c94762,BONNE TERRE,Bonne Terre
cc:efacad0d-8d03-4e3a-8930-3400c30b8bd4,MEQUON,Mequon
cc:efb1f5ea-9489-4482-8e5c-841b5b813390,PHOENIX,Phoenix
cc:efb79b4d-2f24-438d-af12-13dd750e1d42,COOKEVILLE,Cookeville
cc:efc397e1-9bb1-42a7-a30e-dd7b9c1383eb,LAKE ARROWHEAD,Lake Arrowhead
cc:efd20a3f-f450-476a-9401-433e04873a9f,CLIFTON SPRINGS,Clifton Springs
cc:efdbaa22-b236-4885-9291-f5d77275fe27,CHICAGO,Chicago
cc:eff05f4b-0b7a-4765-b1eb-f90bc40b133a,ABERDEEN,Aberdeen
cc:eff2a19a-5196-4fa1-ba23-517b62f1f29c,WORTHINGTON,Worthington
cc:eff51df9-c33d-4999-b1e2-9eadc598e1a9,LITTLE ROCK,Little Rock
cc:eff9daf5-a21c-4655-a2e8-7e917fc40525,OMAHA,Omaha
cc:f0051510-ff8f-4395-aacc-34d3c3147d50,LOS GATOS,Los Gatos
cc:f00dbc32-0fef-4557-96da-07336d785824,MANASSAS,Manassas
cc:f015d317-5b00-415c-b775-f6a298ca977d,ESCONDIDO,Escondido
cc:f01a8095-7d6c-4c2e-b11f-628eef4b0317,IMPERIAL,Imperial
cc:f01cda1d-38f2-46e6-9904-0fef647134f5,SAC CITY,Sac City
cc:f024282b-b4f8-4dfe-95a4-7562ef0dd8bb,POTOMAC,Potomac
cc:f04f7f6d-e005-44da-a548-7cb2afb7528a,SECAUCUS,Secaucus
cc:f05667bc-a548-443e-a890-137d06b5e146,SAN MATEO,San Mateo
cc:f05b7d10-8265-4a63-bcfc-8070acf8ed5c,SEATTLE,Seattle
cc:f0685d43-abff-4cc7-bb19-6b45f48e1403,OKLAHOMA CITY,Oklahoma City
cc:f07fb6e8-ff9a-4ace-b64e-76778101d83c,TAMPA,Tampa
cc:f097f84f-2033-4c5b-8795-1379a2bcc65c,PASADENA,Pasadena
cc:f09bb047-6fe4-4dbd-88c5-ffed477e5bb4,LUTZ,Lutz
cc:f09c9d6d-f50f-4479-b768-df3b12525ae5,CENTREVILLE,Centreville
cc:f0b00498-bc5f-4ae3-a299-08c38c8f838c,DES PLAINES,Des Plaines
cc:f0b0c835-0fea-47bf-ac3c-887e91d9ad4f,ALBUQUERQUE,Albuquerque
cc:f0b0facc-0941-4e2a-aed6-feaff1a4f391,DAVENPORT,Davenport
cc:f0ba25b9-94e1-43f7-bbe6-9cf95be81f4f,COLUMBIA,Columbia
cc:f0bfd26c-744b-47b8-9c18-12a81c062d48,FLEMINGSBURG,Flemingsburg
cc:f0d75919-9d6e-46cd-838c-ab4ad9dc0a95,GARBERVILLE,Garberville
cc:f0d8a84a-50ae-4b37-9185-cfbf34338fdb,PEARISBURG,Pearisburg
cc:f0f69a4d-bf22-4486-8e8a-1bc825ec2ac5,SWEETWATER,Sweetwater
cc:f1061d00-b05b-4bcb-a039-d8f6c8cd2009,ALTON,Alton
cc:f10753b5-aef9-487a-b6fc-a71b71b27f3c,EUREKA SPRINGS,Eureka Springs
cc:f1100d68-43e8-4c1e-b1c3-f0f9da2549d3,QUINTER,Quinter
cc:f1118c9f-24e0-40aa-9c29-9ec3af702328,CARMEL,Carmel
cc:f11db830-d230-4eea-a61b-4ceee40b5c2e,HAWKINSVILLE,Hawkinsville
cc:f1284fe5-2e39-4797-bb44-8aa8d1281470,ELMA,Elma
cc:f136c980-6e39-4ae4-a9f4-3429ab97316e,CHEROKEE,Cherokee
cc:f140b920-5d42-4888-826c-708c04048bac,KILMARNOCK,Kilmarnock
cc:f14273a8-cc46-45c4-8f8e-c58953eaf72e,RICHMOND,Richmond
cc:f14b2312-003e-4df3-8724-061545b00237,CHICAGO,Chicago
cc:f14eed9a-9a71-44c2-ab25-e96c3abe57f0,BURLINGTON,Burlington
cc:f150fda4-9a27-4f52-8820-8054535287f5,NEW ORLEANS,New Orleans
cc:f1608f91-a3a8-42e0-bed5-b2184a51689e,DALY CITY,Daly City
cc:f1664199-a94e-4100-824a-eae21e6dd24d,FREEMAN,Freeman
cc:f166455d-2f6e-4b06-ac17-7dfb78b11094,HIAWASSEE,Hiawassee
cc:f16aef35-0e63-4ad6-a164-0f0da32bf4c7,BEACHWOOD,Beachwood
cc:f17cac4e-7489-4a15-9c2c-e96e1548c969,ROOSEVELT,Roosevelt
cc:f186c037-e168-4233-a1e8-c61fe9e1c1c7,HIALEAH,Hialeah
cc:f1879856-0c5e-492e-807b-3ab0ec1df021,ST LOUIS PARK,St. Louis Park
cc:f18c393b-924d-4bb6-af85-6e39502084eb,LANCASTER,Lancaster
cc:f192caa9-451f-4306-a4e9-7daad17970fb,ATLANTA,Atlanta
cc:f1af4339-2735-40af-aa0a-83bcaa03fbd4,WISHEK,Wishek
cc:f1b8e868-c2f4-4311-b635-94fc31f12c77,DE SOTO,DeSoto
cc:f1bdfe3e-706a-4e3e-b6f8-2ed6d5f39de9,COALINGA,Coalinga
cc:f1d73792-8496-4e6f-9a55-b05bdd9d5263,WARSAW,Warsaw
cc:f1e07cb1-2d46-412f-ab39-d52480dd80ec,ST. LOUIS,St. Louis
cc:f1e1481a-8912-4967-9f1a-b15c35ef59ed,TUCSON,Tucson
cc:f1ed8b6b-2c82-4fca-a177-30e8c4eb9cc3,TORRANCE,Torrance
cc:f1f30eb6-d912-45f4-a32d-3fae86e6e952,LAS VEGAS,Las Vegas
cc:f2012a6b-7dde-471a-8859-e823fb627d79,IRON RIVER,Iron River
cc:f20ef538-c4b6-4ab0-a29d-27b933afd325,HAMMOND,Hammond
cc:f218df6a-3286-4092-8147-f0eff2c6df5b,CARRINGTON,Carrington
cc:f2219120-5a5f-4048-bac3-8b26b6e73e8b,ATLANTIS,Atlantis
cc:f22358c1-5e00-4c8f-95af-739054f5970b,DAYTONA BEACH,Daytona Beach
cc:f224f9bc-db53-4027-929b-abe55f58f2ab,BAYAMON,Bayamon
cc:f22c1404-43ee-4f98-8112-1ef7e66c36b2,DUBLIN,Dublin
cc:f2396800-1644-44f2-b5c9-48f37ea6045f,LANSING,Lansing
cc:f23f654e-54d3-43c8-b9b9-370dcda524cd,KINGSPORT,Kingsport
cc:f254bc09-5de1-4e80-9628-68077bf86324,VERNON,Vernon
cc:f255f1cc-c035-4434-bf49-54ed3bc9e8a5,SCOTT CITY,Scott City
cc:f2578f6a-160d-4701-b963-cbaadc852444,HARVEY,Harvey
cc:f25837ae-99f3-4957-abff-34b54111ec2a,BURLINGTON,Burlington
cc:f26ad758-27f7-4415-a1ee-9c66872b3e96,LEWISBURG,Lewisburg
cc:f26bfe4c-b58d-4416-931c-931ffa9e7ca3,WINSTON-SALEM,Winston-Salem
cc:f2765699-350e-44cc-a030-09bce609bc17,DELHI,Delhi
cc:f28493bc-10e1-4f53-bf8f-5cb7e31bb8a7,COTTAGE GROVE,Cottage Grove
cc:f28e6eba-0824-4975-86d9-10a67e1ae386,FORT WORTH,Fort Worth
cc:f297f530-12a1-4021-b3d1-bcd4e4b51154,ERIN,Erin
cc:f2a1ac64-ee5c-40c9-b4ea-39289d1ea723,CONNEAUT,Conneaut
cc:f2c679d4-2667-4484-90d4-9d6461d294ca,COLORADO SPRINGS,Colorado Springs
cc:f2d976e7-31f3-4718-bbe4-279224d24fe8,SANTA FE,Santa Fe
cc:f2dc02b9-0c2f-459e-8995-fe586ac60472,WORCESTER,Worcester
cc:f2e9afab-325b-4d02-b13a-c27820f8fd5b,WILLMAR,Willmar
cc:f2f9f56f-7964-4cba-9e34-3bca8d867bc6,WOLFEBORO,Wolfeboro
cc:f302ba52-aafa-4e63-a642-5d149fd5860f,BUFFALO,Buffalo
cc:f31bece9-3ef4-428e-a56c-aeba2cf4e65f,PACE,Pace
cc:f31febc0-418e-422a-9171-bbc1500ab4ce,FORT WORTH,Fort Worth
cc:f323acb1-6068-4da7-8dbc-b1a87d08f8bd,YOUNGSTOWN,Youngstown
cc:f3334a82-4d7a-4df4-904b-3180d9ef8d0f,HORIZON CITY,Horizon City
cc:f3459f39-fa03-412d-b590-7a233c1f4310,WAGNER,Wagner
cc:f348c40f-8a6d-488e-80d0-8f500629fff8,SPRINGFIELD,Springfield
cc:f3548b65-88a1-43e2-b7c5-a6069b9054f9,CORONA,Corona
cc:f3574f8c-ead8-4a68-beaf-61b7d734de82,SUSANVILLE,Susanville
cc:f360c9a9-30bf-4433-8002-4d6c9894ef32,MARTIN,Martin
cc:f3648595-31f1-4b14-8d94-b15b32e7bde1,JEFFERSON CITY,Jefferson City
cc:f374d60b-8b53-4b4a-bdac-1ac038003376,JEFFERSON,Jefferson
cc:f382f6e0-e76d-4ad1-ac39-d2c46f0c99d4,INDIANAPOLIS,Indianapolis
cc:f38e77a9-ca44-4914-b51b-97273adfa81a,SEBRING,Sebring
cc:f394ed9c-3e30-4924-9d25-89c3f17706cd,DALHART,Dalhart
cc:f39a57b9-f086-4a9f-b718-fe88c80caf35,FRIDLEY,Fridley
cc:f3a6bc26-bf45-4146-aacc-5e79f4451277,CUSTER,Custer
cc:f3b30465-2972-496c-b026-b8471ae13828,WEST UNION,West Union
cc:f3badadd-0012-4ecf-9470-7a71cad7661c,SAN PEDRO,San Pedro
cc:f3ca6f22-5316-49a0-baee-6f54269533e5,DAYTON,Dayton
cc:f3cf51cb-38a7-4cd2-a632-34a43dbcbada,SHAWNEE,Shawnee
cc:f3d960e1-de73-405c-a29a-a5ae8ef4a206,WEBSTER,Webster
cc:f3dab4d5-d6c6-4be5-8ea0-721024900edf,MOAB,Moab
cc:f3e804ec-fb59-4251-894e-a7b73d44c6f5,PHOENIX,Phoenix
cc:f40ecce4-9412-4568-9ee7-0a5b754ef29b,GULFPORT,Gulfport
cc:f411be48-8d21-480c-bd9e-e79b0e67db60,HILO,Hilo
cc:f415819d-9561-4f98-bae7-9df29a6629b7,METTER,Metter
cc:f419f2ec-4b55-4890-ad85-395d36ce0627,WEST CHESTER,West Chester
cc:f41ed7b2-9e47-419b-b7eb-ae18b4d7e37c,WESLEY CHAPEL,Wesley Chapel
cc:f423a4c5-69a5-4eb7-ad73-cdf7a417e93d,PANAMA CITY,Panama City
cc:f4253f74-a4ba-442a-89b6-2050c017076c,MIAMI,Miami
cc:f4304576-851e-42a4-ba95-ddc8e095abed,PORT JEFFERSON,Port Jefferson
cc:f435ea8f-16ca-4462-b9fb-5b6828a625a6,AINSWORTH,Ainsworth
cc:f4390e36-0ceb-4381-a4b0-6451f99867dc,BOWLING GREEN,Bowling Green
cc:f45a061c-1b1c-442a-8bd9-efbe306041c1,MOUNTAIN HOME,Mountain Home
cc:f45d2d0c-79a0-4161-9f67-f28684f38959,LAKEWOOD,Lakewood
cc:f45fb6e3-046d-411d-9c52-313280e76671,HARRISON,Harrison
cc:f4609baf-7706-4c4d-a1ab-f07bdf931f27,SOUTH HILL,South Hill
cc:f467c8e6-e804-4145-a851-9882c897cf76,PITTSBURGH,Pittsburgh
cc:f46a489a-b5b5-4090-8991-988cb9fa45de,GIRARD,Girard
cc:f46c1e13-105b-4af3-af88-13676256a50e,CLIVE,Clive
cc:f470e714-fc8d-4340-bf92-c063aee8cd7c,PHOENIX,Phoenix
cc:f4757a0e-d034-4c7e-aa9e-dbd320a0695d,LINCOLN,Lincoln
cc:f47761f3-aa6b-4c16-9906-b4d56a0a2bb4,WINNSBORO,Winnsboro
cc:f47bc858-2fc7-46d6-9b89-391b053121cb,SUNNYSIDE,Sunnyside
cc:f4830f18-a52a-4217-992e-e98a9d83e686,DELL RAPIDS,Dell Rapids
cc:f48e69e6-2e84-4799-a3ae-e0fcb4375cf9,DUBOIS,Dubois
cc:f498b22e-f905-4031-99d8-f04367a529ec,HUDSON,Hudson
cc:f4aacb24-35be-472f-859a-16b704b7c52d,DANVILLE,Danville
cc:f4adb6b2-f4a4-43d9-9f9f-b3ce83bc9ea1,BIRMINGHAM,Birmingham
cc:f4ae693f-0137-416c-84e0-05c9deb4b12c,DAYTONA BEACH,Daytona Beach
cc:f4b0dd22-3002-494d-a014-8d3f853cf22f,PIPESTONE,Pipestone
cc:f4c14764-c7d6-4c7b-93db-3d45bdc21a7e,GRINNELL,Grinnell
cc:f4ca9b7d-8fc2-40ac-87a2-81998f92348d,ATHENS,Athens
cc:f4d227b4-966d-43a2-8792-e106306d9948,HOUSTON,Houston
cc:f4d5a208-e192-4734-9cde-8559861e3dd7,KENMARE,Kenmare
cc:f4d62e3e-d976-4007-8543-6fd5037fc8a3,MEMPHIS,Memphis
cc:f4df04dc-a542-447d-b280-1d0cc5382f95,LAKE RIDGE,Lake Ridge
cc:f4e2bd88-826a-49ac-be9b-1473c40feeff,BAKERSFIELD,Bakersfield
cc:f4ea4772-d848-4f1a-b7a8-671efe2e6eea,BRIDGEPORT,Bridgeport
cc:f4fb6368-038e-4260-bb19-60e46ccca1ce,LUVERNE,Luverne
cc:f4fcb6dc-beda-47c1-b891-b1c46b35694f,IRVING,Irving
cc:f4fff10d-dad9-405c-ad1d-716102b045d2,BOWLING GREEN,Bowling Green
cc:f50a9622-0f5c-4d29-9603-5d53bb724a87,SOUTHFIELD,Southfield
cc:f51393fc-e801-4e9f-8ca1-d9d7fbe98c93,WEST POINT,West Point
cc:f5154e83-2afa-4347-9ff7-0d51ec4ed739,MCALLEN,McAllen
cc:f5270949-8790-42fd-9824-49405c72d857,HOMERVILLE,Homerville
cc:f529cea0-dbf4-477e-a36d-e84bbda5f6cc,GONZALES,Gonzales
cc:f53594ce-96c0-4b3b-8f18-bb9157ac3b30,INDIANAPOLIS,Indianapolis
cc:f550109e-e51a-4985-a27f-f9f10e542d78,LONE TREE,Lone Tree
cc:f55b9a03-ae21-4255-8885-f93392eaa22b,CHICAGO,Chicago
cc:f55bce19-57e3-4510-ae28-08e04d8ed3f9,CORDOVA,Cordova
cc:f57119ca-c343-48df-8e76-309b0b44e74d,NEWARK,Newark
cc:f580f177-54f3-4f7e-b69d-3c2135dec4f3,MONTGOMERY,Montgomery
cc:f58b7f6c-da37-4c6e-899c-a090df612c99,ALLENTOWN,Allentown
cc:f5947ac1-7f5a-405b-a9ba-e155959fb4e4,CROSBY,Crosby
cc:f59878f0-e417-41ac-a455-764540282a35,POPLAR BLUFF,Poplar Bluff
cc:f5a354ae-1215-411d-bc41-bfeff6330fd4,MANHASSET,Manhasset
cc:f5a50675-71b7-4992-814b-8d04e8b11bf5,MADISON,Madison
cc:f5ad246b-adaa-4a4a-a5dd-cd9dcb62e718,TOWNSEND,Townsend
cc:f5ad4435-71b6-41bb-aeb7-b8166ff8eed3,SISSETON,Sisseton
cc:f5b01bea-2d1e-471f-8a3a-2385ec0f6981,NAPLES,Naples
cc:f5b07d87-15bb-4288-80de-06dc98ff23be,LUBBOCK,Lubbock
cc:f5bdc0c8-d41e-41d9-ac1f-630b85f5f066,FLEMINGTON,Flemington
cc:f5c8bebf-1076-4e94-9f34-871848ddf2e0,LONG ISLAND CITY,Long Island City
cc:f5cb7059-a391-47ec-9a60-dd05de1f85f5,LANCASTER,Lancaster
cc:f5d6d2e6-bd97-45e4-b84d-0266db31c567,SYRACUSE,Syracuse
cc:f5dac247-a828-4364-a581-17386c04902c,BENSALEM,Bensalem
cc:f5deee74-075b-4b22-b7c7-dd9c62f786d6,LAREDO,Laredo
cc:f5ebc375-edec-4a6c-8e61-7ad402968ad0,COLORADO SPRINGS,Colorado Springs
cc:f5ec7af5-e89f-4624-94eb-e0f3e1edd317,PRINCETON,Princeton
cc:f5fd9e95-4106-44b1-a1e3-a36a559d44ce,BRECKENRIDGE,Breckenridge
cc:f600619b-908c-4896-bbaa-0e81dae8f30a,TOMS RIVER,Toms River
cc:f61e6acf-1e4b-438d-9028-dbd76a7497c6,HELENA,Helena
cc:f6230925-88b7-4bdd-bdbc-08fd200067a6,MEXIA,Mexia
cc:f62f8579-daf8-4c83-b7a5-f4644fb3c382,TYLER,Tyler
cc:f630a50b-862d-47a9-b554-cde4294275eb,CHATTANOOGA,Chattanooga
cc:f6488b0e-eb1b-44b6-9ada-a38166cf3c02,INDIANAPOLIS,Indianapolis
cc:f649353a-895d-4ba9-a8d6-b7793fecd7e7,GRESHAM,Gresham
cc:f655f11d-94c4-4e3f-900e-5018a25757d3,FRANKFORT,Frankfort
cc:f65fe9be-bbe0-4e59-8564-00e8af2f6397,VALLEY STREAM,Valley Stream
cc:f662ccbb-c5d5-441b-9139-eb72b5d00cb2,SULLIVAN,Sullivan
cc:f66da6b2-7af8-4cb2-bc8e-f5a698a2feaf,OPELOUSAS,Opelousas
cc:f671ef53-f618-4559-ad53-8cbf3381a600,MIAMI,Miami
cc:f67f9044-9868-41b8-abb7-e1d704e9a4e5,VAIL,Vail
cc:f68a45e0-be68-4a20-a4c8-ff9e9870994f,BROOKLYN PARK,Brooklyn Park
cc:f69a809d-8341-4937-a128-037ad1d01f17,COBLESKILL,Cobleskill
cc:f6a551d2-0f6a-47cc-accd-6bfa2ba9b325,NEWARK,Newark
cc:f6ab1cd6-c5f7-452f-aa5d-bf833e05f312,ELKO,Elko
cc:f6b3e29f-71bd-4ded-b4a3-bcfe3a163e02,HAMILTON,Hamilton
cc:f6ba7551-5398-4693-ba0e-9558df2b1963,NEW YORK,New York
cc:f6c4c059-c9c2-4c9e-a453-324a9f5ad2d5,CHANDLER,Chandler
cc:f6c6e1be-8bff-467d-b0c7-8181a7ab09fa,PHOENIX,Phoenix
cc:f6d99cf8-c49a-4af9-8531-825612399c5d,YOUNGSTOWN,Youngstown
cc:f6e776cd-d891-409b-9e31-02f016a1339a,MOUNT GILEAD,Mount Gilead
cc:f6eb434a-7670-4003-838a-3a1f2c33466b,MT. PLEASANT,Mt. Pleasant
cc:f6f3ab18-1799-4b5b-88b7-b1b0c0e36829,NEPTUNE,Neptune
cc:f6fd17a7-ad2b-4cbc-b04a-d86e4c17cc2f,VICTORIA,Victoria
cc:f6ff644d-69bf-4b28-9f3d-61ac8c0bb6f3,ST. LOUIS,St. Louis
cc:f700345f-d21a-49c7-a5e7-0dd1b6d7a75d,ALBUQUERQUE,Albuquerque
cc:f70c2627-6897-4621-a66b-51bfa39511a2,STAMFORD,Stamford
cc:f711455d-1126-4fd6-bdf9-0bdfdbe81d4f,PRAGUE,Prague
cc:f7189bf1-e0a1-4cae-a33d-371fc7e98735,MULLINS,Mullins
cc:f71f6c6d-dc87-48db-bcff-91fa3803e847,CHICAGO,Chicago
cc:f720dd4c-20e4-4430-94ea-5e01a5be2f12,BAKERSFIELD,Bakersfield
cc:f7247720-f4d9-450d-9c03-2e4883207c7a,LAKE WORTH,Lake Worth
cc:f72a081a-2982-4769-9137-0bd881555d33,MAGNOLIA,Magnolia
cc:f73751be-260c-497b-adc3-7d269202b41f,VICTORIA,Victoria
cc:f742b3b1-977b-4f75-8593-20a9be0d7fef,KITTANNING,Kittanning
cc:f750cd36-946f-470f-b649-ab6b0c176a76,SELMA,Selma
cc:f75e3816-6e5e-4742-a994-063fa11eefa7,SUN CITY,Sun City
cc:f7802063-86eb-4701-874d-329f9068bc53,WEST LANSING,West Lansing
cc:f781cfcd-cf08-4b20-bcc1-bfd1d43a18df,TOMBALL,Tomball
cc:f7a309ea-095b-4416-a4a1-c52982240fff,HOUSTON,Houston
cc:f7a97fd0-6a05-4e10-ad6d-660ad6c77dc6,ASPERMONT,Aspermont
cc:f7b68259-28bd-4c9a-9125-c2c855af1b1d,KNOX CITY,Knox City
cc:f7b7319e-9e2c-4fe4-b9a9-207c77f6ab66,ZION,Zion
cc:f7c82092-ffff-405f-8b2c-b4babcdd67ff,POST FALLS,Post Falls
cc:f7c8ac26-326a-4d34-b011-8befad1a68b8,TAPPAHANNOCK,Tappahannock
cc:f7dcc766-8db5-4c2e-a9cb-4f165190e2f0,MIAMISBURG,Miamisburg
cc:f7e11bec-bc8f-4471-b9d2-29390c8cfbd3,STURGEON BAY,Sturgeon Bay
cc:f7e19e4f-721a-4810-b18f-91cd821bf1b2,SIMI VALLEY,Simi Valley
cc:f7efdca0-3ff8-407d-8fe1-e80bedf8cfc0,BLACKWOOD,Blackwood
cc:f7f1062f-43a3-4632-b339-912aeec5ae15,DETROIT,Detroit
cc:f805a26c-05fa-414e-ad2f-68f5cc85ba87,SARASOTA,Sarasota
cc:f807fd1d-8393-4668-9ca5-6d6f1bf59209,LITTLETON,Littleton
cc:f81921b4-ad06-4b88-83b5-cb443f0f9165,MINNEAPOLIS,Minneapolis
cc:f8200448-6b5b-4d39-81d3-8bcb4d6057b9,CLEVELAND,Cleveland
cc:f8293562-7b7f-4a6e-b2b7-b3c627ee9ed9,THE DALLES,The Dalles
cc:f83b1736-7fc2-43ac-8630-dd222bdbb8d5,LOXAHATCHEE,Loxahatchee
cc:f83b3ea9-7e88-4ae3-a6cb-e25ae14c8ccc,CONNELLSVILLE,Connellsville
cc:f847d6da-a5e9-4243-9343-039ff1485e04,BELLAIRE,Bellaire
cc:f86739c7-f784-4e6c-8fdd-afc9c8b78c2d,TEXARKANA,Texarkana
cc:f8765642-6020-448c-9da5-c51e7a2ee65f,PARKER,Parker
cc:f8802930-c925-4c30-a758-ec82ae6f79db,SHEPHERDSVILLE,Shepherdsville
cc:f8919d4f-19fd-4c7d-8475-10d0a503b9ba,DUMAS,Dumas
cc:f891f07a-8a6c-42d7-aa02-bc0cd0b65960,CROWLEY,Crowley
cc:f8985573-61ce-405b-bb0a-37acc78806e7,STILLWATER,Stillwater
cc:f8a835c5-dfab-47fd-9e1e-635003878df2,NORWOOD,Norwood
cc:f8cb12bd-ca95-4be1-8689-f20043a25ed1,KEYSER,Keyser
cc:f8cf593c-d462-4089-ba76-6fd61bc5ae59,HARTFORD,Hartford
cc:f8cfe0f3-49bc-4c58-b311-1747344e8215,NAPLES,Naples
cc:f8d1f9f3-7703-40fc-8d2e-0df227d547bb,POCATELLO,Pocatello
cc:f8d9cc4e-e593-452d-ab35-452f83f558e9,LA PALMA,La Palma
cc:f8ea4ebc-fd4a-4e86-b089-bfdc6e8b487f,BRONX,Bronx
cc:f8ee173c-44d7-428d-908d-e0787cc626ed,LAFAYETTE,Lafayette
cc:f8ef102c-9aa7-4ccf-a18c-2ca43cc5834e,SAN ANTONIO,San Antonio
cc:f926487e-922f-49e5-bf68-0b2dc68b1da3,COLORADO SPRINGS,Colorado Springs
cc:f9313e86-e07f-4409-a244-ee77e0ca0788,LITTLE ROCK,Little Rock
cc:f939c389-81d5-4239-96b2-72b0b7bf3b27,ROUNDUP,Roundup
cc:f93d62f2-b0e4-4c19-b4b8-afe570030eab,WIGGINS,Wiggins
cc:f93dae2b-7365-4d5e-b355-762209a20454,PARAGOULD,Paragould
cc:f94683da-b45f-46c3-bef0-6d08b6963f41,SYLVANIA,Sylvania
cc:f9622dd2-ba3a-41eb-af83-19df70a281a2,GREENWICH,Greenwich
cc:f9657738-a607-466c-8fd6-65f0679399b3,NEW BRITAIN,New Britain
cc:f97030f3-255b-4156-b521-5344bd550c28,LEXINGTON,Lexington
cc:f9725b3f-fc99-4d97-875c-c90306cb35d0,FORT MYERS,Fort Myers
cc:f97790a5-5078-4615-8f60-3397b427513a,IOWA CITY,Iowa City
cc:f979c099-2477-4880-afa5-5a1f8eeaadc5,ELKIN,Elkin
cc:f97bff24-bbdf-4776-8787-68d5178f4631,MODESTO,Modesto
cc:f9816b66-16af-48e9-93c5-630de11d2d36,SMYRNA,Smyrna
cc:f982fef9-be0d-48ca-98a4-ed34ff8d3e1b,RIVER FALLS,River Falls
cc:f985b2d8-cbea-4b38-8815-b1f3cdc621f5,FORT WORTH,Fort Worth
cc:f985c924-daee-49c2-9771-3da6d564ba44,SYLVANIA,Sylvania
cc:f98c7a35-41af-41b3-99c6-f730c341090b,HEBRON,Hebron
cc:f98fddfa-0d9c-4582-8483-7bea7688df07,COOS BAY,Coos Bay
cc:f99bc027-cc34-4f03-bdde-76bba5e4ac68,ATHENS,Athens
cc:f9adcb3c-5d53-43c9-9ba0-ace801691fbe,PLEASANT GAP,Pleasant Gap
cc:f9b01fa3-0aa8-4dba-8a11-adc35bf3d05d,IRON MOUNTAIN,Iron Mountain
cc:f9b7ac5f-9e88-4025-a4ff-ec35a23087b6,CHEEKTOWAGA,Cheektowaga
cc:f9de8e35-c936-4b44-91af-ca8741e036ca,GAINESVILLE,Gainesville
cc:f9e67983-a8e6-40ce-b667-03e7441429c2,GILROY,Gilroy
cc:f9f6344b-59e5-4a82-9b44-b1175e7e368b,HATTIESBURG,Hattiesburg
cc:fa0011e8-f942-4dfb-864d-7b2e37b87241,WEST PALM BEACH,West Palm Beach
cc:fa00e359-2fc8-464c-b590-4f67876aee9b,BRENTWOOD,Brentwood
cc:fa12bad4-845b-43d0-bf56-cbcbeaae76db,CLINTON,Clinton
cc:fa32f901-adb4-412c-b9a3-0c4e6d072449,GARDEN CITY,Garden City
cc:fa36444a-7543-4367-8f1c-0e7c7dc41fc7,AUGUSTA,Augusta
cc:fa371d4e-4ce4-4bb4-bea9-528f2ee122fc,HOUMA,Houma
cc:fa3747ce-0525-4126-b7d7-535382e78aad,LYNCHBURG,Lynchburg
cc:fa3ba4cf-798f-4843-9a2d-b1dc86ee85ea,CLAYTON,Clayton
cc:fa424d87-e4da-4163-915a-5f9c429f0912,BREA,Brea
cc:fa4d4c19-15a6-4b40-8cfa-ec1baaafdba7,TALLAHASSEE,Tallahassee
cc:fa541579-cc48-425b-bd74-baf789e2f75c,ORANGEBURG,Orangeburg
cc:fa54a79a-4c0e-4241-8ebb-1bc74e5557d0,GALENA,Galena
cc:fa598780-a89a-4b1e-9a64-380926a85dab,HOUSTON,Houston
cc:fa6036de-3d8e-4c41-97ee-2b496463c3ab,BRENHAM,Brenham
cc:fa676a49-0382-4654-8913-7e250d122cb1,FORT WAYNE,Fort Wayne
cc:fa7e4e68-1abc-4538-a0fa-ce174eb2f5ad,ALEXANDRIA,Alexandria
cc:fa84cc54-9480-4af6-a5d2-15949f0f99b0,COLUMBUS,Columbus
cc:fa85341d-59d2-4dab-9c4a-5f9d8f9cbf4c,LOW MOOR,Low Moor
cc:fa9122e6-29ee-485e-b3cd-b0de05f5d946,EL DORADO SPRINGS,El Dorado Springs
cc:faa58147-98e3-4b27-b2ab-e601aa545fc2,HOLLYWOOD,Hollywood
cc:faa787d3-c275-4baf-95a5-b429e0fc3361,ST. CHARLES,St. Charles
cc:faa8cfe8-18c1-4eb6-84c6-464798390ab2,KINGSPORT,Kingsport
cc:faafef1d-162f-4a26-ad7f-1a4373832f99,TOOELE,Tooele
cc:fab2060c-ab0c-4f50-ab02-08cbe573bcd8,MISHAWAKA,Mishawaka
cc:faba9b62-e050-42fc-9291-60c288530d3a,THORNTON,Thornton
cc:fac10d4c-a795-4999-aa98-658ea529927d,WILDWOOD,Wildwood
cc:facfe207-e86b-4842-90e6-4063d9baadef,SHAWNEE,Shawnee
cc:fad2b6c6-9f94-49c6-abee-1472ed91d41e,FORT WORTH,Fort Worth
cc:fae49fef-1d50-4697-974d-59aa396e7954,MEMPHIS,Memphis
cc:faf1c42f-2178-4baa-ae92-91cf4feaa912,BOSTON,Boston
cc:fafcff27-29ae-4d52-ae9f-558d7b909261,JACKSON,Jackson
cc:fb00cbf9-719a-45f5-9405-bfb614f77f9f,JEFFERSON CITY,Jefferson City
cc:fb04f313-4e29-4c68-90ae-1149c61bb544,KNOXVILLE,Knoxville
cc:fb071a91-9f7e-4dbb-93a5-89233f7fda8f,MOUNT PLEASANT,Mount Pleasant
cc:fb186121-1c5d-4ede-a876-f9440a9bd955,FORT WAYNE,Fort Wayne
cc:fb18616b-9b2a-4f04-810f-6d7d2a39b466,CASPER,Casper
cc:fb3c69b5-9fe9-45d0-800c-8536c1b194fb,SUFFOLK,Suffolk
cc:fb53e705-70f5-4ff6-b4ec-47f8d6700b84,DAVENPORT,Davenport
cc:fb549f80-9016-4b7e-8d33-cd6b6426257a,SANTA CLARA,Santa Clara
cc:fb5ce10c-f28a-4460-8e6b-7e8d784c0a76,SUGAR LAND,Sugar Land
cc:fb6b565f-1b85-4c66-9366-6140b55f557e,ROSEMEAD,Rosemead
cc:fb6d3968-f958-41e9-aee2-99f64e65de9b,AUSTIN,Austin
cc:fb8ad25a-df4d-4b86-9000-672bfbd77a09,GREEN BAY,Green Bay
cc:fb8b8292-70ad-440e-892d-6bb5a7d13e1d,MILTON,Milton
cc:fb91fc82-4705-4ff5-95f1-8217816e4854,FLORENCE,Florence
cc:fbaf80d2-cef0-4610-8db6-ffa1b1dae725,PALOS HEIGHTS,Palos Heights
cc:fbb019c2-e1f2-48b5-861c-2b383d517fc5,ASHEVILLE,Asheville
cc:fbca5dfe-5a71-4bc4-b4fb-21dd7027a8c2,SAVANNAH,Savannah
cc:fbcb755e-0883-4cbc-bbbc-c99283d6b893,SYRACUSE,Syracuse
cc:fbcc84b7-908b-402f-89d3-f25164198f9d,BATESVILLE,Batesville
cc:fbdd0f18-90e9-4a83-a058-e931593765ce,PASADENA,Pasadena
cc:fbe01049-5101-467d-a486-96995232d229,NEEDHAM,Needham
cc:fbe020b0-7883-4268-941f-55c8bc460dfa,TAMPA,Tampa
cc:fbe35508-ea3d-4577-8356-ce77699f538c,DALLAS,Dallas
cc:fbeb3e07-d554-4d02-8588-696ac2976eb6,ODESSA,Odessa
cc:fc0865e6-3da2-4d63-a1d9-f870f25dea2c,WICHITA FALLS,Wichita Falls
cc:fc0ec671-1cef-4276-8a4f-29ec3e7f0d18,EDGERTON,Edgerton
cc:fc0ff29a-2521-465b-b3a3-93f4b740a33f,TUCSON,Tucson
cc:fc108208-8f33-4328-9107-a9f9f7f4930d,PORTALES,Portales
cc:fc13dbac-2e5b-4825-9fc0-34c3170ba5ba,YORK,York
cc:fc25623b-1f97-4520-9924-080108094b9e,GLEN MILLS,Glen Mills
cc:fc321879-e551-49d0-8f9d-b5fb60101502,PHILADELPHIA,Philadelphia
cc:fc33fd37-ce7a-484e-ac51-9208d2c49df9,RICHMOND,Richmond
cc:fc3617ad-1da5-4a80-9399-b198f9a3235b,CAMBRIDGE,Cambridge
cc:fc3a7cec-9b8e-43eb-82a1-f9379c63ce33,CANTON,Canton
cc:fc54ef1c-46d8-4739-a945-beb8c50a70f0,LUBBOCK,Lubbock
cc:fc5f5c32-ce0e-4b06-a272-231238d40e7c,COLUMBIA,Columbia
cc:fc7bc9b2-48b6-4a3a-a3de-eb68b7c7e106,CLAYTON,Clayton
cc:fc7ee98c-1064-4db0-9f89-f79734af07f0,SHELBY,Shelby
cc:fc826979-8f1f-4cba-8f69-0ddde795941e,KANSAS CITY,Kansas City
cc:fc858943-f093-4cd9-b645-05f09fbe8256,AMARILLO,Amarillo
cc:fc8cc92f-0c7c-476a-98c8-9408c7826198,MONTICELLO,Monticello
cc:fc8e74bb-8009-4d1a-9d79-5535b2291199,CLEVELAND,Cleveland
cc:fc9499b6-dfa1-4be8-b570-866c1ae904ab,WYOMING,Wyoming
cc:fc94abae-4685-4049-b68f-6f417ef8081f,PORT SAINT LUCIE,Port Saint Lucie
cc:fc956b36-ada3-438c-9220-646227a4e9c6,EUREKA,Eureka
cc:fc99c194-5771-43b1-a021-47bedd0453a8,CHICAGO,Chicago
cc:fcb63c18-1a1e-42d5-b62f-48e0455114b3,MODESTO,Modesto
cc:fcbef66e-72c2-479e-a2dd-a370024def71,ATLANTA,Atlanta
cc:fcc0636b-5684-466f-a931-8b6a5205d98c,HOBBS,Hobbs
cc:fcd921bd-58bd-4d2e-9bf2-d025005d2186,KNOXVILLE,Knoxville
cc:fce056f4-dfa1-4cf1-a44b-b36c7dbcb55a,KNOXVILLE,Knoxville
cc:fce35cdd-a3d9-4b1b-a4a3-7e2170ecef30,GALENA,Galena
cc:fce67270-be22-426d-a8a8-b2f583310198,ALBUQUERQUE,Albuquerque
cc:fcf21850-d7d5-48ac-a7a4-65d351a5000b,RENTON,Renton
cc:fcf8c89e-48d6-488e-9b2c-7626c87c420d,WEST PASSAIC,West Passaic
cc:fd0204af-ba7e-4072-8b15-55956ec61361,TULSA,Tulsa
cc:fd055341-cafc-4e06-b63b-c66cb03be63c,TALLASSEE,Tallassee
cc:fd065734-f7be-4039-8fb4-9c7554325f6e,BLACK RIVER FALLS,Black River Falls
cc:fd0676a0-cadc-40ed-914d-a091d226181a,HANOVER,Hanover
cc:fd0b3ec7-bd25-4750-bfcb-d8803b988fa6,FREDERICK,Frederick
cc:fd138c1a-9697-4c0b-b6cb-9202ef10a959,WATONGA,Watonga
cc:fd212cbd-9822-4787-96a7-874509d653d6,MEMPHIS,Memphis
cc:fd257d4b-2d25-472a-b36d-9ac450762adc,NEWBURGH,Newburgh
cc:fd3a8bff-98f4-4562-9102-f9907bdb3042,PORTAGE,Portage
cc:fd3b1590-9f94-49ff-8d03-2ac9dd82fb99,WARM SPRINGS,Warm Springs
cc:fd438103-18c3-4fd8-ba2f-409cc9bb99b9,VANDALIA,Vandalia
cc:fd4c0728-f771-4e42-90be-aa3c9657d1af,MELBOURNE,Melbourne
cc:fd5433fd-cd93-4c00-afeb-a309e9a78bf3,BARNESVILLE,Barnesville
cc:fd55da59-25ba-4c84-9245-ce3c5b9a80e1,ST. PETERS,St. Peters
cc:fd6072d9-2a42-4984-a185-69c5059b9b71,LYNCHBURG,Lynchburg
cc:fd7c3983-5b35-4f2d-a3a7-db3cc9c03cfe,NEW YORK,New York
cc:fd7e4e67-3ec2-40e8-9bf7-0e7b7f2dd695,PORT JERVIS,Port Jervis
cc:fd8346fe-f5d5-4374-b933-5775dd256fa5,CENTRE HALL,Centre Hall
cc:fd85e397-d597-4d65-873b-db17b702348a,REISTERSTOWN,Reisterstown
cc:fd8b28d2-3591-4f37-99ae-363b8a5029af,ARCADIA,Arcadia
cc:fd8e3cdb-2b53-4c23-bc1a-866d293caf22,LEWES,Lewes
cc:fd9d0a18-2771-4edf-a33e-8e288574b979,CORAL GABLES,Coral Gables
cc:fda255ae-fab1-4f3c-bd43-7f76c2d33f1e,SAN ANTONIO,San Antonio
cc:fdaa7f7d-3846-4a9d-a34a-6bfb62277451,GRANTS,Grants
cc:fdc59c7b-0e73-4e42-a946-e6a9dd67bf1e,HOUSTON,Houston
cc:fdcea0f9-dcab-457a-a520-30f8ded0abc1,MARIETTA,Marietta
cc:fddcd0b2-a662-46d5-bbfd-3cf267fc2efa,POTTSVILLE,Pottsville
cc:fde1a178-7208-4833-97e5-15dc778119b0,GONZALES,Gonzales
cc:fde2006a-3f4e-4fa0-a533-7dd84b9caea0,LUTCHER,Lutcher
cc:fdefa4e5-5968-4134-a8e6-e382ffbac15c,MALDEN,Malden
cc:fdffca15-58a1-468d-b572-495521158885,WOONSOCKET,Woonsocket
cc:fe03ccbd-c128-44b3-ac1a-d49ec398dfc3,PLAINVIEW,Plainview
cc:fe09e4c3-6e68-4b4d-bebb-b93ab5268d7c,LAFAYETTE,Lafayette
cc:fe1e6f69-f0a4-4dee-83db-b8a6752c6f41,SARATOGA,Saratoga
cc:fe23b411-31d9-400f-a62a-3e3a2e1d83e0,PANORAMA CITY,Panorama City
cc:fe2b30e3-aab8-4ba0-953b-9a3e552f8180,BEAVER,Beaver
cc:fe346622-2401-498f-b12c-f5e5c22588db,TINTON FALLS,Tinton Falls
cc:fe3a5e47-c7ec-43fe-adbe-ed63c8eadf16,TOWSON,Towson
cc:fe4a40fd-3812-45d8-b833-606f0f10563e,CLINTON,Clinton
cc:fe548e80-2b74-4891-bd5c-2f78a00dca42,PRESQUE ISLE,Presque Isle
cc:fe580773-083a-49be-bbbe-11c50880b521,RAPID CITY,Rapid City
cc:fe6292e9-c6bc-427a-87d2-c880b2052581,NAPOLEON,Napoleon
cc:fe629555-9cd7-455e-a3a0-a34fc37593ae,WEST COLUMBIA,West Columbia
cc:fe76f85b-7029-4b32-8804-b3ca7d183d5f,ALLENTOWN,Allentown
cc:fe7fad5d-7cbe-492c-8ebf-a979c0583e6a,CINCINNATI,Cincinnati
cc:fe844d0f-88b4-4936-aead-25c1449cfce7,WICHITA,Wichita
cc:fe87e2f8-dcef-489c-af9c-aab2eab32f90,GENEVA,Geneva
cc:fe8a485b-bd04-466c-93b2-30876cae08e0,BALTIMORE,Baltimore
cc:fe97425c-c1f3-4336-88f3-6c330384b0e7,FLAGSTAFF,Flagstaff
cc:fe9d7f3b-d822-4b2d-8e9d-63c04731d139,HENDERSON,Henderson
cc:fea07f8f-beca-4559-b460-7167e8b19c17,CHATTANOOGA,Chattanooga
cc:fea64fac-6a09-43a2-8bf8-3943d3583948,LAFAYETTE,Lafayette
cc:fea6e37f-08d0-486a-a3fd-e9ec2c3b1ed1,REDWOOD CITY,Redwood City
cc:fec7d54b-f0f0-4a23-bcea-a2161d1e251d,BURLINGTON,Burlington
cc:fed5d13e-3fa8-4233-a7c1-920fb11ba0cb,MARRERO,Marrero
cc:fedb48d3-c698-46fc-8641-e3ea9ac454e5,WRANGELL,Wrangell
cc:fee79c90-a1a1-460e-b402-4ef7b8d53c84,TORRANCE,Torrance
cc:fee82a32-b3a5-42a5-becd-f85fb32f23c8,MANSFIELD,Mansfield
cc:feef214f-61c5-48ae-9fb7-c951d8b49365,COLUMBIA,Columbia
cc:fef09304-ced4-44bb-a38b-e43d6a3fea07,NEW BRAUNFELS,New Braunfels
cc:ff025bcc-3d49-44a1-8c84-518d6099f263,PLANO,Plano
cc:ff0c71c8-f619-4a52-8848-9144b3953a7c,PORT JEFFERSON,Port Jefferson
cc:ff0e7dde-9720-4c24-ace5-e36ec853eb16,BROCKPORT,Brockport
cc:ff10943c-2b11-4d37-9bb5-bd6ff974c97c,LEESBURG,Leesburg
cc:ff1cbdfe-a68f-421b-803a-cdea806ddedc,MONTOUR FALLS,Montour Falls
cc:ff219aee-8502-4587-9460-231ffd9b93d9,CHELAN,Chelan
cc:ff3568e4-b01f-4e23-8aca-557da992d9e9,KIOWA,Kiowa
cc:ff398bc5-f99f-4b66-afcb-960fb43b2972,KNOXVILLE,Knoxville
cc:ff4b3471-7afe-4fb1-b4b1-75e9c8426300,ATLANTA,Atlanta
cc:ff502f92-1f61-4f00-9fdd-293996159d19,MIDLOTHIAN,Midlothian
cc:ff50c4d5-fad7-486c-b65e-d30a862c819a,HARRISBURG,Harrisburg
cc:ff5cb995-6592-4ace-b021-24553baa07d8,CHARLESTON,Charleston
cc:ff6047a2-8267-4cb1-b09c-a4aae384af96,DULUTH,Duluth
cc:ff6ad7db-1221-4f67-be7a-f8bc83615820,LEBANON,Lebanon
cc:ff6c9f5e-8120-47fb-bdff-8cc32c9dbd05,FLORENCE,Florence
cc:ff723519-af78-4223-bb71-12ae95de5efe,SAN JOSE,San Jose
cc:ff7565d0-ab60-4c5f-ac94-ca30222439c8,MINERAL WELLS,Mineral Wells
cc:ff7e26a2-df04-446d-943f-70fff5887d4a,SPRINGFIELD,Springfield
cc:ff8bf809-f2af-4260-9134-f93fb33ecc05,WILLMAR,Willmar
cc:ff9f4f59-1fc5-4d08-907d-aac635de354a,EL PASO,El Paso
cc:ffa1b713-5ecb-4b6c-992d-88188cd66a89,FRESNO,Fresno
cc:ffa73376-9918-4013-b76b-f48acd452f61,CULLMAN,Cullman
cc:ffab45f1-c1d7-4b48-9c5f-64f85d3779af,BRYSON CITY,Bryson City
cc:ffb47faa-ac9f-4c45-81fa-4a27560cd599,DERIDDER,Deridder
cc:ffbfda0b-8d22-454b-b728-98a8b84d2e94,RIPLEY,Ripley
cc:ffd852ad-ef8c-47e4-9b23-5fa08665b73a,HOLDREGE,Holdrege
cc:ffe12f59-3cf9-4277-b430-682d2f1800af,CENTRALIA,Centralia
cc:fff37aef-a196-4242-af63-ff737e2b705c,LAFAYETTE,Lafayette
cc:fff67f4d-39ec-4f7f-bebb-4ac50f283a11,MONTEREY,Monterey
