ccn,hospital_name,city,state,postal_code,provider_type,bed_count,basis
"010001","SOUTHEAST HEALTH MEDICAL CENTER","DOTHAN","AL","36301","short_term_acute","420","cms_pos"
"010005","MARSHALL MEDICAL CENTERS SOUTH CAMPUS","BOAZ","AL","35957","short_term_acute","240","cms_pos"
"010006","NORTH ALABAMA MEDICAL CENTER","FLORENCE","AL","35630","short_term_acute","338","cms_pos"
"010007","MIZELL MEMORIAL HOSPITAL","OPP","AL","36467","short_term_acute","99","cms_pos"
"010011","ST VINCENT'S EAST","BIRMINGHAM","AL","35235","short_term_acute","362","cms_pos"
"010012","DEKALB REGIONAL MEDICAL CENTER","FORT PAYNE","AL","35968","short_term_acute","134","cms_pos"
"010016","SHELBY BAPTIST MEDICAL CENTER","ALABASTER","AL","35007","short_term_acute","252","cms_pos"
"010019","HELEN KELLER MEMORIAL HOSPITAL","SHEFFIELD","AL","35660","short_term_acute","185","cms_pos"
"010021","DALE MEDICAL CENTER","OZARK","AL","36360","short_term_acute","89","cms_pos"
"010022","FLOYD CHEROKEE MEDICAL CENTER","CENTRE","AL","35960","short_term_acute","60","cms_pos"
"010023","BAPTIST MEDICAL CENTER SOUTH","MONTGOMERY","AL","36116","short_term_acute","432","cms_pos"
"010024","JACKSON HOSPITAL & CLINIC INC","MONTGOMERY","AL","36106","short_term_acute","344","cms_pos"
"010029","EAST ALABAMA MEDICAL CENTER","OPELIKA","AL","36801","short_term_acute","429","cms_pos"
"010033","UNIVERSITY OF ALABAMA HOSPITAL","BIRMINGHAM","AL","35233","short_term_acute","1157","cms_pos"
"010034","COMMUNITY HOSPITAL INC","TALLASSEE","AL","36078","short_term_acute","69","cms_pos"
"010035","CULLMAN REGIONAL MEDICAL CENTER","CULLMAN","AL","35058","short_term_acute","115","cms_pos"
"010036","ANDALUSIA HEALTH","ANDALUSIA","AL","36420","short_term_acute","88","cms_pos"
"010039","HUNTSVILLE HOSPITAL","HUNTSVILLE","AL","35801","short_term_acute","881","cms_pos"
"010040","GADSDEN REGIONAL MEDICAL CENTER","GADSDEN","AL","35903","short_term_acute","346","cms_pos"
"010044","NORTH MISSISSIPPI MEDICAL CENTER - HAMILTON","HAMILTON","AL","35570","short_term_acute","57","cms_pos"
"010045","FAYETTE MEDICAL CENTER","FAYETTE","AL","35555","short_term_acute","61","cms_pos"
"010046","RIVERVIEW REGIONAL MEDICAL CENTER","GADSDEN","AL","35901","short_term_acute","281","cms_pos"
"010049","MEDICAL CENTER ENTERPRISE","ENTERPRISE","AL","36330","short_term_acute","131","cms_pos"
"010051","GREENE COUNTY HOSPITAL","EUTAW","AL","35462","short_term_acute","20","cms_pos"
"010052","LAKE MARTIN COMMUNITY HOSPITAL","DADEVILLE","AL","36853","short_term_acute","46","cms_pos"
"010055","FLOWERS HOSPITAL","DOTHAN","AL","36305","short_term_acute","235","cms_pos"
"010056","ST VINCENT'S BIRMINGHAM","BIRMINGHAM","AL","35205","short_term_acute","409","cms_pos"
"010058","BIBB MEDICAL CENTER","CENTREVILLE","AL","35042","short_term_acute","35","cms_pos"
"010061","HIGHLANDS MEDICAL CENTER","SCOTTSBORO","AL","35768","short_term_acute","170","cms_pos"
"010065","RUSSELL MEDICAL CENTER","ALEXANDER CITY","AL","35010","short_term_acute","81","cms_pos"
"010078","NORTHEAST ALABAMA REGIONAL MEDICAL CENTER","ANNISTON","AL","36207","short_term_acute","323","cms_pos"
"010079","ATHENS LIMESTONE HOSPITAL","ATHENS","AL","35611","short_term_acute","71","cms_pos"
"010083","BALDWIN HEALTH","FOLEY","AL","36535","short_term_acute","112","cms_pos"
"010085","DECATUR MORGAN HOSPITAL-DECATUR CAMPUS","DECATUR","AL","35601","short_term_acute","457","cms_pos"
"010086","NORTH MISSISSIPPI HEALTH SERVICES - SOUTH MARION","WINFIELD","AL","35594","short_term_acute","71","cms_pos"
"010087","USA HEALTH UNIVERSITY HOSPITAL","MOBILE","AL","36617","short_term_acute","406","cms_pos"
"010089","WALKER BAPTIST MEDICAL CENTER","JASPER","AL","35502","short_term_acute","267","cms_pos"
"010090","USA HEALTH PROVIDENCE HOSPITAL","MOBILE","AL","36608","short_term_acute","349","cms_pos"
"010092","DCH REGIONAL MEDICAL CENTER","TUSCALOOSA","AL","35401","short_term_acute","787","cms_pos"
"010095","HALE COUNTY HOSPITAL","GREENSBORO","AL","36744","short_term_acute","39","cms_pos"
"010097","ELMORE COMMUNITY HOSPITAL","WETUMPKA","AL","36092","short_term_acute","38","cms_pos"
"010099","D W MCMILLAN MEMORIAL HOSPITAL","BREWTON","AL","36426","short_term_acute","65","cms_pos"
"010100","THOMAS HOSPITAL","FAIRHOPE","AL","36532","short_term_acute","162","cms_pos"
"010101","CITIZENS BAPTIST MEDICAL CENTER","TALLADEGA","AL","35161","short_term_acute","122","cms_pos"
"010103","PRINCETON BAPTIST MEDICAL CENTER","BIRMINGHAM","AL","35211","short_term_acute","505","cms_pos"
"010104","GRANDVIEW MEDICAL CENTER","BIRMINGHAM","AL","35243","short_term_acute","422","cms_pos"
"010108","PRATTVILLE BAPTIST HOSPITAL","PRATTVILLE","AL","36067","short_term_acute","85","cms_pos"
"010112","WHITFIELD REGIONAL HOSPITAL","DEMOPOLIS","AL","36732","short_term_acute","99","cms_pos"
"010113","MOBILE INFIRMARY MEDICAL CENTER","MOBILE","AL","36607","short_term_acute","669","cms_pos"
"010114","UAB MEDICAL WEST","BESSEMER","AL","35022","short_term_acute","310","cms_pos"
"010118","VAUGHAN REGIONAL MEDICAL CENTER PARKWAY CAMPUS","SELMA","AL","36701","short_term_acute","214","cms_pos"
"010126","TROY REGIONAL MEDICAL CENTER","TROY","AL","36081","short_term_acute","97","cms_pos"
"010128","JACKSON MEDICAL CENTER","JACKSON","AL","36545","short_term_acute","35","cms_pos"
"010129","NORTH BALDWIN INFIRMARY","BAY MINETTE","AL","36507","short_term_acute","78","cms_pos"
"010130","ST VINCENT'S ST CLAIR","PELL CITY","AL","35125","short_term_acute","40","cms_pos"
"010131","CRESTWOOD MEDICAL CENTER","HUNTSVILLE","AL","35801","short_term_acute","147","cms_pos"
"010138","HILL HOSPITAL OF SUMTER COUNTY","YORK","AL","36925","short_term_acute","33","cms_pos"
"010139","BAPTIST HEALTH BROOKWOOD HOSPITAL","BIRMINGHAM","AL","35209","short_term_acute","595","cms_pos"
"010144","SPRINGHILL MEMORIAL HOSPITAL","MOBILE","AL","36608","short_term_acute","263","cms_pos"
"010148","EVERGREEN MEDICAL CENTER","EVERGREEN","AL","36401","short_term_acute","44","cms_pos"
"010149","BAPTIST MEDICAL CENTER EAST","MONTGOMERY","AL","36117","short_term_acute","150","cms_pos"
"010150","REGIONAL MEDICAL CENTER OF CENTRAL ALABAMA","GREENVILLE","AL","36037","short_term_acute","72","cms_pos"
"010157","NORTH ALABAMA SHOALS HOSPITAL","MUSCLE SHOALS","AL","35661","short_term_acute","198","cms_pos"
"010158","RUSSELLVILLE HOSPITAL","RUSSELLVILLE","AL","35653","short_term_acute","100","cms_pos"
"010164","COOSA VALLEY MEDICAL CENTER","SYLACAUGA","AL","35150","short_term_acute","168","cms_pos"
"010168","JACK HUGHSTON MEMORIAL HOSPITAL","PHENIX CITY","AL","36867","short_term_acute","70","cms_pos"
"010169","ATMORE COMMUNITY HOSPITAL","ATMORE","AL","36502","short_term_acute","49","cms_pos"
"010173","ST VINCENT'S CHILTON","CLANTON","AL","35045","short_term_acute","30","cms_pos"
"010779","BULLOCK COUNTY HOSPITAL","UNION SPRINGS","AL","36089","rural_emergency","1","cms_pos"
"010780","EAMC - LANIER","VALLEY","AL","36854","rural_emergency","1","cms_pos"
"010781","J PAUL JONES HOSPITAL","CAMDEN","AL","36726","rural_emergency","1","cms_pos"
"010782","CLAY COUNTY HOSPITAL","ASHLAND","AL","36251","rural_emergency","1","cms_pos"
"010783","GROVE HILL MEMORIAL HOSPITAL","GROVE HILL","AL","36451","rural_emergency","4","cms_pos"
"011300","WASHINGTON COUNTY HOSPITAL","CHATOM","AL","36518","critical_access","25","cms_pos"
"011302","RED BAY HOSPITAL","RED BAY","AL","35582","critical_access","25","cms_pos"
"011304","OCHSNER CHOCTAW GENERAL","BUTLER","AL","36904","critical_access","25","cms_pos"
"011305","ST VINCENTS BLOUNT","ONEONTA","AL","35121","critical_access","25","cms_pos"
"011306","TANNER MEDICAL CENTER-EAST ALABAMA","WEDOWEE","AL","36278","critical_access","15","cms_pos"
"011307","MEDICAL CENTER BARBOUR","EUFAULA","AL","36027","critical_access","35","cms_pos"
"011308","CRENSHAW COMMUNITY HOSPITAL","LUVERNE","AL","36049","critical_access","35","cms_pos"
"011309","WIREGRASS MEDICAL CENTER","GENEVA","AL","36340","critical_access","35","cms_pos"
"011310","MONROE COUNTY HOSPITAL","MONROEVILLE","AL","36460","critical_access","25","cms_pos"
"011311","LAKELAND COMMUNITY HOSPITAL","HALEYVILLE","AL","35565","critical_access","25","cms_pos"
"012006","INFIRMARY LTAC HOSPITAL","MOBILE","AL","36607","long_term_care","22","cms_pos"
"012008","SELECT SPECIALTY HOSPITAL - BIRMINGHAM","BIRMINGHAM","AL","35209","long_term_care","38","cms_pos"
"012009","NOLAND HOSPITAL BIRMINGHAM II, LLC","BIRMINGHAM","AL","35205","long_term_care","45","cms_pos"
"012010","NOLAND HOSPITAL DOTHAN II, LLC","DOTHAN","AL","36302","long_term_care","35","cms_pos"
"012011","NOLAND HOSPITAL ANNISTON II, LLC","ANNISTON","AL","36202","long_term_care","38","cms_pos"
"012012","NOLAND HOSPITAL TUSCALOOSA II, LLC","TUSCALOOSA","AL","35401","long_term_care","32","cms_pos"
"012014","NORTH ALABAMA SPECIALTY HOSPITAL","HUNTSVILLE","AL","35801","long_term_care","31","cms_pos"
"013025","ENCOMPASS HEALTH LAKESHORE REHABILITATION HOSPITAL","BIRMINGHAM","AL","35209","rehabilitation","100","cms_pos"
"013028","ENCOMPASS REHABILITATION HOSPITAL OF MONTGOMERY","MONTGOMERY","AL","36116","rehabilitation","70","cms_pos"
"013029","ENCOMPASS HEALTH REHABILITATION HOSPITAL NORTH  AL","HUNTSVILLE","AL","35811","rehabilitation","70","cms_pos"
"013030","ENCOMPASS HEALTH REHABILITATION HOSPITAL OF DOTHAN","DOTHAN","AL","36301","rehabilitation","51","cms_pos"
"013031","ENCOMPASS HEALTH REHABILITATION HOSPITAL OF SHELBY","PELHAM","AL","35124","rehabilitation","34","cms_pos"
"013032","ENCOMPASS HEALTH REHABILITATION HOSPITAL GADSDEN","GADSDEN","AL","35903","rehabilitation","44","cms_pos"
"013033","REHABILITATION HOSPITAL OF PHENIX CITY","PHENIX CITY","AL","36867","rehabilitation","58","cms_pos"
"013300","CHILDREN'S HOSPITAL OF ALABAMA","BIRMINGHAM","AL","35233","childrens","332","cms_pos"
"013301","USA HEALTH CHILDREN'S & WOMEN'S HOSPITAL","MOBILE","AL","36604","childrens","152","cms_pos"
"014000","HILL CREST BEHAVIORAL HEALTH SERVICES","BIRMINGHAM","AL","35212","psychiatric","94","cms_pos"
"014006","MOUNTAIN VIEW HOSPITAL","GADSDEN","AL","35902","psychiatric","68","cms_pos"
"014007","BRYCE HOSPITAL","TUSCALOOSA","AL","35401","psychiatric","268","cms_pos"
"014012","MARY S HARPER GERIATRIC PSYCHIATRY CENTER","TUSCALOOSA","AL","35401","psychiatric","96","cms_pos"
"014013","LAUREL OAKS BEHAVIORAL HEALTH CENTER","DOTHAN","AL","36301","psychiatric","24","cms_pos"
"014014","BAYPOINTE BEHAVIORAL HEALTH","MOBILE","AL","36693","psychiatric","74","cms_pos"
"014015","BEACON CHILDREN'S HOSPITAL","LUVERNE","AL","36049","psychiatric","28","cms_pos"
"014016","SANCTUARY AT THE WOODLANDS, THE","CULLMAN","AL","35055","psychiatric","40","cms_pos"
"014017","EASTPOINTE HOSPITAL","DAPHNE","AL","36526","psychiatric","66","cms_pos"
"014018","UNITY PSYCHIATRIC CARE - HUNTSVILLE","HUNTSVILLE","AL","35806","psychiatric","20","cms_pos"
"014019","UNITY PSYCHIATRIC CARE - CREEKSIDE","BRIDGEPORT","AL","35740","psychiatric","21","cms_pos"
"020001","PROVIDENCE ALASKA MEDICAL CENTER","ANCHORAGE","AK","99508","short_term_acute","401","cms_pos"
"020006","MAT-SU REGIONAL MEDICAL CENTER","PALMER","AK","99645","short_term_acute","74","cms_pos"
"020008","BARTLETT REGIONAL HOSPITAL","JUNEAU","AK","99801","short_term_acute","57","cms_pos"
"020012","FAIRBANKS MEMORIAL HOSPITAL","FAIRBANKS","AK","99701","short_term_acute","162","cms_pos"
"020017","ALASKA REGIONAL HOSPITAL","ANCHORAGE","AK","99508","short_term_acute","250","cms_pos"
"020024","CENTRAL PENINSULA GENERAL HOSPITAL","SOLDOTNA","AK","99669","short_term_acute","49","cms_pos"
"021301","PROVIDENCE VALDEZ MEDICAL CENTER","VALDEZ","AK","99686","critical_access","11","cms_pos"
"021302","PROVIDENCE SEWARD MEDICAL CENTER","SEWARD","AK","99664","critical_access","6","cms_pos"
"021304","PETERSBURG MEDICAL CENTER","PETERSBURG","AK","99833","critical_access","12","cms_pos"
"021306","PROVIDENCE KODIAK ISLAND MEDICAL CTR","KODIAK","AK","99615","critical_access","25","cms_pos"
"021307","CORDOVA COMMUNITY MEDICAL CENTER","CORDOVA","AK","99574","critical_access","13","cms_pos"
"021311","KETCHIKAN MEDICAL CENTER","KETCHIKAN","AK","99901","critical_access","25","cms_pos"
"021313","SOUTH PENINSULA HOSPITAL","HOMER","AK","99603","critical_access","22","cms_pos"
"022001","ST ELIAS SPECIALTY HOSPITAL","ANCHORAGE","AK","99503","long_term_care","59","cms_pos"
"024001","NORTH STAR HOSPITAL","ANCHORAGE","AK","99508","psychiatric","140","cms_pos"
"024002","ALASKA PSYCHIATRIC INSTITUTE","ANCHORAGE","AK","99508","psychiatric","95","cms_pos"
"030002","BANNER - UNIVERSITY MEDICAL CENTER PHOENIX","PHOENIX","AZ","85006","short_term_acute","766","cms_pos"
"030006","TUCSON MEDICAL CENTER","TUCSON","AZ","85712","short_term_acute","596","cms_pos"
"030007","VERDE VALLEY MEDICAL CENTER","COTTONWOOD","AZ","86326","short_term_acute","98","cms_pos"
"030010","ST. MARY'S HOSPITAL","TUCSON","AZ","85745","short_term_acute","400","cms_pos"
"030011","ST JOSEPH'S HOSPITAL","TUCSON","AZ","85711","short_term_acute","486","cms_pos"
"030012","YAVAPAI REGIONAL MEDICAL CENTER","PRESCOTT","AZ","86301","short_term_acute","228","cms_pos"
"030013","YUMA REGIONAL MEDICAL CENTER","YUMA","AZ","85364","short_term_acute","369","cms_pos"
"030014","HONORHEALTH JOHN C. LINCOLN MEDICAL CENTER","PHOENIX","AZ","85020","short_term_acute","262","cms_pos"
"030016","BANNER CASA GRANDE MEDICAL CENTER","CASA GRANDE","AZ","85122","short_term_acute","141","cms_pos"
"030022","VALLEYWISE HEALTH MEDICAL CENTER","PHOENIX","AZ","85008","short_term_acute","758","cms_pos"
"030023","FLAGSTAFF MEDICAL CENTER","FLAGSTAFF","AZ","86001","short_term_acute","264","cms_pos"
"030024","ST. JOSEPH'S HOSPITAL AND MEDICAL CENTER","PHOENIX","AZ","85013","short_term_acute","586","cms_pos"
"030030","ABRAZO CENTRAL CAMPUS","PHOENIX","AZ","85015","short_term_acute","206","cms_pos"
"030036","CHANDLER REGIONAL MEDICAL CENTER","CHANDLER","AZ","85224","short_term_acute","429","cms_pos"
"030037","HONORHEALTH TEMPE MEDICAL CENTER","TEMPE","AZ","85282","short_term_acute","219","cms_pos"
"030038","HONORHEALTH SCOTTSDALE OSBORN MEDICAL CENTER","SCOTTSDALE","AZ","85251","short_term_acute","341","cms_pos"
"030043","CANYON VISTA MEDICAL CENTER","SIERRA VISTA","AZ","85635","short_term_acute","100","cms_pos"
"030055","KINGMAN REGIONAL MEDICAL CENTER","KINGMAN","AZ","86401","short_term_acute","235","cms_pos"
"030061","BANNER BOSWELL MEDICAL CENTER","SUN CITY","AZ","85351","short_term_acute","434","cms_pos"
"030062","SUMMIT HEALTHCARE REGIONAL MEDICAL CENTER","SHOW LOW","AZ","85901","short_term_acute","101","cms_pos"
"030064","BANNER - UNIVERSITY MEDICAL CENTER TUCSON CAMPUS","TUCSON","AZ","85719","short_term_acute","625","cms_pos"
"030065","BANNER DESERT MEDICAL CENTER","MESA","AZ","85202","short_term_acute","595","cms_pos"
"030069","HAVASU REGIONAL MEDICAL CENTER","LAKE HAVASU CITY","AZ","86403","short_term_acute","152","cms_pos"
"030083","ABRAZO SCOTTSDALE CAMPUS","PHOENIX","AZ","85032","short_term_acute","136","cms_pos"
"030084","CHINLE COMPREHENSIVE HEALTH CARE FACILITY","CHINLE","AZ","86503","short_term_acute","10","cms_pos"
"030085","NORTHWEST MEDICAL CENTER","TUCSON","AZ","85741","short_term_acute","300","cms_pos"
"030087","HONORHEALTH SCOTTSDALE SHEA MEDICAL CENTER","SCOTTSDALE","AZ","85260","short_term_acute","425","cms_pos"
"030088","BANNER BAYWOOD MEDICAL CENTER","MESA","AZ","85206","short_term_acute","359","cms_pos"
"030089","BANNER THUNDERBIRD MEDICAL CENTER","GLENDALE","AZ","85306","short_term_acute","561","cms_pos"
"030092","HONORHEALTH DEER VALLEY MEDICAL CENTER","PHOENIX","AZ","85027","short_term_acute","204","cms_pos"
"030093","BANNER DEL E. WEBB MEDICAL CENTER","SUN CITY WEST","AZ","85375","short_term_acute","394","cms_pos"
"030094","ABRAZO ARROWHEAD CAMPUS","GLENDALE","AZ","85308","short_term_acute","217","cms_pos"
"030101","WESTERN ARIZONA REGIONAL MEDICAL CENTER","BULLHEAD CITY","AZ","86442","short_term_acute","139","cms_pos"
"030103","MAYO CLINIC HOSPITAL","PHOENIX","AZ","85054","short_term_acute","280","cms_pos"
"030105","BANNER HEART HOSPITAL","MESA","AZ","85206","short_term_acute","111","cms_pos"
"030107","ARIZONA SPINE AND JOINT HOSPITAL","MESA","AZ","85206","short_term_acute","23","cms_pos"
"030108","THE CORE INSTITUTE SPECIALTY HOSPITAL","PHOENIX","AZ","85015","short_term_acute","32","cms_pos"
"030110","ABRAZO WEST CAMPUS","GOODYEAR","AZ","85395","short_term_acute","200","cms_pos"
"030111","BANNER-UNIVERSITY MEDICAL CENTER SOUTH CAMPUS","TUCSON","AZ","85713","short_term_acute","245","cms_pos"
"030112","ARIZONA SPECIALTY HOSPITAL","PHOENIX","AZ","85008","short_term_acute","24","cms_pos"
"030114","ORO VALLEY HOSPITAL","ORO VALLEY","AZ","85755","short_term_acute","146","cms_pos"
"030115","BANNER ESTRELLA MEDICAL CENTER","PHOENIX","AZ","85037","short_term_acute","317","cms_pos"
"030117","VALLEY VIEW MEDICAL CENTER","FORT MOHAVE","AZ","86426","short_term_acute","84","cms_pos"
"030119","MERCY GILBERT MEDICAL CENTER","GILBERT","AZ","85297","short_term_acute","197","cms_pos"
"030121","HONORHEALTH MOUNTAIN VISTA MEDICAL CENTER","MESA","AZ","85209","short_term_acute","178","cms_pos"
"030122","BANNER GATEWAY MEDICAL CENTER","GILBERT","AZ","85234","short_term_acute","177","cms_pos"
"030123","HONORHEALTH SCOTTSDALE THOMPSON PEAK MED CTR","SCOTTSDALE","AZ","85255","short_term_acute","120","cms_pos"
"030130","BANNER IRONWOOD MEDICAL CENTER","QUEEN CREEK","AZ","85140","short_term_acute","53","cms_pos"
"030134","BANNER GOLDFIELD MEDICAL CENTER","APACHE JUNCTION","AZ","85120","short_term_acute","20","cms_pos"
"030136","DIGNITY HEALTH - ARIZONA GENERAL HOSPITAL","LAVEEN","AZ","85339","short_term_acute","16","cms_pos"
"030138","CITY OF HOPE CANCER CENTER PHOENIX","GOODYEAR","AZ","85338","short_term_acute","38","cms_pos"
"030139","DIGNITY HEALTH ARIZONA GENERAL HOSPITAL","MESA","AZ","85212","short_term_acute","50","cms_pos"
"030146","HONORHEALTH SONORAN CROSSING MEDICAL CENTER","PHOENIX","AZ","85085","short_term_acute","70","cms_pos"
"030147","BANNER OCOTILLO MEDICAL CENTER","CHANDLER","AZ","85286","short_term_acute","94","cms_pos"
"030148","NORTHWEST MEDICAL CENTER SAHUARITA","SAHUARITA","AZ","85629","short_term_acute","18","cms_pos"
"030152","EXCEPTIONAL COMMUNITY HOSPITAL - MARICOPA","MARICOPA","AZ","85139","short_term_acute","9","cms_pos"
"030153","EAST VALLEY ER & HOSPITAL","GILBERT","AZ","85295","short_term_acute","14","cms_pos"
"030154","EXCEPTIONAL COMMUNITY HOSPITAL YUMA","YUMA","AZ","85365","short_term_acute","9","cms_pos"
"030155","EXCEPTIONAL COMMUNITY HOSPITAL BULLHEAD CITY","BULLHEAD CITY","AZ","86442","short_term_acute","8","cms_pos"
"030195","KAYENTA ALTERNATIVE RURAL HOSPITAL","KAYENTA","AZ","86033","short_term_acute","10","cms_pos"
"030196","EXCEPTIONAL COMMUNITY HOSPITAL PRESCOTT","PRESCOTT","AZ","86302","short_term_acute","8","cms_pos"
"030198","CORNERSTONE SPECIALTY HOSPITALS TUCSON","TUCSON","AZ","85710","short_term_acute","34","cms_pos"
"031300","WICKENBURG COMMUNITY HOSPITAL","WICKENBURG","AZ","85390","critical_access","19","cms_pos"
"031301","BENSON HOSPITAL","BENSON","AZ","85602","critical_access","22","cms_pos"
"031302","NORTHERN COCHISE COMMUNITY HOSPITAL, INC.","WILLCOX","AZ","85643","critical_access","24","cms_pos"
"031304","PAGE HOSPITAL","PAGE","AZ","86040","critical_access","25","cms_pos"
"031309","SAGE MEMORIAL HOSPITAL","GANADO","AZ","86505","critical_access","25","cms_pos"
"031311","LITTLE COLORADO MEDICAL CENTER","WINSLOW","AZ","86047","critical_access","25","cms_pos"
"031312","COPPER QUEEN COMMUNITY HOSPITAL","BISBEE","AZ","85603","critical_access","14","cms_pos"
"031313","HOLY CROSS HOSPITAL","NOGALES","AZ","85621","critical_access","25","cms_pos"
"031314","COBRE VALLEY REGIONAL MEDICAL CENTER","GLOBE","AZ","85501","critical_access","25","cms_pos"
"031315","WHITE MOUNTAIN REGIONAL MEDICAL CENTER","SPRINGERVILLE","AZ","85938","critical_access","25","cms_pos"
"031317","LA PAZ REGIONAL HOSPITAL","PARKER","AZ","85344","critical_access","25","cms_pos"
"031318","BANNER PAYSON MEDICAL CENTER","PAYSON","AZ","85541","critical_access","44","cms_pos"
"031319","MT. GRAHAM REGIONAL MEDICAL CENTER","SAFFORD","AZ","85546","critical_access","25","cms_pos"
"032001","SELECT SPECIALTY HOSPITAL PHOENIX","PHOENIX","AZ","85013","long_term_care","48","cms_pos"
"032002","SELECT SPECIALTY HOSPITAL-TUCSON NORTHWEST","TUCSON","AZ","85704","long_term_care","51","cms_pos"
"032005","SELECT SPECIALTY HOSPITAL ARIZONA","PHOENIX","AZ","85006","long_term_care","62","cms_pos"
"032006","PHOENIX SPECIALTY HOSPITAL","MESA","AZ","85203","long_term_care","48","cms_pos"
"033025","ENCOMPASS HEALTH REHAB HOSPITAL OF SCOTTSDALE","SCOTTSDALE","AZ","85260","rehabilitation","60","cms_pos"
"033028","ENCOMPASS HEALTH REHABILITATION INSTITUTE OF TUCSO","TUCSON","AZ","85712","rehabilitation","80","cms_pos"
"033029","ENCOMPASS HEALTH REHABILITATION HOSPITAL OF NORTHW","TUCSON","AZ","85704","rehabilitation","60","cms_pos"
"033032","ENCOMPASS HEALTH VALLEY OF THE SUN REHAB HOSPITAL","GLENDALE","AZ","85304","rehabilitation","75","cms_pos"
"033034","YUMA REHABILITATION HOSPITAL,AN AFFILIATION OF ENC","YUMA","AZ","85364","rehabilitation","51","cms_pos"
"033036","MOUNTAIN VALLEY REGIONAL REHABILITATION HOSPITAL","PRESCOTT VALLEY","AZ","86314","rehabilitation","44","cms_pos"
"033037","ENCOMPASS HEALTH REHABILITATION HOSPITAL OF EAST V","MESA","AZ","85206","rehabilitation","60","cms_pos"
"033038","GLOBALREHAB - SCOTTSDALE, LLC","SCOTTSDALE","AZ","85258","rehabilitation","50","cms_pos"
"033039","PAM HEALTH REHABILITATION HOSPITAL OF SURPRISE","SURPRISE","AZ","85378","rehabilitation","40","cms_pos"
"033040","DIGNITY HEALTH EAST VALLEY REHABILITATION HOSPITAL","CHANDLER","AZ","85224","rehabilitation","50","cms_pos"
"033041","REHABILITATION HOSPITAL OF NORTHERN ARIZONA","FLAGSTAFF","AZ","86001","rehabilitation","40","cms_pos"
"033042","BANNER REHABILITATION HOSPITAL-WEST","PEORIA","AZ","85381","rehabilitation","56","cms_pos"
"033043","REUNION REHABILITATION HOSPITAL PHOENIX LLC","PHOENIX","AZ","85006","rehabilitation","48","cms_pos"
"033044","DIGNITY HEALTH EAST VALLEY REHABILITATION HOSPITAL","GILBERT","AZ","85295","rehabilitation","40","cms_pos"
"033045","REUNION REHABILITATION HOSPITAL PEORIA LLC","PEORIA","AZ","85381","rehabilitation","40","cms_pos"
"033046","CLEARSKY REHABILITATION HOSPITAL OF AVONDALE","AVONDALE","AZ","85392","rehabilitation","30","cms_pos"
"033047","EXALT HEALTH REHABILITATION HOSPITAL SCOTTSDALE","SCOTTSDALE","AZ","85255","rehabilitation","48","cms_pos"
"033302","PHOENIX CHILDREN'S HOSPITAL","PHOENIX","AZ","85016","childrens","435","cms_pos"
"034004","BANNER BEHAVIORAL HEALTH HOSPITAL","SCOTTSDALE","AZ","85251","psychiatric","156","cms_pos"
"034013","COLLEGE MEDICAL CENTER PHOENIX","PHOENIX","AZ","85006","psychiatric","127","cms_pos"
"034020","HAVEN BEHAVIORAL HOSPITAL OF PHOENIX","PHOENIX","AZ","85007","psychiatric","57","cms_pos"
"034021","ARIZONA STATE HOSPITAL","PHOENIX","AZ","85007","psychiatric","475","cms_pos"
"034022","SONORA BEHAVIORAL HEALTH HOSPITAL","TUCSON","AZ","85704","psychiatric","140","cms_pos"
"034023","THE GUIDANCE CENTER","FLAGSTAFF","AZ","86004","psychiatric","16","cms_pos"
"034024","AURORA BEHAVIORAL HEALTH SYSTEM","GLENDALE","AZ","85302","psychiatric","100","cms_pos"
"034025","THE HEALING PLACE","PRESCOTT","AZ","86301","psychiatric","16","cms_pos"
"034026","VALLEY HOSPITAL","PHOENIX","AZ","85018","psychiatric","122","cms_pos"
"034027","CHANGEPOINT PSYCHIATRIC HOSPITAL","LAKESIDE","AZ","85929","psychiatric","16","cms_pos"
"034028","AURORA BEHAVIORAL HEALTHCARE-TEMPE","TEMPE","AZ","85283","psychiatric","138","cms_pos"
"034029","OASIS BEHAVIORAL HEALTH HOSPITAL","CHANDLER","AZ","85225","psychiatric","146","cms_pos"
"034030","PALO VERDE BEHAVIORAL HEALTH","TUCSON","AZ","85712","psychiatric","84","cms_pos"
"034031","QUAIL RUN BEHAVIORAL HEALTH","PHOENIX","AZ","85027","psychiatric","102","cms_pos"
"034032","COPPER SPRINGS HOSPITAL, LLC","AVONDALE","AZ","85392","psychiatric","72","cms_pos"
"034033","EL DORADO SPRINGS","TUCSON","AZ","85712","psychiatric","36","cms_pos"
"034034","DESTINY SPRINGS HEALTHCARE","SURPRISE","AZ","85378","psychiatric","95","cms_pos"
"034035","AVENIR BEHAVIORAL HEALTH CENTER","SURPRISE","AZ","85374","psychiatric","32","cms_pos"
"034038","PHOENIX MEDICAL PSYCHIATRIC HOSPITAL, LLC","PHOENIX","AZ","85006","psychiatric","94","cms_pos"
"034040","VIA LINDA BEHAVIORAL HOSPITAL","SCOTTSDALE","AZ","85258","psychiatric","120","cms_pos"
"034041","AGAVE RIDGE BEHAVIORAL HOSPITAL","MESA","AZ","85212","psychiatric","100","cms_pos"
"040001","SILOAM SPRINGS REGIONAL HOSPITAL","SILOAM SPRINGS","AR","72761","short_term_acute","73","cms_pos"
"040002","JOHNSON REGIONAL MEDICAL CENTER","CLARKSVILLE","AR","72830","short_term_acute","90","cms_pos"
"040004","WASHINGTON REGIONAL MEDICAL CENTER","FAYETTEVILLE","AR","72703","short_term_acute","425","cms_pos"
"040007","CHI ST VINCENT INFIRMARY","LITTLE ROCK","AR","72205","short_term_acute","615","cms_pos"
"040010","MERCY HOSPITAL NORTHWEST ARKANSAS","ROGERS","AR","72758","short_term_acute","275","cms_pos"
"040011","CHAMBERS MEMORIAL HOSPITAL","DANVILLE","AR","72833","short_term_acute","42","cms_pos"
"040014","UNITY HEALTH WHITE COUNTY MEDICAL CENTER","SEARCY","AR","72143","short_term_acute","571","cms_pos"
"040016","UAMS MEDICAL CENTER","LITTLE ROCK","AR","72205","short_term_acute","450","cms_pos"
"040017","NORTH ARKANSAS REGIONAL MEDICAL CENTER","HARRISON","AR","72601","short_term_acute","174","cms_pos"
"040018","BAPTIST HEALTH - VAN BUREN","VAN BUREN","AR","72956","short_term_acute","103","cms_pos"
"040019","FORREST CITY MEDICAL CENTER","FORREST CITY","AR","72335","short_term_acute","118","cms_pos"
"040020","ST BERNARDS MEDICAL CENTER","JONESBORO","AR","72401","short_term_acute","440","cms_pos"
"040022","NORTHWEST MEDICAL CENTER","SPRINGDALE","AR","72764","short_term_acute","414","cms_pos"
"040026","CHI ST VINCENT HOSPITAL HOT SPRINGS","HOT SPRINGS","AR","71903","short_term_acute","282","cms_pos"
"040027","BAXTER HEALTH","MOUNTAIN HOME","AR","72653","short_term_acute","268","cms_pos"
"040029","CONWAY REGIONAL MEDICAL CENTER, INC","CONWAY","AR","72034","short_term_acute","150","cms_pos"
"040036","BAPTIST HEALTH MEDICAL CENTER NORTH LITTLE ROCK","NORTH LITTLE ROCK","AR","72117","short_term_acute","225","cms_pos"
"040039","ARKANSAS METHODIST MEDICAL CENTER","PARAGOULD","AR","72450","short_term_acute","129","cms_pos"
"040041","ST MARYS REGIONAL MEDICAL CENTER","RUSSELLVILLE","AR","72801","short_term_acute","170","cms_pos"
"040050","OUACHITA COUNTY MEDICAL CENTER","CAMDEN","AR","71701","short_term_acute","49","cms_pos"
"040051","BAPTIST HEALTH MEDICAL CENTER-DREW COUNTY","MONTICELLO","AR","71655","short_term_acute","60","cms_pos"
"040055","BAPTIST HEALTH - FORT SMITH","FORT SMITH","AR","72901","short_term_acute","492","cms_pos"
"040062","MERCY HOSPITAL FORT SMITH","FORT SMITH","AR","72903","short_term_acute","360","cms_pos"
"040069","GREAT RIVER MEDICAL CENTER","BLYTHEVILLE","AR","72315","short_term_acute","168","cms_pos"
"040071","JEFFERSON REGIONAL MEDICAL CENTER","PINE BLUFF","AR","71603","short_term_acute","300","cms_pos"
"040076","BAPTIST HEALTH MEDICAL CENTER-HOT SPRINGS COUNTY","MALVERN","AR","72104","short_term_acute","72","cms_pos"
"040078","NATIONAL PARK MEDICAL CENTER","HOT SPRINGS","AR","71901","short_term_acute","161","cms_pos"
"040084","SALINE MEMORIAL HOSPITAL","BENTON","AR","72015","short_term_acute","177","cms_pos"
"040088","SOUTH ARKANSAS REGIONAL HOSPITAL LLC","EL DORADO","AR","71730","short_term_acute","149","cms_pos"
"040114","BAPTIST HEALTH MEDICAL CENTER-LITTLE ROCK","LITTLE ROCK","AR","72205","short_term_acute","807","cms_pos"
"040118","NEA BAPTIST MEMORIAL HOSPITAL","JONESBORO","AR","72405","short_term_acute","228","cms_pos"
"040119","WHITE RIVER MEDICAL CENTER","BATESVILLE","AR","72503","short_term_acute","224","cms_pos"
"040134","ARKANSAS HEART HOSPITAL, LLC","LITTLE ROCK","AR","72211","short_term_acute","110","cms_pos"
"040137","ST VINCENT MEDICAL CENTER/NORTH","SHERWOOD","AR","72120","short_term_acute","69","cms_pos"
"040147","ARKANSAS SURGICAL HOSPITAL","NO LITTLE ROCK","AR","72118","short_term_acute","47","cms_pos"
"040154","BAPTIST HEALTH MEDICAL CENTER- CONWAY","CONWAY","AR","72032","short_term_acute","111","cms_pos"
"040156","BAPTIST MEMORIAL HOSPITAL-CRITTENDEN, INC","WEST MEMPHIS","AR","72301","short_term_acute","11","cms_pos"
"040161","ARKANSAS HEART HOSPITAL-ENCORE","BRYANT","AR","72022","short_term_acute","25","cms_pos"
"040164","UNITY HEALTH - JACKSONVILLE","JACKSONVILLE","AR","72076","short_term_acute","24","cms_pos"
"040779","ST BERNARDS FIVE RIVERS MEDICAL CENTER","POCAHONTAS","AR","72455","rural_emergency","1","cms_pos"
"040780","EUREKA SPRINGS HOSPITAL COMMISSION","EUREKA SPRINGS","AR","72632","rural_emergency","1","cms_pos"
"040781","HELENA REGIONAL MEDICAL CENTER","HELENA","AR","72342","rural_emergency","48","cms_pos"
"040782","SOUTH MISSISSIPPI COUNTY REGIONAL MEDICAL CENTER","OSCEOLA","AR","72370","rural_emergency","1","cms_pos"
"040783","DEWITT HOSPITAL & NURSING HOME, INC","DE WITT","AR","72042","rural_emergency","1","cms_pos"
"041300","MERCY HOSPITAL PARIS","PARIS","AR","72855","critical_access","13","cms_pos"
"041302","DARDANELLE REGIONAL MEDICAL CENTER","DARDANELLE","AR","72834","critical_access","35","cms_pos"
"041303","MERCY HOSPITAL OZARK","OZARK","AR","72949","critical_access","25","cms_pos"
"041305","MERCY HOSPITAL WALDRON","WALDRON","AR","72958","critical_access","24","cms_pos"
"041306","IZARD REGIONAL HOSPITAL LLC","CALICO ROCK","AR","72519","critical_access","25","cms_pos"
"041307","CROSSRIDGE COMMUNITY HOSPITAL","WYNNE","AR","72396","critical_access","25","cms_pos"
"041308","MCGEHEE HOSPITAL","MCGEHEE","AR","71654","critical_access","25","cms_pos"
"041309","LAWRENCE MEMORIAL HOSPITAL","WALNUT RIDGE","AR","72476","critical_access","25","cms_pos"
"041310","STONE COUNTY MEDICAL CENTER","MOUNTAIN VIEW","AR","72560","critical_access","25","cms_pos"
"041311","HOWARD MEMORIAL HOSPITAL","NASHVILLE","AR","71852","critical_access","25","cms_pos"
"041312","BAPTIST HEALTH MEDICAL CENTER HEBER SPINGS","HEBER SPRINGS","AR","72543","critical_access","25","cms_pos"
"041313","OZARK HEALTH","CLINTON","AR","72031","critical_access","25","cms_pos"
"041317","DALLAS COUNTY MEDICAL CENTER","FORDYCE","AR","71742","critical_access","25","cms_pos"
"041318","MERCY HOSPITAL BOONEVILLE","BOONEVILLE","AR","72927","critical_access","25","cms_pos"
"041320","LITTLE RIVER MEMORIAL HOSPITAL","ASHDOWN","AR","71822","critical_access","25","cms_pos"
"041321","BAPTIST HEALTH MEDICAL CENTER-ARKADELPHIA","ARKADELPHIA","AR","71923","critical_access","25","cms_pos"
"041322","BAXTER HEALTH FULTON COUNTY HOSPITAL","SALEM","AR","72576","critical_access","25","cms_pos"
"041323","ASHLEY COUNTY MEDICAL CENTER","CROSSETT","AR","71635","critical_access","33","cms_pos"
"041324","CHI ST VINCENT MORRILTON","MORRILTON","AR","72110","critical_access","35","cms_pos"
"041326","DELTA MEMORIAL HOSPITAL","DUMAS","AR","71639","critical_access","25","cms_pos"
"041327","BRADLEY COUNTY MEDICAL CENTER","WARREN","AR","71671","critical_access","35","cms_pos"
"041328","CHICOT MEMORIAL MEDICAL CENTER","LAKE VILLAGE","AR","71653","critical_access","25","cms_pos"
"041329","MERCY HOSPITAL BERRYVILLE","BERRYVILLE","AR","72616","critical_access","25","cms_pos"
"041330","PIGGOTT COMMUNITY HOSPITAL","PIGGOTT","AR","72454","critical_access","25","cms_pos"
"041331","OZARKS COMMUNITY HOSPITAL OF GRAVETTE","GRAVETTE","AR","72736","critical_access","25","cms_pos"
"041332","UNITY HEALTH - NEWPORT","NEWPORT","AR","72112","critical_access","35","cms_pos"
"041333","SEVIER COUNTY MEDICAL CENTER","DE QUEEN","AR","71832","critical_access","15","cms_pos"
"041334","MENA REGIONAL HEALTH SYSTEM","MENA","AR","71953","critical_access","45","cms_pos"
"041335","SOUTHWEST ARKANSAS REGIONAL MEDICAL CENTER LLC","HOPE","AR","71801","critical_access","25","cms_pos"
"041336","MAGNOLIA REGIONAL MEDICAL CENTER","MAGNOLIA","AR","71753","critical_access","25","cms_pos"
"041337","BAPTIST HEALTH MEDICAL CENTER-STUTTGART","STUTTGART","AR","72160","critical_access","25","cms_pos"
"042004","ARKANSAS EXTENDED CARE HOSPITAL HOT SPRINGS","HOT SPRINGS","AR","71913","long_term_care","27","cms_pos"
"042008","ARKANSAS EXTENDED CARE HOSPITAL-FT SMITH","FORT SMITH","AR","72903","long_term_care","25","cms_pos"
"042009","REGENCY HOSPITAL OF NORTHWEST ARKANSAS","SPRINGDALE","AR","72764","long_term_care","25","cms_pos"
"042010","CORNERSTONE SPECIALTY HOSPITALS LITTLE ROCK","LITTLE ROCK","AR","72205","long_term_care","40","cms_pos"
"042011","ADVANCED CARE HOSPITAL WHITE COUNTY","SEARCY","AR","72143","long_term_care","27","cms_pos"
"042012","BAPTIST HEALTH EXTENDED CARE HOSPITAL-LR INC","LITTLE ROCK","AR","72205","long_term_care","55","cms_pos"
"043026","BAPTIST HEALTH REHABILITATION INSTITUTE","LITTLE ROCK","AR","72205","rehabilitation","120","cms_pos"
"043028","ENCOMPASS HEALTH REHABILITATION HOSPITAL FT SMITH","FORT SMITH","AR","72901","rehabilitation","80","cms_pos"
"043029","ENCOMPASS HEALTH REHABILITATION HOSPITAL","JONESBORO","AR","72401","rehabilitation","90","cms_pos"
"043031","CHI ST VINCENT SHERWOOD REHABILITATION HOSPITAL","SHERWOOD","AR","72120","rehabilitation","80","cms_pos"
"043032","ENCOMPASS HEALTH REHAB HOSP A PARTNER OF WASH REG","FAYETTEVILLE","AR","72703","rehabilitation","80","cms_pos"
"043033","CONWAY REGIONAL REHABILITATION HOSPITAL","CONWAY","AR","72034","rehabilitation","26","cms_pos"
"043034","SOUTHEAST REHABILITATION HOSPITAL","LAKE VILLAGE","AR","71653","rehabilitation","10","cms_pos"
"043035","CHI ST VINCENT HS REHAB HOSP, A PART OF ENCOMPASS","HOT SPRINGS","AR","71913","rehabilitation","48","cms_pos"
"043036","MERCY  REHABILITATION HOSPITAL NORTHWEST AR","ROGERS","AR","72758","rehabilitation","36","cms_pos"
"043037","MERCY REHABILITATION HOSPITAL","FORT SMITH","AR","72916","rehabilitation","50","cms_pos"
"043038","JEFFERSON REGIONAL SPECIALTY HOSPITAL","WHITE HALL","AR","71602","rehabilitation","76","cms_pos"
"043300","ARKANSAS CHILDREN'S HOSPITAL","LITTLE ROCK","AR","72202","childrens","336","cms_pos"
"043301","ARKANSAS CHILDREN'S NORTHWEST, INC","SPRINGDALE","AR","72762","childrens","26","cms_pos"
"044004","VANTAGE POINT OF NORTHWEST ARKANSAS","FAYETTEVILLE","AR","72703","psychiatric","114","cms_pos"
"044005","THE BRIDGEWAY","NORTH LITTLE ROCK","AR","72113","psychiatric","127","cms_pos"
"044006","VALLEY BEHAVIORAL HEALTH SYSTEM","BARLING","AR","72923","psychiatric","114","cms_pos"
"044007","RIVENDELL BEHAVIORAL HEALTH SERVICES OF ARKANSAS","BENTON","AR","72019","psychiatric","80","cms_pos"
"044011","ARKANSAS STATE HOSPITAL","LITTLE ROCK","AR","72205","psychiatric","321","cms_pos"
"044013","PINNACLE POINTE BEHAVIORAL HEALTH SYSTEM","LITTLE ROCK","AR","72211","psychiatric","127","cms_pos"
"044017","UNITED METHODIST BEHAVIORAL HOSPITAL","MAUMELLE","AR","72113","psychiatric","60","cms_pos"
"044019","SPRINGWOODS BEHAVIORAL HEALTH SERVICES","FAYETTEVILLE","AR","72704","psychiatric","80","cms_pos"
"044020","RIVERVIEW BEHAVIORAL HEALTH","TEXARKANA","AR","71854","psychiatric","62","cms_pos"
"044021","PERIMETER BEHAVIORAL HOSPITAL OF WEST MEMPHIS","WEST MEMPHIS","AR","72301","psychiatric","54","cms_pos"
"044022","CONWAY BEHAVIORAL HEALTH","CONWAY","AR","72034","psychiatric","80","cms_pos"
"050002","ST ROSE HOSPITAL","HAYWARD","CA","94545","short_term_acute","129","cms_pos"
"050006","PROVIDENCE ST JOSEPH HOSPITAL","EUREKA","CA","95501","short_term_acute","140","cms_pos"
"050007","MILLS-PENINSULA MEDICAL CENTER","BURLINGAME","CA","94010","short_term_acute","301","cms_pos"
"050008","CALIFORNIA PACIFIC MEDICAL CTR-DAVIES CAMPUS HOSP","SAN FRANCISCO","CA","94117","short_term_acute","153","cms_pos"
"050009","PROVIDENCE QUEEN OF THE VALLEY MEDICAL CENTER","NAPA","CA","94558","short_term_acute","171","cms_pos"
"050013","ADVENTIST HEALTH ST HELENA","SAINT HELENA","CA","94574","short_term_acute","181","cms_pos"
"050014","SUTTER AMADOR HOSPITAL","JACKSON","CA","95642","short_term_acute","52","cms_pos"
"050017","MERCY GENERAL HOSPITAL","SACRAMENTO","CA","95819","short_term_acute","419","cms_pos"
"050022","RIVERSIDE COMMUNITY HOSPITAL","RIVERSIDE","CA","92501","short_term_acute","517","cms_pos"
"050024","PARADISE VALLEY HOSPITAL","NATIONAL CITY","CA","91950","short_term_acute","237","cms_pos"
"050025","UC SAN DIEGO HEALTH HILLCREST - HILLCREST MED CTR","SAN DIEGO","CA","92103","short_term_acute","600","cms_pos"
"050026","GROSSMONT HOSPITAL","LA MESA","CA","91942","short_term_acute","536","cms_pos"
"050028","MAD RIVER COMMUNITY HOSPITAL","ARCATA","CA","95521","short_term_acute","80","cms_pos"
"050030","OROVILLE HOSPITAL","OROVILLE","CA","95966","short_term_acute","153","cms_pos"
"050036","BAKERSFIELD MEMORIAL HOSPITAL","BAKERSFIELD","CA","93301","short_term_acute","421","cms_pos"
"050038","SANTA CLARA VALLEY MEDICAL CENTER","SAN JOSE","CA","95128","short_term_acute","1337","cms_pos"
"050039","ENLOE HEALTH","CHICO","CA","95926","short_term_acute","298","cms_pos"
"050040","LAC/OLIVE VIEW-UCLA MEDICAL CENTER","SYLMAR","CA","91342","short_term_acute","324","cms_pos"
"050042","ST ELIZABETH COMMUNITY HOSPITAL","RED BLUFF","CA","96080","short_term_acute","76","cms_pos"
"050043","ALTA BATES SUMMIT MEDICAL CENTER","OAKLAND","CA","94609","short_term_acute","569","cms_pos"
"050045","IMPERIAL VALLEY HEALTH - EL CENTRO HOSPITAL","EL CENTRO","CA","92243","short_term_acute","161","cms_pos"
"050047","CALIFORNIA PACIFIC MEDICAL CENTER- VAN NESS CAMPUS","SAN FRANCISCO","CA","94109","short_term_acute","608","cms_pos"
"050054","SAN GORGONIO MEMORIAL HOSPITAL","BANNING","CA","92220","short_term_acute","79","cms_pos"
"050055","CALIFORNIA PACIFIC MEDICAL CENTER - MISSION BERNAL","SAN FRANCISCO","CA","94110","short_term_acute","120","cms_pos"
"050056","ANTELOPE VALLEY HOSPITAL","LANCASTER","CA","93534","short_term_acute","341","cms_pos"
"050057","KAWEAH HEALTH MEDICAL CENTER","VISALIA","CA","93291","short_term_acute","480","cms_pos"
"050058","GLENDALE MEM HOSPITAL & HLTH CENTER","GLENDALE","CA","91204","short_term_acute","334","cms_pos"
"050060","COMMUNITY REGIONAL MEDICAL CENTER","FRESNO","CA","93721","short_term_acute","794","cms_pos"
"050063","HOLLYWOOD PRESBYTERIAN MEDICAL CENTER","LOS ANGELES","CA","90027","short_term_acute","345","cms_pos"
"050067","OAK VALLEY HOSPITAL DISTRICT","OAKDALE","CA","95361","short_term_acute","144","cms_pos"
"050069","PROVIDENCE ST. JOSEPH HOSPITAL","ORANGE","CA","92868","short_term_acute","462","cms_pos"
"050070","KAISER FOUNDATION HOSPITAL - SOUTH SAN FRANCISCO","SOUTH SAN FRANCISCO","CA","94080","short_term_acute","120","cms_pos"
"050071","KAISER FOUNDATION HOSPITAL-SANTA CLARA","SANTA CLARA","CA","95051","short_term_acute","327","cms_pos"
"050072","KAISER FOUNDATION HOSPITAL - WALNUT CREEK","WALNUT CREEK","CA","94596","short_term_acute","362","cms_pos"
"050073","KAISER FOUNDATION HOSPITAL AND REHAB CENTER","VALLEJO","CA","94589","short_term_acute","475","cms_pos"
"050075","KAISER FOUNDATION HOSPITAL - OAKLAND/RICHMOND","OAKLAND","CA","94611","short_term_acute","396","cms_pos"
"050076","KAISER FOUNDATION HOSPITAL - SAN FRANCISCO","SAN FRANCISCO","CA","94115","short_term_acute","239","cms_pos"
"050077","SCRIPPS MERCY HOSPITAL","SAN DIEGO","CA","92103","short_term_acute","700","cms_pos"
"050078","PROVIDENCE LITTLE CO OF MARY MED CTR SAN PEDRO","SAN PEDRO","CA","90732","short_term_acute","387","cms_pos"
"050082","ST JOHNS REGIONAL MEDICAL CENTER","OXNARD","CA","93030","short_term_acute","265","cms_pos"
"050084","ST JOSEPH'S MEDICAL CENTER OF STOCKTON","STOCKTON","CA","95204","short_term_acute","335","cms_pos"
"050089","COMMUNITY HOSPITAL OF SAN BERNARDINO","SAN BERNARDINO","CA","92411","short_term_acute","347","cms_pos"
"050090","SONOMA VALLEY HOSPITAL","SONOMA","CA","95476","short_term_acute","83","cms_pos"
"050091","COMMUNITY HOSPITAL OF HUNTINGTON PARK","HUNTINGTON PARK","CA","90255","short_term_acute","81","cms_pos"
"050093","SAINT AGNES MEDICAL CENTER","FRESNO","CA","93710","short_term_acute","436","cms_pos"
"050099","SAN ANTONIO REGIONAL HOSPITAL","UPLAND","CA","91786","short_term_acute","363","cms_pos"
"050100","SHARP MEMORIAL HOSPITAL","SAN DIEGO","CA","92123","short_term_acute","881","cms_pos"
"050101","SUTTER SOLANO MEDICAL CENTER","VALLEJO","CA","94589","short_term_acute","111","cms_pos"
"050102","DOCTORS HOSPITAL OF RIVERSIDE, LLC","RIVERSIDE","CA","92503","short_term_acute","193","cms_pos"
"050103","ADVENTIST HEALTH WHITE MEMORIAL","LOS ANGELES","CA","90033","short_term_acute","377","cms_pos"
"050104","SAINT FRANCIS MEDICAL CENTER","LYNWOOD","CA","90262","short_term_acute","448","cms_pos"
"050107","MARIAN REGIONAL MEDICAL CENTER","SANTA MARIA","CA","93454","short_term_acute","227","cms_pos"
"050108","SUTTER MEDICAL CENTER, SACRAMENTO","SACRAMENTO","CA","95816","short_term_acute","523","cms_pos"
"050110","LOMPOC VALLEY MEDICAL CENTER","LOMPOC","CA","93436","short_term_acute","170","cms_pos"
"050112","SANTA MONICA - UCLA MED CTR & ORTHOPAEDIC HOSPITAL","SANTA MONICA","CA","90404","short_term_acute","363","cms_pos"
"050113","SAN MATEO MEDICAL CENTER","SAN MATEO","CA","94403","short_term_acute","103","cms_pos"
"050115","PALOMAR HEALTH DOWNTOWN CAMPUS","ESCONDIDO","CA","92025","short_term_acute","679","cms_pos"
"050116","NORTHRIDGE HOSPITAL MEDICAL CENTER","NORTHRIDGE","CA","91325","short_term_acute","435","cms_pos"
"050118","DOCTORS HOSPITAL OF MANTECA","MANTECA","CA","95336","short_term_acute","73","cms_pos"
"050121","ADVENTIST HEALTH HANFORD","HANFORD","CA","93230","short_term_acute","235","cms_pos"
"050122","DAMERON HOSPITAL","STOCKTON","CA","95203","short_term_acute","211","cms_pos"
"050124","USC VERDUGO HILLS HOSPITAL","GLENDALE","CA","91208","short_term_acute","158","cms_pos"
"050125","REGIONAL MEDICAL CENTER OF SAN JOSE","SAN JOSE","CA","95116","short_term_acute","264","cms_pos"
"050126","VALLEY PRESBYTERIAN HOSPITAL","VAN NUYS","CA","91406","short_term_acute","362","cms_pos"
"050127","WOODLAND MEMORIAL HOSPITAL","WOODLAND","CA","95695","short_term_acute","122","cms_pos"
"050128","TRI-CITY MEDICAL CENTER","OCEANSIDE","CA","92056","short_term_acute","397","cms_pos"
"050129","ST BERNARDINE MEDICAL CENTER","SAN BERNARDINO","CA","92404","short_term_acute","291","cms_pos"
"050131","NOVATO COMMUNITY HOSPITAL","NOVATO","CA","94945","short_term_acute","75","cms_pos"
"050132","SAN GABRIEL VALLEY MEDICAL CENTER","SAN GABRIEL","CA","91776","short_term_acute","273","cms_pos"
"050133","ADVENTIST HEALTH AND RIDEOUT","MARYSVILLE","CA","95901","short_term_acute","173","cms_pos"
"050135","SOUTHERN CALIFORNIA HOSPITAL AT HOLLYWOOD","HOLLYWOOD","CA","90028","short_term_acute","579","cms_pos"
"050136","PETALUMA VALLEY HOSPITAL","PETALUMA","CA","94954","short_term_acute","99","cms_pos"
"050137","KAISER FOUNDATION HOSPITAL - PANORAMA CITY","PANORAMA CITY","CA","91402","short_term_acute","325","cms_pos"
"050138","KAISER FOUNDATION HOSPITAL - LOS ANGELES","LOS ANGELES","CA","90027","short_term_acute","507","cms_pos"
"050139","KAISER FOUNDATION HOSPITAL - DOWNEY","DOWNEY","CA","90242","short_term_acute","352","cms_pos"
"050140","KAISER FOUNDATION HOSPITAL FONTANA","FONTANA","CA","92335","short_term_acute","438","cms_pos"
"050145","COMMUNITY HOSPITAL OF THE MONTEREY PENINSULA","MONTEREY","CA","93940","short_term_acute","286","cms_pos"
"050146","CITY OF HOPE HELFORD CLINICAL RESEARCH HOSPITAL","DUARTE","CA","91010","short_term_acute","212","cms_pos"
"050149","CALIFORNIA HOSPITAL MEDICAL CENTER LA","LOS ANGELES","CA","90015","short_term_acute","309","cms_pos"
"050150","SIERRA NEVADA MEMORIAL HOSPITAL","GRASS VALLEY","CA","95945","short_term_acute","124","cms_pos"
"050152","UCSF HEALTH HYDE HOSPITAL","SAN FRANCISCO","CA","94109","short_term_acute","288","cms_pos"
"050158","ENCINO HOSPITAL MEDICAL CENTER","ENCINO","CA","91436","short_term_acute","150","cms_pos"
"050159","VENTURA COUNTY MEDICAL CENTER","VENTURA","CA","93003","short_term_acute","272","cms_pos"
"050167","SAN JOAQUIN GENERAL HOSPITAL","FRENCH CAMP","CA","95231","short_term_acute","152","cms_pos"
"050168","PROVIDENCE ST. JUDE MEDICAL CENTER","FULLERTON","CA","92835","short_term_acute","301","cms_pos"
"050169","PIH HEALTH HOSPITAL-WHITTIER","WHITTIER","CA","90602","short_term_acute","547","cms_pos"
"050174","PROVIDENCE SANTA ROSA MEMORIAL HOSPITAL","SANTA ROSA","CA","95405","short_term_acute","346","cms_pos"
"050179","EMANUEL MEDICAL CENTER","TURLOCK","CA","95382","short_term_acute","354","cms_pos"
"050180","JOHN MUIR MEDICAL CENTER - WALNUT CREEK CAMPUS","WALNUT CREEK","CA","94598","short_term_acute","296","cms_pos"
"050191","ST MARY MEDICAL CENTER","LONG BEACH","CA","90813","short_term_acute","539","cms_pos"
"050192","ADVENTIST HEALTH REEDLEY","REEDLEY","CA","93654","short_term_acute","49","cms_pos"
"050194","WATSONVILLE COMMUNITY HOSPITAL","WATSONVILLE","CA","95076","short_term_acute","106","cms_pos"
"050195","WASHINGTON HOSPITAL","FREMONT","CA","94538","short_term_acute","265","cms_pos"
"050197","SEQUOIA HOSPITAL","REDWOOD CITY","CA","94062","short_term_acute","208","cms_pos"
"050204","PALMDALE REGIONAL MEDICAL CENTER","PALMDALE","CA","93552","short_term_acute","157","cms_pos"
"050211","ALAMEDA HOSPITAL","ALAMEDA","CA","94501","short_term_acute","145","cms_pos"
"050222","SHARP CHULA VISTA MEDICAL CENTER","CHULA VISTA","CA","91911","short_term_acute","306","cms_pos"
"050224","HOAG MEMORIAL HOSPITAL PRESBYTERIAN","NEWPORT BEACH","CA","92663","short_term_acute","409","cms_pos"
"050226","AHMC ANAHEIM REGIONAL MEDICAL CENTER","ANAHEIM","CA","92801","short_term_acute","224","cms_pos"
"050228","ZUCKERBERG SAN FRANCISCO GENERAL HOSP & TRAUMA CTR","SAN FRANCISCO","CA","94110","short_term_acute","367","cms_pos"
"050230","GARDEN GROVE HOSPITAL & MEDICAL CENTER","GARDEN GROVE","CA","92843","short_term_acute","167","cms_pos"
"050231","POMONA VALLEY HOSPITAL MEDICAL CENTER","POMONA","CA","91767","short_term_acute","447","cms_pos"
"050232","FRENCH HOSPITAL MEDICAL CENTER","SAN LUIS OBISPO","CA","93401","short_term_acute","135","cms_pos"
"050234","SHARP CORONADO HOSPITAL AND HLTHCR CTR","CORONADO","CA","92118","short_term_acute","204","cms_pos"
"050235","PROVIDENCE SAINT JOSEPH MEDICAL CTR","BURBANK","CA","91505","short_term_acute","360","cms_pos"
"050236","ADVENTIST HEALTH SIMI VALLEY","SIMI VALLEY","CA","93065","short_term_acute","149","cms_pos"
"050238","USC ARCADIA HOSPITAL","ARCADIA","CA","91006","short_term_acute","374","cms_pos"
"050239","GLENDALE ADVENTIST MEDICAL CENTER","GLENDALE","CA","91206","short_term_acute","515","cms_pos"
"050242","DOMINICAN HOSPITAL","SANTA CRUZ","CA","95065","short_term_acute","222","cms_pos"
"050243","DESERT REGIONAL MEDICAL CENTER","PALM SPRINGS","CA","92262","short_term_acute","385","cms_pos"
"050245","ARROWHEAD REGIONAL MEDICAL CENTER","COLTON","CA","92324","short_term_acute","456","cms_pos"
"050248","NATIVIDAD MEDICAL CENTER","SALINAS","CA","93906","short_term_acute","172","cms_pos"
"050254","MARSHALL MEDICAL CENTER","PLACERVILLE","CA","95667","short_term_acute","111","cms_pos"
"050257","GOOD SAMARITAN HOSPITAL, LP","BAKERSFIELD","CA","93308","short_term_acute","64","cms_pos"
"050261","SIERRA VIEW MEDICAL CENTER","PORTERVILLE","CA","93257","short_term_acute","120","cms_pos"
"050262","RONALD REAGAN UCLA MEDICAL CENTER","LOS ANGELES","CA","90095","short_term_acute","445","cms_pos"
"050272","REDLANDS COMMUNITY HOSPITAL","REDLANDS","CA","92373","short_term_acute","229","cms_pos"
"050276","CONTRA COSTA REGIONAL MEDICAL CENTER","MARTINEZ","CA","94553","short_term_acute","164","cms_pos"
"050278","PROVIDENCE HOLY CROSS MEDICAL CENTER","MISSION HILLS","CA","91346","short_term_acute","257","cms_pos"
"050279","HI-DESERT MEDICAL CENTER","JOSHUA TREE","CA","92252","short_term_acute","59","cms_pos"
"050280","MERCY MEDICAL CENTER REDDING","REDDING","CA","96001","short_term_acute","267","cms_pos"
"050281","ALHAMBRA HOSPITAL MEDICAL CENTER","ALHAMBRA","CA","91801","short_term_acute","144","cms_pos"
"050283","STANFORD HEALTH CARE TRI-VALLEY","PLEASANTON","CA","94588","short_term_acute","175","cms_pos"
"050289","AHMC SETON MEDICAL CENTER","DALY CITY","CA","94015","short_term_acute","191","cms_pos"
"050290","SAINT JOHN'S HEALTH CENTER","SANTA MONICA","CA","90404","short_term_acute","317","cms_pos"
"050291","SUTTER SANTA ROSA REGIONAL HOSPITAL","SANTA ROSA","CA","95403","short_term_acute","170","cms_pos"
"050292","RIVERSIDE UNIVERSITY HEALTH SYSTEM-MEDICAL CENTER","MORENO VALLEY","CA","92555","short_term_acute","439","cms_pos"
"050295","MERCY HOSPITAL","BAKERSFIELD","CA","93301","short_term_acute","211","cms_pos"
"050298","BARSTOW COMMUNITY HOSPITAL","BARSTOW","CA","92311","short_term_acute","56","cms_pos"
"050300","PROVIDENCE ST MARY MEDICAL CENTER","APPLE VALLEY","CA","92307","short_term_acute","212","cms_pos"
"050301","ADVENTIST HEALTH UKIAH VALLEY","UKIAH","CA","95482","short_term_acute","127","cms_pos"
"050305","ALTA BATES SUMMIT MEDICAL CENTER - ALTA BATES CAMP","BERKELEY","CA","94705","short_term_acute","555","cms_pos"
"050308","EL CAMINO HEALTH","MOUNTAIN VIEW","CA","94040","short_term_acute","471","cms_pos"
"050309","SUTTER ROSEVILLE MEDICAL CENTER","ROSEVILLE","CA","95661","short_term_acute","328","cms_pos"
"050313","SUTTER TRACY COMMUNITY HOSPITAL","TRACY","CA","95376","short_term_acute","82","cms_pos"
"050315","KERN MEDICAL CENTER","BAKERSFIELD","CA","93306","short_term_acute","222","cms_pos"
"050320","HIGHLAND HOSPITAL","OAKLAND","CA","94602","short_term_acute","613","cms_pos"
"050324","SCRIPPS MEMORIAL HOSPITAL LA JOLLA","LA JOLLA","CA","92037","short_term_acute","332","cms_pos"
"050327","LOMA LINDA UNIVERSITY MEDICAL CENTER","LOMA LINDA","CA","92354","short_term_acute","533","cms_pos"
"050329","CORONA REGIONAL MEDICAL CENTER","CORONA","CA","92882","short_term_acute","240","cms_pos"
"050334","SALINAS VALLEY HEALTH MEDICAL CENTER","SALINAS","CA","93901","short_term_acute","263","cms_pos"
"050335","ADVENTIST HEALTH SONORA","SONORA","CA","95370","short_term_acute","143","cms_pos"
"050336","ADVENTIST HEALTH LODI MEMORIAL","LODI","CA","95240","short_term_acute","190","cms_pos"
"050342","PIONEERS MEMORIAL HEALTHCARE DISTRICT","BRAWLEY","CA","92227","short_term_acute","99","cms_pos"
"050348","UCI HEALTH-ORANGE","ORANGE","CA","92868","short_term_acute","415","cms_pos"
"050350","ADVENTIST HEALTH WHITE MEMORIAL MONTEBELLO","MONTEBELLO","CA","90640","short_term_acute","224","cms_pos"
"050351","TORRANCE MEMORIAL MEDICAL CENTER","TORRANCE","CA","90509","short_term_acute","380","cms_pos"
"050352","BARTON MEMORIAL HOSPITAL","SOUTH LAKE TAHOE","CA","96150","short_term_acute","64","cms_pos"
"050353","PROVIDENCE LITTLE COMPANY OF MARY MED CTR TORRANCE","TORRANCE","CA","90503","short_term_acute","366","cms_pos"
"050357","GOLETA VALLEY COTTAGE HOSPITAL","SANTA BARBARA","CA","93111","short_term_acute","122","cms_pos"
"050360","MARINHEALTH MEDICAL CENTER","GREENBRAE","CA","94904","short_term_acute","325","cms_pos"
"050367","NORTHBAY MEDICAL CENTER","FAIRFIELD","CA","94533","short_term_acute","123","cms_pos"
"050373","LOS ANGELES GENERAL MEDICAL CENTER","LOS ANGELES","CA","90033","short_term_acute","676","cms_pos"
"050376","LAC/HARBOR-UCLA MED CENTER","TORRANCE","CA","90502","short_term_acute","553","cms_pos"
"050378","PACIFICA HOSPITAL OF THE VALLEY","SUN VALLEY","CA","91352","short_term_acute","242","cms_pos"
"050380","GOOD SAMARITAN HOSPITAL","SAN JOSE","CA","95124","short_term_acute","474","cms_pos"
"050382","EMANATE HEALTH INTER-COMMUNITY HOSPITAL","COVINA","CA","91723","short_term_acute","193","cms_pos"
"050390","HEMET GLOBAL MEDICAL CENTER","HEMET","CA","92543","short_term_acute","433","cms_pos"
"050393","PIH HEALTH DOWNEY HOSPITAL","DOWNEY","CA","90241","short_term_acute","199","cms_pos"
"050394","COMMUNITY MEMORIAL HOSPITAL - VENTURA","VENTURA","CA","93003","short_term_acute","242","cms_pos"
"050396","SANTA BARBARA COTTAGE HOSPITAL","SANTA BARBARA","CA","93105","short_term_acute","450","cms_pos"
"050407","CHINESE HOSPITAL","SAN FRANCISCO","CA","94133","short_term_acute","65","cms_pos"
"050411","KAISER FOUNDATION HOSPITAL - SOUTH BAY","HARBOR CITY","CA","90710","short_term_acute","251","cms_pos"
"050414","MERCY HOSPITAL OF FOLSOM","FOLSOM","CA","95630","short_term_acute","106","cms_pos"
"050417","SUTTER COAST HOSPITAL","CRESCENT CITY","CA","95531","short_term_acute","49","cms_pos"
"050424","SCRIPPS GREEN HOSPITAL","LA JOLLA","CA","92037","short_term_acute","173","cms_pos"
"050425","KAISER FOUNDATION HOSPITAL - SACRAMENTO","SACRAMENTO","CA","95825","short_term_acute","628","cms_pos"
"050426","WEST ANAHEIM MEDICAL CENTER","ANAHEIM","CA","92804","short_term_acute","219","cms_pos"
"050438","HUNTINGTON HOSPITAL","PASADENA","CA","91109","short_term_acute","625","cms_pos"
"050441","STANFORD HEALTH CARE","STANFORD","CA","94305","short_term_acute","613","cms_pos"
"050444","MERCY MEDICAL CENTER","MERCED","CA","95340","short_term_acute","186","cms_pos"
"050454","UCSF MEDICAL CENTER","SAN FRANCISCO","CA","94143","short_term_acute","1019","cms_pos"
"050455","ADVENTIST HEALTH BAKERSFIELD","BAKERSFIELD","CA","93301","short_term_acute","255","cms_pos"
"050457","UCSF HEALTH STANYAN HOSPITAL","SAN FRANCISCO","CA","94117","short_term_acute","275","cms_pos"
"050464","DOCTORS MEDICAL CENTER","MODESTO","CA","95350","short_term_acute","461","cms_pos"
"050468","MEMORIAL HOSPITAL OF GARDENA","GARDENA","CA","90247","short_term_acute","180","cms_pos"
"050471","PIH HEALTH GOOD SAMARITAN HOSPITAL","LOS ANGELES","CA","90017","short_term_acute","408","cms_pos"
"050481","UCLA WEST VALLEY MEDICAL CENTER","WEST HILLS","CA","91307","short_term_acute","236","cms_pos"
"050485","MEMORIALCARE LONG BEACH MEDICAL CENTER","LONG BEACH","CA","90806","short_term_acute","570","cms_pos"
"050488","EDEN MEDICAL CENTER","CASTRO VALLEY","CA","94546","short_term_acute","155","cms_pos"
"050492","CLOVIS COMMUNITY MEDICAL CENTER","CLOVIS","CA","93611","short_term_acute","352","cms_pos"
"050496","JOHN MUIR MEDICAL CENTER - CONCORD CAMPUS","CONCORD","CA","94520","short_term_acute","303","cms_pos"
"050498","SUTTER AUBURN FAITH HOSPITAL","AUBURN","CA","95603","short_term_acute","97","cms_pos"
"050503","SCRIPPS MEMORIAL HOSPITAL - ENCINITAS","ENCINITAS","CA","92024","short_term_acute","158","cms_pos"
"050506","ADVENTIST HEALTH SIERRA VISTA","SAN LUIS OBISPO","CA","93405","short_term_acute","186","cms_pos"
"050510","KAISER FOUNDATION HOSPITAL","SAN RAFAEL","CA","94903","short_term_acute","120","cms_pos"
"050512","KAISER FOUNDATION HOSPITAL - FREMONT","FREMONT","CA","94538","short_term_acute","193","cms_pos"
"050515","KAISER FOUNDATION HOSPITAL - ZION","SAN DIEGO","CA","92120","short_term_acute","659","cms_pos"
"050516","MERCY SAN JUAN MEDICAL CENTER","CARMICHAEL","CA","95608","short_term_acute","370","cms_pos"
"050517","VICTOR VALLEY GLOBAL MEDICAL CENTER","VICTORVILLE","CA","92392","short_term_acute","101","cms_pos"
"050523","SUTTER DELTA MEDICAL CENTER","ANTIOCH","CA","94509","short_term_acute","111","cms_pos"
"050526","HUNTINGTON BEACH HOSPITAL","HUNTINGTON BEACH","CA","92647","short_term_acute","131","cms_pos"
"050528","MEMORIAL HOSPITAL LOS BANOS","LOS BANOS","CA","93635","short_term_acute","48","cms_pos"
"050534","JOHN F KENNEDY MEMORIAL HOSPITAL","INDIO","CA","92201","short_term_acute","156","cms_pos"
"050537","SUTTER DAVIS HOSPITAL","DAVIS","CA","95616","short_term_acute","57","cms_pos"
"050541","KAISER FOUNDATION HOSPITAL - REDWOOD CITY","REDWOOD CITY","CA","94063","short_term_acute","153","cms_pos"
"050543","COLLEGE HOSPITAL COSTA MESA","COSTA MESA","CA","92627","short_term_acute","122","cms_pos"
"050546","PORTERVILLE DEVELOPMENTAL CENTER","PORTERVILLE","CA","93257","short_term_acute","1226","cms_pos"
"050549","LOS ROBLES HOSPITAL & MEDICAL CENTER","THOUSAND OAKS","CA","91360","short_term_acute","273","cms_pos"
"050557","MEMORIAL MEDICAL CENTER","MODESTO","CA","95355","short_term_acute","275","cms_pos"
"050561","KAISER FOUNDATION HOSPITAL - WEST LA","LOS ANGELES","CA","90034","short_term_acute","293","cms_pos"
"050567","PROVIDENCE MISSION HOSPITAL","MISSION VIEJO","CA","92691","short_term_acute","565","cms_pos"
"050573","EISENHOWER MEDICAL CENTER","RANCHO MIRAGE","CA","92270","short_term_acute","289","cms_pos"
"050580","LA PALMA INTERCOMMUNITY HOSPITAL","LA PALMA","CA","90623","short_term_acute","140","cms_pos"
"050581","UCI HEALTH-LAKEWOOD","LAKEWOOD","CA","90712","short_term_acute","170","cms_pos"
"050586","CHINO VALLEY MEDICAL CENTER","CHINO","CA","91710","short_term_acute","112","cms_pos"
"050588","SAN DIMAS COMMUNITY HOSPITAL","SAN DIMAS","CA","91773","short_term_acute","101","cms_pos"
"050590","METHODIST HOSPITAL OF SACRAMENTO","SACRAMENTO","CA","95823","short_term_acute","158","cms_pos"
"050597","EMANATE HEALTH FOOTHILL PRESBYTERIAN HOSPITAL","GLENDORA","CA","91740","short_term_acute","106","cms_pos"
"050599","UNIVERSITY OF CALIFORNIA DAVIS MEDICAL CENTER","SACRAMENTO","CA","95817","short_term_acute","631","cms_pos"
"050603","MEMORIALCARE SADDLEBACK MEDICAL CENTER","LAGUNA HILLS","CA","92653","short_term_acute","325","cms_pos"
"050604","KAISER FOUNDATION HOSPITAL-SAN JOSE","SAN JOSE","CA","95119","short_term_acute","247","cms_pos"
"050608","ADVENTIST HEALTH DELANO","DELANO","CA","93215","short_term_acute","156","cms_pos"
"050609","KAISER FOUNDATION HOSPITAL - ORANGE COUNTY - ANAHE","ANAHEIM","CA","92806","short_term_acute","262","cms_pos"
"050616","ST. JOHN'S HOSPITAL CAMARILLO","CAMARILLO","CA","93010","short_term_acute","180","cms_pos"
"050624","HENRY MAYO NEWHALL  HOSPITAL","VALENCIA","CA","91355","short_term_acute","238","cms_pos"
"050625","CEDARS-SINAI MEDICAL CENTER","LOS ANGELES","CA","90048","short_term_acute","877","cms_pos"
"050633","ADVENTIST HEALTH TWIN CITIES","TEMPLETON","CA","93465","short_term_acute","114","cms_pos"
"050636","PALOMAR MEDICAL CENTER POWAY","POWAY","CA","92064","short_term_acute","236","cms_pos"
"050641","EAST LOS ANGELES DOCTORS HOSPITAL","LOS ANGELES","CA","90023","short_term_acute","127","cms_pos"
"050660","USC KENNETH NORRIS JR CANCER HOSPITAL","LOS ANGELES","CA","90089","short_term_acute","60","cms_pos"
"050663","LOS ANGELES COMMUNITY HOSPITAL","LOS ANGELES","CA","90023","short_term_acute","180","cms_pos"
"050668","LAGUNA HONDA HOSPITAL & REHABILITATION CENTER","SAN FRANCISCO","CA","94116","short_term_acute","11","cms_pos"
"050674","KAISER FOUNDATION HOSP SO SACRAMENTO","SACRAMENTO","CA","95823","short_term_acute","241","cms_pos"
"050677","KAISER FOUNDATION HOSPITAL - WOODLAND HILLS","WOODLAND HILLS","CA","91367","short_term_acute","218","cms_pos"
"050678","MEMORIALCARE ORANGE COAST MEDICAL CENTER","FOUNTAIN VALLEY","CA","92708","short_term_acute","210","cms_pos"
"050684","MENIFEE GLOBAL MEDICAL CENTER","SUN CITY","CA","92585","short_term_acute","84","cms_pos"
"050686","KAISER FOUNDATION HOSPITAL, RIVERSIDE","RIVERSIDE","CA","92505","short_term_acute","226","cms_pos"
"050689","SAN RAMON REGIONAL MEDICAL CENTER","SAN RAMON","CA","94583","short_term_acute","123","cms_pos"
"050690","KAISER FOUNDATION HOSPITAL-SANTA ROSA","SANTA ROSA","CA","95403","short_term_acute","173","cms_pos"
"050696","KECK HOSPITAL OF USC","LOS ANGELES","CA","90033","short_term_acute","285","cms_pos"
"050697","PATIENTS' HOSPITAL OF REDDING","REDDING","CA","96001","short_term_acute","10","cms_pos"
"050701","SOUTHWEST HEALTHCARE RANCHO SPRINGS HOSPITAL","MURRIETA","CA","92562","short_term_acute","240","cms_pos"
"050704","MISSION COMMUNITY HOSPITAL","PANORAMA CITY","CA","91402","short_term_acute","96","cms_pos"
"050708","FRESNO SURGICAL HOSPITAL","FRESNO","CA","93710","short_term_acute","31","cms_pos"
"050709","DESERT VALLEY HOSPITAL","VICTORVILLE","CA","92395","short_term_acute","148","cms_pos"
"050710","KAISER FOUNDATION HOSPITAL - FRESNO","FRESNO","CA","93720","short_term_acute","169","cms_pos"
"050714","SUTTER MATERNITY & SURGERY CENTER OF SANTA CRUZ","SANTA CRUZ","CA","95065","short_term_acute","30","cms_pos"
"050717","LAC/RANCHO LOS AMIGOS NATIONAL REHABILITATION  CTR","DOWNEY","CA","90242","short_term_acute","395","cms_pos"
"050723","KAISER FOUNDATION HOSPITAL - BALDWIN PARK","BALDWIN PARK","CA","91706","short_term_acute","269","cms_pos"
"050726","STANISLAUS SURGICAL HOSPITAL","MODESTO","CA","95355","short_term_acute","23","cms_pos"
"050735","WHITTIER HOSPITAL MEDICAL CENTER","WHITTIER","CA","90605","short_term_acute","178","cms_pos"
"050736","MONTEREY PARK HOSPITAL","MONTEREY PARK","CA","91754","short_term_acute","102","cms_pos"
"050737","GARFIELD MEDICAL CENTER","MONTEREY PARK","CA","91754","short_term_acute","210","cms_pos"
"050738","GREATER EL MONTE COMMUNITY HOSPITAL","SOUTH EL MONTE","CA","91733","short_term_acute","104","cms_pos"
"050739","CENTINELA HOSPITAL MEDICAL CENTER","INGLEWOOD","CA","90301","short_term_acute","346","cms_pos"
"050740","CEDAR-SINAI MARINA DEL REY HOSPITAL","MARINA DEL REY","CA","90291","short_term_acute","145","cms_pos"
"050742","OLYMPIA MEDICAL CENTER","LOS ANGELES","CA","90036","short_term_acute","204","cms_pos"
"050744","ANAHEIM GLOBAL MEDICAL CENTER","ANAHEIM","CA","92805","short_term_acute","189","cms_pos"
"050745","CHAPMAN GLOBAL MEDICAL CENTER","ORANGE","CA","92869","short_term_acute","84","cms_pos"
"050746","ORANGE COUNTY GLOBAL MEDICAL CENTER","SANTA ANA","CA","92705","short_term_acute","282","cms_pos"
"050747","SOUTH COAST GLOBAL MEDICAL CENTER","SANTA ANA","CA","92704","short_term_acute","178","cms_pos"
"050748","KAISER FOUNDATION HOSPITAL MANTECA","MANTECA","CA","95337","short_term_acute","251","cms_pos"
"050755","SHERMAN OAKS HOSPITAL","SHERMAN OAKS","CA","91403","short_term_acute","153","cms_pos"
"050758","MONTCLAIR HOSPITAL MEDICAL CENTER","MONTCLAIR","CA","91763","short_term_acute","106","cms_pos"
"050760","KAISER FOUNDATION HOSPITAL - ANTIOCH","ANTIOCH","CA","94531","short_term_acute","150","cms_pos"
"050761","PROVIDENCE CEDARS SINAI TARZANA MEDICAL CENTER","TARZANA","CA","91356","short_term_acute","245","cms_pos"
"050763","L A DOWNTOWN MEDICAL CENTER","LOS ANGELES","CA","90026","short_term_acute","187","cms_pos"
"050764","SHASTA REGIONAL MEDICAL CENTER","REDDING","CA","96001","short_term_acute","246","cms_pos"
"050765","KAISER FOUNDATION HOSPITAL-MORENO VALLEY","MORENO VALLEY","CA","92555","short_term_acute","101","cms_pos"
"050766","SUTTER SURGICAL HOSPITAL - NORTH VALLEY","YUBA CITY","CA","95991","short_term_acute","14","cms_pos"
"050767","KAISER FOUNDATION HOSPITAL - VACAVILLE","VACAVILLE","CA","95688","short_term_acute","72","cms_pos"
"050769","HOAG ORTHOPEDIC INSTITUTE","IRVINE","CA","92618","short_term_acute","70","cms_pos"
"050770","LOMA LINDA UNIVERSITY MEDICAL CENTER-MURRIETA","MURRIETA","CA","92563","short_term_acute","106","cms_pos"
"050771","COAST PLAZA HOSPITAL","NORWALK","CA","90650","short_term_acute","117","cms_pos"
"050772","KAISER FOUNDATION HOSPITAL - ROSEVILLE","ROSEVILLE","CA","95661","short_term_acute","340","cms_pos"
"050775","TEMECULA VALLEY HOSPITAL","TEMECULA","CA","92592","short_term_acute","140","cms_pos"
"050776","COLLEGE MEDICAL CENTER","LONG BEACH","CA","90806","short_term_acute","157","cms_pos"
"050777","KAISER FOUNDATION HOSPITAL - SAN LEANDRO","SAN LEANDRO","CA","94577","short_term_acute","108","cms_pos"
"050778","LOMA LINDA UNIVERSITY CHILDREN'S HOSPITAL","LOMA LINDA","CA","92354","short_term_acute","343","cms_pos"
"050779","MARTIN LUTHER KING, JR. COMMUNITY HOSPITAL","LOS ANGELES","CA","90059","short_term_acute","131","cms_pos"
"050780","FOOTHILL REGIONAL MEDICAL CENTER","TUSTIN","CA","92780","short_term_acute","135","cms_pos"
"050782","CASA COLINA HOSPITAL","POMONA","CA","91767","short_term_acute","99","cms_pos"
"050783","COLUSA MEDICAL CENTER","COLUSA","CA","95932","short_term_acute","48","cms_pos"
"050784","ADVENTIST HEALTH TULARE","TULARE","CA","93274","short_term_acute","112","cms_pos"
"050854","ANAHEIM COMMUNITY HOSPITAL, LLC","ANAHEIM","CA","92804","short_term_acute","98","cms_pos"
"050855","KAISER FOUNDATION HOSPITAL - SAN MARCOS","SAN MARCOS","CA","92078","short_term_acute","168","cms_pos"
"050856","MADERA COMMUNITY HOSPITAL","MADERA","CA","93637","short_term_acute","103","cms_pos"
"051300","EASTERN PLUMAS HOSPITAL - PORTOLA CAMPUS","PORTOLA","CA","96122","critical_access","9","cms_pos"
"051301","ADVENTIST HEALTH TEHACHAPI VALLEY","TEHACHAPI","CA","93561","critical_access","25","cms_pos"
"051302","SOUTHERN INYO HOSPITAL","LONE PINE","CA","93545","critical_access","25","cms_pos"
"051303","MAMMOTH HOSPITAL","MAMMOTH LAKES","CA","93546","critical_access","17","cms_pos"
"051304","JOHN C FREMONT HEALTHCARE DISTRICT","MARIPOSA","CA","95338","critical_access","34","cms_pos"
"051305","MAYERS MEMORIAL HOSPITAL","FALL RIVER MILLS","CA","96028","critical_access","121","cms_pos"
"051306","GLENN MEDICAL CENTER","WILLOWS","CA","95988","critical_access","47","cms_pos"
"051307","CATALINA ISLAND MEDICAL CENTER","AVALON","CA","90704","critical_access","12","cms_pos"
"051308","SURPRISE VALLEY COMMUNITY HOSPITAL","CEDARVILLE","CA","96104","critical_access","4","cms_pos"
"051309","JEROLD PHELPS COMMUNITY HOSPITAL","GARBERVILLE","CA","95542","critical_access","16","cms_pos"
"051310","ADVENTIST HEALTH HOWARD MEMORIAL","WILLITS","CA","95490","critical_access","25","cms_pos"
"051311","ORCHARD HOSPITAL","GRIDLEY","CA","95948","critical_access","24","cms_pos"
"051312","MOUNTAINS COMMUNITY HOSPITAL","LAKE ARROWHEAD","CA","92352","critical_access","17","cms_pos"
"051314","KERN VALLEY HEALTHCARE DISTRICT","LAKE ISABELLA","CA","93240","critical_access","27","cms_pos"
"051315","TRINITY HOSPITAL","WEAVERVILLE","CA","96093","critical_access","25","cms_pos"
"051316","FAIRCHILD MEDICAL CENTER","YREKA","CA","96097","critical_access","28","cms_pos"
"051317","ADVENTIST HEALTH CLEARLAKE","CLEARLAKE","CA","95422","critical_access","32","cms_pos"
"051318","PROVIDENCE REDWOOD MEMORIAL HOSPITAL","FORTUNA","CA","95540","critical_access","25","cms_pos"
"051319","MERCY MEDICAL CENTER MT SHASTA","MOUNT SHASTA","CA","96067","critical_access","33","cms_pos"
"051320","BANNER LASSEN MEDICAL CENTER","SUSANVILLE","CA","96130","critical_access","38","cms_pos"
"051321","HEALDSBURG HOSPITAL","HEALDSBURG","CA","95448","critical_access","26","cms_pos"
"051323","COLORADO RIVER MEDICAL CENTER","NEEDLES","CA","92363","critical_access","25","cms_pos"
"051324","NORTHERN INYO HOSPITAL","BISHOP","CA","93514","critical_access","25","cms_pos"
"051325","ADVENTIST HEALTH MENDOCINO COAST","FORT BRAGG","CA","95437","critical_access","25","cms_pos"
"051326","PLUMAS DISTRICT HOSPITAL","QUINCY","CA","95971","critical_access","25","cms_pos"
"051327","SENECA DISTRICT HOSPITAL","CHESTER","CA","96020","critical_access","26","cms_pos"
"051328","TAHOE FOREST HOSPITAL","TRUCKEE","CA","96161","critical_access","72","cms_pos"
"051329","SUTTER LAKESIDE HOSPITAL","LAKEPORT","CA","95453","critical_access","30","cms_pos"
"051330","MODOC MEDICAL CENTER","ALTURAS","CA","96101","critical_access","8","cms_pos"
"051331","SANTA YNEZ VALLEY COTTAGE HOSPITAL","SOLVANG","CA","93463","critical_access","11","cms_pos"
"051332","MARK TWAIN MEDICAL CENTER","SAN ANDREAS","CA","95249","critical_access","25","cms_pos"
"051333","RIDGECREST REGIONAL HOSPITAL","RIDGECREST","CA","93555","critical_access","72","cms_pos"
"051334","COMMUNITY MEMORIAL HOSPITAL - OJAI","OJAI","CA","93023","critical_access","91","cms_pos"
"051335","BEAR VALLEY COMMUNITY HOSPITAL","BIG BEAR LAKE","CA","92315","critical_access","30","cms_pos"
"051336","GEORGE L MEE MEMORIAL HOSPITAL","KING CITY","CA","93930","critical_access","25","cms_pos"
"051337","HAZEL HAWKINS MEMORIAL HOSPITAL","HOLLISTER","CA","95023","critical_access","25","cms_pos"
"051338","COALINGA REGIONAL MEDICAL CENTER","COALINGA","CA","93210","critical_access","138","cms_pos"
"051339","PALO VERDE HOSPITAL","BLYTHE","CA","92225","critical_access","51","cms_pos"
"052031","BARLOW RESPIRATORY HOSPITAL","LOS ANGELES","CA","90026","long_term_care","99","cms_pos"
"052032","KINDRED HOSPITAL - LOS ANGELES","LOS ANGELES","CA","90056","long_term_care","81","cms_pos"
"052033","VIBRA HOSPITAL OF SACRAMENTO","FOLSOM","CA","95630","long_term_care","58","cms_pos"
"052034","KINDRED HOSPITAL - SAN FRANCISCO BAY AREA","SAN LEANDRO","CA","94577","long_term_care","99","cms_pos"
"052035","KINDRED HOSPITAL WESTMINSTER","WESTMINSTER","CA","92683","long_term_care","109","cms_pos"
"052036","KINDRED HOSPITAL - SAN DIEGO","SAN DIEGO","CA","92104","long_term_care","70","cms_pos"
"052037","KINDRED HOSPITAL ONTARIO","ONTARIO","CA","91764","long_term_care","91","cms_pos"
"052038","KINDRED HOSPITAL -- LA MIRADA","LA MIRADA","CA","90638","long_term_care","277","cms_pos"
"052039","KINDRED HOSPITAL BREA","BREA","CA","92821","long_term_care","48","cms_pos"
"052043","KENTFIELD HOSPITAL","KENTFIELD","CA","94904","long_term_care","120","cms_pos"
"052044","SELECT SPECIALTY HOSPITAL - SAN DIEGO","SAN DIEGO","CA","92103","long_term_care","110","cms_pos"
"052045","KINDRED HOSPITAL BALDWIN PARK","BALDWIN PARK","CA","91706","long_term_care","95","cms_pos"
"052046","KINDRED HOSPITAL PARAMOUNT","PARAMOUNT","CA","90723","long_term_care","177","cms_pos"
"052047","VIBRA HOSPITAL OF NORTHERN CALIFORNIA","REDDING","CA","96001","long_term_care","56","cms_pos"
"052049","KINDRED HOSPITAL RANCHO","RANCHO CUCAMONGA","CA","91730","long_term_care","55","cms_pos"
"052050","KINDRED HOSPITAL SOUTH BAY","GARDENA","CA","90247","long_term_care","58","cms_pos"
"052052","KINDRED HOSPITAL RIVERSIDE","PERRIS","CA","92571","long_term_care","40","cms_pos"
"052054","MONROVIA MEMORIAL HOSPITAL","MONROVIA","CA","91016","long_term_care","49","cms_pos"
"052055","CENTRAL VALLEY SPECIALTY HOSPITAL","MODESTO","CA","95354","long_term_care","96","cms_pos"
"052057","SONOMA SPECIALTY HOSPITAL","SEBASTOPOL","CA","95472","long_term_care","58","cms_pos"
"053031","ENCOMPASS HEALTH REHABILITATON HOSPITAL OF BAKERS","BAKERSFIELD","CA","93309","rehabilitation","86","cms_pos"
"053032","SAN JOAQUIN VALLEY REHABILITATION HOSP","FRESNO","CA","93720","rehabilitation","62","cms_pos"
"053034","ENCOMPASS HEALTH REHABILITATION HOSPITAL OF TUSTIN","TUSTIN","CA","92782","rehabilitation","117","cms_pos"
"053037","BALLARD REHABILITATION HOSPITAL","SAN BERNARDINO","CA","92411","rehabilitation","60","cms_pos"
"053038","TOTALLY KIDS REHABILITATION HOSPITAL","LOMA LINDA","CA","92354","rehabilitation","25","cms_pos"
"053039","CALIFORNIA REHABILITATION INSTITUTE, LLC","LOS ANGELES","CA","90067","rehabilitation","138","cms_pos"
"053040","ENCOMPASS HEALTH REHABILITATION HOSPITAL OF MODEST","MODESTO","CA","95355","rehabilitation","50","cms_pos"
"053041","REHABILITATION HOSPITAL OF SOUTHERN CALIFORNIA","RANCHO MIRAGE","CA","92270","rehabilitation","50","cms_pos"
"053042","ENCOMPASS HEALTH REHABILITATION HOSPITAL OF MURRIE","MURRIETA","CA","92563","rehabilitation","50","cms_pos"
"053043","PALOMAR REHABILITATION INSTITUTE","ESCONDIDO","CA","92029","rehabilitation","52","cms_pos"
"053044","CENTRAL CALIFORNIA REHABILITATION HOSPITAL","BAKERSFIELD","CA","93306","rehabilitation","50","cms_pos"
"053045","SACRAMENTO REHABILITATION HOSPITAL","SACRAMENTO","CA","95834","rehabilitation","50","cms_pos"
"053046","UC DAVIS REHABILITATION HOSPITAL","SACRAMENTO","CA","95820","rehabilitation","52","cms_pos"
"053047","STOCKTON REGIONAL REHABILITATION HOSPITAL","STOCKTON","CA","95202","rehabilitation","50","cms_pos"
"053300","VALLEY CHILDREN'S HOSPITAL","MADERA","CA","93636","childrens","358","cms_pos"
"053301","UCSF BENIOFF CHILDREN'S HOSPITAL OAKLAND","OAKLAND","CA","94609","childrens","190","cms_pos"
"053302","CHILDREN'S HOSP OF LOS ANGELES","LOS ANGELES","CA","90027","childrens","568","cms_pos"
"053303","RADY CHILDREN'S HOSPITAL - SAN DIEGO","SAN DIEGO","CA","92123","childrens","518","cms_pos"
"053304","RADY CHILDREN'S HOSPITAL ORANGE COUNTY","ORANGE","CA","92868","childrens","192","cms_pos"
"053305","LUCILE SALTER PACKARD CHILDREN'S HSP AT STANFORD","PALO ALTO","CA","94304","childrens","396","cms_pos"
"053306","RADY CHILDREN'S HOSPITAL","MISSION VIEJO","CA","92691","childrens","54","cms_pos"
"053308","HEALTHBRIDGE CHILDREN'S HOSPITAL - ORANGE","ORANGE","CA","92866","childrens","6","cms_pos"
"053309","MEMORIAL CARE MILLER CHILDREN'S &  WOMEN'S HOSP LB","LONG BEACH","CA","90806","childrens","354","cms_pos"
"053311","SHRINERS HOSPITALS FOR CHILDREN NORTHERN CALIF","SACRAMENTO","CA","95817","childrens","80","cms_pos"
"054009","RESNICK NEUROPSYCHIATRIC HOSPITAL AT UCLA","LOS ANGELES","CA","90095","psychiatric","209","cms_pos"
"054028","GATEWAYS HOSP  MENTAL HEALTH CTR","LOS ANGELES","CA","90026","psychiatric","55","cms_pos"
"054032","BHC ALHAMBRA HOSPITAL","ROSEMEAD","CA","91770","psychiatric","97","cms_pos"
"054053","DEL AMO HOSPITAL","TORRANCE","CA","90505","psychiatric","166","cms_pos"
"054055","COLLEGE HOSPITAL","CERRITOS","CA","90703","psychiatric","187","cms_pos"
"054069","AURORA CHARTER OAK","COVINA","CA","91724","psychiatric","95","cms_pos"
"054074","ADVENTIST HEALTH VALLEJO","VALLEJO","CA","94590","psychiatric","61","cms_pos"
"054075","ALVARADO PARKWAY INSTITUTE BEHAVIORAL HEALTH SYSTE","LA MESA","CA","91942","psychiatric","66","cms_pos"
"054077","AURORA VISTA DEL MAR HOSPITAL","VENTURA","CA","93001","psychiatric","87","cms_pos"
"054078","AURORA LAS ENCINAS HOSPITAL","PASADENA","CA","91107","psychiatric","118","cms_pos"
"054083","KEDREN COMMUNITY MENTAL HEALTH CENTER","LOS ANGELES","CA","90011","psychiatric","72","cms_pos"
"054087","SIERRA VISTA HOSPITAL, INC","SACRAMENTO","CA","95823","psychiatric","171","cms_pos"
"054089","JEWISH HOME & REHAB CENTER","SAN FRANCISCO","CA","94112","psychiatric","13","cms_pos"
"054095","AURORA SAN DIEGO","SAN DIEGO","CA","92128","psychiatric","80","cms_pos"
"054096","SUTTER CENTER FOR PSYCHIATRY","SACRAMENTO","CA","95826","psychiatric","73","cms_pos"
"054104","HERITAGE OAKS HOSPITAL","SACRAMENTO","CA","95841","psychiatric","125","cms_pos"
"054110","FREMONT HOSPITAL","FREMONT","CA","94538","psychiatric","96","cms_pos"
"054111","CANYON RIDGE HOSPITAL","CHINO","CA","91710","psychiatric","106","cms_pos"
"054114","SAN DIEGO COUNTY PSYCHIATRIC HOSPITAL","SAN DIEGO","CA","92110","psychiatric","109","cms_pos"
"054122","DEPT OF STATE HOSPITALS - NAPA","NAPA","CA","94558","psychiatric","1418","cms_pos"
"054123","ST JOSEPH'S BEHAVIORAL HEALTH CENTER","STOCKTON","CA","95204","psychiatric","35","cms_pos"
"054124","SEMPERVIRENS","EUREKA","CA","95501","psychiatric","16","cms_pos"
"054125","SANTA BARBARA COUNTY PSYCHIATRIC HEALTH FACILITY","SANTA BARBARA","CA","93110","psychiatric","16","cms_pos"
"054130","PACIFIC GROVE HOSPITAL","RIVERSIDE","CA","92506","psychiatric","68","cms_pos"
"054131","JOHN MUIR BEHAVIORAL HEALTH CENTER","CONCORD","CA","94520","psychiatric","73","cms_pos"
"054133","DEPT OF STATE HOSPITALS - METROPOLITAN - PSY","NORWALK","CA","90650","psychiatric","1106","cms_pos"
"054144","LANGLEY PORTER PSYCHIATRIC INSTITUTE","SAN FRANCISCO","CA","94143","psychiatric","56","cms_pos"
"054145","SHARP MESA VISTA HOSPITAL","SAN DIEGO","CA","92123","psychiatric","149","cms_pos"
"054146","TELECARE HERITAGE PSYCHIATRIC HEALTH FACILITY","OAKLAND","CA","94601","psychiatric","26","cms_pos"
"054147","JOYCE EISENBERG KEEFER MEDICAL CENTER","RESEDA","CA","91335","psychiatric","10","cms_pos"
"054148","TARZANA TREATMENT CENTER","TARZANA","CA","91356","psychiatric","60","cms_pos"
"054149","WILLOW ROCK CENTER","SAN LEANDRO","CA","94578","psychiatric","16","cms_pos"
"054150","KAISER PERMANENTE PSYCHIATRIC HEALTH FACILITY-SANT","SANTA CLARA","CA","95051","psychiatric","24","cms_pos"
"054151","AURORA BEHAVIORAL HEALTHCARE-SANTA ROSA, LLC","SANTA ROSA","CA","95401","psychiatric","95","cms_pos"
"054152","SANTA CRUZ COUNTY PSYCHIATRIC HEALTH FACILITY","SANTA CRUZ","CA","95062","psychiatric","16","cms_pos"
"054153","OCEAN VIEW PSYCHIATRIC HEALTH FACILITY","LONG BEACH","CA","90806","psychiatric","20","cms_pos"
"054154","SAN JOSE BEHAVIORAL HEALTH","SAN JOSE","CA","95138","psychiatric","80","cms_pos"
"054155","BAKERSFIELD BEHAVIORAL HEALTHCARE HOSPITAL, LLC","BAKERSFIELD","CA","93309","psychiatric","90","cms_pos"
"054157","GLENDORA  HOSPITAL","GLENDORA","CA","91740","psychiatric","128","cms_pos"
"054158","ALISO RIDGE BEHAVIORAL HEALTH, LLC","ALISO VIEJO","CA","92656","psychiatric","119","cms_pos"
"054159","SACRAMENTO BEHAVIORAL HEALTHCARE HOSPITAL, LLC","NORTH SACRAMENTO","CA","95815","psychiatric","117","cms_pos"
"054160","RIVER VISTA BEHAVIORAL HEALTH","MADERA","CA","93636","psychiatric","128","cms_pos"
"060001","BANNER NORTH COLORADO MEDICAL CENTER","GREELEY","CO","80631","short_term_acute","378","cms_pos"
"060003","LONGMONT UNITED HOSPITAL","LONGMONT","CO","80501","short_term_acute","186","cms_pos"
"060004","INTERMOUNTAIN HEALTH PLATTE VALLEY HOSPITAL","BRIGHTON","CO","80601","short_term_acute","98","cms_pos"
"060006","MONTROSE REGIONAL HEALTH","MONTROSE","CO","81401","short_term_acute","75","cms_pos"
"060008","SAN LUIS VALLEY HEALTH","ALAMOSA","CO","81101","short_term_acute","59","cms_pos"
"060009","INTERMOUNTAIN HEALTH LUTHERAN HOSPITAL","GOLDEN","CO","80401","short_term_acute","338","cms_pos"
"060010","POUDRE VALLEY HOSPITAL","FORT COLLINS","CO","80524","short_term_acute","255","cms_pos"
"060011","DENVER HEALTH MEDICAL CENTER","DENVER","CO","80204","short_term_acute","555","cms_pos"
"060012","ST MARY-CORWIN HOSPITAL","PUEBLO","CO","81004","short_term_acute","408","cms_pos"
"060013","MERCY HOSPITAL","DURANGO","CO","81301","short_term_acute","82","cms_pos"
"060014","HCA HEALTHONE PRESBYTERIAN ST LUKE'S","DENVER","CO","80218","short_term_acute","680","cms_pos"
"060015","ST ANTHONY HOSPITAL","LAKEWOOD","CO","80228","short_term_acute","237","cms_pos"
"060020","PARKVIEW MEDICAL CENTER, INC","PUEBLO","CO","81003","short_term_acute","350","cms_pos"
"060022","UNIVERSITY COLO HEALTH MEMORIAL HOSPITAL CENTRAL","COLORADO SPRINGS","CO","80909","short_term_acute","583","cms_pos"
"060023","INTERMOUNTAIN HEALTH ST. MARY'S REGIONAL HOSPITAL","GRAND JUNCTION","CO","81501","short_term_acute","346","cms_pos"
"060024","UNIVERSITY OF COLORADO HOSPITAL AUTHORITY","AURORA","CO","80045","short_term_acute","858","cms_pos"
"060027","FOOTHILLS HOSPITAL","BOULDER","CO","80303","short_term_acute","181","cms_pos"
"060028","INTERMOUNTAIN HEALTH SAINT JOSEPH HOSPITAL","DENVER","CO","80218","short_term_acute","400","cms_pos"
"060031","PENROSE HOSPITAL","COLORADO SPRINGS","CO","80907","short_term_acute","300","cms_pos"
"060032","HCA HEALTHONE ROSE","DENVER","CO","80220","short_term_acute","422","cms_pos"
"060034","HCA HEALTHONE SWEDISH","ENGLEWOOD","CO","80113","short_term_acute","408","cms_pos"
"060044","ST ELIZABETH HOSPITAL","FORT MORGAN","CO","80701","short_term_acute","50","cms_pos"
"060049","UCHEALTH YAMPA VALLEY MEDICAL CENTER","STEAMBOAT SPRINGS","CO","80487","short_term_acute","39","cms_pos"
"060054","COMMUNITY HOSPITAL","GRAND JUNCTION","CO","81505","short_term_acute","60","cms_pos"
"060064","ADVENTHEALTH PORTER","DENVER","CO","80210","short_term_acute","368","cms_pos"
"060065","HCA HEALTHONE MOUNTAIN RIDGE","THORNTON","CO","80229","short_term_acute","157","cms_pos"
"060071","DELTA COUNTY MEMORIAL HOSPITAL","DELTA","CO","81416","short_term_acute","49","cms_pos"
"060075","VALLEY VIEW HOSPITAL ASSOCIATION","GLENWOOD SPRINGS","CO","81601","short_term_acute","78","cms_pos"
"060076","STERLING REGIONAL MEDCENTER","STERLING","CO","80751","short_term_acute","25","cms_pos"
"060096","VAIL HEALTH HOSPITAL","VAIL","CO","81657","short_term_acute","56","cms_pos"
"060100","HCA HEALTHONE AURORA","AURORA","CO","80012","short_term_acute","346","cms_pos"
"060103","ADVENTHEALTH AVISTA","LOUISVILLE","CO","80027","short_term_acute","114","cms_pos"
"060104","ST ANTHONY NORTH HOSPITAL","WESTMINSTER","CO","80023","short_term_acute","236","cms_pos"
"060107","NATIONAL JEWISH HEALTH","DENVER","CO","80206","short_term_acute","46","cms_pos"
"060112","HCA HEALTHONE SKY RIDGE","LONE TREE","CO","80124","short_term_acute","304","cms_pos"
"060113","ADVENTHEALTH LITTLETON","LITTLETON","CO","80122","short_term_acute","231","cms_pos"
"060114","ADVENTHEALTH PARKER","PARKER","CO","80138","short_term_acute","179","cms_pos"
"060115","COLORADO MENTAL HEALTH INSTITUTE AT PUEBLO","PUEBLO","CO","81003","short_term_acute","35","cms_pos"
"060116","INTERMOUNTAIN HEALTH GOOD SAMARITAN HOSPITAL","LAFAYETTE","CO","80026","short_term_acute","234","cms_pos"
"060117","ANIMAS SURGICAL HOSPITAL, LLC","DURANGO","CO","81301","short_term_acute","12","cms_pos"
"060118","ST ANTHONY SUMMIT HOSPITAL","FRISCO","CO","80443","short_term_acute","35","cms_pos"
"060119","MEDICAL CENTER OF THE ROCKIES","LOVELAND","CO","80538","short_term_acute","180","cms_pos"
"060124","ORTHOCOLORADO HOSP AT ST ANTHONY MED CAMPUS","LAKEWOOD","CO","80228","short_term_acute","48","cms_pos"
"060125","ADVENTHEALTH CASTLE ROCK","CASTLE ROCK","CO","80109","short_term_acute","90","cms_pos"
"060126","BANNER FORT COLLINS MEDICAL CENTER","FORT COLLINS","CO","80528","short_term_acute","23","cms_pos"
"060128","LONGS PEAK HOSPITAL","LONGMONT","CO","80504","short_term_acute","83","cms_pos"
"060129","UCHEALTH BROOMFIELD HOSPITAL","BROOMFIELD","CO","80021","short_term_acute","22","cms_pos"
"060130","UCHEALTH GRANDVIEW HOSPITAL","COLORADO SPRINGS","CO","80918","short_term_acute","22","cms_pos"
"060131","UCHEALTH GREELEY HOSPITAL","GREELEY","CO","80634","short_term_acute","88","cms_pos"
"060132","UCHEALTH HIGHLANDS RANCH HOSPITAL","HIGHLANDS RANCH","CO","80129","short_term_acute","87","cms_pos"
"060133","ST FRANCIS HOSPITAL - INTERQUEST","COLORADO SPRINGS","CO","80921","short_term_acute","72","cms_pos"
"061300","WEISBROD HEALTH","EADS","CO","81036","critical_access","25","cms_pos"
"061301","RIO GRANDE HOSPITAL","DEL NORTE","CO","81132","critical_access","17","cms_pos"
"061302","FAMILY HEALTH WEST HOSPITAL","FRUITA","CO","81521","critical_access","25","cms_pos"
"061303","EAST MORGAN COUNTY HOSPITAL","BRUSH","CO","80723","critical_access","25","cms_pos"
"061304","HAXTUN HOSPITAL DISTRICT","HAXTUN","CO","80731","critical_access","25","cms_pos"
"061305","MELISSA MEMORIAL HOSPITAL","HOLYOKE","CO","80734","critical_access","16","cms_pos"
"061306","LINCOLN HEALTH HOSPITAL","HUGO","CO","80821","critical_access","25","cms_pos"
"061307","RANGELY DISTRICT HOSPITAL","RANGELY","CO","81648","critical_access","25","cms_pos"
"061308","SAN LUIS VALLEY HEALTH CONEJOS COUNTY HOSPITAL","LA JARA","CO","81140","critical_access","17","cms_pos"
"061309","WRAY COMMUNITY DISTRICT HOSPITAL","WRAY","CO","80758","critical_access","15","cms_pos"
"061310","SEDGWICK COUNTY MEMORIAL HOSPITAL","JULESBURG","CO","80737","critical_access","25","cms_pos"
"061311","SOUTHEAST COLORADO HOSPITAL","SPRINGFIELD","CO","81073","critical_access","23","cms_pos"
"061312","UCHEALTH ESTES VALLEY MEDICAL CENTER","ESTES PARK","CO","80517","critical_access","23","cms_pos"
"061313","KIT CARSON COUNTY MEMORIAL HOSPITAL","BURLINGTON","CO","80807","critical_access","19","cms_pos"
"061314","MEMORIAL HOSPITAL, THE","CRAIG","CO","81625","critical_access","25","cms_pos"
"061315","YUMA DISTRICT HOSPITAL","YUMA","CO","80759","critical_access","22","cms_pos"
"061316","SPANISH PEAKS REGIONAL HEALTH CENTER","WALSENBURG","CO","81089","critical_access","25","cms_pos"
"061317","GRAND RIVER MEDICAL CENTER","RIFLE","CO","81650","critical_access","25","cms_pos"
"061318","MIDDLE PARK MEDICAL CENTER","KREMMLING","CO","80459","critical_access","25","cms_pos"
"061319","ST VINCENT GENERAL HOSPITAL DISTRICT","LEADVILLE","CO","80461","critical_access","25","cms_pos"
"061320","GUNNISON VALLEY HOSPITAL","GUNNISON","CO","81230","critical_access","24","cms_pos"
"061321","MT SAN RAFAEL HOSPITAL","TRINIDAD","CO","81082","critical_access","25","cms_pos"
"061322","HEART OF THE ROCKIES REGIONAL MEDICAL CENTER","SALIDA","CO","81201","critical_access","25","cms_pos"
"061323","PROWERS MEDICAL CENTER","LAMAR","CO","81052","critical_access","25","cms_pos"
"061324","ASPEN VALLEY HOSPITAL DISTRICT","ASPEN","CO","81611","critical_access","25","cms_pos"
"061325","PIONEERS MEDICAL CENTER","MEEKER","CO","81641","critical_access","16","cms_pos"
"061326","UCHEALTH PIKES PEAK REGIONAL HOSPITAL","WOODLAND PARK","CO","80863","critical_access","15","cms_pos"
"061327","SOUTHWEST MEMORIAL HOSPITAL","CORTEZ","CO","81321","critical_access","20","cms_pos"
"061328","PAGOSA SPRINGS MEDICAL CENTER","PAGOSA SPRINGS","CO","81147","critical_access","11","cms_pos"
"061336","ARKANSAS VALLEY REGIONAL MEDICAL CENTER","LA JUNTA","CO","81050","critical_access","25","cms_pos"
"061343","KEEFE MEMORIAL HOSPITAL","CHEYENNE WELLS","CO","80810","critical_access","25","cms_pos"
"061344","ST THOMAS MORE HOSPITAL","CANON CITY","CO","81212","critical_access","25","cms_pos"
"062009","KINDRED HOSPITAL-DENVER","DENVER","CO","80218","long_term_care","81","cms_pos"
"062011","CRAIG HOSPITAL","ENGLEWOOD","CO","80113","long_term_care","93","cms_pos"
"062012","PAM SPECIALTY HOSPITAL OF DENVER","DENVER","CO","80204","long_term_care","63","cms_pos"
"062013","KINDRED HOSPITAL AURORA","AURORA","CO","80011","long_term_care","37","cms_pos"
"062014","VIBRA HOSPITAL OF DENVER","THORNTON","CO","80229","long_term_care","54","cms_pos"
"062017","NORTHERN COLORADO LONG TERM ACUTE HOSPITAL","JOHNSTOWN","CO","80534","long_term_care","20","cms_pos"
"063027","HCA HEALTHONE SPALDING REHABILITATION","AURORA","CO","80011","rehabilitation","122","cms_pos"
"063030","ENCOMPASS HEALTH REHABILITATION HOSPITAL OF CO SPG","COLORADO SPRINGS","CO","80910","rehabilitation","64","cms_pos"
"063033","NORTHERN COLORADO REHABILITATION HOSPITAL, INC","JOHNSTOWN","CO","80534","rehabilitation","40","cms_pos"
"063034","ENCOMPASS HEALTH REHAB HOSPITAL OF LITTLETON","LITTLETON","CO","80120","rehabilitation","60","cms_pos"
"063035","DENVER REGIONAL REHABILITATION HOSPITAL","THORNTON","CO","80229","rehabilitation","31","cms_pos"
"063036","REUNION REHABILITATION HOSPITAL DENVER","DENVER","CO","80238","rehabilitation","40","cms_pos"
"063037","PAM HEALTH REHABILITATION HOSPITAL OF WESTMINSTER","WESTMINSTER","CO","80020","rehabilitation","36","cms_pos"
"063038","REUNION REHABILITATION HOSPITAL INVERNESS","ENGLEWOOD","CO","80112","rehabilitation","48","cms_pos"
"063039","PAM HEALTH REHABILITATION HOSPITAL OF GREELEY","GREELEY","CO","80634","rehabilitation","42","cms_pos"
"063301","CHILDREN'S HOSPITAL COLORADO","AURORA","CO","80045","childrens","468","cms_pos"
"063303","CHILDREN'S HOSPITAL COLORADO - COLORADO SPRINGS","COLORADO SPRINGS","CO","80920","childrens","115","cms_pos"
"064001","COLORADO MENTAL HEALTH HOSPITAL IN PUEBLO","PUEBLO","CO","81003","psychiatric","516","cms_pos"
"064003","COLORADO MENTAL HEALTH HOSPITAL IN FORT LOGAN","DENVER","CO","80236","psychiatric","116","cms_pos"
"064007","CENTENNIAL PEAKS HOSPITAL","LOUISVILLE","CO","80027","psychiatric","104","cms_pos"
"064009","CEDAR SPRINGS BEHAVIORAL HEALTH SYSTEM","COLORADO SPRINGS","CO","80906","psychiatric","88","cms_pos"
"064024","HIGHLANDS BEHAVIORAL HEALTH SYSTEM","HIGHLANDS RANCH","CO","80130","psychiatric","86","cms_pos"
"064026","PEAK VIEW BEHAVIORAL HEALTH","COLORADO SPRINGS","CO","80923","psychiatric","144","cms_pos"
"064028","DENVER SPRINGS","ENGLEWOOD","CO","80112","psychiatric","96","cms_pos"
"064030","WEST PINES BEHAVIORAL HOSPITAL","WESTMINSTER","CO","80234","psychiatric","144","cms_pos"
"070002","SAINT FRANCIS HOSPITAL & MEDICAL CENTER","HARTFORD","CT","06105","short_term_acute","617","cms_pos"
"070003","DAY KIMBALL HOSPITAL","PUTNAM","CT","06260","short_term_acute","104","cms_pos"
"070004","SHARON HOSPITAL","SHARON","CT","06069","short_term_acute","78","cms_pos"
"070005","UCONN HEALTH WATERBURY HOSPITAL","WATERBURY","CT","06708","short_term_acute","357","cms_pos"
"070006","STAMFORD HOSPITAL","STAMFORD","CT","06904","short_term_acute","305","cms_pos"
"070007","LAWRENCE & MEMORIAL HOSPITAL","NEW LONDON","CT","06320","short_term_acute","280","cms_pos"
"070008","JOHNSON MEMORIAL HOSPITAL","STAFFORD SPRINGS","CT","06076","short_term_acute","92","cms_pos"
"070010","BRIDGEPORT HOSPITAL","BRIDGEPORT","CT","06610","short_term_acute","497","cms_pos"
"070011","CHARLOTTE HUNGERFORD HOSPITAL","TORRINGTON","CT","06790","short_term_acute","109","cms_pos"
"070016","SAINT MARY'S HOSPITAL","WATERBURY","CT","06706","short_term_acute","347","cms_pos"
"070017","MIDSTATE MEDICAL CENTER","MERIDEN","CT","06450","short_term_acute","144","cms_pos"
"070018","GREENWICH HOSPITAL ASSOCIATION -","GREENWICH","CT","06830","short_term_acute","206","cms_pos"
"070020","MIDDLESEX HOSPITAL","MIDDLETOWN","CT","06457","short_term_acute","275","cms_pos"
"070021","WINDHAM COMM MEM HOSP & HATCH HOSP","WILLIMANTIC","CT","06226","short_term_acute","130","cms_pos"
"070022","YALE-NEW HAVEN HOSPITAL","NEW HAVEN","CT","06504","short_term_acute","874","cms_pos"
"070024","WILLIAM W BACKUS HOSPITAL","NORWICH","CT","06360","short_term_acute","213","cms_pos"
"070025","HARTFORD HOSPITAL","HARTFORD","CT","06102","short_term_acute","819","cms_pos"
"070027","MANCHESTER MEMORIAL HOSPITAL","MANCHESTER","CT","06040","short_term_acute","249","cms_pos"
"070028","ST VINCENT'S MEDICAL CENTER","BRIDGEPORT","CT","06606","short_term_acute","397","cms_pos"
"070029","BRISTOL HOSPITAL","BRISTOL","CT","06010","short_term_acute","134","cms_pos"
"070031","GRIFFIN HOSPITAL","DERBY","CT","06418","short_term_acute","160","cms_pos"
"070033","DANBURY HOSPITAL","DANBURY","CT","06810","short_term_acute","345","cms_pos"
"070034","NORWALK HOSPITAL","NORWALK","CT","06856","short_term_acute","328","cms_pos"
"070035","HOSPITAL OF CENTRAL CONNECTICUT, THE","NEW BRITAIN","CT","06050","short_term_acute","330","cms_pos"
"070036","JOHN DEMPSEY HOSPITAL OF THE UNIVERSITY OF CONNECT","FARMINGTON","CT","06030","short_term_acute","204","cms_pos"
"070038","CONNECTICUT HOSPICE INC,THE","BRANFORD","CT","06405","short_term_acute","52","cms_pos"
"072003","GAYLORD HOSPITAL INC","WALLINGFORD","CT","06492","long_term_care","137","cms_pos"
"072004","HOSPITAL FOR SPECIAL CARE","NEW BRITAIN","CT","06050","long_term_care","228","cms_pos"
"073025","MOUNT SINAI REHABILITATION HOSPITAL INC","HARTFORD","CT","06112","rehabilitation","60","cms_pos"
"073027","ENCOMPASS HEALTH REHABILITATION HOSPITAL OF DANBU","DANBURY","CT","06810","rehabilitation","40","cms_pos"
"073300","CONNECTICUT CHILDRENS MEDICAL CENTER","HARTFORD","CT","06106","childrens","129","cms_pos"
"074003","CONNECTICUT VALLEY HOSP","MIDDLETOWN","CT","06457","psychiatric","386","cms_pos"
"074008","NATCHAUG HOSPITAL","MANSFIELD CENTER","CT","06250","psychiatric","60","cms_pos"
"074011","CONNECTICUT MENTAL HEALTH CENTER","NEW HAVEN","CT","06508","psychiatric","70","cms_pos"
"074012","SOUTHWEST CONNECTICUT MENTAL HEALTH SYSTEM","BRIDGEPORT","CT","06610","psychiatric","62","cms_pos"
"074014","SILVER HILL HOSPITAL INC","NEW CANAAN","CT","06840","psychiatric","129","cms_pos"
"074015","ALBERT J SOLNIT CHILDREN'S CENTER - SOUTH CAMPUS","MIDDLETOWN","CT","06457","psychiatric","50","cms_pos"
"074016","MASONICARE HEALTH CENTER","WALLINGFORD","CT","06492","psychiatric","43","cms_pos"
"074017","CONNECTICUT BEHAVIORAL HEALTH HOSPITAL","WEST HARTFORD","CT","06117","psychiatric","38","cms_pos"
"080001","CHRISTIANACARE","NEWARK","DE","19718","short_term_acute","1196","cms_pos"
"080003","ST FRANCIS HOSPITAL","WILMINGTON","DE","19805","short_term_acute","395","cms_pos"
"080004","BAYHEALTH MEDICAL CENTER, KENT CAMPUS","DOVER","DE","19901","short_term_acute","304","cms_pos"
"080006","TIDALHEALTH NANTICOKE, INC.","SEAFORD","DE","19973","short_term_acute","119","cms_pos"
"080007","BEEBE MEDICAL CENTER","LEWES","DE","19958","short_term_acute","155","cms_pos"
"080009","BAYHEALTH HOSPITAL, SUSSEX CAMPUS","MILFORD","DE","19963","short_term_acute","168","cms_pos"
"082000","SELECT SPECIALTY HOSPITAL WILMINGTON","WILMINGTON","DE","19801","long_term_care","35","cms_pos"
"083026","ENCOMPASS HEALTH REHAB HOSPITAL OF MIDDLETOWN","MIDDLETOWN","DE","19709","rehabilitation","50","cms_pos"
"083027","PAM REHABILITATION HOSPITAL OF DOVER","DOVER","DE","19904","rehabilitation","34","cms_pos"
"083028","PAM HEALTH REHABILITATION HOSPITAL OF GEORGETOWN L","GEORGETOWN","DE","19947","rehabilitation","34","cms_pos"
"083300","NEMOURS CHILDREN'S HOSPITAL, DELAWARE","WILMINGTON","DE","19899","childrens","260","cms_pos"
"084001","DELAWARE PSYCHIATRIC CENTER","NEW CASTLE","DE","19720","psychiatric","281","cms_pos"
"084002","ROCKFORD CENTER","NEWARK","DE","19713","psychiatric","92","cms_pos"
"084003","MEADOWWOOD BEHAVIORAL HEALTH SYSTEM","NEW CASTLE","DE","19720","psychiatric","120","cms_pos"
"084004","DOVER BEHAVIORAL HEALTH SYSTEM","DOVER","DE","19901","psychiatric","73","cms_pos"
"084005","SUN BEHAVIORAL DELAWARE LLC","GEORGETOWN","DE","19947","psychiatric","90","cms_pos"
"090001","GEORGE WASHINGTON UNIV HOSPITAL","WASHINGTON","DC","20037","short_term_acute","371","cms_pos"
"090003","HOWARD UNIVERSITY HOSPITAL CORP","WASHINGTON","DC","20060","short_term_acute","479","cms_pos"
"090004","MEDSTAR GEORGETOWN UNIVERSITY HOSPITAL","WASHINGTON","DC","20007","short_term_acute","535","cms_pos"
"090005","SIBLEY MEMORIAL HOSPITAL","WASHINGTON","DC","20016","short_term_acute","362","cms_pos"
"090011","MEDSTAR WASHINGTON HOSPITAL CENTER","WASHINGTON","DC","20010","short_term_acute","818","cms_pos"
"090012","CEDAR HILL REGIONAL MEDICAL CENTER","WASHINGTON","DC","20032","short_term_acute","142","cms_pos"
"092002","BRIDGEPOINT CONT CARE HOSPITAL - CAPITOL HILL","WASHINGTON","DC","20002","long_term_care","60","cms_pos"
"092003","BRIDGEPOINT CONT CARE HOSPITAL - NAT HARBORSIDE","WASHINGTON","DC","20032","long_term_care","82","cms_pos"
"093025","MEDSTAR NATIONAL REHABILITATION HOSPITAL","WASHINGTON","DC","20010","rehabilitation","137","cms_pos"
"093300","CHILDREN'S NATIONAL HOSPITAL","WASHINGTON","DC","20010","childrens","323","cms_pos"
"094001","ST ELIZABETHS HOSPITAL","WASHINGTON","DC","20032","psychiatric","292","cms_pos"
"094004","PSYCHIATRIC INSTITUTE OF WASHINGTON","WASHINGTON","DC","20016","psychiatric","104","cms_pos"
"100001","UF HEALTH JACKSONVILLE","JACKSONVILLE","FL","32209","short_term_acute","715","cms_pos"
"100002","BETHESDA HOSPITAL EAST","BOYNTON BEACH","FL","33435","short_term_acute","481","cms_pos"
"100006","ORLANDO HEALTH ORLANDO REGIONAL MEDICAL CENTER","ORLANDO","FL","32806","short_term_acute","2024","cms_pos"
"100007","ADVENTHEALTH ORLANDO","ORLANDO","FL","32803","short_term_acute","3289","cms_pos"
"100008","BAPTIST HOSPITAL OF MIAMI","MIAMI","FL","33176","short_term_acute","948","cms_pos"
"100012","LEE MEMORIAL HOSPITAL","FORT MYERS","FL","33901","short_term_acute","895","cms_pos"
"100014","ADVENTHEALTH NEW SMYRNA BEACH","NEW SMYRNA BEACH","FL","32170","short_term_acute","109","cms_pos"
"100017","HALIFAX HEALTH MEDICAL CENTER","DAYTONA BEACH","FL","32114","short_term_acute","709","cms_pos"
"100018","NAPLES COMMUNITY HOSPITAL","NAPLES","FL","34102","short_term_acute","728","cms_pos"
"100019","HOLMES REGIONAL MEDICAL CENTER","MELBOURNE","FL","32901","short_term_acute","514","cms_pos"
"100022","JACKSON MEMORIAL HOSPITAL","MIAMI","FL","33136","short_term_acute","2255","cms_pos"
"100023","HCA FLORIDA CITRUS HOSPITAL","INVERNESS","FL","34452","short_term_acute","204","cms_pos"
"100025","ASCENSION SACRED HEART PENSACOLA","PENSACOLA","FL","32504","short_term_acute","547","cms_pos"
"100026","ASCENSION SACRED HEART BAY","PANAMA CITY","FL","32401","short_term_acute","323","cms_pos"
"100028","PARRISH MEDICAL CENTER","TITUSVILLE","FL","32796","short_term_acute","208","cms_pos"
"100029","NORTH SHORE MEDICAL CENTER","MIAMI","FL","33150","short_term_acute","816","cms_pos"
"100030","ORLANDO HEALTH-HEALTH CENTRAL HOSPITAL","OCOEE","FL","34761","short_term_acute","216","cms_pos"
"100032","ORLANDO HEALTH BAYFRONT HOSPITAL","SAINT PETERSBURG","FL","33701","short_term_acute","416","cms_pos"
"100034","MOUNT SINAI MEDICAL CENTER OF FLORIDA, INC","MIAMI BEACH","FL","33140","short_term_acute","672","cms_pos"
"100035","MANATEE MEMORIAL HOSPITAL","BRADENTON","FL","34208","short_term_acute","319","cms_pos"
"100038","MEMORIAL REGIONAL HOSPITAL","HOLLYWOOD","FL","33021","short_term_acute","1079","cms_pos"
"100039","BROWARD HEALTH MEDICAL CENTER","FORT LAUDERDALE","FL","33316","short_term_acute","609","cms_pos"
"100040","ASCENSION ST VINCENT'S RIVERSIDE","JACKSONVILLE","FL","32204","short_term_acute","584","cms_pos"
"100043","MEASE DUNEDIN HOSPITAL","DUNEDIN","FL","34698","short_term_acute","507","cms_pos"
"100044","CLEVELAND CLINIC MARTIN NORTH HOSPITAL","STUART","FL","34994","short_term_acute","521","cms_pos"
"100045","ADVENTHEALTH DELAND","DELAND","FL","32720","short_term_acute","170","cms_pos"
"100046","ADVENTHEALTH ZEPHYRHILLS","ZEPHYRHILLS","FL","33541","short_term_acute","139","cms_pos"
"100049","HCA FLORIDA HIGHLANDS HOSPITAL","SEBRING","FL","33870","short_term_acute","126","cms_pos"
"100050","LARKIN COMMUNITY HOSPITAL PALM SPRINGS CAMPUS","HIALEAH","FL","33012","short_term_acute","247","cms_pos"
"100051","ORLANDO HEALTH SOUTH LAKE HOSPITAL","CLERMONT","FL","34711","short_term_acute","235","cms_pos"
"100052","WINTER HAVEN HOSPITAL","WINTER HAVEN","FL","33881","short_term_acute","508","cms_pos"
"100053","HIALEAH HOSPITAL","HIALEAH","FL","33013","short_term_acute","356","cms_pos"
"100054","HCA FLORIDA TWIN CITIES HOSPITAL","NICEVILLE","FL","32578","short_term_acute","65","cms_pos"
"100055","ADVENTHEALTH NORTH PINELLAS","TARPON SPRINGS","FL","34689","short_term_acute","168","cms_pos"
"100057","ADVENTHEALTH WATERMAN","TAVARES","FL","32778","short_term_acute","269","cms_pos"
"100062","ADVENTHEALTH OCALA","OCALA","FL","34474","short_term_acute","385","cms_pos"
"100063","MORTON PLANT NORTH BAY HOSPITAL","NEW PORT RICHEY","FL","34652","short_term_acute","222","cms_pos"
"100067","ST ANTHONYS HOSPITAL","SAINT PETERSBURG","FL","33705","short_term_acute","448","cms_pos"
"100068","ADVENTHEALTH DAYTONA BEACH","DAYTONA BEACH","FL","32117","short_term_acute","362","cms_pos"
"100069","ADVENTHEALTH CARROLLWOOD","TAMPA","FL","33614","short_term_acute","119","cms_pos"
"100071","TAMPA GENERAL HOSPITAL BROOKSVILLE","BROOKSVILLE","FL","34601","short_term_acute","244","cms_pos"
"100072","ADVENTHEALTH FISH MEMORIAL","ORANGE CITY","FL","32763","short_term_acute","175","cms_pos"
"100073","HOLY CROSS HOSPITAL","FORT LAUDERDALE","FL","33308","short_term_acute","557","cms_pos"
"100075","ST JOSEPHS HOSPITAL","TAMPA","FL","33677","short_term_acute","1367","cms_pos"
"100077","ADVENTHEALTH PORT CHARLOTTE","PORT CHARLOTTE","FL","33952","short_term_acute","254","cms_pos"
"100079","UNIV OF MIAMI HOSPITAL AND CLINICS-SYLVESTER COMPR","MIAMI","FL","33136","short_term_acute","700","cms_pos"
"100080","HCA FLORIDA JFK HOSPITAL","ATLANTIS","FL","33462","short_term_acute","796","cms_pos"
"100084","UF HEALTH LEESBURG HOSPITAL","LEESBURG","FL","34748","short_term_acute","330","cms_pos"
"100086","BROWARD HEALTH NORTH","POMPANO BEACH","FL","33064","short_term_acute","409","cms_pos"
"100087","SARASOTA MEMORIAL HOSPITAL","SARASOTA","FL","34239","short_term_acute","897","cms_pos"
"100088","BAPTIST MEDICAL CENTER JACKSONVILLE","JACKSONVILLE","FL","32207","short_term_acute","1229","cms_pos"
"100090","FLAGLER HOSPITAL","SAINT AUGUSTINE","FL","32086","short_term_acute","335","cms_pos"
"100093","BAPTIST HOSPITAL","PENSACOLA","FL","32503","short_term_acute","569","cms_pos"
"100099","ADVENTHEALTH LAKE WALES","LAKE WALES","FL","33853","short_term_acute","118","cms_pos"
"100105","CLEVELAND CLINIC INDIAN RIVER HOSPITAL","VERO BEACH","FL","32960","short_term_acute","332","cms_pos"
"100107","HCA FLORIDA LEHIGH HOSPITAL","LEHIGH ACRES","FL","33936","short_term_acute","53","cms_pos"
"100109","ADVENTHEALTH SEBRING","SEBRING","FL","33872","short_term_acute","204","cms_pos"
"100110","HCA FLORIDA OSCEOLA HOSPITAL","KISSIMMEE","FL","34741","short_term_acute","407","cms_pos"
"100113","UF HEALTH SHANDS HOSPITAL","GAINESVILLE","FL","32610","short_term_acute","1054","cms_pos"
"100117","BAPTIST MEDICAL CENTER - BEACHES","JACKSONVILLE BEACH","FL","32250","short_term_acute","146","cms_pos"
"100118","ADVENTHEALTH PALM COAST","PALM COAST","FL","32164","short_term_acute","99","cms_pos"
"100121","BARTOW REGIONAL MEDICAL CENTER","BARTOW","FL","33831","short_term_acute","72","cms_pos"
"100122","NORTH OKALOOSA MEDICAL CENTER","CRESTVIEW","FL","32539","short_term_acute","110","cms_pos"
"100124","SANTA ROSA MEDICAL CENTER","MILTON","FL","32570","short_term_acute","129","cms_pos"
"100125","HOMESTEAD HOSPITAL","HOMESTEAD","FL","33033","short_term_acute","147","cms_pos"
"100127","MORTON PLANT HOSPITAL","CLEARWATER","FL","33756","short_term_acute","687","cms_pos"
"100128","TAMPA GENERAL HOSPITAL","TAMPA","FL","33606","short_term_acute","1096","cms_pos"
"100130","LAKESIDE MEDICAL CENTER","BELLE GLADE","FL","33430","short_term_acute","70","cms_pos"
"100131","HCA FLORIDA AVENTURA HOSPITAL","AVENTURA","FL","33180","short_term_acute","493","cms_pos"
"100132","SOUTH FLORIDA BAPTIST HOSPITAL","PLANT CITY","FL","33563","short_term_acute","146","cms_pos"
"100134","ED FRASER MEMORIAL HOSPITAL","MACCLENNY","FL","32063","short_term_acute","25","cms_pos"
"100135","TALLAHASSEE MEMORIAL HOSPITAL","TALLAHASSEE","FL","32308","short_term_acute","772","cms_pos"
"100137","ADVENTHEALTH HEART OF FLORIDA","DAVENPORT","FL","33837","short_term_acute","268","cms_pos"
"100140","BAPTIST MEDICAL CENTER - NASSAU","FERNANDINA BEACH","FL","32034","short_term_acute","62","cms_pos"
"100142","JACKSON HOSPITAL","MARIANNA","FL","32446","short_term_acute","100","cms_pos"
"100150","LOWER KEYS MEDICAL CENTER","KEY WEST","FL","33040","short_term_acute","167","cms_pos"
"100151","MAYO CLINIC","JACKSONVILLE","FL","32224","short_term_acute","434","cms_pos"
"100154","SOUTH MIAMI HOSPITAL","SOUTH MIAMI","FL","33143","short_term_acute","436","cms_pos"
"100156","HCA FLORIDA LAKE CITY HOSPITAL","LAKE CITY","FL","32055","short_term_acute","141","cms_pos"
"100157","LAKELAND REGIONAL MEDICAL CENTER","LAKELAND","FL","33805","short_term_acute","892","cms_pos"
"100161","HCA FLORIDA LAKE MONROE HOSPITAL","SANFORD","FL","32771","short_term_acute","221","cms_pos"
"100166","HCA FLORIDA SARASOTA DOCTORS HOSPITAL","SARASOTA","FL","34233","short_term_acute","155","cms_pos"
"100167","HCA FLORIDA MERCY HOSPITAL","MIAMI","FL","33133","short_term_acute","488","cms_pos"
"100168","BOCA RATON REGIONAL HOSPITAL","BOCA RATON","FL","33486","short_term_acute","400","cms_pos"
"100173","ADVENTHEALTH TAMPA","TAMPA","FL","33613","short_term_acute","626","cms_pos"
"100175","DESOTO MEMORIAL HOSPITAL","ARCADIA","FL","34266","short_term_acute","49","cms_pos"
"100176","PALM BEACH GARDENS MEDICAL CENTER","PALM BEACH GARDENS","FL","33410","short_term_acute","199","cms_pos"
"100177","CAPE CANAVERAL HOSPITAL","COCOA BEACH","FL","32932","short_term_acute","150","cms_pos"
"100179","HCA FLORIDA MEMORIAL HOSPITAL","JACKSONVILLE","FL","32216","short_term_acute","454","cms_pos"
"100180","HCA FLORIDA ST PETERSBURG HOSPITAL","SAINT PETERSBURG","FL","33710","short_term_acute","215","cms_pos"
"100181","LARKIN COMMUNITY HOSPITAL","SOUTH MIAMI","FL","33143","short_term_acute","146","cms_pos"
"100183","CORAL GABLES HOSPITAL","CORAL GABLES","FL","33134","short_term_acute","245","cms_pos"
"100187","PALMETTO GENERAL HOSPITAL","HIALEAH","FL","33016","short_term_acute","360","cms_pos"
"100189","HCA FLORIDA NORTHWEST HOSPITAL","MARGATE","FL","33063","short_term_acute","289","cms_pos"
"100191","HCA FLORIDA TRINITY HOSPITAL","TRINITY","FL","34655","short_term_acute","340","cms_pos"
"100200","BROWARD HEALTH IMPERIAL POINT","FORT LAUDERDALE","FL","33308","short_term_acute","204","cms_pos"
"100204","HCA FLORIDA NORTH FLORIDA HOSPITAL","GAINESVILLE","FL","32605","short_term_acute","528","cms_pos"
"100206","HCA FLORIDA SOUTH TAMPA HOSPITAL","TAMPA","FL","33609","short_term_acute","374","cms_pos"
"100209","HCA FLORIDA KENDALL HOSPITAL","MIAMI","FL","33175","short_term_acute","447","cms_pos"
"100211","ADVENTHEALTH DADE CITY","DADE CITY","FL","33525","short_term_acute","122","cms_pos"
"100212","HCA FLORIDA OCALA HOSPITAL","OCALA","FL","34471","short_term_acute","545","cms_pos"
"100213","HCA FLORIDA BLAKE HOSPITAL","BRADENTON","FL","34209","short_term_acute","383","cms_pos"
"100217","ORLANDO HEALTH SEBASTIAN RIVER HOSPITAL","SEBASTIAN","FL","32958","short_term_acute","145","cms_pos"
"100220","GULF COAST MEDICAL CENTER","FORT MYERS","FL","33912","short_term_acute","699","cms_pos"
"100223","HCA FLORIDA FORT WALTON-DESTIN HOSPITAL","FORT WALTON BEACH","FL","32547","short_term_acute","331","cms_pos"
"100224","HCA FLORIDA WOODMONT HOSPITAL","TAMARAC","FL","33321","short_term_acute","211","cms_pos"
"100226","HCA FLORIDA ORANGE PARK HOSPITAL","ORANGE PARK","FL","32073","short_term_acute","433","cms_pos"
"100228","HCA FLORIDA WESTSIDE HOSPITAL","PLANTATION","FL","33324","short_term_acute","250","cms_pos"
"100230","MEMORIAL HOSPITAL PEMBROKE","PEMBROKE PINES","FL","33024","short_term_acute","301","cms_pos"
"100231","HCA FLORIDA WEST HOSPITAL","PENSACOLA","FL","32514","short_term_acute","515","cms_pos"
"100232","HCA FLORIDA PUTNAM HOSPITAL","PALATKA","FL","32177","short_term_acute","99","cms_pos"
"100236","HCA FLORIDA FAWCETT HOSPITAL","PORT CHARLOTTE","FL","33952","short_term_acute","265","cms_pos"
"100238","HCA FLORIDA NORTHSIDE HOSPITAL","SAINT PETERSBURG","FL","33709","short_term_acute","288","cms_pos"
"100242","HCA FLORIDA GULF COAST HOSPITAL","PANAMA CITY","FL","32405","short_term_acute","282","cms_pos"
"100243","HCA FLORIDA BRANDON HOSPITAL","BRANDON","FL","33511","short_term_acute","479","cms_pos"
"100244","CAPE CORAL HOSPITAL","CAPE CORAL","FL","33990","short_term_acute","303","cms_pos"
"100246","HCA FLORIDA LAWNWOOD HOSPITAL","FORT PIERCE","FL","34950","short_term_acute","497","cms_pos"
"100248","HCA FLORIDA LARGO HOSPITAL","LARGO","FL","33770","short_term_acute","452","cms_pos"
"100249","TAMPA GENERAL HOSPITAL CRYSTAL RIVER","CRYSTAL RIVER","FL","34428","short_term_acute","128","cms_pos"
"100252","HCA FLORIDA RAULERSON HOSPITAL","OKEECHOBEE","FL","34972","short_term_acute","100","cms_pos"
"100253","JUPITER MEDICAL CENTER","JUPITER","FL","33458","short_term_acute","340","cms_pos"
"100254","HCA FLORIDA CAPITAL HOSPITAL","TALLAHASSEE","FL","32308","short_term_acute","288","cms_pos"
"100256","HCA FLORIDA BAYONET POINT HOSPITAL","HUDSON","FL","34667","short_term_acute","392","cms_pos"
"100258","DELRAY MEDICAL CENTER","DELRAY BEACH","FL","33484","short_term_acute","536","cms_pos"
"100259","HCA FLORIDA SOUTH SHORE HOSPITAL","SUN CITY CENTER","FL","33573","short_term_acute","112","cms_pos"
"100260","HCA FLORIDA ST LUCIE HOSPITAL","PORT SAINT LUCIE","FL","34952","short_term_acute","282","cms_pos"
"100264","HCA FLORIDA OAK HILL HOSPITAL","BROOKSVILLE","FL","34613","short_term_acute","350","cms_pos"
"100265","MEASE COUNTRYSIDE HOSPITAL","SAFETY HARBOR","FL","34695","short_term_acute","300","cms_pos"
"100266","GULF BREEZE HOSPITAL","GULF BREEZE","FL","32561","short_term_acute","77","cms_pos"
"100267","HCA FLORIDA ENGLEWOOD HOSPITAL","ENGLEWOOD","FL","34223","short_term_acute","100","cms_pos"
"100268","WEST BOCA MEDICAL CENTER","BOCA RATON","FL","33428","short_term_acute","195","cms_pos"
"100269","HCA FLORIDA PALMS WEST HOSPITAL","LOXAHATCHEE","FL","33470","short_term_acute","207","cms_pos"
"100271","H LEE MOFFITT CANCER CENTER & RESEARCH INSTITUTE I","TAMPA","FL","33612","short_term_acute","346","cms_pos"
"100275","WELLINGTON REGIONAL MEDICAL CENTER","WELLINGTON","FL","33414","short_term_acute","235","cms_pos"
"100276","BROWARD HEALTH CORAL SPRINGS","CORAL SPRINGS","FL","33065","short_term_acute","243","cms_pos"
"100277","DOUGLAS GARDENS HOSPITAL","MIAMI","FL","33137","short_term_acute","32","cms_pos"
"100281","MEMORIAL HOSPITAL WEST","PEMBROKE PINES","FL","33028","short_term_acute","366","cms_pos"
"100284","KERALTY HOSPITAL","MIAMI","FL","33155","short_term_acute","125","cms_pos"
"100285","MEMORIAL HOSPITAL MIRAMAR","MIRAMAR","FL","33029","short_term_acute","178","cms_pos"
"100286","PHYSICIANS REGIONAL MEDICAL CENTER - PINE RIDGE","NAPLES","FL","34119","short_term_acute","327","cms_pos"
"100287","GOOD SAMARITAN MEDICAL CENTER","WEST PALM BEACH","FL","33401","short_term_acute","333","cms_pos"
"100288","ST MARY'S MEDICAL CENTER","WEST PALM BEACH","FL","33407","short_term_acute","413","cms_pos"
"100289","CLEVELAND CLINIC HOSPITAL","WESTON","FL","33331","short_term_acute","236","cms_pos"
"100290","UF HEALTH SPANISH PLAINES HOSPITAL","THE VILLAGES","FL","32159","short_term_acute","315","cms_pos"
"100291","ORLANDO HEALTH MELBOURNE HOSPITAL","MELBOURNE","FL","32935","short_term_acute","119","cms_pos"
"100292","SACRED HEART HOSPITAL ON THE EMERALD COAST","MIRAMAR BEACH","FL","32550","short_term_acute","58","cms_pos"
"100296","DOCTORS HOSPITAL","CORAL GABLES","FL","33146","short_term_acute","281","cms_pos"
"100298","FLORIDA STATE HOSPITAL UNIT 31 MED","CHATTAHOOCHEE","FL","32324","short_term_acute","24","cms_pos"
"100299","LAKEWOOD RANCH MEDICAL CENTER","BRADENTON","FL","34202","short_term_acute","120","cms_pos"
"100302","ORLANDO HEALTH ST CLOUD HOSPITAL","SAINT CLOUD","FL","34769","short_term_acute","84","cms_pos"
"100307","ASCENSION ST VINCENT'S SOUTHSIDE","JACKSONVILLE","FL","32216","short_term_acute","295","cms_pos"
"100313","ASCENSION SACRED HEART GULF","PORT SAINT JOE","FL","32456","short_term_acute","19","cms_pos"
"100314","WEST KENDALL BAPTIST HOSPITAL","MIAMI","FL","33196","short_term_acute","203","cms_pos"
"100315","VIERA HOSPITAL","MELBOURNE","FL","32940","short_term_acute","84","cms_pos"
"100316","PALM BAY HOSPITAL","PALM BAY","FL","32907","short_term_acute","152","cms_pos"
"100319","ADVENTHEALTH WESLEY CHAPEL","WESLEY CHAPEL","FL","33544","short_term_acute","169","cms_pos"
"100320","HCA FLORIDA POINCIANA HOSPITAL","KISSIMMEE","FL","34758","short_term_acute","94","cms_pos"
"100321","ASCENSION ST VINCENT'S CLAY COUNTY","MIDDLEBURG","FL","32068","short_term_acute","134","cms_pos"
"100329","OVIEDO MEDICAL CENTER","OVIEDO","FL","32765","short_term_acute","96","cms_pos"
"100330","HALIFAX HEALTH /UF HEALTH MEDICAL CENTER OF DELTON","DELTONA","FL","32725","short_term_acute","42","cms_pos"
"100350","UCF LAKE NONA HOSPITAL","ORLANDO","FL","32827","short_term_acute","64","cms_pos"
"100359","SARASOTA MEMORIAL HOSPITAL - VENICE","NORTH VENICE","FL","34275","short_term_acute","212","cms_pos"
"100360","HCA FLORIDA UNIVERSITY HOSPITAL","DAVIE","FL","33328","short_term_acute","165","cms_pos"
"100361","ASCENSION ST VINCENT'S ST JOHNS COUNTY","ST JOHNS","FL","32259","short_term_acute","56","cms_pos"
"100362","BAYCARE HOSPITAL WESLEY CHAPEL","WESLEY CHAPEL","FL","33544","short_term_acute","86","cms_pos"
"100363","ADVENTHEALTH PALM COAST PARKWAY","PALM COAST","FL","32137","short_term_acute","100","cms_pos"
"100364","ADVENTHEALTH RIVERVIEW","RIVERVIEW","FL","33578","short_term_acute","82","cms_pos"
"100365","NORTH WALTON DOCTORS HOSPITAL","DEFUNIAK SPRINGS","FL","32435","short_term_acute","2","cms_pos"
"101300","ADVENTHEALTH WAUCHULA","WAUCHULA","FL","33873","critical_access","25","cms_pos"
"101303","LAKE BUTLER HOSPITAL","LAKE BUTLER","FL","32054","critical_access","25","cms_pos"
"101304","CALHOUN-LIBERTY HOSPITAL","BLOUNTSTOWN","FL","32424","critical_access","25","cms_pos"
"101305","GEORGE E WEEMS MEMORIAL HOSPITAL","APALACHICOLA","FL","32320","critical_access","25","cms_pos"
"101307","DOCTORS MEMORIAL HOSPITAL","BONIFAY","FL","32425","critical_access","20","cms_pos"
"101308","NORTHWEST FLORIDA COMMUNITY HOSPITAL","CHIPLEY","FL","32428","critical_access","59","cms_pos"
"101309","HENDRY REGIONAL MEDICAL CENTER","CLEWISTON","FL","33440","critical_access","25","cms_pos"
"101311","MADISON COUNTY MEMORIAL HOSPITAL","MADISON","FL","32340","critical_access","25","cms_pos"
"101312","FISHERMEN'S COMMUNITY HOSPITAL","MARATHON","FL","33050","critical_access","8","cms_pos"
"101313","MARINERS HOSPITAL","TAVERNIER","FL","33070","critical_access","25","cms_pos"
"101314","DOCTORS MEMORIAL HOSPITAL INC","PERRY","FL","32347","critical_access","25","cms_pos"
"101315","JAY HOSPITAL","JAY","FL","32565","critical_access","25","cms_pos"
"102001","SELECT SPECIALTY HOSPITAL-MIAMI","MIAMI","FL","33128","long_term_care","47","cms_pos"
"102003","SELECT SPECIALTY HOSPITAL - ORLANDO (SOUTH CAMPUS)","ORLANDO","FL","32809","long_term_care","99","cms_pos"
"102009","KINDRED HOSPITAL-BAY AREA-TAMPA","TAMPA","FL","33611","long_term_care","155","cms_pos"
"102010","KINDRED HOSPITAL-SOUTH FLORIDA-FT LAUDERDALE","FORT LAUDERDALE","FL","33301","long_term_care","238","cms_pos"
"102012","PAM HEALTH SPECIALTY HOSPITAL OF JACKSONVILLE","JACKSONVILLE","FL","32207","long_term_care","107","cms_pos"
"102013","KINDRED HOSPITAL-CENTRAL TAMPA","TAMPA","FL","33603","long_term_care","102","cms_pos"
"102015","KINDRED HOSPITAL-NORTH FLORIDA","GREEN COVE SPRINGS","FL","32043","long_term_care","73","cms_pos"
"102017","SELECT SPECIALTY HOSPITAL - PANAMA CITY","PANAMA CITY","FL","32401","long_term_care","30","cms_pos"
"102018","PAM SPECIALTY HOSPITAL OF SARASOTA","SARASOTA","FL","34240","long_term_care","40","cms_pos"
"102019","KINDRED HOSPITAL OCALA","OCALA","FL","34474","long_term_care","31","cms_pos"
"102020","SELECT SPECIALTY HOSPITAL - TALLAHASSEE","TALLAHASSEE","FL","32308","long_term_care","47","cms_pos"
"102021","BAYCARE ALLIANT HOSPITAL","DUNEDIN","FL","34698","long_term_care","48","cms_pos"
"102022","SELECT SPECIALTY HOSPITAL GAINESVILLE INC","GAINESVILLE","FL","32610","long_term_care","44","cms_pos"
"102023","SELECT SPECIALTY HOSPITAL-PALM BEACH","LAKE WORTH","FL","33461","long_term_care","59","cms_pos"
"102024","SELECT SPECIALTY HOSPITAL PENSACOLA","PENSACOLA","FL","32504","long_term_care","54","cms_pos"
"102025","KINDRED HOSPITAL THE PALM BEACHES","RIVIERA BEACH","FL","33418","long_term_care","68","cms_pos"
"102026","ADVENTHEALTH CONNERTON","LAND O LAKES","FL","34637","long_term_care","77","cms_pos"
"102027","KINDRED HOSPITAL MELBOURNE","MELBOURNE","FL","32901","long_term_care","60","cms_pos"
"102028","SELECT SPECIALTY HOSPITAL - THE VILLAGES","OXFORD","FL","34484","long_term_care","40","cms_pos"
"102029","SELECT SPECIALTY HOSPITAL-FORT MYERS","FORT MYERS","FL","33905","long_term_care","60","cms_pos"
"102030","SELECT SPECIALTY HOSPITAL DAYTONA BEACH","DAYTONA BEACH","FL","32117","long_term_care","34","cms_pos"
"102031","SELECT SPECIALTY HOSPITAL-MIAMI LAKES","MIAMI LAKES","FL","33016","long_term_care","60","cms_pos"
"103026","ST CATHERINE'S REHABILITATION HOSPITAL","NORTH MIAMI","FL","33161","rehabilitation","62","cms_pos"
"103027","ST ANTHONY'S REHABILITATION HOSPITAL","LAUDERDALE LAKES","FL","33311","rehabilitation","26","cms_pos"
"103028","ENCOMPASS HEALTH REHAB HOSPITAL OF SUNRISE","SUNRISE","FL","33351","rehabilitation","126","cms_pos"
"103031","ENCOMPASS HEALTH REHAB HOSPITAL OF SARASOTA","SARASOTA","FL","34240","rehabilitation","116","cms_pos"
"103032","ENCOMPASS HEALTH REHAB HOSPITAL OF TREASURE COAST","VERO BEACH","FL","32960","rehabilitation","80","cms_pos"
"103033","ENCOMPASS HEALTH REHABILITATION HOSPITAL OF TALLAH","TALLAHASSEE","FL","32308","rehabilitation","70","cms_pos"
"103034","SEA PINES REHAB HOSP AFFILIATE OF ENCOMPASS HEALTH","MELBOURNE","FL","32901","rehabilitation","90","cms_pos"
"103036","WEST GABLES REHABILITATION HOSPITAL","MIAMI","FL","33155","rehabilitation","90","cms_pos"
"103037","ENCOMPASS HEALTH REHABILITATION HOSPITAL OF LARGO","LARGO","FL","33770","rehabilitation","70","cms_pos"
"103038","ENCOMPASS HEALTH REHABILITATION HOSPITAL OF MIAMI","MIAMI","FL","33189","rehabilitation","60","cms_pos"
"103039","BROOKS REHABILITATION HOSPITAL UNIVERSITY CAMPUS","JACKSONVILLE","FL","32216","rehabilitation","170","cms_pos"
"103040","ENCOMPASS HEALTH REHABILITATION HOSPITAL OF PANAMA","PANAMA CITY","FL","32405","rehabilitation","75","cms_pos"
"103042","ENCOMPASS HEALTH REHAB HOSPITAL OF SPRING HILL","BROOKSVILLE","FL","34613","rehabilitation","80","cms_pos"
"103043","ENCOMPASS HEALTH REHAB HOSPITAL OF CENTRAL FLORIDA","OCALA","FL","34471","rehabilitation","80","cms_pos"
"103044","ENCOMPASS HEALTH REHAB HOSPITAL AN AFFILIATE OF MA","STUART","FL","34997","rehabilitation","80","cms_pos"
"103045","ENCOMPASS HEALTH REHABILITATION HOSPITAL OF ALTAMO","ALTAMONTE SPRINGS","FL","32714","rehabilitation","70","cms_pos"
"103046","UF HEALTH REHABILITATION HOSPITAL","GAINESVILLE","FL","32608","rehabilitation","60","cms_pos"
"103047","ENCOMPASS HEALTH REHABILITATION HOSPITAL OF NORTH","LUTZ","FL","33548","rehabilitation","50","cms_pos"
"103048","ENCOMPASS HEALTH REHABILITATION HOSPITAL OF PENSAC","PENSACOLA","FL","32504","rehabilitation","40","cms_pos"
"103049","ENCOMPASS HEALTH REHABILITATION HOSPITAL OF ST AUG","SAINT AUGUSTINE","FL","32084","rehabilitation","40","cms_pos"
"103050","ENCOMPASS HEALTH REHABILITATION HOSPITAL OF LAKELA","LAKELAND","FL","33803","rehabilitation","50","cms_pos"
"103051","TAMPA GENERAL REHABILITATION HOSPITAL","TAMPA","FL","33606","rehabilitation","80","cms_pos"
"103052","ENCOMPASS HEALTH REHABILITATION HOSPITAL OF JACKSO","JACKSONVILLE","FL","32256","rehabilitation","50","cms_pos"
"103053","REHABILITATION HOSPITAL OF CAPE CORAL","CAPE CORAL","FL","33909","rehabilitation","40","cms_pos"
"103054","REHABILITATION HOSPITAL OF NAPLES","NAPLES","FL","34119","rehabilitation","70","cms_pos"
"103055","ENCOMPASS HEALTH REHABILITATION HOSPITAL OF CLERMO","CLERMONT","FL","34711","rehabilitation","50","cms_pos"
"103056","PAM HEALTH REHABILITATION HOSPITAL OF TAVARES","TAVARES","FL","32778","rehabilitation","42","cms_pos"
"103057","PAM HEALTH REHABILITATION HOSPITAL OF JUPITER","JUPITER","FL","33458","rehabilitation","42","cms_pos"
"103061","CLEARSKY REHABILITATION HOSPITAL OF LECANTO","LECANTO","FL","34461","rehabilitation","36","cms_pos"
"103062","PAM HEALTH REHABILITATION HOSPITAL OF VENICE","NOKOMIS","FL","34275","rehabilitation","42","cms_pos"
"103063","REUNION REHABILITATION HOSPITAL JACKSONVILLE","JACKSONVILLE","FL","32246","rehabilitation","48","cms_pos"
"103064","ENCOMPASS HEALTH REHABILITATION HOSPITAL OF KISSIM","KISSIMMEE","FL","34746","rehabilitation","50","cms_pos"
"103065","ORLANDO REHABILITATION HOSPITAL","ALTAMONTE SPRINGS","FL","32701","rehabilitation","60","cms_pos"
"103066","NORTH FLORIDA REHABILITATION HOSPITAL","JACKSONVILLE","FL","32221","rehabilitation","50","cms_pos"
"103067","UF HEALTH REHABILITATION HOSPITAL - JACKSONVILLE","JACKSONVILLE","FL","32218","rehabilitation","48","cms_pos"
"103068","FLORIDA REHABILITATION HOSPITAL AT TAMPA","TEMPLE TERRACE","FL","33637","rehabilitation","60","cms_pos"
"103069","REHABILITATION HOSPITAL OF FORT MYERS","FORT MYERS","FL","33912","rehabilitation","60","cms_pos"
"103070","ENCOMPASS HEALTH REHABILITATION HOSPITAL OF DAYTON","DAYTONA BEACH","FL","32117","rehabilitation","50","cms_pos"
"103071","CLEARSKY REHABILITATION HOSPITAL OF LAKE CITY","LAKE CITY","FL","32056","rehabilitation","36","cms_pos"
"103072","ENCOMPASS HEALTH REHABILITATION HOSPITAL OF LAKE W","LAKE WORTH","FL","33467","rehabilitation","50","cms_pos"
"103073","ENCOMPASS HEALTH REHABILITATION HOSPITAL OF ST PET","SAINT PETERSBURG","FL","33710","rehabilitation","50","cms_pos"
"103074","EXALT HEALTH REHABILITATION HOSPITAL WILDWOOD","WILDWOOD","FL","34785","rehabilitation","40","cms_pos"
"103075","EXALT HEALTH REHABILITATION HOSPITAL LAKELAND","AUBURNDALE","FL","33823","rehabilitation","36","cms_pos"
"103300","JOHNS HOPKINS ALL CHILDREN'S HOSPITAL","SAINT PETERSBURG","FL","33701","childrens","259","cms_pos"
"103301","NICKLAUS CHILDREN'S HOSPITAL","MIAMI","FL","33155","childrens","474","cms_pos"
"103304","NEMOURS CHILDRENS HOSPITAL, FLORIDA","ORLANDO","FL","32827","childrens","135","cms_pos"
"104000","FLORIDA STATE HOSPITAL UNIT 14 PSYCH","CHATTAHOOCHEE","FL","32324","psychiatric","949","cms_pos"
"104001","SOUTH FLORIDA STATE HOSPITAL","PEMBROKE PINES","FL","33025","psychiatric","350","cms_pos"
"104007","NORTHEAST FLORIDA STATE HOSPITAL","MACCLENNY","FL","32063","psychiatric","1138","cms_pos"
"104016","RIVER POINT BEHAVIORAL HEALTH","JACKSONVILLE","FL","32216","psychiatric","84","cms_pos"
"104017","WINDMOOR HEALTHCARE OF CLEARWATER","CLEARWATER","FL","33764","psychiatric","144","cms_pos"
"104018","LIFESTREAM BEHAVIORAL CENTER","LEESBURG","FL","34748","psychiatric","46","cms_pos"
"104024","CIRCLES OF CARE, INC","MELBOURNE","FL","32901","psychiatric","52","cms_pos"
"104026","FORT LAUDERDALE BEHAVIORAL HEALTH CENTER","OAKLAND PARK","FL","33334","psychiatric","182","cms_pos"
"104040","CENTERSTONE OF FLORIDA","BRADENTON","FL","34208","psychiatric","41","cms_pos"
"104049","SOUTHERN WINDS","HIALEAH","FL","33012","psychiatric","72","cms_pos"
"104057","SPRINGBROOK HOSPITAL","BROOKSVILLE","FL","34609","psychiatric","66","cms_pos"
"104059","EASTSIDE PSYCHIATRIC HOSPITAL","TALLAHASSEE","FL","32308","psychiatric","46","cms_pos"
"104063","AXIOM BEHAVIORAL HEALTH AT NAPLES","NAPLES","FL","34113","psychiatric","87","cms_pos"
"104067","ASPIRE HEALTH PARTNERS","ORLANDO","FL","32808","psychiatric","56","cms_pos"
"104069","WEKIVA SPRINGS","JACKSONVILLE","FL","32216","psychiatric","120","cms_pos"
"104070","PORT ST LUCIE HOSPITAL","PORT SAINT LUCIE","FL","34952","psychiatric","75","cms_pos"
"104071","THE VINES HOSPITAL","OCALA","FL","34474","psychiatric","98","cms_pos"
"104072","CENTRAL FLORIDA BEHAVIORAL HOSPITAL","ORLANDO","FL","32821","psychiatric","174","cms_pos"
"104073","EMERALD COAST BEHAVIORAL HOSPITAL","PANAMA CITY","FL","32405","psychiatric","86","cms_pos"
"104074","PARK ROYAL HOSPITAL","FORT MYERS","FL","33908","psychiatric","126","cms_pos"
"104075","NORTH TAMPA BEHAVIORAL HEALTH","WESLEY CHAPEL","FL","33543","psychiatric","75","cms_pos"
"104076","UNIVERSITY BEHAVIORAL CENTER","ORLANDO","FL","32826","psychiatric","112","cms_pos"
"104079","LARKIN COMMUNITY HOSPITAL BEHAVIORAL HEALTH SRVS","HOLLYWOOD","FL","33021","psychiatric","50","cms_pos"
"104080","CORAL SHORES BEHAVIORAL HEALTH","STUART","FL","34997","psychiatric","80","cms_pos"
"104081","BLACKBERRY CENTER","SAINT CLOUD","FL","34769","psychiatric","64","cms_pos"
"104082","PALM POINT BEHAVIORAL HEALTH","TITUSVILLE","FL","32796","psychiatric","74","cms_pos"
"104084","NEUROBEHAVIORAL HOSPITAL OF THE PALM BEACHES-NORTH","MANGONIA PARK","FL","33407","psychiatric","42","cms_pos"
"104085","NEUROBEHAVIORAL HOSPITAL OF THE PALM BEACHES-SOUTH","BOYNTON BEACH","FL","33426","psychiatric","71","cms_pos"
"104087","NORTH PORT BEHAVIORAL HEALTH","NORTH PORT","FL","34288","psychiatric","96","cms_pos"
"110001","HAMILTON MEDICAL CENTER","DALTON","GA","30720","short_term_acute","282","cms_pos"
"110002","UPSON REGIONAL MEDICAL CENTER","THOMASTON","GA","30286","short_term_acute","119","cms_pos"
"110003","MEMORIAL SATILLA HEALTH","WAYCROSS","GA","31501","short_term_acute","237","cms_pos"
"110005","NORTHSIDE HOSPITAL FORSYTH","CUMMING","GA","30041","short_term_acute","389","cms_pos"
"110006","ST MARY'S HOSPITAL","ATHENS","GA","30606","short_term_acute","196","cms_pos"
"110007","PHOEBE PUTNEY MEMORIAL HOSPITAL","ALBANY","GA","31703","short_term_acute","691","cms_pos"
"110008","NORTHSIDE HOSPITAL CHEROKEE","CANTON","GA","30115","short_term_acute","84","cms_pos"
"110010","EMORY UNIVERSITY HOSPITAL","ATLANTA","GA","30322","short_term_acute","661","cms_pos"
"110011","TANNER MEDICAL CENTER - CARROLLTON","CARROLLTON","GA","30117","short_term_acute","182","cms_pos"
"110015","TANNER MEDICAL CENTER VILLA RICA","VILLA RICA","GA","30180","short_term_acute","40","cms_pos"
"110016","WELLSTAR WEST GEORGIA MEDICAL CENTER","LAGRANGE","GA","30240","short_term_acute","276","cms_pos"
"110018","PIEDMONT NEWTON HOSPITAL","COVINGTON","GA","30014","short_term_acute","90","cms_pos"
"110023","ADVENTHEALTH GORDON","CALHOUN","GA","30701","short_term_acute","69","cms_pos"
"110024","CANDLER HOSPITAL","SAVANNAH","GA","31412","short_term_acute","320","cms_pos"
"110025","SOUTHEAST GEORGIA HEALTH SYSTEM- BRUNSWICK CAMPUS","BRUNSWICK","GA","31520","short_term_acute","300","cms_pos"
"110027","ST MARY'S SACRED HEART HOSPITAL, INC","LAVONIA","GA","30553","short_term_acute","56","cms_pos"
"110028","PIEDMONT AUGUSTA HOSPITAL","AUGUSTA","GA","30901","short_term_acute","551","cms_pos"
"110029","NORTHEAST GEORGIA MEDICAL CENTER, INC","GAINESVILLE","GA","30501","short_term_acute","865","cms_pos"
"110030","PIEDMONT CARTERSVILLE MEDICAL CENTER","CARTERSVILLE","GA","30120","short_term_acute","139","cms_pos"
"110031","WELLSTAR SPALDING MEDICAL CENTER","GRIFFIN","GA","30224","short_term_acute","160","cms_pos"
"110032","STEPHENS COUNTY HOSPITAL","TOCCOA","GA","30577","short_term_acute","99","cms_pos"
"110034","WELLSTAR MCG HEALTH, AFFILIATED WITH MED COL","AUGUSTA","GA","30912","short_term_acute","632","cms_pos"
"110035","WELLSTAR KENNESTONE REGIONAL MEDICAL CENTER","MARIETTA","GA","30060","short_term_acute","633","cms_pos"
"110036","MEMORIAL HEALTH UNIVERSITY MEDICAL CENTER","SAVANNAH","GA","31404","short_term_acute","619","cms_pos"
"110038","ARCHBOLD MEMORIAL","THOMASVILLE","GA","31792","short_term_acute","264","cms_pos"
"110041","NORTHEAST GEORGIA MEDICAL CENTER HABERSHAM","DEMOREST","GA","30535","short_term_acute","53","cms_pos"
"110042","WELLSTAR PAULDING MEDICAL CENTER","HIRAM","GA","30141","short_term_acute","83","cms_pos"
"110043","ST JOSEPH'S HOSPITAL - SAVANNAH","SAVANNAH","GA","31419","short_term_acute","294","cms_pos"
"110044","PHOEBE SUMTER MEDICAL CENTER","AMERICUS","GA","31719","short_term_acute","143","cms_pos"
"110045","NORTHEAST GEORGIA MEDICAL CENTER BARROW","WINDER","GA","30680","short_term_acute","56","cms_pos"
"110046","PIEDMONT WALTON HOSPITAL, INC","MONROE","GA","30655","short_term_acute","77","cms_pos"
"110050","ADVENTHEALTH MURRAY","CHATSWORTH","GA","30705","short_term_acute","42","cms_pos"
"110051","UNION GENERAL HOSPITAL","BLAIRSVILLE","GA","30512","short_term_acute","45","cms_pos"
"110054","ATRIUM HEALTH FLOYD MEDICAL CENTER","ROME","GA","30162","short_term_acute","284","cms_pos"
"110064","PIEDMONT COLUMBUS REGIONAL MIDTOWN","COLUMBUS","GA","31901","short_term_acute","417","cms_pos"
"110069","EMORY HOUSTON HOSPITAL WARNER ROBINS","WARNER ROBINS","GA","31093","short_term_acute","186","cms_pos"
"110071","APPLING HEALTHCARE","BAXLEY","GA","31513","short_term_acute","49","cms_pos"
"110074","PIEDMONT ATHENS REGIONAL MEDICAL CENTER","ATHENS","GA","30606","short_term_acute","315","cms_pos"
"110075","EAST GEORGIA REGIONAL MEDICAL CENTER","STATESBORO","GA","30458","short_term_acute","150","cms_pos"
"110076","EMORY DECATUR HOSPITAL","DECATUR","GA","30033","short_term_acute","451","cms_pos"
"110078","EMORY UNIVERSITY HOSPITAL MIDTOWN","ATLANTA","GA","30308","short_term_acute","481","cms_pos"
"110079","GRADY MEMORIAL HOSPITAL","ATLANTA","GA","30303","short_term_acute","953","cms_pos"
"110082","SAINT JOSEPH'S HOSPITAL OF ATLANTA, INC","ATLANTA","GA","30342","short_term_acute","410","cms_pos"
"110083","PIEDMONT HOSPITAL, INC","ATLANTA","GA","30309","short_term_acute","458","cms_pos"
"110086","WASHINGTON COUNTY REGIONAL MEDICAL CENTER","SANDERSVILLE","GA","31082","short_term_acute","56","cms_pos"
"110087","NORTHSIDE HOSPITAL GWINNETT","LAWRENCEVILLE","GA","30046","short_term_acute","353","cms_pos"
"110089","COFFEE REGIONAL MEDICAL CENTER, INC","DOUGLAS","GA","31533","short_term_acute","88","cms_pos"
"110091","PIEDMONT ROCKDALE HOSPITAL","CONYERS","GA","30012","short_term_acute","161","cms_pos"
"110092","DODGE COUNTY HOSPITAL","EASTMAN","GA","31023","short_term_acute","94","cms_pos"
"110095","TIFT REGIONAL MEDICAL CENTER","TIFTON","GA","31793","short_term_acute","241","cms_pos"
"110100","JEFFERSON HOSPITAL","LOUISVILLE","GA","30434","short_term_acute","65","cms_pos"
"110101","SOUTHWELL MEDICAL, A CAMPUS OF TRMC","ADEL","GA","31620","short_term_acute","60","cms_pos"
"110104","CRISP REGIONAL HOSPITAL","CORDELE","GA","31015","short_term_acute","73","cms_pos"
"110105","COLQUITT REGIONAL MEDICAL CENTER","MOULTRIE","GA","31768","short_term_acute","99","cms_pos"
"110107","ATRIUM HEALTH NAVICENT THE MEDICAL CENTER","MACON","GA","31201","short_term_acute","637","cms_pos"
"110109","EMANUEL MEDICAL CENTER","SWAINSBORO","GA","30401","short_term_acute","72","cms_pos"
"110111","PIEDMONT MCDUFFIE HOSPITAL","THOMSON","GA","30824","short_term_acute","47","cms_pos"
"110113","BURKE MEDICAL CENTER","WAYNESBORO","GA","30830","short_term_acute","40","cms_pos"
"110121","ARCHBOLD GRADY","CAIRO","GA","39828","short_term_acute","60","cms_pos"
"110122","SGMC HEALTH","VALDOSTA","GA","31602","short_term_acute","335","cms_pos"
"110124","WAYNE MEMORIAL HOSPITAL","JESUP","GA","31545","short_term_acute","88","cms_pos"
"110125","FAIRVIEW PARK HOSPITAL","DUBLIN","GA","31021","short_term_acute","190","cms_pos"
"110128","MEMORIAL HEALTH MEADOWS HOSPITAL","VIDALIA","GA","30474","short_term_acute","87","cms_pos"
"110129","ST FRANCIS HOSPITAL- EMORY HEALTHCARE","COLUMBUS","GA","31995","short_term_acute","376","cms_pos"
"110132","MEMORIAL HOSPITAL AND MANOR","BAINBRIDGE","GA","39819","short_term_acute","80","cms_pos"
"110142","EVANS MEMORIAL HOSPITAL","CLAXTON","GA","30417","short_term_acute","49","cms_pos"
"110143","WELLSTAR COBB MEDICAL CENTER","AUSTELL","GA","30106","short_term_acute","382","cms_pos"
"110146","SOUTHEAST GEORGIA HEALTH SYSTEM- CAMDEN CAMPUS","SAINT MARYS","GA","31558","short_term_acute","40","cms_pos"
"110150","NAVICENT HEALTH BALDWIN","MILLEDGEVILLE","GA","31061","short_term_acute","140","cms_pos"
"110153","HOUSTON HEALTHCARE","PERRY","GA","31069","short_term_acute","39","cms_pos"
"110161","NORTHSIDE HOSPITAL","ATLANTA","GA","30342","short_term_acute","444","cms_pos"
"110164","PIEDMONT MACON MEDICAL CENTER","MACON","GA","31217","short_term_acute","310","cms_pos"
"110165","SOUTHERN REGIONAL MEDICAL CENTER","RIVERDALE","GA","30274","short_term_acute","376","cms_pos"
"110168","ADVENTHEALTH REDMOND","ROME","GA","30165","short_term_acute","201","cms_pos"
"110177","DOCTORS HOSPITAL","AUGUSTA","GA","30909","short_term_acute","354","cms_pos"
"110184","WELLSTAR DOUGLAS MEDICAL CENTER","DOUGLASVILLE","GA","30134","short_term_acute","108","cms_pos"
"110187","CHESTATEE REGIONAL HOSPITAL","DAHLONEGA","GA","30533","short_term_acute","49","cms_pos"
"110190","FLINT RIVER COMMUNITY HOSPITAL","MONTEZUMA","GA","31063","short_term_acute","49","cms_pos"
"110191","PIEDMONT HENRY HOSPITAL","STOCKBRIDGE","GA","30281","short_term_acute","259","cms_pos"
"110192","PIEDMONT EASTSIDE MEDICAL CENTER","SNELLVILLE","GA","30078","short_term_acute","200","cms_pos"
"110194","DONALSONVILLE HOSPITAL INC","DONALSONVILLE","GA","39845","short_term_acute","65","cms_pos"
"110198","WELLSTAR NORTH FULTON MEDICAL CENTER","ROSWELL","GA","30076","short_term_acute","167","cms_pos"
"110200","PIEDMONT COLUMBUS REGIONAL NORTHSIDE","COLUMBUS","GA","31909","short_term_acute","100","cms_pos"
"110201","PIEDMONT MACON NORTH HOSPITAL","MACON","GA","31210","short_term_acute","103","cms_pos"
"110209","TURNING POINT HOSPITAL","MOULTRIE","GA","31788","short_term_acute","69","cms_pos"
"110215","PIEDMONT FAYETTE HOSPITAL","FAYETTEVILLE","GA","30214","short_term_acute","282","cms_pos"
"110225","PIEDMONT MOUNTAINSIDE HOSPITAL INC","JASPER","GA","30143","short_term_acute","35","cms_pos"
"110226","EMORY HILLANDALE HOSPITAL","LITHONIA","GA","30058","short_term_acute","84","cms_pos"
"110229","PIEDMONT NEWNAN HOSPITAL, INC","NEWNAN","GA","30265","short_term_acute","143","cms_pos"
"110230","EMORY JOHNS CREEK HOSPITAL","JOHNS CREEK","GA","30097","short_term_acute","110","cms_pos"
"110233","SOUTHEASTERN REGIONAL MEDICAL CENTER, INC","NEWNAN","GA","30265","short_term_acute","25","cms_pos"
"110234","SGMC BERRIEN CAMPUS","NASHVILLE","GA","31639","short_term_acute","63","cms_pos"
"110236","COMMONSPIRIT-MEMORIAL HOSPITAL-NORTH GEORGIA","RINGGOLD","GA","30736","short_term_acute","179","cms_pos"
"110237","NORTHEAST GEORGIA MEDICAL CENTER LUMPKIN","DAHLONEGA","GA","30533","short_term_acute","52","cms_pos"
"110252","NORTHSIDE HOSPITAL DULUTH","DULUTH","GA","30096","short_term_acute","122","cms_pos"
"110256","TAYLOR REGIONAL HOSPITAL","HAWKINSVILLE","GA","31036","short_term_acute","1","cms_pos"
"110779","IRWIN COUNTY HOSPITAL","OCILLA","GA","31774","rural_emergency","34","cms_pos"
"111302","BLECKLEY MEMORIAL HOSPITAL","COCHRAN","GA","31014","critical_access","25","cms_pos"
"111303","JASPER MEMORIAL HOSPITAL","MONTICELLO","GA","31064","critical_access","17","cms_pos"
"111304","MORGAN MEDICAL CENTER","MADISON","GA","30650","critical_access","25","cms_pos"
"111305","MILLER COUNTY HOSPITAL","COLQUITT","GA","39837","critical_access","25","cms_pos"
"111306","EFFINGHAM HEALTH SYSTEM","SPRINGFIELD","GA","31329","critical_access","25","cms_pos"
"111308","CLINCH MEMORIAL HOSPITAL","HOMERVILLE","GA","31634","critical_access","25","cms_pos"
"111310","ATRIUM HEALTH NAVICENT PEACH","BYRON","GA","31008","critical_access","25","cms_pos"
"111311","JENKINS COUNTY MEDICAL CENTER","MILLEN","GA","30442","critical_access","25","cms_pos"
"111312","OPTIM MEDICAL CENTER - SCREVEN","SYLVANIA","GA","30467","critical_access","25","cms_pos"
"111313","PUTNAM GENERAL HOSPITAL","EATONTON","GA","31024","critical_access","25","cms_pos"
"111314","LIFEBRITE COMMUNITY HOSPITAL OF EARLY","BLAKELY","GA","39823","critical_access","25","cms_pos"
"111316","WARM SPRINGS MEDICAL CENTER","WARM SPRINGS","GA","31830","critical_access","25","cms_pos"
"111318","MONROE COUNTY HOSPITAL","FORSYTH","GA","31029","critical_access","25","cms_pos"
"111319","WELLSTAR SYLVAN GROVE MEDICAL CENTER","JACKSON","GA","30233","critical_access","25","cms_pos"
"111320","HIGGINS GENERAL HOSPITAL","BREMEN","GA","30110","critical_access","25","cms_pos"
"111323","OPTIM MEDICAL CENTER - TATTNALL","REIDSVILLE","GA","30453","critical_access","25","cms_pos"
"111324","CHATUGE REGIONAL HOSPITAL","HIAWASSEE","GA","30546","critical_access","25","cms_pos"
"111325","WILLS MEMORIAL HOSPITAL","WASHINGTON","GA","30673","critical_access","25","cms_pos"
"111326","SGMC HEALTH LANIER","LAKELAND","GA","31635","critical_access","25","cms_pos"
"111327","BACON COUNTY HOSPITAL","ALMA","GA","31510","critical_access","25","cms_pos"
"111328","PHOEBE WORTH MEDICAL CENTER","SYLVESTER","GA","31791","critical_access","25","cms_pos"
"111329","ST MARY'S GOOD SAMARITAN HOSPITAL","GREENSBORO","GA","30642","critical_access","25","cms_pos"
"111330","ATRIUM HEALTH FLOYD POLK MEDICAL CENTER","CEDARTOWN","GA","30125","critical_access","25","cms_pos"
"111331","ARCHBOLD MITCHELL","CAMILLA","GA","31730","critical_access","25","cms_pos"
"111332","ARCHBOLD BROOKS","QUITMAN","GA","31643","critical_access","25","cms_pos"
"111333","JEFF DAVIS HOSPITAL","HAZLEHURST","GA","31539","critical_access","25","cms_pos"
"111334","CANDLER COUNTY HOSPITAL","METTER","GA","30439","critical_access","25","cms_pos"
"111335","LIBERTY REGIONAL MEDICAL CENTER","HINESVILLE","GA","31310","critical_access","25","cms_pos"
"111336","MOUNTAIN LAKES MEDICAL CENTER","CLAYTON","GA","30525","critical_access","25","cms_pos"
"111337","ELBERT MEMORIAL HOSPITAL","ELBERTON","GA","30635","critical_access","25","cms_pos"
"111338","BLUE RIDGE MEDICAL CENTER","BLUE RIDGE","GA","30513","critical_access","25","cms_pos"
"111339","DORMINY MEDICAL CENTER","FITZGERALD","GA","31750","critical_access","25","cms_pos"
"112000","WELLSTAR ROOSEVELT LONG TERM ACUTE CARE AT WARM SP","WARM SPRINGS","GA","31830","long_term_care","32","cms_pos"
"112003","SHEPHERD CENTER","ATLANTA","GA","30309","long_term_care","152","cms_pos"
"112004","SELECT SPECIALTY HOSPITAL - MIDTOWN ATLANTA, LLC","ATLANTA","GA","30308","long_term_care","72","cms_pos"
"112006","EMORY LONG TERM ACUTE CARE","DECATUR","GA","30030","long_term_care","76","cms_pos"
"112007","WELLSTAR WINDY HILL HOSPITAL","MARIETTA","GA","30067","long_term_care","115","cms_pos"
"112011","SELECT SPECIALTY HOSPITAL - SAVANNAH, INC","SAVANNAH","GA","31405","long_term_care","40","cms_pos"
"112012","COLUMBUS SPECIALTY HOSPITAL, INC","COLUMBUS","GA","31901","long_term_care","30","cms_pos"
"112013","SELECT SPECIALTY HOSPITAL - AUGUSTA, INC","AUGUSTA","GA","30904","long_term_care","30","cms_pos"
"112016","REGENCY HOSPITAL COMPANY OF MACON, LLC","MACON","GA","31217","long_term_care","60","cms_pos"
"112017","LANDMARK HOSPITAL OF ATHENS, LLC","ATHENS","GA","30606","long_term_care","42","cms_pos"
"112019","SOUTH GEORGIA SPECIALTY HOSPITAL","ALBANY","GA","31701","long_term_care","24","cms_pos"
"113028","WELLSTAR ROOSEVELT REHAB CARE AT WARM SPRINGS","WARM SPRINGS","GA","31830","rehabilitation","52","cms_pos"
"113029","ATRIUM HEALTH NAVICENT REHABILITATION HOSPITAL","MACON","GA","31210","rehabilitation","58","cms_pos"
"113030","REHABILIATION HOSPITAL OF AUGUSTA","AUGUSTA","GA","30901","rehabilitation","58","cms_pos"
"113031","EMORY REHABILITATION HOSPITAL","ATLANTA","GA","30322","rehabilitation","56","cms_pos"
"113032","REHABILITATION HOSPITAL OF NEWNAN","NEWNAN","GA","30265","rehabilitation","50","cms_pos"
"113033","ENCOMPASS HEALTH REHAB HOSPITAL OF SAVANNAH","SAVANNAH","GA","31404","rehabilitation","50","cms_pos"
"113034","ENCOMPASS HEALTH REHABILITATION HOSPITAL OFCUMMING","CUMMING","GA","30041","rehabilitation","50","cms_pos"
"113035","REHABILITATION HOSPITAL OF HENRY","MCDONOUGH","GA","30253","rehabilitation","50","cms_pos"
"113036","REHABILITATION HOSPITAL OF COLUMBUS","COLUMBUS","GA","31909","rehabilitation","40","cms_pos"
"113037","REHABILITATION HOSPITAL OF ATLANTA","ATLANTA","GA","30309","rehabilitation","40","cms_pos"
"113038","REHABILITATION HOSPITAL OF ATHENS","ATHENS","GA","30606","rehabilitation","40","cms_pos"
"113039","NORTHEAST GEORGIA REHABILITATION INSTITUE, LLC","GAINESVILLE","GA","30501","rehabilitation","40","cms_pos"
"113300","ARTHUR M BLANK HOSPITAL","ATLANTA","GA","30329","childrens","295","cms_pos"
"113301","CHILDREN'S HEALTHCARE OF ATLANTA AT SCOTTISH RITE","ATLANTA","GA","30342","childrens","234","cms_pos"
"114004","SUMMITRIDGE CENTER- PSYCHIATRY & ADDICTIVE MED","LAWRENCEVILLE","GA","30046","psychiatric","96","cms_pos"
"114008","COASTAL HARBOR TREATMENT CENTER","SAVANNAH","GA","31406","psychiatric","7","cms_pos"
"114010","PEACHFORD BEHAVIORAL HEALTH SYSTEM OF ATLANTA","ATLANTA","GA","30338","psychiatric","246","cms_pos"
"114012","RIDGEVIEW INSTITUTE","SMYRNA","GA","30080","psychiatric","148","cms_pos"
"114013","WEST CENTRAL GEORGIA REGIONAL HOSPITAL","COLUMBUS","GA","31917","psychiatric","300","cms_pos"
"114016","ST SIMONS-BY-THE-SEA","SAINT SIMONS ISLAND","GA","31522","psychiatric","101","cms_pos"
"114019","GEORGIA REGIONAL HOSPITAL ATLANTA","DECATUR","GA","30034","psychiatric","347","cms_pos"
"114028","GEORGIA REGIONAL HOSP SAVANNAH","SAVANNAH","GA","31416","psychiatric","202","cms_pos"
"114029","EAST CENTRAL REGIONAL HOSPITAL","AUGUSTA","GA","30906","psychiatric","355","cms_pos"
"114032","SO CRESCENT BEH HLTH SYS - ANCHOR HOSPITAL CAMPUS","COLLEGE PARK","GA","30349","psychiatric","122","cms_pos"
"114035","RIVERWOODS BEHAVIORAL HEALTH SYSTEM","RIVERDALE","GA","30274","psychiatric","45","cms_pos"
"114036","GREENLEAF CENTER","VALDOSTA","GA","31602","psychiatric","103","cms_pos"
"114037","RIDGEVIEW INSTITUTE MONROE","MONROE","GA","30655","psychiatric","70","cms_pos"
"120001","THE QUEENS MEDICAL CENTER","HONOLULU","HI","96813","short_term_acute","585","cms_pos"
"120002","MAUI MEMORIAL MEDICAL CENTER","WAILUKU","HI","96793","short_term_acute","213","cms_pos"
"120005","HILO BENIOFF MEDICAL CENTER","HILO","HI","96720","short_term_acute","142","cms_pos"
"120006","ADVENTIST HEALTH CASTLE","KAILUA","HI","96734","short_term_acute","160","cms_pos"
"120007","KUAKINI MEDICAL CENTER","HONOLULU","HI","96817","short_term_acute","212","cms_pos"
"120011","KAISER FOUNDATION HOSPITAL","HONOLULU","HI","96819","short_term_acute","250","cms_pos"
"120014","WILCOX MEMORIAL HOSPITAL","LIHUE","HI","96766","short_term_acute","71","cms_pos"
"120019","KONA COMMUNITY HOSPITAL","KEALAKEKUA","HI","96750","short_term_acute","60","cms_pos"
"120022","STRAUB CLINIC AND HOSPITAL","HONOLULU","HI","96813","short_term_acute","159","cms_pos"
"120026","PALI MOMI MEDICAL CENTER","AIEA","HI","96701","short_term_acute","116","cms_pos"
"120028","NORTH HAWAII COMMUNITY HOSPITAL, INC","KAMUELA","HI","96743","short_term_acute","33","cms_pos"
"121300","KAUAI VETERANS MEMORIAL HOSPITAL","WAIMEA","HI","96796","critical_access","25","cms_pos"
"121301","KAU HOSPITAL","PAHALA","HI","96777","critical_access","21","cms_pos"
"121302","KOHALA HOSPITAL","KAPAAU","HI","96755","critical_access","25","cms_pos"
"121303","MOLOKAI GENERAL HOSPITAL","KAUNAKAKAI","HI","96748","critical_access","13","cms_pos"
"121304","KAHUKU MEDICAL CENTER","KAHUKU","HI","96731","critical_access","11","cms_pos"
"121305","LANAI COMMUNITY HOSPITAL","LANAI CITY","HI","96763","critical_access","4","cms_pos"
"121306","SAMUEL MAHELONA MEMORIAL HOSPITAL","KAPAA","HI","96746","critical_access","14","cms_pos"
"121307","HONOKA'A HOSPITAL AND SKILLED NURSING","HONOKAA","HI","96727","critical_access","11","cms_pos"
"121308","KULA HOSPITAL","KULA","HI","96790","critical_access","9","cms_pos"
"122001","LEAHI HOSPITAL","HONOLULU","HI","96816","long_term_care","9","cms_pos"
"123025","REHABILITATION HOSPITAL OF THE PACIFIC","HONOLULU","HI","96817","rehabilitation","100","cms_pos"
"123300","KAPIOLANI MEDICAL CENTER FOR WOMEN & CHILDREN","HONOLULU","HI","96826","childrens","243","cms_pos"
"123301","SHRINERS HOSPITALS FOR CHILDREN","HONOLULU","HI","96826","childrens","24","cms_pos"
"130002","ST LUKE'S MAGIC VALLEY RMC","TWIN FALLS","ID","83301","short_term_acute","226","cms_pos"
"130003","ST JOSEPH REGIONAL MEDICAL CENTER","LEWISTON","ID","83501","short_term_acute","145","cms_pos"
"130006","ST LUKE'S REGIONAL MEDICAL CENTER","BOISE","ID","83712","short_term_acute","544","cms_pos"
"130007","SAINT ALPHONSUS REGIONAL MEDICAL CENTER","BOISE","ID","83706","short_term_acute","365","cms_pos"
"130013","SAINT ALPHONSUS MEDICAL CENTER - NAMPA","NAMPA","ID","83687","short_term_acute","152","cms_pos"
"130014","WEST VALLEY MEDICAL CENTER","CALDWELL","ID","83605","short_term_acute","150","cms_pos"
"130018","EASTERN IDAHO REGIONAL MEDICAL CENTER","IDAHO FALLS","ID","83404","short_term_acute","330","cms_pos"
"130025","MADISON MEMORIAL HOSPITAL","REXBURG","ID","83440","short_term_acute","81","cms_pos"
"130028","PORTNEUF MEDICAL CENTER","POCATELLO","ID","83201","short_term_acute","187","cms_pos"
"130049","KOOTENAI HEALTH","COEUR D'ALENE","ID","83814","short_term_acute","321","cms_pos"
"130063","TREASURE VALLEY HOSPITAL","BOISE","ID","83704","short_term_acute","20","cms_pos"
"130065","MOUNTAIN VIEW HOSPITAL","IDAHO FALLS","ID","83404","short_term_acute","43","cms_pos"
"130066","NORTHWEST SPECIALTY HOSPITAL","POST FALLS","ID","83854","short_term_acute","34","cms_pos"
"130071","ST LUKE'S NAMPA MEDICAL CENTER","NAMPA","ID","83687","short_term_acute","87","cms_pos"
"130073","GROVE CREEK MEDICAL CENTER","BLACKFOOT","ID","83221","short_term_acute","8","cms_pos"
"130074","IDAHO FALLS COMMUNITY HOSPITAL, LLC","IDAHO FALLS","ID","83404","short_term_acute","88","cms_pos"
"130779","CASCADE MEDICAL CENTER","CASCADE","ID","83611","rural_emergency","10","cms_pos"
"131301","BOUNDARY COMMUNITY HOSPITAL","BONNERS FERRY","ID","83805","critical_access","14","cms_pos"
"131302","NORTH CANYON MEDICAL CENTER","GOODING","ID","83330","critical_access","18","cms_pos"
"131303","NELL J REDFIELD MEMORIAL HOSPITAL","MALAD","ID","83252","critical_access","11","cms_pos"
"131304","POWER COUNTY HOSPITAL DISTRICT","AMERICAN FALLS","ID","83211","critical_access","10","cms_pos"
"131305","STEELE MEMORIAL MEDICAL CENTER","SALMON","ID","83467","critical_access","18","cms_pos"
"131307","WEISER MEMORIAL HOSPITAL","WEISER","ID","83672","critical_access","25","cms_pos"
"131309","CARIBOU MEDICAL CENTER","SODA SPRINGS","ID","83276","critical_access","25","cms_pos"
"131310","ST LUKE'S JEROME","JEROME","ID","83338","critical_access","25","cms_pos"
"131311","ST LUKE'S ELMORE MEDICAL CENTER","MOUNTAIN HOME","ID","83647","critical_access","25","cms_pos"
"131312","ST LUKE'S MCCALL","MCCALL","ID","83638","critical_access","15","cms_pos"
"131313","TETON VALLEY HOSPITAL","DRIGGS","ID","83422","critical_access","13","cms_pos"
"131314","SHOSHONE MEDICAL CENTER","KELLOGG","ID","83837","critical_access","25","cms_pos"
"131315","SYRINGA GENERAL HOSPITAL","GRANGEVILLE","ID","83530","critical_access","16","cms_pos"
"131316","BEAR LAKE MEMORIAL HOSPITAL","MONTPELIER","ID","83254","critical_access","21","cms_pos"
"131317","BENEWAH COMMUNITY HOSPITAL","ST MARIES","ID","83861","critical_access","19","cms_pos"
"131318","VALOR HEALTH","EMMETT","ID","83617","critical_access","16","cms_pos"
"131319","MINIDOKA MEMORIAL HOSPITAL","RUPERT","ID","83350","critical_access","25","cms_pos"
"131320","CLEARWATER VALLEY HOSPITAL & CLINICS","OROFINO","ID","83544","critical_access","23","cms_pos"
"131321","ST MARY'S HOSPITAL","COTTONWOOD","ID","83522","critical_access","25","cms_pos"
"131322","FRANKLIN COUNTY MEDICAL CENTER","PRESTON","ID","83263","critical_access","20","cms_pos"
"131323","ST LUKE'S WOOD RIVER MEDICAL CENTER","KETCHUM","ID","83340","critical_access","25","cms_pos"
"131324","LOST RIVERS MEDICAL CENTER","ARCO","ID","83213","critical_access","14","cms_pos"
"131325","BINGHAM MEMORIAL HOSPITAL","BLACKFOOT","ID","83221","critical_access","25","cms_pos"
"131326","INTERMOUNTAIN HEALTH CASSIA REGIONAL HOSPITAL","BURLEY","ID","83318","critical_access","25","cms_pos"
"131327","GRITMAN MEDICAL CENTER","MOSCOW","ID","83843","critical_access","25","cms_pos"
"131328","BONNER GENERAL HOSPITAL","SANDPOINT","ID","83864","critical_access","48","cms_pos"
"132001","NORTHERN IDAHO ADVANCED CARE HOSPITAL","POST FALLS","ID","83854","long_term_care","40","cms_pos"
"132002","VIBRA HOSPITAL OF BOISE","BOISE","ID","83709","long_term_care","60","cms_pos"
"133027","REHABILITATION HOSPITAL OF THE NORTHWEST","POST FALLS","ID","83854","rehabilitation","30","cms_pos"
"133028","SAINT ALPHONSUS REGIONAL REHABILITATION HOSPITAL","BOISE","ID","83706","rehabilitation","40","cms_pos"
"134002","INTERMOUNTAIN HOSPITAL","BOISE","ID","83704","psychiatric","155","cms_pos"
"134009","LIFEWAYS HOSPITAL","BOISE","ID","83704","psychiatric","16","cms_pos"
"134010","STATE HOSPITAL SOUTH","BLACKFOOT","ID","83221","psychiatric","120","cms_pos"
"134017","COTTONWOOD CREEK BEHAVIORAL HOSPITAL","MERIDIAN","ID","83642","psychiatric","92","cms_pos"
"134018","STATE HOSPITAL WEST","NAMPA","ID","83687","psychiatric","16","cms_pos"
"134019","STATE HOSPITAL NORTH","OROFINO","ID","83544","psychiatric","60","cms_pos"
"140002","ALTON MEMORIAL HOSPITAL","ALTON","IL","62002","short_term_acute","222","cms_pos"
"140007","SAINT JOSEPH MEDICAL CENTER","JOLIET","IL","60435","short_term_acute","443","cms_pos"
"140008","LOYOLA GOTTLIEB MEMORIAL HOSPITAL","MELROSE PARK","IL","60160","short_term_acute","274","cms_pos"
"140010","ENDEAVOR HEALTH CLINICAL OPERATIONS","EVANSTON","IL","60201","short_term_acute","466","cms_pos"
"140011","HERRIN HOSPITAL","HERRIN","IL","62948","short_term_acute","104","cms_pos"
"140012","OSF SAINT KATHARINE MEDICAL CENTER","DIXON","IL","61021","short_term_acute","80","cms_pos"
"140013","CARLE HEALTH PROCTOR HOSPITAL","PEORIA","IL","61614","short_term_acute","305","cms_pos"
"140015","BLESSING HOSPITAL","QUINCY","IL","62301","short_term_acute","312","cms_pos"
"140018","MT SINAI HOSPITAL MEDICAL CENTER","CHICAGO","IL","60608","short_term_acute","431","cms_pos"
"140029","RUSH COPLEY MEDICAL CENTER","AURORA","IL","60504","short_term_acute","210","cms_pos"
"140030","ADVOCATE SHERMAN HOSPITAL","ELGIN","IL","60123","short_term_acute","255","cms_pos"
"140032","ST ANTHONYS MEMORIAL HOSPITAL","EFFINGHAM","IL","62401","short_term_acute","146","cms_pos"
"140034","SSM HEALTH ST MARY'S HOSPITAL -CENTRALIA","CENTRALIA","IL","62801","short_term_acute","125","cms_pos"
"140043","CGH MEDICAL CENTER","STERLING","IL","61081","short_term_acute","98","cms_pos"
"140046","GOOD SAMARITAN REGIONAL HLTH CENTER","MOUNT VERNON","IL","62864","short_term_acute","175","cms_pos"
"140048","ADVOCATE TRINITY HOSPITAL","CHICAGO","IL","60617","short_term_acute","263","cms_pos"
"140049","WEST SUBURBAN MEDICAL CENTER","OAK PARK","IL","60302","short_term_acute","287","cms_pos"
"140052","OSF SAINT ANTHONY'S HEALTH CENTER","ALTON","IL","62002","short_term_acute","296","cms_pos"
"140053","ST JOHNS HOSPITAL","SPRINGFIELD","IL","62769","short_term_acute","731","cms_pos"
"140054","MACNEAL  HOSPITAL","BERWYN","IL","60402","short_term_acute","427","cms_pos"
"140059","JERSEY COMMUNITY HOSPITAL","JERSEYVILLE","IL","62052","short_term_acute","67","cms_pos"
"140062","PALOS COMMUNITY HOSPITAL","PALOS HEIGHTS","IL","60463","short_term_acute","436","cms_pos"
"140063","RUSH OAK PARK HOSPITAL","OAK PARK","IL","60304","short_term_acute","296","cms_pos"
"140064","ST MARY MEDICAL CENTER","GALESBURG","IL","61401","short_term_acute","166","cms_pos"
"140065","UCHICAGO MEDICINE ADVENTHEALTH LA GRANGE","LA GRANGE","IL","60525","short_term_acute","223","cms_pos"
"140067","SAINT FRANCIS MEDICAL CENTER","PEORIA","IL","61637","short_term_acute","730","cms_pos"
"140068","ROSELAND COMMUNITY HOSPITAL","CHICAGO","IL","60628","short_term_acute","162","cms_pos"
"140077","TOUCHETTE REGIONAL HOSPITAL INC","CENTREVILLE","IL","62207","short_term_acute","109","cms_pos"
"140080","SAINT FRANCIS HOSPITAL-EVANSTON","EVANSTON","IL","60202","short_term_acute","427","cms_pos"
"140083","LORETTO HOSPITAL","CHICAGO","IL","60644","short_term_acute","176","cms_pos"
"140084","VISTA MEDICAL CENTER EAST","WAUKEGAN","IL","60085","short_term_acute","388","cms_pos"
"140088","THE UNIVERSITY OF CHICAGO MEDICAL CENTER","CHICAGO","IL","60637","short_term_acute","782","cms_pos"
"140089","MC DONOUGH DISTRICT HOSPITAL","MACOMB","IL","61455","short_term_acute","144","cms_pos"
"140091","THE CARLE FOUNDATION HOSPITAL","URBANA","IL","61801","short_term_acute","316","cms_pos"
"140093","OSF SACRED HEART MEDICAL CENTER","DANVILLE","IL","61832","short_term_acute","210","cms_pos"
"140095","SAINT ANTHONY HOSPITAL","CHICAGO","IL","60623","short_term_acute","176","cms_pos"
"140100","MIDWESTERN REGION MED CENTER, INC","ZION","IL","60099","short_term_acute","95","cms_pos"
"140101","MORRIS HOSPITAL & HEALTHCARE CENTERS","MORRIS","IL","60450","short_term_acute","89","cms_pos"
"140103","ST BERNARD HOSPITAL","CHICAGO","IL","60621","short_term_acute","210","cms_pos"
"140110","OSF SAINT ELIZABETH MEDICAL CENTER","PERU","IL","61354","short_term_acute","50","cms_pos"
"140113","OSF HEART OF MARY MEDICAL CENTER","URBANA","IL","61801","short_term_acute","268","cms_pos"
"140114","SWEDISH HOSPITAL","CHICAGO","IL","60625","short_term_acute","284","cms_pos"
"140115","THOREK MEMORIAL HOSPITAL","CHICAGO","IL","60613","short_term_acute","218","cms_pos"
"140116","NORTHWESTERN MEDICINE MCHENRY HOSPITAL","MCHENRY","IL","60050","short_term_acute","177","cms_pos"
"140117","RESURRECTION MEDICAL CENTER","CHICAGO","IL","60631","short_term_acute","443","cms_pos"
"140119","RUSH UNIVERSITY MEDICAL CENTER","CHICAGO","IL","60612","short_term_acute","727","cms_pos"
"140120","CARLE HEALTH PEKIN HOSPITAL","PEKIN","IL","61554","short_term_acute","132","cms_pos"
"140122","UCHICAGO MEDICINE ADVENTHEALTH HINSDALE","HINSDALE","IL","60521","short_term_acute","261","cms_pos"
"140124","JOHN H STROGER JR HOSPITAL","CHICAGO","IL","60612","short_term_acute","918","cms_pos"
"140125","GATEWAY REGIONAL MEDICAL CENTER","GRANITE CITY","IL","62040","short_term_acute","406","cms_pos"
"140127","CARLE BROMENN MEDICAL CENTER","NORMAL","IL","61761","short_term_acute","176","cms_pos"
"140130","NORTHWESTERN LAKE FOREST HOSPITAL","LAKE FOREST","IL","60045","short_term_acute","222","cms_pos"
"140133","HOLY CROSS HOSPITAL","CHICAGO","IL","60629","short_term_acute","311","cms_pos"
"140135","DECATUR MEMORIAL HOSPITAL","DECATUR","IL","62526","short_term_acute","372","cms_pos"
"140137","HSHS HOLY FAMILY HOSPITAL","GREENVILLE","IL","62246","short_term_acute","60","cms_pos"
"140145","ST JOSEPHS HOSPITAL","BREESE","IL","62230","short_term_acute","96","cms_pos"
"140148","MEMORIAL MEDICAL CENTER","SPRINGFIELD","IL","62702","short_term_acute","562","cms_pos"
"140150","UNIVERSITY OF ILLINOIS HOSPITAL AND CLINICS","CHICAGO","IL","60612","short_term_acute","507","cms_pos"
"140155","ST. MARY'S HOSPITAL-KANKAKEE","KANKAKEE","IL","60901","short_term_acute","182","cms_pos"
"140158","INSIGHT HOSPITAL AND MEDICAL CENTER CHICAGO","CHICAGO","IL","60616","short_term_acute","494","cms_pos"
"140160","MERCYHEALTH FHN HOSPITAL","FREEPORT","IL","61032","short_term_acute","203","cms_pos"
"140161","SAINT JAMES HOSPITAL","PONTIAC","IL","61764","short_term_acute","81","cms_pos"
"140162","ST JOSEPH MEDICAL CENTER","BLOOMINGTON","IL","61701","short_term_acute","180","cms_pos"
"140164","MEMORIAL HOSPITAL OF CARBONDALE","CARBONDALE","IL","62901","short_term_acute","140","cms_pos"
"140166","ST MARYS HOSPITAL","DECATUR","IL","62521","short_term_acute","355","cms_pos"
"140172","OLYMPIA FIELDS HOSPITAL","OLYMPIA FIELDS","IL","60461","short_term_acute","300","cms_pos"
"140174","MERCY MEDICAL CENTER","AURORA","IL","60506","short_term_acute","315","cms_pos"
"140177","JACKSON PARK HOSPITAL","CHICAGO","IL","60649","short_term_acute","336","cms_pos"
"140179","OSF LITTLE COMPANY OF MARY MEDICAL CENTER","EVERGREEN PARK","IL","60805","short_term_acute","298","cms_pos"
"140180","SAINT MARY OF NAZARETH HOSPITAL","CHICAGO","IL","60622","short_term_acute","493","cms_pos"
"140181","SOUTH SHORE HOSPITAL","CHICAGO","IL","60617","short_term_acute","137","cms_pos"
"140182","ADVOCATE ILLINOIS MASONIC MEDICAL CENTER","CHICAGO","IL","60657","short_term_acute","997","cms_pos"
"140184","DEACONESS ILLINOIS MEDICAL CENTER","MARION","IL","62959","short_term_acute","92","cms_pos"
"140185","MEMORIAL HOSPITAL","BELLEVILLE","IL","62226","short_term_acute","341","cms_pos"
"140186","RIVERSIDE MEDICAL CENTER","KANKAKEE","IL","60901","short_term_acute","341","cms_pos"
"140187","HSHS ST ELIZABETH'S HOSPITAL","O FALLON","IL","62269","short_term_acute","260","cms_pos"
"140189","SARAH BUSH LINCOLN HEALTH CENTER","MATTOON","IL","61938","short_term_acute","203","cms_pos"
"140191","INGALLS MEMORIAL HOSPITAL","HARVEY","IL","60426","short_term_acute","582","cms_pos"
"140197","METHODIST HOSPITAL OF CHICAGO","CHICAGO","IL","60640","short_term_acute","245","cms_pos"
"140200","ELMHURST MEMORIAL HOSPITAL","ELMHURST","IL","60126","short_term_acute","247","cms_pos"
"140202","ADVOCATE CONDELL MEDICAL CENTER","LIBERTYVILLE","IL","60048","short_term_acute","284","cms_pos"
"140206","HUMBOLDT PARK HEALTH","CHICAGO","IL","60622","short_term_acute","270","cms_pos"
"140208","ADVOCATE CHRIST HOSPITAL & MEDICAL CENTER","OAK LAWN","IL","60453","short_term_acute","695","cms_pos"
"140209","CARLE HEALTH METHODIST HOSPITAL","PEORIA","IL","61636","short_term_acute","485","cms_pos"
"140210","HARRISBURG MEDICAL CENTER","HARRISBURG","IL","62946","short_term_acute","78","cms_pos"
"140211","NORTHWESTERN MEDICINE DELNOR COMMUNITY HOSPITAL","GENEVA","IL","60134","short_term_acute","118","cms_pos"
"140213","SILVER CROSS HOSPITAL  AND MEDICAL CENTERS","NEW LENOX","IL","60451","short_term_acute","304","cms_pos"
"140217","SAINT JOSEPH HOSPITAL-ELGIN","ELGIN","IL","60123","short_term_acute","277","cms_pos"
"140223","ADVOCATE LUTHERAN GENERAL HOSPITAL","PARK RIDGE","IL","60068","short_term_acute","638","cms_pos"
"140224","PRESENCE SAINT JOSEPH HOSPITAL - CHICAGO","CHICAGO","IL","60657","short_term_acute","402","cms_pos"
"140228","UW HEALTH","ROCKFORD","IL","61104","short_term_acute","397","cms_pos"
"140231","EDWARD HOSPITAL","NAPERVILLE","IL","60540","short_term_acute","159","cms_pos"
"140233","SAINT ANTHONY MEDICAL CENTER","ROCKFORD","IL","61108","short_term_acute","254","cms_pos"
"140239","JAVON BEA HOSPITAL","ROCKFORD","IL","61114","short_term_acute","431","cms_pos"
"140242","NORTHWESTERN MEDICINE CENTRAL DUPAGE HOSPITAL","WINFIELD","IL","60190","short_term_acute","361","cms_pos"
"140251","COMMUNITY FIRST MEDICAL CENTER","CHICAGO","IL","60634","short_term_acute","299","cms_pos"
"140252","NORTHWEST COMMUNITY HOSPITAL 1","ARLINGTON HEIGHTS","IL","60005","short_term_acute","563","cms_pos"
"140258","ALEXIAN BROTHERS MEDICAL CENTER 1","ELK GROVE VILLAGE","IL","60007","short_term_acute","483","cms_pos"
"140275","MERCYONE GENESIS SILVIS MEDICAL CENTER","SILVIS","IL","61282","short_term_acute","149","cms_pos"
"140276","LOYOLA UNIVERSITY MEDICAL CENTER","MAYWOOD","IL","60153","short_term_acute","507","cms_pos"
"140280","TRINITY ROCK ISLAND","ROCK ISLAND","IL","61201","short_term_acute","314","cms_pos"
"140281","NORTHWESTERN MEMORIAL HOSPITAL","CHICAGO","IL","60611","short_term_acute","894","cms_pos"
"140286","NORTHWESTERN MEDICINE KISHWAUKEE HOSPITAL","DEKALB","IL","60115","short_term_acute","98","cms_pos"
"140288","ADVOCATE GOOD SAMARITAN HOSPITAL","DOWNERS GROVE","IL","60515","short_term_acute","366","cms_pos"
"140289","ANDERSON HOSPITAL","MARYVILLE","IL","62062","short_term_acute","151","cms_pos"
"140290","ST ALEXIUS MEDICAL CENTER","HOFFMAN ESTATES","IL","60169","short_term_acute","342","cms_pos"
"140291","ADVOCATE GOOD SHEPHERD HOSPITAL","BARRINGTON","IL","60010","short_term_acute","176","cms_pos"
"140292","UCHICAGO MEDICINE ADVENTHEALTH GLENOAKS","GLENDALE HEIGHTS","IL","60139","short_term_acute","186","cms_pos"
"140294","DEACONESS ILLINOIS CROSSROADS","MOUNT VERNON","IL","62864","short_term_acute","56","cms_pos"
"140300","PROVIDENT HOSPITAL OF CHICAGO","CHICAGO","IL","60615","short_term_acute","222","cms_pos"
"140304","UCHICAGO MEDICINE ADVENTHEALTH BOLINGBROOK","BOLINGBROOK","IL","60440","short_term_acute","138","cms_pos"
"140308","MERCYHEALTH HOSPITAL & PHYSICIAN CLINIC-CRYSTAL LA","CRYSTAL LAKE","IL","60014","short_term_acute","13","cms_pos"
"141300","THOMAS H BOYD MEMORIAL HOSPITAL","CARROLLTON","IL","62016","critical_access","25","cms_pos"
"141301","KIRBY MEDICAL CENTER","MONTICELLO","IL","61856","critical_access","16","cms_pos"
"141302","MIDWEST MEDICAL CENTER","GALENA","IL","61036","critical_access","19","cms_pos"
"141303","WARNER HOSPITAL AND HEALTH SERVICES","CLINTON","IL","61727","critical_access","25","cms_pos"
"141304","MERCYONE GENESIS","ALEDO","IL","61231","critical_access","22","cms_pos"
"141305","MEMORIAL HOSPITAL","CARTHAGE","IL","62321","critical_access","48","cms_pos"
"141306","COMMUNITY HOSPITAL OF STAUNTON","STAUNTON","IL","62088","critical_access","25","cms_pos"
"141307","PINCKNEYVILLE COMMUNITY HOSPITAL","PINCKNEYVILLE","IL","62274","critical_access","17","cms_pos"
"141308","WASHINGTON COUNTY HOSPITAL","NASHVILLE","IL","62263","critical_access","15","cms_pos"
"141309","CARLE EUREKA HOSPITAL","EUREKA","IL","61530","critical_access","18","cms_pos"
"141310","OSF SAINT PAUL MEDICAL CENTER","MENDOTA","IL","61342","critical_access","25","cms_pos"
"141311","FAIRFIELD MEMORIAL HOSPITAL 1","FAIRFIELD","IL","62837","critical_access","15","cms_pos"
"141312","ROCHELLE COMMUNITY HOSPITAL","ROCHELLE","IL","61068","critical_access","25","cms_pos"
"141313","MASON DISTRICT HOSPITAL","HAVANA","IL","62644","critical_access","25","cms_pos"
"141315","ILLINI COMMUNITY HOSPITAL","PITTSFIELD","IL","62363","critical_access","25","cms_pos"
"141316","HOOPESTON COMMUNITY MEMORIAL HOSPITAL","HOOPESTON","IL","60942","critical_access","23","cms_pos"
"141317","GIBSON COMMUNITY HOSPITAL","GIBSON CITY","IL","60936","critical_access","25","cms_pos"
"141318","OSF HOLY FAMILY MEDICAL CENTER","MONMOUTH","IL","61462","critical_access","23","cms_pos"
"141319","HAMMOND HENRY HOSPITAL","GENESEO","IL","61254","critical_access","25","cms_pos"
"141320","PARIS COMMUNITY HOSPITAL","PARIS","IL","61944","critical_access","25","cms_pos"
"141321","FRANKLIN HOSPITAL","BENTON","IL","62812","critical_access","16","cms_pos"
"141322","ABRAHAM LINCOLN MEMORIAL HOSPITAL","LINCOLN","IL","62656","critical_access","15","cms_pos"
"141323","MASSAC MEMORIAL HOSPITAL","METROPOLIS","IL","62960","critical_access","25","cms_pos"
"141324","FERRELL HOSPITAL COMMUNITY FOUNDATIONS","ELDORADO","IL","62930","critical_access","25","cms_pos"
"141325","OSF SAINT LUKE MEDICAL CENTER","KEWANEE","IL","61443","critical_access","25","cms_pos"
"141326","HAMILTON MEMORIAL HOSPITAL","MCLEANSBORO","IL","62859","critical_access","25","cms_pos"
"141327","WABASH GENERAL HOSPITAL 1","MOUNT CARMEL","IL","62863","critical_access","25","cms_pos"
"141328","HARDIN COUNTY GENERAL HOSPITAL","ROSICLARE","IL","62982","critical_access","25","cms_pos"
"141329","MORRISON COMMUNITY HOSPITAL","MORRISON","IL","61270","critical_access","25","cms_pos"
"141330","HOPEDALE HOSPITAL","HOPEDALE","IL","61747","critical_access","25","cms_pos"
"141331","MARSHALL BROWNING HOSPITAL","DU QUOIN","IL","62832","critical_access","25","cms_pos"
"141332","HILLSBORO AREA HOSPITAL","HILLSBORO","IL","62049","critical_access","25","cms_pos"
"141333","SARAH D CULBERTSON MEMORIAL HOSPITAL","RUSHVILLE","IL","62681","critical_access","22","cms_pos"
"141334","ST JOSEPH MEMORIAL HOSPITAL","MURPHYSBORO","IL","62966","critical_access","25","cms_pos"
"141335","MERCY HARVARD HOSPITAL","HARVARD","IL","60033","critical_access","25","cms_pos"
"141336","ST JOSEPH'S HOSPITAL","HIGHLAND","IL","62249","critical_access","25","cms_pos"
"141337","OSF SAINT CLARE MEDICAL CENTER","PRINCETON","IL","61356","critical_access","25","cms_pos"
"141338","MEMORIAL HOSPITAL","CHESTER","IL","62233","critical_access","61","cms_pos"
"141339","TAYLORVILLE MEMORIAL HOSPITAL","TAYLORVILLE","IL","62568","critical_access","25","cms_pos"
"141340","NORTHWESTERN MEDICINE VALLEY WEST HOSPITAL","SANDWICH","IL","60548","critical_access","25","cms_pos"
"141341","PANA COMMUNITY HOSPITAL","PANA","IL","62557","critical_access","25","cms_pos"
"141342","DEACONESS ILLINOIS UNION COUNTY","ANNA","IL","62906","critical_access","25","cms_pos"
"141343","CRAWFORD MEMORIAL HOSPITAL","ROBINSON","IL","62454","critical_access","25","cms_pos"
"141344","LAWRENCE COUNTY MEMORIAL HOSPITAL","LAWRENCEVILLE","IL","62439","critical_access","25","cms_pos"
"141345","SALEM TOWNSHIP HOSPITAL","SALEM","IL","62881","critical_access","25","cms_pos"
"141346","SARAH BUSH LINCOLN FAYETTE COUNTY HOSPITAL","VANDALIA","IL","62471","critical_access","25","cms_pos"
"141347","CARLINVILLE AREA HOSPITAL","CARLINVILLE","IL","62626","critical_access","25","cms_pos"
"141348","RED BUD REGIONAL HOSPITAL","RED BUD","IL","62278","critical_access","25","cms_pos"
"141349","SPARTA COMMUNITY HOSPITAL","SPARTA","IL","62286","critical_access","25","cms_pos"
"141350","ST FRANCIS HOSPITAL","LITCHFIELD","IL","62056","critical_access","25","cms_pos"
"141351","CLAY COUNTY HOSPITAL","FLORA","IL","62839","critical_access","18","cms_pos"
"141352","JACKSONVILLE MEMORIAL HOSPITAL","JACKSONVILLE","IL","62650","critical_access","25","cms_pos"
"141353","IROQUOIS MEMORIAL HOSPITAL","WATSEKA","IL","60970","critical_access","25","cms_pos"
"141354","HSHS GOOD SHEPHERD HOSPITAL INC","SHELBYVILLE","IL","62565","critical_access","30","cms_pos"
"141355","CARLE RICHLAND MEMORIAL HOSPITAL","OLNEY","IL","62450","critical_access","151","cms_pos"
"141356","GRAHAM HOSPITAL ASSOCIATION","CANTON","IL","61520","critical_access","144","cms_pos"
"142008","KINDRED HOSPITAL - CHICAGO","NORTHLAKE","IL","60164","long_term_care","258","cms_pos"
"142010","RML HEALTH PROVIDERS LIMITED PARTNERSHIP","HINSDALE","IL","60521","long_term_care","189","cms_pos"
"142011","HOLY FAMILY MEDICAL CENTER","DES PLAINES","IL","60016","long_term_care","238","cms_pos"
"142013","OSF HEALTHCARE DIVINE MERCY CONTINUING CARE HOSP","PEORIA","IL","61605","long_term_care","50","cms_pos"
"142015","RUSH SPECIALTY HOSPITAL, LLC","CHICAGO","IL","60607","long_term_care","100","cms_pos"
"143025","SCHWAB REHABILITATION HOSPITAL","CHICAGO","IL","60608","rehabilitation","125","cms_pos"
"143026","SHIRLEY RYAN ABILITYLAB","CHICAGO","IL","60611","rehabilitation","242","cms_pos"
"143027","MARIANJOY REHABILITATION CENTER","WHEATON","IL","60187","rehabilitation","113","cms_pos"
"143028","VAN MATRE ENCOMPASS HEALTH REHABILITATION INSTITUT","ROCKFORD","IL","61108","rehabilitation","65","cms_pos"
"143029","ANDERSON REHABILITATION INSTITUTE","EDWARDSVILLE","IL","62025","rehabilitation","34","cms_pos"
"143030","THE REHABILITATION INSTITUTE OF SOUTHERN ILLINOIS","SHILOH","IL","62269","rehabilitation","40","cms_pos"
"143031","ENCOMPASS HEALTH REHAB INSTITUTE OF LIBERTYVILLE","LIBERTYVILLE","IL","60048","rehabilitation","60","cms_pos"
"143032","THE QUAD CITIES REHABILITATION INSTITUTE","MOLINE","IL","61265","rehabilitation","40","cms_pos"
"143300","ANN & ROBERT H LURIE CHILDRENS HOSPITAL OF CHICAGO","CHICAGO","IL","60611","childrens","262","cms_pos"
"143301","LARABIDA CHILDRENS HOSPITAL I","CHICAGO","IL","60649","childrens","77","cms_pos"
"143302","SHRINERS HOSPITAL FOR CHILDREN","CHICAGO","IL","60707","childrens","60","cms_pos"
"144009","RIVEREDGE HOSPITAL","FOREST PARK","IL","60130","psychiatric","210","cms_pos"
"144010","CHICAGO-READ MENTAL HEALTH CENTER","CHICAGO","IL","60634","psychiatric","130","cms_pos"
"144016","ALTON MENTAL HEALTH CENTER","ALTON","IL","62002","psychiatric","24","cms_pos"
"144021","ANDREW MCFARLAND MENTAL HLTH CTR","SPRINGFIELD","IL","62703","psychiatric","146","cms_pos"
"144026","HARTGROVE HOSPITAL","CHICAGO","IL","60644","psychiatric","160","cms_pos"
"144028","JOHN J MADDEN MENTAL HEALTH CENTER","HINES","IL","60141","psychiatric","269","cms_pos"
"144029","PAVILION FOUNDATION, THE","CHAMPAIGN","IL","61820","psychiatric","72","cms_pos"
"144031","ALEXIAN BROTHERS BEHAVIORAL HLTH HOSP","HOFFMAN ESTATES","IL","60169","psychiatric","136","cms_pos"
"144034","BHC STREAMWOOD HOSPITAL INC","STREAMWOOD","IL","60107","psychiatric","178","cms_pos"
"144035","LINDEN OAKS HOSPITAL","NAPERVILLE","IL","60540","psychiatric","108","cms_pos"
"144037","ELGIN MENTAL HEALTH CENTER","ELGIN","IL","60123","psychiatric","582","cms_pos"
"144038","CHOATE MENTAL HEALTH & DEVELOPMENT CTR","ANNA","IL","62906","psychiatric","113","cms_pos"
"144039","GARFIELD PARK HOSPITAL","CHICAGO","IL","60624","psychiatric","88","cms_pos"
"144040","CHICAGO BEHAVIORAL HOSPITAL","DES PLAINES","IL","60016","psychiatric","125","cms_pos"
"144041","SILVER OAKS BEHAVIORAL HOSPITAL","NEW LENOX","IL","60451","psychiatric","100","cms_pos"
"144042","LAKE BEHAVIORAL HOSPITAL","WAUKEGAN","IL","60085","psychiatric","386","cms_pos"
"144043","MONTROSE BEHAVIORAL HEALTH HOSPITAL","CHICAGO","IL","60640","psychiatric","60","cms_pos"
"150001","JOHNSON MEMORIAL HOSPITAL","FRANKLIN","IN","46131","short_term_acute","125","cms_pos"
"150002","METHODIST HOSPITALS INC","GARY","IN","46402","short_term_acute","536","cms_pos"
"150005","HENDRICKS REGIONAL HEALTH","DANVILLE","IN","46122","short_term_acute","160","cms_pos"
"150006","NORTHWEST HEALTH-LA PORTE","LA PORTE","IN","46350","short_term_acute","227","cms_pos"
"150007","COMMUNITY HOWARD REGIONAL HEALTH INC","KOKOMO","IN","46902","short_term_acute","162","cms_pos"
"150008","ST CATHERINE HOSPITAL INC","EAST CHICAGO","IN","46312","short_term_acute","189","cms_pos"
"150009","NORTON CLARK HOSPITAL","JEFFERSONVILLE","IN","47130","short_term_acute","241","cms_pos"
"150010","ASCENSION ST VINCENT KOKOMO","KOKOMO","IN","46904","short_term_acute","167","cms_pos"
"150011","MARION GENERAL HOSPITAL","MARION","IN","46952","short_term_acute","99","cms_pos"
"150012","SAINT JOSEPH REGIONAL MEDICAL CENTER","MISHAWAKA","IN","46545","short_term_acute","301","cms_pos"
"150015","FRANCISCAN HEALTH MICHIGAN CITY","MICHIGAN CITY","IN","46360","short_term_acute","310","cms_pos"
"150017","LUTHERAN HOSPITAL OF INDIANA","FORT WAYNE","IN","46804","short_term_acute","396","cms_pos"
"150018","ELKHART GENERAL HOSPITAL","ELKHART","IN","46514","short_term_acute","297","cms_pos"
"150021","PARKVIEW REGIONAL MEDICAL CENTER","FORT WAYNE","IN","46845","short_term_acute","600","cms_pos"
"150022","FRANCISCAN HEALTH CRAWFORDSVILLE","CRAWFORDSVILLE","IN","47933","short_term_acute","103","cms_pos"
"150023","UNION HOSPITAL INC","TERRE HAUTE","IN","47804","short_term_acute","318","cms_pos"
"150024","ESKENAZI HEALTH","INDIANAPOLIS","IN","46202","short_term_acute","343","cms_pos"
"150026","GOSHEN HOSPITAL","GOSHEN","IN","46526","short_term_acute","123","cms_pos"
"150030","HENRY COUNTY MEMORIAL HOSPITAL","NEW CASTLE","IN","47362","short_term_acute","90","cms_pos"
"150034","ST MARY MEDICAL CENTER INC","HOBART","IN","46342","short_term_acute","176","cms_pos"
"150035","NORTHWEST HEALTH- PORTER","VALPARAISO","IN","46383","short_term_acute","301","cms_pos"
"150037","HANCOCK REGIONAL HOSPITAL","GREENFIELD","IN","46140","short_term_acute","69","cms_pos"
"150042","GOOD SAMARITAN HOSPITAL","VINCENNES","IN","47591","short_term_acute","165","cms_pos"
"150044","BAPTIST HEALTH FLOYD","NEW ALBANY","IN","47150","short_term_acute","225","cms_pos"
"150045","PARKVIEW DEKALB HOSPITAL","AUBURN","IN","46706","short_term_acute","45","cms_pos"
"150046","TERRE HAUTE REGIONAL HOSPITAL","TERRE HAUTE","IN","47802","short_term_acute","278","cms_pos"
"150047","LUTHERAN DOWNTOWN HOSPITAL","FORT WAYNE","IN","46802","short_term_acute","191","cms_pos"
"150048","REID HEALTH","RICHMOND","IN","47374","short_term_acute","223","cms_pos"
"150051","IU HEALTH BLOOMINGTON HOSPITAL","BLOOMINGTON","IN","47408","short_term_acute","297","cms_pos"
"150056","INDIANA UNIVERSITY HEALTH","INDIANAPOLIS","IN","46202","short_term_acute","1733","cms_pos"
"150057","FRANCISCAN HEALTH MOORESVILLE","MOORESVILLE","IN","46158","short_term_acute","82","cms_pos"
"150058","MEMORIAL HOSPITAL OF SOUTH BEND","SOUTH BEND","IN","46601","short_term_acute","463","cms_pos"
"150059","RIVERVIEW HEALTH","NOBLESVILLE","IN","46060","short_term_acute","162","cms_pos"
"150061","DAVIESS COMMUNITY HOSPITAL","WASHINGTON","IN","47501","short_term_acute","80","cms_pos"
"150065","SCHNECK MEDICAL CENTER","SEYMOUR","IN","47274","short_term_acute","93","cms_pos"
"150069","NORTON-KING'S DAUGHTERS' HEALTH","MADISON","IN","47250","short_term_acute","86","cms_pos"
"150072","PARKVIEW LOGANSPORT HOSPITAL, INC","LOGANSPORT","IN","46947","short_term_acute","83","cms_pos"
"150074","COMMUNITY HOSPITAL EAST","INDIANAPOLIS","IN","46219","short_term_acute","263","cms_pos"
"150075","BLUFFTON REGIONAL MEDICAL CENTER","BLUFFTON","IN","46714","short_term_acute","79","cms_pos"
"150076","SAINT JOSEPH REGIONAL MEDICAL CENTER - PLYMOUTH","PLYMOUTH","IN","46563","short_term_acute","58","cms_pos"
"150082","DEACONESS HOSPITAL INC","EVANSVILLE","IN","47710","short_term_acute","558","cms_pos"
"150084","ASCENSION ST VINCENT HOSPITAL","INDIANAPOLIS","IN","46260","short_term_acute","779","cms_pos"
"150086","ST ELIZABETH DEARBORN HOSPITAL","LAWRENCEBURG","IN","47025","short_term_acute","78","cms_pos"
"150088","ASCENSION ST VINCENT ANDERSON","ANDERSON","IN","46016","short_term_acute","195","cms_pos"
"150089","INDIANA UNIVERSITY HEALTH BALL MEMORIAL HOSPITAL","MUNCIE","IN","47303","short_term_acute","379","cms_pos"
"150090","FRANCISCAN HEALTH DYER","DYER","IN","46311","short_term_acute","198","cms_pos"
"150091","PARKVIEW HUNTINGTON HOSPITAL","HUNTINGTON","IN","46750","short_term_acute","36","cms_pos"
"150097","MAJOR HOSPITAL","SHELBYVILLE","IN","46176","short_term_acute","51","cms_pos"
"150100","ASCENSION ST VINCENT EVANSVILLE","EVANSVILLE","IN","47750","short_term_acute","414","cms_pos"
"150101","PARKVIEW WHITLEY HOSPITAL","COLUMBIA CITY","IN","46725","short_term_acute","30","cms_pos"
"150102","NORTHWEST HEALTH- STARKE","KNOX","IN","46534","short_term_acute","53","cms_pos"
"150104","WITHAM HEALTH SERVICES","LEBANON","IN","46052","short_term_acute","52","cms_pos"
"150109","FRANCISCAN HEALTH LAFAYETTE","LAFAYETTE","IN","47905","short_term_acute","186","cms_pos"
"150112","COLUMBUS REGIONAL HOSPITAL","COLUMBUS","IN","47201","short_term_acute","160","cms_pos"
"150113","COMMUNITY HOSPITAL OF ANDERSON AND MADISON COUNTY","ANDERSON","IN","46011","short_term_acute","137","cms_pos"
"150115","DEACONESS MEMORIAL MEDICAL CENTER, INC","JASPER","IN","47546","short_term_acute","123","cms_pos"
"150125","COMMUNITY HOSPITAL","MUNSTER","IN","46321","short_term_acute","437","cms_pos"
"150126","FRANCISCAN HEALTH CROWN POINT","CROWN POINT","IN","46307","short_term_acute","208","cms_pos"
"150128","COMMUNITY HOSPITAL SOUTH","INDIANAPOLIS","IN","46227","short_term_acute","127","cms_pos"
"150133","LUTHERAN KOSCIUSKO HOSPITAL","WARSAW","IN","46580","short_term_acute","72","cms_pos"
"150146","PARKVIEW NOBLE HOSPITAL","KENDALLVILLE","IN","46755","short_term_acute","31","cms_pos"
"150149","THE WOMEN'S HOSPITAL","NEWBURGH","IN","47630","short_term_acute","74","cms_pos"
"150150","DUPONT HOSPITAL LLC","FORT WAYNE","IN","46825","short_term_acute","131","cms_pos"
"150153","ASCENSION ST VINCENT HEART CENTER","CARMEL","IN","46290","short_term_acute","107","cms_pos"
"150157","ASCENSION ST VINCENT CARMEL","CARMEL","IN","46032","short_term_acute","107","cms_pos"
"150160","ORTHOINDY HOSPITAL","INDIANAPOLIS","IN","46278","short_term_acute","38","cms_pos"
"150162","FRANCISCAN HEALTH INDIANAPOLIS","INDIANAPOLIS","IN","46237","short_term_acute","423","cms_pos"
"150165","FRANCISCAN HEALTH MUNSTER","MUNSTER","IN","46321","short_term_acute","63","cms_pos"
"150166","PINNACLE HOSPITAL","CROWN POINT","IN","46307","short_term_acute","18","cms_pos"
"150167","ORTHOPAEDIC HOSPITAL AT PARKVIEW NORTH LLC","FORT WAYNE","IN","46845","short_term_acute","49","cms_pos"
"150168","THE ORTHOPAEDIC HOSPITAL OF LUTHERAN HEALTH NETWOR","FORT WAYNE","IN","46804","short_term_acute","44","cms_pos"
"150169","COMMUNITY HOSPITAL NORTH","INDIANAPOLIS","IN","46256","short_term_acute","298","cms_pos"
"150172","PHYSICIANS' MEDICAL CENTER LLC","NEW ALBANY","IN","47150","short_term_acute","12","cms_pos"
"150173","INDIANA UNIVERSITY HEALTH ARNETT HOSPITAL","LAFAYETTE","IN","47905","short_term_acute","191","cms_pos"
"150177","UNITY PHYSICIANS HOSPITAL","MISHAWAKA","IN","46545","short_term_acute","29","cms_pos"
"150179","COMMUNITY FAIRBANKS RECOVERY CENTER","INDIANAPOLIS","IN","46256","short_term_acute","86","cms_pos"
"150181","ASCENSION ST VINCENT FISHERS","FISHERS","IN","46037","short_term_acute","46","cms_pos"
"150183","MONROE HOSPITAL","BLOOMINGTON","IN","47403","short_term_acute","32","cms_pos"
"150195","UCHICAGO MEDICINE NORTHWEST INDIANA","CROWN POINT","IN","46307","short_term_acute","8","cms_pos"
"151300","COMMUNITY HOSPITAL OF BREMEN INC","BREMEN","IN","46506","critical_access","24","cms_pos"
"151301","ASCENSION ST VINCENT RANDOLPH","WINCHESTER","IN","47394","critical_access","25","cms_pos"
"151303","ASCENSION ST VINCENT JENNINGS","NORTH VERNON","IN","47265","critical_access","19","cms_pos"
"151304","RUSH MEMORIAL HOSPITAL","RUSHVILLE","IN","46173","critical_access","25","cms_pos"
"151305","PULASKI MEMORIAL HOSPITAL","WINAMAC","IN","46996","critical_access","25","cms_pos"
"151306","INDIANA UNIVERSITY HEALTH PAOLI HOSPITAL","PAOLI","IN","47454","critical_access","25","cms_pos"
"151307","ASCENSION ST VINCENT WILLIAMSPORT","WILLIAMSPORT","IN","47993","critical_access","16","cms_pos"
"151308","ASCENSION ST VINCENT MERCY","ELWOOD","IN","46036","critical_access","25","cms_pos"
"151309","ASCENSION ST VINCENT CLAY","BRAZIL","IN","47834","critical_access","25","cms_pos"
"151310","PARKVIEW WABASH HOSPITAL, INC","WABASH","IN","46992","critical_access","50","cms_pos"
"151311","INDIANA UNIVERSITY HEALTH TIPTON HOSPITAL INC","TIPTON","IN","46072","critical_access","25","cms_pos"
"151312","INDIANA UNIVERSITY HEALTH WHITE MEMORIAL HOSPITAL","MONTICELLO","IN","47960","critical_access","25","cms_pos"
"151313","WOODLAWN HOSPITAL","ROCHESTER","IN","46975","critical_access","25","cms_pos"
"151314","ASCENSION ST VINCENT SALEM","SALEM","IN","47167","critical_access","25","cms_pos"
"151315","CAMERON HEALTH","ANGOLA","IN","46703","critical_access","25","cms_pos"
"151316","INDIANA UNIVERSITY HEALTH FRANKFORT INC","FRANKFORT","IN","46041","critical_access","25","cms_pos"
"151317","GREENE COUNTY GENERAL HOSPITAL","LINTON","IN","47441","critical_access","25","cms_pos"
"151318","DUKES MEMORIAL HOSPITAL","PERU","IN","46970","critical_access","25","cms_pos"
"151319","DEACONESS GIBSON HOSPITAL","PRINCETON","IN","47670","critical_access","25","cms_pos"
"151320","IU HEALTH JAY","PORTLAND","IN","47371","critical_access","35","cms_pos"
"151322","PERRY COUNTY MEMORIAL HOSPITAL","TELL CITY","IN","47586","critical_access","25","cms_pos"
"151323","PARKVIEW LAGRANGE HOSPITAL","LAGRANGE","IN","46761","critical_access","25","cms_pos"
"151324","FRANCISCAN HEALTH RENSSELAER, INC","RENSSELAER","IN","47978","critical_access","46","cms_pos"
"151325","ASCENSION ST VINCENT WARRICK","BOONVILLE","IN","47601","critical_access","35","cms_pos"
"151326","UNION HOSPITAL CLINTON","CLINTON","IN","47842","critical_access","25","cms_pos"
"151327","SULLIVAN COUNTY COMMUNITY HOSPITAL","SULLIVAN","IN","47882","critical_access","25","cms_pos"
"151328","INDIANA UNIVERSITY HEALTH BEDFORD HOSPITAL","BEDFORD","IN","47421","critical_access","25","cms_pos"
"151329","MARGARET MARY HEALTH","BATESVILLE","IN","47006","critical_access","25","cms_pos"
"151330","ADAMS MEMORIAL HOSPITAL","DECATUR","IN","46733","critical_access","35","cms_pos"
"151331","HARRISON COUNTY HOSPITAL","CORYDON","IN","47112","critical_access","25","cms_pos"
"151332","DECATUR COUNTY MEMORIAL HOSPITAL","GREENSBURG","IN","47240","critical_access","25","cms_pos"
"151333","PUTNAM COUNTY HOSPITAL","GREENCASTLE","IN","46135","critical_access","25","cms_pos"
"151334","NORTON SCOTT HOSPITAL","SCOTTSBURG","IN","47170","critical_access","25","cms_pos"
"152007","KINDRED HOSPITAL INDIANAPOLIS","INDIANAPOLIS","IN","46222","long_term_care","59","cms_pos"
"152013","KINDRED HOSPITAL INDIANAPOLIS NORTH","INDIANAPOLIS","IN","46250","long_term_care","45","cms_pos"
"152014","SELECT SPECIALTY HOSPITAL-EVANSVILLE","EVANSVILLE","IN","47713","long_term_care","60","cms_pos"
"152020","ASCENSION ST VINCENT SETON SPECIALTY HOSPITAL","INDIANAPOLIS","IN","46260","long_term_care","74","cms_pos"
"152024","REGENCY HOSPITAL OF NORTHWEST INDIANA","EAST CHICAGO","IN","46312","long_term_care","61","cms_pos"
"152025","CENTRAL INDIANA  AMG SPECIALTY HOSPITAL LLC","MUNCIE","IN","47303","long_term_care","32","cms_pos"
"152028","NW INDIANA-AMG SPECIALTY HOSPITAL","CROWN POINT","IN","46307","long_term_care","40","cms_pos"
"153025","ENCOMPASS HEALTH DEACONESS REHABILITATION HOSPITAL","NEWBURGH","IN","47630","rehabilitation","103","cms_pos"
"153028","REHABILITATION HOSPITAL OF INDIANA INC","INDIANAPOLIS","IN","46254","rehabilitation","91","cms_pos"
"153030","SELECT MEDICAL REHABILITATION HOSPITAL AT LUTHERAN","FORT WAYNE","IN","46804","rehabilitation","36","cms_pos"
"153042","LAFAYETTE REGIONAL REHABILITATION HOSPITAL","LAFAYETTE","IN","47905","rehabilitation","40","cms_pos"
"153043","COMMUNITY HEALTH NETWORK REHABILITATION HOSPITAL","INDIANAPOLIS","IN","46256","rehabilitation","60","cms_pos"
"153044","COMMUNITY HEALTH NETWORK REHABILITATION HOSP SO","GREENWOOD","IN","46143","rehabilitation","44","cms_pos"
"153045","POWERS HEALTH REHABILITATION CENTER","CROWN POINT","IN","46307","rehabilitation","40","cms_pos"
"153046","PAM HEALTH REHABILITATION HOSPITAL OF GREATER INDI","CLARKSVILLE","IN","47129","rehabilitation","42","cms_pos"
"153047","REHABILITATION HOSPITAL OF NORTHERN INDIANA, LLC","MISHAWAKA","IN","46545","rehabilitation","40","cms_pos"
"153048","INDIANAPOLIS REHABILITATION HOSPITAL, LLC","CARMEL","IN","46032","rehabilitation","40","cms_pos"
"153049","BLOOMINGTON REGIONAL REHABILITATION HOSPITAL LLC","BLOOMINGTON","IN","47404","rehabilitation","40","cms_pos"
"153050","COMMUNITY REHABILITATION HOSPITAL WEST","BROWNSBURG","IN","46112","rehabilitation","40","cms_pos"
"154005","RIVER BEND HOSPITAL","WEST LAFAYETTE","IN","47906","psychiatric","16","cms_pos"
"154008","NEURODIAGNOSTIC INSTITUTE","INDIANAPOLIS","IN","46218","psychiatric","159","cms_pos"
"154009","HAMILTON CENTER INC","TERRE HAUTE","IN","47804","psychiatric","16","cms_pos"
"154011","INCOMPASS HEALTHCARE","LAWRENCEBURG","IN","47025","psychiatric","16","cms_pos"
"154014","OTIS R BOWEN CENTER FOR HUMAN SERVICES INC","PIERCETON","IN","46562","psychiatric","20","cms_pos"
"154018","RICHMOND STATE HOSPITAL","RICHMOND","IN","47374","psychiatric","312","cms_pos"
"154019","MADISON STATE HOSPITAL","MADISON","IN","47250","psychiatric","332","cms_pos"
"154020","REGIONAL MENTAL HEALTH CENTER","MERRILLVILLE","IN","46410","psychiatric","16","cms_pos"
"154021","GRANT-BLACKFORD MENTAL HEALTH, INC","MARION","IN","46952","psychiatric","16","cms_pos"
"154024","VALLE VISTA HEALTH SYSTEM","GREENWOOD","IN","46143","psychiatric","96","cms_pos"
"154031","OAKLAWN PSYCHIATRIC CENTER INC","GOSHEN","IN","46527","psychiatric","16","cms_pos"
"154041","BLOOMINGTON MEADOWS HOSPITAL","BLOOMINGTON","IN","47404","psychiatric","78","cms_pos"
"154047","MICHIANA BEHAVIORAL HEALTH CENTER","PLYMOUTH","IN","46563","psychiatric","51","cms_pos"
"154050","NORTHEASTERN CENTER","AUBURN","IN","46706","psychiatric","16","cms_pos"
"154051","WELLSTONE REGIONAL HOSPITAL","JEFFERSONVILLE","IN","47130","psychiatric","100","cms_pos"
"154052","PORTER-STARKE SERVICES INC","VALPARAISO","IN","46383","psychiatric","16","cms_pos"
"154054","HARSHA BEHAVIORAL CENTER INC","TERRE HAUTE","IN","47802","psychiatric","44","cms_pos"
"154055","BRENTWOOD SPRINGS","NEWBURGH","IN","47630","psychiatric","48","cms_pos"
"154056","EVANSVILLE STATE HOSPITAL","EVANSVILLE","IN","47714","psychiatric","168","cms_pos"
"154058","DOCTORS NEUROPSYCHIATRIC HOSPITAL","BREMEN","IN","46506","psychiatric","37","cms_pos"
"154059","SYCAMORE SPRINGS HOSPITAL LLC","LAFAYETTE","IN","47905","psychiatric","48","cms_pos"
"154060","PARK CENTER, INC","FORT WAYNE","IN","46805","psychiatric","16","cms_pos"
"154061","MEDICAL BEHAVIORAL HOSPITAL - MISHAWAKA","MISHAWAKA","IN","46545","psychiatric","30","cms_pos"
"154063","NEUROPSYCHIATRIC HOSPITAL OF INDIANAPOLIS, LLC","INDIANAPOLIS","IN","46254","psychiatric","50","cms_pos"
"154064","ASSURANCE HEALTH PSYCHIATRIC HOSPITAL","INDIANAPOLIS","IN","46214","psychiatric","23","cms_pos"
"154065","NEURO BEHAVIORAL HOSPITAL","CROWN POINT","IN","46307","psychiatric","70","cms_pos"
"154066","BRIGHTWELL BEHAVIORAL HEALTH","CLARKSVILLE","IN","47129","psychiatric","22","cms_pos"
"154067","HENDRICKS BEHAVIORAL HOSPITAL","PLAINFIELD","IN","46168","psychiatric","28","cms_pos"
"154068","MEDICAL BEHAVIORAL HOSPITAL OF INDIANAPOLIS","GREENWOOD","IN","46143","psychiatric","64","cms_pos"
"154070","MAPLE HEIGHTS BEHAVIORAL HEALTH","FORT WAYNE","IN","46818","psychiatric","120","cms_pos"
"154071","ETHAN CROSSING ADDICTION CAMPUS OF INDIANAPOLIS","INDIANAPOLIS","IN","46254","psychiatric","41","cms_pos"
"154072","MISSION BEHAVIORAL HEALTH HOSPITAL","HUNTINGBURG","IN","47542","psychiatric","16","cms_pos"
"160001","UNITYPOINT HEALTH - MARSHALLTOWN","MARSHALLTOWN","IA","50158","short_term_acute","49","cms_pos"
"160013","TRINITY MUSCATINE","MUSCATINE","IA","52761","short_term_acute","80","cms_pos"
"160016","TRINITY REGIONAL MEDICAL CENTER","FORT DODGE","IA","50501","short_term_acute","174","cms_pos"
"160028","CHI HEALTH MERCY COUNCIL BLUFFS","COUNCIL BLUFFS","IA","51503","short_term_acute","194","cms_pos"
"160029","UNIVERSITY OF IOWA HEALTH CARE MEDICAL CENTER DOWN","IOWA CITY","IA","52245","short_term_acute","234","cms_pos"
"160030","MARY GREELEY MEDICAL CENTER","AMES","IA","50010","short_term_acute","220","cms_pos"
"160032","MERCYONE NEWTON MEDICAL CENTER","NEWTON","IA","50208","short_term_acute","68","cms_pos"
"160033","MERCYONE GENESIS","DAVENPORT","IA","52803","short_term_acute","502","cms_pos"
"160040","MERCYONE CEDAR FALLS MEDICAL CENTER","CEDAR FALLS","IA","50613","short_term_acute","83","cms_pos"
"160045","ST LUKES HOSPITAL","CEDAR RAPIDS","IA","52402","short_term_acute","532","cms_pos"
"160047","METHODIST JENNIE EDMUNDSON","COUNCIL BLUFFS","IA","51503","short_term_acute","236","cms_pos"
"160057","SOUTHEAST IOWA REGIONAL MEDICAL CENTER","WEST BURLINGTON","IA","52655","short_term_acute","173","cms_pos"
"160058","UNIVERSITY OF IOWA HEALTH CARE MEDICAL CENTER","IOWA CITY","IA","52242","short_term_acute","1103","cms_pos"
"160064","MERCYONE NORTH IOWA MEDICAL CENTER","MASON CITY","IA","50401","short_term_acute","350","cms_pos"
"160067","MERCYONE WATERLOO MEDICAL CENTER","WATERLOO","IA","50702","short_term_acute","423","cms_pos"
"160069","MERCYONE DUBUQUE MEDICAL CENTER","DUBUQUE","IA","52001","short_term_acute","524","cms_pos"
"160079","MERCY MEDICAL CENTER - CEDAR RAPIDS","CEDAR RAPIDS","IA","52403","short_term_acute","347","cms_pos"
"160080","MERCYONE CLINTON MEDICAL CENTER","CLINTON","IA","52732","short_term_acute","147","cms_pos"
"160082","UNITYPOINT HEALTH - DES MOINES IOWA METHODIST MEDI","DES MOINES","IA","50309","short_term_acute","674","cms_pos"
"160083","MERCYONE DES MOINES MEDICAL CENTER","DES MOINES","IA","50314","short_term_acute","649","cms_pos"
"160089","OTTUMWA REGIONAL HEALTH CENTER","OTTUMWA","IA","52501","short_term_acute","235","cms_pos"
"160101","BROADLAWNS MEDICAL CENTER","DES MOINES","IA","50314","short_term_acute","200","cms_pos"
"160104","TRINITY BETTENDORF","BETTENDORF","IA","52722","short_term_acute","150","cms_pos"
"160110","ALLEN HOSPITAL","WATERLOO","IA","50703","short_term_acute","234","cms_pos"
"160112","SPENCER MUNICIPAL HOSPITAL","SPENCER","IA","51301","short_term_acute","93","cms_pos"
"160117","FINLEY HOSPITAL","DUBUQUE","IA","52001","short_term_acute","158","cms_pos"
"160124","LAKES REGIONAL HEALTHCARE","SPIRIT LAKE","IA","51360","short_term_acute","49","cms_pos"
"160146","ST LUKES REGIONAL MEDICAL CENTER","SIOUX CITY","IA","51104","short_term_acute","201","cms_pos"
"160147","GRINNELL REGIONAL MEDICAL CENTER","GRINNELL","IA","50112","short_term_acute","49","cms_pos"
"161301","IOWA SPECIALTY HOSPITAL - BELMOND","BELMOND","IA","50421","critical_access","25","cms_pos"
"161302","IOWA SPECIALTY HOSPITAL - CLARION","CLARION","IA","50525","critical_access","25","cms_pos"
"161303","GRUNDY COUNTY MEMORIAL HOSPITAL","GRUNDY CENTER","IA","50638","critical_access","25","cms_pos"
"161304","CHI HEALTH - MERCY CORNING","CORNING","IA","50841","critical_access","22","cms_pos"
"161305","POCAHONTAS COMMUNITY HOSPITAL","POCAHONTAS","IA","50574","critical_access","25","cms_pos"
"161306","JONES REGIONAL MEDICAL CENTER","ANAMOSA","IA","52205","critical_access","25","cms_pos"
"161307","HANCOCK COUNTY HEALTH SYSTEM","BRITT","IA","50423","critical_access","25","cms_pos"
"161308","FRANKLIN GENERAL HOSPITAL","HAMPTON","IA","50441","critical_access","77","cms_pos"
"161309","CHI HEALTH MISSOURI VALLEY","MISSOURI VALLEY","IA","51555","critical_access","25","cms_pos"
"161310","ADAIR COUNTY MEMORIAL HOSPITAL","GREENFIELD","IA","50849","critical_access","25","cms_pos"
"161311","HAWARDEN REGIONAL HEALTHCARE","HAWARDEN","IA","51023","critical_access","25","cms_pos"
"161312","GUTTENBERG MUNICIPAL HOSPITAL","GUTTENBERG","IA","52052","critical_access","25","cms_pos"
"161313","MERCYONE GENESIS DEWITT MEDICAL CENTER","DEWITT","IA","52742","critical_access","90","cms_pos"
"161314","GUTHRIE COUNTY HOSPITAL","GUTHRIE CENTER","IA","50115","critical_access","25","cms_pos"
"161315","KEOKUK COUNTY HEALTH CENTER","SIGOURNEY","IA","52591","critical_access","14","cms_pos"
"161316","GUNDERSEN PALMER LUTHERAN HOSPITAL AND CLINICS","WEST UNION","IA","52175","critical_access","25","cms_pos"
"161317","COMPASS MEMORIAL HEALTHCARE","MARENGO","IA","52301","critical_access","25","cms_pos"
"161318","VETERANS MEMORIAL HOSPITAL","WAUKON","IA","52172","critical_access","25","cms_pos"
"161319","MERCYONE ELKADER MEDICAL CENTER","ELKADER","IA","52043","critical_access","25","cms_pos"
"161320","COMMUNITY MEMORIAL HOSPITAL MEDICAL CENTER","SUMNER","IA","50674","critical_access","25","cms_pos"
"161321","AVERA MERRILL PIONEER HOSPITAL","ROCK RAPIDS","IA","51246","critical_access","25","cms_pos"
"161322","DALLAS COUNTY HOSPITAL","PERRY","IA","50220","critical_access","25","cms_pos"
"161323","MITCHELL COUNTY REGIONAL HEALTH","OSAGE","IA","50461","critical_access","25","cms_pos"
"161324","GEORGE C GRAPE COMMUNITY HOSPITAL","HAMBURG","IA","51640","critical_access","25","cms_pos"
"161325","GREENE COUNTY MEDICAL CENTER","JEFFERSON","IA","50129","critical_access","25","cms_pos"
"161326","MADISON COUNTY HEALTH CARE SYSTEM","WINTERSET","IA","50273","critical_access","25","cms_pos"
"161327","DAVIS COUNTY HOSPITAL","BLOOMFIELD","IA","52537","critical_access","25","cms_pos"
"161328","REGIONAL HEALTH SERVICES OF HOWARD COUNTY","CRESCO","IA","52136","critical_access","25","cms_pos"
"161329","JACKSON COUNTY REGIONAL HEALTH CENTER","MAQUOKETA","IA","52060","critical_access","25","cms_pos"
"161330","AUDUBON COUNTY MEMORIAL HOSPITAL","AUDUBON","IA","50025","critical_access","25","cms_pos"
"161331","MERCYONE NEW HAMPTON MEDICAL CENTER","NEW HAMPTON","IA","50659","critical_access","25","cms_pos"
"161332","MANNING REGIONAL HEALTHCARE CENTER","MANNING","IA","51455","critical_access","17","cms_pos"
"161333","STORY COUNTY HOSPITAL","NEVADA","IA","50201","critical_access","25","cms_pos"
"161334","HUMBOLDT COUNTY MEMORIAL HOSPITAL","HUMBOLDT","IA","50548","critical_access","21","cms_pos"
"161335","BUCHANAN COUNTY HEALTH CENTER","INDEPENDENCE","IA","50644","critical_access","25","cms_pos"
"161336","HEGG MEMORIAL HEALTH CENTER","ROCK VALLEY","IA","51247","critical_access","25","cms_pos"
"161337","VAN BUREN COUNTY HOSPITAL","KEOSAUQUA","IA","52565","critical_access","25","cms_pos"
"161338","MERCYONE OELWEIN MEDICAL CENTER","OELWEIN","IA","50662","critical_access","25","cms_pos"
"161339","WAVERLY HEALTH CENTER","WAVERLY","IA","50677","critical_access","25","cms_pos"
"161340","DECATUR COUNTY HOSPITAL","LEON","IA","50144","critical_access","25","cms_pos"
"161341","LUCAS COUNTY HEALTH CENTER","CHARITON","IA","50049","critical_access","25","cms_pos"
"161342","MONROE COUNTY HOSPITAL","ALBIA","IA","52531","critical_access","25","cms_pos"
"161343","REGIONAL MEDICAL CENTER","MANCHESTER","IA","52057","critical_access","25","cms_pos"
"161344","WASHINGTON COUNTY HOSPITAL AND CLINICS","WASHINGTON","IA","52353","critical_access","25","cms_pos"
"161345","OSCEOLA COMMUNITY HOSPITAL","SIBLEY","IA","51249","critical_access","25","cms_pos"
"161346","SIOUX CENTER HEALTH","SIOUX CENTER","IA","51250","critical_access","25","cms_pos"
"161347","FLOYD COUNTY MEDICAL CENTER","CHARLES CITY","IA","50616","critical_access","25","cms_pos"
"161348","CLARKE COUNTY HOSPITAL","OSCEOLA","IA","50213","critical_access","25","cms_pos"
"161349","VIRGINIA GAY HOSPITAL","VINTON","IA","52349","critical_access","83","cms_pos"
"161350","STEWART MEMORIAL COMMUNITY HOSPITAL","LAKE CITY","IA","51449","critical_access","25","cms_pos"
"161351","AVERA HOLY FAMILY HOSPITAL","ESTHERVILLE","IA","51334","critical_access","25","cms_pos"
"161352","CLARINDA REGIONAL HEALTH CENTER","CLARINDA","IA","51632","critical_access","25","cms_pos"
"161353","KOSSUTH REGIONAL HEALTH CENTER","ALGONA","IA","50511","critical_access","25","cms_pos"
"161354","HORN MEMORIAL HOSPITAL","IDA GROVE","IA","51445","critical_access","25","cms_pos"
"161355","KNOXVILLE HOSPITAL & CLINICS","KNOXVILLE","IA","50138","critical_access","25","cms_pos"
"161356","HENRY COUNTY HEALTH CENTER","MOUNT PLEASANT","IA","52641","critical_access","74","cms_pos"
"161357","PALO ALTO COUNTY HOSPITAL","EMMETSBURG","IA","50536","critical_access","25","cms_pos"
"161358","WAYNE COUNTY HOSPITAL","CORYDON","IA","50060","critical_access","25","cms_pos"
"161359","BURGESS HEALTH CENTER","ONAWA","IA","51040","critical_access","25","cms_pos"
"161360","ORANGE CITY AREA HEALTH SYSTEM","ORANGE CITY","IA","51041","critical_access","25","cms_pos"
"161361","VAN DIEST MEDICAL CENTER","WEBSTER CITY","IA","50595","critical_access","25","cms_pos"
"161362","CHEROKEE REGIONAL MEDICAL CENTER","CHEROKEE","IA","51012","critical_access","25","cms_pos"
"161363","MONTGOMERY COUNTY MEMORIAL HOSPITAL","RED OAK","IA","51566","critical_access","25","cms_pos"
"161364","JEFFERSON COUNTY HEALTH CENTER","FAIRFIELD","IA","52556","critical_access","25","cms_pos"
"161365","GREATER REGIONAL MEDICAL CENTER","CRESTON","IA","50801","critical_access","25","cms_pos"
"161366","SHENANDOAH MEDICAL CENTER","SHENANDOAH","IA","51601","critical_access","25","cms_pos"
"161367","PELLA REGIONAL HEALTH CENTER","PELLA","IA","50219","critical_access","25","cms_pos"
"161368","FLOYD VALLEY HEALTHCARE","LE MARS","IA","51031","critical_access","25","cms_pos"
"161369","CRAWFORD COUNTY MEMORIAL HOSPITAL","DENISON","IA","51442","critical_access","25","cms_pos"
"161370","LORING HOSPITAL","SAC CITY","IA","50583","critical_access","25","cms_pos"
"161371","WINNMED","DECORAH","IA","52101","critical_access","25","cms_pos"
"161372","BOONE COUNTY HOSPITAL","BOONE","IA","50036","critical_access","25","cms_pos"
"161373","RINGGOLD COUNTY HOSPITAL","MOUNT AYR","IA","50854","critical_access","25","cms_pos"
"161374","MYRTUE MEDICAL CENTER","HARLAN","IA","51537","critical_access","25","cms_pos"
"161375","BUENA VISTA REGIONAL MEDICAL CENTER","STORM LAKE","IA","50588","critical_access","35","cms_pos"
"161376","CASS COUNTY MEMORIAL HOSPITAL","ATLANTIC","IA","50022","critical_access","29","cms_pos"
"161377","MERCYONE CENTERVILLE MEDICAL CENTER","CENTERVILLE","IA","52544","critical_access","25","cms_pos"
"161378","MERCYONE DYERSVILLE MEDICAL CENTER","DYERSVILLE","IA","52040","critical_access","25","cms_pos"
"161379","MAHASKA  HEALTH PARTNERSHIP","OSKALOOSA","IA","52577","critical_access","25","cms_pos"
"161380","HANSEN FAMILY HOSPITAL","IOWA FALLS","IA","50126","critical_access","25","cms_pos"
"161381","SANFORD SHELDON MEDICAL CENTER","SHELDON","IA","51201","critical_access","25","cms_pos"
"161382","ST ANTHONY REGIONAL HOSPITAL & NURSING HOME","CARROLL","IA","51401","critical_access","25","cms_pos"
"162001","SELECT SPECIALTY HOSPITAL - QUAD CITIES","DAVENPORT","IA","52803","long_term_care","50","cms_pos"
"162003","SELECT SPECIALTY HOSPITAL - DES MOINES","DES MOINES","IA","50314","long_term_care","30","cms_pos"
"163025","MERCY REHABILITATION HOSPITAL, LLC","CLIVE","IA","50325","rehabilitation","50","cms_pos"
"163026","EASTERN IOWA REHABILITATION HOSPITAL LLC","CORALVILLE","IA","52241","rehabilitation","40","cms_pos"
"163027","IOWA HEALTH NETWORK REHABILITATION HOSPITAL","CORALVILLE","IA","52241","rehabilitation","40","cms_pos"
"164002","MENTAL HEALTH INSTITUTE","CHEROKEE","IA","51012","psychiatric","97","cms_pos"
"164003","MENTAL HEALTH INSTITUTE","INDEPENDENCE","IA","50644","psychiatric","130","cms_pos"
"164006","EAGLE VIEW BEHAVIORAL HEALTH","BETTENDORF","IA","52722","psychiatric","72","cms_pos"
"164007","CLIVE BEHAVIORAL HEALTH","CLIVE","IA","50325","psychiatric","100","cms_pos"
"170006","MERCY HOSPITAL PITTSBURG, INC","PITTSBURG","KS","66762","short_term_acute","102","cms_pos"
"170009","SAINT JOHN HOSPITAL","LEAVENWORTH","KS","66048","short_term_acute","76","cms_pos"
"170012","SALINA REGIONAL HEALTH CENTER","SALINA","KS","67401","short_term_acute","396","cms_pos"
"170013","HAYS MEDICAL CENTER","HAYS","KS","67601","short_term_acute","206","cms_pos"
"170014","ADVENTHEALTH OTTAWA","OTTAWA","KS","66067","short_term_acute","49","cms_pos"
"170016","UNIVERSITY OF KANSAS HLTH SYSTEM ST FRANCIS CAMPUS","TOPEKA","KS","66606","short_term_acute","378","cms_pos"
"170017","SUSAN B ALLEN MEMORIAL HOSPITAL","EL DORADO","KS","67042","short_term_acute","80","cms_pos"
"170020","HUTCHINSON REGIONAL MEDICAL CENTER INC","HUTCHINSON","KS","67502","short_term_acute","199","cms_pos"
"170023","ST. CATHERINE HOSPITAL - GARDEN CITY","GARDEN CITY","KS","67846","short_term_acute","100","cms_pos"
"170027","PRATT REGIONAL MEDICAL CENTER","PRATT","KS","67124","short_term_acute","35","cms_pos"
"170040","UNIVERSITY OF KANSAS HOSPITAL","KANSAS CITY","KS","66160","short_term_acute","1045","cms_pos"
"170049","UNIVERSITY OF KANSAS HEALTH SYSTEM OLATHE HOSPITAL","OLATHE","KS","66061","short_term_acute","300","cms_pos"
"170068","SOUTHWEST MEDICAL CENTER","LIBERAL","KS","67905","short_term_acute","80","cms_pos"
"170074","STORMONT VAIL HEALTH FLINT HILLS, LLC","JUNCTION CITY","KS","66441","short_term_acute","92","cms_pos"
"170086","STORMONT VAIL HOSPITAL","TOPEKA","KS","66604","short_term_acute","586","cms_pos"
"170103","NMC HEALTH","NEWTON","KS","67114","short_term_acute","99","cms_pos"
"170104","ADVENTHEALTH SHAWNEE MISSION","SHAWNEE MISSION","KS","66204","short_term_acute","504","cms_pos"
"170105","MCPHERSON HOSPITAL INC","MCPHERSON","KS","67460","short_term_acute","49","cms_pos"
"170109","THE UNIV OF KS HEALTH SYSTEM PAOLA HOSPITAL","PAOLA","KS","66071","short_term_acute","39","cms_pos"
"170120","LABETTE HEALTH","PARSONS","KS","67357","short_term_acute","109","cms_pos"
"170122","ASCENSION VIA CHRISTI HOSPITALS WICHITA, INC.","WICHITA","KS","67214","short_term_acute","1412","cms_pos"
"170123","WESLEY MEDICAL CENTER","WICHITA","KS","67214","short_term_acute","859","cms_pos"
"170137","LMH","LAWRENCE","KS","66044","short_term_acute","157","cms_pos"
"170142","ASCENSION VIA CHRISTI HOSPITAL MANHATTAN, INC","MANHATTAN","KS","66502","short_term_acute","150","cms_pos"
"170146","PROVIDENCE MEDICAL CENTER","KANSAS CITY","KS","66112","short_term_acute","400","cms_pos"
"170175","ST CATHERINE HOSPITAL - DODGE CITY","DODGE CITY","KS","67801","short_term_acute","99","cms_pos"
"170176","OVERLAND PARK REG MED CTR","OVERLAND PARK","KS","66215","short_term_acute","351","cms_pos"
"170182","MENORAH MEDICAL CENTER","OVERLAND PARK","KS","66209","short_term_acute","190","cms_pos"
"170183","KANSAS SURGERY & RECOVERY CENTER","WICHITA","KS","67226","short_term_acute","28","cms_pos"
"170185","SAINT LUKE'S SOUTH HOSPITAL","OVERLAND PARK","KS","66213","short_term_acute","202","cms_pos"
"170186","KANSAS HEART HOSPITAL","WICHITA","KS","67226","short_term_acute","54","cms_pos"
"170187","SALINA SURGICAL HOSPITAL","SALINA","KS","67401","short_term_acute","16","cms_pos"
"170188","KANSAS CITY ORTHOPAEDIC INSTITUTE","LEAWOOD","KS","66211","short_term_acute","21","cms_pos"
"170190","MANHATTAN SURGICAL HOSPITAL LLC","MANHATTAN","KS","66502","short_term_acute","13","cms_pos"
"170191","UNIVERSITY  OF KS HLTH SYSTEM GREAT BEND CAMPUS","GREAT BEND","KS","67530","short_term_acute","25","cms_pos"
"170194","ASCENTIST HOSPITAL LLC","LEAWOOD","KS","66211","short_term_acute","10","cms_pos"
"170196","KANSAS SPINE & SPECIALTY HOSPITAL, LLC","WICHITA","KS","67226","short_term_acute","35","cms_pos"
"170197","KANSAS MEDICAL CENTER LLC","ANDOVER","KS","67002","short_term_acute","58","cms_pos"
"170198","SUMMIT SURGICAL, LLC","HUTCHINSON","KS","67502","short_term_acute","10","cms_pos"
"170199","MINIMALLY INVASIVE SURGERY HOSPITAL","LENEXA","KS","66219","short_term_acute","9","cms_pos"
"170200","ASCENSION VIA CHRISTI HOSPITAL ST. TERESA, INC.","WICHITA","KS","67235","short_term_acute","68","cms_pos"
"170203","MERCY SPECIALTY HOSPITAL SOUTHEAST KANSAS","GALENA","KS","66739","short_term_acute","48","cms_pos"
"170205","MANHATTAN SPECIALISTS CENTER, LLC","MANHATTAN","KS","66503","short_term_acute","1","cms_pos"
"170208","ADVENTHEALTH SOUTH OVERLAND PARK, INC","OVERLAND PARK","KS","66223","short_term_acute","85","cms_pos"
"170779","SCK HEALTH","ARKANSAS CITY","KS","67005","rural_emergency","32","cms_pos"
"170780","MERCY HOSPITAL, INC","MOUNDRIDGE","KS","67107","rural_emergency","1","cms_pos"
"170781","RUSH COUNTY MEMORIAL HOSPITAL","LA CROSSE","KS","67548","rural_emergency","1","cms_pos"
"171300","GRISELL MEMORIAL HOSPITAL","RANSOM","KS","67572","critical_access","12","cms_pos"
"171301","ELLINWOOD DISTRICT HOSPITAL","ELLINWOOD","KS","67526","critical_access","24","cms_pos"
"171303","LANE COUNTY HOSPITAL","DIGHTON","KS","67839","critical_access","25","cms_pos"
"171304","ASHLAND HEALTH CENTER","ASHLAND","KS","67831","critical_access","25","cms_pos"
"171306","WICHITA COUNTY HEALTH CENTER","LEOTI","KS","67861","critical_access","25","cms_pos"
"171307","RAWLINS COUNTY HEALTH CENTER","ATWOOD","KS","67730","critical_access","15","cms_pos"
"171308","MERCY HOSPITAL COLUMBUS","COLUMBUS","KS","66725","critical_access","25","cms_pos"
"171309","JEWELL COUNTY HOSPITAL","MANKATO","KS","66956","critical_access","25","cms_pos"
"171310","CHEYENNE COUNTY HOSPITAL","ST FRANCIS","KS","67756","critical_access","16","cms_pos"
"171311","ROOKS COUNTY HEALTH CENTER","PLAINVILLE","KS","67663","critical_access","20","cms_pos"
"171312","COMANCHE COUNTY HOSPITAL","COLDWATER","KS","67029","critical_access","14","cms_pos"
"171313","KEARNY COUNTY HOSPITAL","LAKIN","KS","67860","critical_access","25","cms_pos"
"171314","F W HUSTON MEDICAL CENTER","WINCHESTER","KS","66097","critical_access","25","cms_pos"
"171315","NEMAHA VALLEY COMMUNITY HOSPITAL","SENECA","KS","66538","critical_access","22","cms_pos"
"171316","ANDERSON COUNTY HOSPITAL","GARNETT","KS","66032","critical_access","25","cms_pos"
"171317","EDWARDS COUNTY MEDICAL CENTER","KINSLEY","KS","67547","critical_access","12","cms_pos"
"171318","SEDAN CITY HOSPITAL","SEDAN","KS","67361","critical_access","25","cms_pos"
"171319","HOLTON COMMUNITY HOSPITAL","HOLTON","KS","66436","critical_access","12","cms_pos"
"171321","MEADE DISTRICT HOSPITAL","MEADE","KS","67864","critical_access","25","cms_pos"
"171322","HAMILTON COUNTY HOSPITAL","SYRACUSE","KS","67878","critical_access","25","cms_pos"
"171323","STAFFORD COUNTY HOSPITAL","STAFFORD","KS","67578","critical_access","25","cms_pos"
"171324","SATANTA DISTRICT HOSPITAL, CLINICS, & LTCU","SATANTA","KS","67870","critical_access","25","cms_pos"
"171325","GRAHAM COUNTY HOSPITAL","HILL CITY","KS","67642","critical_access","18","cms_pos"
"171326","LOGAN COUNTY HOSPITAL","OAKLEY","KS","67748","critical_access","25","cms_pos"
"171327","ELLSWORTH COUNTY MEDICAL CENTER","ELLSWORTH","KS","67439","critical_access","18","cms_pos"
"171328","OTTAWA COUNTY HEALTH CENTER","MINNEAPOLIS","KS","67467","critical_access","25","cms_pos"
"171329","CALDWELL REGIONAL MEDICAL CENTER","CALDWELL","KS","67022","critical_access","25","cms_pos"
"171330","HOSPITAL DISTRICT #1 OF RICE COUNTY","LYONS","KS","67554","critical_access","25","cms_pos"
"171331","KIOWA DISTRICT HOSPITAL","KIOWA","KS","67070","critical_access","24","cms_pos"
"171332","KIOWA COUNTY MEMORIAL HOSPITAL","GREENSBURG","KS","67054","critical_access","25","cms_pos"
"171333","CLARA BARTON HOSPITAL","HOISINGTON","KS","67544","critical_access","25","cms_pos"
"171334","MEDICINE LODGE MEMORIAL HOSPITAL","MEDICINE LODGE","KS","67104","critical_access","25","cms_pos"
"171335","STEVENS COUNTY HOSPITAL","HUGOTON","KS","67951","critical_access","17","cms_pos"
"171336","NESS COUNTY HOSPITAL DISTRICT #2","NESS CITY","KS","67560","critical_access","20","cms_pos"
"171337","WAMEGO HEALTH CENTER","WAMEGO","KS","66547","critical_access","25","cms_pos"
"171338","SABETHA COMMUNITY HOSPITAL","SABETHA","KS","66534","critical_access","25","cms_pos"
"171339","GREENWOOD COUNTY HOSPITAL","EUREKA","KS","67045","critical_access","25","cms_pos"
"171341","AMBERWELL HIAWATHA","HIAWATHA","KS","66434","critical_access","25","cms_pos"
"171343","STANTON COUNTY HOSPITAL","JOHNSON","KS","67855","critical_access","25","cms_pos"
"171344","WILSON MEDICAL CENTER","NEODESHA","KS","66757","critical_access","35","cms_pos"
"171345","PAWNEE VALLEY COMMUNITY HOSPITAL","LARNED","KS","67550","critical_access","25","cms_pos"
"171346","PATTERSON HEALTH CENTER","ANTHONY","KS","67003","critical_access","25","cms_pos"
"171347","SHERIDAN COUNTY HOSPITAL","HOXIE","KS","67740","critical_access","25","cms_pos"
"171348","NORTON COUNTY HOSPITAL","NORTON","KS","67654","critical_access","25","cms_pos"
"171349","NORTH CENTRAL KANSAS MEDICAL CENTER","CONCORDIA","KS","66901","critical_access","25","cms_pos"
"171350","RUSSELL REGIONAL HOSPITAL","RUSSELL","KS","67665","critical_access","25","cms_pos"
"171351","WASHINGTON COUNTY HOSPITAL","WASHINGTON","KS","66968","critical_access","25","cms_pos"
"171352","DECATUR HEALTH","OBERLIN","KS","67749","critical_access","25","cms_pos"
"171353","PHILLIPS COUNTY HEALTH SYSTEMS","PHILLIPSBURG","KS","67661","critical_access","25","cms_pos"
"171354","COMMUNITY HOSPITAL, ONAGA AND ST MARYS CAMPUS","ONAGA","KS","66521","critical_access","25","cms_pos"
"171355","TREGO COUNTY LEMKE MEMORIAL HOSPITAL","WAKEENEY","KS","67672","critical_access","25","cms_pos"
"171356","ST LUKE HOSPITAL & LIVING CENTER","MARION","KS","66861","critical_access","22","cms_pos"
"171357","HILLSBORO COMMUNITY HOSPITAL","HILLSBORO","KS","67063","critical_access","15","cms_pos"
"171358","LINDSBORG COMMUNITY HOSPITAL","LINDSBORG","KS","67456","critical_access","21","cms_pos"
"171359","GREELEY COUNTY HEALTH SERVICES","TRIBUNE","KS","67879","critical_access","18","cms_pos"
"171360","LINCOLN COUNTY HOSPITAL","LINCOLN","KS","67455","critical_access","14","cms_pos"
"171361","REPUBLIC COUNTY HOSPITAL","BELLEVILLE","KS","66935","critical_access","35","cms_pos"
"171362","CITIZENS MEDICAL CENTER","COLBY","KS","67701","critical_access","25","cms_pos"
"171363","COMMUNITY MEMORIAL HEALTHCARE, INC","MARYSVILLE","KS","66508","critical_access","25","cms_pos"
"171364","OSBORNE COUNTY MEMORIAL HOSPITAL","OSBORNE","KS","67473","critical_access","16","cms_pos"
"171365","HANOVER HOSPITAL","HANOVER","KS","66945","critical_access","25","cms_pos"
"171367","GOVE COUNTY MEDICAL CENTER","QUINTER","KS","67752","critical_access","25","cms_pos"
"171368","MINNEOLA DISTRICT HOSPITAL NBR 2","MINNEOLA","KS","67865","critical_access","25","cms_pos"
"171369","HODGEMAN COUNTY HEALTH CENTER","JETMORE","KS","67854","critical_access","16","cms_pos"
"171370","GOODLAND REGIONAL MEDICAL CENTER","GOODLAND","KS","67735","critical_access","25","cms_pos"
"171371","CLAY COUNTY MEDICAL CENTER","CLAY CENTER","KS","67432","critical_access","25","cms_pos"
"171372","SCOTT COUNTY HOSPITAL","SCOTT CITY","KS","67871","critical_access","25","cms_pos"
"171373","ALLEN COUNTY REGIONAL HOSPITAL","IOLA","KS","66749","critical_access","25","cms_pos"
"171374","FREDONIA REGIONAL HOSPITAL","FREDONIA","KS","66736","critical_access","32","cms_pos"
"171375","MITCHELL COUNTY HOSPITAL HEALTH SYSTEMS","BELOIT","KS","67420","critical_access","35","cms_pos"
"171376","GIRARD MEDICAL CENTER","GIRARD","KS","66743","critical_access","25","cms_pos"
"171377","SMITH COUNTY MEMORIAL HOSPITAL","SMITH CENTER","KS","66967","critical_access","25","cms_pos"
"171378","KINGMAN HEALTHCARE  CENTER","KINGMAN","KS","67068","critical_access","25","cms_pos"
"171379","MORRIS COUNTY HOSPITAL","COUNCIL GROVE","KS","66846","critical_access","21","cms_pos"
"171380","NEOSHO MEMORIAL REGIONAL MEDICAL CENTER","CHANUTE","KS","66720","critical_access","25","cms_pos"
"171381","MEMORIAL HOSPITAL","ABILENE","KS","67410","critical_access","25","cms_pos"
"171382","AMBERWELL ATCHISON ASSOCIATION","ATCHISON","KS","66002","critical_access","25","cms_pos"
"171383","WILLIAM NEWTON MEMORIAL HOSPITAL","WINFIELD","KS","67156","critical_access","25","cms_pos"
"171384","NEWMAN REGIONAL HEALTH","EMPORIA","KS","66801","critical_access","53","cms_pos"
"171385","COFFEY COUNTY HOSPITAL","BURLINGTON","KS","66839","critical_access","25","cms_pos"
"171386","MORTON COUNTY HOSPITAL","ELKHART","KS","67950","critical_access","25","cms_pos"
"171387","COFFEYVILLE REGIONAL MEDICAL CENTER, INC","COFFEYVILLE","KS","67337","critical_access","25","cms_pos"
"171388","BOB WILSON MEMORIAL HOSPITAL","ULYSSES","KS","67880","critical_access","25","cms_pos"
"172004","HIGHCREST HOSPITAL OF OVERLAND PARK","OVERLAND PARK","KS","66212","long_term_care","56","cms_pos"
"172005","SELECT SPECIALTY HOSPITAL OF KS CITY","KANSAS CITY","KS","66112","long_term_care","40","cms_pos"
"172007","SELECT SPECIALTY HOSPITAL WICHITA","WICHITA","KS","67214","long_term_care","48","cms_pos"
"173025","KANSAS REHABILITATION HOSPITAL, A JOINT VENTURE OF","TOPEKA","KS","66606","rehabilitation","72","cms_pos"
"173026","MIDAMERICA REHABILITATION HOSPITAL","OVERLAND PARK","KS","66211","rehabilitation","80","cms_pos"
"173028","ASCENSION VIA CHRISTI REHABILITATION HOSPITAL, INC","WICHITA","KS","67206","rehabilitation","30","cms_pos"
"173032","REHABILITATION HOSPITAL OF OVERLAND PARK","OVERLAND PARK","KS","66207","rehabilitation","45","cms_pos"
"173033","MEADOWBROOK REHABILITATION HOSPITAL","GARDNER","KS","66030","rehabilitation","54","cms_pos"
"173034","JOHNSON COUNTY REHABILITATION HOSPITAL, LLC","OVERLAND PARK","KS","66210","rehabilitation","40","cms_pos"
"173035","CLEARSKY REHABILITATION HOSPITAL OF ELWOOD ST JOS","ELWOOD","KS","66024","rehabilitation","30","cms_pos"
"173300","CHILDREN'S MERCY HOSPITAL KANSAS","OVERLAND PARK","KS","66211","childrens","34","cms_pos"
"174006","LARNED STATE HOSPITAL","LARNED","KS","67550","psychiatric","299","cms_pos"
"174016","PRAIRIE VIEW INC","NEWTON","KS","67114","psychiatric","30","cms_pos"
"174020","COTTONWOOD SPRINGS LLC","OLATHE","KS","66062","psychiatric","72","cms_pos"
"174022","ADAIR ACUTE CARE AT OSAWATOMIE STATE HOSPITAL","OSAWATOMIE","KS","66064","psychiatric","60","cms_pos"
"174025","ANEW HEALTH LLC","SHAWNEE","KS","66226","psychiatric","20","cms_pos"
"174026","CORTERRA OF WICHITA LLC","WICHITA","KS","67205","psychiatric","24","cms_pos"
"174027","ST VERONICA","BEL AIRE","KS","67226","psychiatric","20","cms_pos"
"180001","ST ELIZABETH FT THOMAS","FORT THOMAS","KY","41075","short_term_acute","178","cms_pos"
"180002","WHITESBURG ARH HOSPITAL","WHITESBURG","KY","41858","short_term_acute","90","cms_pos"
"180004","OWENSBORO HEALTH MUHLENBERG COMMUNITY HOSPITAL","GREENVILLE","KY","42345","short_term_acute","90","cms_pos"
"180005","HIGHLANDS ARH REGIONAL MEDICAL CENTER","PRESTONSBURG","KY","41653","short_term_acute","166","cms_pos"
"180009","KING'S DAUGHTERS' MEDICAL CENTER","ASHLAND","KY","41101","short_term_acute","455","cms_pos"
"180010","SAINT JOSEPH HOSPITAL","LEXINGTON","KY","40504","short_term_acute","468","cms_pos"
"180011","CHI SAINT JOSEPH LONDON","LONDON","KY","40741","short_term_acute","120","cms_pos"
"180012","BAPTIST HEALTH HARDIN","ELIZABETHTOWN","KY","42701","short_term_acute","300","cms_pos"
"180013","THE MEDICAL CENTER AT BOWLING GREEN","BOWLING GREEN","KY","42101","short_term_acute","382","cms_pos"
"180016","UOFL HEALTH - SHELBYVILLE HOSPITAL","SHELBYVILLE","KY","40065","short_term_acute","68","cms_pos"
"180017","T J SAMSON COMMUNITY HOSPITAL","GLASGOW","KY","42141","short_term_acute","180","cms_pos"
"180018","ST CLAIRE REGIONAL MEDICAL CENTER","MOREHEAD","KY","40351","short_term_acute","149","cms_pos"
"180019","MEADOWVIEW REGIONAL MEDICAL CENTER","MAYSVILLE","KY","41056","short_term_acute","111","cms_pos"
"180020","MIDDLESBORO APPALACHIAN REGIONAL HEALTHCARE HOSPIT","MIDDLESBORO","KY","40965","short_term_acute","96","cms_pos"
"180024","SPRING VIEW HOSPITAL","LEBANON","KY","40033","short_term_acute","75","cms_pos"
"180025","FLAGET MEMORIAL HOSPITAL","BARDSTOWN","KY","40004","short_term_acute","40","cms_pos"
"180027","MURRAY-CALLOWAY COUNTY HOSPITAL","MURRAY","KY","42071","short_term_acute","140","cms_pos"
"180029","HAZARD ARH REGIONAL MEDICAL CENTER","HAZARD","KY","41701","short_term_acute","308","cms_pos"
"180035","ST ELIZABETH MEDICAL CENTER NORTH","EDGEWOOD","KY","41017","short_term_acute","621","cms_pos"
"180038","OWENSBORO HEALTH REGIONAL HOSPITAL","OWENSBORO","KY","42303","short_term_acute","469","cms_pos"
"180040","UOFL HEALTH - JEWISH HOSPITAL","LOUISVILLE","KY","40202","short_term_acute","1261","cms_pos"
"180043","ADVENTHEALTH MANCHESTER","MANCHESTER","KY","40962","short_term_acute","49","cms_pos"
"180044","PIKEVILLE MEDICAL CENTER","PIKEVILLE","KY","41501","short_term_acute","340","cms_pos"
"180045","ST ELIZABETH FLORENCE","FLORENCE","KY","41042","short_term_acute","231","cms_pos"
"180046","CENTERPOINT HEALTH - PARIS","PARIS","KY","40361","short_term_acute","58","cms_pos"
"180048","EPHRAIM MCDOWELL REGIONAL MEDICAL CENTER","DANVILLE","KY","40422","short_term_acute","197","cms_pos"
"180049","BAPTIST HEALTH RICHMOND","RICHMOND","KY","40475","short_term_acute","105","cms_pos"
"180050","HARLAN ARH HOSPITAL","HARLAN","KY","40831","short_term_acute","150","cms_pos"
"180051","JENNIE STUART MEDICAL CENTER","HOPKINSVILLE","KY","42240","short_term_acute","194","cms_pos"
"180056","DEACONESS HENDERSON HOSPITAL","HENDERSON","KY","42420","short_term_acute","205","cms_pos"
"180064","CHI SAINT JOSEPH MOUNT STERLING","MOUNT STERLING","KY","40353","short_term_acute","63","cms_pos"
"180066","THE MEDICAL CENTER AT RUSSELLVILLE","RUSSELLVILLE","KY","42276","short_term_acute","92","cms_pos"
"180067","UNIVERSITY OF KENTUCKY HOSPITAL","LEXINGTON","KY","40536","short_term_acute","791","cms_pos"
"180069","TUG VALLEY ARH REGIONAL MEDICAL CENTER","SOUTH WILLIAMSON","KY","41503","short_term_acute","113","cms_pos"
"180070","OWENSBORO HEALTH TWIN LAKES MEDICAL CENTER","LEITCHFIELD","KY","42754","short_term_acute","75","cms_pos"
"180078","PAINTSVILLE ARH HOSPITAL","PAINTSVILLE","KY","41240","short_term_acute","72","cms_pos"
"180079","HARRISON MEMORIAL HOSPITAL","CYNTHIANA","KY","41031","short_term_acute","61","cms_pos"
"180080","BAPTIST HEALTH CORBIN","CORBIN","KY","40701","short_term_acute","240","cms_pos"
"180087","TAYLOR REGIONAL HOSPITAL","CAMPBELLSVILLE","KY","42718","short_term_acute","90","cms_pos"
"180088","NORTON HOSPITAL / NORTON HEALTHCARE PAVILION / NOR","LOUISVILLE","KY","40202","short_term_acute","1730","cms_pos"
"180092","CLARK REGIONAL MEDICAL CENTER","WINCHESTER","KY","40391","short_term_acute","69","cms_pos"
"180093","BAPTIST HEALTH DEACONESS MADISONVILLE","MADISONVILLE","KY","42431","short_term_acute","390","cms_pos"
"180101","CENTERPOINT HEALTH - GEORGETOWN","GEORGETOWN","KY","40324","short_term_acute","75","cms_pos"
"180102","MERCY HEALTH LOURDES HOSPITAL","PADUCAH","KY","42003","short_term_acute","359","cms_pos"
"180103","BAPTIST HEALTH LEXINGTON","LEXINGTON","KY","40503","short_term_acute","371","cms_pos"
"180104","BAPTIST HEALTH PADUCAH","PADUCAH","KY","42003","short_term_acute","349","cms_pos"
"180105","MONROE COUNTY MEDICAL CENTER","TOMPKINSVILLE","KY","42167","short_term_acute","49","cms_pos"
"180115","ROCKCASTLE REGIONAL HOSPITAL & RESPIRATORY CARE CT","MOUNT VERNON","KY","40456","short_term_acute","26","cms_pos"
"180116","JACKSON PURCHASE MEDICAL CENTER","MAYFIELD","KY","42066","short_term_acute","93","cms_pos"
"180124","TRISTAR GREENVIEW REGIONAL HOSPITAL","BOWLING GREEN","KY","42104","short_term_acute","211","cms_pos"
"180127","FRANKFORT REGIONAL MEDICAL CENTER","FRANKFORT","KY","40601","short_term_acute","173","cms_pos"
"180128","THREE RIVERS MEDICAL CENTER","LOUISA","KY","41230","short_term_acute","90","cms_pos"
"180130","BAPTIST HEALTH LOUISVILLE","LOUISVILLE","KY","40207","short_term_acute","519","cms_pos"
"180132","LAKE CUMBERLAND REGIONAL HOSPITAL","SOMERSET","KY","42503","short_term_acute","215","cms_pos"
"180138","BAPTIST HEALTH LA GRANGE","LA GRANGE","KY","40031","short_term_acute","90","cms_pos"
"180141","UNIVERSITY OF LOUISVILLE HOSPITAL","LOUISVILLE","KY","40202","short_term_acute","404","cms_pos"
"180143","CHI SAINT JOSEPH EAST","LEXINGTON","KY","40509","short_term_acute","217","cms_pos"
"180149","T J HEALTH COLUMBIA","COLUMBIA","KY","42728","short_term_acute","77","cms_pos"
"180154","PINEVILLE COMMUNITY HEALTH CENTER, INC","PINEVILLE","KY","40977","short_term_acute","120","cms_pos"
"180779","CRITTENDEN COMMUNITY HOSPITAL","MARION","KY","42064","rural_emergency","1","cms_pos"
"180780","FLEMING COUNTY HOSPITAL","FLEMINGSBURG","KY","41041","rural_emergency","1","cms_pos"
"181301","MARCUM & WALLACE MEMORIAL HOSPITAL","IRVINE","KY","40336","critical_access","25","cms_pos"
"181302","THE JAMES B HAGGIN MEMORIAL HOSPITAL","HARRODSBURG","KY","40330","critical_access","25","cms_pos"
"181304","TRIGG COUNTY HOSPITAL","CADIZ","KY","42211","critical_access","25","cms_pos"
"181305","ARH OUR LADY OF THE WAY","MARTIN","KY","41649","critical_access","25","cms_pos"
"181306","DEACONESS UNION COUNTY HOSPITAL","MORGANFIELD","KY","42437","critical_access","25","cms_pos"
"181307","MORGAN COUNTY ARH HOSPITAL","WEST LIBERTY","KY","41472","critical_access","25","cms_pos"
"181308","CENTERPOINT HEALTH - VERSAILLES","VERSAILLES","KY","40383","critical_access","25","cms_pos"
"181309","CASEY COUNTY HOSPITAL","LIBERTY","KY","42539","critical_access","24","cms_pos"
"181310","CARROLL COUNTY MEMORIAL HOSPITAL","CARROLLTON","KY","41008","critical_access","25","cms_pos"
"181311","ST ELIZABETH GRANT","WILLIAMSTOWN","KY","41097","critical_access","15","cms_pos"
"181314","THE MEDICAL CENTER AT CAVERNA","HORSE CAVE","KY","42749","critical_access","25","cms_pos"
"181315","EPHRAIM MCDOWELL FORT LOGAN HOSPITAL","STANFORD","KY","40484","critical_access","25","cms_pos"
"181316","MARY BRECKINRIDGE ARH HOSPITAL","HYDEN","KY","41749","critical_access","25","cms_pos"
"181317","CUMBERLAND COUNTY HOSPITAL","BURKESVILLE","KY","42717","critical_access","25","cms_pos"
"181318","THE MEDICAL CENTER AT FRANKLIN","FRANKLIN","KY","42135","critical_access","25","cms_pos"
"181319","BRECKINRIDGE MEMORIAL HOSPITAL","HARDINSBURG","KY","40143","critical_access","25","cms_pos"
"181320","LIVINGSTON HOSPITAL AND HEALTHCARE SERVICES, INC","SALEM","KY","42078","critical_access","25","cms_pos"
"181321","WAYNE COUNTY HOSPITAL","MONTICELLO","KY","42633","critical_access","25","cms_pos"
"181322","CALDWELL MEDICAL CENTER","PRINCETON","KY","42445","critical_access","25","cms_pos"
"181323","OHIO COUNTY HOSPITAL","HARTFORD","KY","42347","critical_access","25","cms_pos"
"181324","THE MEDICAL CENTER AT SCOTTSVILLE","SCOTTSVILLE","KY","42164","critical_access","25","cms_pos"
"181325","JANE TODD CRAWFORD HOSPITAL","GREENSBURG","KY","42743","critical_access","35","cms_pos"
"181327","MARSHALL COUNTY HOSPITAL","BENTON","KY","42025","critical_access","25","cms_pos"
"181328","BARBOURVILLE ARH HOSPITAL","BARBOURVILLE","KY","40906","critical_access","25","cms_pos"
"181329","CHI SAINT JOSEPH BEREA NF","BEREA","KY","40403","critical_access","25","cms_pos"
"181330","RUSSELL COUNTY HOSPITAL","RUSSELL SPRINGS","KY","42642","critical_access","25","cms_pos"
"181331","MCDOWELL ARH HOSPITAL","MC DOWELL","KY","41647","critical_access","25","cms_pos"
"181333","THE MEDICAL CENTER AT ALBANY","ALBANY","KY","42602","critical_access","25","cms_pos"
"181334","KENTUCKY RIVER MEDICAL CENTER","JACKSON","KY","41339","critical_access","25","cms_pos"
"182001","KINDRED HOSPITAL LOUISVILLE","LOUISVILLE","KY","40204","long_term_care","367","cms_pos"
"182002","CONTINUING CARE HOSPITAL, INC","LEXINGTON","KY","40504","long_term_care","57","cms_pos"
"182003","SELECT SPECIALTY HOSPITAL - CENTRAL KENTUCKY","DANVILLE","KY","40422","long_term_care","41","cms_pos"
"182004","SELECT SPECIALTY HOSPITAL-NORTHERN KENTUCKY","FORT THOMAS","KY","41075","long_term_care","33","cms_pos"
"182005","COMMONWEALTH REGIONAL SPECIALTY HOSPITAL","BOWLING GREEN","KY","42101","long_term_care","28","cms_pos"
"182006","CONTINUECARE HOSPITAL AT BAPTIST HEALTH CORBIN","CORBIN","KY","40701","long_term_care","32","cms_pos"
"182008","CONTINUECARE HOSPITAL AT BAPTIST HEALTH PADUCAH","PADUCAH","KY","42003","long_term_care","37","cms_pos"
"182009","CONTINUECARE HOSPITAL AT BAPTIST HLTH MADISONVILLE","MADISONVILLE","KY","42431","long_term_care","35","cms_pos"
"182010","ARH ADVANCED CARE - BIG SANDY","SOUTH WILLIAMSON","KY","41503","long_term_care","25","cms_pos"
"182011","ARH ADVANCED CARE - KY RIVER","HAZARD","KY","41701","long_term_care","25","cms_pos"
"183026","CARDINAL HILL REHABILITATION HOSPITAL","LEXINGTON","KY","40504","rehabilitation","158","cms_pos"
"183027","ENCOMPASS HEALTH REHABILITATION HOSPITAL OF NORTHE","EDGEWOOD","KY","41017","rehabilitation","51","cms_pos"
"183028","ENCOMPASS HEALTH REHABILITATION HOSPITAL OF LAKEVI","ELIZABETHTOWN","KY","42701","rehabilitation","40","cms_pos"
"183029","SMR SOUTHERN KENTUCKY, LLC DBA SOUTHERN KENTUCKY R","BOWLING GREEN","KY","42104","rehabilitation","60","cms_pos"
"183030","GATEWAY REHABILITATION HOSPITAL","FLORENCE","KY","41042","rehabilitation","40","cms_pos"
"183032","UOFLHEALTH,FRAZIERREHABILITATIONHOSPITAL-BROWNSBOR","LOUISVILLE","KY","40241","rehabilitation","40","cms_pos"
"183033","BAPTIST HEALTH REHABILITATION HOSPITAL","LOUISVILLE","KY","40299","rehabilitation","40","cms_pos"
"184002","WESTERN STATE HOSPITAL","HOPKINSVILLE","KY","42240","psychiatric","495","cms_pos"
"184004","EASTERN STATE HOSPITAL","LEXINGTON","KY","40511","psychiatric","323","cms_pos"
"184006","SUN BEHAVIORAL HEALTH","ERLANGER","KY","41018","psychiatric","197","cms_pos"
"184007","THE BROOK HOSPITAL - DUPONT","LOUISVILLE","KY","40207","psychiatric","94","cms_pos"
"184008","THE BROOK HOSPITAL - KMI","LOUISVILLE","KY","40242","psychiatric","94","cms_pos"
"184009","THE RIDGE BEHAVIORAL HEALTH SYSTEM","LEXINGTON","KY","40509","psychiatric","110","cms_pos"
"184012","LINCOLN TRAIL BEHAVIORAL HEALTH SYSTEM","RADCLIFF","KY","40160","psychiatric","140","cms_pos"
"184013","RIVERVALLEY BEHAVIORAL HEALTH HOSPITAL","OWENSBORO","KY","42301","psychiatric","80","cms_pos"
"184014","CUMBERLAND HALL","HOPKINSVILLE","KY","42240","psychiatric","97","cms_pos"
"184015","CENTRAL STATE HOSPITAL","LOUISVILLE","KY","40223","psychiatric","192","cms_pos"
"184017","RIVENDELL BEHAVIORAL HEALTH SERVICES","BOWLING GREEN","KY","42103","psychiatric","84","cms_pos"
"184018","BELLEFONTE HOSPITAL AND RECOVERY CENTER","ASHLAND","KY","41101","psychiatric","40","cms_pos"
"190002","OCHSNER LAFAYETTE GENERAL MEDICAL CENTER","LAFAYETTE","LA","70503","short_term_acute","526","cms_pos"
"190004","THIBODAUX REGIONAL MEDICAL CENTER","THIBODAUX","LA","70301","short_term_acute","194","cms_pos"
"190005","UNIVERSITY MEDICAL CENTER NEW ORLEANS","NEW ORLEANS","LA","70112","short_term_acute","446","cms_pos"
"190006","OCHSNER UNIVERSITY HOSPITAL AND CLINICS","LAFAYETTE","LA","70506","short_term_acute","116","cms_pos"
"190007","NATCHITOCHES REGIONAL MEDICAL CENTER","NATCHITOCHES","LA","71457","short_term_acute","96","cms_pos"
"190008","TERREBONNE GENERAL HEALTH SYSTEM","HOUMA","LA","70360","short_term_acute","321","cms_pos"
"190011","OCHSNER LSU HEALTH MONROE","MONROE","LA","71202","short_term_acute","247","cms_pos"
"190013","WEST CALCASIEU CAMERON HOSPITAL","SULPHUR","LA","70663","short_term_acute","110","cms_pos"
"190014","OCHSNER ST MARY","MORGAN CITY","LA","70380","short_term_acute","86","cms_pos"
"190015","NORTH OAKS MEDICAL CENTER, L L C","HAMMOND","LA","70403","short_term_acute","330","cms_pos"
"190017","OPELOUSAS GENERAL HEALTH SYSTEM","OPELOUSAS","LA","70570","short_term_acute","171","cms_pos"
"190019","CHRISTUS ST FRANCES CABRINI HOSPITAL","ALEXANDRIA","LA","71301","short_term_acute","293","cms_pos"
"190020","LANE REGIONAL MEDICAL CENTER","ZACHARY","LA","70791","short_term_acute","166","cms_pos"
"190025","SAVOY MEDICAL CENTER","MAMOU","LA","70554","short_term_acute","60","cms_pos"
"190026","RAPIDES REGIONAL MEDICAL CENTER","ALEXANDRIA","LA","71301","short_term_acute","346","cms_pos"
"190027","CHRISTUS OCHSNER ST PATRICK HOSPITAL","LAKE CHARLES","LA","70601","short_term_acute","230","cms_pos"
"190034","ABBEVILLE GENERAL HOSPITAL","ABBEVILLE","LA","70510","short_term_acute","60","cms_pos"
"190036","OCHSNER MEDICAL CENTER","NEW ORLEANS","LA","70121","short_term_acute","959","cms_pos"
"190039","WEST JEFFERSON MEDICAL CENTER","MARRERO","LA","70072","short_term_acute","318","cms_pos"
"190040","SLIDELL MEMORIAL HOSPITAL","SLIDELL","LA","70458","short_term_acute","313","cms_pos"
"190041","CHRISTUS SHREVEPORT-BOSSIER HEALTH SYSTEM","SHREVEPORT","LA","71105","short_term_acute","242","cms_pos"
"190044","OCHSNER ACADIA GENERAL HOSPITAL","CROWLEY","LA","70526","short_term_acute","85","cms_pos"
"190045","ST TAMMANY PARISH HOSPITAL","COVINGTON","LA","70433","short_term_acute","281","cms_pos"
"190046","TOURO INFIRMARY","NEW ORLEANS","LA","70115","short_term_acute","341","cms_pos"
"190050","BEAUREGARD MEMORIAL HOSPITAL","DERIDDER","LA","70634","short_term_acute","49","cms_pos"
"190053","OCHSNER AMERICAN LEGION HOSPITAL","JENNINGS","LA","70546","short_term_acute","49","cms_pos"
"190054","IBERIA MEDICAL CENTER","NEW IBERIA","LA","70562","short_term_acute","166","cms_pos"
"190060","LAKE CHARLES MEMORIAL HOSPITAL","LAKE CHARLES","LA","70601","short_term_acute","407","cms_pos"
"190064","FMOL HEALTH | OUR LADY OF THE LAKE","BATON ROUGE","LA","70808","short_term_acute","964","cms_pos"
"190065","BATON ROUGE GENERAL MEDICAL CENTER","BATON ROUGE","LA","70809","short_term_acute","384","cms_pos"
"190079","ST CHARLES PARISH HOSPITAL","LULING","LA","70070","short_term_acute","49","cms_pos"
"190086","NORTHERN LOUISIANA MEDICAL CENTER","RUSTON","LA","71270","short_term_acute","65","cms_pos"
"190088","SPRINGHILL MEDICAL CENTER","SPRINGHILL","LA","71075","short_term_acute","48","cms_pos"
"190090","WINN PARISH MEDICAL CENTER","WINNFIELD","LA","71483","short_term_acute","46","cms_pos"
"190098","OCHSNER LSU HEALTH SHREVEPORT","SHREVEPORT","LA","71103","short_term_acute","395","cms_pos"
"190099","AVOYELLES HOSPITAL","MARKSVILLE","LA","71351","short_term_acute","37","cms_pos"
"190102","OUR LADY OF LOURDES REGIONAL MEDICAL CENTER, INC","LAFAYETTE","LA","70508","short_term_acute","344","cms_pos"
"190106","OAKDALE COMMUNITY HOSPITAL","OAKDALE","LA","71463","short_term_acute","49","cms_pos"
"190111","WILLIS KNIGHTON MEDICAL CENTER, INC","SHREVEPORT","LA","71103","short_term_acute","926","cms_pos"
"190114","CLAIBORNE MEMORIAL MEDICAL CENTER","HOMER","LA","71040","short_term_acute","47","cms_pos"
"190116","MOREHOUSE GENERAL HOSPITAL","BASTROP","LA","71220","short_term_acute","49","cms_pos"
"190118","DESOTO REGIONAL HEALTH SYSTEM","MANSFIELD","LA","71052","short_term_acute","34","cms_pos"
"190125","FMOL HEALTH ST FRANCIS","MONROE","LA","71201","short_term_acute","328","cms_pos"
"190128","WOMANS HOSPITAL","BATON ROUGE","LA","70817","short_term_acute","184","cms_pos"
"190133","ALLEN PARISH HOSPITAL","KINDER","LA","70648","short_term_acute","49","cms_pos"
"190140","FRANKLIN MEDICAL CENTER","WINNSBORO","LA","71295","short_term_acute","37","cms_pos"
"190144","MINDEN MEDICAL CENTER","MINDEN","LA","71055","short_term_acute","92","cms_pos"
"190145","LASALLE GENERAL HOSPITAL","JENA","LA","71342","short_term_acute","46","cms_pos"
"190151","RICHARDSON MEDICAL CENTER","RAYVILLE","LA","71269","short_term_acute","38","cms_pos"
"190160","GLENWOOD REGIONAL MEDICAL CENTER","WEST MONROE","LA","71291","short_term_acute","227","cms_pos"
"190164","BYRD REGIONAL HOSPITAL","LEESVILLE","LA","71446","short_term_acute","49","cms_pos"
"190167","MERCY REGIONAL MEDICAL CENTER","VILLE PLATTE","LA","70586","short_term_acute","49","cms_pos"
"190176","EAST JEFFERSON GENERAL HOSPITAL","METAIRIE","LA","70006","short_term_acute","665","cms_pos"
"190183","LEONARD J CHABERT MEDICAL CENTER","HOUMA","LA","70363","short_term_acute","156","cms_pos"
"190184","CITIZENS MEDICAL CENTER","COLUMBIA","LA","71418","short_term_acute","40","cms_pos"
"190190","CALDWELL MEMORIAL HOSPITAL, INC","COLUMBIA","LA","71418","short_term_acute","47","cms_pos"
"190201","CHRISTUS OCHSNER LAKE AREA HOSPITAL","LAKE CHARLES","LA","70605","short_term_acute","88","cms_pos"
"190202","OCHSNER MEDICAL CENTER - BATON ROUGE","BATON ROUGE","LA","70816","short_term_acute","160","cms_pos"
"190208","EAST CARROLL PARISH HOSPITAL","LAKE PROVIDENCE","LA","71254","short_term_acute","23","cms_pos"
"190218","SABINE MEDICAL CENTER","MANY","LA","71449","short_term_acute","48","cms_pos"
"190241","PHYSICIANS MEDICAL CENTER","HOUMA","LA","70360","short_term_acute","30","cms_pos"
"190245","MONROE SURGICAL HOSPITAL","MONROE","LA","71201","short_term_acute","10","cms_pos"
"190251","SURGICAL SPECIALTY CENTER OF BATON ROUGE","BATON ROUGE","LA","70810","short_term_acute","16","cms_pos"
"190255","PARK PLACE SURGICAL HOSPITAL","LAFAYETTE","LA","70508","short_term_acute","10","cms_pos"
"190256","STERLING SURGICAL HOSPITAL","SLIDELL","LA","70458","short_term_acute","12","cms_pos"
"190259","LAFAYETTE SURGICAL SPECIALTY HOSPITAL","LAFAYETTE","LA","70508","short_term_acute","20","cms_pos"
"190266","THE SPINE HOSPITAL OF LOUISIANA","BATON ROUGE","LA","70810","short_term_acute","23","cms_pos"
"190267","AVALA","COVINGTON","LA","70433","short_term_acute","21","cms_pos"
"190270","OUR LADY OF THE LAKE SURGICAL HOSPITAL","SLIDELL","LA","70458","short_term_acute","37","cms_pos"
"190274","OCHSNER MEDICAL CENTER-KENNER","KENNER","LA","70065","short_term_acute","110","cms_pos"
"190278","SPECIALISTS HOSPITAL SHREVEPORT","SHREVEPORT","LA","71101","short_term_acute","15","cms_pos"
"190298","CHRISTUS CENTRAL LOUISIANA SURGICAL HOSPITAL","ALEXANDRIA","LA","71301","short_term_acute","24","cms_pos"
"190300","ST CHARLES SURGICAL HOSPITAL, LLC","NEW ORLEANS","LA","70130","short_term_acute","39","cms_pos"
"190302","OMEGA HOSPITAL, LLC","METAIRIE","LA","70002","short_term_acute","16","cms_pos"
"190303","CYPRESS POINTE SURGICAL HOSPITAL","HAMMOND","LA","70403","short_term_acute","30","cms_pos"
"190308","ST BERNARD PARISH HOSPITAL","CHALMETTE","LA","70043","short_term_acute","40","cms_pos"
"190312","FMOL HEALTH OUR LADY OF THE ANGELS","BOGALUSA","LA","70427","short_term_acute","66","cms_pos"
"190313","NEW ORLEANS EAST HOSPITAL","NEW ORLEANS","LA","70127","short_term_acute","50","cms_pos"
"190316","THE GENERAL","BATON ROUGE","LA","70806","short_term_acute","230","cms_pos"
"190317","OCHSNER LSU HEALTH SHREVEPORT-ST MARY MEDICAL CENT","SHREVEPORT","LA","71101","short_term_acute","93","cms_pos"
"190318","ACADIAN MEDICAL CENTER","EUNICE","LA","70535","short_term_acute","49","cms_pos"
"190319","ALEXANDRIA HOSPITAL","ALEXANDRIA","LA","71303","short_term_acute","10","cms_pos"
"190320","RISE COMMUNITY HOSPITAL","PRAIRIEVILLE","LA","70769","short_term_acute","10","cms_pos"
"190779","FMOL HEALTH OUR LADY OF THE LAKE ASSUMPTION COMMU","NAPOLEONVILLE","LA","70390","rural_emergency","15","cms_pos"
"191300","ST HELENA PARISH HOSPITAL","GREENSBURG","LA","70441","critical_access","25","cms_pos"
"191301","UNION GENERAL HOSPITAL","FARMERVILLE","LA","71241","critical_access","20","cms_pos"
"191302","OCHSNER ST MARTIN HOSPITAL","BREAUX BRIDGE","LA","70517","critical_access","25","cms_pos"
"191304","NORTH CADDO MEDICAL CENTER","VIVIAN","LA","71082","critical_access","25","cms_pos"
"191305","ST JAMES PARISH HOSPITAL","LUTCHER","LA","70071","critical_access","25","cms_pos"
"191306","WEST FELICIANA PARISH HOSPITAL","SAINT FRANCISVILLE","LA","70775","critical_access","25","cms_pos"
"191307","DEQUINCY MEMORIAL HOSPITAL","DEQUINCY","LA","70633","critical_access","29","cms_pos"
"191308","PREVOST MEMORIAL HOSPITAL","DONALDSONVILLE","LA","70346","critical_access","25","cms_pos"
"191309","HOOD MEMORIAL HOSPITAL","AMITE","LA","70422","critical_access","25","cms_pos"
"191310","BAYOU BEND HEALTH SYSTEM","FRANKLIN","LA","70538","critical_access","22","cms_pos"
"191311","BUNKIE GENERAL HOSPITAL","BUNKIE","LA","71322","critical_access","19","cms_pos"
"191312","CHRISTUS COUSHATTA HEALTH CARE CENTER","COUSHATTA","LA","71019","critical_access","25","cms_pos"
"191313","RIVERSIDE MEDICAL CENTER","FRANKLINTON","LA","70438","critical_access","25","cms_pos"
"191314","MADISON PARISH HOSPITAL","TALLULAH","LA","71282","critical_access","16","cms_pos"
"191315","HARDTNER MEDICAL CENTER","OLLA","LA","71465","critical_access","25","cms_pos"
"191316","POINTE COUPEE GENERAL HOSPITAL","NEW ROADS","LA","70760","critical_access","23","cms_pos"
"191317","JACKSON PARISH HOSPITAL","JONESBORO","LA","71251","critical_access","25","cms_pos"
"191318","TRINITY MEDICAL","FERRIDAY","LA","71334","critical_access","25","cms_pos"
"191319","ACADIA ST LANDRY","CHURCH POINT","LA","70525","critical_access","33","cms_pos"
"191320","BIENVILLE MEDICAL CENTER","ARCADIA","LA","71001","critical_access","21","cms_pos"
"191321","LALLIE KEMP MEDICAL CENTER","INDEPENDENCE","LA","70443","critical_access","24","cms_pos"
"191322","OCHSNER ABROM KAPLAN MEMORIAL HOSPITAL","KAPLAN","LA","70548","critical_access","35","cms_pos"
"191323","RICHLAND PARISH HOSPITAL-DELHI","DELHI","LA","71232","critical_access","25","cms_pos"
"191324","OCHSNER ST ANNE GENERAL HOSPITAL","RACELAND","LA","70394","critical_access","35","cms_pos"
"191325","LADY OF THE SEA GENERAL HOSPITAL","CUT OFF","LA","70345","critical_access","15","cms_pos"
"191326","REEVES MEMORIAL MEDICAL CENTER","BERNICE","LA","71222","critical_access","15","cms_pos"
"191327","WEST CARROLL MEMORIAL HOSPITAL","OAK GROVE","LA","71263","critical_access","25","cms_pos"
"192004","BATON ROUGE SPECIALTY HOSPITAL","BATON ROUGE","LA","70809","long_term_care","54","cms_pos"
"192006","CORNERSTONE POST ACUTE CARE OF BOSSIER","BOSSIER CITY","LA","71112","long_term_care","86","cms_pos"
"192007","BRIDGEPOINT CONTINUING CARE HOSPITAL","MARRERO","LA","70072","long_term_care","39","cms_pos"
"192008","SAGE SPECIALTY HOSPITAL","DENHAM SPRINGS","LA","70726","long_term_care","93","cms_pos"
"192010","INTENSIVE SPECIALTY HOSPITAL","SHREVEPORT","LA","71101","long_term_care","220","cms_pos"
"192011","PAM HEALTH SPECIALTY HOSPITAL OF SHREVEPORT","SHREVEPORT","LA","71104","long_term_care","24","cms_pos"
"192013","SAGE SPECIALTY HOSPITAL OF LAKE CHARLES","LAKE CHARLES","LA","70601","long_term_care","33","cms_pos"
"192015","OCHSNER EXTENDED CARE HOSPITAL","JEFFERSON","LA","70121","long_term_care","35","cms_pos"
"192016","SPECIALTY HOSPITAL","MONROE","LA","71201","long_term_care","32","cms_pos"
"192028","RIVERBRIDGE SPECIALTY HOSPITAL","VIDALIA","LA","71373","long_term_care","41","cms_pos"
"192029","LAFAYETTE - A M G SPECIALTY HOSPITAL","LAFAYETTE","LA","70506","long_term_care","46","cms_pos"
"192031","CORNERSTONE SPECIALTY HOSPITALS WEST MONROE","WEST MONROE","LA","71291","long_term_care","47","cms_pos"
"192032","LOUISIANA EXTENDED CARE HOSPITAL OF LAFAYETTE","LAFAYETTE","LA","70506","long_term_care","76","cms_pos"
"192035","LOUISIANA EXTENDED CARE HOSPITAL OF NATCHITOCHES","NATCHITOCHES","LA","71457","long_term_care","20","cms_pos"
"192036","P A M SPECIALTY HOSPITAL OF HAMMOND","HAMMOND","LA","70403","long_term_care","40","cms_pos"
"192037","HOUMA - AMG SPECIALTY HOSPITAL","HOUMA","LA","70360","long_term_care","40","cms_pos"
"192041","ZACHARY - A M G SPECIALTY HOSPITAL","ZACHARY","LA","70791","long_term_care","16","cms_pos"
"192043","RIVERSIDE HOSPITAL OF LOUISIANA","ALEXANDRIA","LA","71303","long_term_care","28","cms_pos"
"192048","P A M SPECIALTY HOSPITAL OF COVINGTON","COVINGTON","LA","70433","long_term_care","58","cms_pos"
"192057","SAGE SPECIALTY AND REHABILITATION CENTER OF LAFAYE","LAFAYETTE","LA","70508","long_term_care","72","cms_pos"
"193028","BATON ROUGE REHAB HOSPITAL","BATON ROUGE","LA","70809","rehabilitation","81","cms_pos"
"193031","ENCOMPASS HEALTH REHABILITATION HOSPITAL OF ALEXAN","ALEXANDRIA","LA","71301","rehabilitation","47","cms_pos"
"193044","NORTH OAKS REHABILITATION HOSPITAL, L L C","HAMMOND","LA","70403","rehabilitation","27","cms_pos"
"193050","TITAN REHABILITATION HOSPITAL OF ROSEPINE","LEESVILLE","LA","71446","rehabilitation","20","cms_pos"
"193058","RIVERBEND REHABILITATION HOSPITAL","MONROE","LA","71202","rehabilitation","12","cms_pos"
"193067","REHABILITATION HOSPITAL OF JENNINGS","JENNINGS","LA","70546","rehabilitation","20","cms_pos"
"193069","STERLINGTON REHABILITATION HOSPITAL","BASTROP","LA","71220","rehabilitation","10","cms_pos"
"193070","ACCORD REHABILITATION HOSPITAL","PLAQUEMINE","LA","70764","rehabilitation","10","cms_pos"
"193074","UNITED MEDICAL HEALTHWEST-NEW ORLEANS","GRETNA","LA","70056","rehabilitation","26","cms_pos"
"193078","SAGE REHABILITATION HOSPITAL","BATON ROUGE","LA","70809","rehabilitation","65","cms_pos"
"193079","OASIS POINT REHABILITATION HOSPITAL","HAMMOND","LA","70403","rehabilitation","20","cms_pos"
"193080","SPECIALTY REHABILITATION HOSPITAL","COUSHATTA","LA","71019","rehabilitation","12","cms_pos"
"193086","LEESVILLE REHABILITATION HOSPITAL","LEESVILLE","LA","71446","rehabilitation","16","cms_pos"
"193090","THE NEUROMEDICAL CENTER REHABILITATION HOSPITAL, L","BATON ROUGE","LA","70810","rehabilitation","27","cms_pos"
"193092","BETHESDA REHABILITATION HOSPITAL","BATON ROUGE","LA","70812","rehabilitation","14","cms_pos"
"193093","LAFAYETTE-AMG PHYSICAL REHABILITATION HOSPITAL","LAFAYETTE","LA","70508","rehabilitation","32","cms_pos"
"193096","ACADIANA REHABILITATION","LAFAYETTE","LA","70508","rehabilitation","40","cms_pos"
"193097","COVINGTON - A M G PHYSICAL REHABILITATION HOSPITAL","COVINGTON","LA","70433","rehabilitation","24","cms_pos"
"193099","OCHSNER REHABILITATION HOSPITAL","JEFFERSON","LA","70121","rehabilitation","56","cms_pos"
"193300","MANNING FAMILY CHILDRENS","NEW ORLEANS","LA","70118","childrens","227","cms_pos"
"194007","NORTHLAKE BEHAVIORAL HEALTH SYSTEM","MANDEVILLE","LA","70448","psychiatric","140","cms_pos"
"194008","EASTERN LA MENTAL HEALTH SYSTEM","JACKSON","LA","70748","psychiatric","334","cms_pos"
"194020","BRENTWOOD HOSPITAL","SHREVEPORT","LA","71106","psychiatric","260","cms_pos"
"194022","LONGLEAF HOSPITAL","ALEXANDRIA","LA","71303","psychiatric","139","cms_pos"
"194025","CENTRAL LOUISIANA STATE HOSPITAL","PINEVILLE","LA","71361","psychiatric","116","cms_pos"
"194031","RIVER OAKS HOSPITAL","HARAHAN","LA","70123","psychiatric","126","cms_pos"
"194044","VERMILION BEHAVIORAL HEALTH SYSTEMS","LAFAYETTE","LA","70507","psychiatric","78","cms_pos"
"194056","COMMUNITY CARE HOSPITAL","NEW ORLEANS","LA","70115","psychiatric","36","cms_pos"
"194069","COVINGTON BEHAVIORAL HEALTH","COVINGTON","LA","70433","psychiatric","104","cms_pos"
"194073","OCEANS HOSPITAL OF BROUSSARD","BROUSSARD","LA","70518","psychiatric","38","cms_pos"
"194074","SERENITY SPRINGS SPECIALTY HOSPITAL","RUSTON","LA","71270","psychiatric","24","cms_pos"
"194079","RED RIVER BEHAVIORAL CENTER, LLC","BOSSIER CITY","LA","71111","psychiatric","20","cms_pos"
"194080","BEACON BEHAVIORAL HOSPITAL - NORTHSHORE, LLC","LACOMBE","LA","70445","psychiatric","22","cms_pos"
"194081","OCEANS BEHAVIORAL HOSPITAL OF DERIDDER","DERIDDER","LA","70634","psychiatric","20","cms_pos"
"194082","COMPASS SENIOR CARE HOSPITAL","JENNINGS","LA","70546","psychiatric","36","cms_pos"
"194083","FREEDOM BEHAVIORAL HOSPITAL OF BASTROP","BASTROP","LA","71220","psychiatric","60","cms_pos"
"194084","BEACON BEHAVIORAL HOSPITAL- NEW ORLEANS, LLC","NEW ORLEANS","LA","70128","psychiatric","34","cms_pos"
"194085","COMPASS BEHAVIORAL CENTER OF LAFAYETTE","LAFAYETTE","LA","70508","psychiatric","24","cms_pos"
"194086","OCEANS BEHAVIORAL HOSPITAL OF BATON ROUGE","BATON ROUGE","LA","70807","psychiatric","60","cms_pos"
"194087","FREEDOM BEHAVIORAL HOSPITAL OF MONROE","MONROE","LA","71203","psychiatric","82","cms_pos"
"194088","ST JAMES BEHAVIORAL HEALTH HOSPITAL, INC","GONZALES","LA","70737","psychiatric","32","cms_pos"
"194089","GENESIS BEHAVIORAL HOSPITAL","BREAUX BRIDGE","LA","70517","psychiatric","18","cms_pos"
"194090","OCEANS BEHAVIORAL HOSPITAL OF LAKE CHARLES","LAKE CHARLES","LA","70605","psychiatric","20","cms_pos"
"194091","OCEANS BEHAVIORAL HOSPITAL OF HAMMOND","HAMMOND","LA","70403","psychiatric","52","cms_pos"
"194094","PHYSICIANS BEHAVIORAL HOSPITAL","SHREVEPORT","LA","71103","psychiatric","42","cms_pos"
"194095","OCEANS BEHAVIORAL HOSPITAL OF OPELOUSAS","OPELOUSAS","LA","70570","psychiatric","20","cms_pos"
"194096","OCEANS BEHAVIORAL HOSPITAL OF ALEXANDRIA","ALEXANDRIA","LA","71303","psychiatric","24","cms_pos"
"194098","OCEANS BEHAVIORAL HOSPITAL OF GREATER NEW ORLEANS","GRETNA","LA","70056","psychiatric","82","cms_pos"
"194102","BEACON BEHAVIORAL HOSPITAL, LLC","LUTCHER","LA","70071","psychiatric","24","cms_pos"
"194103","SEASIDE HEALTH SYSTEM","BATON ROUGE","LA","70806","psychiatric","64","cms_pos"
"194105","APOLLO BEHAVIORAL HEALTH HOSPITAL, L L C","BATON ROUGE","LA","70809","psychiatric","24","cms_pos"
"194106","COMPASS BEHAVIORAL CENTER OF ALEXANDRIA, INC","ALEXANDRIA","LA","71301","psychiatric","36","cms_pos"
"194107","BATON ROUGE BEHAVIORAL HOSPITAL","BATON ROUGE","LA","70806","psychiatric","53","cms_pos"
"194109","COMPASS BEHAVIORAL CENTER OF HOUMA, LLC","HOUMA","LA","70364","psychiatric","20","cms_pos"
"194112","BEACON BEHAVIORAL HOSPITAL - CENTRAL","BUNKIE","LA","71322","psychiatric","24","cms_pos"
"194113","PERIMETER BEHAVIORAL HOSPITAL OF NEW ORLEANS","KENNER","LA","70065","psychiatric","36","cms_pos"
"194114","RIVER PLACE BEHAVIORAL HEALTH","LA PLACE","LA","70068","psychiatric","104","cms_pos"
"194115","REGIONS BEHAVIORAL HOSPITAL","BATON ROUGE","LA","70806","psychiatric","24","cms_pos"
"194116","LOUISIANA BEHAVIORAL HEALTH","SHREVEPORT","LA","71106","psychiatric","89","cms_pos"
"194117","UNIVERSAL BEHAVIORAL HEALTH HOSPITAL","HAMMOND","LA","70403","psychiatric","36","cms_pos"
"194118","MERCY BEHAVIORAL HOSPITAL","LECOMPTE","LA","71346","psychiatric","54","cms_pos"
"194119","FREEDOM BEHAVIORAL HOSPITAL OF FERRIDAY","FERRIDAY","LA","71334","psychiatric","64","cms_pos"
"194120","FREEDOM BEHAVIORAL HOSPITAL OF LAKE CHARLES","LAKE CHARLES","LA","70601","psychiatric","46","cms_pos"
"194121","FREEDOM BEHAVIORAL HOSPITAL OF LEESVILLE","LEESVILLE","LA","71446","psychiatric","22","cms_pos"
"194122","GBC BEHAVIORAL HEALTH","MONROE","LA","71201","psychiatric","32","cms_pos"
"200001","ST JOSEPH HOSPITAL","BANGOR","ME","04401","short_term_acute","112","cms_pos"
"200008","NORTHERN LIGHT MERCY HOSPITAL","PORTLAND","ME","04101","short_term_acute","230","cms_pos"
"200009","MAINEHEALTH MAINE MEDICAL CENTER","PORTLAND","ME","04102","short_term_acute","606","cms_pos"
"200018","NORTHERN LIGHT A R GOULD HOSPITAL","PRESQUE ISLE","ME","04769","short_term_acute","89","cms_pos"
"200020","YORK HOSPITAL","YORK","ME","03909","short_term_acute","79","cms_pos"
"200021","MAINEHEALTH MID COAST HOSPITAL","BRUNSWICK","ME","04011","short_term_acute","92","cms_pos"
"200024","CENTRAL MAINE MEDICAL CENTER","LEWISTON","ME","04240","short_term_acute","250","cms_pos"
"200031","CARY MEDICAL CENTER","CARIBOU","ME","04736","short_term_acute","65","cms_pos"
"200033","NORTHERN LIGHT EASTERN MAINE MEDICAL CENTER","BANGOR","ME","04401","short_term_acute","411","cms_pos"
"200034","ST MARY'S REGIONAL MEDICAL CENTER","LEWISTON","ME","04243","short_term_acute","233","cms_pos"
"200039","MAINEGENERAL MEDICAL CENTER","AUGUSTA","ME","04330","short_term_acute","287","cms_pos"
"200050","NORTHERN LIGHT MAINE COAST HOSPITAL","ELLSWORTH","ME","04605","short_term_acute","64","cms_pos"
"200063","MAINEHEALTH PEN BAY HOSPITAL","ROCKPORT","ME","04856","short_term_acute","109","cms_pos"
"201300","NORTHERN LIGHT BLUE HILL MEMORIAL HOSPITAL","BLUE HILL","ME","04614","critical_access","25","cms_pos"
"201301","NORTHERN LIGHT C A DEAN HOSPITAL","GREENVILLE","ME","04441","critical_access","25","cms_pos"
"201302","MAINEHEALTH LINCOLN HOSPITAL","DAMARISCOTTA","ME","04543","critical_access","25","cms_pos"
"201303","PENOBSCOT VALLEY HOSPITAL","LINCOLN","ME","04457","critical_access","25","cms_pos"
"201304","MOUNT DESERT ISLAND HOSPITAL","BAR HARBOR","ME","04609","critical_access","25","cms_pos"
"201305","CALAIS COMMUNITY HOSPITAL","CALAIS","ME","04619","critical_access","25","cms_pos"
"201306","RUMFORD  HOSPITAL","RUMFORD","ME","04276","critical_access","25","cms_pos"
"201307","MILLINOCKET REGIONAL HOSPITAL","MILLINOCKET","ME","04462","critical_access","25","cms_pos"
"201308","HOULTON REGIONAL HOSPITAL","HOULTON","ME","04730","critical_access","25","cms_pos"
"201309","NORTHERN LIGHT MAYO HOSPITAL","DOVER FOXCROFT","ME","04426","critical_access","25","cms_pos"
"201310","BRIDGTON HOSPITAL","BRIDGTON","ME","04009","critical_access","25","cms_pos"
"201311","DOWN EAST COMMUNITY HOSPITAL","MACHIAS","ME","04654","critical_access","25","cms_pos"
"201312","MAINEHEALTH WALDO HOSPITAL","BELFAST","ME","04915","critical_access","25","cms_pos"
"201313","NORTHERN LIGHT SEBASTICOOK VALLEY HOSPITAL","PITTSFIELD","ME","04967","critical_access","25","cms_pos"
"201314","REDINGTON FAIRVIEW GENERAL HOSPITAL","SKOWHEGAN","ME","04976","critical_access","25","cms_pos"
"201315","MAINEHEALTH STEPHENS HOSPITAL","NORWAY","ME","04268","critical_access","25","cms_pos"
"201316","MAINEHEALTH FRANKLIN HOSPITAL","FARMINGTON","ME","04938","critical_access","25","cms_pos"
"201317","NORTHERN MAINE MEDICAL CENTER","FORT KENT","ME","04743","critical_access","25","cms_pos"
"203025","NEW ENGLAND REHABILITATION HOSPITAL OF PORTLAND, A","PORTLAND","ME","04102","rehabilitation","100","cms_pos"
"204004","DOROTHEA DIX PSYCHIATRIC CENTER","BANGOR","ME","04401","psychiatric","100","cms_pos"
"204005","MAINEHEALTH BEHAVIORAL HEALTH AT SPRING HARBOR","WESTBROOK","ME","04092","psychiatric","100","cms_pos"
"204006","NORTHERN LIGHT ACADIA HOSPITAL","BANGOR","ME","04401","psychiatric","100","cms_pos"
"204008","RIVERVIEW PSYCHIATRIC CENTER","AUGUSTA","ME","04330","psychiatric","92","cms_pos"
"210001","MERITUS MEDICAL CENTER","HAGERSTOWN","MD","21742","short_term_acute","271","cms_pos"
"210002","UNIVERSITY OF MARYLAND MEDICAL CENTER","BALTIMORE","MD","21201","short_term_acute","816","cms_pos"
"210003","UNIVERSITY OF MD CAPITAL REGION MEDICAL CENTER","UPPER MARLBORO","MD","20774","short_term_acute","224","cms_pos"
"210004","HOLY CROSS HOSPITAL","SILVER SPRING","MD","20910","short_term_acute","444","cms_pos"
"210005","FREDERICK HEALTH HOSPITAL","FREDERICK","MD","21701","short_term_acute","248","cms_pos"
"210008","MERCY MEDICAL CENTER INC","BALTIMORE","MD","21202","short_term_acute","285","cms_pos"
"210009","JOHNS HOPKINS HOSPITAL, THE","BALTIMORE","MD","21287","short_term_acute","1025","cms_pos"
"210011","SAINT AGNES HOSPITAL","BALTIMORE","MD","21229","short_term_acute","407","cms_pos"
"210012","SINAI HOSPITAL OF BALTIMORE","BALTIMORE","MD","21215","short_term_acute","413","cms_pos"
"210015","MEDSTAR FRANKLIN SQUARE MEDICAL CENTER","ROSEDALE","MD","21237","short_term_acute","405","cms_pos"
"210016","ADVENTIST HEALTHCARE WHITE OAK MEDICAL CENTER","SILVER SPRING","MD","20904","short_term_acute","298","cms_pos"
"210017","GARRETT REGIONAL MEDICAL CENTER","OAKLAND","MD","21550","short_term_acute","33","cms_pos"
"210018","MEDSTAR MONTGOMERY MEDICAL CENTER","OLNEY","MD","20832","short_term_acute","165","cms_pos"
"210019","TIDALHEALTH PENINSULA REGIONAL, INC","SALISBURY","MD","21801","short_term_acute","362","cms_pos"
"210022","SUBURBAN HOSPITAL","BETHESDA","MD","20814","short_term_acute","229","cms_pos"
"210023","LUMINIS HEALTH ANNE ARUNDEL MEDICAL CENTER, INC","ANNAPOLIS","MD","21401","short_term_acute","370","cms_pos"
"210024","MEDSTAR UNION MEMORIAL HOSPITAL","BALTIMORE","MD","21218","short_term_acute","370","cms_pos"
"210027","U P M C WESTERN MARYLAND","CUMBERLAND","MD","21502","short_term_acute","240","cms_pos"
"210028","MEDSTAR SAINT MARY'S HOSPITAL","LEONARDTOWN","MD","20650","short_term_acute","107","cms_pos"
"210029","JOHNS HOPKINS BAYVIEW MEDICAL CENTER","BALTIMORE","MD","21224","short_term_acute","430","cms_pos"
"210030","UMD SHORE MEDICAL CTR AT CHESTERTOWN","CHESTERTOWN","MD","21620","short_term_acute","64","cms_pos"
"210032","UNION HOSPITAL OF CECIL COUNTY","ELKTON","MD","21921","short_term_acute","166","cms_pos"
"210033","CARROLL HOSPITAL CENTER","WESTMINSTER","MD","21157","short_term_acute","158","cms_pos"
"210034","MEDSTAR HARBOR HOSPITAL","BALTIMORE","MD","21225","short_term_acute","376","cms_pos"
"210035","UNIVERSITY OF MD CHARLES REGIONAL  MEDICAL CENTER","LA PLATA","MD","20646","short_term_acute","131","cms_pos"
"210037","UNIVERSITY OF MD SHORE MEDICAL CENTER AT EASTON","EASTON","MD","21601","short_term_acute","189","cms_pos"
"210038","UNIVERSITY OF MD MEDICAL CENTER MIDTOWN CAMPUS","BALTIMORE","MD","21201","short_term_acute","276","cms_pos"
"210039","CALVERTHEALTH MEDICAL CENTER","PRINCE FREDERICK","MD","20678","short_term_acute","106","cms_pos"
"210040","NORTHWEST HOSPITAL CENTER","RANDALLSTOWN","MD","21133","short_term_acute","215","cms_pos"
"210043","UMD BALTIMORE WASHINGTON  MEDICAL CENTER","GLEN BURNIE","MD","21061","short_term_acute","329","cms_pos"
"210044","GREATER BALTIMORE MEDICAL CENTER","BALTIMORE","MD","21204","short_term_acute","303","cms_pos"
"210048","JOHNS HOPKINS HOWARD COUNTY MEDICAL CENTER","COLUMBIA","MD","21044","short_term_acute","233","cms_pos"
"210049","UNIVERSITY OF MD UPPER CHESAPEAKE MEDICAL CENTER","BEL AIR","MD","21014","short_term_acute","219","cms_pos"
"210051","LUMINIS HEALTH DOCTORS COMMUNITY MEDICAL CTR, INC","LANHAM","MD","20706","short_term_acute","182","cms_pos"
"210056","MEDSTAR GOOD SAMARITAN HOSPITAL","BALTIMORE","MD","21239","short_term_acute","208","cms_pos"
"210057","ADVENTIST HEALTHCARE SHADY GROVE MEDICAL CENTER","ROCKVILLE","MD","20850","short_term_acute","331","cms_pos"
"210058","UMD REHABILITATION &  ORTHOPAEDIC INSTITUTE","BALTIMORE","MD","21207","short_term_acute","134","cms_pos"
"210060","ADVENTIST HEALTHCARE FORT WASHINGTON MEDICAL CTR","FORT WASHINGTON","MD","20744","short_term_acute","37","cms_pos"
"210061","ATLANTIC GENERAL HOSPITAL","BERLIN","MD","21811","short_term_acute","48","cms_pos"
"210062","MEDSTAR SOUTHERN MARYLAND HOSPITAL CENTER","CLINTON","MD","20735","short_term_acute","239","cms_pos"
"210063","UNIVERSITY OF MD ST JOSEPH MEDICAL CENTER","TOWSON","MD","21204","short_term_acute","238","cms_pos"
"210064","LEVINDALE HEBREW GERIATRIC CENTER AND HOSPITAL","BALTIMORE","MD","21209","short_term_acute","100","cms_pos"
"210065","HOLY CROSS GERMANTOWN HOSPITAL","GERMANTOWN","MD","20876","short_term_acute","93","cms_pos"
"212002","WESTERN MARYLAND HOSPITAL CENTER","HAGERSTOWN","MD","21742","long_term_care","123","cms_pos"
"212003","DEER'S HEAD CENTER","SALISBURY","MD","21801","long_term_care","66","cms_pos"
"213028","ENCOMPASS HEALTH REHAB HOSPITAL OF SALISBURY","SALISBURY","MD","21804","rehabilitation","64","cms_pos"
"213029","ADVENTIST HEALTHCARE  REHABILITATION AT ROCKVILLE","ROCKVILLE","MD","20850","rehabilitation","87","cms_pos"
"213030","REHABILITATION HOSPITAL OF BOWIE","BOWIE","MD","20715","rehabilitation","60","cms_pos"
"213300","MOUNT WASHINGTON PEDIATRIC HOSPITAL","BALTIMORE","MD","21209","childrens","117","cms_pos"
"213301","KENNEDY KRIEGER INSTITUTE","BALTIMORE","MD","21205","childrens","63","cms_pos"
"214000","SHEPPARD AND ENOCH PRATT HOSPITAL, THE","BALTIMORE","MD","21204","psychiatric","322","cms_pos"
"214002","EASTERN SHORE HOSPITAL CENTER","CAMBRIDGE","MD","21613","psychiatric","80","cms_pos"
"214003","BROOK LANE HEALTH SERVICES","HAGERSTOWN","MD","21742","psychiatric","46","cms_pos"
"214004","SPRINGFIELD HOSPITAL CENTER","SYKESVILLE","MD","21784","psychiatric","522","cms_pos"
"214012","THOMAS B FINAN CENTER","CUMBERLAND","MD","21502","psychiatric","119","cms_pos"
"214018","SPRING GROVE HOSPITAL CENTER","CATONSVILLE","MD","21228","psychiatric","440","cms_pos"
"214020","LUMINIS HEALTH J KENT MCNEW FAMILY MEDICAL CENTER","ANNAPOLIS","MD","21401","psychiatric","16","cms_pos"
"214022","UM UPPER CHESAPEAKE BEHAVIORAL HEALTH PAVILION AT","ABERDEEN","MD","21001","psychiatric","33","cms_pos"
"220001","HEALTH ALLIANCE - CLINTON HOSPITAL","LEOMINSTER","MA","01453","short_term_acute","150","cms_pos"
"220002","MOUNT AUBURN HOSPITAL","CAMBRIDGE","MA","02138","short_term_acute","217","cms_pos"
"220008","STURDY MEMORIAL HOSPITAL","ATTLEBORO","MA","02703","short_term_acute","126","cms_pos"
"220010","MERRIMACK HEALTH LAWRENCE HOSPITAL","LAWRENCE","MA","01841","short_term_acute","189","cms_pos"
"220011","CAMBRIDGE HEALTH ALLIANCE","CAMBRIDGE","MA","02138","short_term_acute","159","cms_pos"
"220012","CAPE COD HOSPITAL","HYANNIS","MA","02601","short_term_acute","259","cms_pos"
"220015","COOLEY DICKINSON HOSPITAL INC,THE","NORTHAMPTON","MA","01060","short_term_acute","142","cms_pos"
"220016","BAYSTATE FRANKLIN MEDICAL CENTER","GREENFIELD","MA","01301","short_term_acute","92","cms_pos"
"220019","UMASS MEMORIAL HEALH - HARRINGTON HOSPITAL","SOUTHBRIDGE","MA","01550","short_term_acute","113","cms_pos"
"220020","BROWN UNIVERSITY HEALTH SAINT ANNE'S HOSPITAL","FALL RIVER","MA","02721","short_term_acute","160","cms_pos"
"220024","HOLYOKE MEDICAL CENTER","HOLYOKE","MA","01040","short_term_acute","164","cms_pos"
"220029","ANNA JAQUES HOSPITAL","NEWBURYPORT","MA","01950","short_term_acute","123","cms_pos"
"220030","BAYSTATE WING HOSPITAL AND MEDICAL CENTERS","PALMER","MA","01069","short_term_acute","41","cms_pos"
"220031","BOSTON MEDICAL CENTER CORPORATION-","BOSTON","MA","02118","short_term_acute","441","cms_pos"
"220033","BEVERLY HOSPITAL CORPORATION","BEVERLY","MA","01915","short_term_acute","283","cms_pos"
"220035","NORTH SHORE MEDICAL CENTER -","SALEM","MA","01970","short_term_acute","415","cms_pos"
"220036","BOSTON MEDICAL CENTER-BRIGHTON","BRIGHTON","MA","02135","short_term_acute","252","cms_pos"
"220046","BERKSHIRE MEDICAL CENTER INC - 1","PITTSFIELD","MA","01201","short_term_acute","319","cms_pos"
"220052","SIGNATURE HEALTHCARE BROCKTON HOSPITAL","BROCKTON","MA","02302","short_term_acute","205","cms_pos"
"220060","BETH ISRAEL DEACONESS HOSPITAL - PLYMOUTH","PLYMOUTH","MA","02360","short_term_acute","155","cms_pos"
"220062","ADCARE HOSPITAL OF WORCESTER INC","WORCESTER","MA","01605","short_term_acute","114","cms_pos"
"220063","LOWELL GENERAL HOSPITAL","LOWELL","MA","01854","short_term_acute","158","cms_pos"
"220065","BAYSTATE NOBLE HOSPITAL","WESTFIELD","MA","01085","short_term_acute","97","cms_pos"
"220066","MERCY MEDICAL CTR","SPRINGFIELD","MA","01104","short_term_acute","339","cms_pos"
"220070","MELROSEWAKEFIELD HEALTHCARE","MELROSE","MA","02176","short_term_acute","538","cms_pos"
"220071","MASSACHUSETTS GENERAL HOSPITAL","BOSTON","MA","02114","short_term_acute","907","cms_pos"
"220073","BROWN UNIVERSITY HEALTH MORTON HOSPITAL","TAUNTON","MA","02780","short_term_acute","133","cms_pos"
"220074","SOUTHCOAST HOSPITAL GROUP, INC","FALL RIVER","MA","02720","short_term_acute","695","cms_pos"
"220075","MASSACHUSETTS EYE AND EAR INFIRMARY -","BOSTON","MA","02114","short_term_acute","42","cms_pos"
"220077","BAYSTATE MEDICAL CENTER","SPRINGFIELD","MA","01199","short_term_acute","716","cms_pos"
"220080","MERRIMACK HEALTH METHUEN HOSPITAL","METHUEN","MA","01844","short_term_acute","275","cms_pos"
"220083","BETH ISRAEL DEACONESS HOSPITAL - NEEDHAM","NEEDHAM","MA","02494","short_term_acute","58","cms_pos"
"220084","EMERSON HOSPITAL -","W CONCORD","MA","01742","short_term_acute","149","cms_pos"
"220086","BETH ISRAEL DEACONESS MEDICAL CENTER","BOSTON","MA","02215","short_term_acute","597","cms_pos"
"220088","NEW ENGLAND BAPTIST HOSPITAL","BOSTON","MA","02120","short_term_acute","118","cms_pos"
"220090","UMASS MEMORIAL HEALTH-MILFORD REGIONAL MEDICAL CTR","MILFORD","MA","01757","short_term_acute","121","cms_pos"
"220095","HEYWOOD HOSPITAL -","GARDNER","MA","01440","short_term_acute","134","cms_pos"
"220100","SOUTH SHORE HOSPITAL","SOUTH WEYMOUTH","MA","02190","short_term_acute","284","cms_pos"
"220101","NEWTON-WELLESLEY HOSPITAL","NEWTON","MA","02462","short_term_acute","224","cms_pos"
"220105","WINCHESTER HOSPITAL","WINCHESTER","MA","01890","short_term_acute","189","cms_pos"
"220108","BETH ISRAEL DEACONESS HOSPITAL-MILTON INC","MILTON","MA","02186","short_term_acute","81","cms_pos"
"220110","BRIGHAM AND WOMEN'S HOSPITAL","BOSTON","MA","02115","short_term_acute","663","cms_pos"
"220111","BOSTON MEDICAL CENTER-SOUTH","BROCKTON","MA","02301","short_term_acute","231","cms_pos"
"220116","TUFTS MEDICAL CENTER","BOSTON","MA","02111","short_term_acute","415","cms_pos"
"220119","BRIGHAM AND WOMEN'S FAULKNER HOSPITAL","BOSTON","MA","02130","short_term_acute","153","cms_pos"
"220135","FALMOUTH HOSPITAL","FALMOUTH","MA","02540","short_term_acute","95","cms_pos"
"220162","DANA-FARBER CANCER INSTITUTE","BOSTON","MA","02115","short_term_acute","27","cms_pos"
"220163","UMASS MEMORIAL MEDICAL CENTER INC","WORCESTER","MA","01655","short_term_acute","325","cms_pos"
"220171","LAHEY HOSPITAL & MEDICAL CENTER, BURLINGTON","BURLINGTON","MA","01803","short_term_acute","327","cms_pos"
"220175","METROWEST MEDICAL CENTER","FRAMINGHAM","MA","01701","short_term_acute","360","cms_pos"
"220176","ST VINCENT HOSPITAL","WORCESTER","MA","01608","short_term_acute","283","cms_pos"
"220177","NANTUCKET COTTAGE HOSPITAL","NANTUCKET","MA","02554","short_term_acute","19","cms_pos"
"221300","MARTHA'S VINEYARD HOSPITAL INC","OAK BLUFFS","MA","02557","critical_access","19","cms_pos"
"221302","FAIRVIEW HOSPITAL","GREAT BARRINGTON","MA","01230","critical_access","25","cms_pos"
"221303","ATHOL MEMORIAL HOSPITAL","ATHOL","MA","01331","critical_access","25","cms_pos"
"221304","NORTH ADAMS REGIONAL HOSPITAL","NORTH ADAMS","MA","01247","critical_access","25","cms_pos"
"222000","SPAULDING HOSPITAL FOR CONTINUING MED CARE-CAMB","CAMBRIDGE","MA","02138","long_term_care","180","cms_pos"
"222002","PAM HEALTH SPECIALTY HOSPITAL OF STOUGHTON","STOUGHTON","MA","02072","long_term_care","198","cms_pos"
"222003","TEWKSBURY HOSPITAL","TEWKSBURY","MA","01876","long_term_care","760","cms_pos"
"222006","LEMUEL SHATTUCK HOSPITAL","JAMAICA PLAIN","MA","02130","long_term_care","260","cms_pos"
"222007","HEBREW REHABILITATION CENTER","BOSTON","MA","02131","long_term_care","675","cms_pos"
"222023","WESTERN MASSACHUSETTS HOSPITAL","WESTFIELD","MA","01085","long_term_care","102","cms_pos"
"222043","VIBRA HOSPITAL OF SOUTHEASTERN MASSACHUSETTS","NEW BEDFORD","MA","02745","long_term_care","90","cms_pos"
"222046","VIBRA HOSPITAL OF WESTERN MASS - CENTRAL CAMPUS","ROCHDALE","MA","01542","long_term_care","174","cms_pos"
"222047","WHITTIER REHABILITATION HOSPITAL - BRADFORD","BRADFORD","MA","01835","long_term_care","60","cms_pos"
"222048","WHITTIER REHABILITATION HOSPITAL","WESTBOROUGH","MA","01581","long_term_care","88","cms_pos"
"223026","ENCOMPASS HEALTH REHABILITATION HOSP OF NEW ENGLAN","WOBURN","MA","01801","rehabilitation","210","cms_pos"
"223027","ENCOMPASS HEALTH BRAINTREE HOSPITAL OF BRAINTREE","BRAINTREE","MA","02184","rehabilitation","187","cms_pos"
"223029","FAIRLAWN REHAB HOSP, AN AFFILIATE OF ENCOMPASS HLT","WORCESTER","MA","01602","rehabilitation","110","cms_pos"
"223030","ENCOMPASS HEALTH REHAB HOSPITAL OF WESTERN MASS","LUDLOW","MA","01056","rehabilitation","53","cms_pos"
"223032","SPAULDING REHABILITATION HOSPITAL - CAPE COD","EAST SANDWICH","MA","02537","rehabilitation","60","cms_pos"
"223034","SPAULDING REHABILITATION HOSPITAL","CHARLESTOWN","MA","02129","rehabilitation","132","cms_pos"
"223300","FRANCISCAN HOSPITAL FOR CHILDREN","BRIGHTON","MA","02135","childrens","112","cms_pos"
"223302","BOSTON CHILDREN'S HOSPITAL","BOSTON","MA","02115","childrens","395","cms_pos"
"223304","SHRINERS' HOSPITAL FOR CHILDREN - BOSTON, THE","BOSTON","MA","02114","childrens","30","cms_pos"
"224001","TAUNTON STATE HOSPITAL","TAUNTON","MA","02780","psychiatric","45","cms_pos"
"224007","MCLEAN HOSPITAL CORPORATION","BELMONT","MA","02478","psychiatric","324","cms_pos"
"224013","ARBOUR HOSPITAL, THE","BOSTON","MA","02130","psychiatric","118","cms_pos"
"224018","ARBOUR HUMAN RESOURCE INSTITUTE","BROOKLINE","MA","02446","psychiatric","68","cms_pos"
"224021","ARBOUR-FULLER HOSPITAL","SOUTH ATTLEBORO","MA","02703","psychiatric","86","cms_pos"
"224022","BOURNEWOOD HOSPITAL","BOSTON COLLEGE","MA","02467","psychiatric","90","cms_pos"
"224023","WESTWOOD PEMBROKE HEALTH SYSTEMS","WESTWOOD","MA","02090","psychiatric","248","cms_pos"
"224028","DR JOHN C CORRIGAN MENTAL HEALTH CENTER","FALL RIVER","MA","02720","psychiatric","16","cms_pos"
"224031","CAPE COD & ISLANDS COMMUNITY MENTAL HEALTH CENTER","POCASSET","MA","02559","psychiatric","16","cms_pos"
"224032","WORCESTER RECOVERY CENTER AND HOSPITAL","WORCESTER","MA","01604","psychiatric","166","cms_pos"
"224038","WALDEN BEHAVIORAL CARE, LLC","DEDHAM","MA","02026","psychiatric","45","cms_pos"
"224039","WHITTIER PAVILION","HAVERHILL","MA","01830","psychiatric","71","cms_pos"
"224040","DR SOLOMON CARTER FULLER MENTAL HEALTH CENTER","BOSTON","MA","02118","psychiatric","60","cms_pos"
"224041","SOUTHCOAST BEHAVIORAL HEALTH","DARTMOUTH","MA","02747","psychiatric","120","cms_pos"
"224043","TARAVISTA BEHAVIORAL HEALTH CENTER","DEVENS","MA","01434","psychiatric","108","cms_pos"
"224044","WESTBOROUGH BEHAVIORAL HEALTHCARE HOSPITAL LLC","WESTBOROUGH","MA","01581","psychiatric","152","cms_pos"
"224045","HOSPITAL FOR BEHAVIORAL MEDICINE","WORCESTER","MA","01606","psychiatric","82","cms_pos"
"224046","MIRAVISTA BEHAVIORAL HEALTH CENTER","HOLYOKE","MA","01040","psychiatric","36","cms_pos"
"224047","VALLEY SPRINGS BEHAVIORAL HEALTH HOSPITAL","HOLYOKE","MA","01040","psychiatric","150","cms_pos"
"224048","ACADIA-TUFTS MEDICINE JV, LLC","MALDEN","MA","02148","psychiatric","24","cms_pos"
"230002","TRINITY HEALTH LIVONIA HOSPITAL","LIVONIA","MI","48154","short_term_acute","273","cms_pos"
"230003","COREWELL HEALTH ZEELAND HOSPITAL","ZEELAND","MI","49464","short_term_acute","57","cms_pos"
"230005","PROMEDICA CHARLES AND VIRGINIA HICKMAN HOSPITAL","ADRIAN","MI","49221","short_term_acute","88","cms_pos"
"230015","THREE RIVERS HEALTH","THREE RIVERS","MI","49093","short_term_acute","60","cms_pos"
"230017","BRONSON METHODIST HOSPITAL","KALAMAZOO","MI","49007","short_term_acute","380","cms_pos"
"230019","HENRY FORD HEALTH PROVIDENCE SOUTHFIELD HOSPITAL","SOUTHFIELD","MI","48075","short_term_acute","434","cms_pos"
"230020","COREWELL HEALTH DEARBORN HOSPITAL","DEARBORN","MI","48124","short_term_acute","623","cms_pos"
"230021","COREWELL HEALTH LAKELAND HOSPITALS ST JOSEPH HOSPI","ST JOSEPH","MI","49085","short_term_acute","313","cms_pos"
"230022","INSIGHT HOSPITAL AND MEDICAL CENTER COLDWATER","COLDWATER","MI","49036","short_term_acute","110","cms_pos"
"230024","SINAI-GRACE HOSPITAL","DETROIT","MI","48235","short_term_acute","991","cms_pos"
"230029","TRINITY HEALTH OAKLAND HOSPITAL","PONTIAC","MI","48341","short_term_acute","395","cms_pos"
"230030","MYMICHIGAN MEDICAL CENTER ALMA","ALMA","MI","48801","short_term_acute","142","cms_pos"
"230031","LAKE HURON MEDICAL CENTER","PORT HURON","MI","48060","short_term_acute","119","cms_pos"
"230035","COREWELL HEALTH UNITED HOSPITAL","GREENVILLE","MI","48838","short_term_acute","48","cms_pos"
"230036","MYMICHIGAN MEDICAL CENTER ALPENA","ALPENA","MI","49707","short_term_acute","150","cms_pos"
"230037","HILLSDALE HOSPITAL","HILLSDALE","MI","49242","short_term_acute","86","cms_pos"
"230038","COREWELL HEALTH GRAND RAPIDS HOSPITALS BUTTERWORTH","GRAND RAPIDS","MI","49503","short_term_acute","1135","cms_pos"
"230041","MCLAREN BAY REGION","BAY CITY","MI","48708","short_term_acute","387","cms_pos"
"230046","UNIVERSITY OF MICHIGAN HEALTH","ANN ARBOR","MI","48109","short_term_acute","884","cms_pos"
"230047","HENRY FORD HEALTH MACOMB HOSPITAL","CLINTON TOWNSHIP","MI","48038","short_term_acute","361","cms_pos"
"230053","HENRY FORD HEALTH HOSPITAL","DETROIT","MI","48202","short_term_acute","903","cms_pos"
"230054","UP HEALTH SYSTEM - MARQUETTE","MARQUETTE","MI","49855","short_term_acute","289","cms_pos"
"230058","MUNSON HEALTHCARE GRAYLING HOSPITAL","GRAYLING","MI","49738","short_term_acute","90","cms_pos"
"230059","TRINITY HEALTH GRAND RAPIDS HOSPITAL","GRAND RAPIDS","MI","49503","short_term_acute","230","cms_pos"
"230066","TRINITY HEALTH MUSKEGON HOSPITAL","MUSKEGON","MI","49441","short_term_acute","382","cms_pos"
"230069","TRINITY HEALTH LIVINGSTON HOSPITAL","HOWELL","MI","48843","short_term_acute","136","cms_pos"
"230070","COVENANT MEDICAL CENTER","SAGINAW","MI","48602","short_term_acute","623","cms_pos"
"230071","STRAITH HOSPITAL FOR SPECIAL SURGERY","SOUTHFIELD","MI","48033","short_term_acute","34","cms_pos"
"230072","HOLLAND HOSPITAL","HOLLAND","MI","49423","short_term_acute","193","cms_pos"
"230075","BRONSON BATTLE CREEK HOSPITAL","BATTLE CREEK","MI","49017","short_term_acute","204","cms_pos"
"230077","MYMICHIGAN MEDICAL CENTER SAGINAW","SAGINAW","MI","48601","short_term_acute","268","cms_pos"
"230078","COREWELL HEALTH WATERVLIET HOSPITAL","WATERVLIET","MI","49098","short_term_acute","62","cms_pos"
"230080","MCLAREN CENTRAL MICHIGAN","MOUNT PLEASANT","MI","48858","short_term_acute","151","cms_pos"
"230081","MUNSON HEALTHCARE CADILLAC HOSPITAL","CADILLAC","MI","49601","short_term_acute","117","cms_pos"
"230085","BRONSON SOUTH HAVEN HOSPITAL","SOUTH HAVEN","MI","49090","short_term_acute","82","cms_pos"
"230089","COREWELL HEALTH BEAUMONT GROSSE POINTE HOSPITAL","GROSSE POINTE","MI","48230","short_term_acute","311","cms_pos"
"230092","HENRY FORD HEALTH JACKSON HOSPITAL","JACKSON","MI","49201","short_term_acute","412","cms_pos"
"230093","COREWELL HEALTH BIG RAPIDS HOSPITAL","BIG RAPIDS","MI","49307","short_term_acute","74","cms_pos"
"230095","MYMICHIGAN MEDICAL CENTER WEST BRANCH","WEST BRANCH","MI","48661","short_term_acute","88","cms_pos"
"230097","MUNSON MEDICAL CENTER","TRAVERSE CITY","MI","49684","short_term_acute","377","cms_pos"
"230099","PROMEDICA MONROE REGIONAL HOSPITAL","MONROE","MI","48162","short_term_acute","217","cms_pos"
"230100","MYMICHIGAN MEDICAL CENTER TAWAS","TAWAS CITY","MI","48764","short_term_acute","60","cms_pos"
"230104","HARPER UNIVERSITY HOSPITAL","DETROIT","MI","48201","short_term_acute","712","cms_pos"
"230105","MCLAREN NORTHERN MICHIGAN","PETOSKEY","MI","49770","short_term_acute","243","cms_pos"
"230108","UP HEALTH SYSTEM PORTAGE","HANCOCK","MI","49930","short_term_acute","36","cms_pos"
"230110","COREWELL HEALTH LUDINGTON HOSPITAL","LUDINGTON","MI","49431","short_term_acute","81","cms_pos"
"230117","BEACON KALAMAZOO","KALAMAZOO","MI","49048","short_term_acute","372","cms_pos"
"230121","MEMORIAL HEALTHCARE","OWOSSO","MI","48867","short_term_acute","115","cms_pos"
"230130","COREWELL HEALTH WILLIAM BEAUMONT UNIVERSITY HOSPIT","ROYAL OAK","MI","48073","short_term_acute","1031","cms_pos"
"230132","HURLEY MEDICAL CENTER","FLINT","MI","48503","short_term_acute","383","cms_pos"
"230133","MUNSON HEALTHCARE OTSEGO MEMORIAL HOSPITAL","GAYLORD","MI","49735","short_term_acute","53","cms_pos"
"230141","MCLAREN FLINT","FLINT","MI","48532","short_term_acute","368","cms_pos"
"230142","COREWELL HEALTH WAYNE HOSPITAL","WAYNE","MI","48184","short_term_acute","259","cms_pos"
"230144","FOREST HEALTH MEDICAL CENTER","YPSILANTI","MI","48198","short_term_acute","148","cms_pos"
"230146","WYANDOTTE HOSPITAL AND MEDICAL CENTER","WYANDOTTE","MI","48192","short_term_acute","345","cms_pos"
"230151","COREWELL HEALTH FARMINGTON HILLS HOSPITAL","FARMINGTON HILLS","MI","48336","short_term_acute","305","cms_pos"
"230156","TRINITY HEALTH ANN ARBOR HOSPITAL","YPSILANTI","MI","48197","short_term_acute","505","cms_pos"
"230165","HENRY FORD HEALTH -ST JOHN HOSPITAL","DETROIT","MI","48236","short_term_acute","625","cms_pos"
"230167","MCLAREN GREATER LANSING","LANSING","MI","48910","short_term_acute","363","cms_pos"
"230174","TRINITY HEALTH GRAND HAVEN HOSPITAL","GRAND HAVEN","MI","49417","short_term_acute","81","cms_pos"
"230176","COREWELL HEALTH TRENTON HOSPITAL","TRENTON","MI","48183","short_term_acute","195","cms_pos"
"230180","MYMICHIGAN MEDICAL CENTER CLARE","CLARE","MI","48617","short_term_acute","64","cms_pos"
"230193","MCLAREN LAPEER REGION","LAPEER","MI","48446","short_term_acute","183","cms_pos"
"230195","HENRY FORD HEALTH WARREN HOSPITAL","WARREN","MI","48093","short_term_acute","348","cms_pos"
"230197","HENRY FORD GENESYS HOSPITAL","GRAND BLANC","MI","48439","short_term_acute","410","cms_pos"
"230207","MCLAREN OAKLAND","PONTIAC","MI","48342","short_term_acute","308","cms_pos"
"230208","UNIVERSITY OF MICHIGAN HEALTH-SPARROW CARSON","CARSON CITY","MI","48811","short_term_acute","103","cms_pos"
"230216","MCLAREN PORT HURON","PORT HURON","MI","48060","short_term_acute","163","cms_pos"
"230217","OAKLAWN HOSPITAL","MARSHALL","MI","49068","short_term_acute","94","cms_pos"
"230222","MYMICHIGAN MEDICAL CENTER MIDLAND","MIDLAND","MI","48670","short_term_acute","230","cms_pos"
"230227","MCLAREN MACOMB","MOUNT CLEMENS","MI","48043","short_term_acute","288","cms_pos"
"230230","UNIVERSITY OF MICHIGAN HEALTH-SPARROW LANSING","LANSING","MI","48912","short_term_acute","617","cms_pos"
"230236","UNIVERSITY OF MICHIGAN HEALTH - WEST","WYOMING","MI","49519","short_term_acute","208","cms_pos"
"230239","MYMICHIGAN MEDICAL CENTER SAULT","SAULT SAINTE MARIE","MI","49783","short_term_acute","82","cms_pos"
"230241","HENRY FORD HEALTH RIVER DISTRICT HOSPITAL","EAST CHINA","MI","48054","short_term_acute","68","cms_pos"
"230244","GARDEN CITY HOSPITAL","GARDEN CITY","MI","48135","short_term_acute","323","cms_pos"
"230254","HENRY FORD ROCHESTER HOSPITAL","ROCHESTER","MI","48307","short_term_acute","290","cms_pos"
"230259","CHELSEA HOSPITAL","CHELSEA","MI","48118","short_term_acute","83","cms_pos"
"230264","INSIGHT SURGICAL HOSPITAL","WARREN","MI","48091","short_term_acute","20","cms_pos"
"230269","COREWELL HEALTH BEAUMONT TROY HOSPITAL","TROY","MI","48085","short_term_acute","254","cms_pos"
"230270","COREWELL HEALTH TAYLOR HOSPITAL","TAYLOR","MI","48180","short_term_acute","163","cms_pos"
"230273","DETROIT RECEIVING HOSPITAL & UNIV HEALTH CENTER","DETROIT","MI","48201","short_term_acute","320","cms_pos"
"230275","HEALTHSOURCE SAGINAW","SAGINAW","MI","48603","short_term_acute","278","cms_pos"
"230277","HURON VALLEY-SINAI HOSPITAL","COMMERCE TOWNSHIP","MI","48382","short_term_acute","153","cms_pos"
"230279","HENRY FORD HEALTH BRIGHTON CENTER FOR RECOVERY","BRIGHTON","MI","48116","short_term_acute","63","cms_pos"
"230297","KARMANOS CANCER CENTER","DETROIT","MI","48201","short_term_acute","123","cms_pos"
"230301","SURGEONS CHOICE MEDICAL CENTER","SOUTHFIELD","MI","48075","short_term_acute","45","cms_pos"
"230302","HENRY FORD HEALTH WEST BLOOMFIELD HOSPITAL","WEST BLOOMFIELD","MI","48322","short_term_acute","191","cms_pos"
"230303","MUNSON HEALTHCARE MANISTEE HOSPITAL","MANISTEE","MI","49660","short_term_acute","25","cms_pos"
"230779","STURGIS HOSPITAL","STURGIS","MI","49091","rural_emergency","49","cms_pos"
"231300","PAUL OLIVER MEMORIAL HOSPITAL","FRANKFORT","MI","49635","critical_access","8","cms_pos"
"231301","KALKASKA MEMORIAL HEALTH CENTER","KALKASKA","MI","49646","critical_access","8","cms_pos"
"231303","SCHOOLCRAFT MEMORIAL HOSPITAL","MANISTIQUE","MI","49854","critical_access","25","cms_pos"
"231304","HELEN NEWBERRY JOY HOSPITAL","NEWBERRY","MI","49868","critical_access","25","cms_pos"
"231305","MYMICHIGAN MEDICAL CENTER STANDISH","STANDISH","MI","48658","critical_access","25","cms_pos"
"231306","MACKINAC STRAITS HOSPITAL AND HEALTH CENTER","SAINT IGNACE","MI","49781","critical_access","15","cms_pos"
"231307","BARAGA COUNTY MEMORIAL HOSPITAL","L' ANSE","MI","49946","critical_access","24","cms_pos"
"231308","MUNISING MEMORIAL HOSPITAL","MUNISING","MI","49862","critical_access","25","cms_pos"
"231310","SCHEURER HEALTH - PIGEON","PIGEON","MI","48755","critical_access","25","cms_pos"
"231311","DECKERVILLE COMMUNITY HOSPITAL","DECKERVILLE","MI","48427","critical_access","15","cms_pos"
"231312","SHERIDAN COMMUNITY HOSPITAL","SHERIDAN","MI","48884","critical_access","25","cms_pos"
"231313","HARBOR BEACH COMMUNITY HOSPITAL","HARBOR BEACH","MI","48441","critical_access","17","cms_pos"
"231314","MCKENZIE HEALTH SYSTEM","SANDUSKY","MI","48471","critical_access","25","cms_pos"
"231315","BEACON DOWAGIAC","DOWAGIAC","MI","49047","critical_access","25","cms_pos"
"231316","HILLS & DALES GENERAL HOSPITAL","CASS CITY","MI","48726","critical_access","25","cms_pos"
"231318","ASPIRUS IRON RIVER HOSPITAL & CLINICS, INC","IRON RIVER","MI","49935","critical_access","25","cms_pos"
"231319","ASPIRUS KEWEENAW HOSPITAL","LAURIUM","MI","49913","critical_access","25","cms_pos"
"231320","TRINITY HEALTH SHELBY HOSPITAL","SHELBY","MI","49455","critical_access","24","cms_pos"
"231321","BELL HOSPITAL","ISHPEMING","MI","49849","critical_access","25","cms_pos"
"231322","MUNSON HEALTHCARE CHARLEVOIX HOSPITAL","CHARLEVOIX","MI","49720","critical_access","25","cms_pos"
"231323","COREWELL HEALTH REED CITY HOSPITAL","REED CITY","MI","49677","critical_access","25","cms_pos"
"231324","EATON RAPIDS MEDICAL CENTER","EATON RAPIDS","MI","48827","critical_access","25","cms_pos"
"231325","MYMICHIGAN MEDICAL CENTER GLADWIN","GLADWIN","MI","48624","critical_access","25","cms_pos"
"231326","UNIVERSITY OF MICHIGAN HEALTH- SPARROW CLINTON","SAINT JOHNS","MI","48879","critical_access","25","cms_pos"
"231327","UNIVERSITY OF MICHIGAN HEALTH - SPARROW EATON","CHARLOTTE","MI","48813","critical_access","25","cms_pos"
"231328","BEACON ALLEGAN","ALLEGAN","MI","49010","critical_access","25","cms_pos"
"231329","MCLAREN CARO REGION","CARO","MI","48723","critical_access","25","cms_pos"
"231330","MARLETTE REGIONAL HOSPITAL","MARLETTE","MI","48453","critical_access","25","cms_pos"
"231331","UNIVERSITY OF MICHIGAN HEALTH-SPARROW IONIA","IONIA","MI","48846","critical_access","25","cms_pos"
"231332","BRONSON LAKEVIEW HOSPITAL","PAW PAW","MI","49079","critical_access","25","cms_pos"
"231333","ASPIRUS IRONWOOD HOSPITAL","IRONWOOD","MI","49938","critical_access","25","cms_pos"
"231337","OSF SAINT FRANCIS HOSPITAL","ESCANABA","MI","49829","critical_access","25","cms_pos"
"231338","COREWELL HEALTH GERBER HOSPITAL","FREMONT","MI","49412","critical_access","61","cms_pos"
"231339","COREWELL HEALTH PENNOCK HOSPITAL","HASTINGS","MI","49058","critical_access","25","cms_pos"
"231340","MCLAREN THUMB REGION","BAD AXE","MI","48413","critical_access","64","cms_pos"
"231341","BRONSON SOUTH HAVEN HOSPITAL","SOUTH HAVEN","MI","49090","critical_access","","cms_pos"
"231342","MARSHFIELD MEDICAL CENTER","IRON MOUNTAIN","MI","49801","critical_access","96","cms_pos"
"232012","SELECT SPECIALTY HOSPITAL-FLINT","FLINT","MI","48532","long_term_care","36","cms_pos"
"232019","VIBRA HOSPITAL OF SOUTHEASTERN MI-TAYLOR CAMPUS","TAYLOR","MI","48180","long_term_care","220","cms_pos"
"232023","SELECT SPECIALTY HOSPITAL-MACOMB COUNTY","MOUNT CLEMENS","MI","48043","long_term_care","36","cms_pos"
"232024","SELECT SPECIALTY HOSPITAL-ANN ARBOR","YPSILANTI","MI","48197","long_term_care","36","cms_pos"
"232029","SELECT SPECIALTY HOSPITAL - COREWELL HEALTH GR","GRAND RAPIDS","MI","49506","long_term_care","146","cms_pos"
"232031","SELECT SPECIALTY HOSPITAL-WYANDOTTE, LLC","WYANDOTTE","MI","48192","long_term_care","40","cms_pos"
"232033","SELECT SPECIALTY HOSPITAL-SAGINAW","SAGINAW","MI","48602","long_term_care","32","cms_pos"
"232034","BEACON PLAINWELL","PLAINWELL","MI","49080","long_term_care","43","cms_pos"
"232035","SELECT SPECIALTY HOSPITAL- BATTLE CREEK","BATTLE CREEK","MI","49016","long_term_care","25","cms_pos"
"232037","UNIVERSITY OF MICHIGAN HEALTH-SPARROW SPECIALTY HO","LANSING","MI","48912","long_term_care","36","cms_pos"
"232039","PIONEER SPECIALTY HOSPITAL","PONTIAC","MI","48342","long_term_care","30","cms_pos"
"233026","MARY FREE BED REHABILITATION HOSPITAL","GRAND RAPIDS","MI","49503","rehabilitation","167","cms_pos"
"233027","REHABILITATION INSTITUTE OF MICHIGAN","DETROIT","MI","48201","rehabilitation","94","cms_pos"
"233300","CHILDREN'S HOSPITAL OF MICHIGAN","DETROIT","MI","48201","childrens","228","cms_pos"
"234006","PINE REST CHRISTIAN MENTAL HEALTH SERVICES","GRAND RAPIDS","MI","49548","psychiatric","118","cms_pos"
"234011","HENRY FORD HEALTH BEHAVIORAL HEALTH HOSPITAL","WEST BLOOMFIELD","MI","48322","psychiatric","100","cms_pos"
"234021","HARBOR OAKS HOSPITAL","NEW BALTIMORE","MI","48047","psychiatric","140","cms_pos"
"234023","HAVENWYCK HOSPITAL","AUBURN HILLS","MI","48326","psychiatric","120","cms_pos"
"234025","CARO PSYCHIATRIC HOSPITAL","CARO","MI","48723","psychiatric","208","cms_pos"
"234026","KALAMAZOO REGIONAL PSYCHIATRIC HOSPITAL","KALAMAZOO","MI","49008","psychiatric","210","cms_pos"
"234030","FOREST VIEW PSYCHIATRIC HOSPITAL","GRAND RAPIDS","MI","49546","psychiatric","62","cms_pos"
"234035","WALTER P REUTHER PSYCHIATRIC HOSPITAL","WESTLAND","MI","48185","psychiatric","242","cms_pos"
"234038","STONECREST CENTER","DETROIT","MI","48205","psychiatric","162","cms_pos"
"234040","SAMARITAN BEHAVIORAL CENTER","DETROIT","MI","48213","psychiatric","55","cms_pos"
"234041","THE CENTER FOR FORENSIC PSYCHIATRY","SALINE","MI","48176","psychiatric","240","cms_pos"
"234042","THE BEHAVIORAL CENTER OF MICHIGAN","WARREN","MI","48092","psychiatric","42","cms_pos"
"234043","CEDAR CREEK HOSPITAL","SAINT JOHNS","MI","48879","psychiatric","34","cms_pos"
"234044","BRIGHTWELL BEHAVIORAL HEALTH","EAST LANSING","MI","48823","psychiatric","23","cms_pos"
"234045","METROPOLITAN BEHAVIORAL HEALTH","DEARBORN","MI","48124","psychiatric","56","cms_pos"
"234046","BRONSON BEHAVIORAL HEALTH HOSPITAL","BATTLE CREEK","MI","49015","psychiatric","93","cms_pos"
"234047","KALAMAZOO BEHAVIORAL HEALTH HOSPITAL","KALAMAZOO","MI","49009","psychiatric","31","cms_pos"
"234048","PONTIAC GENERAL HOSPITAL","PONTIAC","MI","48341","psychiatric","124","cms_pos"
"234049","TRILLIUM BEHAVIORAL HEALTH","WARREN","MI","48089","psychiatric","30","cms_pos"
"234052","SOUTHRIDGE BEHAVIORAL HOSPITAL","BYRON CENTER","MI","49315","psychiatric","96","cms_pos"
"240001","NORTH MEMORIAL HEALTH - ROBBINSDALE HOSPITAL","ROBBINSDALE","MN","55422","short_term_acute","518","cms_pos"
"240002","ESSENTIA HEALTH ST MARY'S MEDICAL CENTER","DULUTH","MN","55805","short_term_acute","380","cms_pos"
"240004","HENNEPIN COUNTY MEDICAL CENTER","MINNEAPOLIS","MN","55415","short_term_acute","894","cms_pos"
"240006","OLMSTED MEDICAL CENTER","ROCHESTER","MN","55904","short_term_acute","61","cms_pos"
"240010","MAYO CLINIC HOSPITAL ROCHESTER","ROCHESTER","MN","55902","short_term_acute","2059","cms_pos"
"240014","NORTHFIELD CITY HOSPITAL","NORTHFIELD","MN","55057","short_term_acute","37","cms_pos"
"240018","MAYO CLINIC HEALTH SYSTEM - RED WING","RED WING","MN","55066","short_term_acute","50","cms_pos"
"240019","ESSENTIA HEALTH DULUTH","DULUTH","MN","55805","short_term_acute","165","cms_pos"
"240020","CAMBRIDGE MEDICAL CENTER","CAMBRIDGE","MN","55008","short_term_acute","86","cms_pos"
"240022","SANFORD WORTHINGTON MEDICAL CENTER","WORTHINGTON","MN","56187","short_term_acute","55","cms_pos"
"240030","ALOMERE HEALTH","ALEXANDRIA","MN","56308","short_term_acute","127","cms_pos"
"240036","CENTRACARE - ST. CLOUD HOSPITAL","SAINT CLOUD","MN","56303","short_term_acute","489","cms_pos"
"240038","UNITED HOSPITAL","SAINT PAUL","MN","55102","short_term_acute","603","cms_pos"
"240040","RANGE REGIONAL HEALTH SERVICES","HIBBING","MN","55746","short_term_acute","175","cms_pos"
"240043","MAYO CLINIC HEALTH SYSTEM ALBERT LEA AND AUSTIN","ALBERT LEA","MN","56007","short_term_acute","181","cms_pos"
"240044","WINONA HEALTH SERVICES","WINONA","MN","55987","short_term_acute","57","cms_pos"
"240047","ASPIRUS ST LUKES HOSPITAL","DULUTH","MN","55805","short_term_acute","267","cms_pos"
"240050","M HEALTH FAIRVIEW LAKES MEDICAL CENTER","WYOMING","MN","55092","short_term_acute","61","cms_pos"
"240053","PARK NICOLLET METHODIST HOSPITAL","SAINT LOUIS PARK","MN","55426","short_term_acute","426","cms_pos"
"240056","RIDGEVIEW MEDICAL CENTER","WACONIA","MN","55387","short_term_acute","109","cms_pos"
"240057","ABBOTT NORTHWESTERN HOSPITAL","MINNEAPOLIS","MN","55407","short_term_acute","996","cms_pos"
"240064","GRAND ITASCA CLINIC AND HOSPITAL","GRAND RAPIDS","MN","55744","short_term_acute","64","cms_pos"
"240066","LAKEVIEW MEMORIAL HOSPITAL","STILLWATER","MN","55082","short_term_acute","97","cms_pos"
"240069","OWATONNA HOSPITAL","OWATONNA","MN","55060","short_term_acute","77","cms_pos"
"240071","ALLINA HEALTH FARIBAULT MEDICAL CENTER","FARIBAULT","MN","55021","short_term_acute","99","cms_pos"
"240075","ESSENTIA HEALTH ST JOSEPH'S MEDICAL CENTER","BRAINERD","MN","56401","short_term_acute","162","cms_pos"
"240076","BUFFALO HOSPITAL","BUFFALO","MN","55313","short_term_acute","65","cms_pos"
"240078","M HEALTH FAIRVIEW SOUTHDALE HOSPITAL","EDINA","MN","55435","short_term_acute","390","cms_pos"
"240080","FAIRVIEW HOSPITAL UNIVERSITY","MINNEAPOLIS","MN","55454","short_term_acute","1700","cms_pos"
"240084","ESSENTIA HEALTH VIRGINIA","VIRGINIA","MN","55792","short_term_acute","83","cms_pos"
"240088","CENTRACARE- RICE MEMORIAL HOSPITAL","WILLMAR","MN","56201","short_term_acute","136","cms_pos"
"240093","MAYO CLINIC HEALTH SYSTEM - MANKATO","MANKATO","MN","56001","short_term_acute","272","cms_pos"
"240100","SANFORD BEMIDJI MEDICAL CENTER","BEMIDJI","MN","56601","short_term_acute","118","cms_pos"
"240101","ESSENTIA HEALTH ST MARYS - DETROIT LAKES","DETROIT LAKES","MN","56501","short_term_acute","87","cms_pos"
"240104","ST FRANCIS REGIONAL MEDICAL CENTER","SHAKOPEE","MN","55379","short_term_acute","93","cms_pos"
"240106","REGIONS HOSPITAL","SAINT PAUL","MN","55101","short_term_acute","554","cms_pos"
"240115","MERCY HOSPITAL","COON RAPIDS","MN","55433","short_term_acute","573","cms_pos"
"240141","M HEALTH FAIRVIEW NORTHLAND MEDICAL CENTER","PRINCETON","MN","55371","short_term_acute","54","cms_pos"
"240166","MAYO CLINIC HEALTH SYSTEM - FAIRMONT","FAIRMONT","MN","56031","short_term_acute","57","cms_pos"
"240187","HUTCHINSON HEALTH","HUTCHINSON","MN","55350","short_term_acute","66","cms_pos"
"240207","M HEALTH FAIRVIEW RIDGES HOSPITAL","BURNSVILLE","MN","55337","short_term_acute","150","cms_pos"
"240210","M HEALTH FAIRVIEW ST JOHN'S HOSPITAL","MAPLEWOOD","MN","55109","short_term_acute","184","cms_pos"
"240213","M HEALTH FAIRVIEW WOODWINDS HOSPITAL","WOODBURY","MN","55125","short_term_acute","86","cms_pos"
"240214","MAPLE GROVE HOSPITAL","MAPLE GROVE","MN","55369","short_term_acute","90","cms_pos"
"240779","MAHNOMEN HEALTH CENTER","MAHNOMEN","MN","56557","rural_emergency","18","cms_pos"
"241301","LAKEWOOD HEALTH CENTER","BAUDETTE","MN","56623","critical_access","15","cms_pos"
"241302","SANFORD WESTBROOK MEDICAL CENTER","WESTBROOK","MN","56183","critical_access","8","cms_pos"
"241303","SANFORD TRACY MEDICAL CENTER","TRACY","MN","56175","critical_access","25","cms_pos"
"241304","SANFORD WHEATON MEDICAL CENTER","WHEATON","MN","56296","critical_access","25","cms_pos"
"241305","RIVERWOOD HEALTHCARE CENTER","AITKIN","MN","56431","critical_access","31","cms_pos"
"241306","OLIVIA HOSPITAL & CLINIC","OLIVIA","MN","56277","critical_access","16","cms_pos"
"241308","ASPIRUS LAKE VIEW HOSPITAL","TWO HARBORS","MN","55616","critical_access","25","cms_pos"
"241309","ESSENTIA HEALTH SANDSTONE","SANDSTONE","MN","55072","critical_access","35","cms_pos"
"241311","RIDGEVIEW SIBLEY MEDICAL CENTER","ARLINGTON","MN","55307","critical_access","20","cms_pos"
"241312","COOK COMMUNITY HOSPITAL","COOK","MN","55723","critical_access","14","cms_pos"
"241313","ESSENTIA HEALTH ADA","ADA","MN","56510","critical_access","14","cms_pos"
"241314","JOHNSON MEMORIAL HOSPITAL AND HOME","DAWSON","MN","56232","critical_access","24","cms_pos"
"241315","SANFORD JACKSON MEDICAL CENTER","JACKSON","MN","56143","critical_access","20","cms_pos"
"241316","BIGFORK VALLEY HOSPITAL","BIGFORK","MN","56628","critical_access","20","cms_pos"
"241317","NORTH SHORE HEALTH","GRAND MARAIS","MN","55604","critical_access","16","cms_pos"
"241318","ELY - BLOOMENSON COMMUNITY HOSPITAL","ELY","MN","55731","critical_access","21","cms_pos"
"241319","MURRAY COUNTY MEMORIAL HOSPITAL","SLAYTON","MN","56172","critical_access","25","cms_pos"
"241320","RIVERVIEW HOSPITAL","CROOKSTON","MN","56716","critical_access","49","cms_pos"
"241321","ESSENTIA HEALTH HOLY TRINITY HOSPITAL","GRACEVILLE","MN","56240","critical_access","15","cms_pos"
"241322","RAINY LAKE MEDICAL CENTER","INTERNATIONAL FALLS","MN","56649","critical_access","25","cms_pos"
"241323","MADELIA HEALTH","MADELIA","MN","56062","critical_access","25","cms_pos"
"241325","CCM HEALTH","MONTEVIDEO","MN","56265","critical_access","30","cms_pos"
"241326","CENTRACARE - LONG PRAIRIE HOSPITAL","LONG PRAIRIE","MN","56347","critical_access","34","cms_pos"
"241327","SLEEPY EYE MEDICAL CENTER","SLEEPY EYE","MN","56085","critical_access","16","cms_pos"
"241328","SANFORD BAGLEY MEDICAL CENTER","BAGLEY","MN","56621","critical_access","25","cms_pos"
"241329","LAKEWOOD HEALTH SYSTEM","STAPLES","MN","56479","critical_access","37","cms_pos"
"241330","CENTRACARE - MELROSE HOSPITAL","MELROSE","MN","56352","critical_access","28","cms_pos"
"241332","WINDOM AREA HEALTH","WINDOM","MN","56101","critical_access","18","cms_pos"
"241333","MAYO CLINIC HEALTH SYSTEM ST. JAMES","ST JAMES","MN","56081","critical_access","25","cms_pos"
"241334","RIVER'S EDGE HOSPITAL & CLINIC","ST PETER","MN","56082","critical_access","17","cms_pos"
"241335","GUNDERSEN ST ELIZABETH'S HOSPITAL AND CLINICS","WABASHA","MN","55981","critical_access","25","cms_pos"
"241336","KITTSON HEALTHCARE","HALLOCK","MN","56728","critical_access","15","cms_pos"
"241337","NORTH VALLEY HEALTH CENTER","WARREN","MN","56762","critical_access","12","cms_pos"
"241338","MAYO CLINIC HEALTH SYSTEM - LAKE CITY","LAKE CITY","MN","55041","critical_access","18","cms_pos"
"241339","HENDRICKS COMMUNITY HOSPITAL","HENDRICKS","MN","56136","critical_access","24","cms_pos"
"241340","ESSENTIA HEALTH NORTHERN PINES MEDICAL CENTER","AURORA","MN","55705","critical_access","16","cms_pos"
"241341","APPLETON AREA HEALTH","APPLETON","MN","56208","critical_access","15","cms_pos"
"241342","ORTONVILLE MUNICIPAL HOSPITAL","ORTONVILLE","MN","56278","critical_access","29","cms_pos"
"241343","AVERA GRANITE FALLS","GRANITE FALLS","MN","56241","critical_access","30","cms_pos"
"241344","LIFECARE MEDICAL CENTER","ROSEAU","MN","56751","critical_access","15","cms_pos"
"241345","MAYO CLINIC HEALTH SYSTEM-WASECA","WASECA","MN","56093","critical_access","25","cms_pos"
"241346","MAYO CLINIC HEALTH SYSTEM-CANNON FALLS","CANNON FALLS","MN","55009","critical_access","15","cms_pos"
"241347","SANFORD CANBY MEDICAL CENTER","CANBY","MN","56220","critical_access","27","cms_pos"
"241348","AVERA TYLER HOSPITAL","TYLER","MN","56178","critical_access","20","cms_pos"
"241349","CENTRACARE - PAYNESVILLE HOSPITAL","PAYNESVILLE","MN","56362","critical_access","36","cms_pos"
"241350","ESSENTIA HEALTH MOOSE LAKE","MOOSE LAKE","MN","55767","critical_access","25","cms_pos"
"241351","CENTRACARE - REDWOOD","REDWOOD FALLS","MN","56283","critical_access","31","cms_pos"
"241353","CUYUNA REGIONAL MEDICAL CENTER","CROSBY","MN","56441","critical_access","42","cms_pos"
"241354","ASTERA HEALTH","WADENA","MN","56482","critical_access","49","cms_pos"
"241355","GLENCOE REGIONAL HEALTH","GLENCOE","MN","55336","critical_access","49","cms_pos"
"241356","MILLE LACS HEALTH SYSTEM","ONAMIA","MN","56359","critical_access","31","cms_pos"
"241357","ESSENTIA HEALTH FOSSTON","FOSSTON","MN","56542","critical_access","50","cms_pos"
"241359","AVERA MARSHALL REGIONAL MEDICAL CENTER","MARSHALL","MN","56258","critical_access","49","cms_pos"
"241360","DEER RIVER HEALTHCARE CENTER","DEER RIVER","MN","56636","critical_access","20","cms_pos"
"241361","MAYO CLINIC HEALTH SYSTEM NEW PRAGUE","NEW PRAGUE","MN","56071","critical_access","25","cms_pos"
"241362","CENTRACARE - MONTICELLO HOSPITAL","MONTICELLO","MN","55362","critical_access","39","cms_pos"
"241363","STEVENS COMMUNITY MEDICAL CENTER INC","MORRIS","MN","56267","critical_access","49","cms_pos"
"241364","COMMUNITY MEMORIAL HOSPITAL","CLOQUET","MN","55720","critical_access","36","cms_pos"
"241365","CENTRACARE - BENSON","BENSON","MN","56215","critical_access","31","cms_pos"
"241366","MEEKER MEMORIAL HOSPITAL","LITCHFIELD","MN","55355","critical_access","25","cms_pos"
"241367","WELIA HEALTH","MORA","MN","55051","critical_access","49","cms_pos"
"241368","CENTRACARE-SAUK CENTRE HOSPITAL","SAUK CENTRE","MN","56378","critical_access","28","cms_pos"
"241369","UNITED HOSPITAL DISTRICT","BLUE EARTH","MN","56013","critical_access","43","cms_pos"
"241370","ST GABRIELS HOSPITAL","LITTLE FALLS","MN","56345","critical_access","49","cms_pos"
"241371","SANFORD LUVERNE MEDICAL CENTER","LUVERNE","MN","56156","critical_access","28","cms_pos"
"241372","MADISON HOSPITAL","MADISON","MN","56256","critical_access","12","cms_pos"
"241373","PERHAM HEALTH","PERHAM","MN","56573","critical_access","25","cms_pos"
"241374","PIPESTONE COUNTY  MEDICAL CENTER","PIPESTONE","MN","56164","critical_access","44","cms_pos"
"241375","RIDGEVIEW LESUEUR MEDICAL CENTER","LE SUEUR","MN","56058","critical_access","15","cms_pos"
"241376","GLACIAL RIDGE HOSPITAL","GLENWOOD","MN","56334","critical_access","34","cms_pos"
"241377","ST FRANCIS MEDICAL CENTER","BRECKENRIDGE","MN","56520","critical_access","25","cms_pos"
"241378","NEW ULM MEDICAL CENTER","NEW ULM","MN","56073","critical_access","62","cms_pos"
"241379","LAKE REGION HEALTHCARE CORPORATION","ELBOW LAKE","MN","56531","critical_access","10","cms_pos"
"241380","ST JOSEPHS AREA  HEALTH SERVICES","PARK RAPIDS","MN","56470","critical_access","50","cms_pos"
"241381","SANFORD MEDICAL CENTER THIEF RIVER FALLS","THIEF RIVER FALLS","MN","56701","critical_access","36","cms_pos"
"242004","M HEALTH FAIRVIEW BETHESDA HOSPITAL","SAINT PAUL","MN","55102","long_term_care","254","cms_pos"
"242005","REGENCY HOSPITAL OF MINNEAPOLIS LLC","GOLDEN VALLEY","MN","55422","long_term_care","92","cms_pos"
"243300","GILLETTE CHILDRENS SPECIALTY HEALTHCARE","SAINT PAUL","MN","55106","childrens","60","cms_pos"
"243302","CHILDREN'S HOSPITAL AND CLINICS OF MINNESOTA","MINNEAPOLIS","MN","55404","childrens","279","cms_pos"
"244002","ANOKA METRO REGIONAL TREATMENT CENTER","ANOKA","MN","55303","psychiatric","175","cms_pos"
"244005","CHILD AND ADOLESCENT BEHAVIORAL HEALTH HOSPITAL","WILLMAR","MN","56201","psychiatric","16","cms_pos"
"244011","COMMUNITY BEHAVIORAL HEALTH HOSPITAL ANNANDALE","ANNANDALE","MN","55302","psychiatric","16","cms_pos"
"244012","COMMUNITY BEHAVIORAL HEALTH HOSPITAL ALEXANDRIA","ALEXANDRIA","MN","56308","psychiatric","16","cms_pos"
"244013","COMMUNITY BEHAVIORAL HEALTH HOSPITAL FERGUS FALLS","FERGUS FALLS","MN","56538","psychiatric","16","cms_pos"
"244014","COMMUNITY BEHAVIORAL HEALTH HOSPITAL - BEMIDJI","BEMIDJI","MN","56601","psychiatric","16","cms_pos"
"244015","COMMUNITY BEHAVIORAL HEALTH HOSPITAL - BAXTER","BAXTER","MN","56425","psychiatric","16","cms_pos"
"244016","PRAIRIECARE","BROOKLYN PARK","MN","55443","psychiatric","20","cms_pos"
"244017","COMMUNITY BEHAVIORAL HEALTH HOSPITAL ROCHESTER","ROCHESTER","MN","55904","psychiatric","16","cms_pos"
"244018","SANFORD BEHAVIORAL HEALTH CENTER","THIEF RIVER FALLS","MN","56701","psychiatric","16","cms_pos"
"244019","CAPITOL PARK MENTAL HEALTH HOSPITAL","SAINT PAUL","MN","55103","psychiatric","144","cms_pos"
"250001","UNIVERSITY OF MISSISSIPPI MED CENTER","JACKSON","MS","39216","short_term_acute","710","cms_pos"
"250002","TISHOMINGO HEALTH SERVICES INC","IUKA","MS","38852","short_term_acute","48","cms_pos"
"250004","NORTH MISSISSIPPI MEDICAL CENTER","TUPELO","MS","38801","short_term_acute","650","cms_pos"
"250006","BAPTIST MEMORIAL HOSPITAL UNION COUNTY","NEW ALBANY","MS","38652","short_term_acute","153","cms_pos"
"250009","MAGNOLIA REGIONAL HEALTH CENTER","CORINTH","MS","38834","short_term_acute","164","cms_pos"
"250018","JASPER GENERAL HOSPITAL","BAY SPRINGS","MS","39422","short_term_acute","20","cms_pos"
"250019","MEMORIAL HOSPITAL AT GULFPORT","GULFPORT","MS","39502","short_term_acute","445","cms_pos"
"250020","WEBSTER GENERAL HOSPITAL/ SWING BED","EUPORA","MS","39744","short_term_acute","43","cms_pos"
"250025","NORTH MISSISSIPPI MEDICAL CENTER-GILMORE AMORY","AMORY","MS","38821","short_term_acute","95","cms_pos"
"250027","WINSTON MEDICAL CENTER & SWINGBED","LOUISVILLE","MS","39339","short_term_acute","41","cms_pos"
"250031","MERIT HEALTH RIVER REGION","VICKSBURG","MS","39183","short_term_acute","354","cms_pos"
"250034","BAPTIST MEMORIAL HOSPITAL NORTH MS","OXFORD","MS","38655","short_term_acute","217","cms_pos"
"250036","GEORGE REGIONAL HEALTH SYSTEM","LUCEDALE","MS","39452","short_term_acute","48","cms_pos"
"250038","UMMC- MADISON","CANTON","MS","39046","short_term_acute","67","cms_pos"
"250040","SINGING RIVER HEALTH SYSTEM","PASCAGOULA","MS","39581","short_term_acute","551","cms_pos"
"250042","NORTHWEST MISSISSISSIPPI REGIONAL MEDICAL CENTER","CLARKSDALE","MS","38614","short_term_acute","195","cms_pos"
"250044","BAPTIST MEMORIAL HOSPITAL BOONEVILLE","BOONEVILLE","MS","38829","short_term_acute","114","cms_pos"
"250048","FMOL HEALTH I ST DOMINIC","JACKSON","MS","39216","short_term_acute","571","cms_pos"
"250049","BEACHAM MEMORIAL HOSPITAL","MAGNOLIA","MS","39652","short_term_acute","31","cms_pos"
"250050","BAPTIST MEMORIAL HOSPITAL-OKTIBBEHA COUNTY","STARKVILLE","MS","39759","short_term_acute","96","cms_pos"
"250057","KING'S DAUGHTERS MEDICAL CENTER-BROOKHAVEN","BROOKHAVEN","MS","39601","short_term_acute","122","cms_pos"
"250058","SOUTH CENTRAL REG MED CTR","LAUREL","MS","39440","short_term_acute","285","cms_pos"
"250061","YALOBUSHA GENERAL HOSPITAL","WATER VALLEY","MS","38965","short_term_acute","32","cms_pos"
"250067","NORTH MISSISSIPPI MEDICAL CENTER-WEST POINT","WEST POINT","MS","39773","short_term_acute","60","cms_pos"
"250069","OCHSNER RUSH HOSPITAL","MERIDIAN","MS","39301","short_term_acute","215","cms_pos"
"250072","MERIT HEALTH CENTRAL","JACKSON","MS","39204","short_term_acute","473","cms_pos"
"250077","WAYNE GENERAL HOSPITAL","WAYNESBORO","MS","39367","short_term_acute","80","cms_pos"
"250078","FORREST GENERAL HOSPITAL","HATTIESBURG","MS","39404","short_term_acute","537","cms_pos"
"250081","ANDERSON RMC SOUTH","MERIDIAN","MS","39301","short_term_acute","140","cms_pos"
"250082","DELTA HEALTH SYSTEM - THE MEDICAL CENTER","GREENVILLE","MS","38704","short_term_acute","268","cms_pos"
"250084","MERIT HEALTH NATCHEZ","NATCHEZ","MS","39120","short_term_acute","179","cms_pos"
"250085","MARION GENERAL HOSPITAL","COLUMBIA","MS","39429","short_term_acute","79","cms_pos"
"250093","BOLIVAR MEDICAL CENTER","CLEVELAND","MS","38732","short_term_acute","165","cms_pos"
"250094","MERIT HEALTH WESLEY","HATTIESBURG","MS","39402","short_term_acute","211","cms_pos"
"250095","SOUTH SUNFLOWER COUNTY HOSPITAL","INDIANOLA","MS","38751","short_term_acute","69","cms_pos"
"250096","MERIT HEALTH RANKIN","BRANDON","MS","39042","short_term_acute","134","cms_pos"
"250097","SOUTHWEST MS REGIONAL MEDICAL CENTER","MCCOMB","MS","39649","short_term_acute","160","cms_pos"
"250099","GREENWOOD LEFLORE HOSPITAL","GREENWOOD","MS","38930","short_term_acute","260","cms_pos"
"250100","BMH-GOLDEN TRIANGLE","COLUMBUS","MS","39705","short_term_acute","328","cms_pos"
"250102","MISSISSIPPI BAPTIST MEDICAL CENTER","JACKSON","MS","39202","short_term_acute","639","cms_pos"
"250104","ANDERSON REGIONAL MEDICAL CENTER","MERIDIAN","MS","39301","short_term_acute","260","cms_pos"
"250117","HIGHLAND COMMUNITY  HOSPITAL","PICAYUNE","MS","39466","short_term_acute","60","cms_pos"
"250123","SINGING RIVER GULFPORT","GULFPORT","MS","39503","short_term_acute","130","cms_pos"
"250124","MAGEE GENERAL HOSPITAL","MAGEE","MS","39111","short_term_acute","64","cms_pos"
"250134","WHITFIELD MEDICAL SURGICAL HOSPITAL","WHITFIELD","MS","39193","short_term_acute","43","cms_pos"
"250136","MERIT HEALTH WOMEN'S HOSPITAL","FLOWOOD","MS","39232","short_term_acute","109","cms_pos"
"250138","MERIT HEALTH RIVER OAKS","FLOWOOD","MS","39232","short_term_acute","106","cms_pos"
"250141","BAPTIST MEMORIAL HOSPITAL DESOTO","SOUTHAVEN","MS","38671","short_term_acute","161","cms_pos"
"250151","ALLIANCE HEALTH CENTER ( PSYCH )","MERIDIAN","MS","39301","short_term_acute","134","cms_pos"
"250152","MISSISSIPPI METHODIST REHAB CTR","JACKSON","MS","39216","short_term_acute","124","cms_pos"
"250162","OCHSNER MEDICAL CENTER-HANCOCK","BAY SAINT LOUIS","MS","39520","short_term_acute","104","cms_pos"
"250167","METHODIST HEALTHCARE - OLIVE BRANCH HOSPITAL","OLIVE BRANCH","MS","38654","short_term_acute","60","cms_pos"
"250168","UNIVERSITY OF MISSISSIPPI MEDICAL CENTER- GRENADA","GRENADA","MS","38901","short_term_acute","156","cms_pos"
"250172","HIGHLAND HILLS MEDICAL CENTER","SENATOBIA","MS","38668","short_term_acute","49","cms_pos"
"250174","ALLIANCE HEALTHCARE SYSTEM, INC","HOLLY SPRINGS","MS","38635","short_term_acute","10","cms_pos"
"250780","JEFFERSON COUNTY HOSPITAL","FAYETTE","MS","39069","rural_emergency","30","cms_pos"
"250781","PANOLA MEDICAL CENTER","BATESVILLE","MS","38606","rural_emergency","1","cms_pos"
"250782","GREENE COUNTY HOSPITAL","LEAKESVILLE","MS","39451","rural_emergency","1","cms_pos"
"250783","PERRY COUNTY GENERAL HOSPITAL","RICHTON","MS","39476","rural_emergency","1","cms_pos"
"250784","SHARKEY ISSAQUENA COMMUNITY HOSPITAL","ROLLING FORK","MS","39159","rural_emergency","1","cms_pos"
"250785","PROGRESSIVE HEALTH GROUP OF HOUSTON","HOUSTON","MS","38851","rural_emergency","1","cms_pos"
"250786","SMITH COUNTY  EMERGENCY HOSPITAL","RALEIGH","MS","39153","rural_emergency","1","cms_pos"
"251300","S E LACKEY MEMORIAL HOSPITAL","FOREST","MS","39074","critical_access","35","cms_pos"
"251302","MONROE REGIONAL HOSPITAL","ABERDEEN","MS","39730","critical_access","33","cms_pos"
"251304","TALLAHATCHIE GENERAL HOSPITAL-CAH","CHARLESTON","MS","38921","critical_access","18","cms_pos"
"251305","LAWRENCE COUNTY HOSPITAL CAH","MONTICELLO","MS","39654","critical_access","25","cms_pos"
"251307","NOXUBEE GENERAL CRITICAL ACCESS HOSP","MACON","MS","39341","critical_access","25","cms_pos"
"251308","PONTOTOC HEALTH SERVICE CAH","PONTOTOC","MS","38863","critical_access","25","cms_pos"
"251309","FIELD HEALTH SYSTEM","CENTREVILLE","MS","39631","critical_access","25","cms_pos"
"251312","TYLER HOLMES MEMORIAL HOSPITAL CAH","WINONA","MS","38967","critical_access","25","cms_pos"
"251313","BAPTIST MEDICAL CENTER-YAZOO","YAZOO CITY","MS","39194","critical_access","35","cms_pos"
"251315","BAPTIST MEDICAL CENTER-LEAKE","CARTHAGE","MS","39051","critical_access","25","cms_pos"
"251316","OCHSNER WATKINS HOSPITAL","QUITMAN","MS","39355","critical_access","25","cms_pos"
"251317","SIMPSON GENERAL HOSPITAL CAH","MENDENHALL","MS","39114","critical_access","35","cms_pos"
"251318","NORTH SUNFLOWER MEDICAL CENTER CAH","RULEVILLE","MS","38771","critical_access","35","cms_pos"
"251319","HOLMES COUNTY HOSPITAL AND CLINICS","LEXINGTON","MS","39095","critical_access","25","cms_pos"
"251320","CLAIBORNE COUNTY HOSPITAL","PORT GIBSON","MS","39150","critical_access","35","cms_pos"
"251322","OCHSNER LAIRD HOSPITAL","UNION","MS","39365","critical_access","25","cms_pos"
"251323","OCHSNER SCOTT REGIONAL","MORTON","MS","39117","critical_access","30","cms_pos"
"251324","WALTHALL COUNTY GENERAL HOSPITAL CAH","TYLERTOWN","MS","39667","critical_access","35","cms_pos"
"251325","COVINGTON COUNTY HOSPITAL CAH","COLLINS","MS","39428","critical_access","35","cms_pos"
"251326","JEFFERSON DAVIS COMMUNITY HOSPITAL CAH","PRENTISS","MS","39474","critical_access","35","cms_pos"
"251327","COPIAH COUNTY MEDICAL CENTER","HAZLEHURST","MS","39083","critical_access","35","cms_pos"
"251330","FRANKLIN COUNTY MEMORIAL HOSPITAL","MEADVILLE","MS","39653","critical_access","36","cms_pos"
"251331","BMH-CALHOUN","CALHOUN CITY","MS","38916","critical_access","30","cms_pos"
"251333","PEARL RIVER COUNTY HOSPITAL","POPLARVILLE","MS","39470","critical_access","24","cms_pos"
"251334","CHOCTAW REGIONAL MEDICAL CENTER","ACKERMAN","MS","39735","critical_access","25","cms_pos"
"251335","OCHSNER STENNIS MEMORIAL HOSPITAL","DE KALB","MS","39328","critical_access","25","cms_pos"
"251336","BAPTIST MEDICAL CENTER-ATTALA","KOSCIUSKO","MS","39090","critical_access","25","cms_pos"
"251337","TIPPAH COUNTY HOSPITAL","RIPLEY","MS","38663","critical_access","45","cms_pos"
"251339","QUITMAN COMMUNITY HOSPITAL","MARKS","MS","38646","critical_access","25","cms_pos"
"251340","NESHOBA COUNTY GENERAL HOSPITAL","PHILADELPHIA","MS","39350","critical_access","25","cms_pos"
"252003","SELECT SPECIALTY HOSPITAL - BELHAVEN","JACKSON","MS","39202","long_term_care","25","cms_pos"
"252004","OCHSNER SPECIALTY HOSPITAL","MERIDIAN","MS","39301","long_term_care","49","cms_pos"
"252005","SELECT SPECIALTY HOSPITAL-GULF COAST, INC","GULFPORT","MS","39501","long_term_care","70","cms_pos"
"252006","REGENCY HOSPITAL OF MERIDIAN","MERIDIAN","MS","39301","long_term_care","40","cms_pos"
"252007","SELECT SPECIALTY HOSPITAL JACKSON","JACKSON","MS","39211","long_term_care","53","cms_pos"
"252013","ALLEGIANCE SPECIALTY HOSPITAL OF GREENVILLE","GREENVILLE","MS","38701","long_term_care","69","cms_pos"
"252014","NORTH MISSISSIPPI SPECIALTY HOSPITAL","BATESVILLE","MS","38606","long_term_care","31","cms_pos"
"253027","ENCOMPASS HEALTH REHABILITATION HOSPITAL, PARTNER","GULFPORT","MS","39501","rehabilitation","33","cms_pos"
"253028","BAPTIST MEMORIAL REHABILITATION HOSPITAL-MADISON","MADISON","MS","39110","rehabilitation","40","cms_pos"
"254005","PARKWOOD BEHAVIORAL HEALTH SYSTEM","OLIVE BRANCH","MS","38654","psychiatric","88","cms_pos"
"254007","BRENTWOOD BEHAVIORAL HEALTHCARE OF MS","FLOWOOD","MS","39232","psychiatric","1231","cms_pos"
"254008","SOUTH MISSISSIPPI STATE HOSPITAL","PURVIS","MS","39475","psychiatric","50","cms_pos"
"254009","NORTH MISSISSIPPI STATE HOSPITAL","TUPELO","MS","38804","psychiatric","82","cms_pos"
"254010","MS STATE HOSPITAL-WHITFIELD","WHITFIELD","MS","39193","psychiatric","306","cms_pos"
"254011","GULFPORT BEHAVIORAL HEALTH  SYSTEM","GULFPORT","MS","39503","psychiatric","109","cms_pos"
"254012","OCEANS BEHAVIORAL HOSPITAL- BILOXI","BILOXI","MS","39531","psychiatric","45","cms_pos"
"254013","OCEANS BEHAVIORAL HOSPITAL OF TUPELO","TUPELO","MS","38801","psychiatric","34","cms_pos"
"254014","OCEANS BEHAVIORAL HOSPITAL OF JACKSON","JACKSON","MS","39216","psychiatric","77","cms_pos"
"260001","MERCY HOSPITAL JOPLIN","JOPLIN","MO","64804","short_term_acute","367","cms_pos"
"260005","SSM HEALTH ST JOSEPH HOSPITAL-ST CHARLES","SAINT CHARLES","MO","63301","short_term_acute","362","cms_pos"
"260006","MOSAIC LIFE CARE AT ST JOSEPH","SAINT JOSEPH","MO","64506","short_term_acute","353","cms_pos"
"260009","BOTHWELL REGIONAL HEALTH CENTER","SEDALIA","MO","65302","short_term_acute","108","cms_pos"
"260011","SSM HEALTH ST. MARY'S HOSPITAL - JEFFERSON CITY","JEFFERSON CITY","MO","65109","short_term_acute","154","cms_pos"
"260017","PHELPS HEALTH","ROLLA","MO","65401","short_term_acute","240","cms_pos"
"260020","MERCY HOSPITAL ST LOUIS","SAINT LOUIS","MO","63141","short_term_acute","859","cms_pos"
"260022","NORTHEAST REGIONAL MEDICAL CENTER","KIRKSVILLE","MO","63501","short_term_acute","194","cms_pos"
"260023","MERCY HOSPITAL JEFFERSON","FESTUS","MO","63028","short_term_acute","240","cms_pos"
"260024","TEXAS COUNTY MEMORIAL HOSPITAL","HOUSTON","MO","65483","short_term_acute","66","cms_pos"
"260025","HANNIBAL REGIONAL HOSPITAL","HANNIBAL","MO","63401","short_term_acute","99","cms_pos"
"260027","RESEARCH MEDICAL CENTER","KANSAS CITY","MO","64132","short_term_acute","545","cms_pos"
"260032","BARNES JEWISH HOSPITAL","SAINT LOUIS","MO","63110","short_term_acute","1737","cms_pos"
"260034","BATES COUNTY MEMORIAL HOSPITAL","BUTLER","MO","64730","short_term_acute","60","cms_pos"
"260040","COX MEDICAL CENTERS","SPRINGFIELD","MO","65807","short_term_acute","867","cms_pos"
"260048","UNIVERSITY HEALTH TRUMAN MEDICAL CENTER","KANSAS CITY","MO","64108","short_term_acute","283","cms_pos"
"260052","MERCY HOSPITAL WASHINGTON","WASHINGTON","MO","63090","short_term_acute","185","cms_pos"
"260057","CAMERON REGIONAL MEDICAL CENTER","CAMERON","MO","64429","short_term_acute","60","cms_pos"
"260059","MERCY HOSPITAL LEBANON","LEBANON","MO","65536","short_term_acute","48","cms_pos"
"260061","NEVADA REGIONAL MEDICAL CENTER","NEVADA","MO","64772","short_term_acute","71","cms_pos"
"260062","SAINT LUKES NORTH HOSPITAL","KANSAS CITY","MO","64154","short_term_acute","171","cms_pos"
"260065","MERCY HOSPITAL SPRINGFIELD","SPRINGFIELD","MO","65804","short_term_acute","866","cms_pos"
"260068","BOONE HOSPITAL CENTER","COLUMBIA","MO","65201","short_term_acute","394","cms_pos"
"260074","MOBERLY REGIONAL MEDICAL CENTER","MOBERLY","MO","65270","short_term_acute","101","cms_pos"
"260077","MERCY HOSPITAL SOUTH","SAINT LOUIS","MO","63128","short_term_acute","767","cms_pos"
"260078","OZARKS HEALTHCARE","WEST PLAINS","MO","65775","short_term_acute","120","cms_pos"
"260081","SSM HEALTH ST CLARE HOSPITAL - FENTON","FENTON","MO","63026","short_term_acute","180","cms_pos"
"260085","ST JOSEPH MEDICAL CENTER","KANSAS CITY","MO","64114","short_term_acute","300","cms_pos"
"260091","SSM HEALTH ST MARY'S HOSPITAL - ST LOUIS","RICHMOND HEIGHTS","MO","63117","short_term_acute","690","cms_pos"
"260094","COX MEDICAL CENTER BRANSON","BRANSON","MO","65615","short_term_acute","157","cms_pos"
"260095","CENTERPOINT MEDICAL CENTER","INDEPENDENCE","MO","64057","short_term_acute","366","cms_pos"
"260096","NKC HEALTH","NORTH KANSAS CITY","MO","64116","short_term_acute","451","cms_pos"
"260097","WESTERN MISSOURI MEDICAL CENTER","WARRENSBURG","MO","64093","short_term_acute","104","cms_pos"
"260102","UNIVERSITY HEALTH LAKEWOOD MEDICAL CENTER","KANSAS CITY","MO","64139","short_term_acute","304","cms_pos"
"260104","SSM HEALTH DEPAUL HOSPITAL ST LOUIS","BRIDGETON","MO","63044","short_term_acute","538","cms_pos"
"260105","SSM HEALTH SAINT LOUIS UNIVERSITY HOSPITAL","SAINT LOUIS","MO","63104","short_term_acute","438","cms_pos"
"260108","MISSOURI BAPTIST MEDICAL CENTER","TOWN AND COUNTRY","MO","63131","short_term_acute","494","cms_pos"
"260110","MERCY HOSPITAL SOUTHEAST","CAPE GIRARDEAU","MO","63701","short_term_acute","281","cms_pos"
"260113","MISSOURI DELTA MEDICAL CENTER","SIKESTON","MO","63801","short_term_acute","188","cms_pos"
"260119","POPLAR BLUFF REGIONAL MEDICAL CENTER","POPLAR BLUFF","MO","63901","short_term_acute","230","cms_pos"
"260137","FREEMAN HEALTH SYSTEM - FREEMAN WEST","JOPLIN","MO","64804","short_term_acute","410","cms_pos"
"260138","ST LUKES HOSPITAL OF KANSAS CITY","KANSAS CITY","MO","64111","short_term_acute","642","cms_pos"
"260141","UNIVERSITY OF MISSOURI HEALTH CARE","COLUMBIA","MO","65212","short_term_acute","596","cms_pos"
"260142","FITZGIBBON HOSPITAL","MARSHALL","MO","65340","short_term_acute","60","cms_pos"
"260160","MERCY HOSPITAL STODDARD","DEXTER","MO","63841","short_term_acute","50","cms_pos"
"260162","BARNES-JEWISH WEST COUNTY HOSPITAL","CREVE COEUR","MO","63141","short_term_acute","113","cms_pos"
"260163","PARKLAND HEALTH CENTER","FARMINGTON","MO","63640","short_term_acute","133","cms_pos"
"260175","GOLDEN VALLEY MEMORIAL HOSPITAL","CLINTON","MO","64735","short_term_acute","65","cms_pos"
"260177","LIBERTY HOSPITAL","LIBERTY","MO","64069","short_term_acute","250","cms_pos"
"260179","ST LUKES HOSPITAL","CHESTERFIELD","MO","63017","short_term_acute","493","cms_pos"
"260180","CHRISTIAN HOSPITAL NORTHEAST-NORTHWEST","SAINT LOUIS","MO","63136","short_term_acute","475","cms_pos"
"260183","SAINT FRANCIS MEDICAL CENTER","CAPE GIRARDEAU","MO","63703","short_term_acute","308","cms_pos"
"260186","LAKE REGIONAL HEALTH SYSTEM","OSAGE BEACH","MO","65065","short_term_acute","99","cms_pos"
"260190","LEE'S SUMMIT MEDICAL CENTER","LEES SUMMIT","MO","64063","short_term_acute","88","cms_pos"
"260191","BARNES-JEWISH ST PETERS HOSPITAL","SAINT PETERS","MO","63376","short_term_acute","111","cms_pos"
"260193","ST MARY'S MEDICAL CENTER","BLUE SPRINGS","MO","64014","short_term_acute","146","cms_pos"
"260195","CITIZENS MEMORIAL HOSPITAL","BOLIVAR","MO","65613","short_term_acute","74","cms_pos"
"260200","SSM HEALTH ST JOSEPH HOSPITAL-LAKE SAINT LOUIS","LAKE SAINT LOUIS","MO","63367","short_term_acute","100","cms_pos"
"260214","BELTON REGIONAL MEDICAL CENTER","BELTON","MO","64012","short_term_acute","71","cms_pos"
"260216","SAINT LUKE'S EAST HOSPITAL","LEES SUMMIT","MO","64086","short_term_acute","240","cms_pos"
"260219","PROGRESS WEST HOSPITAL","O FALLON","MO","63368","short_term_acute","76","cms_pos"
"260321","BEACON SURGERY CENTER","LEES SUMMIT","MO","64064","short_term_acute","1","cms_pos"
"260779","PARKLAND HEALTH CENTER - BONNE TERRE","BONNE TERRE","MO","63628","rural_emergency","1","cms_pos"
"260780","PEMISCOT COUNTY MEMORIAL HOSPITAL","HAYTI","MO","63851","rural_emergency","1","cms_pos"
"261301","ELLETT MEMORIAL HOSPITAL","APPLETON CITY","MO","64724","critical_access","12","cms_pos"
"261302","MADISON MEDICAL CENTER","FREDERICKTOWN","MO","63645","critical_access","25","cms_pos"
"261303","COMMUNITY HOSPITAL ASSOCIATION","FAIRFAX","MO","64446","critical_access","25","cms_pos"
"261305","PUTNAM COUNTY MEMORIAL HOSPITAL","UNIONVILLE","MO","63565","critical_access","15","cms_pos"
"261306","SULLIVAN COUNTY MEMORIAL HOSPITAL","MILAN","MO","63556","critical_access","25","cms_pos"
"261307","PERSHING MEMORIAL HOSPITAL","BROOKFIELD","MO","64628","critical_access","25","cms_pos"
"261308","WASHINGTON COUNTY MEMORIAL HOSPITAL","POTOSI","MO","63664","critical_access","25","cms_pos"
"261309","WRIGHT MEMORIAL HOSPITAL","TRENTON","MO","64683","critical_access","25","cms_pos"
"261310","SCOTLAND COUNTY  HOSPITAL","MEMPHIS","MO","63555","critical_access","25","cms_pos"
"261311","MERCY HOSPITAL PERRY","PERRYVILLE","MO","63775","critical_access","25","cms_pos"
"261312","HARRISON COUNTY COMMUNITY HOSPITAL","BETHANY","MO","64424","critical_access","19","cms_pos"
"261313","MACON COUNTY SAMARITAN MEMORIAL HOSPITAL","MACON","MO","63552","critical_access","25","cms_pos"
"261314","HERMANN AREA DISTRICT HOSPITAL","HERMANN","MO","65041","critical_access","24","cms_pos"
"261316","MERCY HOSPITAL AURORA","AURORA","MO","65605","critical_access","53","cms_pos"
"261317","MERCY HOSPITAL CASSVILLE","CASSVILLE","MO","65625","critical_access","18","cms_pos"
"261318","SALEM MEMORIAL DISTRICT HOSPITAL","SALEM","MO","65560","critical_access","25","cms_pos"
"261319","MERCY HOSPITAL LINCOLN","TROY","MO","63379","critical_access","25","cms_pos"
"261320","LAFAYETTE REGIONAL HEALTH CENTER","LEXINGTON","MO","64067","critical_access","25","cms_pos"
"261321","HEDRICK MEDICAL CENTER","CHILLICOTHE","MO","64601","critical_access","25","cms_pos"
"261322","EXCELSIOR SPRINGS HOSPITAL","EXCELSIOR SPRINGS","MO","64024","critical_access","25","cms_pos"
"261323","CEDAR COUNTY MEMORIAL HOSPITAL","EL DORADO SPRINGS","MO","64744","critical_access","25","cms_pos"
"261324","CASS REGIONAL MEDICAL CENTER","HARRISONVILLE","MO","64701","critical_access","35","cms_pos"
"261325","COX BARTON COUNTY HOSPITAL","LAMAR","MO","64759","critical_access","25","cms_pos"
"261327","RAY COUNTY MEMORIAL HOSPITAL","RICHMOND","MO","64085","critical_access","25","cms_pos"
"261328","MOSAIC MEDICAL CENTER ALBANY","ALBANY","MO","64402","critical_access","25","cms_pos"
"261329","COX MONETT HOSPITAL","MONETT","MO","65708","critical_access","25","cms_pos"
"261330","STE GENEVIEVE COUNTY MEMORIAL HOSPITAL","SAINTE GENEVIEVE","MO","63670","critical_access","25","cms_pos"
"261331","FREEMAN NEOSHO HOSPITAL","NEOSHO","MO","64850","critical_access","25","cms_pos"
"261332","CARROLL COUNTY MEMORIAL HOSPITAL","CARROLLTON","MO","64633","critical_access","25","cms_pos"
"261333","PIKE COUNTY MEMORIAL HOSPITAL","LOUISIANA","MO","63353","critical_access","25","cms_pos"
"261335","MERCY ST FRANCIS HOSPITAL","MOUNTAIN VIEW","MO","65548","critical_access","25","cms_pos"
"261336","IRON COUNTY MEDICAL CENTER","PILOT KNOB","MO","63663","critical_access","15","cms_pos"
"261337","MISSOURI BAPTIST SULLIVAN HOSPITAL","SULLIVAN","MO","63080","critical_access","50","cms_pos"
"261338","MERCY HOSPITAL CARTHAGE","CARTHAGE","MO","64836","critical_access","25","cms_pos"
"261340","MOSAIC MEDICAL CENTER - MARYVILLE","MARYVILLE","MO","64468","critical_access","35","cms_pos"
"262010","KINDRED HOSPITAL ST LOUIS SOUTH","SAINT LOUIS","MO","63128","long_term_care","60","cms_pos"
"262013","SELECT SPECIALTY HOSPITAL-ST LOUIS","SAINT CHARLES","MO","63301","long_term_care","33","cms_pos"
"262016","LANDMARK HOSPITAL OF JOPLIN, LLC","JOPLIN","MO","64804","long_term_care","30","cms_pos"
"262017","SELECT SPECIALTY HOSPITAL SPRINGFIELD, INC","SPRINGFIELD","MO","65804","long_term_care","60","cms_pos"
"262018","KINDRED HOSPITAL NORTHLAND","KANSAS CITY","MO","64118","long_term_care","35","cms_pos"
"262019","MOSIAC LIFE CARE AT ST JOSEPH","SAINT JOSEPH","MO","64506","long_term_care","41","cms_pos"
"262020","LANDMARK HOSPITAL OF COLUMBIA, LLC","COLUMBIA","MO","65201","long_term_care","42","cms_pos"
"263027","RUSK REHABILITATION CTR","COLUMBIA","MO","65203","rehabilitation","72","cms_pos"
"263028","THE REHABILITATION INSTITUTE OF ST. LOUIS, AN AFFI","SAINT LOUIS","MO","63110","rehabilitation","131","cms_pos"
"263029","MERCY REHABILITATION HOSPITAL ST LOUIS","CHESTERFIELD","MO","63017","rehabilitation","68","cms_pos"
"263030","ST LUKE'S REHABILITATION HOSPITAL","CHESTERFIELD","MO","63017","rehabilitation","35","cms_pos"
"263031","SSM HEALTH REHABILITATION HOSPITAL","RICHMOND HEIGHTS","MO","63117","rehabilitation","95","cms_pos"
"263032","MERCY REHABILITATION HOSPITAL SPRINGFIELD","SPRINGFIELD","MO","65804","rehabilitation","60","cms_pos"
"263034","MERCY REHABILITATION HOSPITAL SOUTH","SAINT LOUIS","MO","63128","rehabilitation","50","cms_pos"
"263035","COXHEALTH REHABILITATION HOSPITAL","OZARK","MO","65721","rehabilitation","63","cms_pos"
"263301","ST LOUIS CHILDRENS HOSPITAL","SAINT LOUIS","MO","63110","childrens","235","cms_pos"
"263302","CHILDRENS MERCY HOSPITAL","KANSAS CITY","MO","64108","childrens","263","cms_pos"
"263303","RANKEN JORDAN PEDIATRIC BRIDGE HOSPITAL","MARYLAND HEIGHTS","MO","63043","childrens","60","cms_pos"
"263304","SHRINERS HOSPITALS FOR CHILDREN","SAINT LOUIS","MO","63110","childrens","80","cms_pos"
"264004","FULTON STATE HOSPITAL","FULTON","MO","65251","psychiatric","484","cms_pos"
"264005","SOUTHEAST MISSOURI MENTAL HLTH CTR","FARMINGTON","MO","63640","psychiatric","348","cms_pos"
"264007","NORTHWEST MISSOURI PSYCHIATRIC REHAB CTR","SAINT JOSEPH","MO","64502","psychiatric","142","cms_pos"
"264008","CENTER FOR BEHAVIORAL MEDICINE","KANSAS CITY","MO","64108","psychiatric","160","cms_pos"
"264010","ST LOUIS FORENSIC TREATMENT CENTER","SAINT LOUIS","MO","63139","psychiatric","216","cms_pos"
"264012","CENTERPOINTE HOSPITAL","SAINT CHARLES","MO","63304","psychiatric","104","cms_pos"
"264020","ROYAL OAKS HOSPITAL","WINDSOR","MO","65360","psychiatric","41","cms_pos"
"264024","LAKELAND BEHAVIORAL HEALTH SYSTEM","SPRINGFIELD","MO","65806","psychiatric","106","cms_pos"
"264028","HAWTHORN CHILDREN'S PSYCHIATRIC HOSPITAL","SAINT LOUIS","MO","63133","psychiatric","44","cms_pos"
"264031","OSAGE BEACH CENTER FOR BEHAVIORAL HEALTH","OSAGE BEACH","MO","65065","psychiatric","14","cms_pos"
"264032","CENTERPOINTE HOSPITAL OF COLUMBIA","COLUMBIA","MO","65202","psychiatric","80","cms_pos"
"264033","PERIMETER BEHAVIORAL HOSPITAL OF SPRINGFIELD","SPRINGFIELD","MO","65803","psychiatric","32","cms_pos"
"264034","SOUTHEAST BEHAVIORAL HOSPITAL","CAPE GIRARDEAU","MO","63703","psychiatric","102","cms_pos"
"264035","MARYLAND HEIGHTS CENTER FOR BEHAVIORAL HEALTH","MARYLAND HEIGHTS","MO","63043","psychiatric","20","cms_pos"
"270003","ST PETERS HEALTH","HELENA","MT","59601","short_term_acute","99","cms_pos"
"270004","BILLINGS CLINIC HOSPITAL","BILLINGS","MT","59101","short_term_acute","304","cms_pos"
"270012","BENEFIS HOSPITALS INC","GREAT FALLS","MT","59405","short_term_acute","398","cms_pos"
"270014","ST PATRICK HOSPITAL","MISSOULA","MT","59806","short_term_acute","253","cms_pos"
"270017","INTERMOUNTAIN HEALTH ST JAMES HOSPITAL","BUTTE","MT","59701","short_term_acute","98","cms_pos"
"270023","COMMUNITY MEDICAL CENTER","MISSOULA","MT","59804","short_term_acute","151","cms_pos"
"270049","INTERMOUNTAIN HEALTH ST VINCENT REGIONAL HOSPITAL","BILLINGS","MT","59101","short_term_acute","286","cms_pos"
"270051","LOGAN HEALTH MEDICAL CENTER","KALISPELL","MT","59901","short_term_acute","160","cms_pos"
"270057","BOZEMAN HEALTH DEACONESS REGIONAL MEDICAL CENTER","BOZEMAN","MT","59715","short_term_acute","140","cms_pos"
"270086","GREAT FALLS CLINIC HOSPITAL","GREAT FALLS","MT","59405","short_term_acute","20","cms_pos"
"270092","YELLOWSTONE SURGERY CENTER WEST","BILLINGS","MT","59102","short_term_acute","8","cms_pos"
"270779","GARFIELD COUNTY HEALTH CENTER","JORDAN","MT","59337","rural_emergency","1","cms_pos"
"271300","POPLAR COMMUNITY HOSPITAL","POPLAR","MT","59255","critical_access","20","cms_pos"
"271301","FALLON MEDICAL COMPLEX HOSPITAL","BAKER","MT","59313","critical_access","25","cms_pos"
"271302","DAHL MEMORIAL HEALTHCARE ASSOCIATION INC","EKALAKA","MT","59324","critical_access","25","cms_pos"
"271303","GRANITE COUNTY MEDICAL CENTER","PHILIPSBURG","MT","59858","critical_access","25","cms_pos"
"271304","MISSOURI RIVER MEDICAL CENTER","FORT BENTON","MT","59442","critical_access","25","cms_pos"
"271305","MCCONE COUNTY HEALTH CENTER","CIRCLE","MT","59215","critical_access","25","cms_pos"
"271306","MOUNTAINVIEW MEDICAL CENTER","WHITE SULPHUR SPRING","MT","59645","critical_access","25","cms_pos"
"271307","BENEFIS TETON MEDICAL CENTER","CHOTEAU","MT","59422","critical_access","25","cms_pos"
"271308","ROOSEVELT MEDICAL CENTER","CULBERTSON","MT","59218","critical_access","25","cms_pos"
"271309","PRAIRIE COMMUNITY HOSPITAL","TERRY","MT","59349","critical_access","25","cms_pos"
"271311","BIG SANDY MEDICAL CENTER","BIG SANDY","MT","59520","critical_access","25","cms_pos"
"271312","PHILLIPS COUNTY MEDICAL CENTER","MALTA","MT","59538","critical_access","6","cms_pos"
"271313","PIONEER MEDICAL CENTER","BIG TIMBER","MT","59011","critical_access","25","cms_pos"
"271314","DEER LODGE MEDICAL CENTER","DEER LODGE","MT","59722","critical_access","16","cms_pos"
"271316","FRANCES MAHON DEACONESS HOSPITAL","GLASGOW","MT","59230","critical_access","25","cms_pos"
"271317","LIVINGSTON HEALTHCARE","LIVINGSTON","MT","59047","critical_access","25","cms_pos"
"271318","BARRETT HOSPITAL & HEALTHCARE","DILLON","MT","59725","critical_access","18","cms_pos"
"271319","RUBY VALLEY MEDICAL CENTER","SHERIDAN","MT","59749","critical_access","10","cms_pos"
"271320","CABINET PEAKS MEDICAL CENTER","LIBBY","MT","59923","critical_access","25","cms_pos"
"271321","WHEATLAND MEMORIAL HOSPITAL","HARLOWTON","MT","59036","critical_access","25","cms_pos"
"271322","SHERIDAN MEMORIAL HOSPITAL","PLENTYWOOD","MT","59254","critical_access","19","cms_pos"
"271323","CLARK FORK VALLEY HOSPITAL","PLAINS","MT","59859","critical_access","16","cms_pos"
"271324","LOGAN HEALTH - CONRAD","CONRAD","MT","59425","critical_access","20","cms_pos"
"271325","ST LUKE COMMUNITY HOSPITAL","RONAN","MT","59864","critical_access","25","cms_pos"
"271326","BEARTOOTH BILLINGS CLINIC","RED LODGE","MT","59068","critical_access","10","cms_pos"
"271327","ROSEBUD HEALTH CARE CENTER","FORSYTH","MT","59327","critical_access","25","cms_pos"
"271328","LOGAN HEALTH - SHELBY","SHELBY","MT","59474","critical_access","21","cms_pos"
"271329","MADISON VALLEY MEDICAL CENTER","ENNIS","MT","59729","critical_access","16","cms_pos"
"271330","STILLWATER BILLINGS CLINIC","COLUMBUS","MT","59019","critical_access","10","cms_pos"
"271331","MINERAL COMMUNITY HOSPITAL","SUPERIOR","MT","59872","critical_access","25","cms_pos"
"271332","GLENDIVE MEDICAL CENTER","GLENDIVE","MT","59330","critical_access","25","cms_pos"
"271333","BILLINGS CLINIC BROADWATER","TOWNSEND","MT","59644","critical_access","25","cms_pos"
"271334","LOGAN HEALTH - CHESTER","CHESTER","MT","59522","critical_access","25","cms_pos"
"271335","COMMUNITY HOSPITAL OF ANACONDA","ANACONDA","MT","59711","critical_access","25","cms_pos"
"271336","LOGAN HEALTH - WHITEFISH","WHITEFISH","MT","59937","critical_access","25","cms_pos"
"271337","NORTHERN ROCKIES MEDICAL CENTER","CUT BANK","MT","59427","critical_access","20","cms_pos"
"271338","BIG HORN HOSPITAL","HARDIN","MT","59034","critical_access","25","cms_pos"
"271340","BITTERROOT HEALTH - DALY HOSPITAL","HAMILTON","MT","59840","critical_access","25","cms_pos"
"271341","TRINITY HOSPITAL","WOLF POINT","MT","59201","critical_access","22","cms_pos"
"271342","DANIELS MEMORIAL HOSPITAL","SCOBEY","MT","59263","critical_access","25","cms_pos"
"271343","PROVIDENCE ST JOSEPH MEDICAL CENTER","POLSON","MT","59860","critical_access","22","cms_pos"
"271344","SIDNEY HEALTH CENTER","SIDNEY","MT","59270","critical_access","25","cms_pos"
"271345","CENTRAL MONTANA MEDICAL CENTER","LEWISTOWN","MT","59457","critical_access","25","cms_pos"
"271346","ROUNDUP MEMORIAL HEALTHCARE","ROUNDUP","MT","59072","critical_access","25","cms_pos"
"271347","HOLY ROSARY HEALTHCARE","MILES CITY","MT","59301","critical_access","25","cms_pos"
"271348","NORTHERN MONTANA HOSPITAL","HAVRE","MT","59501","critical_access","48","cms_pos"
"271389","BIG SKY MEDICAL CENTER","BIG SKY","MT","59716","critical_access","4","cms_pos"
"272001","ADVANCED CARE HOSPITAL OF MONTANA","BILLINGS","MT","59102","long_term_care","40","cms_pos"
"273025","REHABILITATION HOSPITAL OF MONTANA","BILLINGS","MT","59102","rehabilitation","34","cms_pos"
"274004","SHODAIR CHILDREN'S HOSPITAL","HELENA","MT","59601","psychiatric","20","cms_pos"
"280003","BRYAN MEDICAL CENTER","LINCOLN","NE","68506","short_term_acute","630","cms_pos"
"280009","CHI HEALTH GOOD SAMARITAN","KEARNEY","NE","68847","short_term_acute","165","cms_pos"
"280013","THE NEBRASKA MEDICAL CENTER","OMAHA","NE","68198","short_term_acute","689","cms_pos"
"280020","CHI HEALTH ST ELIZABETH","LINCOLN","NE","68510","short_term_acute","265","cms_pos"
"280023","CHI HEALTH ST FRANCIS","GRAND ISLAND","NE","68803","short_term_acute","130","cms_pos"
"280032","MARY LANNING HEALTHCARE","HASTINGS","NE","68901","short_term_acute","163","cms_pos"
"280040","METHODIST HOSPITAL","OMAHA","NE","68114","short_term_acute","430","cms_pos"
"280060","CHI HEALTH CREIGHTON UNIVERSITY MEDICAL CENTER - B","OMAHA","NE","68124","short_term_acute","400","cms_pos"
"280061","REGIONAL WEST MEDICAL CENTER","SCOTTSBLUFF","NE","69361","short_term_acute","166","cms_pos"
"280065","GREAT PLAINS HEALTH","NORTH PLATTE","NE","69101","short_term_acute","116","cms_pos"
"280077","METHODIST FREMONT HEALTH","FREMONT","NE","68025","short_term_acute","90","cms_pos"
"280081","CHI HEALTH IMMANUEL","OMAHA","NE","68122","short_term_acute","356","cms_pos"
"280105","CHI HEALTH MIDLANDS","PAPILLION","NE","68046","short_term_acute","131","cms_pos"
"280111","COLUMBUS COMMUNITY HOSPITAL, INC","COLUMBUS","NE","68601","short_term_acute","47","cms_pos"
"280125","FAITH HEALTH","NORFOLK","NE","68701","short_term_acute","133","cms_pos"
"280127","LINCOLN SURGICAL HOSPITAL","LINCOLN","NE","68506","short_term_acute","20","cms_pos"
"280128","CHI HEALTH NEBRASKA HEART","LINCOLN","NE","68526","short_term_acute","63","cms_pos"
"280129","ORTHONEBRASKA HOSPITAL","OMAHA","NE","68144","short_term_acute","24","cms_pos"
"280130","CHI HEALTH LAKESIDE","OMAHA","NE","68130","short_term_acute","157","cms_pos"
"280131","MIDWEST SURGICAL HOSPITAL LLC","OMAHA","NE","68114","short_term_acute","19","cms_pos"
"280132","BELLEVUE MEDICAL CENTER","BELLEVUE","NE","68123","short_term_acute","91","cms_pos"
"280133","NEBRASKA SPINE HOSPITAL, LLC","OMAHA","NE","68122","short_term_acute","34","cms_pos"
"280134","KEARNEY REGIONAL MEDICAL CENTER","KEARNEY","NE","68845","short_term_acute","44","cms_pos"
"280139","GRAND ISLAND REGIONAL MEDICAL CENTER","GRAND ISLAND","NE","68803","short_term_acute","67","cms_pos"
"280779","FRIEND COMMUNITY HEALTHCARE SYSTEM","FRIEND","NE","68359","rural_emergency","15","cms_pos"
"280780","GARDEN COUNTY HEALTH SERVICES","OSHKOSH","NE","69154","rural_emergency","1","cms_pos"
"281300","HARLAN COUNTY HEALTH SYSTEM","ALMA","NE","68920","critical_access","19","cms_pos"
"281301","FILLMORE COUNTY HOSPITAL","GENEVA","NE","68361","critical_access","20","cms_pos"
"281302","PAWNEE COUNTY MEMORIAL HOSPITAL","PAWNEE CITY","NE","68420","critical_access","17","cms_pos"
"281303","NIOBRARA VALLEY HOSPITAL","LYNCH","NE","68746","critical_access","15","cms_pos"
"281304","THAYER COUNTY HEALTH SERVICES","HEBRON","NE","68370","critical_access","17","cms_pos"
"281305","KIMBALL HEALTH SERVICES","KIMBALL","NE","69145","critical_access","14","cms_pos"
"281306","KEARNEY COUNTY HEALTH SERVICES","MINDEN","NE","68959","critical_access","10","cms_pos"
"281307","SAUNDERS MEDICAL CENTER","WAHOO","NE","68066","critical_access","16","cms_pos"
"281308","HENDERSON COMMUNITY HOSPITAL","HENDERSON","NE","68371","critical_access","10","cms_pos"
"281309","SYRACUSE AREA HEALTH","SYRACUSE","NE","68446","critical_access","10","cms_pos"
"281311","FRANKLIN COUNTY MEMORIAL HOSPITAL","FRANKLIN","NE","68939","critical_access","14","cms_pos"
"281312","GENOA COMMUNITY HOSPITAL","GENOA","NE","68640","critical_access","19","cms_pos"
"281313","GOTHENBURG HEALTH","GOTHENBURG","NE","69138","critical_access","15","cms_pos"
"281314","ANNIE JEFFREY MEMORIAL COUNTY HEALTH CENTER","OSCEOLA","NE","68651","critical_access","16","cms_pos"
"281315","BRODSTONE HEALTHCARE","SUPERIOR","NE","68978","critical_access","25","cms_pos"
"281316","WEBSTER COUNTY COMMUNITY HOSPITAL","RED CLOUD","NE","68970","critical_access","13","cms_pos"
"281318","MORRILL COUNTY COMMUNITY HOSPITAL","BRIDGEPORT","NE","69336","critical_access","20","cms_pos"
"281319","JEFFERSON COMMUNITY HEALTH & LIFE","FAIRBURY","NE","68352","critical_access","17","cms_pos"
"281320","MEMORIAL HOSPITAL","AURORA","NE","68818","critical_access","12","cms_pos"
"281322","FRANCISCAN HEALTHCARE","WEST POINT","NE","68788","critical_access","25","cms_pos"
"281323","CHI HEALTH SCHUYLER","SCHUYLER","NE","68661","critical_access","25","cms_pos"
"281324","NEMAHA COUNTY HOSPITAL","AUBURN","NE","68305","critical_access","20","cms_pos"
"281325","BROWN COUNTY HOSPITAL","AINSWORTH","NE","69210","critical_access","23","cms_pos"
"281326","ANTELOPE MEMORIAL HOSPITAL","NELIGH","NE","68756","critical_access","16","cms_pos"
"281327","COZAD COMMUNITY HOSPITAL","COZAD","NE","69130","critical_access","21","cms_pos"
"281328","MERRICK MEDICAL CENTER","CENTRAL CITY","NE","68826","critical_access","6","cms_pos"
"281329","AVERA ST ANTHONY'S HOSPITAL","O' NEILL","NE","68763","critical_access","25","cms_pos"
"281331","AVERA CREIGHTON HOSPITAL","CREIGHTON","NE","68729","critical_access","17","cms_pos"
"281332","BUTLER COUNTY HEALTH","DAVID CITY","NE","68632","critical_access","20","cms_pos"
"281333","ROCK COUNTY HOSPITAL","BASSETT","NE","68714","critical_access","24","cms_pos"
"281334","BOONE COUNTY HEALTH CENTER","ALBION","NE","68620","critical_access","22","cms_pos"
"281335","CALLAWAY DISTRICT HOSPITAL","CALLAWAY","NE","68825","critical_access","12","cms_pos"
"281336","YORK GENERAL HEALTH CARE SERVICES","YORK","NE","68467","critical_access","25","cms_pos"
"281338","HOWARD COUNTY MEDICAL CENTER","ST PAUL","NE","68873","critical_access","10","cms_pos"
"281339","MEMORIAL HOSPITAL","SEWARD","NE","68434","critical_access","24","cms_pos"
"281340","DUNDY COUNTY HOSPITAL","BENKELMAN","NE","69021","critical_access","12","cms_pos"
"281341","CHADRON HOSPITAL","CHADRON","NE","69337","critical_access","25","cms_pos"
"281342","CHI HEALTH ST MARY'S","NEBRASKA CITY","NE","68410","critical_access","18","cms_pos"
"281343","WEST HOLT MEMORIAL HOSPITAL","ATKINSON","NE","68713","critical_access","15","cms_pos"
"281344","CHERRY COUNTY HOSPITAL","VALENTINE","NE","69201","critical_access","21","cms_pos"
"281345","PROVIDENCE MEDICAL CENTER","WAYNE","NE","68787","critical_access","21","cms_pos"
"281346","CHI HEALTH PLAINVIEW","PLAINVIEW","NE","68769","critical_access","15","cms_pos"
"281347","OSMOND GENERAL HOSPITAL","OSMOND","NE","68765","critical_access","20","cms_pos"
"281348","TRI VALLEY HEALTH SYSTEM","CAMBRIDGE","NE","69022","critical_access","25","cms_pos"
"281349","PENDER COMMUNITY HEALTH","PENDER","NE","68047","critical_access","21","cms_pos"
"281350","JOHNSON COUNTY HOSPITAL","TECUMSEH","NE","68450","critical_access","18","cms_pos"
"281351","CHASE COUNTY COMMUNITY HOSPITAL","IMPERIAL","NE","69033","critical_access","15","cms_pos"
"281352","COMMUNITY MEDICAL CENTER, INC","FALLS CITY","NE","68355","critical_access","24","cms_pos"
"281353","VALLEY COUNTY HEALTH SYSTEM","ORD","NE","68862","critical_access","16","cms_pos"
"281354","CRETE AREA MEDICAL CENTER","CRETE","NE","68333","critical_access","15","cms_pos"
"281355","OGALLALA COMMUNITY HOSPITAL","OGALLALA","NE","69153","critical_access","18","cms_pos"
"281356","PERKINS COUNTY HEALTH SERVICES","GRANT","NE","69140","critical_access","20","cms_pos"
"281357","SIDNEY REGIONAL MEDICAL CENTER","SIDNEY","NE","69162","critical_access","25","cms_pos"
"281358","GORDON MEMORIAL HOSPITAL DISTRICT","GORDON","NE","69343","critical_access","25","cms_pos"
"281359","MEMORIAL COMMUNITY HOSPITAL & HEALTH SYSTEM","BLAIR","NE","68008","critical_access","25","cms_pos"
"281360","BOX BUTTE GENERAL HOSPITAL","ALLIANCE","NE","69301","critical_access","25","cms_pos"
"281361","LEXINGTON REGIONAL HEALTH CENTER","LEXINGTON","NE","68850","critical_access","25","cms_pos"
"281362","PHELPS MEMORIAL HEALTH CENTER","HOLDREGE","NE","68949","critical_access","25","cms_pos"
"281363","COMMUNITY HOSPITAL","MCCOOK","NE","69001","critical_access","25","cms_pos"
"281364","BEATRICE COMMUNITY HOSPITAL & HEALTH CENTER, INC","BEATRICE","NE","68310","critical_access","25","cms_pos"
"281365","JENNIE M MELHAM MEMORIAL MEDICAL CENTER","BROKEN BOW","NE","68822","critical_access","23","cms_pos"
"282000","MADONNA REHABILITATION SPECIALTY HOSPITAL LINCOLN","LINCOLN","NE","68506","long_term_care","77","cms_pos"
"282001","SELECT SPECIALTY HOSPITAL - OMAHA (CENTRAL CAMPUS)","OMAHA","NE","68124","long_term_care","52","cms_pos"
"282003","MADONNA REHABILITATION SPECIALTY HOSPITAL OMAHA","OMAHA","NE","68118","long_term_care","108","cms_pos"
"283025","MADONNA REHABILITATION HOSPITAL LINCOLN","LINCOLN","NE","68506","rehabilitation","67","cms_pos"
"283300","BOYS TOWN NATIONAL RESEARCH HOSPITAL","BOYS TOWN","NE","68010","childrens","66","cms_pos"
"283301","CHILDREN'S NEBRASKA","OMAHA","NE","68114","childrens","134","cms_pos"
"284003","LINCOLN REGIONAL CENTER","LINCOLN","NE","68522","psychiatric","240","cms_pos"
"284009","DOUGLAS COUNTY COMMUNITY MENTAL HEALTH CENTER","OMAHA","NE","68105","psychiatric","30","cms_pos"
"290001","RENOWN REGIONAL MEDICAL CENTER","RENO","NV","89502","short_term_acute","808","cms_pos"
"290003","SUNRISE HOSPITAL AND MEDICAL CENTER","LAS VEGAS","NV","89109","short_term_acute","834","cms_pos"
"290005","NORTH VISTA HOSPITAL","NORTH LAS VEGAS","NV","89030","short_term_acute","177","cms_pos"
"290007","UNIVERSITY MEDICAL CENTER","LAS VEGAS","NV","89102","short_term_acute","541","cms_pos"
"290008","NORTHEASTERN NEVADA REGIONAL HOSPITAL","ELKO","NV","89801","short_term_acute","75","cms_pos"
"290009","SAINT MARY'S REGIONAL MEDICAL CENTER","RENO","NV","89503","short_term_acute","380","cms_pos"
"290012","SAINT ROSE DOMINICAN HOSPITALS - ROSE DE LIMA","HENDERSON","NV","89015","short_term_acute","130","cms_pos"
"290019","CARSON TAHOE REGIONAL MEDICAL CENTER","CARSON CITY","NV","89703","short_term_acute","211","cms_pos"
"290021","VALLEY HOSPITAL MEDICAL CENTER","LAS VEGAS","NV","89106","short_term_acute","320","cms_pos"
"290032","NORTHERN NEVADA MEDICAL CENTER","SPARKS","NV","89434","short_term_acute","108","cms_pos"
"290039","MOUNTAINVIEW HOSPITAL","LAS VEGAS","NV","89128","short_term_acute","407","cms_pos"
"290041","SUMMERLIN HOSPITAL MEDICAL CENTER","LAS VEGAS","NV","89144","short_term_acute","485","cms_pos"
"290042","HARMON HOSPITAL","LAS VEGAS","NV","89119","short_term_acute","116","cms_pos"
"290045","SAINT ROSE DOMINICAN HOSPITALS - SIENA CAMPUS","HENDERSON","NV","89052","short_term_acute","326","cms_pos"
"290046","SPRING VALLEY HOSPITAL MEDICAL CENTER","LAS VEGAS","NV","89118","short_term_acute","572","cms_pos"
"290047","SOUTHERN HILLS HOSPITAL AND MEDICAL CENTER","LAS VEGAS","NV","89148","short_term_acute","246","cms_pos"
"290049","RENOWN SOUTH MEADOWS MEDICAL CENTER","RENO","NV","89521","short_term_acute","118","cms_pos"
"290053","SAINT ROSE DOMINICAN HOSPITALS - SAN MARTIN CAMPUS","LAS VEGAS","NV","89113","short_term_acute","147","cms_pos"
"290054","CENTENNIAL HILLS HOSPITAL MEDICAL CENTER","LAS VEGAS","NV","89149","short_term_acute","339","cms_pos"
"290057","HENDERSON HOSPITAL","HENDERSON","NV","89011","short_term_acute","166","cms_pos"
"290058","DIGNITY HEALTH ST ROSE DOMINICAN N L V  CAMPUS","NORTH LAS VEGAS","NV","89031","short_term_acute","32","cms_pos"
"290062","WEST HENDERSON HOSPITAL","HENDERSON","NV","89052","short_term_acute","150","cms_pos"
"290063","LAS VEGAS RECOVERY HOSPITAL LLC","HENDERSON","NV","89015","short_term_acute","68","cms_pos"
"291300","MOUNT GRANT GENERAL HOSPITAL","HAWTHORNE","NV","89415","critical_access","11","cms_pos"
"291301","INCLINE VILLAGE COMMUNITY HOSPITAL","INCLINE VILLAGE","NV","89451","critical_access","8","cms_pos"
"291302","WILLIAM BEE RIRIE HOSPITAL","ELY","NV","89301","critical_access","25","cms_pos"
"291303","BATTLE MOUNTAIN GENERAL HOSPITAL","BATTE MTN","NV","89820","critical_access","5","cms_pos"
"291304","PERSHING GENERAL HOSPITAL","LOVELOCK","NV","89419","critical_access","17","cms_pos"
"291306","CARSON VALLEY HEALTH","GARDNERVILLE","NV","89410","critical_access","25","cms_pos"
"291307","MESA VIEW REGIONAL HOSPITAL","MESQUITE","NV","89027","critical_access","25","cms_pos"
"291308","HUMBOLDT GENERAL HOSPITAL","WINNEMUCCA","NV","89445","critical_access","25","cms_pos"
"291309","BOULDER CITY HOSPITAL","BOULDER CITY","NV","89005","critical_access","67","cms_pos"
"291311","DESERT VIEW HOSPITAL","PAHRUMP","NV","89048","critical_access","25","cms_pos"
"291312","GROVER C DILS MEDICAL CENTER","CALIENTE","NV","89008","critical_access","4","cms_pos"
"291313","BANNER CHURCHILL COMMUNITY HOSPITAL","FALLON","NV","89406","critical_access","25","cms_pos"
"291314","SOUTH LYON MEDICAL CENTER","YERINGTON","NV","89447","critical_access","14","cms_pos"
"292002","KINDRED HOSPITAL - LAS VEGAS (SAHARA CAMPUS)","LAS VEGAS","NV","89146","long_term_care","146","cms_pos"
"292003","HORIZON SPECIALTY HOSPITAL","LAS VEGAS","NV","89106","long_term_care","199","cms_pos"
"292004","PAM SPECIALTY HOSPITAL OF SPARKS LLC","SPARKS","NV","89434","long_term_care","21","cms_pos"
"292006","PAM SPECIALTY HOSPITAL OF LAS VEGAS, LLC","LAS VEGAS","NV","89128","long_term_care","70","cms_pos"
"292007","LAS VEGAS-AMG SPECIALTY HOSPITAL","LAS VEGAS","NV","89121","long_term_care","24","cms_pos"
"292009","ELITE MEDICAL CENTER","LAS VEGAS","NV","89109","long_term_care","22","cms_pos"
"293026","ENCOMPASS HEALTH REHABILITATION HOSPITAL OF LV","LAS VEGAS","NV","89102","rehabilitation","79","cms_pos"
"293032","ENCOMPASS HEALTH REHABILITATION HOSPITAL OF HENDER","HENDERSON","NV","89052","rehabilitation","90","cms_pos"
"293033","ENCOMPASS HEALTH REHAB HOSPITAL OF DESERT CANYON","LAS VEGAS","NV","89148","rehabilitation","50","cms_pos"
"293034","PAM REHABILITATION HOSPITAL OF CENTENNIAL HILLS","LAS VEGAS","NV","89149","rehabilitation","44","cms_pos"
"293035","DIGNITY HEALTH REHABILITATION HOSPITAL","HENDERSON","NV","89052","rehabilitation","60","cms_pos"
"294000","DINI-TOWNSEND HOSPITAL AT NNMH","SPARKS","NV","89431","psychiatric","70","cms_pos"
"294002","SOUTHERN NEVADA ADULT MENTAL HEALTH SERVICES","LAS VEGAS","NV","89146","psychiatric","293","cms_pos"
"294012","SEVEN HILLS HOSPITAL","HENDERSON","NV","89052","psychiatric","134","cms_pos"
"294013","DESERT PARKWAY BEHAVIORAL HEALTHCARE HOSPITAL, LLC","LAS VEGAS","NV","89109","psychiatric","152","cms_pos"
"294015","RENO BEHAVIORAL HEALTHCARE HOSPITAL, LLC","RENO","NV","89511","psychiatric","124","cms_pos"
"294016","THRIVE BEHAVIORAL HOSPITAL, LLC","LAS VEGAS","NV","89103","psychiatric","48","cms_pos"
"300001","CONCORD HOSPITAL","CONCORD","NH","03301","short_term_acute","295","cms_pos"
"300003","MARY HITCHCOCK MEMORIAL HOSPITAL","LEBANON","NH","03756","short_term_acute","396","cms_pos"
"300005","CONCORD HOSPITAL- LACONIA","LACONIA","NH","03246","short_term_acute","143","cms_pos"
"300011","ST JOSEPH HOSPITAL","NASHUA","NH","03060","short_term_acute","208","cms_pos"
"300012","ELLIOT HOSPITAL","MANCHESTER","NH","03103","short_term_acute","296","cms_pos"
"300014","FRISBIE MEMORIAL HOSPITAL","ROCHESTER","NH","03867","short_term_acute","122","cms_pos"
"300017","PARKLAND MEDICAL CENTER","DERRY","NH","03038","short_term_acute","86","cms_pos"
"300018","WENTWORTH-DOUGLASS HOSPITAL","DOVER","NH","03820","short_term_acute","178","cms_pos"
"300019","CHESHIRE MEDICAL CENTER","KEENE","NH","03431","short_term_acute","169","cms_pos"
"300020","SOUTHERN NH MEDICAL CENTER","NASHUA","NH","03060","short_term_acute","188","cms_pos"
"300023","EXETER HOSPITAL INC","EXETER","NH","03833","short_term_acute","100","cms_pos"
"300029","PORTSMOUTH REGIONAL HOSPITAL","PORTSMOUTH","NH","03801","short_term_acute","209","cms_pos"
"300034","CATHOLIC MEDICAL CENTER","MANCHESTER","NH","03102","short_term_acute","330","cms_pos"
"301300","UPPER CONNECTICUT VALLEY HOSPITAL","COLEBROOK","NH","03576","critical_access","16","cms_pos"
"301301","COTTAGE HOSPITAL","WOODSVILLE","NH","03785","critical_access","25","cms_pos"
"301302","LITTLETON REGIONAL HEALTHCARE","LITTLETON","NH","03561","critical_access","25","cms_pos"
"301303","WEEKS MEDICAL CENTER","LANCASTER","NH","03584","critical_access","25","cms_pos"
"301304","NEW LONDON HOSPITAL","NEW LONDON","NH","03257","critical_access","25","cms_pos"
"301305","ALICE PECK DAY MEMORIAL HOSPITAL","LEBANON","NH","03766","critical_access","25","cms_pos"
"301306","CONCORD HOSPITAL- FRANKLIN","FRANKLIN","NH","03235","critical_access","25","cms_pos"
"301307","MAINEHEALTH MEMORIAL HOSPITAL","NORTH CONWAY","NH","03860","critical_access","25","cms_pos"
"301308","VALLEY REGIONAL HOSPITAL","CLAREMONT","NH","03743","critical_access","25","cms_pos"
"301309","MONADNOCK COMMUNITY HOSPITAL","PETERBOROUGH","NH","03458","critical_access","25","cms_pos"
"301310","ANDROSCOGGIN VALLEY HOSPITAL","BERLIN","NH","03570","critical_access","25","cms_pos"
"301311","SPEARE MEMORIAL HOSPITAL","PLYMOUTH","NH","03264","critical_access","25","cms_pos"
"301312","HUGGINS HOSPITAL","WOLFEBORO","NH","03894","critical_access","25","cms_pos"
"303026","NORTHEAST REHABILITATION HOSPITAL","SALEM","NH","03079","rehabilitation","135","cms_pos"
"303027","ENCOMPASS HEALTH REHABILITATION HOSPITAL OF CONCOR","CONCORD","NH","03301","rehabilitation","50","cms_pos"
"304000","NEW HAMPSHIRE HOSP-PSYCH UNIT","CONCORD","NH","03301","psychiatric","230","cms_pos"
"310001","HACKENSACK UNIVERSITY MEDICAL CENTER","HACKENSACK","NJ","07601","short_term_acute","781","cms_pos"
"310002","NEWARK BETH ISRAEL MEDICAL CENTER","NEWARK","NJ","07112","short_term_acute","665","cms_pos"
"310003","PALISADES MEDICAL CENTER","NORTH BERGEN","NJ","07047","short_term_acute","202","cms_pos"
"310005","HUNTERDON MEDICAL CENTER","FLEMINGTON","NJ","08822","short_term_acute","184","cms_pos"
"310006","ST MARY'S GENERAL HOSPITAL","PASSAIC","NJ","07055","short_term_acute","286","cms_pos"
"310008","HOLY NAME MEDICAL CENTER","TEANECK","NJ","07666","short_term_acute","372","cms_pos"
"310009","CLARA MAASS MEDICAL CENTER","BELLEVILLE","NJ","07109","short_term_acute","472","cms_pos"
"310010","PENN MEDICINE PRINCETON MEDICAL CENTER","PLAINSBORO","NJ","08536","short_term_acute","375","cms_pos"
"310011","COOPER UNIVERSITY HOSPITAL CAPE REGIONAL, INC.","CAPE MAY COURT HOUSE","NJ","08210","short_term_acute","242","cms_pos"
"310012","VALLEY HOSPITAL","PARAMUS","NJ","07652","short_term_acute","431","cms_pos"
"310014","COOPER UNIVERSITY HOSPITAL","CAMDEN","NJ","08103","short_term_acute","663","cms_pos"
"310015","MORRISTOWN MEDICAL CENTER","MORRISTOWN","NJ","07960","short_term_acute","735","cms_pos"
"310016","HEIGHTS UNIVERSITY HOSPITAL","JERSEY CITY","NJ","07306","short_term_acute","401","cms_pos"
"310017","CHILTON MEDICAL CENTER","POMPTON PLAINS","NJ","07444","short_term_acute","260","cms_pos"
"310019","ST JOSEPH'S UNIVERSITY MEDICAL CENTER INC","PATERSON","NJ","07503","short_term_acute","566","cms_pos"
"310022","WEST JERSEY HOSPITAL","VOORHEES","NJ","08043","short_term_acute","402","cms_pos"
"310024","ROBERT WOOD JOHNSON UNIVERSITY HOSPITAL AT RAHWAY","RAHWAY","NJ","07065","short_term_acute","281","cms_pos"
"310025","BAYONNE UNIVERSITY HOSPITAL","BAYONNE","NJ","07002","short_term_acute","254","cms_pos"
"310027","TRINITAS REGIONAL MEDICAL CENTER","ELIZABETH","NJ","07207","short_term_acute","384","cms_pos"
"310028","NEWTON MEDICAL CENTER","NEWTON","NJ","07860","short_term_acute","148","cms_pos"
"310029","VIRTUA OUR LADY OF LOURDES HOSPITAL","CAMDEN","NJ","08103","short_term_acute","340","cms_pos"
"310031","DEBORAH HEART AND LUNG CENTER","BROWNS MILLS","NJ","08015","short_term_acute","161","cms_pos"
"310032","INSPIRA MEDICAL CENTER VINELAND","VINELAND","NJ","08360","short_term_acute","374","cms_pos"
"310034","RIVERVIEW MEDICAL CENTER","RED BANK","NJ","07701","short_term_acute","440","cms_pos"
"310038","ROBERT WOOD JOHNSON UNIVERSITY HOSPITAL","NEW BRUNSWICK","NJ","08901","short_term_acute","610","cms_pos"
"310039","RARITAN BAY MEDICAL CENTER","PERTH AMBOY","NJ","08861","short_term_acute","460","cms_pos"
"310040","HOBOKEN UNIVERSITY HOSPITAL","HOBOKEN","NJ","07030","short_term_acute","333","cms_pos"
"310041","COMMUNITY MEDICAL CENTER","TOMS RIVER","NJ","08755","short_term_acute","592","cms_pos"
"310044","CAPITAL HEALTH MEDICAL CENTER - HOPEWELL","PENNINGTON","NJ","08534","short_term_acute","344","cms_pos"
"310045","ENGLEWOOD HOSPITAL","ENGLEWOOD","NJ","07631","short_term_acute","517","cms_pos"
"310047","SHORE MEDICAL CENTER","SOMERS POINT","NJ","08244","short_term_acute","302","cms_pos"
"310048","ROBERT WOOD JOHNSON UNIVERSITY HOSPITAL SOMERSET","SOMERVILLE","NJ","08876","short_term_acute","335","cms_pos"
"310050","SAINT CLARE'S HOSPITAL","DENVILLE","NJ","07834","short_term_acute","418","cms_pos"
"310051","OVERLOOK MEDICAL CENTER","SUMMIT","NJ","07901","short_term_acute","513","cms_pos"
"310052","OCEAN UNIVERSITY MEDICAL CENTER","BRICK","NJ","08724","short_term_acute","436","cms_pos"
"310054","HACKENSACK MERIDIAN MOUNTAINSIDE MEDICAL","MONTCLAIR","NJ","07042","short_term_acute","328","cms_pos"
"310057","VIRTUA MOUNT HOLLY HOSPITAL","MOUNT HOLLY","NJ","08060","short_term_acute","383","cms_pos"
"310058","BERGEN NEW BRIDGE MEDICAL CENTER","PARAMUS","NJ","07652","short_term_acute","496","cms_pos"
"310060","ST LUKE'S WARREN HOSPITAL","PHILLIPSBURG","NJ","08865","short_term_acute","214","cms_pos"
"310061","VIRTUA WILLINGBORO HOSPITAL","WILLINGBORO","NJ","08046","short_term_acute","221","cms_pos"
"310064","ATLANTICARE REGIONAL MEDICAL CENTER - CITY CAMPUS","ATLANTIC CITY","NJ","08401","short_term_acute","593","cms_pos"
"310069","INSPIRA MEDICAL CENTER MULLICA HILL","MULLICA HILL","NJ","08062","short_term_acute","91","cms_pos"
"310070","SAINT PETER'S UNIVERSITY HOSPITAL","NEW BRUNSWICK","NJ","08901","short_term_acute","478","cms_pos"
"310073","JERSEY SHORE UNIVERSITY MEDICAL CENTER","NEPTUNE","NJ","07753","short_term_acute","596","cms_pos"
"310074","JERSEY CITY MEDICAL CENTER","JERSEY CITY","NJ","07302","short_term_acute","255","cms_pos"
"310075","MONMOUTH MEDICAL CENTER","LONG BRANCH","NJ","07740","short_term_acute","483","cms_pos"
"310076","COOPERMAN BARNABAS MEDICAL CENTER","LIVINGSTON","NJ","07039","short_term_acute","597","cms_pos"
"310083","CAREWELL HEALTH MEDICAL CENTER","EAST ORANGE","NJ","07018","short_term_acute","211","cms_pos"
"310084","MONMOUTH MEDICAL CENTER-SOUTHERN CAMPUS","LAKEWOOD","NJ","08701","short_term_acute","285","cms_pos"
"310086","JEFFERSON STRATFORD HOSPITAL","STRATFORD","NJ","08084","short_term_acute","596","cms_pos"
"310092","CAPITAL HEALTH REGIONAL MEDICAL CENTER","TRENTON","NJ","08638","short_term_acute","237","cms_pos"
"310096","SAINT MICHAEL'S MEDICAL CENTER","NEWARK","NJ","07102","short_term_acute","358","cms_pos"
"310108","JFK UNIVERSITY MEDICAL CENTER","EDISON","NJ","08820","short_term_acute","459","cms_pos"
"310110","ROBERT WOOD JOHNSON UNIVERSITY HOSPITAL HAMILTON","HAMILTON","NJ","08690","short_term_acute","248","cms_pos"
"310111","CENTRASTATE MEDICAL CENTER","FREEHOLD","NJ","07728","short_term_acute","273","cms_pos"
"310112","BAYSHORE MEDICAL CENTER","HOLMDEL","NJ","07733","short_term_acute","225","cms_pos"
"310113","SOUTHERN OCEAN MEDICAL CENTER","MANAHAWKIN","NJ","08050","short_term_acute","156","cms_pos"
"310115","HACKETTSTOWN MEDICAL CENTER","HACKETTSTOWN","NJ","07840","short_term_acute","148","cms_pos"
"310118","SECAUCUS UNIVERSITY HOSPITAL","SECAUCUS","NJ","07094","short_term_acute","200","cms_pos"
"310119","UNIVERSITY HOSPITAL","NEWARK","NJ","07103","short_term_acute","519","cms_pos"
"310130","HACKENSACK MERIDIAN HEALTH PASCACK VALLEY MEDICAL","WESTWOOD","NJ","07675","short_term_acute","128","cms_pos"
"312014","MATHENY MEDICAL AND EDUCATIONAL CENTER","PEAPACK","NJ","07977","long_term_care","102","cms_pos"
"312017","SPECIALTY HOSPITAL OF CENTRAL JERSEY","LAKEWOOD","NJ","08701","long_term_care","50","cms_pos"
"312018","CARE ONE AT TRINITAS REGIONAL MEDICAL CENTER","ELIZABETH","NJ","07207","long_term_care","75","cms_pos"
"312019","SELECT SPECIALTY HOSPITAL NORTHEAST","ROCHELLE PARK","NJ","07662","long_term_care","62","cms_pos"
"312020","KINDRED HOSPITAL NEW JERSEY - MORRIS COUNTY","DOVER","NJ","07801","long_term_care","45","cms_pos"
"312022","SELECT SPECIALTY HOSPITAL-WILLINGBORO","WILLINGBORO","NJ","08046","long_term_care","69","cms_pos"
"312023","ACUITY SPECIALTY HOSPITAL OF NEW JERSEY","ATLANTIC CITY","NJ","08401","long_term_care","30","cms_pos"
"312024","SILVER LAKE HOSPITAL LTACH","NEWARK","NJ","07107","long_term_care","63","cms_pos"
"312025","HACKENSACK MERIDIAN LTACH","PERTH AMBOY","NJ","08861","long_term_care","30","cms_pos"
"313025","KESSLER REHAB CENTER","WEST ORANGE","NJ","07052","rehabilitation","336","cms_pos"
"313027","LAWRENCE REHABILITATION HOSPITAL","LAWRENCEVILLE","NJ","08648","rehabilitation","60","cms_pos"
"313029","ENCOMPASS HEALTH REHAB HOSPITAL OF TOMS RIVER","TOMS RIVER","NJ","08755","rehabilitation","92","cms_pos"
"313032","KESSLER INSTITUTE FOR REHABILITATION,INC","MARLTON","NJ","08053","rehabilitation","61","cms_pos"
"313035","ENCOMPASS HEALTH REHAB HOSPITAL OF TINTON FALLS","TINTON FALLS","NJ","07724","rehabilitation","60","cms_pos"
"313036","ENCOMPASS HEALTH REHAB HOSPITAL OF VINELAND","VINELAND","NJ","08360","rehabilitation","41","cms_pos"
"313038","ATLANTIC REHABILITATION INSTITUTE","MADISON","NJ","07940","rehabilitation","38","cms_pos"
"313300","CHILDREN'S SPECIALIZED HOSPITAL","NEW BRUNSWICK","NJ","08901","childrens","90","cms_pos"
"313302","WEISMAN CHILDRENS REHABILITATION HOSPITAL","MARLTON","NJ","08053","childrens","30","cms_pos"
"314001","SUMMIT OAKS HOSPITAL","SUMMIT","NJ","07901","psychiatric","126","cms_pos"
"314005","ANCORA PSYCH HOSP","HAMMONTON","NJ","08037","psychiatric","709","cms_pos"
"314011","UNIVERSITY BEHAVIORAL HEALTH CARE","PISCATAWAY","NJ","08854","psychiatric","63","cms_pos"
"314012","HACKENSACK MERIDIAN HEALTH CARRIER CLINIC","BELLE MEAD","NJ","08502","psychiatric","281","cms_pos"
"314013","TRENTON PSYCHIATRIC HOSP","TRENTON","NJ","08625","psychiatric","436","cms_pos"
"314016","GREYSTONE PARK PSYCH HOSP","GREYSTONE PARK","NJ","07950","psychiatric","468","cms_pos"
"314018","NORTHBROOK BEHAVIORAL HEALTH HOSPITAL","BLACKWOOD","NJ","08012","psychiatric","158","cms_pos"
"314019","RAMAPO RIDGE BEHAVIORAL HEALTH HOSPITAL","WYCKOFF","NJ","07481","psychiatric","58","cms_pos"
"314020","ESSEX COUNTY HOSPITAL CENTER","CEDAR GROVE","NJ","07009","psychiatric","180","cms_pos"
"314021","HAMPTON HOSPITAL","WESTAMPTON","NJ","08060","psychiatric","125","cms_pos"
"314022","SAINT BARNABAS BEHAVIORAL HEALTH CENTER","TOMS RIVER","NJ","08755","psychiatric","40","cms_pos"
"314023","ASPEN HILLS HEALTHCARE CENTER","PEMBERTON","NJ","08068","psychiatric","30","cms_pos"
"314024","HUDSON COUNTY MEADOWVIEW PSYCHIATRIC H","SECAUCUS","NJ","07094","psychiatric","84","cms_pos"
"314027","MOUNTAINVIEW BEHAVIORAL HOSPITAL","BERKELEY HEIGHTS","NJ","07922","psychiatric","44","cms_pos"
"320001","UNM HOSPITAL","ALBUQUERQUE","NM","87106","short_term_acute","527","cms_pos"
"320002","CHRISTUS ST VINCENT REGIONAL MEDICAL CENTER","SANTA FE","NM","87505","short_term_acute","248","cms_pos"
"320004","CHRISTUS SOUTHERN NEW MEXICO","ALAMOGORDO","NM","88310","short_term_acute","98","cms_pos"
"320005","SAN JUAN REGIONAL MEDICAL CENTER INC","FARMINGTON","NM","87401","short_term_acute","240","cms_pos"
"320006","EASTERN NEW MEXICO MEDICAL CENTER","ROSWELL","NM","88201","short_term_acute","149","cms_pos"
"320009","LOVELACE MEDICAL CENTER","ALBUQUERQUE","NM","87102","short_term_acute","254","cms_pos"
"320011","PRESBYTERIAN ESPANOLA HOSPITAL","ESPANOLA","NM","87532","short_term_acute","80","cms_pos"
"320017","LOVELACE WOMEN'S HOSPITAL","ALBUQUERQUE","NM","87109","short_term_acute","120","cms_pos"
"320018","MEMORIAL MEDICAL CENTER","LAS CRUCES","NM","88011","short_term_acute","286","cms_pos"
"320021","PRESBYTERIAN HOSPITAL","ALBUQUERQUE","NM","87106","short_term_acute","623","cms_pos"
"320022","PLAINS REGIONAL MEDICAL CENTER","CLOVIS","NM","88101","short_term_acute","106","cms_pos"
"320030","ARTESIA GENERAL HOSPITAL","ARTESIA","NM","88210","short_term_acute","49","cms_pos"
"320033","LOS ALAMOS MEDICAL CENTER","LOS ALAMOS","NM","87544","short_term_acute","53","cms_pos"
"320063","CARLSBAD MEDICAL CENTER","CARLSBAD","NM","88220","short_term_acute","116","cms_pos"
"320065","COVENANT HEALTH HOBBS HOSPITAL","HOBBS","NM","88240","short_term_acute","84","cms_pos"
"320074","LOVELACE WESTSIDE HOSPITAL","ALBUQUERQUE","NM","87114","short_term_acute","95","cms_pos"
"320084","ROOSEVELT GENERAL HOSPITAL","PORTALES","NM","88130","short_term_acute","24","cms_pos"
"320085","MOUNTAIN VIEW REGIONAL MEDICAL CENTER","LAS CRUCES","NM","88011","short_term_acute","168","cms_pos"
"320086","LOVELACE REGIONAL HOSPITAL - ROSWELL","ROSWELL","NM","88201","short_term_acute","27","cms_pos"
"320090","PRESBYTERIAN SANTA FE MEDICAL CENTER","SANTA FE","NM","87507","short_term_acute","36","cms_pos"
"320091","THREE CROSSES REGIONAL HOSPITAL LLC","LAS CRUCES","NM","88001","short_term_acute","46","cms_pos"
"320779","GUADALUPE COUNTY HOSPITAL","SANTA ROSA","NM","88435","rural_emergency","12","cms_pos"
"321300","SIERRA VISTA HOSPITAL","T OR C","NM","87901","critical_access","15","cms_pos"
"321301","SOCORRO GENERAL HOSPITAL","SOCORRO","NM","87801","critical_access","24","cms_pos"
"321302","DR DAN C TRIGG MEMORIAL HOSPITAL","TUCUMCARI","NM","88401","critical_access","25","cms_pos"
"321304","UNION COUNTY GENERAL HOSPITAL","CLAYTON","NM","88415","critical_access","25","cms_pos"
"321305","NOR-LEA HOSPITAL DISTRICT","LOVINGTON","NM","88260","critical_access","25","cms_pos"
"321306","LINCOLN COUNTY MEDICAL CENTER","RUIDOSO","NM","88345","critical_access","25","cms_pos"
"321307","MINERS' COLFAX MEDICAL CENTER","RATON","NM","87740","critical_access","25","cms_pos"
"321308","CIBOLA GENERAL HOSPITAL","GRANTS","NM","87020","critical_access","25","cms_pos"
"321309","MIMBRES VALLEY MEDICAL CENTER","DEMING","NM","88030","critical_access","25","cms_pos"
"321310","HOLY CROSS HOSPITAL A DIV OF TAOS HEALTH SYSTEMS","TAOS","NM","87571","critical_access","25","cms_pos"
"321311","GILA REGIONAL MEDICAL CENTER","SILVER CITY","NM","88061","critical_access","25","cms_pos"
"321312","ALTA VISTA REGIONAL HOSPITAL","LAS VEGAS","NM","87701","critical_access","25","cms_pos"
"321313","REHOBOTH MCKINLEY CHRISTIAN HEALTH CARE SERVICES","GALLUP","NM","87301","critical_access","69","cms_pos"
"322002","KINDRED HOSPITAL ALBUQUERQUE","ALBUQUERQUE","NM","87102","long_term_care","61","cms_pos"
"322003","ALBUQUERQUE - AMG SPECIALTY HOSPITAL, LLC","ALBUQUERQUE","NM","87108","long_term_care","53","cms_pos"
"322004","ADVANCED CARE HOSPITAL OF SOUTHERN NEW MEXICO LLC","LAS CRUCES","NM","88011","long_term_care","20","cms_pos"
"323026","NEW MEXICO REHABILITATION CENTER","ROSWELL","NM","88203","rehabilitation","43","cms_pos"
"323027","ENCOMPASS HEALTH REHABILITATION HOSPITAL OF ALBUQU","ALBUQUERQUE","NM","87109","rehabilitation","87","cms_pos"
"323028","LOVELACE UNM REHABILITATION HOSPITAL","ALBUQUERQUE","NM","87102","rehabilitation","62","cms_pos"
"323032","REHABILITATION HOSPITAL OF SOUTHERN NEW MEXICO,INC","LAS CRUCES","NM","88011","rehabilitation","56","cms_pos"
"323033","CLEARSKY REHABILITATION HOSPITAL OF RIO RANCHO LLC","RIO RANCHO","NM","87124","rehabilitation","37","cms_pos"
"324010","BHC MESILLA VALLEY HOSPITAL, LLC","LAS CRUCES","NM","88012","psychiatric","120","cms_pos"
"324012","PEAK BEHAVIORAL HEALTH SERVICES, LLC","SANTA TERESA","NM","88008","psychiatric","88","cms_pos"
"324013","HAVEN BEHAVIORAL HOSPITAL OF ALBUQUERQUE","ALBUQUERQUE","NM","87108","psychiatric","48","cms_pos"
"324014","CENTRAL DESERT BEHAVIORAL HEALTH HOSPITAL","ALBUQUERQUE","NM","87102","psychiatric","64","cms_pos"
"324015","NEW MEXICO BEHAVIORAL HEALTHCARE LLC","ALBUQUERQUE","NM","87106","psychiatric","12","cms_pos"
"330005","KALEIDA HEALTH","BUFFALO","NY","14210","short_term_acute","986","cms_pos"
"330006","ST JOSEPH'S MEDICAL CENTER","YONKERS","NY","10701","short_term_acute","332","cms_pos"
"330009","BRONXCARE HOSPITAL CENTER","BRONX","NY","10456","short_term_acute","579","cms_pos"
"330011","OUR LADY OF LOURDES MEMORIAL HOSPITAL, INC","BINGHAMTON","NY","13905","short_term_acute","267","cms_pos"
"330013","ALBANY MEDICAL CENTER HOSPITAL","ALBANY","NY","12208","short_term_acute","732","cms_pos"
"330014","JAMAICA HOSPITAL MEDICAL CENTER","JAMAICA","NY","11418","short_term_acute","424","cms_pos"
"330019","NEW YORK COMMUNITY HOSPITAL OF BROOKLYN, INC.","BROOKLYN","NY","11229","short_term_acute","134","cms_pos"
"330023","VASSAR BROTHERS MEDICAL CENTER","POUGHKEEPSIE","NY","12601","short_term_acute","365","cms_pos"
"330024","MOUNT SINAI HOSPITAL","NEW YORK","NY","10029","short_term_acute","1171","cms_pos"
"330027","NASSAU UNIVERSITY MEDICAL CENTER","EAST MEADOW","NY","11554","short_term_acute","530","cms_pos"
"330028","RICHMOND UNIVERSITY MEDICAL CENTER","STATEN ISLAND","NY","10310","short_term_acute","473","cms_pos"
"330030","NEWARK-WAYNE COMMUNITY HOSPITAL","NEWARK","NY","14513","short_term_acute","120","cms_pos"
"330033","CHENANGO MEMORIAL HOSPITAL","NORWICH","NY","13815","short_term_acute","58","cms_pos"
"330043","SOUTH SHORE UNIVERSITY  HOSPITAL","BAY SHORE","NY","11706","short_term_acute","341","cms_pos"
"330044","WYNN HOSPITAL","UTICA","NY","13502","short_term_acute","372","cms_pos"
"330045","HUNTINGTON HOSPITAL","HUNTINGTON","NY","11743","short_term_acute","408","cms_pos"
"330046","MOUNT SINAI WEST","NEW YORK","NY","10019","short_term_acute","1028","cms_pos"
"330047","ST MARY'S HEALTHCARE","AMSTERDAM","NY","12010","short_term_acute","149","cms_pos"
"330049","NORTHERN DUTCHESS HOSPITAL","RHINEBECK","NY","12572","short_term_acute","68","cms_pos"
"330055","NEW YORK-PRESBYTERIAN/QUEENS","FLUSHING","NY","11355","short_term_acute","535","cms_pos"
"330056","BROOKLYN HOSPITAL CENTER - DOWNTOWN CAMPUS","BROOKLYN","NY","11201","short_term_acute","464","cms_pos"
"330057","ST PETER'S HOSPITAL","ALBANY","NY","12208","short_term_acute","482","cms_pos"
"330058","GENEVA GENERAL HOSPITAL","GENEVA","NY","14456","short_term_acute","132","cms_pos"
"330059","MONTEFIORE MEDICAL CENTER","BRONX","NY","10467","short_term_acute","1491","cms_pos"
"330065","NIAGARA FALLS MEMORIAL MEDICAL CENTER","NIAGARA FALLS","NY","14302","short_term_acute","171","cms_pos"
"330073","UNITED MEMORIAL MEDICAL CENTER","BATAVIA","NY","14020","short_term_acute","166","cms_pos"
"330074","F F THOMPSON HOSPITAL","CANANDAIGUA","NY","14424","short_term_acute","113","cms_pos"
"330078","SISTERS OF CHARITY HOSPITAL","BUFFALO","NY","14214","short_term_acute","413","cms_pos"
"330079","ADIRONDACK MEDICAL CENTER - SARANAC LAKE","SARANAC LAKE","NY","12983","short_term_acute","95","cms_pos"
"330080","LINCOLN MEDICAL & MENTAL HEALTH CENTER","BRONX","NY","10451","short_term_acute","586","cms_pos"
"330085","AURELIA OSBORN FOX MEMORIAL HOSPITAL","ONEONTA","NY","13820","short_term_acute","60","cms_pos"
"330086","MONTEFIORE MOUNT VERNON HOSPITAL","MOUNT VERNON","NY","10550","short_term_acute","245","cms_pos"
"330090","ARNOT OGDEN MEDICAL CENTER","ELMIRA","NY","14905","short_term_acute","266","cms_pos"
"330094","COLUMBIA MEMORIAL HOSPITAL","HUDSON","NY","12534","short_term_acute","124","cms_pos"
"330096","JONES MEMORIAL HOSPITAL","WELLSVILLE","NY","14895","short_term_acute","49","cms_pos"
"330100","N Y EYE AND EAR INFIRMARY","NEW YORK","NY","10003","short_term_acute","69","cms_pos"
"330101","NEW YORK-PRESBYTERIAN HOSPITAL","NEW YORK","NY","10065","short_term_acute","2262","cms_pos"
"330102","KENMORE MERCY HOSPITAL","KENMORE","NY","14217","short_term_acute","184","cms_pos"
"330103","OLEAN GENERAL HOSPITAL","OLEAN","NY","14760","short_term_acute","186","cms_pos"
"330104","NYACK HOSPITAL","NYACK","NY","10960","short_term_acute","375","cms_pos"
"330106","NORTH SHORE UNIVERSITY HOSPITAL","MANHASSET","NY","11030","short_term_acute","812","cms_pos"
"330107","PECONIC BAY MEDICAL CENTER","RIVERHEAD","NY","11901","short_term_acute","122","cms_pos"
"330111","BERTRAND CHAFFEE HOSPITAL","SPRINGVILLE","NY","14141","short_term_acute","49","cms_pos"
"330115","ONEIDA HEALTH","ONEIDA","NY","13421","short_term_acute","101","cms_pos"
"330119","LENOX HILL HOSPITAL","NEW YORK","NY","10021","short_term_acute","652","cms_pos"
"330125","ROCHESTER GENERAL HOSPITAL","ROCHESTER","NY","14621","short_term_acute","528","cms_pos"
"330126","GARNET HEALTH MEDICAL CENTER","MIDDLETOWN","NY","10940","short_term_acute","450","cms_pos"
"330127","JACOBI MEDICAL CENTER","BRONX","NY","10461","short_term_acute","561","cms_pos"
"330128","ELMHURST HOSPITAL CENTER","ELMHURST","NY","11373","short_term_acute","545","cms_pos"
"330135","BON SECOURS COMMUNITY HOSPITAL","PORT JERVIS","NY","12771","short_term_acute","141","cms_pos"
"330136","MARY IMOGENE BASSETT HOSPITAL","COOPERSTOWN","NY","13326","short_term_acute","180","cms_pos"
"330140","ST JOSEPH'S HOSPITAL HEALTH CENTER","SYRACUSE","NY","13203","short_term_acute","431","cms_pos"
"330141","LONG ISLAND COMMUNITY HOSPITAL","PATCHOGUE","NY","11772","short_term_acute","306","cms_pos"
"330151","ST JAMES HOSPITAL","HORNELL","NY","14843","short_term_acute","157","cms_pos"
"330153","ELLIS HOSPITAL","SCHENECTADY","NY","12308","short_term_acute","368","cms_pos"
"330154","MEMORIAL HOSPITAL FOR CANCER AND ALLIED DISEASES","NEW YORK","NY","10065","short_term_acute","514","cms_pos"
"330157","SAMARITAN MEDICAL CENTER","WATERTOWN","NY","13601","short_term_acute","287","cms_pos"
"330158","GOOD SAMARITAN HOSPITAL OF SUFFERN","SUFFERN","NY","10901","short_term_acute","269","cms_pos"
"330160","STATEN ISLAND UNIVERSITY HOSPITAL","STATEN ISLAND","NY","10305","short_term_acute","714","cms_pos"
"330162","NORTHERN WESTCHESTER HOSPITAL","MOUNT KISCO","NY","10549","short_term_acute","259","cms_pos"
"330164","HIGHLAND HOSPITAL","ROCHESTER","NY","14617","short_term_acute","262","cms_pos"
"330169","MOUNT SINAI BETH ISRAEL","BROOKLYN","NY","11234","short_term_acute","1111","cms_pos"
"330175","GUTHRIE CORTLAND REGIONAL MEDICAL CENTER","CORTLAND","NY","13045","short_term_acute","181","cms_pos"
"330180","SAMARITAN HOSPITAL","TROY","NY","12180","short_term_acute","238","cms_pos"
"330181","GLEN COVE HOSPITAL","GLEN COVE","NY","11542","short_term_acute","247","cms_pos"
"330182","ST FRANCIS HOSPITAL, ROSLYN","ROSLYN","NY","11576","short_term_acute","364","cms_pos"
"330184","MONTEFIORE NEW ROCHELLE HOSPITAL","NEW ROCHELLE","NY","10802","short_term_acute","242","cms_pos"
"330185","JOHN T MATHER MEMORIAL HOSPITAL  OF PORT JEFFERSON","PORT JEFFERSON","NY","11777","short_term_acute","248","cms_pos"
"330188","MOUNT ST MARY'S HOSPITAL AND HEALTH CENTER","LEWISTON","NY","14092","short_term_acute","179","cms_pos"
"330191","GLENS FALLS HOSPITAL","GLENS FALLS","NY","12801","short_term_acute","442","cms_pos"
"330193","FLUSHING HOSPITAL MEDICAL CENTER","FLUSHING","NY","11355","short_term_acute","293","cms_pos"
"330194","MAIMONIDES MEDICAL CENTER","BROOKLYN","NY","11219","short_term_acute","711","cms_pos"
"330195","LONG ISLAND JEWISH MEDICAL CENTER","NEW HYDE PARK","NY","11040","short_term_acute","1025","cms_pos"
"330196","SOUTH BROOKLYN HEALTH","BROOKLYN","NY","11235","short_term_acute","371","cms_pos"
"330197","CANTON-POTSDAM HOSPITAL","POTSDAM","NY","13676","short_term_acute","94","cms_pos"
"330198","MOUNT SINAI SOUTH NASSAU","OCEANSIDE","NY","11572","short_term_acute","435","cms_pos"
"330199","METROPOLITAN HOSPITAL CENTER","NEW YORK","NY","10029","short_term_acute","363","cms_pos"
"330202","KINGS COUNTY HOSPITAL CENTER","BROOKLYN","NY","11203","short_term_acute","639","cms_pos"
"330203","CROUSE HOSPITAL","SYRACUSE","NY","13210","short_term_acute","466","cms_pos"
"330204","BELLEVUE HOSPITAL CENTER","NEW YORK","NY","10016","short_term_acute","912","cms_pos"
"330205","ST ANTHONY COMMUNITY HOSPITAL","WARWICK","NY","10990","short_term_acute","60","cms_pos"
"330208","ST JOHN'S RIVERSIDE HOSPITAL","YONKERS","NY","10701","short_term_acute","385","cms_pos"
"330214","NYU LANGONE HOSPITALS","NEW YORK","NY","10016","short_term_acute","1069","cms_pos"
"330215","ROME MEMORIAL HOSPITAL, INC","ROME","NY","13440","short_term_acute","144","cms_pos"
"330218","OSWEGO HOSPITAL","OSWEGO","NY","13126","short_term_acute","132","cms_pos"
"330219","ERIE COUNTY MEDICAL CENTER","BUFFALO","NY","14215","short_term_acute","526","cms_pos"
"330221","WYCKOFF HEIGHTS MEDICAL CENTER","BROOKLYN","NY","11237","short_term_acute","324","cms_pos"
"330222","SARATOGA HOSPITAL","SARATOGA SPRINGS","NY","12866","short_term_acute","171","cms_pos"
"330224","HEALTHALLIANCE HOSPITAL MARYS AVENUE CAMPUS","KINGSTON","NY","12401","short_term_acute","222","cms_pos"
"330226","UNITY HOSPITAL OF ROCHESTER","ROCHESTER","NY","14626","short_term_acute","311","cms_pos"
"330229","BROOKS-TLC HOSPITAL SYSTEM, INC","DUNKIRK","NY","14048","short_term_acute","65","cms_pos"
"330231","QUEENS HOSPITAL CENTER","JAMAICA","NY","11432","short_term_acute","581","cms_pos"
"330233","BROOKDALE HOSPITAL MEDICAL CENTER","BROOKLYN","NY","11212","short_term_acute","1120","cms_pos"
"330234","WESTCHESTER MEDICAL CENTER","VALHALLA","NY","10595","short_term_acute","895","cms_pos"
"330235","AUBURN  COMMUNITY  HOSPITAL","AUBURN","NY","13021","short_term_acute","99","cms_pos"
"330238","NICHOLAS H NOYES MEMORIAL HOSPITAL","DANSVILLE","NY","14437","short_term_acute","72","cms_pos"
"330239","UPMC CHAUTAUQUA AT WCA","JAMESTOWN","NY","14701","short_term_acute","95","cms_pos"
"330240","HARLEM HOSPITAL CENTER","NEW YORK","NY","10037","short_term_acute","268","cms_pos"
"330241","UNIVERSITY HOSPITAL S U N Y HEALTH SCIENCE CENTER","SYRACUSE","NY","13210","short_term_acute","511","cms_pos"
"330246","ST CHARLES HOSPITAL","PORT JEFFERSON","NY","11777","short_term_acute","231","cms_pos"
"330250","THE UNIVERSITY OF VERMONT HEALTH NETWORK  - CHAMPL","PLATTSBURGH","NY","12901","short_term_acute","300","cms_pos"
"330259","MERCY MEDICAL CENTER","ROCKVILLE CENTRE","NY","11570","short_term_acute","375","cms_pos"
"330261","PHELPS HOSPITAL","SLEEPY HOLLOW","NY","10591","short_term_acute","235","cms_pos"
"330264","MONTEFIORE ST LUKE'S CORNWALL","NEWBURGH","NY","12550","short_term_acute","244","cms_pos"
"330265","CLIFTON SPRINGS HOSPITAL AND CLINIC","CLIFTON SPRINGS","NY","14432","short_term_acute","154","cms_pos"
"330267","HUDSON VALLEY HOSPITAL CENTER","CORTLANDT MANOR","NY","10567","short_term_acute","128","cms_pos"
"330270","HOSPITAL FOR SPECIAL SURGERY","NEW YORK","NY","10021","short_term_acute","205","cms_pos"
"330273","PUTNAM HOSPITAL CENTER","CARMEL","NY","10512","short_term_acute","164","cms_pos"
"330276","NATHAN LITTAUER HOSPITAL","GLOVERSVILLE","NY","12078","short_term_acute","74","cms_pos"
"330277","CORNING HOSPITAL","CORNING","NY","14830","short_term_acute","81","cms_pos"
"330279","MERCY HOSPITAL OF BUFFALO","BUFFALO","NY","14220","short_term_acute","387","cms_pos"
"330285","STRONG MEMORIAL HOSPITAL","ROCHESTER","NY","14642","short_term_acute","900","cms_pos"
"330286","GOOD SAMARITAN HOSPITAL MEDICAL CENTER","WEST ISLIP","NY","11795","short_term_acute","437","cms_pos"
"330304","WHITE PLAINS HOSPITAL CENTER","WHITE PLAINS","NY","10601","short_term_acute","276","cms_pos"
"330307","CAYUGA MEDICAL CENTER AT ITHACA","ITHACA","NY","14850","short_term_acute","212","cms_pos"
"330331","PLAINVIEW HOSPITAL","PLAINVIEW","NY","11803","short_term_acute","204","cms_pos"
"330332","ST JOSEPH HOSPITAL","BETHPAGE","NY","11714","short_term_acute","203","cms_pos"
"330350","SUNY HEALTH SCIENCE CENTER AT BROOKLYN UNIVERSITY","BROOKLYN","NY","11203","short_term_acute","376","cms_pos"
"330354","ROSWELL PARK CANCER INSTITUTE","BUFFALO","NY","14203","short_term_acute","133","cms_pos"
"330386","GARNET HEALTH  MEDICAL CENTER CATSKILLS","HARRIS","NY","12742","short_term_acute","164","cms_pos"
"330393","STONY BROOK UNIVERSITY HOSPITAL","STONY BROOK","NY","11794","short_term_acute","728","cms_pos"
"330394","UNITED HEALTH SERVICES HOSPITALS, INC","BINGHAMTON","NY","13903","short_term_acute","500","cms_pos"
"330395","ST JOHN'S EPISCOPAL HOSPITAL AT SOUTH SHORE","FAR ROCKAWAY","NY","11691","short_term_acute","257","cms_pos"
"330396","WOODHULL MEDICAL & MENTAL HEALTH CENTER","BROOKLYN","NY","11206","short_term_acute","411","cms_pos"
"330399","ST BARNABAS HOSPITAL","BRONX","NY","10457","short_term_acute","446","cms_pos"
"330401","ST CATHERINE OF SIENA HOSPITAL","SMITHTOWN","NY","11787","short_term_acute","318","cms_pos"
"330405","HELEN HAYES HOSPITAL","WEST HAVERSTRAW","NY","10993","short_term_acute","130","cms_pos"
"330406","SUNNYVIEW HOSPITAL AND REHABILITATION CENTER","SCHENECTADY","NY","12308","short_term_acute","115","cms_pos"
"330410","TERENCE CARDINAL COOKE HEALTH CARE CENTER","NEW YORK","NY","10029","short_term_acute","57","cms_pos"
"330411","UNITY SPECIALTY HOSPITAL","ROCHESTER","NY","14611","short_term_acute","97","cms_pos"
"330799","CLIFTON-FINE HOSPITAL","STAR LAKE","NY","13690","rural_emergency","20","cms_pos"
"330800","IRA DAVENPORT MEMORIAL HOSPITAL","BATH","NY","14810","rural_emergency","1","cms_pos"
"330801","WESTFIELD MEMORIAL HOSPITAL, INC","WESTFIELD","NY","14787","rural_emergency","1","cms_pos"
"331301","CUBA MEMORIAL HOSPITAL, INC","CUBA","NY","14727","critical_access","20","cms_pos"
"331302","ELIZABETHTOWN COMMUNITY HOSPITAL","ELIZABETHTOWN","NY","12932","critical_access","25","cms_pos"
"331303","GARNET HEALTH MEDICAL CENTER-CATSKILLS","CALLICOON","NY","12723","critical_access","15","cms_pos"
"331304","MARGARETVILLE MEMORIAL HOSPITAL","MARGARETVILLE","NY","12455","critical_access","22","cms_pos"
"331305","O'CONNOR HOSPITAL","DELHI","NY","13753","critical_access","25","cms_pos"
"331309","RIVER HOSPITAL CLINICS","ALEXANDRIA BAY","NY","13607","critical_access","24","cms_pos"
"331310","ELLENVILLE REGIONAL HOSPITAL","ELLENVILLE","NY","12428","critical_access","25","cms_pos"
"331311","LITTLE FALLS HOSPITAL","LITTLE FALLS","NY","13365","critical_access","25","cms_pos"
"331312","DELAWARE VALLEY HOSPITAL, INC","WALTON","NY","13856","critical_access","25","cms_pos"
"331313","SCHUYLER HOSPITAL","MONTOUR FALLS","NY","14865","critical_access","25","cms_pos"
"331314","SOLDIERS AND SAILORS MEMORIAL HOSPITAL OF YATES","PENN YAN","NY","14527","critical_access","35","cms_pos"
"331315","GOUVERNEUR HOSPITAL","GOUVERNEUR","NY","13642","critical_access","25","cms_pos"
"331316","COMMUNITY MEMORIAL HOSPITAL, INC","HAMILTON","NY","13346","critical_access","25","cms_pos"
"331317","LEWIS COUNTY GENERAL HOSPITAL","LOWVILLE","NY","13367","critical_access","25","cms_pos"
"331318","CARTHAGE AREA HOSPITAL, INC","CARTHAGE","NY","13619","critical_access","25","cms_pos"
"331319","MEDINA MEMORIAL HOSPITAL","MEDINA","NY","14103","critical_access","34","cms_pos"
"331320","COBLESKILL REGIONAL HOSPITAL","COBLESKILL","NY","12043","critical_access","40","cms_pos"
"331321","THE UNIVERSITY OF VERMONT HEALTH NETWORK-ALICE HY","MALONE","NY","12953","critical_access","25","cms_pos"
"331322","SLHS MASSENA, INC","MASSENA","NY","13662","critical_access","25","cms_pos"
"331323","WYOMING COUNTY","WARSAW","NY","14569","critical_access","25","cms_pos"
"331324","CARTHAGE AREA HOSPITAL, INC","OGDENSBURG","NY","13669","critical_access","25","cms_pos"
"332006","CALVARY HOSPITAL INC","BRONX","NY","10461","long_term_care","225","cms_pos"
"332008","HENRY J CARTER SPECIALTY HOSPITAL","NEW YORK","NY","10035","long_term_care","411","cms_pos"
"333030","BURKE REHABILITATION HOSPITAL","WHITE PLAINS","NY","10605","rehabilitation","150","cms_pos"
"333301","BLYTHEDALE CHILDREN'S HOSPITAL","VALHALLA","NY","10595","childrens","100","cms_pos"
"334001","HUTCHINGS PSYCHIATRIC CTR","SYRACUSE","NY","13210","psychiatric","128","cms_pos"
"334002","FOUR WINDS","KATONAH","NY","10536","psychiatric","175","cms_pos"
"334003","ST LAWRENCE PSYCHIATRIC CENTER","OGDENSBURG","NY","13669","psychiatric","108","cms_pos"
"334004","CREEDMOOR PSYCHIATRIC CENTER","QUEENS VILLAGE","NY","11427","psychiatric","476","cms_pos"
"334009","NEW YORK STATE PSYCHIATRIC INSTITUTE","NEW YORK","NY","10032","psychiatric","55","cms_pos"
"334012","GREATER BINGHAMTON HEALTH CENTER","BINGHAMTON","NY","13901","psychiatric","154","cms_pos"
"334013","PILGRIM PSYCHIATRIC CENTER","WEST BRENTWOOD","NY","11717","psychiatric","560","cms_pos"
"334015","ROCKLAND PSYCH CTR","ORANGEBURG","NY","10962","psychiatric","503","cms_pos"
"334020","ROCHESTER PSYCHIATRIC CENTER","ROCHESTER","NY","14620","psychiatric","247","cms_pos"
"334021","MOHAWK VALLEY PSYCHIATRIC CENTER","UTICA","NY","13502","psychiatric","189","cms_pos"
"334022","BRYLIN HOSP","BUFFALO","NY","14209","psychiatric","88","cms_pos"
"334026","BRUNSWICK PSYCH CENTER","AMITYVILLE","NY","11701","psychiatric","146","cms_pos"
"334027","SOUTH OAKS HOSP","AMITYVILLE","NY","11701","psychiatric","245","cms_pos"
"334043","SOUTH BEACH PSYCHIATRIC CENTER","STATEN ISLAND","NY","10305","psychiatric","260","cms_pos"
"334045","ELMIRA PSYCH CENTER","ELMIRA","NY","14901","psychiatric","59","cms_pos"
"334046","CAPITAL DISTRICT PSYCH CENTER","ALBANY","NY","12208","psychiatric","134","cms_pos"
"334048","GRACIE SQUARE HOSP","NEW YORK","NY","10021","psychiatric","157","cms_pos"
"334049","FOUR WINDS OF SARATOGA","SARATOGA SPRINGS","NY","12866","psychiatric","88","cms_pos"
"334052","BUFFALO PSYCHIATRIC CENTER","BUFFALO","NY","14213","psychiatric","260","cms_pos"
"334053","BRONX PSYCHIATRIC CENTER","BRONX","NY","10461","psychiatric","412","cms_pos"
"334054","MANHATTAN PSYCHIATRIC CENTER","NEW YORK","NY","10035","psychiatric","509","cms_pos"
"334060","KIRBY FORENSIC PSYCHIATRIC CENTER","NEW YORK","NY","10035","psychiatric","207","cms_pos"
"334061","MID HUDSON FORENSIC PSYCHIATRIC CTR","NEW HAMPTON","NY","10958","psychiatric","283","cms_pos"
"334063","KINGSBORO PSYCHIATRIC HOSPITAL","BROOKLYN","NY","11203","psychiatric","173","cms_pos"
"334064","SAGAMORE CHILDREN'S PSYCHIATRIC CENTER","DIX HILLS","NY","11746","psychiatric","47","cms_pos"
"334065","WESTERN NY CHILDRENS PSYCHIATRIC CENTER","WEST SENECA","NY","14224","psychiatric","46","cms_pos"
"334066","ROCKLAND CHILDREN'S PSYCHIATRIC CENTER","ORANGEBURG","NY","10962","psychiatric","37","cms_pos"
"334067","NEW YORK CITY CHILDRENS PSYCH CENTER","BELLEROSE","NY","11426","psychiatric","96","cms_pos"
"334068","CLAXTON-HEPBURN MEDICAL CENTER","OGDENSBURG","NY","13669","psychiatric","40","cms_pos"
"340001","ATRIUM HEALTH CABARRUS","CONCORD","NC","28025","short_term_acute","457","cms_pos"
"340002","MEMORIAL MISSION HOSPITAL AND ASHEVILLE SURGERY CE","ASHEVILLE","NC","28801","short_term_acute","735","cms_pos"
"340003","NORTHERN REGIONAL HOSPITAL","MOUNT AIRY","NC","27030","short_term_acute","112","cms_pos"
"340004","HIGH POINT REGIONAL HOSPITAL","HIGH POINT","NC","27261","short_term_acute","354","cms_pos"
"340008","SCOTLAND MEMORIAL HOSPITAL","LAURINBURG","NC","28352","short_term_acute","104","cms_pos"
"340010","UNC HEALTH WAYNE","GOLDSBORO","NC","27534","short_term_acute","316","cms_pos"
"340013","RUTHERFORD REGIONAL MEDICAL CENTER","RUTHERFORDTON","NC","28139","short_term_acute","143","cms_pos"
"340014","NOVANT HEALTH FORSYTH MEDICAL CENTER","WINSTON-SALEM","NC","27103","short_term_acute","912","cms_pos"
"340015","NOVANT HEALTH ROWAN MEDICAL CENTER","SALISBURY","NC","28144","short_term_acute","308","cms_pos"
"340016","HARRIS REGIONAL HOSPITAL","SYLVA","NC","28779","short_term_acute","86","cms_pos"
"340017","MARGARET R PARDEE MEMORIAL HOSPITAL","HENDERSONVILLE","NC","28791","short_term_acute","222","cms_pos"
"340020","CENTRAL CAROLINA HOSPITAL","SANFORD","NC","27330","short_term_acute","137","cms_pos"
"340021","ATRIUM HEALTH CLEVELAND","SHELBY","NC","28150","short_term_acute","241","cms_pos"
"340023","ADVENTHEALTH HENDERSONVILLE","HENDERSONVILLE","NC","28792","short_term_acute","103","cms_pos"
"340024","SAMPSON REGIONAL MEDICAL CENTER","CLINTON","NC","28328","short_term_acute","146","cms_pos"
"340027","UNC LENOIR HEALTH CARE","KINSTON","NC","28501","short_term_acute","235","cms_pos"
"340028","CAPE FEAR VALLEY MEDICAL CENTER","FAYETTEVILLE","NC","28302","short_term_acute","600","cms_pos"
"340030","DUKE UNIVERSITY HOSPITAL","DURHAM","NC","27705","short_term_acute","1019","cms_pos"
"340032","CAROMONT REGIONAL MEDICAL CENTER","GASTONIA","NC","28052","short_term_acute","442","cms_pos"
"340039","IREDELL MEMORIAL HOSPITAL INC","STATESVILLE","NC","28677","short_term_acute","247","cms_pos"
"340040","ECU HEALTH MEDICAL CENTER","GREENVILLE","NC","27834","short_term_acute","909","cms_pos"
"340041","CALDWELL MEMORIAL HOSPITAL","LENOIR","NC","28645","short_term_acute","110","cms_pos"
"340042","ONSLOW MEMORIAL HOSPITAL","JACKSONVILLE","NC","28540","short_term_acute","150","cms_pos"
"340047","NORTH CAROLINA BAPTIST HOSPITAL","WINSTON-SALEM","NC","27157","short_term_acute","885","cms_pos"
"340049","NORTH CAROLINA SPECIALTY HOSPITAL","DURHAM","NC","27704","short_term_acute","24","cms_pos"
"340050","SOUTHEASTERN REGIONAL MEDICAL CENTER","LUMBERTON","NC","28359","short_term_acute","314","cms_pos"
"340051","WATAUGA MEDICAL CENTER","BOONE","NC","28607","short_term_acute","117","cms_pos"
"340053","NOVANT HEALTH PRESBYTERIAN MEDICAL CENTER","CHARLOTTE","NC","28233","short_term_acute","877","cms_pos"
"340060","UNC ROCKINGHAM","EDEN","NC","27288","short_term_acute","108","cms_pos"
"340061","UNC HOSPITALS","CHAPEL HILL","NC","27514","short_term_acute","724","cms_pos"
"340064","WILKES REGIONAL MEDICAL CENTER","NORTH WILKESBORO","NC","28659","short_term_acute","120","cms_pos"
"340068","COLUMBUS REGIONAL HEALTHCARE SYSTEM","WHITEVILLE","NC","28472","short_term_acute","166","cms_pos"
"340069","WAKEMED","RALEIGH","NC","27610","short_term_acute","678","cms_pos"
"340070","ALAMANCE REGIONAL MEDICAL CENTER","BURLINGTON","NC","27216","short_term_acute","238","cms_pos"
"340071","BETSY JOHNSON REGIONAL  HOSPITAL","DUNN","NC","28334","short_term_acute","108","cms_pos"
"340075","UNC HEALTH BLUE RIDGE","MORGANTON","NC","28655","short_term_acute","204","cms_pos"
"340084","ATRIUM HEALTH ANSON","WADESBORO","NC","28170","short_term_acute","15","cms_pos"
"340085","NOVANT HEALTH THOMASVILLE MEDICAL CENTER","THOMASVILLE","NC","27360","short_term_acute","149","cms_pos"
"340087","MISSION HOSPITAL MCDOWELL","MARION","NC","28752","short_term_acute","65","cms_pos"
"340090","JOHNSTON HEALTH","SMITHFIELD","NC","27577","short_term_acute","175","cms_pos"
"340091","CONE HEALTH","GREENSBORO","NC","27401","short_term_acute","1232","cms_pos"
"340096","LEXINGTON MEMORIAL HOSPITAL INC","LEXINGTON","NC","27293","short_term_acute","94","cms_pos"
"340097","HUGH CHATHAM MEMORIAL HOSPITAL","ELKIN","NC","28621","short_term_acute","81","cms_pos"
"340098","ATRIUM HEALTH PINEVILLE","CHARLOTTE","NC","28210","short_term_acute","344","cms_pos"
"340099","VIDANT ROANOKE CHOWAN HOSPITAL","AHOSKIE","NC","27910","short_term_acute","124","cms_pos"
"340107","VIDANT EDGECOMBE HOSPITAL","TARBORO","NC","27886","short_term_acute","83","cms_pos"
"340109","SENTARA ALBEMARLE MEDICAL CENTER","ELIZABETH CITY","NC","27909","short_term_acute","182","cms_pos"
"340113","CAROLINAS MEDICAL CENTER/BEHAV HEALTH","CHARLOTTE","NC","28203","short_term_acute","843","cms_pos"
"340114","REX HOSPITAL","RALEIGH","NC","27607","short_term_acute","425","cms_pos"
"340115","FIRSTHEALTH MOORE REGIONAL HOSPITAL","PINEHURST","NC","28374","short_term_acute","395","cms_pos"
"340116","FRYE REGIONAL MEDICAL CENTER","HICKORY","NC","28601","short_term_acute","338","cms_pos"
"340119","ATRIUM HEALTH STANLY","ALBEMARLE","NC","28001","short_term_acute","109","cms_pos"
"340120","VIDANT DUPLIN  HOSPITAL","KENANSVILLE","NC","28349","short_term_acute","101","cms_pos"
"340123","RANDOLPH HOSPITAL","ASHEBORO","NC","27204","short_term_acute","145","cms_pos"
"340126","WILSON MEDICAL CENTER","WILSON","NC","27893","short_term_acute","317","cms_pos"
"340127","GRANVILLE HEALTH SYSTEMS","OXFORD","NC","27565","short_term_acute","62","cms_pos"
"340129","DUKE HEALTH LAKE NORMAN HOSPITAL","MOORESVILLE","NC","28117","short_term_acute","105","cms_pos"
"340130","ATRIUM HEALTH UNION","MONROE","NC","28112","short_term_acute","157","cms_pos"
"340131","CAROLINA EAST MEDICAL CENTER","NEW BERN","NC","28560","short_term_acute","314","cms_pos"
"340132","MARIA PARHAM MEDICAL CENTER","HENDERSON","NC","27536","short_term_acute","102","cms_pos"
"340141","NOVANT HEALTH NEW HANOVER REGIONAL MEDICAL CENTER","WILMINGTON","NC","28402","short_term_acute","769","cms_pos"
"340142","CARTERET GENERAL HOSPITAL","MOREHEAD CITY","NC","28557","short_term_acute","117","cms_pos"
"340143","CATAWBA VALLEY MEDICAL CENTER","HICKORY","NC","28602","short_term_acute","258","cms_pos"
"340145","ATRIUM HEALTH LINCOLN","LINCOLNTON","NC","28092","short_term_acute","110","cms_pos"
"340147","UNC HEALTH NASH","ROCKY MOUNT","NC","27804","short_term_acute","332","cms_pos"
"340148","NOVANT HEALTH MEDICAL PARK HOSPITAL","WINSTON-SALEM","NC","27103","short_term_acute","136","cms_pos"
"340151","ECU HEALTH NORTH HOSPITAL","ROANOKE RAPIDS","NC","27870","short_term_acute","206","cms_pos"
"340155","DUKE REGIONAL HOSPITAL","DURHAM","NC","27704","short_term_acute","391","cms_pos"
"340158","NOVANT HEALTH BRUNSWICK MEDICAL CENTER","SUPPLY","NC","28462","short_term_acute","60","cms_pos"
"340159","PERSON MEMORIAL HOSPITAL","ROXBORO","NC","27573","short_term_acute","50","cms_pos"
"340166","ATRIUM HEALTH UNIVERSITY CITY","CHARLOTTE","NC","28262","short_term_acute","130","cms_pos"
"340168","WILMINGTON TREATMENT CENTER","WILMINGTON","NC","28401","short_term_acute","44","cms_pos"
"340171","NOVANT HEALTH MATTHEWS MEDICAL CENTER","MATTHEWS","NC","28106","short_term_acute","102","cms_pos"
"340173","WAKEMED","CARY","NC","27518","short_term_acute","156","cms_pos"
"340183","NOVANT HEALTH HUNTERSVILLE MEDICAL CENTER","HUNTERSVILLE","NC","28078","short_term_acute","75","cms_pos"
"340184","HAYWOOD REGIONAL MEDICAL CENTER","CLYDE","NC","28721","short_term_acute","178","cms_pos"
"340188","CAPE FEAR VALLEY HOKE HOSPITAL","RAEFORD","NC","28376","short_term_acute","41","cms_pos"
"340190","NOVANT HEALTH MINT HILL MEDICAL CENTER","CHARLOTTE","NC","28215","short_term_acute","36","cms_pos"
"340195","NOVANT HEALTH BALLANTYNE MEDICAL CENTER","CHARLOTTE","NC","28277","short_term_acute","36","cms_pos"
"341303","FIRSTHEALTH MONTGOMERY MEMORIAL HOSP","TROY","NC","27371","critical_access","25","cms_pos"
"341304","ECU HEALTH BERTIE HOSPITAL","WINDSOR","NC","27983","critical_access","15","cms_pos"
"341305","SWAIN COUNTY HOSPITAL","BRYSON CITY","NC","28713","critical_access","48","cms_pos"
"341307","PENDER MEMORIAL HOSPITAL","BURGAW","NC","28425","critical_access","25","cms_pos"
"341311","CHATHAM HOSPITAL INC","SILER CITY","NC","27344","critical_access","68","cms_pos"
"341314","WASHINGTON COUNTY HOSP INC","PLYMOUTH","NC","27962","critical_access","49","cms_pos"
"341315","CAPE FEAR VALLEY-BLADEN COUNTY HOSPITAL","ELIZABETHTOWN","NC","28337","critical_access","35","cms_pos"
"341316","HIGHLANDS CASHIERS HOSPITAL","HIGHLANDS","NC","28741","critical_access","25","cms_pos"
"341317","LIFEBRITE COMMUNITY HOSPITAL OF STOKES","DANBURY","NC","27016","critical_access","93","cms_pos"
"341318","VIDANT CHOWAN HOSPITAL","EDENTON","NC","27932","critical_access","25","cms_pos"
"341319","TRANSYLVANIA REGIONAL HOSPITAL, INC","BREVARD","NC","28712","critical_access","25","cms_pos"
"341320","ALLEGHANY  MEMORIAL HOSPITAL","SPARTA","NC","28675","critical_access","25","cms_pos"
"341322","ADVENT HEALTH POLK","COLUMBUS","NC","28722","critical_access","35","cms_pos"
"341323","CHARLES A CANNON JR MEMORIAL HOSPITAL","LINVILLE","NC","28646","critical_access","40","cms_pos"
"341324","THE OUTER BANKS HOSPITAL, INC","NAGS HEAD","NC","27959","critical_access","19","cms_pos"
"341325","ASHE MEMORIAL HOSPITAL","JEFFERSON","NC","28640","critical_access","76","cms_pos"
"341326","ANGEL MEDICAL CENTER","FRANKLIN","NC","28734","critical_access","25","cms_pos"
"341327","J ARTHUR DOSHER MEMORIAL HOSPITAL","SOUTHPORT","NC","28461","critical_access","25","cms_pos"
"341328","ERLANGER MURPHY MEDICAL CENTER","MURPHY","NC","28906","critical_access","50","cms_pos"
"341329","BLUE RIDGE REGIONAL HOSPITAL","SPRUCE PINE","NC","28777","critical_access","85","cms_pos"
"342012","KINDRED HOSPITAL GREENSBORO","GREENSBORO","NC","27406","long_term_care","101","cms_pos"
"342013","PAM SPECIALTY HOSPITAL OF ROCKY MOUNT","ROCKY MOUNT","NC","27804","long_term_care","50","cms_pos"
"342014","HIGHSMITH RAINEY MEMORIAL HOSPITAL","FAYETTEVILLE","NC","28301","long_term_care","112","cms_pos"
"342015","CAROLINAS CONTINUECARE HOSPITAL AT PINEVILLE","CHARLOTTE","NC","28210","long_term_care","40","cms_pos"
"342018","SELECT SPECIALTY HOSPITAL DURHAM INC","DURHAM","NC","27704","long_term_care","30","cms_pos"
"342020","SELECT SPECIALTY HOSPITAL-GREENSBORO","GREENSBORO","NC","27401","long_term_care","30","cms_pos"
"343025","CAREPARTNERS REHABILITATION HOSPITAL","ASHEVILLE","NC","28813","rehabilitation","80","cms_pos"
"343026","CAROLINAS REHABILITATION","CHARLOTTE","NC","28203","rehabilitation","150","cms_pos"
"343027","NOVANT HEALTH REHABILITATION HOSPITAL","WINSTON-SALEM","NC","27103","rehabilitation","68","cms_pos"
"343028","PEAK REHABILITATION HOSPITAL","APEX","NC","27502","rehabilitation","52","cms_pos"
"344004","CENTRAL REGIONAL HOSPITAL","BUTNER","NC","27509","psychiatric","466","cms_pos"
"344007","OLD VINEYARD YOUTH SERVICES","WINSTON SALEM","NC","27104","psychiatric","104","cms_pos"
"344014","HOLLY HILL MENTAL HEALTH SERVICES","RALEIGH","NC","27610","psychiatric","168","cms_pos"
"344016","BRYNN MARR HOSP","JACKSONVILLE","NC","28540","psychiatric","88","cms_pos"
"344023","JULIAN F KEITH ALCOHOL & DRUG ABUSE TX","BLACK MOUNTAIN","NC","28711","psychiatric","80","cms_pos"
"344025","BROUGHTON HOSPITAL","MORGANTON","NC","28655","psychiatric","737","cms_pos"
"344026","CHERRY HOSPITAL","GOLDSBORO","NC","27530","psychiatric","251","cms_pos"
"344029","GOOD HOPE HOSPITAL, INC","ERWIN","NC","28339","psychiatric","16","cms_pos"
"344030","STRATEGIC BEHAVIORAL CENTER-LELAND","LELAND","NC","28451","psychiatric","20","cms_pos"
"344032","TRIANGLE SPRINGS","RALEIGH","NC","27617","psychiatric","77","cms_pos"
"344033","WALTER B JONES CENTER LAKESIDE PSYCHIATRIC HOSPITA","GREENVILLE","NC","27834","psychiatric","16","cms_pos"
"344034","APPALACHIAN REGIONAL BEHAVIORAL HEALTHCARE","LINVILLE","NC","28646","psychiatric","29","cms_pos"
"344035","RALEIGH OAKS BEHAVIORAL HEALTH","GARNER","NC","27529","psychiatric","56","cms_pos"
"344036","IREDELL DAVIS BEHAVIORAL HEALTH HOSPITAL","STATESVILLE","NC","28625","psychiatric","144","cms_pos"
"344037","ECU HEALTH BEHAVIORAL HEALTH HOSPITAL","GREENVILLE","NC","27834","psychiatric","144","cms_pos"
"350002","CHI ST ALEXIUS HEALTH","BISMARCK","ND","58501","short_term_acute","287","cms_pos"
"350006","TRINITY HOSPITALS","MINOT","ND","58701","short_term_acute","416","cms_pos"
"350011","SANFORD","FARGO","ND","58122","short_term_acute","639","cms_pos"
"350015","SANFORD MEDICAL CENTER BISMARCK","BISMARCK","ND","58506","short_term_acute","233","cms_pos"
"350019","ALTRU HOSPITAL","GRAND FORKS","ND","58201","short_term_acute","267","cms_pos"
"350070","ESSENTIA HEALTH FARGO","FARGO","ND","58104","short_term_acute","142","cms_pos"
"350779","NELSON COUNTY HEALTH SYSTEM","MCVILLE","ND","58254","rural_emergency","1","cms_pos"
"351300","TIOGA MEDICAL CENTER","TIOGA","ND","58852","critical_access","25","cms_pos"
"351301","MOUNTRAIL COUNTY MEDICAL CENTER INC","STANLEY","ND","58784","critical_access","11","cms_pos"
"351302","MCKENZIE COUNTY HEALTHCARE SYSTEMS INC","WATFORD CITY","ND","58854","critical_access","24","cms_pos"
"351303","GARRISON MEMORIAL HOSPITAL","GARRISON","ND","58540","critical_access","22","cms_pos"
"351304","CHI ST ALEXIUS HEALTH TURTLE LAKE","TURTLE LAKE","ND","58575","critical_access","25","cms_pos"
"351305","KENMARE COMMUNITY HOSPITAL","KENMARE","ND","58746","critical_access","25","cms_pos"
"351306","COOPERSTOWN MEDICAL CENTER","COOPERSTOWN","ND","58425","critical_access","18","cms_pos"
"351307","ST ANDREWS HEALTH CENTER - CAH","BOTTINEAU","ND","58318","critical_access","25","cms_pos"
"351309","SANFORD MEDICAL CENTER MAYVILLE","MAYVILLE","ND","58257","critical_access","25","cms_pos"
"351310","SAKAKAWEA MEDICAL CENTER - CAH","HAZEN","ND","58545","critical_access","13","cms_pos"
"351311","CHI LISBON HEALTH","LISBON","ND","58054","critical_access","25","cms_pos"
"351312","NORTHWOOD DEACONESS HEALTH CENTER","NORTHWOOD","ND","58267","critical_access","7","cms_pos"
"351313","SOUTHWEST HEALTHCARE SERVICES","BOWMAN","ND","58623","critical_access","35","cms_pos"
"351314","JACOBSON MEMORIAL HOSPITAL CARE CENTER","ELGIN","ND","58533","critical_access","30","cms_pos"
"351315","CHI OAKES HOSPITAL","OAKES","ND","58474","critical_access","20","cms_pos"
"351316","PRESENTATION MEDICAL CENTER","ROLLA","ND","58367","critical_access","25","cms_pos"
"351318","CARRINGTON HEALTH CENTER","CARRINGTON","ND","58421","critical_access","25","cms_pos"
"351319","PEMBINA COUNTY MEMORIAL HOSPITAL","CAVALIER","ND","58220","critical_access","20","cms_pos"
"351320","UNITY MEDICAL CENTER","GRAFTON","ND","58237","critical_access","14","cms_pos"
"351321","SOUTH CENTRAL HEALTH","WISHEK","ND","58495","critical_access","24","cms_pos"
"351322","ASHLEY MEDICAL CENTER","ASHLEY","ND","58413","critical_access","20","cms_pos"
"351323","CAVALIER COUNTY MEMORIAL HOSPITAL ASSOCIATION","LANGDON","ND","58249","critical_access","20","cms_pos"
"351324","CHI MERCY HEALTH","VALLEY CITY","ND","58072","critical_access","25","cms_pos"
"351325","ST LUKE'S HOSPITAL","CROSBY","ND","58730","critical_access","20","cms_pos"
"351326","FIRST CARE HEALTH CENTER","PARK RIVER","ND","58270","critical_access","14","cms_pos"
"351327","SMP HEALTH ST ALOISIUS","HARVEY","ND","58341","critical_access","25","cms_pos"
"351328","LINTON HOSPITAL - CAH","LINTON","ND","58552","critical_access","14","cms_pos"
"351329","SANFORD MEDICAL CENTER HILLSBORO","HILLSBORO","ND","58045","critical_access","16","cms_pos"
"351330","WEST RIVER REGIONAL MEDICAL CENTER","HETTINGER","ND","58639","critical_access","25","cms_pos"
"351331","TOWNER COUNTY MEDICAL CENTER","CANDO","ND","58324","critical_access","20","cms_pos"
"351332","HEART OF AMERICA MEDICAL CENTER","RUGBY","ND","58368","critical_access","25","cms_pos"
"351333","CHI ST ALEXIUS HEALTH DEVILS LAKE","DEVILS LAKE","ND","58301","critical_access","25","cms_pos"
"351334","CHI ST ALEXIUS HEALTH WILLISTON","WILLISTON","ND","58801","critical_access","25","cms_pos"
"351335","JAMESTOWN REGIONAL MEDICAL CENTER","JAMESTOWN","ND","58401","critical_access","25","cms_pos"
"351336","CHI ST ALEXIUS HEALTH DICKINSON","DICKINSON","ND","58601","critical_access","25","cms_pos"
"352004","VIBRA HOSPITAL OF FARGO","FARGO","ND","58104","long_term_care","31","cms_pos"
"352005","VIBRA HOSPITAL OF CENTRAL DAKOTAS LLC","MANDAN","ND","58554","long_term_care","41","cms_pos"
"353026","PAM REHABILITATION HOSPITAL OF FARGO","FARGO","ND","58104","rehabilitation","42","cms_pos"
"353027","ALTRU REHABILITATION HOSPITAL","GRAND FORKS","ND","58201","rehabilitation","40","cms_pos"
"354003","NORTH DAKOTA STATE HOSPITAL","JAMESTOWN","ND","58401","psychiatric","125","cms_pos"
"354004","PRAIRIE ST JOHNS","FARGO","ND","58103","psychiatric","110","cms_pos"
"360001","MERCY HEALTH-ANDERSON HOSPITAL","CINCINNATI","OH","45255","short_term_acute","226","cms_pos"
"360002","UNIVERSITY HOSPITALS SAMARITAN MEDICAL CENTER","ASHLAND","OH","44805","short_term_acute","123","cms_pos"
"360003","UNIVERSITY OF CINCINNATI MEDICAL CENTER, LLC","CINCINNATI","OH","45219","short_term_acute","771","cms_pos"
"360006","RIVERSIDE METHODIST HOSPITAL","COLUMBUS","OH","43214","short_term_acute","1000","cms_pos"
"360008","SOUTHERN OHIO MEDICAL CENTER","PORTSMOUTH","OH","45662","short_term_acute","237","cms_pos"
"360009","LIMA MEMORIAL HEALTH SYSTEM","LIMA","OH","45804","short_term_acute","285","cms_pos"
"360010","UNION HOSPITAL","DOVER","OH","44622","short_term_acute","220","cms_pos"
"360011","MARION GENERAL HOSPITAL","MARION","OH","43302","short_term_acute","389","cms_pos"
"360012","MOUNT CARMEL ST ANN'S","WESTERVILLE","OH","43081","short_term_acute","392","cms_pos"
"360013","WILSON MEMORIAL HOSPITAL","SIDNEY","OH","45365","short_term_acute","71","cms_pos"
"360014","OHIOHEALTH O'BLENESS HOSPITAL","ATHENS","OH","45701","short_term_acute","114","cms_pos"
"360016","THE JEWISH HOSPITAL-MERCY HEALTH","CINCINNATI","OH","45236","short_term_acute","209","cms_pos"
"360017","GRANT MEDICAL CENTER","COLUMBUS","OH","43215","short_term_acute","645","cms_pos"
"360020","SUMMA HEALTH SYSTEM","AKRON","OH","44309","short_term_acute","1093","cms_pos"
"360025","FIRELANDS REGIONAL MEDICAL CENTER","SANDUSKY","OH","44870","short_term_acute","400","cms_pos"
"360026","KETTERING HEALTH GREENE MEMORIAL","XENIA","OH","45385","short_term_acute","41","cms_pos"
"360027","AKRON GENERAL MEDICAL CENTER","AKRON","OH","44307","short_term_acute","511","cms_pos"
"360029","WOOD COUNTY HOSPITAL","BOWLING GREEN","OH","43402","short_term_acute","168","cms_pos"
"360032","GRAND LAKE HEALTH SYSTEM","SAINT MARYS","OH","45885","short_term_acute","113","cms_pos"
"360035","MOUNT CARMEL EAST","COLUMBUS","OH","43213","short_term_acute","937","cms_pos"
"360036","WOOSTER COMMUNITY HOSPITAL","WOOSTER","OH","44691","short_term_acute","207","cms_pos"
"360039","GENESIS HOSPITAL","ZANESVILLE","OH","43701","short_term_acute","298","cms_pos"
"360040","KNOX COMMUNITY HOSPITAL","MOUNT VERNON","OH","43050","short_term_acute","111","cms_pos"
"360041","PARMA COMMUNITY GENERAL HOSPITAL","PARMA","OH","44129","short_term_acute","309","cms_pos"
"360046","MCCULLOUGH-HYDE MEMORIAL HOSPITAL","OXFORD","OH","45056","short_term_acute","94","cms_pos"
"360048","UNIVERSITY OF TOLEDO MEDICAL CENTER","TOLEDO","OH","43699","short_term_acute","319","cms_pos"
"360051","MIAMI VALLEY HOSPITAL","DAYTON","OH","45409","short_term_acute","970","cms_pos"
"360054","HOLZER MEDICAL CENTER","GALLIPOLIS","OH","45631","short_term_acute","287","cms_pos"
"360056","MERCY HEALTH - FAIRFIELD HOSPITAL","FAIRFIELD","OH","45014","short_term_acute","271","cms_pos"
"360058","MERCER COUNTY JOINT TOWNSHIP COMMUNITY HOSPITAL","COLDWATER","OH","45828","short_term_acute","88","cms_pos"
"360059","METROHEALTH SYSTEM","CLEVELAND","OH","44109","short_term_acute","702","cms_pos"
"360064","MH ST ELIZABETH YOUNGSTOWN HOSPITAL","YOUNGSTOWN","OH","44501","short_term_acute","628","cms_pos"
"360065","FISHER-TITUS HOSPITAL","NORWALK","OH","44857","short_term_acute","112","cms_pos"
"360066","MERCY HEALTH-ST RITA'S MEDICAL CENTER","LIMA","OH","45801","short_term_acute","424","cms_pos"
"360068","TOLEDO HOSPITAL THE","TOLEDO","OH","43606","short_term_acute","794","cms_pos"
"360070","MERCY MEDICAL CENTER","CANTON","OH","44708","short_term_acute","520","cms_pos"
"360071","VAN WERT COUNTY HOSPITAL","VAN WERT","OH","45891","short_term_acute","120","cms_pos"
"360072","FAIRFIELD MEDICAL CENTER","LANCASTER","OH","43130","short_term_acute","250","cms_pos"
"360075","UH REGIONAL HOSPITALS","CHARDON","OH","44024","short_term_acute","213","cms_pos"
"360076","ATRIUM MEDICAL CENTER","FRANKLIN","OH","45005","short_term_acute","328","cms_pos"
"360077","FAIRVIEW HOSPITAL","CLEVELAND","OH","44111","short_term_acute","468","cms_pos"
"360078","UNIVERSITY HOSPITALS PORTAGE MEDICAL CENTER","RAVENNA","OH","44266","short_term_acute","302","cms_pos"
"360079","KETTERING HEALTH MAIN CAMPUS","KETTERING","OH","45429","short_term_acute","494","cms_pos"
"360082","EUCLID HOSPITAL","EUCLID","OH","44119","short_term_acute","148","cms_pos"
"360084","AULTMAN HOSPITAL","CANTON","OH","44710","short_term_acute","808","cms_pos"
"360085","OHIO STATE UNIVERSITY HOSPITALS","COLUMBUS","OH","43210","short_term_acute","971","cms_pos"
"360086","MERCY HEALTH - SPRINGFIELD REGIONAL MEDICAL CENTER","SPRINGFIELD","OH","45504","short_term_acute","254","cms_pos"
"360087","LUTHERAN HOSPITAL","CLEVELAND","OH","44113","short_term_acute","203","cms_pos"
"360089","MERCY HEALTH - TIFFIN HOSPITAL","TIFFIN","OH","44883","short_term_acute","120","cms_pos"
"360091","MEDINA HOSPITAL","MEDINA","OH","44256","short_term_acute","157","cms_pos"
"360092","MEMORIAL HOSPITAL","MARYSVILLE","OH","43040","short_term_acute","97","cms_pos"
"360095","BLANCHARD VALLEY HOSPITAL","FINDLAY","OH","45840","short_term_acute","239","cms_pos"
"360096","EAST LIVERPOOL CITY HOSPITAL","EAST LIVERPOOL","OH","43920","short_term_acute","144","cms_pos"
"360098","LAKE HEALTH","CONCORD","OH","44077","short_term_acute","399","cms_pos"
"360107","BELLEVUE HOSPITAL","BELLEVUE","OH","44811","short_term_acute","70","cms_pos"
"360109","COSHOCTON REGIONAL MEDICAL CENTER","COSHOCTON","OH","43812","short_term_acute","165","cms_pos"
"360112","MERCY HEALTH ST VINCENT MEDICAL CENTER","TOLEDO","OH","43608","short_term_acute","568","cms_pos"
"360118","OHIOHEALTH MANSFIELD HOSPITAL","MANSFIELD","OH","44903","short_term_acute","358","cms_pos"
"360121","COMMUNITY HOSPITALS AND WELLNESS CENTERS","BRYAN","OH","43506","short_term_acute","70","cms_pos"
"360123","UH ST JOHN MEDICAL CENTER","WESTLAKE","OH","44145","short_term_acute","240","cms_pos"
"360125","ASHTABULA COUNTY MEDICAL CENTER","ASHTABULA","OH","44004","short_term_acute","249","cms_pos"
"360131","ALLIANCE COMMUNITY HOSPITAL","ALLIANCE","OH","44601","short_term_acute","207","cms_pos"
"360132","FORT HAMILTON HUGHES MEMORIAL HOSPITAL","HAMILTON","OH","45013","short_term_acute","220","cms_pos"
"360133","KETTERING HEALTH DAYTON","DAYTON","OH","45405","short_term_acute","417","cms_pos"
"360134","GOOD SAMARITAN HOSPITAL","CINCINNATI","OH","45220","short_term_acute","672","cms_pos"
"360137","UH CLEVELAND MEDICAL CENTER","CLEVELAND","OH","44106","short_term_acute","1037","cms_pos"
"360143","MARYMOUNT HOSPITAL","GARFIELD HEIGHTS","OH","44125","short_term_acute","349","cms_pos"
"360144","SOUTH POINTE HOSPITAL","WARRENSVILLE HEIGHTS","OH","44122","short_term_acute","180","cms_pos"
"360145","UNIVERSITY HOSPITALS - ELYRIA MEDICAL CENTER","ELYRIA","OH","44035","short_term_acute","400","cms_pos"
"360147","MARIETTA MEMORIAL HOSPITAL","MARIETTA","OH","45750","short_term_acute","204","cms_pos"
"360150","SUMMA WESTERN RESERVE HOSPITAL","CUYAHOGA FALLS","OH","44223","short_term_acute","258","cms_pos"
"360152","DOCTORS HOSPITAL","COLUMBUS","OH","43228","short_term_acute","262","cms_pos"
"360155","SOUTHWEST GENERAL HEALTH CENTER","MIDDLEBURG HEIGHTS","OH","44130","short_term_acute","346","cms_pos"
"360156","MEMORIAL HOSPITAL","FREMONT","OH","43420","short_term_acute","179","cms_pos"
"360159","ADENA REGIONAL MEDICAL CENTER","CHILLICOTHE","OH","45601","short_term_acute","261","cms_pos"
"360161","MH ST JOSEPH WARREN HOSPITAL","WARREN","OH","44484","short_term_acute","219","cms_pos"
"360163","CHRIST HOSPITAL","CINCINNATI","OH","45219","short_term_acute","621","cms_pos"
"360170","BERGER HOSPITAL","CIRCLEVILLE","OH","43113","short_term_acute","94","cms_pos"
"360172","MERCY HEALTH-LORAIN HOSPITAL","LORAIN","OH","44053","short_term_acute","317","cms_pos"
"360174","UPPER VALLEY MEDICAL CENTER","TROY","OH","45373","short_term_acute","178","cms_pos"
"360175","TRIHEALTH CLINTON REGIONAL HOSPITAL","WILMINGTON","OH","45177","short_term_acute","143","cms_pos"
"360179","BETHESDA NORTH","CINCINNATI","OH","45242","short_term_acute","465","cms_pos"
"360180","CLEVELAND CLINIC","CLEVELAND","OH","44195","short_term_acute","1267","cms_pos"
"360185","SALEM REGIONAL MEDICAL CENTER","SALEM","OH","44460","short_term_acute","252","cms_pos"
"360189","MADISON HEALTH","LONDON","OH","43140","short_term_acute","107","cms_pos"
"360197","MARY RUTAN HOSPITAL","BELLEFONTAINE","OH","43311","short_term_acute","115","cms_pos"
"360203","SOUTHEASTERN OHIO REGIONAL MEDICAL CENTER","CAMBRIDGE","OH","43725","short_term_acute","221","cms_pos"
"360210","GRADY MEMORIAL HOSPITAL","DELAWARE","OH","43015","short_term_acute","130","cms_pos"
"360211","TRINITY MEDICAL CTR EAST &TRINITY MEDICAL CTR WEST","STEUBENVILLE","OH","43952","short_term_acute","284","cms_pos"
"360218","LICKING MEMORIAL HOSPITAL","NEWARK","OH","43055","short_term_acute","227","cms_pos"
"360230","HILLCREST HOSPITAL","MAYFIELD HEIGHTS","OH","44124","short_term_acute","532","cms_pos"
"360234","MERCY HEALTH - WEST HOSPITAL","CINCINNATI","OH","45211","short_term_acute","297","cms_pos"
"360236","MERCY HEALTH - CLERMONT HOSPITAL","BATAVIA","OH","45103","short_term_acute","157","cms_pos"
"360239","KETTERING HEALTH MIAMISBURG","MIAMISBURG","OH","45342","short_term_acute","190","cms_pos"
"360242","JAMES CANCER HOSPITAL & SOLOVE RESEARCH INSTITUTE","COLUMBUS","OH","43210","short_term_acute","172","cms_pos"
"360245","GLENBEIGH HEALTH SOURCES","ROCK CREEK","OH","44084","short_term_acute","114","cms_pos"
"360259","BAY PARK COMMUNITY HOSPITAL","OREGON","OH","43616","short_term_acute","92","cms_pos"
"360263","INSTITUTE FOR ORTHOPAEDIC SURGERY","LIMA","OH","45804","short_term_acute","3","cms_pos"
"360266","MOUNT CARMEL NEW ALBANY SURGICAL HOSPITAL","NEW ALBANY","OH","43054","short_term_acute","42","cms_pos"
"360270","MERCY HEALTH - DEFIANCE HOSPITAL","DEFIANCE","OH","43512","short_term_acute","23","cms_pos"
"360276","MH ST ELIZABETH BOARDMAN HOSPITAL","BOARDMAN","OH","44512","short_term_acute","306","cms_pos"
"360348","DUBLIN METHODIST HOSPITAL","DUBLIN","OH","43016","short_term_acute","107","cms_pos"
"360351","CRYSTAL CLINIC ORTHOPAEDIC CENTER","AKRON","OH","44333","short_term_acute","94","cms_pos"
"360352","SURGICAL HOSPITAL AT SOUTHWOODS","YOUNGSTOWN","OH","44512","short_term_acute","36","cms_pos"
"360354","WEST CHESTER HOSPITAL, LLC","WEST CHESTER","OH","45069","short_term_acute","162","cms_pos"
"360355","OHIO VALLEY SURGICAL HOSPITAL","SPRINGFIELD","OH","45502","short_term_acute","24","cms_pos"
"360358","DILEY RIDGE MEDICAL CENTER","CANAL WINCHESTER","OH","43110","short_term_acute","10","cms_pos"
"360359","UNIVERSITY HOSPITALS AHUJA MEDICAL CENTER","BEACHWOOD","OH","44122","short_term_acute","144","cms_pos"
"360360","SOIN MEDICAL CENTER","BEAVER CREEK","OH","45431","short_term_acute","206","cms_pos"
"360361","KINGS DAUGHTERS MEDICAL CENTER OHIO","PORTSMOUTH","OH","45662","short_term_acute","10","cms_pos"
"360364","CLEVELAND CLINIC AVON HOSPITAL","AVON","OH","44011","short_term_acute","126","cms_pos"
"360365","AVITA ONTARIO","ONTARIO","OH","44906","short_term_acute","26","cms_pos"
"360367","LAKE HEALTH BEACHWOOD MEDICAL CENTER","BEACHWOOD","OH","44122","short_term_acute","24","cms_pos"
"360368","KETTERING HEALTH TROY","TROY","OH","45373","short_term_acute","28","cms_pos"
"360374","MERCY HEALTH KINGS MILLS HOSPITAL LLC","MASON","OH","45040","short_term_acute","60","cms_pos"
"360375","MOUNT CARMEL DUBLIN","DUBLIN","OH","43016","short_term_acute","30","cms_pos"
"361300","PAULDING COUNTY HOSPITAL","PAULDING","OH","45879","critical_access","25","cms_pos"
"361301","COMMUNITY MEMORIAL HOSPITAL","HICKSVILLE","OH","43526","critical_access","25","cms_pos"
"361302","TWIN CITY MEDICAL CENTER","DENNISON","OH","44621","critical_access","25","cms_pos"
"361303","LODI COMMUNITY HOSPITAL","LODI","OH","44254","critical_access","20","cms_pos"
"361304","GREENFIELD AREA MEDICAL CENTER","GREENFIELD","OH","45123","critical_access","25","cms_pos"
"361306","MERCY HEALTH-ALLEN HOSPITAL","OBERLIN","OH","44074","critical_access","25","cms_pos"
"361307","UHHS MEMORIAL HOSPITAL OF GENEVA","GENEVA","OH","44041","critical_access","25","cms_pos"
"361308","UNIVERSITY HOSPITALS CONNEAUT MEDICAL CENTER","CONNEAUT","OH","44030","critical_access","25","cms_pos"
"361309","HENRY COUNTY HOSPITAL, INC","NAPOLEON","OH","43545","critical_access","25","cms_pos"
"361310","MERCY HEALTH - WILLARD HOSPITAL","WILLARD","OH","44890","critical_access","15","cms_pos"
"361311","HARRISON COMMUNITY HOSPITAL","CADIZ","OH","43907","critical_access","25","cms_pos"
"361312","MERCY HEALTH - URBANA HOSPITAL","URBANA","OH","43078","critical_access","25","cms_pos"
"361313","OHIOHEALTH MORROW COUNTY HOSPITAL","MOUNT GILEAD","OH","43338","critical_access","25","cms_pos"
"361314","MAGRUDER HOSPITAL","PORT CLINTON","OH","43452","critical_access","15","cms_pos"
"361315","HARDIN MEMORIAL HOSPITAL","KENTON","OH","43326","critical_access","25","cms_pos"
"361316","BUCYRUS COMMUNITY HOSPITAL","BUCYRUS","OH","44820","critical_access","15","cms_pos"
"361318","FOSTORIA COMMUNITY HOSPITAL","FOSTORIA","OH","44830","critical_access","15","cms_pos"
"361319","SELBY GENERAL HOSPITAL","MARIETTA","OH","45750","critical_access","25","cms_pos"
"361320","HOLZER MEDICAL CENTER JACKSON","JACKSON","OH","45640","critical_access","25","cms_pos"
"361321","BARNESVILLE HOSPITAL ASSOCIATION, INC","BARNESVILLE","OH","43713","critical_access","25","cms_pos"
"361322","BLUFFTON HOSPITAL","BLUFFTON","OH","45817","critical_access","25","cms_pos"
"361323","AULTMAN ORRVILLE HOSPITAL","ORRVILLE","OH","44667","critical_access","25","cms_pos"
"361324","OHIOHEALTH SHELBY HOSPITAL","SHELBY","OH","44875","critical_access","25","cms_pos"
"361325","GALION COMMUNITY HOSPITAL","GALION","OH","44833","critical_access","35","cms_pos"
"361326","ADAMS COUNTY REGIONAL MEDICAL CENTER","SEAMAN","OH","45679","critical_access","25","cms_pos"
"361327","COMMUNITY HOSPITALS AND WELLNESS CENTERS","MONTPELIER","OH","43543","critical_access","35","cms_pos"
"361328","DEFIANCE REGIONAL MEDICAL CENTER","DEFIANCE","OH","43512","critical_access","35","cms_pos"
"361329","WYANDOT MEMORIAL HOSPITAL","UPPER SANDUSKY","OH","43351","critical_access","25","cms_pos"
"361330","HOCKING VALLEY COMMUNITY HOSPITAL","LOGAN","OH","43138","critical_access","25","cms_pos"
"361331","ADENA FAYETTE MEDICAL CENTER","WASHINGTON CH","OH","43160","critical_access","25","cms_pos"
"361332","HIGHLAND DISTRICT HOSPITAL","HILLSBORO","OH","45133","critical_access","35","cms_pos"
"361333","FULTON COUNTY HEALTH CENTER","WAUSEON","OH","43567","critical_access","35","cms_pos"
"361334","ADENA PIKE MEDICAL CENTER","WAVERLY","OH","45690","critical_access","25","cms_pos"
"361335","WAYNE HOSPITAL","GREENVILLE","OH","45331","critical_access","92","cms_pos"
"361337","POMERENE HOSPITAL","MILLERSBURG","OH","44654","critical_access","55","cms_pos"
"362015","GRACE HOSPITAL","BEDFORD","OH","44146","long_term_care","104","cms_pos"
"362016","SELECT SPECIALTY HOSPITAL-NORTHEAST OHIO, INC","CANTON","OH","44710","long_term_care","61","cms_pos"
"362019","SELECT SPECIALTY HOSPITAL-CINCINNATI, INC","CINCINNATI","OH","45219","long_term_care","36","cms_pos"
"362020","KINDRED HOSPITAL LIMA","LIMA","OH","45801","long_term_care","12","cms_pos"
"362022","SELECT SPECIALTY HOSPITAL-COLUMBUS, INC","COLUMBUS","OH","43201","long_term_care","186","cms_pos"
"362023","SELECT SPECIALTY HOSPITAL-BOARDMAN","BOARDMAN","OH","44512","long_term_care","45","cms_pos"
"362026","SELECT SPECIALTY HOSPITAL- CLEVELAND FAIRHILL","CLEVELAND","OH","44120","long_term_care","119","cms_pos"
"362027","SELECT SPECIALTY HOSPITAL-AKRON","AKRON","OH","44308","long_term_care","34","cms_pos"
"362028","PAM HEALTH SPECIALTY HOSPITAL OF MIAMISBURG","MIAMISBURG","OH","45342","long_term_care","44","cms_pos"
"362029","REGENCY HOSPITAL OF CLEVELAND EAST","WARRENSVILLE HTS","OH","44128","long_term_care","142","cms_pos"
"362031","SELECT SPECIALTY HOSPITAL SOUTHEAST OHIO","NEWARK","OH","43055","long_term_care","35","cms_pos"
"362033","KINDRED HOSPITALS-DAYTON","DAYTON","OH","45417","long_term_care","67","cms_pos"
"362036","REGENCY HOSPITAL OF TOLEDO","SYLVANIA","OH","43560","long_term_care","45","cms_pos"
"362037","SELECT SPECIALTY HOSPITAL COLUMBUS","COLUMBUS","OH","43207","long_term_care","43","cms_pos"
"363033","THE REHABILITATION INSTITUTE OF OHIO","DAYTON","OH","45402","rehabilitation","60","cms_pos"
"363034","ENCOMPASS HEALTH REHABILITATION HOSPITAL OF CINCIN","CINCINNATI","OH","45216","rehabilitation","60","cms_pos"
"363035","SUMMA REHAB HOSPITAL","AKRON","OH","44304","rehabilitation","60","cms_pos"
"363036","UNIVERSITY HOSPITALS REHABILITATION HOSPITAL","BEACHWOOD","OH","44122","rehabilitation","50","cms_pos"
"363037","OHIOHEALTH REHABILITATION HOSPITAL","COLUMBUS","OH","43201","rehabilitation","44","cms_pos"
"363038","CLEVELAND CLINIC REHABILITATION HOSPITALS LLC","AVON","OH","44011","rehabilitation","60","cms_pos"
"363039","UNIVERSITY HOSPITALS AVON REHABILITATION HOSPITAL","AVON","OH","44011","rehabilitation","50","cms_pos"
"363040","REHABILITATION HOSPITAL OF NORTHWEST OHIO LLC","TOLEDO","OH","43614","rehabilitation","41","cms_pos"
"363041","TRIHEALTH REHABILITATION HOSPITAL LLC","CINCINNATI","OH","45207","rehabilitation","60","cms_pos"
"363042","MOUNT CARMEL REHABILITATION HOSPITAL, AN AFFILIATE","WESTERVILLE","OH","43082","rehabilitation","60","cms_pos"
"363043","ENCOMPASS HEALTH REHAB HOSPITAL OF TOLEDO","TOLEDO","OH","43623","rehabilitation","24","cms_pos"
"363045","LIBERTY REHABILITATION HOSPITAL","LIBERTY TOWNSHIP","OH","45044","rehabilitation","36","cms_pos"
"363046","PAM REHABILITATION HOSPITAL OF DAYTON LLC","MIAMISBURG","OH","45342","rehabilitation","62","cms_pos"
"363047","CINCINNATI REHABILITATION HOSPITAL LLC","BLUE ASH","OH","45242","rehabilitation","40","cms_pos"
"363048","CLEARSKY REHABILITATION HOSPITAL OF LANCASTER LLC","LANCASTER","OH","43130","rehabilitation","36","cms_pos"
"363049","MERCY HEALTH REHABILITATION HOSPITAL, LLC","YOUNGSTOWN","OH","44505","rehabilitation","60","cms_pos"
"363300","CINCINNATI CHILDREN'S HOSPITAL MEDICAL CENTER","CINCINNATI","OH","45229","childrens","523","cms_pos"
"363302","RAINBOW BABIES AND CHILDRENS HOSPITAL","CLEVELAND","OH","44106","childrens","244","cms_pos"
"363303","AKRON CHILDREN'S HOSPITAL","AKRON","OH","44308","childrens","253","cms_pos"
"363304","CLEVELAND CLINIC CHILDREN'S HOSPITAL FOR REHAB","CLEVELAND","OH","44104","childrens","52","cms_pos"
"363305","NATIONWIDE CHILDREN'S HOSPITAL","COLUMBUS","OH","43205","childrens","378","cms_pos"
"363306","DAYTON CHILDRENS HOSPITAL","DAYTON","OH","45404","childrens","155","cms_pos"
"363308","SHRINERS HOSPITALS FOR CHILDREN - CINCINNATI","DAYTON","OH","45404","childrens","30","cms_pos"
"363309","NATIONWIDE CHILDREN'S HOSPITAL TOLEDO, LLC","TOLEDO","OH","43608","childrens","76","cms_pos"
"364007","TWIN VALLEY BEHAVIORAL HEALTHCARE","COLUMBUS","OH","43223","psychiatric","176","cms_pos"
"364011","NORTHCOAST BEHAVIORAL HEALTHCARE NORTHFIELD CAMPUS","NORTHFIELD","OH","44067","psychiatric","260","cms_pos"
"364014","NORTHWEST OHIO PSYCHIATRIC HOSPITAL","TOLEDO","OH","43614","psychiatric","114","cms_pos"
"364015","APPALACHIAN BEHAVIORAL HEALTH CARE","ATHENS","OH","45701","psychiatric","40","cms_pos"
"364029","WINDSOR LAURELWOOD CENTER FOR BEHAVORIAL MEDICINE","WILLOUGHBY","OH","44094","psychiatric","160","cms_pos"
"364031","HEARTLAND BEHAVIORAL HEALTHCARE","MASSILLON","OH","44648","psychiatric","212","cms_pos"
"364035","SUMMIT BEHAVIORAL HEALTHCARE","CINCINNATI","OH","45237","psychiatric","291","cms_pos"
"364036","ARROWHEAD BEHAVIORAL HEALTH","MAUMEE","OH","43537","psychiatric","42","cms_pos"
"364038","BELMONT PINES HOSPITAL","YOUNGSTOWN","OH","44505","psychiatric","53","cms_pos"
"364040","MENTAL HEALTH SERVICES FOR CLARK AND MADISON COS","SPRINGFIELD","OH","45504","psychiatric","26","cms_pos"
"364041","OHIO HOSPITAL FOR PSYCHIATRY","COLUMBUS","OH","43223","psychiatric","78","cms_pos"
"364044","LINDNER CENTER OF HOPE","MASON","OH","45040","psychiatric","32","cms_pos"
"364047","RIDGEVIEW HOSPITAL","MIDDLE POINT","OH","45863","psychiatric","86","cms_pos"
"364048","HAVEN BEHAVIORAL HOSPITAL OF DAYTON","DAYTON","OH","45417","psychiatric","32","cms_pos"
"364049","DUBLIN SPRINGS","DUBLIN","OH","43016","psychiatric","48","cms_pos"
"364051","BECKETT SPRINGS","WEST CHESTER","OH","45069","psychiatric","60","cms_pos"
"364052","CLEAR VISTA HEALTH & WELLNESS","LORAIN","OH","44053","psychiatric","30","cms_pos"
"364053","HIGHLAND SPRINGS","BEACHWOOD","OH","44122","psychiatric","72","cms_pos"
"364054","GENERATIONS BEHAVIORAL HEALTH - GENEVA","GENEVA","OH","44041","psychiatric","16","cms_pos"
"364055","SOJOURN AT SENECA SENIOR BEHAVIORAL HEALTH HOSPITA","TIFFIN","OH","44883","psychiatric","24","cms_pos"
"364056","ASSURANCE HEALTH CINCINNATI LLC","CINCINNATI","OH","45242","psychiatric","28","cms_pos"
"364057","BLUERIDGE VISTA HEALTH AND WELLNESS","CINCINNATI","OH","45213","psychiatric","40","cms_pos"
"364058","SUN BEHAVIORAL COLUMBUS","COLUMBUS","OH","43229","psychiatric","54","cms_pos"
"364059","ASSURANCE HEALTH HUDSON LLC","HUDSON","OH","44236","psychiatric","23","cms_pos"
"364060","GENERATIONS BEHAVIORAL HEALTH-YOUNGSTOWN LLC","YOUNGSTOWN","OH","44504","psychiatric","76","cms_pos"
"364061","RIVER VISTA HEALTH AND WELLNESS LLC","COLUMBUS","OH","43209","psychiatric","80","cms_pos"
"364062","MOUNT CARMEL BEHAVIORAL HEALTH","COLUMBUS","OH","43232","psychiatric","80","cms_pos"
"364064","SUNRISE VISTA HEALTH AND WELLNESS","CANTON","OH","44714","psychiatric","12","cms_pos"
"364065","GLENWOOD BEHAVIORAL HEALTH HOSPITAL","CINCINNATI","OH","45239","psychiatric","80","cms_pos"
"364066","ASSURANCE HEALTH TOLEDO LLC","SYLVANIA","OH","43560","psychiatric","65","cms_pos"
"364067","BLUESTONE CHILD & ADOLESCENT PSYCHIATRIC HOSPITAL","UNIVERSITY HEIGHTS","OH","44118","psychiatric","12","cms_pos"
"364069","HICKORY BEHAVIORAL CENTER AT CAMBRIDGE","CAMBRIDGE","OH","43725","psychiatric","80","cms_pos"
"370001","HILLCREST MEDICAL CENTER","TULSA","OK","74104","short_term_acute","620","cms_pos"
"370002","INTEGRIS HEALTH WOODWARD","WOODWARD","OK","73801","short_term_acute","87","cms_pos"
"370004","INTEGRIS MIAMI HOSPITAL","MIAMI","OK","74355","short_term_acute","117","cms_pos"
"370006","INTEGRIS HEALTH PONCA CITY","PONCA CITY","OK","74601","short_term_acute","140","cms_pos"
"370008","NORMAN REGIONAL","NORMAN","OK","73072","short_term_acute","387","cms_pos"
"370013","MERCY HOSPITAL OKLAHOMA CITY, INC","OKLAHOMA CITY","OK","73120","short_term_acute","385","cms_pos"
"370014","ALLIANCEHEALTH DURANT","DURANT","OK","74702","short_term_acute","148","cms_pos"
"370015","HILLCREST HOSPITAL PRYOR","PRYOR","OK","74361","short_term_acute","48","cms_pos"
"370016","INTEGRIS HEALTH ENID HOSPITAL","ENID","OK","73701","short_term_acute","183","cms_pos"
"370018","ASCENSION ST JOHN JANE PHILLIPS","BARTLESVILLE","OK","74006","short_term_acute","133","cms_pos"
"370019","GREAT PLAINS REGIONAL MEDICAL CENTER","ELK CITY","OK","73644","short_term_acute","62","cms_pos"
"370020","MERCY HOSPITAL ADA","ADA","OK","74820","short_term_acute","159","cms_pos"
"370022","JACKSON COUNTY MEMORIAL HOSPITAL AUTHORITY","ALTUS","OK","73521","short_term_acute","49","cms_pos"
"370023","DUNCAN REGIONAL HOSPITAL, INC","DUNCAN","OK","73533","short_term_acute","110","cms_pos"
"370025","SAINT FRANCIS HOSPITAL MUSKOGEE","MUSKOGEE","OK","74401","short_term_acute","325","cms_pos"
"370026","ST MARY'S REGIONAL MEDICAL CENTER","ENID","OK","73701","short_term_acute","229","cms_pos"
"370028","INTEGRIS BAPTIST MEDICAL CENTER, INC","OKLAHOMA CITY","OK","73112","short_term_acute","876","cms_pos"
"370034","MCALESTER REGIONAL HEALTH CENTER","MCALESTER","OK","74501","short_term_acute","149","cms_pos"
"370037","SSM HEALTH ST ANTHONY HOSPITAL - OKLAHOMA CITY","OKLAHOMA CITY","OK","73102","short_term_acute","686","cms_pos"
"370039","HILLCREST HOSPITAL CLAREMORE","CLAREMORE","OK","74017","short_term_acute","49","cms_pos"
"370047","MERCY HOSPITAL ARDMORE, INC","ARDMORE","OK","73401","short_term_acute","190","cms_pos"
"370049","STILLWATER MEDICAL CENTER","STILLWATER","OK","74076","short_term_acute","130","cms_pos"
"370054","GRADY MEMORIAL HOSPITAL","CHICKASHA","OK","73018","short_term_acute","57","cms_pos"
"370056","MEMORIAL HEALTH","LAWTON","OK","73505","short_term_acute","265","cms_pos"
"370078","OKLAHOMA STATE UNIVERSITY MEDICAL CENTER","TULSA","OK","74127","short_term_acute","195","cms_pos"
"370083","PUSHMATAHA COUNTY TOWN OF ANTLERS HOSPITAL","ANTLERS","OK","74523","short_term_acute","23","cms_pos"
"370089","NORTHEASTERN HEALTH SYSTEM","TAHLEQUAH","OK","74465","short_term_acute","98","cms_pos"
"370091","SAINT FRANCIS HOSPITAL, INC","TULSA","OK","74136","short_term_acute","1088","cms_pos"
"370093","OU HEALTH UNIVERSITY OF OKLAHOMA MEDICAL CENTER","OKLAHOMA CITY","OK","73104","short_term_acute","910","cms_pos"
"370094","SSM HEALTH ST ANTHONY HOSPITAL - MIDWEST","MIDWEST CITY","OK","73110","short_term_acute","255","cms_pos"
"370097","SOUTHWESTERN MEDICAL CENTER","LAWTON","OK","73505","short_term_acute","199","cms_pos"
"370099","HILLCREST HOSPITAL CUSHING","CUSHING","OK","74023","short_term_acute","99","cms_pos"
"370100","CHOCTAW MEMORIAL HOSPITAL","HUGO","OK","74743","short_term_acute","34","cms_pos"
"370106","INTEGRIS SOUTHWEST MEDICAL CENTER","OKLAHOMA CITY","OK","73109","short_term_acute","334","cms_pos"
"370112","NORTHEASTERN HEALTH SYSTEM SEQUOYAH","SALLISAW","OK","74955","short_term_acute","41","cms_pos"
"370113","INTEGRIS GROVE HOSPITAL","GROVE","OK","74344","short_term_acute","58","cms_pos"
"370114","ASCENSION ST JOHN MEDICAL CENTER","TULSA","OK","74104","short_term_acute","703","cms_pos"
"370149","SSM HEALTH ST ANTHONY HOSPITAL - SHAWNEE","SHAWNEE","OK","74804","short_term_acute","96","cms_pos"
"370158","PURCELL MUNICIPAL HOSPITAL","PURCELL","OK","73080","short_term_acute","39","cms_pos"
"370166","WAGONER COMMUNITY HOSPITAL","WAGONER","OK","74467","short_term_acute","100","cms_pos"
"370183","HILLCREST HOSPITAL HENRYETTA","HENRYETTA","OK","74437","short_term_acute","41","cms_pos"
"370192","NORTHWEST SURGICAL HOSPITAL","OKLAHOMA CITY","OK","73120","short_term_acute","9","cms_pos"
"370199","LAKESIDE WOMEN'S HOSPITAL, A MEMBER OF INTEGRIS HE","OKLAHOMA CITY","OK","73120","short_term_acute","23","cms_pos"
"370201","SURGICAL HOSPITAL OF OKLAHOMA","OKLAHOMA CITY","OK","73129","short_term_acute","12","cms_pos"
"370202","HILLCREST HOSPITAL SOUTH","TULSA","OK","74133","short_term_acute","180","cms_pos"
"370203","COMMUNITY HOSPITAL, LLC","OKLAHOMA CITY","OK","73159","short_term_acute","45","cms_pos"
"370206","OKLAHOMA SPINE HOSPITAL","OKLAHOMA CITY","OK","73134","short_term_acute","25","cms_pos"
"370210","OKLAHOMA SURGICAL HOSPITAL, LLC","TULSA","OK","74137","short_term_acute","75","cms_pos"
"370211","INTEGRIS CANADIAN VALLEY HOSPITAL","YUKON","OK","73099","short_term_acute","75","cms_pos"
"370212","OKLAHOMA CENTER FOR ORTHOPAEDIC & MULTI-SP","OKLAHOMA CITY","OK","73139","short_term_acute","6","cms_pos"
"370214","LINDSAY MUNICIPAL HOSPITAL","LINDSAY","OK","73052","short_term_acute","26","cms_pos"
"370215","OKLAHOMA HEART HOSPITAL, LLC","OKLAHOMA CITY","OK","73120","short_term_acute","97","cms_pos"
"370216","TULSA SPINE & SPECIALTY HOSPITAL","TULSA","OK","74132","short_term_acute","38","cms_pos"
"370218","SAINT FRANCIS HOSPITAL SOUTH, LLC","TULSA","OK","74133","short_term_acute","104","cms_pos"
"370220","ONECORE HEALTH","OKLAHOMA CITY","OK","73114","short_term_acute","8","cms_pos"
"370222","MCBRIDE ORTHOPEDIC HOSPITAL","OKLAHOMA CITY","OK","73114","short_term_acute","68","cms_pos"
"370225","SUMMIT MEDICAL CENTER, LLC","EDMOND","OK","73013","short_term_acute","15","cms_pos"
"370227","ASCENSION ST JOHN OWASSO","OWASSO","OK","74055","short_term_acute","54","cms_pos"
"370228","BAILEY MEDICAL CENTER, LLC","OWASSO","OK","74055","short_term_acute","73","cms_pos"
"370229","ALLIANCEHEALTH SEMINOLE","SEMINOLE","OK","74868","short_term_acute","32","cms_pos"
"370234","OKLAHOMA HEART HOSPITAL SOUTH, LLC","OKLAHOMA CITY","OK","73135","short_term_acute","44","cms_pos"
"370235","ASCENSION ST JOHN BROKEN ARROW","BROKEN ARROW","OK","74012","short_term_acute","62","cms_pos"
"370236","INTEGRIS HEALTH EDMOND HOSPITAL","EDMOND","OK","73034","short_term_acute","95","cms_pos"
"370237","SAINT FRANCIS HOSPITAL VINITA, INC","VINITA","OK","74301","short_term_acute","50","cms_pos"
"370240","INTEGRIS COMMUNITY HOSPITAL - COUNCIL CROSSING","OKLAHOMA CITY","OK","73162","short_term_acute","32","cms_pos"
"370243","VALLEY COMMUNITY HOSPITAL","PAULS VALLEY","OK","73075","short_term_acute","43","cms_pos"
"370245","CLINTON REGIONAL HOSPITAL","CLINTON","OK","73601","short_term_acute","22","cms_pos"
"370247","EXCEPTIONAL COMMUNITY HOSPITAL ARDMORE","ARDMORE","OK","73401","short_term_acute","7","cms_pos"
"370779","STILLWATER MEDICAL - PERRY","PERRY","OK","73077","rural_emergency","26","cms_pos"
"370780","STILLWATER MEDICAL-BLACKWELL","BLACKWELL","OK","74631","rural_emergency","25","cms_pos"
"370781","HARPER COUNTY COMMUNITY HOSPITAL","BUFFALO","OK","73834","rural_emergency","15","cms_pos"
"370783","ELKVIEW GENERAL HOSPITAL","HOBART","OK","73651","rural_emergency","38","cms_pos"
"370784","CLINTON REGIONAL HOSPITAL","CLINTON","OK","73601","rural_emergency","1","cms_pos"
"370785","MEMORIAL HOSPITAL","STILWELL","OK","74960","rural_emergency","30","cms_pos"
"371300","ATOKA COUNTY MEDICAL CENTER","ATOKA","OK","74525","critical_access","25","cms_pos"
"371301","PRAGUE REGIONAL MEMORIAL HOSPITAL","PRAGUE","OK","74864","critical_access","25","cms_pos"
"371302","MERCY HOSPITAL WATONGA, INC","WATONGA","OK","73772","critical_access","25","cms_pos"
"371303","ROGER MILLS MEMORIAL HOSPITAL","CHEYENNE","OK","73628","critical_access","15","cms_pos"
"371304","MERCY HOSPITAL TISHOMINGO","TISHOMINGO","OK","73460","critical_access","25","cms_pos"
"371305","ASCENSION ST JOHN NOWATA","NOWATA","OK","74048","critical_access","25","cms_pos"
"371306","MERCY HEALTH LOVE COUNTY","MARIETTA","OK","73448","critical_access","25","cms_pos"
"371307","CIMARRON MEMORIAL HOSPITAL","BOISE CITY","OK","73933","critical_access","25","cms_pos"
"371309","PAWHUSKA HOSPITAL, INC","PAWHUSKA","OK","74056","critical_access","25","cms_pos"
"371310","MERCY HOSPITAL HEALDTON, INC.","HEALDTON","OK","73438","critical_access","22","cms_pos"
"371311","JEFFERSON COUNTY HOSPITAL","WAURIKA","OK","73573","critical_access","25","cms_pos"
"371312","ASCENSION ST JOHN SAPULPA","SAPULPA","OK","74066","critical_access","25","cms_pos"
"371313","MERCY HOSPITAL KINGFISHER, INC","KINGFISHER","OK","73750","critical_access","25","cms_pos"
"371314","THE PHYSICIANS' HOSPITAL IN ANADARKO","ANADARKO","OK","73005","critical_access","25","cms_pos"
"371316","RURAL WELLNESS STROUD HOSPITAL","STROUD","OK","74079","critical_access","25","cms_pos"
"371317","MERCY HOSPITAL LOGAN COUNTY, INC","GUTHRIE","OK","73044","critical_access","25","cms_pos"
"371318","RURAL WELLNESS FAIRFAX HOSPITAL","FAIRFAX","OK","74637","critical_access","25","cms_pos"
"371319","COAL COUNTY GENERAL HOSPITAL, INC.","COALGATE","OK","74538","critical_access","20","cms_pos"
"371320","CLEVELAND AREA HOSPITAL","CLEVELAND","OK","74020","critical_access","14","cms_pos"
"371321","HOLDENVILLE GENERAL HOSPITAL","HOLDENVILLE","OK","74848","critical_access","25","cms_pos"
"371322","BEAVER COUNTY MEMORIAL HOSPITAL","BEAVER","OK","73932","critical_access","24","cms_pos"
"371323","WEATHERFORD REGIONAL HOSPITAL, INC OF WEATHERFORD","WEATHERFORD","OK","73096","critical_access","25","cms_pos"
"371325","CORDELL MEMORIAL HOSPITAL","CORDELL","OK","73632","critical_access","14","cms_pos"
"371326","ALLIANCEHEALTH MADILL","MADILL","OK","73446","critical_access","25","cms_pos"
"371327","OKEENE MUNICIPAL HOSPITAL","OKEENE","OK","73763","critical_access","17","cms_pos"
"371328","ARBUCKLE MEMORIAL HOSPITAL AUTHORITY","SULPHUR","OK","73086","critical_access","25","cms_pos"
"371329","FAIRVIEW REGIONAL MEDICAL CENTER AUTHORITY","FAIRVIEW","OK","73737","critical_access","25","cms_pos"
"371330","MANGUM REGIONAL MEDICAL CENTER","MANGUM","OK","73554","critical_access","18","cms_pos"
"371331","DRUMRIGHT REGIONAL HOSPITAL","DRUMRIGHT","OK","74030","critical_access","15","cms_pos"
"371332","SEILING MUNICIPAL HOSPITAL","SEILING","OK","73663","critical_access","18","cms_pos"
"371334","CARNEGIE TRI-COUNTY MUNICIPAL HOSPITAL","CARNEGIE","OK","73015","critical_access","21","cms_pos"
"371335","HASKELL REGIONAL HOSPITAL, INC","STIGLER","OK","74462","critical_access","25","cms_pos"
"371336","NEWMAN MEMORIAL HOSPITAL","SHATTUCK","OK","73858","critical_access","79","cms_pos"
"371337","EASTERN OKLAHOMA MEDICAL CENTER","POTEAU","OK","74953","critical_access","25","cms_pos"
"371338","HARMON MEMORIAL HOSPITAL","HOLLIS","OK","73550","critical_access","22","cms_pos"
"371340","MEMORIAL HOSPITAL OF TEXAS COUNTY AUTHORITY","GUYMON","OK","73942","critical_access","33","cms_pos"
"371341","SHARE MEDICAL CENTER","ALVA","OK","73717","critical_access","25","cms_pos"
"371342","MCCURTAIN MEMORIAL HOSPITAL","IDABEL","OK","74745","critical_access","25","cms_pos"
"372004","PAM HEALTH SPECIALTY HOSPITAL OF OKLAHOMA CITY","OKLAHOMA CITY","OK","73103","long_term_care","59","cms_pos"
"372005","OKC-AMG SPECIALTY HOSPITAL","OKLAHOMA CITY","OK","73120","long_term_care","18","cms_pos"
"372007","SELECT SPECIALTY HOSPITAL - TULSA/MIDTOWN, LLC","TULSA","OK","74127","long_term_care","56","cms_pos"
"372009","SELECT SPECIALTY HOSPITAL - OKLAHOMA CITY, INC","OKLAHOMA CITY","OK","73112","long_term_care","72","cms_pos"
"372012","INSPIRE SPECIALTY HOSPITAL","MIDWEST CITY","OK","73110","long_term_care","31","cms_pos"
"372018","PAM SPECIALTY HOSPITAL OF TULSA","TULSA","OK","74145","long_term_care","60","cms_pos"
"372022","CORNERSTONE SPECIALTY HOSPITALS MUSKOGEE","MUSKOGEE","OK","74401","long_term_care","64","cms_pos"
"373025","SSM HEALTH REHABILITATION HOSPITAL-OKC","OKLAHOMA CITY","OK","73102","rehabilitation","50","cms_pos"
"373033","MERCY REHABILITATION HOSPITAL OKLAHOMA CITY","OKLAHOMA CITY","OK","73142","rehabilitation","66","cms_pos"
"373034","ASCENSION ST JOHN REHAB HOSPITAL OF BROKEN ARROW","BROKEN ARROW","OK","74012","rehabilitation","60","cms_pos"
"373035","PAM REHABILITATION HOSPITAL OF TULSA","TULSA","OK","74133","rehabilitation","55","cms_pos"
"373036","EVEREST  REHABILITATION HOSPITAL OKC, LLC","MIDWEST CITY","OK","73135","rehabilitation","36","cms_pos"
"373037","TULSA REHABILITATION HOSPITAL LLC","TULSA","OK","74133","rehabilitation","40","cms_pos"
"373038","OKLAHOMA CITY REHABILITATION HOSPITAL, LLC","OKLAHOMA CITY","OK","73114","rehabilitation","40","cms_pos"
"373039","ASCENSION ST JOHN REHABILITATION HOSPITAL OF OWASS","OWASSO","OK","74055","rehabilitation","40","cms_pos"
"373300","J D MCCARTY CENTER FOR CHILDREN","NORMAN","OK","73071","childrens","36","cms_pos"
"373303","THE CHILDREN'S CENTER, INC","BETHANY","OK","73008","childrens","160","cms_pos"
"374000","GRIFFIN MEMORIAL HOSPITAL","NORMAN","OK","73070","psychiatric","182","cms_pos"
"374001","NORTHWEST CENTER FOR BEHAVIORAL HEALTH (NCBH)","FORT SUPPLY","OK","73841","psychiatric","130","cms_pos"
"374006","CARL ALBERT COMMUNITY MENTAL HEALTH CENTER","MCALESTER","OK","74501","psychiatric","15","cms_pos"
"374008","JIM TALIAFERRO COMM MENTAL HEALTH CTR","LAWTON","OK","73505","psychiatric","30","cms_pos"
"374012","BROOKHAVEN HOSPITAL, LLC","TULSA","OK","74128","psychiatric","64","cms_pos"
"374016","ROLLING HILLS HOSPITAL, LLC","ADA","OK","74820","psychiatric","60","cms_pos"
"374017","WILLOW CREST HOSPITAL","MIAMI","OK","74354","psychiatric","50","cms_pos"
"374020","LAUREATE PSYCHIATRIC CLINIC AND HOSPITAL, INC","TULSA","OK","74136","psychiatric","90","cms_pos"
"374021","PARKSIDE, INC","TULSA","OK","74120","psychiatric","120","cms_pos"
"374023","CEDAR RIDGE BEHAVIORAL HOSPITAL","OKLAHOMA CITY","OK","73141","psychiatric","116","cms_pos"
"374025","OAKWOOD SPRINGS, LLC","OKLAHOMA CITY","OK","73114","psychiatric","72","cms_pos"
"374026","TULSA CENTER FOR BEHAVIORAL HEALTH","TULSA","OK","74114","psychiatric","56","cms_pos"
"374027","BEHAVIORAL HEALTH CENTER AT PORTER HEALTH VILLAGE","NORMAN","OK","73071","psychiatric","48","cms_pos"
"380001","ADVENTIST HEALTH COLUMBIA GORGE","THE DALLES","OR","97058","short_term_acute","49","cms_pos"
"380002","ASANTE THREE RIVERS MEDICAL CENTER","GRANTS PASS","OR","97527","short_term_acute","150","cms_pos"
"380004","PROVIDENCE ST VINCENT MEDICAL CENTER","PORTLAND","OR","97225","short_term_acute","523","cms_pos"
"380005","ASANTE ASHLAND COMMUNITY HOSPITAL","ASHLAND","OR","97520","short_term_acute","49","cms_pos"
"380007","LEGACY EMANUEL MEDICAL CENTER","PORTLAND","OR","97227","short_term_acute","554","cms_pos"
"380009","OHSU HOSPITAL AND CLINICS","PORTLAND","OR","97239","short_term_acute","560","cms_pos"
"380014","GOOD SAMARITAN REGIONAL MEDICAL CENTER","CORVALLIS","OR","97330","short_term_acute","188","cms_pos"
"380017","LEGACY GOOD SAMARITAN MEDICAL CENTER","PORTLAND","OR","97210","short_term_acute","539","cms_pos"
"380018","ASANTE ROGUE REGIONAL MEDICAL CENTER","MEDFORD","OR","97504","short_term_acute","378","cms_pos"
"380020","MCKENZIE-WILLAMETTE MEDICAL CENTER","SPRINGFIELD","OR","97477","short_term_acute","113","cms_pos"
"380021","HILLSBORO MEDICAL CENTER","HILLSBORO","OR","97123","short_term_acute","215","cms_pos"
"380022","SAMARITAN ALBANY GENERAL HOSPITAL","ALBANY","OR","97321","short_term_acute","79","cms_pos"
"380025","LEGACY MOUNT HOOD MEDICAL CENTER","GRESHAM","OR","97030","short_term_acute","115","cms_pos"
"380027","MERCY MEDICAL CENTER","ROSEBURG","OR","97471","short_term_acute","174","cms_pos"
"380029","LEGACY SILVERTON MEDICAL CENTER","SILVERTON","OR","97381","short_term_acute","48","cms_pos"
"380037","PROVIDENCE NEWBERG MEDICAL CENTER","NEWBERG","OR","97132","short_term_acute","40","cms_pos"
"380038","PROVIDENCE WILLAMETTE FALLS MEDICAL CENTER","OREGON CITY","OR","97045","short_term_acute","143","cms_pos"
"380047","ST CHARLES BEND CAMPUS","BEND","OR","97701","short_term_acute","231","cms_pos"
"380050","SKY LAKES MEDICAL CENTER","KLAMATH FALLS","OR","97601","short_term_acute","176","cms_pos"
"380051","SALEM HOSPITAL","SALEM","OR","97301","short_term_acute","434","cms_pos"
"380052","SAINT ALPHONSUS MEDICAL CENTER ONTARIO","ONTARIO","OR","97914","short_term_acute","49","cms_pos"
"380056","SANTIAM HOSPITAL & CLINICS","STAYTON","OR","97383","short_term_acute","40","cms_pos"
"380060","ADVENTIST HEALTH PORTLAND","PORTLAND","OR","97216","short_term_acute","302","cms_pos"
"380061","PROVIDENCE PORTLAND MEDICAL CENTER","PORTLAND","OR","97213","short_term_acute","483","cms_pos"
"380071","WILLAMETTE VALLEY MEDICAL CENTER","MCMINNVILLE","OR","97128","short_term_acute","88","cms_pos"
"380075","PROVIDENCE MEDFORD MEDICAL CENTER","MEDFORD","OR","97504","short_term_acute","168","cms_pos"
"380082","PROVIDENCE MILWAUKIE HOSPITAL","MILWAUKIE","OR","97222","short_term_acute","77","cms_pos"
"380089","LEGACY MERIDIAN PARK MEDICAL CENTER","TUALATIN","OR","97062","short_term_acute","150","cms_pos"
"380090","BAY AREA HOSPITAL","COOS BAY","OR","97420","short_term_acute","172","cms_pos"
"380091","KAISER SUNNYSIDE MEDICAL CENTER","CLACKAMAS","OR","97015","short_term_acute","329","cms_pos"
"380102","SACRED HEART MEDICAL CENTER  RIVERBEND","SPRINGFIELD","OR","97477","short_term_acute","347","cms_pos"
"380103","KAISER FOUNDATION HOSPITAL WESTSIDE","HILLSBORO","OR","97124","short_term_acute","122","cms_pos"
"381301","PEACEHEALTH COTTAGE GROVE COMMUNITY MEDICAL CENTER","COTTAGE GROVE","OR","97424","critical_access","11","cms_pos"
"381302","SAMARITAN NORTH LINCOLN HOSPITAL","LINCOLN CITY","OR","97367","critical_access","15","cms_pos"
"381303","PROVIDENCE SEASIDE HOSPITAL","SEASIDE","OR","97138","critical_access","34","cms_pos"
"381304","SOUTHERN COOS HOSPITAL & HEALTH CENTER","BANDON","OR","97411","critical_access","24","cms_pos"
"381305","BLUE MOUNTAIN HOSPITAL","JOHN DAY","OR","97845","critical_access","39","cms_pos"
"381306","WALLOWA MEMORIAL HOSPITAL","ENTERPRISE","OR","97828","critical_access","25","cms_pos"
"381307","HARNEY DISTRICT HOSPITAL","BURNS","OR","97720","critical_access","44","cms_pos"
"381308","SALEM HEALTH WEST VALLEY","DALLAS","OR","97338","critical_access","25","cms_pos"
"381309","LAKE DISTRICT HOSPITAL","LAKEVIEW","OR","97630","critical_access","24","cms_pos"
"381310","PIONEER MEMORIAL HOSPITAL","HEPPNER","OR","97836","critical_access","21","cms_pos"
"381311","LOWER UMPQUA HOSPITAL DISTRICT","REEDSPORT","OR","97467","critical_access","24","cms_pos"
"381312","COQUILLE VALLEY HOSPITAL","COQUILLE","OR","97423","critical_access","30","cms_pos"
"381313","ST CHARLES MEDICAL CENTER PRINEVILLE","PRINEVILLE","OR","97754","critical_access","35","cms_pos"
"381314","SAMARITAN PACIFIC COMMUNITY HOSPITAL","NEWPORT","OR","97365","critical_access","48","cms_pos"
"381315","SAINT ALPHONSUS MEDICAL CENTER - BAKER CITY","BAKER CITY","OR","97814","critical_access","36","cms_pos"
"381316","PEACE HARBOR MEDICAL CENTER","FLORENCE","OR","97439","critical_access","21","cms_pos"
"381317","ADVENTIST HEALTH TILLAMOOK","TILLAMOOK","OR","97141","critical_access","49","cms_pos"
"381318","PROVIDENCE HOOD RIVER MEMORIAL HOSPITAL","HOOD RIVER","OR","97031","critical_access","32","cms_pos"
"381319","ST ANTHONY HOSPITAL","PENDLETON","OR","97801","critical_access","49","cms_pos"
"381320","COLUMBIA MEMORIAL HOSPITAL","ASTORIA","OR","97103","critical_access","49","cms_pos"
"381321","GRANDE RONDE HOSPITAL","LA GRANDE","OR","97850","critical_access","49","cms_pos"
"381322","CURRY GENERAL HOSPITAL","GOLD BEACH","OR","97444","critical_access","24","cms_pos"
"381323","SAMARITAN LEBANON COMMUNITY HOSPITAL","LEBANON","OR","97355","critical_access","49","cms_pos"
"381324","ST CHARLES MADRAS","MADRAS","OR","97741","critical_access","36","cms_pos"
"381325","GOOD SHEPHERD MEDICAL CENTER","HERMISTON","OR","97838","critical_access","49","cms_pos"
"382004","VIBRA SPECIALTY HOSPITAL OF PORTLAND","PORTLAND","OR","97220","long_term_care","73","cms_pos"
"383300","SHRINERS HOSPITAL FOR CHILDREN - PORTLAND","PORTLAND","OR","97239","childrens","29","cms_pos"
"384008","OREGON STATE HOSPITAL DISTINCT PART","SALEM","OR","97301","psychiatric","604","cms_pos"
"384012","CEDAR HILLS HOSPITAL","PORTLAND","OR","97225","psychiatric","78","cms_pos"
"390001","GEISINGER COMMUNITY MEDICAL CENTER","SCRANTON","PA","18510","short_term_acute","294","cms_pos"
"390002","UPMC MCKEESPORT","MC KEESPORT","PA","15132","short_term_acute","198","cms_pos"
"390003","GEISINGER-BLOOMSBURG HOSPITAL","BLOOMSBURG","PA","17815","short_term_acute","62","cms_pos"
"390004","PENN STATE HEALTH HOLY SPIRIT MEDICAL CENTER","CAMP HILL","PA","17011","short_term_acute","240","cms_pos"
"390006","GEISINGER MEDICAL CENTER","DANVILLE","PA","17822","short_term_acute","553","cms_pos"
"390009","SAINT VINCENT HOSPITAL","ERIE","PA","16544","short_term_acute","348","cms_pos"
"390012","JEFFERSON LANSDALE HOSPITAL","LANSDALE","PA","19446","short_term_acute","140","cms_pos"
"390013","WELLSPAN EVANGELICAL COMMUNITY HOSPITAL","LEWISBURG","PA","17837","short_term_acute","131","cms_pos"
"390016","UPMC JAMESON","NEW CASTLE","PA","16105","short_term_acute","175","cms_pos"
"390025","KENSINGTON HOSPITAL","PHILADELPHIA","PA","19122","short_term_acute","31","cms_pos"
"390026","TEMPLE HEALTH - CHESTNUT HILL HOSPITAL","PHILADELPHIA","PA","19118","short_term_acute","148","cms_pos"
"390027","TEMPLE UNIVERSITY HOSPITAL","PHILADELPHIA","PA","19140","short_term_acute","891","cms_pos"
"390028","UPMC MERCY","PITTSBURGH","PA","15219","short_term_acute","435","cms_pos"
"390030","LEHIGH VALLEY HOSPITAL-SCHUYLKILL","POTTSVILLE","PA","17901","short_term_acute","187","cms_pos"
"390032","ALLEGHENY VALLEY HOSPITAL","NATRONA","PA","15065","short_term_acute","228","cms_pos"
"390035","ST LUKE'S HOSPITAL - UPPER BUCKS CAMPUS","QUAKERTOWN","PA","18951","short_term_acute","127","cms_pos"
"390036","HERITAGE VALLEY BEAVER","BEAVER","PA","15009","short_term_acute","361","cms_pos"
"390037","HERITAGE VALLEY SEWICKLEY","SEWICKLEY","PA","15143","short_term_acute","186","cms_pos"
"390039","UPMC SOMERSET","SOMERSET","PA","15501","short_term_acute","111","cms_pos"
"390041","UNIONTOWN HOSPITAL","UNIONTOWN","PA","15401","short_term_acute","190","cms_pos"
"390042","UPMC WASHINGTON","WASHINGTON","PA","15301","short_term_acute","260","cms_pos"
"390044","READING HOSPITAL","WEST READING","PA","19611","short_term_acute","744","cms_pos"
"390045","UPMC WILLIAMSPORT","WILLIAMSPORT","PA","17701","short_term_acute","255","cms_pos"
"390046","WELLSPAN YORK HOSPITAL","YORK","PA","17403","short_term_acute","590","cms_pos"
"390048","GEISINGER-LEWISTOWN HOSPITAL","LEWISTOWN","PA","17044","short_term_acute","123","cms_pos"
"390049","ST LUKE'S HOSPITAL BETHLEHEM","BETHLEHEM","PA","18015","short_term_acute","817","cms_pos"
"390050","ALLEGHENY GENERAL HOSPITAL","PITTSBURGH","PA","15212","short_term_acute","524","cms_pos"
"390056","PENN HIGHLANDS HUNTINGDON","HUNTINGDON","PA","16652","short_term_acute","77","cms_pos"
"390057","ST LUKE'S HOSPITAL - GRAND VIEW CAMPUS","SELLERSVILLE","PA","18960","short_term_acute","250","cms_pos"
"390058","UPMC CARLISLE","CARLISLE","PA","17015","short_term_acute","165","cms_pos"
"390062","CONEMAUGH NASON MEDICAL CENTER","ROARING SPRING","PA","16673","short_term_acute","45","cms_pos"
"390063","UPMC HAMOT","ERIE","PA","16550","short_term_acute","343","cms_pos"
"390065","GETTYSBURG HOSPITAL","GETTYSBURG","PA","17325","short_term_acute","76","cms_pos"
"390066","WELLSPAN GOOD SAMARITAN HOSPITAL","LEBANON","PA","17042","short_term_acute","163","cms_pos"
"390067","UPMC PINNACLE HOSPITALS","HARRISBURG","PA","17104","short_term_acute","737","cms_pos"
"390068","UPMC LITITZ","LITITZ","PA","17543","short_term_acute","148","cms_pos"
"390070","LOWER BUCKS HOSPITAL","BRISTOL","PA","19007","short_term_acute","150","cms_pos"
"390073","UPMC ALTOONA","ALTOONA","PA","16601","short_term_acute","398","cms_pos"
"390079","ROBERT PACKER HOSPITAL","SAYRE","PA","18840","short_term_acute","307","cms_pos"
"390086","PENN HIGHLANDS DUBOIS","DUBOIS","PA","15801","short_term_acute","244","cms_pos"
"390090","WEST PENN HOSPITAL","PITTSBURGH","PA","15224","short_term_acute","500","cms_pos"
"390091","UPMC NORTHWEST","SENECA","PA","16346","short_term_acute","173","cms_pos"
"390093","INDEPENDENCE HEALTH SYSTEM CLARION HOSPITAL","CLARION","PA","16214","short_term_acute","46","cms_pos"
"390096","PENN STATE HEALTH ST. JOSEPH","READING","PA","19605","short_term_acute","240","cms_pos"
"390097","HOLY REDEEMER HOSPITAL AND MEDICAL CENTER","MEADOWBROOK","PA","19046","short_term_acute","268","cms_pos"
"390100","LANCASTER GENERAL HOSPITAL","LANCASTER","PA","17602","short_term_acute","632","cms_pos"
"390101","UPMC MEMORIAL","YORK","PA","17408","short_term_acute","104","cms_pos"
"390102","UPMC ST MARGARET","PITTSBURGH","PA","15215","short_term_acute","250","cms_pos"
"390107","UPMC PASSAVANT","PITTSBURGH","PA","15237","short_term_acute","346","cms_pos"
"390110","CONEMAUGH MEMORIAL MEDICAL CENTER","JOHNSTOWN","PA","15905","short_term_acute","486","cms_pos"
"390111","HOSPITAL OF UNIV OF PENNSYLVANIA","PHILADELPHIA","PA","19104","short_term_acute","782","cms_pos"
"390112","CHAN SOON- SHIONG MEDICAL CENTER AT WINDBER","WINDBER","PA","15963","short_term_acute","54","cms_pos"
"390113","MEADVILLE MEDICAL CENTER","MEADVILLE","PA","16335","short_term_acute","203","cms_pos"
"390114","MAGEE WOMENS HOSPITAL OF UPMC HEALTH SYSTEM","PITTSBURGH","PA","15213","short_term_acute","363","cms_pos"
"390115","JEFFERSON HEALTH-NORTHEAST","PHILADELPHIA","PA","19114","short_term_acute","464","cms_pos"
"390117","UPMC BEDFORD MEMORIAL","EVERETT","PA","15537","short_term_acute","49","cms_pos"
"390123","POTTSTOWN HOSPITAL","POTTSTOWN","PA","19464","short_term_acute","219","cms_pos"
"390125","WAYNE MEMORIAL HOSPITAL","HONESDALE","PA","18431","short_term_acute","83","cms_pos"
"390127","PHOENIXVILLE HOSPITAL","PHOENIXVILLE","PA","19460","short_term_acute","144","cms_pos"
"390133","LEHIGH VALLEY HOSPITAL","ALLENTOWN","PA","18103","short_term_acute","1190","cms_pos"
"390137","WILKES-BARRE GENERAL HOSPITAL","WILKES-BARRE","PA","18764","short_term_acute","369","cms_pos"
"390138","WELLSPAN WAYNESBORO HOSPITAL","WAYNESBORO","PA","17268","short_term_acute","57","cms_pos"
"390139","BRYN MAWR HOSPITAL, THE","BRYN MAWR","PA","19010","short_term_acute","284","cms_pos"
"390142","JEFFERSON EINSTEIN PHILADELPHIA HOSPITAL","PHILADELPHIA","PA","19141","short_term_acute","783","cms_pos"
"390145","INDEPENDENCE HEALTH SYSTEM WESTMORELAND HOSPITAL","GREENSBURG","PA","15601","short_term_acute","375","cms_pos"
"390147","PENN HIGHLANDS MON VALLEY","MONONGAHELA","PA","15063","short_term_acute","210","cms_pos"
"390150","UPMC GREENE","WAYNESBURG","PA","15370","short_term_acute","18","cms_pos"
"390151","WELLSPAN CHAMBERSBURG HOSPITAL","CHAMBERSBURG","PA","17201","short_term_acute","274","cms_pos"
"390153","PAOLI HOSPITAL","PAOLI","PA","19301","short_term_acute","261","cms_pos"
"390156","MERCY CATHOLIC MEDICAL CENTER- MERCY FITZGERALD","DARBY","PA","19023","short_term_acute","183","cms_pos"
"390160","CANONSBURG GENERAL HOSPITAL","CANONSBURG","PA","15317","short_term_acute","104","cms_pos"
"390162","ST LUKE'S HOSPITAL - EASTON CAMPUS","EASTON","PA","18042","short_term_acute","164","cms_pos"
"390163","ACMH HOSPITAL","KITTANNING","PA","16201","short_term_acute","154","cms_pos"
"390164","UPMC PRESBYTERIAN SHADYSIDE","PITTSBURGH","PA","15213","short_term_acute","1577","cms_pos"
"390168","INDEPENDENCE HEALTH SYSTEM BUTLER MEMORIAL HOSPITA","BUTLER","PA","16001","short_term_acute","294","cms_pos"
"390173","INDIANA REGIONAL MEDICAL CENTER","INDIANA","PA","15701","short_term_acute","166","cms_pos"
"390174","THOMAS JEFFERSON UNIVERSITY HOSPITAL","PHILADELPHIA","PA","19107","short_term_acute","925","cms_pos"
"390178","UPMC HORIZON","GREENVILLE","PA","16125","short_term_acute","201","cms_pos"
"390179","CHESTER COUNTY HOSPITAL","WEST CHESTER","PA","19380","short_term_acute","319","cms_pos"
"390183","ST LUKE'S MINERS MEMORIAL HOSPITAL","COALDALE","PA","18218","short_term_acute","49","cms_pos"
"390184","PENN HIGHLANDS CONNELLSVILLE","CONNELLSVILLE","PA","15425","short_term_acute","46","cms_pos"
"390185","LEHIGH VALLEY HOSPITAL - HAZLETON","HAZLETON","PA","18201","short_term_acute","150","cms_pos"
"390195","LANKENAU MEDICAL CENTER","WYNNEWOOD","PA","19096","short_term_acute","370","cms_pos"
"390196","HOSPITAL OF THE FOX CHASE CANCER CENTER","PHILADELPHIA","PA","19111","short_term_acute","100","cms_pos"
"390198","LECOM MEDICAL CENTER AND BEHAVIORAL HEALTH PAV","ERIE","PA","16509","short_term_acute","144","cms_pos"
"390199","PUNXSUTAWNEY AREA HOSPITAL","PUNXSUTAWNEY","PA","15767","short_term_acute","49","cms_pos"
"390201","LEHIGH VALLEY HOSPITAL - POCONO","EAST STROUDSBURG","PA","18301","short_term_acute","264","cms_pos"
"390203","DOYLESTOWN HOSPITAL","DOYLESTOWN","PA","18901","short_term_acute","245","cms_pos"
"390204","NAZARETH HOSPITAL","PHILADELPHIA","PA","19152","short_term_acute","203","cms_pos"
"390211","SHARON REGIONAL MEDICAL CENTER","SHARON","PA","16146","short_term_acute","220","cms_pos"
"390217","INDEPENDENCE HEALTH SYSTEM FRICK HOSPITAL","MOUNT PLEASANT","PA","15666","short_term_acute","210","cms_pos"
"390219","INDEPENDENCE HEALTH SYSTEM LATROBE HOSPITAL","LATROBE","PA","15650","short_term_acute","170","cms_pos"
"390222","RIDDLE MEMORIAL HOSPITAL","MEDIA","PA","19063","short_term_acute","243","cms_pos"
"390223","PENN PRESBYTERIAN MEDICAL CENTER","PHILADELPHIA","PA","19104","short_term_acute","305","cms_pos"
"390225","WELLSPAN EPHRATA COMMUNITY HOSPITAL","EPHRATA","PA","17522","short_term_acute","141","cms_pos"
"390226","PENNSYLVANIA HOSPITAL","PHILADELPHIA","PA","19107","short_term_acute","475","cms_pos"
"390228","ST CLAIR HOSPITAL","PITTSBURGH","PA","15243","short_term_acute","328","cms_pos"
"390231","JEFFERSON ABINGTON HOSPITAL","ABINGTON","PA","19001","short_term_acute","667","cms_pos"
"390233","UPMC HANOVER","HANOVER","PA","17331","short_term_acute","100","cms_pos"
"390237","REGIONAL HOSPITAL OF SCRANTON","SCRANTON","PA","18501","short_term_acute","308","cms_pos"
"390256","MILTON S HERSHEY MEDICAL CENTER","HERSHEY","PA","17033","short_term_acute","564","cms_pos"
"390258","ST MARY MEDICAL CENTER","LANGHORNE","PA","19047","short_term_acute","373","cms_pos"
"390265","JEFFERSON HOSPITAL","JEFFERSON HILLS","PA","15025","short_term_acute","390","cms_pos"
"390266","GROVE CITY HOSPITAL","GROVE CITY","PA","16127","short_term_acute","67","cms_pos"
"390267","FORBES HOSPITAL","MONROEVILLE","PA","15146","short_term_acute","314","cms_pos"
"390268","MOUNT NITTANY MEDICAL CENTER","STATE COLLEGE","PA","16803","short_term_acute","260","cms_pos"
"390270","GEISINGER WYOMING VALLEY MEDICAL CENTER","WILKES BARRE","PA","18711","short_term_acute","356","cms_pos"
"390272","VALLEY FORGE MEDICAL CENTER","NORRISTOWN","PA","19403","short_term_acute","86","cms_pos"
"390278","EAGLEVILLE HOSPITAL","EAGLEVILLE","PA","19408","short_term_acute","83","cms_pos"
"390304","ROXBOROUGH MEMORIAL HOSPITAL","PHILADELPHIA","PA","19128","short_term_acute","137","cms_pos"
"390307","EDGEWOOD SURGICAL HOSPITAL","TRANSFER","PA","16154","short_term_acute","10","cms_pos"
"390316","SURGICAL INSTITUTE OF READING","WYOMISSING","PA","19610","short_term_acute","15","cms_pos"
"390322","ROTHMAN ORTHOPAEDIC SPECIALTY HOSPITAL LLC","BENSALEM","PA","19020","short_term_acute","24","cms_pos"
"390323","ADVANCED SURGICAL HOSPITAL","WASHINGTON","PA","15301","short_term_acute","14","cms_pos"
"390324","PHYSICIAN'S CARE SURGICAL HOSPITAL","ROYERSFORD","PA","19468","short_term_acute","12","cms_pos"
"390325","OSS ORTHOPAEDIC HOSPITAL","YORK","PA","17402","short_term_acute","30","cms_pos"
"390327","WELLSPAN SURGERY AND REHABILITATION HOSPITAL","YORK","PA","17403","short_term_acute","73","cms_pos"
"390328","UPMC EAST","MONROEVILLE","PA","15146","short_term_acute","155","cms_pos"
"390329","JEFFERSON EINSTEIN MONTGOMERY HOSPITAL","EAST NORRITON","PA","19403","short_term_acute","195","cms_pos"
"390330","ST LUKE'S HOSPITAL - MONROE CAMPUS","STROUDSBURG","PA","18360","short_term_acute","98","cms_pos"
"390331","WILLS EYE HOSPITAL","PHILADELPHIA","PA","19107","short_term_acute","4","cms_pos"
"390332","GEISINGER ST. LUKE'S  HOSPITAL","ORWIGSBURG","PA","17961","short_term_acute","60","cms_pos"
"390333","AHN EMERUS WESTMORELAND, LLC","GREENSBURG","PA","15601","short_term_acute","10","cms_pos"
"390334","AHN WEXFORD HOSPITAL","WEXFORD","PA","15090","short_term_acute","100","cms_pos"
"390335","ST LUKE'S HOSPITAL - CARBON CAMPUS","LEHIGHTON","PA","18235","short_term_acute","56","cms_pos"
"390336","PENN STATE HEALTH HAMPDEN MEDICAL CENTER","ENOLA","PA","17025","short_term_acute","120","cms_pos"
"390337","GEISINGER MEDICAL CENTER MUNCY","MUNCY","PA","17756","short_term_acute","20","cms_pos"
"390338","LEHIGH VALLEY HOSPITAL - DICKSON CITY","DICKSON CITY","PA","18519","short_term_acute","24","cms_pos"
"390339","PENN STATE HEALTH LANCASTER MEDICAL CENTER","LANCASTER","PA","17601","short_term_acute","142","cms_pos"
"390430","LEHIGH VALLEY HOSPITAL - MACUNGIE","MACUNGIE","PA","18062","short_term_acute","20","cms_pos"
"390431","CHRISTIANACARE HOSPITAL, WEST GROVE CAMPUS","WEST GROVE","PA","19390","short_term_acute","10","cms_pos"
"391300","GEISINGER JERSEY SHORE HOSPITAL","JERSEY SHORE","PA","17740","critical_access","25","cms_pos"
"391301","UPMC MUNCY","MUNCY","PA","17756","critical_access","20","cms_pos"
"391302","CONEMAUGH MEYERSDALE MEDICAL CENTER","MEYERSDALE","PA","15552","critical_access","20","cms_pos"
"391303","FULTON COUNTY MEDICAL CENTER","MCCONNELLSBURG","PA","17233","critical_access","21","cms_pos"
"391304","BUCKTAIL MEDICAL CENTER","RENOVO","PA","17764","critical_access","16","cms_pos"
"391305","TROY COMMUNITY HOSPITAL","TROY","PA","16947","critical_access","25","cms_pos"
"391306","ENDLESS MOUNTAINS HEALTH SYSTEMS","MONTROSE","PA","18801","critical_access","25","cms_pos"
"391307","PENN HIGHLANDS TYRONE","TYRONE","PA","16686","critical_access","25","cms_pos"
"391308","LECOM HEALTH CORRY MEMORIAL HOSPITAL","CORRY","PA","16407","critical_access","20","cms_pos"
"391309","BARNES-KASSON COUNTY HOSPITAL","SUSQUEHANNA","PA","18847","critical_access","25","cms_pos"
"391312","PENN HIGHLANDS BROOKVILLE","BROOKVILLE","PA","15825","critical_access","35","cms_pos"
"391313","UPMC COLE","COUDERSPORT","PA","16915","critical_access","49","cms_pos"
"391314","TITUSVILLE AREA HOSPITAL","TITUSVILLE","PA","16354","critical_access","25","cms_pos"
"391315","PENN HIGHLANDS ELK","SAINT MARYS","PA","15857","critical_access","40","cms_pos"
"391316","UPMC WELLSBORO","WELLSBORO","PA","16901","critical_access","39","cms_pos"
"391317","CONEMAUGH MINERS MEDICAL CENTER","HASTINGS","PA","16646","critical_access","20","cms_pos"
"391318","UPMC KANE","KANE","PA","16735","critical_access","14","cms_pos"
"391319","WARREN GENERAL HOSPITAL","WARREN","PA","16365","critical_access","25","cms_pos"
"392025","PAM SPECIALTY HOSPITAL OF WILKES-BARRE","WILKES-BARRE","PA","18764","long_term_care","36","cms_pos"
"392027","KINDRED HOSPITAL PHILADELPHIA","LAWNCREST","PA","19111","long_term_care","52","cms_pos"
"392028","PAM HEALTH SPECIALTY HOSPITAL OF PITTSBURGH","OAKDALE","PA","15071","long_term_care","63","cms_pos"
"392031","SELECT SPECIALTY HOSPITAL - JOHNSTOWN","JOHNSTOWN","PA","15901","long_term_care","39","cms_pos"
"392033","GOOD SHEPHERD SPECIALTY HOSPITAL","BETHLEHEM","PA","18017","long_term_care","18","cms_pos"
"392036","SELECT SPECIALTY HOSPITAL LAUREL HIGHLANDS INC","LATROBE","PA","15650","long_term_care","40","cms_pos"
"392037","SELECT SPECIALTY HOSPITAL - ERIE","ERIE","PA","16501","long_term_care","50","cms_pos"
"392039","SELECT SPECIALTY HOSPITAL - CENTRAL PA HARRISBURG","HARRISBURG","PA","17101","long_term_care","92","cms_pos"
"392043","PAM HEALTH SPECIALITY HOSPITAL AT HERITAGE VALLEY","BEAVER","PA","15009","long_term_care","35","cms_pos"
"392044","SELECT SPECIALTY HOSPITAL - PITTSBURGH/UPMC","PITTSBURGH","PA","15213","long_term_care","67","cms_pos"
"392045","SELECT SPECIALTY HOSPITAL - MCKEESPORT, INC","MC KEESPORT","PA","15132","long_term_care","30","cms_pos"
"392050","GOOD SHEPHERD PENN PARTNERS","PHILADELPHIA","PA","19146","long_term_care","38","cms_pos"
"393025","BRYN MAWR REHABILITATION HOSPITAL","MALVERN","PA","19355","rehabilitation","148","cms_pos"
"393026","ENCOMPASS HEALTH REHABILITATION HOSPITAL OF READIN","READING","PA","19607","rehabilitation","60","cms_pos"
"393027","ENCOMPASS HEALTH REHAB HOSPITAL OF HARMARVILLE","PITTSBURGH","PA","15238","rehabilitation","162","cms_pos"
"393030","ALLIED SERVICES INSTITUTE OF REHABILITATION","SCRANTON","PA","18508","rehabilitation","50","cms_pos"
"393031","ENCOMPASS HEALTH REHABILITATION HOSPITAL OF MECHAN","MECHANICSBURG","PA","17055","rehabilitation","75","cms_pos"
"393035","GOOD SHEPHERD REHABILITATION HOSPITAL, THE","CENTER VALLEY","PA","18034","rehabilitation","96","cms_pos"
"393036","JOHN HEINZ INSTITUTE OF REHABILITATION MEDICINE","WILKES BARRE TOWNSHI","PA","18702","rehabilitation","47","cms_pos"
"393037","ENCOMPASS HEALTH REHABILITATION HOSPITAL OF YORK,","YORK","PA","17408","rehabilitation","71","cms_pos"
"393038","MAGEE REHABILITATION HOSPITAL","PHILADELPHIA","PA","19102","rehabilitation","96","cms_pos"
"393039","ENCOMPASS HEALTH REHABILITATION HOSPITAL OF NITTAN","PLEASANT GAP","PA","16823","rehabilitation","73","cms_pos"
"393040","ENCOMPASS HEALTH REHABILITATION HOSPITAL OF ALTOON","ALTOONA","PA","16602","rehabilitation","80","cms_pos"
"393045","ENCOMPASS HEALTH REHABILITATION HOSP OF SEWICKLEY","SEWICKLEY","PA","15143","rehabilitation","55","cms_pos"
"393046","ENCOMPASS HEALTH REHABILITATION HOSPITAL OF ERIE,","ERIE","PA","16507","rehabilitation","60","cms_pos"
"393047","GEISINGER ENCOMPASS HEALTH REHABILITATION HOSPITAL","DANVILLE","PA","17821","rehabilitation","42","cms_pos"
"393053","PENN STATE HEALTH REHABILITATION HOSPITAL","HUMMELSTOWN","PA","17036","rehabilitation","98","cms_pos"
"393054","LANCASTER REHABILITATION HOSPITAL","LANCASTER","PA","17604","rehabilitation","59","cms_pos"
"393055","ST MARY REHABILITATION HOSPITAL","LANGHORNE","PA","19047","rehabilitation","50","cms_pos"
"393056","HELEN M SIMPSON REHABILITATION HOSPITAL","HARRISBURG","PA","17109","rehabilitation","55","cms_pos"
"393302","UPMC CHILDREN'S HOSPITAL OF PITTSBURGH","PITTSBURGH","PA","15224","childrens","312","cms_pos"
"393303","CHILDREN'S HOSPITAL OF PHILADELPHIA","PHILADELPHIA","PA","19104","childrens","710","cms_pos"
"393304","CHILDREN'S HOME OF PITTSBURGH, THE","PITTSBURGH","PA","15224","childrens","30","cms_pos"
"393307","ST CHRISTOPHER'S HOSPITAL FOR CHILDREN","PHILADELPHIA","PA","19134","childrens","189","cms_pos"
"393309","SHRINERS HOSPITALS FOR CHILDREN - PHILADELPHIA","PHILADELPHIA","PA","19140","childrens","53","cms_pos"
"394001","NORRISTOWN STATE HOSPITAL","NORRISTOWN","PA","19401","psychiatric","382","cms_pos"
"394004","DANVILLE STATE HOSPITAL","DANVILLE","PA","17821","psychiatric","161","cms_pos"
"394008","FRIENDS HOSPITAL","PHILADELPHIA","PA","19124","psychiatric","192","cms_pos"
"394012","CLARKS SUMMIT STATE HOSPITAL","CLARKS SUMMIT","PA","18411","psychiatric","203","cms_pos"
"394014","WERNERSVILLE STATE HOSPITAL","WERNERSVILLE","PA","19565","psychiatric","266","cms_pos"
"394016","WARREN STATE HOSPITAL","NORTH WARREN","PA","16365","psychiatric","186","cms_pos"
"394020","PHILHAVEN HOSPITAL","MT GRETNA","PA","17064","psychiatric","103","cms_pos"
"394023","BELMONT BEHAVIORAL HOSPITAL","PHILADELPHIA","PA","19131","psychiatric","147","cms_pos"
"394026","TORRANCE STATE HOSPITAL","TORRANCE","PA","15779","psychiatric","357","cms_pos"
"394027","FAIRMOUNT BEHAVIORAL HEALTH SYSTEM","PHILADELPHIA","PA","19128","psychiatric","172","cms_pos"
"394033","MONTGOMERY COUNTY EMERGENCY SERVICE","NORRISTOWN","PA","19403","psychiatric","73","cms_pos"
"394034","HORSHAM CLINIC","AMBLER","PA","19002","psychiatric","146","cms_pos"
"394038","FOUNDATIONS BEHAVIORAL HEALTH","DOYLESTOWN","PA","18901","psychiatric","54","cms_pos"
"394040","MEADOWS PSYCHIATRIC CENTER","CENTRE HALL","PA","16828","psychiatric","101","cms_pos"
"394043","CLARION PSYCHIATRIC CENTER","CLARION","PA","16214","psychiatric","74","cms_pos"
"394047","KIDSPEACE ORCHARD HILLS CAMPUS","OREFIELD","PA","18069","psychiatric","110","cms_pos"
"394049","BROOKE GLEN BEHAVIORAL HOSPITAL","FORT WASHINGTON","PA","19034","psychiatric","146","cms_pos"
"394050","ROXBURY TREATMENT CENTER","SHIPPENSBURG","PA","17257","psychiatric","26","cms_pos"
"394051","PENNSYLVANIA PSYCHIATRIC INSTITUTE","HARRISBURG","PA","17110","psychiatric","60","cms_pos"
"394052","HAVEN BEHAVIORAL HOSPITAL OF EASTERN PENNSYLVANIA","READING","PA","19601","psychiatric","48","cms_pos"
"394053","HAVEN BEHAVIORAL HOSPITAL OF PHILADELPHIA","PHILADELPHIA","PA","19129","psychiatric","36","cms_pos"
"394055","LANCASTER BEHAVIORAL HEALTH HOSPITAL","LANCASTER","PA","17603","psychiatric","126","cms_pos"
"394056","TOWER BEHAVIORAL HEALTH","READING","PA","19605","psychiatric","144","cms_pos"
"394057","MALVERN BEHAVIORAL HEALTH","PHILADELPHIA","PA","19145","psychiatric","22","cms_pos"
"394058","BERWICK FREE-STANDING PSYCHIATRIC HOSPITAL","BERWICK","PA","18603","psychiatric","14","cms_pos"
"394059","GEISINGER BEHAVIORAL HEALTH CENTER NORTHEAST","MOOSIC","PA","18507","psychiatric","96","cms_pos"
"394061","WYOMING VALLEY BEHAVIORAL HOSPITAL","KINGSTON","PA","18704","psychiatric","50","cms_pos"
"394062","HAVEN BEHAVIORAL HOSPITAL OF WEST CHESTER","WEST CHESTER","PA","19380","psychiatric","72","cms_pos"
"394063","GEISINGER BEHAVIORAL HEALTH CENTER DANVILLE","DANVILLE","PA","17821","psychiatric","96","cms_pos"
"394064","THREE RIVERS BEHAVIORAL HEALTH","WEST MIFFLIN","PA","15122","psychiatric","19","cms_pos"
"400001","PRESBYTERIAN COMMUNITY HOSPITAL","SAN JUAN","PR","00907","short_term_acute","207","cms_pos"
"400003","HOSPITAL METROPOLITANO DR PILA","PONCE","PR","00717","short_term_acute","183","cms_pos"
"400004","ASOCIACION HOSPITAL DEL MAESTRO, INC","SAN JUAN","PR","00918","short_term_acute","255","cms_pos"
"400005","HOPE MEDICAL CENTER LLC","HUMACAO","PR","00791","short_term_acute","106","cms_pos"
"400006","DOCTORS' CENTER HOSPITAL SAN JUAN","SAN JUAN","PR","00909","short_term_acute","160","cms_pos"
"400007","RYDER MEMORIAL HOSPITAL INC","HUMACAO","PR","00791","short_term_acute","167","cms_pos"
"400010","HOSPITAL GENERAL DE CASTANER","CASTANER","PR","00631","short_term_acute","33","cms_pos"
"400011","HOSPITAL MENONITA HUMACAO, INC","HUMACAO","PR","00791","short_term_acute","71","cms_pos"
"400012","HOSPITAL ONCOLOGICO DR ISAAC GONZALEZ MARTINEZ","SAN JUAN","PR","00936","short_term_acute","140","cms_pos"
"400013","HOSPITAL MENONITA DE CAYEY","CAYEY","PR","00737","short_term_acute","262","cms_pos"
"400014","BELLA VISTA HOSPITAL","MAYAGUEZ","PR","00681","short_term_acute","199","cms_pos"
"400015","SAN JUAN MUNICIPALITY HOSPITAL","RIO PIEDRAS","PR","00926","short_term_acute","450","cms_pos"
"400016","AUXILIO MUTUO HOSPITAL","SAN JUAN","PR","00918","short_term_acute","653","cms_pos"
"400018","HOSPITAL MENONITA DE AIBONITO","AIBONITO","PR","00705","short_term_acute","150","cms_pos"
"400019","HOSPITAL PAVIA SANTURCE","SAN JUAN","PR","00910","short_term_acute","197","cms_pos"
"400021","HOSPITAL DE LA CONCEPCION","SAN GERMAN","PR","00683","short_term_acute","187","cms_pos"
"400022","HOSPITAL DAMAS INC","PONCE","PR","00717","short_term_acute","331","cms_pos"
"400032","BAYAMON MEDICAL CENTER","BAYAMON","PR","00960","short_term_acute","274","cms_pos"
"400044","HOSPITAL EPISCOPAL SAN LUCAS II","PONCE","PR","00716","short_term_acute","427","cms_pos"
"400048","HOSPITAL MENONITA GUAYAMA","GUAYAMA","PR","00785","short_term_acute","230","cms_pos"
"400061","HOSPITAL UNIVERSITARIO DE ADULTOS","RIO PIEDRAS","PR","00927","short_term_acute","390","cms_pos"
"400079","HOSPITAL  COMUNITARIO BUEN SAMARITANO INC","AGUADILLA","PR","00603","short_term_acute","230","cms_pos"
"400087","HOSPITAL PAVIA ARECIBO","ARECIBO","PR","00612","short_term_acute","230","cms_pos"
"400098","HOSPITAL SAN FRANCISCO","SAN JUAN","PR","00923","short_term_acute","160","cms_pos"
"400102","DOCTORS CENTER HOSPITAL BAYAMON INC","BAYAMON","PR","00960","short_term_acute","146","cms_pos"
"400103","MAYAGUEZ MEDICAL CENTER DR RAMON EMETERIO BETANCES","MAYAGUEZ","PR","00682","short_term_acute","391","cms_pos"
"400104","HOSPITAL MENONITA CAGUAS INC","CAGUAS","PR","00726","short_term_acute","373","cms_pos"
"400105","HOSPITAL UNIVERSITARIO DR RUIZ ARNAU","BAYAMON","PR","00956","short_term_acute","415","cms_pos"
"400106","METROPOLITAN HOSPITAL","SAN JUAN","PR","00915","short_term_acute","180","cms_pos"
"400109","HOSPITAL ESPANOL AUXILIO MUTUO SAN PABLO","BAYAMON","PR","00961","short_term_acute","436","cms_pos"
"400110","HOSPITAL PAVIA YAUCO","YAUCO","PR","00698","short_term_acute","186","cms_pos"
"400111","HOSPITAL SAN CARLOS BORROMEO","MOCA","PR","00676","short_term_acute","108","cms_pos"
"400112","HOSPITAL UPR, DR  FEDERICO TRILLA","CAROLINA","PR","00984","short_term_acute","250","cms_pos"
"400113","HOSPITAL MENONITA PONCE","PONCE","PR","00780","short_term_acute","138","cms_pos"
"400114","MANATI MEDICAL CENTER DR OTERO LOPEZ","MANATI","PR","00674","short_term_acute","285","cms_pos"
"400115","CENTRO MEDICO WILMA N VAZQUEZ","VEGA BAJA","PR","00693","short_term_acute","130","cms_pos"
"400117","HOSPITAL METROPOLITANO  DR SUSONI","ARECIBO","PR","00612","short_term_acute","138","cms_pos"
"400118","DOCTORS' CENTER HOSPITAL, INC","MANATI","PR","00674","short_term_acute","268","cms_pos"
"400120","HOSPITAL PAVIA CAGUAS","CAGUAS","PR","00725","short_term_acute","440","cms_pos"
"400122","PROFESSIONAL HOSPITAL GUAYNABO INC","GUAYNABO","PR","00970","short_term_acute","94","cms_pos"
"400123","HOSPITAL PEREA","MAYAGUEZ","PR","00681","short_term_acute","153","cms_pos"
"400124","CENTRO CARDIOVASCULAR DE PUERTO RICO Y EL CARIBE","SAN JUAN","PR","00936","short_term_acute","202","cms_pos"
"400127","ASEM","SAN JUAN","PR","00935","short_term_acute","92","cms_pos"
"400130","HOSPITAL METROPOLITANO DE LA MONTANA","BDA NUEVA","PR","00641","short_term_acute","26","cms_pos"
"400131","CARIBBEAN MEDICAL CENTER","FAJARDO","PR","00738","short_term_acute","25","cms_pos"
"400132","DOCTORS CENTER HOSPITAL  CAROLINA LLC","CAROLINA","PR","00979","short_term_acute","109","cms_pos"
"400134","THE SAN JORGE HOSPITAL INC","SAN JUAN","PR","00912","short_term_acute","262","cms_pos"
"400135","HOSPITAL  CENTRO COMPRENSIVO DEL CANCER","SAN JUAN","PR","00927","short_term_acute","96","cms_pos"
"400137","DOCTORS CENTER HOSPITAL ORLANDO HEALTH DORADO","DORADO","PR","00646","short_term_acute","160","cms_pos"
"400138","PUERTO RICO WOMEN AND CHILDREN HOSPITAL LLC","BAYAMON","PR","00959","short_term_acute","127","cms_pos"
"400139","HOSPITAL EPISCOPAL  SAN LUCAS METRO","SAN JUAN","PR","00928","short_term_acute","60","cms_pos"
"400141","CENTRO MEDICO DEL NORESTE","FAJARDO","PR","00738","short_term_acute","87","cms_pos"
"403025","ENCOMPASS HEALTH REHABILITATION HOSPITAL OF SAN JU","SAN JUAN","PR","00936","rehabilitation","32","cms_pos"
"403026","ENCOMPASS HEALTH REHABILITATION HOSPITAL MANATI","MANATI","PR","00674","rehabilitation","40","cms_pos"
"403027","MULTY MEDICAL FACILITIES CORPORATION","SAN JUAN","PR","00918","rehabilitation","40","cms_pos"
"403028","VARMED REHABILITATION CENTER","BAYAMON","PR","00959","rehabilitation","30","cms_pos"
"403301","UNIVERSITY PEDIATRIC HOSPITAL","SAN JUAN","PR","00935","childrens","215","cms_pos"
"404004","FIRST HOSPITAL PANAMERICANO","CIDRA","PR","00739","psychiatric","165","cms_pos"
"404005","SAN JUAN CAPESTRANO  HOSPITAL INC","RIO PIEDRAS","PR","00928","psychiatric","172","cms_pos"
"404007","HOSPITAL OASIS DE VIDA","CABO ROJO","PR","00623","psychiatric","80","cms_pos"
"404009","CENTRO DE SALUD CONDUCTUAL MENONITA-CIMA","AIBONITO","PR","00705","psychiatric","61","cms_pos"
"410004","ROGER WILLIAMS MEDICAL CENTER","PROVIDENCE","RI","02908","short_term_acute","220","cms_pos"
"410005","OUR LADY OF FATIMA HOSPITAL","NORTH PROVIDENCE","RI","02904","short_term_acute","312","cms_pos"
"410006","NEWPORT HOSPITAL","NEWPORT","RI","02840","short_term_acute","129","cms_pos"
"410007","RHODE ISLAND HOSPITAL","PROVIDENCE","RI","02903","short_term_acute","719","cms_pos"
"410008","SOUTH COUNTY HOSPITAL INC","WAKEFIELD","RI","02879","short_term_acute","100","cms_pos"
"410009","KENT COUNTY MEMORIAL HOSPITAL","WARWICK","RI","02886","short_term_acute","359","cms_pos"
"410010","WOMEN & INFANTS HOSPITAL OF RHODE ISLAND","PROVIDENCE","RI","02905","short_term_acute","167","cms_pos"
"410011","LANDMARK MEDICAL CENTER","WOONSOCKET","RI","02895","short_term_acute","214","cms_pos"
"410012","THE MIRIAM HOSPITAL","PROVIDENCE","RI","02906","short_term_acute","247","cms_pos"
"410013","WESTERLY HOSPITAL","WESTERLY","RI","02891","short_term_acute","116","cms_pos"
"412001","ELEANOR SLATER HOSPITAL","CRANSTON","RI","02921","long_term_care","250","cms_pos"
"413025","REHABILITATION HOSPITAL OF RHODE ISLAND","NORTH SMITHFIELD","RI","02896","rehabilitation","40","cms_pos"
"413026","ENCOMPASS HEALTH REHAB HOSPITAL OF JOHNSTON","JOHNSTON","RI","02919","rehabilitation","50","cms_pos"
"414000","BUTLER HOSPITAL","PROVIDENCE","RI","02906","psychiatric","143","cms_pos"
"414003","EMMA PENDLETON BRADLEY HOSPITAL","EAST PROVIDENCE","RI","02915","psychiatric","60","cms_pos"
"420002","PIEDMONT MEDICAL CENTER","ROCK HILL","SC","29732","short_term_acute","288","cms_pos"
"420004","MUSC MEDICAL CENTER","CHARLESTON","SC","29425","short_term_acute","713","cms_pos"
"420005","MCLEOD MEDICAL CENTER - DILLON","DILLON","SC","29536","short_term_acute","92","cms_pos"
"420007","SPARTANBURG MEDICAL CENTER","SPARTANBURG","SC","29303","short_term_acute","747","cms_pos"
"420009","PRISMA HEALTH OCONEE MEMORIAL HOSPITAL","SENECA","SC","29672","short_term_acute","169","cms_pos"
"420010","CAROLINA PINES REGIONAL MEDICAL CENTER","HARTSVILLE","SC","29550","short_term_acute","116","cms_pos"
"420011","CANNON MEMORIAL HOSPITAL","PICKENS","SC","29671","short_term_acute","55","cms_pos"
"420015","PRISMA HEALTH BAPTIST EASLEY HOSPITAL","EASLEY","SC","29640","short_term_acute","109","cms_pos"
"420018","PRISMA HEALTH RICHLAND HOSPITAL","COLUMBIA","SC","29203","short_term_acute","649","cms_pos"
"420019","MUSC HEALTH","CHESTER","SC","29706","short_term_acute","82","cms_pos"
"420020","TIDELANDS HEALTH","GEORGETOWN","SC","29440","short_term_acute","131","cms_pos"
"420023","ST FRANCIS-DOWNTOWN","GREENVILLE","SC","29601","short_term_acute","245","cms_pos"
"420026","MUSC HEALTH COLUMBIA MEDICAL CENTER DOWNTOWN","COLUMBIA","SC","29204","short_term_acute","258","cms_pos"
"420027","ANMED HEALTH","ANDERSON","SC","29621","short_term_acute","533","cms_pos"
"420030","COLLETON MEDICAL CENTER","WALTERBORO","SC","29488","short_term_acute","135","cms_pos"
"420033","PRISMA HEALTH GREER MEMORIAL HOSPITAL","SPARTANBURG","SC","29306","short_term_acute","82","cms_pos"
"420036","MUSC HEALTH LANCASTER MEDICAL CENTER","LANCASTER","SC","29720","short_term_acute","217","cms_pos"
"420037","PRISMA HEALTH HILLCREST HOSPITAL","SIMPSONVILLE","SC","29681","short_term_acute","43","cms_pos"
"420038","PRISMA HEALTH LAURENS COUNTY HOSPITAL","CLINTON","SC","29325","short_term_acute","76","cms_pos"
"420043","CHEROKEE MEDICAL CENTER","GAFFNEY","SC","29340","short_term_acute","125","cms_pos"
"420048","KERSHAW MEDICAL CENTER","CAMDEN","SC","29020","short_term_acute","119","cms_pos"
"420049","CONWAY MEDICAL CENTER","CONWAY","SC","29526","short_term_acute","210","cms_pos"
"420051","MCLEOD REGIONAL MEDICAL CENTER-PEE DEE","FLORENCE","SC","29506","short_term_acute","461","cms_pos"
"420053","NEWBERRY COUNTY MEMORIAL HOSPITAL","NEWBERRY","SC","29108","short_term_acute","90","cms_pos"
"420055","MUSC HEALTH MARION MEDICAL CENTER","MULLINS","SC","29574","short_term_acute","124","cms_pos"
"420065","BON SECOURS-ST FRANCIS XAVIER HOSPITAL","CHARLESTON","SC","29414","short_term_acute","204","cms_pos"
"420067","BEAUFORT COUNTY MEMORIAL HOSPITAL","BEAUFORT","SC","29902","short_term_acute","197","cms_pos"
"420070","PRISMA HEALTH MIDLANDS","SUMTER","SC","29150","short_term_acute","283","cms_pos"
"420071","SELF REGIONAL HEALTHCARE","GREENWOOD","SC","29646","short_term_acute","358","cms_pos"
"420072","HAMPTON REGIONAL MEDICAL CENTER","VARNVILLE","SC","29944","short_term_acute","32","cms_pos"
"420073","LEXINGTON MEDICAL CENTER","WEST COLUMBIA","SC","29169","short_term_acute","460","cms_pos"
"420078","PRISMA HEALTH GREENVILLE MEMORIAL HOSPITAL","GREENVILLE","SC","29605","short_term_acute","845","cms_pos"
"420079","TRIDENT MEDICAL CENTER","CHARLESTON","SC","29406","short_term_acute","497","cms_pos"
"420080","HILTON HEAD REGIONAL MEDICAL CENTER","HILTON HEAD ISLAND","SC","29926","short_term_acute","93","cms_pos"
"420082","AIKEN REGIONAL MEDICAL CENTER","AIKEN","SC","29801","short_term_acute","273","cms_pos"
"420085","GRAND STRAND REGIONAL MEDICAL CENTER","MYRTLE BEACH","SC","29572","short_term_acute","369","cms_pos"
"420086","PRISMA HEALTH BAPTIST","COLUMBIA","SC","29220","short_term_acute","352","cms_pos"
"420087","ROPER HOSPITAL","CHARLESTON","SC","29401","short_term_acute","368","cms_pos"
"420089","EAST COOPER MEDICAL CENTER","MOUNT PLEASANT","SC","29464","short_term_acute","140","cms_pos"
"420091","MUSC HEALTH FLORENCE MEDICAL CENTER","FLORENCE","SC","29505","short_term_acute","420","cms_pos"
"420098","TIDELANDS WACCAMAW COMMUNITY HOSPITAL","MURRELLS INLET","SC","29576","short_term_acute","124","cms_pos"
"420101","SOUTH CAROLINA COASTAL MEDICAL CENTER LLC","HARDEEVILLE","SC","29927","short_term_acute","41","cms_pos"
"420102","PRISMA HEALTH  PATEWOOD HOSPITAL","GREENVILLE","SC","29615","short_term_acute","72","cms_pos"
"420103","PELHAM MEDICAL CENTER","GREER","SC","29651","short_term_acute","48","cms_pos"
"420104","MOUNT PLEASANT HOSPITAL","MOUNT PLEASANT","SC","29466","short_term_acute","85","cms_pos"
"420105","MCLEOD LORIS  HOSPITAL","LORIS","SC","29569","short_term_acute","105","cms_pos"
"420106","PRISMA HEALTH BAPTIST PARKRIDGE","COLUMBIA","SC","29212","short_term_acute","76","cms_pos"
"420107","MCLEOD HEALTH CHERAW","CHERAW","SC","29520","short_term_acute","59","cms_pos"
"420108","UNION MEDICAL CENTER","UNION","SC","29379","short_term_acute","143","cms_pos"
"420109","MCLEOD HEALTH CLARENDON","MANNING","SC","29102","short_term_acute","81","cms_pos"
"420110","ROPER ST FRANCIS HOSPITAL-BERKELY INC","SUMMERVILLE","SC","29486","short_term_acute","50","cms_pos"
"421300","ALLENDALE COUNTY HOSPITAL","FAIRFAX","SC","29827","critical_access","25","cms_pos"
"421301","ABBEVILLE AREA MEDICAL CENTER","ABBEVILLE","SC","29620","critical_access","25","cms_pos"
"421304","EDGEFIELD COUNTY HEALTHCARE AN AFFILIATE OF SELF R","EDGEFIELD","SC","29824","critical_access","25","cms_pos"
"422004","SPARTANBURG HOSP FOR RESTORATIVE CARE","SPARTANBURG","SC","29303","long_term_care","97","cms_pos"
"422005","CHARLESTON-AMG SPECIALITY HOSPITAL INC","MOUNT PLEASANT","SC","29464","long_term_care","59","cms_pos"
"422006","PRISMA HEALTH LTACH-BAPTIST","COLUMBIA","SC","29201","long_term_care","35","cms_pos"
"422007","REGENCY HOSPITAL OF FLORENCE","FLORENCE","SC","29501","long_term_care","40","cms_pos"
"422008","PRISMA HEALTH NORTH GREENVILLE LTACH","TRAVELERS REST","SC","29690","long_term_care","45","cms_pos"
"422009","REGENCY HOSPITAL OF GREENVILLE","GREENVILLE","SC","29601","long_term_care","32","cms_pos"
"423025","ENCOMPASS HEALTH REHABILITATION HOSPITAL OF COLA","COLUMBIA","SC","29203","rehabilitation","96","cms_pos"
"423026","ENCOMPASS HEALTH REHABILITATION HOSPITAL OF FLORE","FLORENCE","SC","29506","rehabilitation","88","cms_pos"
"423027","MUSC HEALT REHABILITATION HOSPITAL","NORTH CHARLESTON","SC","29406","rehabilitation","49","cms_pos"
"423028","ENCOMPASS HEALTH REHABILITATION HOSPITAL OF ROCK H","ROCK HILL","SC","29732","rehabilitation","50","cms_pos"
"423029","ANMED HEALTH REHABILITATION HOSPITAL","ANDERSON","SC","29621","rehabilitation","60","cms_pos"
"423030","GREENWOOD REGIONAL REHABILITATION HOSPITAL, INC","GREENWOOD","SC","29646","rehabilitation","42","cms_pos"
"423031","SPARTANBURG REHABILITATION INSTITUTE, INC","SPARTANBURG","SC","29303","rehabilitation","40","cms_pos"
"423032","ENCOMPASS HEALTH REHAB HOSPITAL OF BLUFFTON","BLUFFTON","SC","29910","rehabilitation","38","cms_pos"
"423033","TIDELANDS HEALTH REHABILITATION HOSPITALS","MURRELLS INLET","SC","29576","rehabilitation","29","cms_pos"
"423034","MIDLANDS REGIONAL REHABILITATION HOSPITAL","ELGIN","SC","29045","rehabilitation","40","cms_pos"
"423035","ENCOMPASS HEALTH REHABILITATION HOSPITAL GREENVILL","GREENVILLE","SC","29607","rehabilitation","40","cms_pos"
"423036","LEXINGTON REGIONAL REHABILITATION HOSPITAL","CAYCE","SC","29033","rehabilitation","36","cms_pos"
"423037","ENCOMPASS HEALTH REHABILITATION HOSPITAL FORT MILL","FORT MILL","SC","29708","rehabilitation","39","cms_pos"
"423300","SHRINERS HOSPITALS FOR CHILDREN","GREENVILLE","SC","29605","childrens","50","cms_pos"
"424002","LIGHTHOUSE BEHAVIORAL HEALTH HOSPITAL","CONWAY","SC","29526","psychiatric","105","cms_pos"
"424005","G WERBER BRYAN PSYCH HOSP","COLUMBIA","SC","29203","psychiatric","543","cms_pos"
"424006","PALMETTO LOWCOUNTRY BEHAVIORAL HEALTH","CHARLESTON","SC","29405","psychiatric","108","cms_pos"
"424007","SPRINGBROOK BEHAVIORAL HEALTH SYSTEM","TRAVELERS REST","SC","29690","psychiatric","62","cms_pos"
"424008","THREE RIVERS BEHAVIORAL HEALTH","WEST COLUMBIA","SC","29169","psychiatric","122","cms_pos"
"424010","CAROLINA CTR FOR BEHAVIORAL HEALTH,THE","GREER","SC","29650","psychiatric","138","cms_pos"
"424011","PATRICK B HARRIS PSYCHIATRIC HOSPITAL","ANDERSON","SC","29622","psychiatric","200","cms_pos"
"424013","THE WILLIAM J MCCORD ADOLESCENT TREATMENT FACILITY","ORANGEBURG","SC","29118","psychiatric","15","cms_pos"
"424014","REBOUND BEHAVIORAL HEALTH","LANCASTER","SC","29720","psychiatric","42","cms_pos"
"424015","MIDLANDS BEHAVIORAL HEALTH HOSPITAL","SUMTER","SC","29150","psychiatric","32","cms_pos"
"430005","PRAIRIE LAKES HOSPITAL","WATERTOWN","SD","57201","short_term_acute","81","cms_pos"
"430008","BROOKINGS HEALTH SYSTEM","BROOKINGS","SD","57006","short_term_acute","49","cms_pos"
"430012","AVERA SACRED HEART HOSPITAL","YANKTON","SD","57078","short_term_acute","144","cms_pos"
"430014","AVERA ST LUKES","ABERDEEN","SD","57401","short_term_acute","109","cms_pos"
"430015","AVERA ST MARY'S HOSPITAL","PIERRE","SD","57501","short_term_acute","60","cms_pos"
"430016","AVERA MCKENNAN HOSPITAL & UNIVERSITY HEALTH CENTER","SIOUX FALLS","SD","57117","short_term_acute","505","cms_pos"
"430027","SANFORD USD MEDICAL CENTER","SIOUX FALLS","SD","57117","short_term_acute","545","cms_pos"
"430048","MONUMENT HEALTH SPEARFISH HOSPITAL","SPEARFISH","SD","57783","short_term_acute","44","cms_pos"
"430077","MONUMENT HEALTH RAPID CITY HOSPITAL","RAPID CITY","SD","57701","short_term_acute","417","cms_pos"
"430089","DUNES SURGICAL HOSPITAL","DAKOTA DUNES","SD","57049","short_term_acute","38","cms_pos"
"430090","SIOUX FALLS SPECIALTY HOSPITAL LLP","SIOUX FALLS","SD","57105","short_term_acute","33","cms_pos"
"430091","BLACK HILLS SURGICAL HOSPITAL LLC","RAPID CITY","SD","57703","short_term_acute","26","cms_pos"
"430093","SAME DAY SURGERY CENTER LLC","RAPID CITY","SD","57701","short_term_acute","6","cms_pos"
"430095","AVERA HEART HOSPITAL OF SOUTH DAKOTA","SIOUX FALLS","SD","57108","short_term_acute","53","cms_pos"
"430097","SANFORD ABERDEEN MEDICAL CENTER","ABERDEEN","SD","57402","short_term_acute","48","cms_pos"
"430779","LANDMANN JUNGMAN MEMORIAL HOSPITAL CORPORATION","SCOTLAND","SD","57059","rural_emergency","1","cms_pos"
"431300","MADISON REGIONAL HEALTH SYSTEM","MADISON","SD","57042","critical_access","25","cms_pos"
"431301","FAULKTON AREA MEDICAL CENTER","FAULKTON","SD","57438","critical_access","12","cms_pos"
"431302","AVERA MISSOURI RIVER HEALTH CENTER","GETTYSBURG","SD","57442","critical_access","7","cms_pos"
"431305","DOUGLAS COUNTY MEMORIAL HOSPITAL-CAH","ARMOUR","SD","57313","critical_access","11","cms_pos"
"431306","PLATTE HEALTH CENTER","PLATTE","SD","57369","critical_access","17","cms_pos"
"431307","SANFORD CLEAR LAKE MEDICAL CENTER","CLEAR LAKE","SD","57226","critical_access","10","cms_pos"
"431308","EUREKA COMMUNITY HEALTH SERVICES - CAH","EUREKA","SD","57437","critical_access","4","cms_pos"
"431309","COMMUNITY MEMORIAL HOSPITAL","BURKE","SD","57523","critical_access","16","cms_pos"
"431310","AVERA FLANDREAU HOSPITAL - CAH","FLANDREAU","SD","57028","critical_access","18","cms_pos"
"431311","SANFORD WEBSTER MEDICAL CENTER","WEBSTER","SD","57274","critical_access","25","cms_pos"
"431312","MARSHALL COUNTY HEALTHCARE CENTER - CAH","BRITTON","SD","57430","critical_access","20","cms_pos"
"431313","FREEMAN MEDICAL CENTER - CAH","FREEMAN","SD","57029","critical_access","25","cms_pos"
"431314","BENNETT COUNTY HOSPITAL AND NURSING HOME - CAH","MARTIN","SD","57551","critical_access","14","cms_pos"
"431315","WAGNER COMMUNITY MEMORIAL HOSPITAL - CAH","WAGNER","SD","57380","critical_access","20","cms_pos"
"431316","COMMUNITY MEMORIAL HOSPITAL","REDFIELD","SD","57469","critical_access","25","cms_pos"
"431318","BOWDLE HOSPITAL - CAH","BOWDLE","SD","57428","critical_access","12","cms_pos"
"431319","HANS P PETERSON MEMORIAL HOSPITAL - CAH","PHILIP","SD","57567","critical_access","18","cms_pos"
"431320","MONUMENT HEALTH LEAD-DEADWOOD HOSPITAL","DEADWOOD","SD","57732","critical_access","18","cms_pos"
"431321","MONUMENT HEALTH STURGIS HOSPITAL","STURGIS","SD","57785","critical_access","25","cms_pos"
"431322","FALL RIVER HOSPITAL - CAH","HOT SPRINGS","SD","57747","critical_access","25","cms_pos"
"431323","MONUMENT HEALTH CUSTER HOSPITAL","CUSTER","SD","57730","critical_access","12","cms_pos"
"431324","AVERA WESKOTA MEMORIAL MEDICAL CENTER - CAH","WESSINGTON SPRINGS","SD","57382","critical_access","16","cms_pos"
"431325","MOBRIDGE REGIONAL HOSPITAL - CAH","MOBRIDGE","SD","57601","critical_access","25","cms_pos"
"431326","MILBANK AREA HOSPITAL/AVERA HEALTH","MILBANK","SD","57252","critical_access","25","cms_pos"
"431327","ST MICHAEL'S HOSPITAL - CAH","TYNDALL","SD","57066","critical_access","25","cms_pos"
"431328","PIONEER MEMORIAL HOSPITAL - CAH","VIBORG","SD","57070","critical_access","12","cms_pos"
"431329","SANFORD CHAMBERLAIN MEDICAL CENTER","CHAMBERLAIN","SD","57325","critical_access","25","cms_pos"
"431330","AVERA ST BENEDICT HEALTH CENTER - CAH","PARKSTON","SD","57366","critical_access","25","cms_pos"
"431331","AVERA DELLS AREA HOSPITAL  - CAH","DELL RAPIDS","SD","57022","critical_access","23","cms_pos"
"431332","AVERA DE SMET MEMORIAL HOSPITAL - CAH","DE SMET","SD","57231","critical_access","6","cms_pos"
"431333","SANFORD CANTON-INWOOD MEDICAL CENTER - CAH","CANTON","SD","57013","critical_access","11","cms_pos"
"431334","WINNER REGIONAL HEALTHCARE CENTER - CAH","WINNER","SD","57580","critical_access","25","cms_pos"
"431335","HURON REGIONAL MEDICAL CENTER","HURON","SD","57350","critical_access","25","cms_pos"
"431336","SANFORD VERMILLION MEDICAL CENTER","VERMILLION","SD","57069","critical_access","25","cms_pos"
"431337","AVERA HAND COUNTY MEMORIAL HOSPITAL AND CLINIC","MILLER","SD","57362","critical_access","11","cms_pos"
"431338","AVERA GREGORY HOSPITAL","GREGORY","SD","57533","critical_access","25","cms_pos"
"431339","COTEAU DES PRAIRIES HEALTH CARE SYSTEM","SISSETON","SD","57262","critical_access","25","cms_pos"
"431340","AVERA QUEEN OF PEACE","MITCHELL","SD","57301","critical_access","25","cms_pos"
"432002","SELECT SPECIALTY HOSPITAL - SOUTH DAKOTA","SIOUX FALLS","SD","57105","long_term_care","24","cms_pos"
"432003","REHAB & CRITICAL CARE HOSPITAL OF THE BLACK HILLS","RAPID CITY","SD","57701","long_term_care","54","cms_pos"
"433027","ENCOMPASS HEALTH REHAB HOSPITAL OF SIOUX FALLS","SIOUX FALLS","SD","57108","rehabilitation","40","cms_pos"
"433300","LIFESCAPE","SIOUX FALLS","SD","57105","childrens","18","cms_pos"
"434003","SOUTH DAKOTA HUMAN SERVICES CENTER","YANKTON","SD","57078","psychiatric","133","cms_pos"
"440002","JACKSON-MADISON COUNTY GENERAL HOSPITAL","JACKSON","TN","38301","short_term_acute","771","cms_pos"
"440003","HIGHPOINT HEALTH-SUMNER WITH ASCENSION SAINT THOMA","GALLATIN","TN","37066","short_term_acute","155","cms_pos"
"440006","TRISTAR SKYLINE MEDICAL CENTER","NASHVILLE","TN","37207","short_term_acute","395","cms_pos"
"440007","UNITY MEDICAL CENTER","MANCHESTER","TN","37355","short_term_acute","49","cms_pos"
"440008","HENDERSON COUNTY COMMUNITY HOSPITAL","LEXINGTON","TN","38351","short_term_acute","45","cms_pos"
"440009","CUMBERLAND MEDICAL CENTER","CROSSVILLE","TN","38555","short_term_acute","189","cms_pos"
"440011","BLOUNT MEMORIAL HOSPITAL","MARYVILLE","TN","37804","short_term_acute","304","cms_pos"
"440012","BRISTOL REGIONAL MEDICAL CENTER","BRISTOL","TN","37620","short_term_acute","282","cms_pos"
"440015","UNIVERSITY OF TN MEDICAL CENTER (THE)","KNOXVILLE","TN","37920","short_term_acute","655","cms_pos"
"440016","BAPTIST MEMORIAL HOSPITAL - CARROLL COUNTY","HUNTINGDON","TN","38344","short_term_acute","70","cms_pos"
"440017","HOLSTON VALLEY MEDICAL CENTER","KINGSPORT","TN","37662","short_term_acute","505","cms_pos"
"440018","SYCAMORE SHOALS HOSPITAL","ELIZABETHTON","TN","37643","short_term_acute","121","cms_pos"
"440020","SOUTHERN TENNESSEE REGIONAL HEALTH SYSTEM PULASKI","PULASKI","TN","38478","short_term_acute","95","cms_pos"
"440029","WILLIAMSON MEDICAL CENTER","FRANKLIN","TN","37067","short_term_acute","185","cms_pos"
"440030","MORRISTOWN HAMBLEN HOSPITAL ASSOCIATION","MORRISTOWN","TN","37814","short_term_acute","167","cms_pos"
"440031","ROANE MEDICAL CENTER","HARRIMAN","TN","37748","short_term_acute","105","cms_pos"
"440032","HAWKINS COUNTY MEMORIAL HOSPITAL","ROGERSVILLE","TN","37857","short_term_acute","50","cms_pos"
"440033","TENNOVA HEALTHCARE LAFOLLETTE MEDICAL CENTER","LA FOLLETTE","TN","37766","short_term_acute","66","cms_pos"
"440034","METHODIST MEDICAL CENTER OF OAK RIDGE","OAK RIDGE","TN","37830","short_term_acute","301","cms_pos"
"440035","VANDERBILT CLARKSVILLE HOSPITAL","CLARKSVILLE","TN","37040","short_term_acute","270","cms_pos"
"440039","VANDERBILT UNIVERSITY MEDICAL CENTER","NASHVILLE","TN","37232","short_term_acute","1091","cms_pos"
"440046","TRISTAR HORIZON MEDICAL CENTER","DICKSON","TN","37055","short_term_acute","157","cms_pos"
"440048","BAPTIST MEMORIAL HOSPITAL","MEMPHIS","TN","38120","short_term_acute","927","cms_pos"
"440049","METHODIST HOSPITALS OF MEMPHIS","MEMPHIS","TN","38104","short_term_acute","1593","cms_pos"
"440050","GREENEVILLE COMMUNITY HOSPITAL","GREENEVILLE","TN","37745","short_term_acute","140","cms_pos"
"440053","ASCENSION SAINT THOMAS RUTHERFORD HOSPITAL","MURFREESBORO","TN","37129","short_term_acute","358","cms_pos"
"440056","TENNOVA HEALTHCARE JEFFERSON MEMORIAL HOSPITAL","JEFFERSON CITY","TN","37760","short_term_acute","58","cms_pos"
"440057","CLAIBORNE MEDICAL CENTER","TAZEWELL","TN","37879","short_term_acute","85","cms_pos"
"440058","SOUTHERN TENNESSEE REGIONAL HEALTH SYSTEM WINCHEST","WINCHESTER","TN","37398","short_term_acute","152","cms_pos"
"440059","COOKEVILLE REGIONAL MEDICAL CENTER","COOKEVILLE","TN","38501","short_term_acute","269","cms_pos"
"440060","WEST TENNESSEE HEALTHCARE MILAN HOSPITAL","MILAN","TN","38358","short_term_acute","70","cms_pos"
"440061","WEST TENNESSEE HEALTHCARE VOLUNTEER HOSPITAL","MARTIN","TN","38237","short_term_acute","100","cms_pos"
"440063","JOHNSON CITY MEDICAL CENTER","JOHNSON CITY","TN","37604","short_term_acute","585","cms_pos"
"440065","TRISTAR NORTHCREST MEDICAL CENTER","SPRINGFIELD","TN","37172","short_term_acute","109","cms_pos"
"440068","STARR REGIONAL MEDICAL CENTER ATHENS","ATHENS","TN","37371","short_term_acute","190","cms_pos"
"440072","WEST TENNESSEE HEALTHCARE DYERSBURG HOSPITAL","DYERSBURG","TN","38024","short_term_acute","225","cms_pos"
"440073","MAURY REGIONAL HOSPITAL","COLUMBIA","TN","38401","short_term_acute","258","cms_pos"
"440081","LECONTE MEDICAL CENTER","SEVIERVILLE","TN","37862","short_term_acute","79","cms_pos"
"440082","ASCENSION SAINT THOMAS HOSPITAL","NASHVILLE","TN","37205","short_term_acute","571","cms_pos"
"440084","SWEETWATER HOSPITAL ASSOCIATION","SWEETWATER","TN","37874","short_term_acute","59","cms_pos"
"440091","MEMORIAL HEALTHCARE SYSTEM, INC","CHATTANOOGA","TN","37404","short_term_acute","431","cms_pos"
"440102","LINCOLN MEDICAL CENTER","FAYETTEVILLE","TN","37334","short_term_acute","91","cms_pos"
"440104","ERLANGER HEALTH SYSTEM","CHATTANOOGA","TN","37403","short_term_acute","848","cms_pos"
"440109","HARDIN MEDICAL CENTER","SAVANNAH","TN","38372","short_term_acute","58","cms_pos"
"440110","FORT LOUDON MEDICAL CENTER","LENOIR CITY","TN","37772","short_term_acute","50","cms_pos"
"440111","METRO NASHVILLE GENERAL HOSPITAL","NASHVILLE","TN","37208","short_term_acute","150","cms_pos"
"440120","TENNOVA HEALTHCARE NORTH KNOXVILLE MEDICAL CENTER","POWELL","TN","37849","short_term_acute","628","cms_pos"
"440125","FORT SANDERS REGIONAL MEDICAL CENTER","KNOXVILLE","TN","37916","short_term_acute","517","cms_pos"
"440130","BAPTIST MEMORIAL HOSPITAL UNION CITY","UNION CITY","TN","38261","short_term_acute","137","cms_pos"
"440131","BAPTIST MEMORIAL HOSPITAL TIPTON","COVINGTON","TN","38019","short_term_acute","100","cms_pos"
"440132","WEST TENNESSEE HEALTHCARE HENRY COUNTY HOSPITAL","PARIS","TN","38242","short_term_acute","142","cms_pos"
"440137","VANDERBILT BEDFORD HOSPITAL","SHELBYVILLE","TN","37160","short_term_acute","104","cms_pos"
"440144","VANDERBILT TULLAHOMA-HARTON HOSPITAL","TULLAHOMA","TN","37388","short_term_acute","135","cms_pos"
"440148","ASCENSION SAINT THOMAS DEKALB","SMITHVILLE","TN","37166","short_term_acute","71","cms_pos"
"440150","TRISTAR SUMMIT MEDICAL CENTER","HERMITAGE","TN","37076","short_term_acute","200","cms_pos"
"440151","ASCENSION SAINT THOMAS RIVER PARK HOSPITAL","MCMINNVILLE","TN","37110","short_term_acute","125","cms_pos"
"440152","REGIONAL ONE HEALTH","MEMPHIS","TN","38103","short_term_acute","631","cms_pos"
"440153","TENNOVA HEALTHCARE - NEWPORT MEDICAL CENTER","NEWPORT","TN","37821","short_term_acute","74","cms_pos"
"440156","PARKRIDGE MEDICAL CENTER","CHATTANOOGA","TN","37404","short_term_acute","621","cms_pos"
"440161","TRISTAR CENTENNIAL MEDICAL CENTER","NASHVILLE","TN","37203","short_term_acute","733","cms_pos"
"440173","PARKWEST MEDICAL CENTER","KNOXVILLE","TN","37923","short_term_acute","462","cms_pos"
"440175","SOUTHERN TENNESSEE REGIONAL HEALTH SYSTEM LAWRENCE","LAWRENCEBURG","TN","38464","short_term_acute","96","cms_pos"
"440176","INDIAN PATH COMMUNITY HOSPITAL","KINGSPORT","TN","37660","short_term_acute","239","cms_pos"
"440183","ST FRANCIS HOSPITAL","MEMPHIS","TN","38119","short_term_acute","519","cms_pos"
"440184","FRANKLIN WOODS COMMUNITY HOSPITAL","JOHNSON CITY","TN","37604","short_term_acute","80","cms_pos"
"440185","BRADLEY MEDICAL CENTER","CLEVELAND","TN","37311","short_term_acute","351","cms_pos"
"440187","LIVINGSTON REGIONAL HOSPITAL","LIVINGSTON","TN","38570","short_term_acute","110","cms_pos"
"440192","SAINT THOMAS HIGHLANDS HOSPITAL","SPARTA","TN","38583","short_term_acute","60","cms_pos"
"440193","VANDERBILT WILSON COUNTY HOSPITAL","LEBANON","TN","37087","short_term_acute","250","cms_pos"
"440194","TRISTAR HENDERSONVILLE MEDICAL CENTER","HENDERSONVILLE","TN","37075","short_term_acute","148","cms_pos"
"440197","TRISTAR SOUTHERN HILLS MEDICAL CENTER","NASHVILLE","TN","37211","short_term_acute","136","cms_pos"
"440200","ASCENSION SAINT THOMAS STONES RIVER HOSPITAL","WOODBURY","TN","37190","short_term_acute","55","cms_pos"
"440218","SAINT THOMAS HOSPITAL FOR SPECIALTY SURGERY","NASHVILLE","TN","37203","short_term_acute","23","cms_pos"
"440227","TRISTAR STONECREST MEDICAL CENTER","SMYRNA","TN","37167","short_term_acute","75","cms_pos"
"440228","SAINT FRANCIS BARTLETT MEDICAL CENTER","BARTLETT","TN","38133","short_term_acute","196","cms_pos"
"440231","TRUSTPOINT HOSPITAL","MURFREESBORO","TN","37129","short_term_acute","86","cms_pos"
"440238","HAYWOOD COUNTY COMMUNITY HOSPITAL","BROWNSVILLE","TN","38012","short_term_acute","9","cms_pos"
"440779","TRISTAR ASHLAND CITY MEDICAL CENTER","ASHLAND CITY","TN","37015","rural_emergency","12","cms_pos"
"440780","WAYNE MEDICAL CENTER","WAYNESBORO","TN","38485","rural_emergency","1","cms_pos"
"441300","ASCENSION SAINT THOMAS HICKMAN","CENTERVILLE","TN","37033","critical_access","25","cms_pos"
"441301","HIGHPOINT HEALTH-TROUSDALE WITH ASCENSION SAINT","HARTSVILLE","TN","37074","critical_access","25","cms_pos"
"441303","ASCENSION SAINT THOMAS THREE RIVERS","WAVERLY","TN","37185","critical_access","25","cms_pos"
"441304","JOHNSON COUNTY COMMUNITY HOSPITAL","MOUNTAIN CITY","TN","37683","critical_access","2","cms_pos"
"441305","MACON COMMUNITY HOSPITAL","LAFAYETTE","TN","37083","critical_access","25","cms_pos"
"441306","ERLANGER BLEDSOE HOSPITAL","PIKEVILLE","TN","37367","critical_access","31","cms_pos"
"441307","HIGHPOINT HEALTH-RIVERVIEW WITH ASCENSION SAINT TH","CARTHAGE","TN","37030","critical_access","35","cms_pos"
"441309","MARSHALL MEDICAL CENTER","LEWISBURG","TN","37091","critical_access","25","cms_pos"
"441310","RHEA MEDICAL CENTER","DAYTON","TN","37321","critical_access","25","cms_pos"
"441313","HANCOCK COUNTY HOSPITAL","SNEEDVILLE","TN","37869","critical_access","10","cms_pos"
"441314","LAUDERDALE COMMUNITY HOSPITAL","RIPLEY","TN","38063","critical_access","25","cms_pos"
"441316","WEST TENNESSEE HEALTHCARE CAMDEN HOSPITAL","CAMDEN","TN","38320","critical_access","25","cms_pos"
"441320","WEST TENNESSEE HEALTHCARE BOLIVAR HOSPITAL","BOLIVAR","TN","38008","critical_access","25","cms_pos"
"441322","HOUSTON COUNTY COMMUNITY HOSPITAL","ERIN","TN","37061","critical_access","25","cms_pos"
"441323","BIG SOUTH FORK MEDICAL CENTER","ONEIDA","TN","37841","critical_access","25","cms_pos"
"441325","PERRY COMMUNITY HOSPITAL","LINDEN","TN","37096","critical_access","25","cms_pos"
"442007","KINDRED HOSPITAL - CHATTANOOGA","CHATTANOOGA","TN","37402","long_term_care","49","cms_pos"
"442010","SELECT SPECIALTY HOSPITAL- MEMPHIS EAST","MEMPHIS","TN","38120","long_term_care","30","cms_pos"
"442011","SELECT SPECIALTY HOSPITAL-NASHVILLE","NASHVILLE","TN","37203","long_term_care","70","cms_pos"
"442014","SELECT SPECIALTY HOSPITAL MEMPHIS","MEMPHIS","TN","38104","long_term_care","30","cms_pos"
"442015","SELECT SPECIALTY HOSPITAL-NORTH KNOXVILLE","POWELL","TN","37849","long_term_care","68","cms_pos"
"442016","SELECT SPECIALTY HOSPITAL-TRICITIES","BRISTOL","TN","37620","long_term_care","33","cms_pos"
"442017","REGIONAL ONE HEALTH EXTENDED CARE HOSPITAL","MEMPHIS","TN","38103","long_term_care","30","cms_pos"
"442018","SELECT SPECIALTY HOSPITAL - WEST TENNESSEE","JACKSON","TN","38301","long_term_care","50","cms_pos"
"443025","SISKIN HOSPITAL FOR PHYSICAL REHABILITATION","CHATTANOOGA","TN","37403","rehabilitation","88","cms_pos"
"443027","REHABILITATION HOSPITAL OF KINGSPORT, A JOINT VENT","KINGSPORT","TN","37660","rehabilitation","50","cms_pos"
"443028","VANDERBILT STALLWORTH REHAB HOSPITAL","NASHVILLE","TN","37212","rehabilitation","80","cms_pos"
"443029","ENCOMPASS HEALTH REHABILITIATION HOSPITAL OF MEMPH","MEMPHIS","TN","38104","rehabilitation","80","cms_pos"
"443030","WEST TENNESSEE HEALTHCARE REHABILITATION HOSPITAL","MARTIN","TN","38237","rehabilitation","40","cms_pos"
"443031","ENCOMPASS HEALTH METHODIST REHABILITATION HOSPITAL","MEMPHIS","TN","38128","rehabilitation","40","cms_pos"
"443032","ENCOMPASS HEALTH REHABILITATION HOSPITAL OF CHATTA","CHATTANOOGA","TN","37404","rehabilitation","69","cms_pos"
"443033","QUILLEN REHABILITATION HOSPITAL, AJV OF BALLAD HLT","JOHNSON CITY","TN","37601","rehabilitation","36","cms_pos"
"443034","BAPTIST MEMORIAL REHABILITATION HOSPITAL","GERMANTOWN","TN","38138","rehabilitation","49","cms_pos"
"443035","ENCOMPASS HEALTH REHABILITATION HOSPITAL OF FRANKL","FRANKLIN","TN","37067","rehabilitation","40","cms_pos"
"443036","WEST TENNESSEE HEALTHCARE REHABILITATION HOSPTIAL","JACKSON","TN","38301","rehabilitation","48","cms_pos"
"443037","KNOXVILLE REHABILITATION HOSPITAL","KNOXVILLE","TN","37909","rehabilitation","57","cms_pos"
"443038","ASCENSION SAINT THOMAS REHABILITATION HOSPITAL","NASHVILLE","TN","37203","rehabilitation","40","cms_pos"
"443039","PATRICIA NEAL REHABILITATION HOSPITAL","KNOXVILLE","TN","37922","rehabilitation","73","cms_pos"
"443302","ST JUDE CHILDRENS RESEARCH HOSPITAL","MEMPHIS","TN","38105","childrens","78","cms_pos"
"443303","EAST TENNESSEE CHILDRENS HOSPITAL","KNOXVILLE","TN","37916","childrens","122","cms_pos"
"444001","MEMPHIS MENTAL HEALTH INSTITUTE","MEMPHIS","TN","38103","psychiatric","135","cms_pos"
"444002","MOCCASSIN BEND MENTAL HEALTH INSTITUTE","CHATTANOOGA","TN","37405","psychiatric","172","cms_pos"
"444003","RIDGEVIEW PSYCHIATRIC HOSPITAL AND CENTER","OAK RIDGE","TN","37830","psychiatric","16","cms_pos"
"444004","LAKESIDE BEHAVIORAL HEALTH SYSTEM","MEMPHIS","TN","38133","psychiatric","290","cms_pos"
"444005","UNITY PSYCHIATRIC CARE-MARTIN","MARTIN","TN","38237","psychiatric","16","cms_pos"
"444007","ROLLING HILLS PSYCHIATRIC HOSPITAL","FRANKLIN","TN","37067","psychiatric","80","cms_pos"
"444008","WESTERN MENTAL HEALTH INSTITUTE","BOLIVAR","TN","38008","psychiatric","247","cms_pos"
"444010","PATHWAYS OF TENNESSEE, INC","JACKSON","TN","38301","psychiatric","25","cms_pos"
"444014","MIDDLE TN MENTAL HEALTH INSTITUTE","NASHVILLE","TN","37214","psychiatric","100","cms_pos"
"444019","UNITY PSYCHIATRIC CARE-CLARKSVILLE","CLARKSVILLE","TN","37040","psychiatric","26","cms_pos"
"444021","UNITY PSYCHIATRIC CARE-COLUMBIA","COLUMBIA","TN","38401","psychiatric","16","cms_pos"
"444023","PERIMETER BEHAVIORAL CENTER OF JACKSON","JACKSON","TN","38305","psychiatric","16","cms_pos"
"444024","UNITY PSYCHIATRIC CARE-MEMPHIS","MEMPHIS","TN","38107","psychiatric","16","cms_pos"
"444025","CRESTWYN BEHAVIORAL HEALTH","MEMPHIS","TN","38125","psychiatric","60","cms_pos"
"444026","ERLANGER BEHAVIORAL HOSPITAL, LLC","CHATTANOOGA","TN","37404","psychiatric","88","cms_pos"
"444027","CREEKSIDE BEHAVIORAL HEALTH","KINGSPORT","TN","37660","psychiatric","72","cms_pos"
"444029","PINEWOOD SPRINGS","COLUMBIA","TN","38401","psychiatric","60","cms_pos"
"444030","ASCENSION SAINT THOMAS BEHAVIORAL HEALTH HOSPITAL","NASHVILLE","TN","37228","psychiatric","76","cms_pos"
"444031","KNOXVILLE CENTER FOR BEHAVIORAL MEDICINE","KNOXVILLE","TN","37909","psychiatric","64","cms_pos"
"444032","EAST TENNESSEE BEHAVIORAL HEALTH","KNOXVILLE","TN","37909","psychiatric","90","cms_pos"
"444033","COMPASS INTERVENTION CENTER","MEMPHIS","TN","38125","psychiatric","40","cms_pos"
"450002","THE HOSPITALS OF PROVIDENCE MEMORIAL CAMPUS","EL PASO","TX","79902","short_term_acute","486","cms_pos"
"450007","PETERSON REGIONAL MEDICAL CENTER","KERRVILLE","TX","78028","short_term_acute","124","cms_pos"
"450010","UNITED REGIONAL HEALTH CARE SYSTEM","WICHITA FALLS","TX","76301","short_term_acute","565","cms_pos"
"450011","CHI ST JOSEPH HEALTH REGIONAL HOSPITAL","BRYAN","TX","77802","short_term_acute","316","cms_pos"
"450015","PARKLAND HEALTH AND HOSPITAL SYSTEM","DALLAS","TX","75235","short_term_acute","968","cms_pos"
"450018","UNIVERSITY OF TEXAS MEDICAL BRANCH","GALVESTON","TX","77555","short_term_acute","1236","cms_pos"
"450021","BAYLOR UNIVERSITY MEDICAL CENTER","DALLAS","TX","75246","short_term_acute","914","cms_pos"
"450023","CITIZENS MEDICAL CENTER","VICTORIA","TX","77901","short_term_acute","265","cms_pos"
"450024","UNIVERSITY MEDICAL CENTER OF EL PASO","EL PASO","TX","79905","short_term_acute","354","cms_pos"
"450028","VALLEY BAPTIST MEDICAL CENTER- BROWNSVILLE","BROWNSVILLE","TX","78520","short_term_acute","240","cms_pos"
"450029","LAREDO MEDICAL CENTER","LAREDO","TX","78044","short_term_acute","326","cms_pos"
"450032","CHRISTUS GOOD SHEPHERD MEDICAL CENTER","LONGVIEW","TX","75601","short_term_acute","574","cms_pos"
"450033","VHS HARLINGEN HOSPITAL COMPANY LLC","HARLINGEN","TX","78550","short_term_acute","578","cms_pos"
"450034","CHRISTUS SOUTHEAST TEXAS- ST ELIZABETH","BEAUMONT","TX","77702","short_term_acute","487","cms_pos"
"450035","ST JOSEPH MEDICAL CENTER","HOUSTON","TX","77002","short_term_acute","792","cms_pos"
"450039","JPS HEALTH NETWORK","FORT WORTH","TX","76104","short_term_acute","612","cms_pos"
"450040","COVENANT MEDICAL CENTER","LUBBOCK","TX","79410","short_term_acute","470","cms_pos"
"450042","ASCENSION PROVIDENCE","WACO","TX","76712","short_term_acute","237","cms_pos"
"450044","UT SOUTHWESTERN UNIVERSITY HOSPITAL","DALLAS","TX","75390","short_term_acute","826","cms_pos"
"450046","CHRISTUS SPOHN HOSPITAL CORPUS CHRISTI","CORPUS CHRISTI","TX","78404","short_term_acute","1040","cms_pos"
"450051","METHODIST DALLAS MEDICAL CENTER","DALLAS","TX","75203","short_term_acute","478","cms_pos"
"450054","BAYLOR SCOTT & WHITE MEDICAL  CENTER - TEMPLE","TEMPLE","TX","76508","short_term_acute","653","cms_pos"
"450055","ROLLING PLAINS MEMORIAL HOSPITAL","SWEETWATER","TX","79556","short_term_acute","85","cms_pos"
"450056","ASCENSION SETON MEDICAL CENTER AUSTIN","AUSTIN","TX","78705","short_term_acute","521","cms_pos"
"450058","BAPTIST MEDICAL CENTER","SAN ANTONIO","TX","78205","short_term_acute","1285","cms_pos"
"450064","TEXAS HEALTH ARLINGTON MEMORIAL HOSPITAL","ARLINGTON","TX","76012","short_term_acute","369","cms_pos"
"450068","MEMORIAL HERMANN TEXAS MEDICAL CENTER","HOUSTON","TX","77030","short_term_acute","1220","cms_pos"
"450072","CHI ST LUKE'S HEALTH BRAZOSPORT","LAKE JACKSON","TX","77566","short_term_acute","165","cms_pos"
"450076","UNIVERSITY OF TEXAS M D ANDERSON CANCER CENTER","HOUSTON","TX","77030","short_term_acute","666","cms_pos"
"450079","BAYLOR SCOTT AND WHITE MEDICAL CENTER  IRVING","IRVING","TX","75061","short_term_acute","288","cms_pos"
"450080","TITUS REGIONAL MEDICAL CENTER","MOUNT PLEASANT","TX","75455","short_term_acute","165","cms_pos"
"450082","CHRISTUS SPOHN HOSPITAL BEEVILLE","BEEVILLE","TX","78102","short_term_acute","69","cms_pos"
"450083","UT HEALTH EAST TEXAS TYLER REGIONAL HOSPITAL","TYLER","TX","75701","short_term_acute","432","cms_pos"
"450087","MEDICAL CITY NORTH HILLS","NORTH RICHLAND HILLS","TX","76180","short_term_acute","140","cms_pos"
"450090","NORTH TEXAS MEDICAL CENTER","GAINESVILLE","TX","76240","short_term_acute","60","cms_pos"
"450092","FORT DUNCAN MEDICAL CENTER","EAGLE PASS","TX","78852","short_term_acute","101","cms_pos"
"450097","HCA HOUSTON HEALTHCARE SOUTHEAST","PASADENA","TX","77504","short_term_acute","481","cms_pos"
"450101","BAYLOR SCOTT & WHITE MEDICAL CENTER - HILLCREST","WACO","TX","76712","short_term_acute","260","cms_pos"
"450102","CHRISTUS MOTHER FRANCES HOSPITAL","TYLER","TX","75701","short_term_acute","612","cms_pos"
"450104","GUADALUPE REGIONAL MEDICAL CENTER","SEGUIN","TX","78155","short_term_acute","153","cms_pos"
"450107","LAS PALMAS MEDICAL CENTER A CAMPUS OF LPDS HEALTHC","EL PASO","TX","79902","short_term_acute","642","cms_pos"
"450108","CONNALLY MEMORIAL MEDICAL CENTER","FLORESVILLE","TX","78114","short_term_acute","44","cms_pos"
"450119","SOUTH TEXAS HEALTH SYSTEM BEHAVIORAL","EDINBURG","TX","78539","short_term_acute","870","cms_pos"
"450124","DELL SETON  MED CENTER AT THE UNIVERSITY OF TX","AUSTIN","TX","78701","short_term_acute","240","cms_pos"
"450128","KNAPP MEDICAL CENTER","WESLACO","TX","78596","short_term_acute","233","cms_pos"
"450132","MEDICAL CENTER HOSPITAL","ODESSA","TX","79761","short_term_acute","402","cms_pos"
"450133","MIDLAND MEMORIAL HOSPITAL","MIDLAND","TX","79701","short_term_acute","540","cms_pos"
"450135","TEXAS HEALTH HARRIS METHODIST FORT WORTH","FORT WORTH","TX","76104","short_term_acute","764","cms_pos"
"450137","BAYLOR SCOTT AND WHITE ALL SAINTS MEDICAL CENTER","FORT WORTH","TX","76104","short_term_acute","538","cms_pos"
"450144","PERMIAN REGIONAL MEDICAL CENTER ANDREWS COUNTY HO","ANDREWS","TX","79714","short_term_acute","36","cms_pos"
"450147","DETAR HEALTHCARE SYSTEM","VICTORIA","TX","77901","short_term_acute","278","cms_pos"
"450148","TEXAS HEALTH HARRIS METHODIST HOSPITAL CLEBURNE","CLEBURNE","TX","76033","short_term_acute","137","cms_pos"
"450152","ADVENTHEALTH CENTRAL TEXAS","KILLEEN","TX","76542","short_term_acute","232","cms_pos"
"450154","VAL VERDE REGIONAL MEDICAL CENTER","DEL RIO","TX","78840","short_term_acute","93","cms_pos"
"450155","HEREFORD REGIONAL MEDICAL CENTER","HEREFORD","TX","79045","short_term_acute","42","cms_pos"
"450162","GRACE SURGICAL HOSPITAL","LUBBOCK","TX","79412","short_term_acute","123","cms_pos"
"450163","CHRISTUS SPOHN HOSPITAL KLEBERG","KINGSVILLE","TX","78363","short_term_acute","96","cms_pos"
"450165","METHODIST HOSPITAL | ATASCOSA","JOURDANTON","TX","78026","short_term_acute","67","cms_pos"
"450176","MISSION REGIONAL MEDICAL CENTER","MISSION","TX","78572","short_term_acute","297","cms_pos"
"450184","MEMORIAL HERMANN HOSPITAL SYSTEM","HOUSTON","TX","77008","short_term_acute","1515","cms_pos"
"450193","CHI ST LUKE'S HEALTH BAYLOR COLLEGE OF MEDICINE ME","HOUSTON","TX","77030","short_term_acute","881","cms_pos"
"450194","UT HEALTH EAST TEXAS JACKSONVILLE HOSPITAL","JACKSONVILLE","TX","75766","short_term_acute","74","cms_pos"
"450196","PARIS REGIONAL HEALTH","PARIS","TX","75460","short_term_acute","368","cms_pos"
"450203","MEDICAL CITY WEATHERFORD","WEATHERFORD","TX","76086","short_term_acute","103","cms_pos"
"450209","NORTHWEST TEXAS HOSPITAL","AMARILLO","TX","79106","short_term_acute","495","cms_pos"
"450210","UT HEALTH EAST TEXAS CARTHAGE HOSPITAL","CARTHAGE","TX","75633","short_term_acute","42","cms_pos"
"450211","CHI ST LUKES HEALTH MEMORIAL LUFKIN","LUFKIN","TX","75901","short_term_acute","279","cms_pos"
"450213","UNIVERSITY HEALTH SYSTEM","SAN ANTONIO","TX","78229","short_term_acute","1034","cms_pos"
"450222","HCA HOUSTON HEALTHCARE CONROE","CONROE","TX","77304","short_term_acute","328","cms_pos"
"450229","HENDRICK MEDICAL CENTER","ABILENE","TX","79601","short_term_acute","615","cms_pos"
"450231","BSA HOSPITAL","AMARILLO","TX","79106","short_term_acute","445","cms_pos"
"450235","MEMORIAL HOSPITAL","GONZALES","TX","78629","short_term_acute","35","cms_pos"
"450236","CHRISTUS MOTHER FRANCES HOSPITAL SULPHUR SPRINGS","SULPHUR SPRINGS","TX","75482","short_term_acute","96","cms_pos"
"450237","CHRISTUS SANTA ROSA MEDICAL CENTER","SAN ANTONIO","TX","78251","short_term_acute","601","cms_pos"
"450241","FAITH COMMUNITY HOSPITAL","JACKSBORO","TX","76458","short_term_acute","41","cms_pos"
"450253","BELLVILLE MEDICAL CENTER","BELLVILLE","TX","77418","short_term_acute","32","cms_pos"
"450272","CHRISTUS SANTA ROSA HOSPITAL-SAN MARCOS","SAN MARCOS","TX","78666","short_term_acute","302","cms_pos"
"450289","HARRIS HEALTH","HOUSTON","TX","77030","short_term_acute","975","cms_pos"
"450292","TEXAS HEALTH PRESBYTERIAN HOSPITAL KAUFMAN","KAUFMAN","TX","75142","short_term_acute","91","cms_pos"
"450324","TEXOMA MEDICAL CENTER","DENISON","TX","75020","short_term_acute","414","cms_pos"
"450330","OAKBEND MEDICAL CENTER","RICHMOND","TX","77469","short_term_acute","168","cms_pos"
"450346","BAPTIST BEAUMONT HOSPITAL","BEAUMONT","TX","77701","short_term_acute","483","cms_pos"
"450347","HUNTSVILLE MEMORIAL HOSPITAL","HUNTSVILLE","TX","77340","short_term_acute","144","cms_pos"
"450351","TEXAS HEALTH HARRIS METHODIST HOSPITAL STEPHENVILL","STEPHENVILLE","TX","76401","short_term_acute","97","cms_pos"
"450352","HUNT REGIONAL HEALTHCARE","GREENVILLE","TX","75401","short_term_acute","192","cms_pos"
"450358","HOUSTON METHODIST HOSPITAL","HOUSTON","TX","77030","short_term_acute","1299","cms_pos"
"450369","CHILDRESS REGIONAL MEDICAL CENTER","CHILDRESS","TX","79201","short_term_acute","39","cms_pos"
"450370","COLUMBUS COMMUNITY HOSPITAL","COLUMBUS","TX","78934","short_term_acute","40","cms_pos"
"450372","BAYLOR SCOTT & WHITE MEDICAL CENTER- WAXAHACHIE","WAXAHACHIE","TX","75165","short_term_acute","134","cms_pos"
"450379","DALLAS MEDICAL CENTER","DALLAS","TX","75234","short_term_acute","155","cms_pos"
"450388","METHODIST HOSPITAL","SAN ANTONIO","TX","78229","short_term_acute","2465","cms_pos"
"450389","UT HEALTH EAST TEXAS ATHENS HOSPITAL","ATHENS","TX","75751","short_term_acute","127","cms_pos"
"450395","CHI ST LUKES HEALTH MEMORIAL LIVINGSTON","LIVINGSTON","TX","77351","short_term_acute","66","cms_pos"
"450399","BROWNFIELD REGIONAL MEDICAL CENTER","BROWNFIELD","TX","79316","short_term_acute","48","cms_pos"
"450400","PARKVIEW REGIONAL HOSPITAL","MEXIA","TX","76667","short_term_acute","59","cms_pos"
"450403","MEDICAL CITY MCKINNEY","MCKINNEY","TX","75069","short_term_acute","225","cms_pos"
"450419","TEXAS HEALTH HARRIS METHODIST HOSPITAL AZLE","AZLE","TX","76020","short_term_acute","36","cms_pos"
"450422","BAYLOR SCOTT AND WHITE MEDICAL CENTER UPTOWN","DALLAS","TX","75204","short_term_acute","28","cms_pos"
"450424","HOUSTON METHODIST BAYTOWN HOSPITAL","BAYTOWN","TX","77521","short_term_acute","230","cms_pos"
"450431","ST DAVID'S MEDICAL CENTER","AUSTIN","TX","78705","short_term_acute","625","cms_pos"
"450447","NAVARRO REGIONAL HOSPITAL","CORSICANA","TX","75110","short_term_acute","162","cms_pos"
"450451","GLEN ROSE MEDICAL CENTER","GLEN ROSE","TX","76043","short_term_acute","16","cms_pos"
"450460","TYLER COUNTY HOSPITAL","WOODVILLE","TX","75979","short_term_acute","25","cms_pos"
"450462","TEXAS HEALTH PRESBYTERIAN HOSPITAL  DALLAS","DALLAS","TX","75231","short_term_acute","866","cms_pos"
"450465","MATAGORDA REGIONAL MEDICAL CENTER","BAY CITY","TX","77414","short_term_acute","58","cms_pos"
"450469","AHS SHERMAN MEDICAL CENTER","SHERMAN","TX","75091","short_term_acute","241","cms_pos"
"450475","UT HEALTH EAST TEXAS HENDERSON HOSPITAL","HENDERSON","TX","75652","short_term_acute","158","cms_pos"
"450484","WOODLAND HEIGHTS MEDICAL CENTER","LUFKIN","TX","75904","short_term_acute","117","cms_pos"
"450489","MEDICAL ARTS HOSPITAL","LAMESA","TX","79331","short_term_acute","21","cms_pos"
"450508","NACOGDOCHES MEMORIAL HOSPITAL","NACOGDOCHES","TX","75961","short_term_acute","231","cms_pos"
"450518","HSA PORT ARTHUR, LLC","PORT ARTHUR","TX","77640","short_term_acute","216","cms_pos"
"450537","METHODIST RICHARDSON MEDICAL CENTER","RICHARDSON","TX","75082","short_term_acute","518","cms_pos"
"450539","COVENANT HOSPITAL PLAINVIEW","PLAINVIEW","TX","79072","short_term_acute","100","cms_pos"
"450563","BAYLOR SCOTT & WHITE MEDICAL CENTER  GRAPEVINE","GRAPEVINE","TX","76051","short_term_acute","273","cms_pos"
"450565","PALO PINTO GENERAL HOSPITAL","MINERAL WELLS","TX","76067","short_term_acute","99","cms_pos"
"450571","SHANNON MEDICAL CENTER","SAN ANGELO","TX","76903","short_term_acute","616","cms_pos"
"450573","CHRISTUS JASPER MEMORIAL HOSPITAL","JASPER","TX","75951","short_term_acute","59","cms_pos"
"450584","WILBARGER GENERAL HOSPITAL","VERNON","TX","76384","short_term_acute","28","cms_pos"
"450587","HENDRICK MEDICAL CENTER BROWNWOOD","BROWNWOOD","TX","76801","short_term_acute","216","cms_pos"
"450596","LAKE GRANBURY MEDICAL CENTER","GRANBURY","TX","76048","short_term_acute","59","cms_pos"
"450597","CUERO REGIONAL HOSPITAL","CUERO","TX","77954","short_term_acute","49","cms_pos"
"450604","METHODIST HOSPITAL HILL COUNTRY","FREDERICKSBURG","TX","78624","short_term_acute","84","cms_pos"
"450610","MEMORIAL HERMANN MEMORIAL CITY MEDICAL CENTER","HOUSTON","TX","77024","short_term_acute","821","cms_pos"
"450617","HCA HOUSTON HEALTHCARE CLEAR LAKE","WEBSTER","TX","77598","short_term_acute","528","cms_pos"
"450634","MEDICAL CITY DENTON","DENTON","TX","76210","short_term_acute","208","cms_pos"
"450638","HCA HOUSTON HEALTHCARE NORTHWEST","HOUSTON","TX","77090","short_term_acute","423","cms_pos"
"450639","TEXAS HEALTH HEB","BEDFORD","TX","76022","short_term_acute","286","cms_pos"
"450641","NOCONA GENERAL HOSPITAL","NOCONA","TX","76255","short_term_acute","38","cms_pos"
"450643","DOCTORS HOSPITAL OF LAREDO","LAREDO","TX","78041","short_term_acute","183","cms_pos"
"450644","HCA HOUSTON HEALTHCARE WEST","HOUSTON","TX","77082","short_term_acute","302","cms_pos"
"450647","MEDICAL CITY DALLAS","DALLAS","TX","75230","short_term_acute","963","cms_pos"
"450651","MEDICAL CITY PLANO","PLANO","TX","75075","short_term_acute","611","cms_pos"
"450653","SHANNON MEDICAL CENTER","BIG SPRING","TX","79720","short_term_acute","146","cms_pos"
"450654","STARR COUNTY MEMORIAL HOSPITAL","RIO GRANDE CITY","TX","78582","short_term_acute","48","cms_pos"
"450656","NACOGDOCHES MEDICAL CENTER","NACOGDOCHES","TX","75965","short_term_acute","150","cms_pos"
"450658","FREESTONE MEDICAL CENTER","FAIRFIELD","TX","75840","short_term_acute","37","cms_pos"
"450659","HCA HOUSTON HEALTHCARE MEDICAL CENTER","HOUSTON","TX","77004","short_term_acute","508","cms_pos"
"450661","ODESSA REGIONAL MEDICAL CENTER","ODESSA","TX","79761","short_term_acute","230","cms_pos"
"450662","VALLEY REGIONAL MEDICAL CENTER","BROWNSVILLE","TX","78526","short_term_acute","214","cms_pos"
"450668","SIERRA MEDICAL CENTER","EL PASO","TX","79902","short_term_acute","283","cms_pos"
"450669","MEDICAL CITY LEWISVILLE","LEWISVILLE","TX","75057","short_term_acute","202","cms_pos"
"450670","HCA HOUSTON HEALTHCARE TOMBALL","TOMBALL","TX","77375","short_term_acute","289","cms_pos"
"450672","MEDICAL CITY FORT WORTH","FORT WORTH","TX","76104","short_term_acute","320","cms_pos"
"450674","WOMANS HOSPITAL OF TEXAS,THE","HOUSTON","TX","77054","short_term_acute","407","cms_pos"
"450675","MEDICAL CITY ARLINGTON","ARLINGTON","TX","76015","short_term_acute","420","cms_pos"
"450677","TEXAS HEALTH HUGULEY HOSPITAL FORT WORTH SOUTH","BURLESON","TX","76028","short_term_acute","232","cms_pos"
"450678","WHITE ROCK MEDICAL CENTER","DALLAS","TX","75218","short_term_acute","232","cms_pos"
"450684","MEMORIAL HERMANN NORTHEAST HOSPITAL","HUMBLE","TX","77338","short_term_acute","257","cms_pos"
"450686","UNIVERSITY MEDICAL CENTER","LUBBOCK","TX","79415","short_term_acute","503","cms_pos"
"450688","DALLAS REGIONAL MEDICAL CENTER","MESQUITE","TX","75149","short_term_acute","172","cms_pos"
"450690","UNIVERSITY OF TEXAS HEALTH SCIENCE CENTER AT TYLER","TYLER","TX","75708","short_term_acute","284","cms_pos"
"450694","EL CAMPO MEMORIAL HOSPITAL","EL CAMPO","TX","77437","short_term_acute","49","cms_pos"
"450698","LAMB HEALTHCARE CENTER","LITTLEFIELD","TX","79339","short_term_acute","75","cms_pos"
"450702","LONGVIEW REGIONAL MEDICAL CENTER","LONGVIEW","TX","75605","short_term_acute","230","cms_pos"
"450709","HOUSTON METHODIST CLEAR LAKE HOSPITAL","NASSAU BAY","TX","77058","short_term_acute","178","cms_pos"
"450711","RIO GRANDE REGIONAL HOSPITAL","MCALLEN","TX","78503","short_term_acute","320","cms_pos"
"450713","ST DAVID'S SOUTH AUSTIN MEDICAL CENTER","AUSTIN","TX","78704","short_term_acute","363","cms_pos"
"450718","ROUND ROCK MEDICAL CENTER","ROUND ROCK","TX","78681","short_term_acute","209","cms_pos"
"450723","METHODIST CHARLTON MEDICAL CENTER","DALLAS","TX","75237","short_term_acute","285","cms_pos"
"450730","CARROLLTON REGIONAL MEDICAL CENTER","CARROLLTON","TX","75010","short_term_acute","216","cms_pos"
"450742","BAYLOR SCOTT AND WHITE MEDICAL CENTER LAKE POINTE","ROWLETT","TX","75088","short_term_acute","148","cms_pos"
"450743","TEXAS HEALTH PRESBYTERIAN HOSPITAL DENTON","DENTON","TX","76201","short_term_acute","255","cms_pos"
"450747","PALESTINE REGIONAL MEDICAL CENTER","PALESTINE","TX","75801","short_term_acute","161","cms_pos"
"450755","COVENANT HOSPITAL LEVELLAND","LEVELLAND","TX","79336","short_term_acute","48","cms_pos"
"450771","TEXAS HEALTH PRESBYTERIAN HOSPITAL PLANO","PLANO","TX","75093","short_term_acute","339","cms_pos"
"450774","TOPS SURGICAL SPECIALTY HOSPITAL","HOUSTON","TX","77090","short_term_acute","15","cms_pos"
"450775","HCA HOUSTON HEALTHCARE KINGWOOD","KINGWOOD","TX","77325","short_term_acute","620","cms_pos"
"450779","TEXAS HEALTH HARRIS METHODIST HOSPITAL SOUTHWEST F","FORT WORTH","TX","76132","short_term_acute","630","cms_pos"
"450788","CORPUS CHRISTI MEDICAL CENTER,THE","CORPUS CHRISTI","TX","78411","short_term_acute","631","cms_pos"
"450801","CHRISTUS ST MICHAEL HEALTH SYSTEM","TEXARKANA","TX","75503","short_term_acute","724","cms_pos"
"450804","TEXAS ORTHOPEDIC HOSPITAL","HOUSTON","TX","77030","short_term_acute","42","cms_pos"
"450808","NORTHWEST HILLS SURGICAL HOSPITAL","AUSTIN","TX","78731","short_term_acute","8","cms_pos"
"450809","ST. DAVID'S NORTH AUSTIN MEDICAL CENTER","AUSTIN","TX","78758","short_term_acute","511","cms_pos"
"450820","HOUSTON METHODIST SUGARLAND HOSPITAL","SUGAR LAND","TX","77479","short_term_acute","340","cms_pos"
"450822","MEDICAL CITY LAS COLINAS","IRVING","TX","75039","short_term_acute","100","cms_pos"
"450825","CORNERSTONE REGIONAL HOSPITAL","EDINBURG","TX","78539","short_term_acute","14","cms_pos"
"450828","CHRISTUS SPOHN HOSPITAL ALICE","ALICE","TX","78332","short_term_acute","135","cms_pos"
"450831","SURGERY SPECIALTY HOSPITALS OF AMERICA SE HOUSTON","PASADENA","TX","77504","short_term_acute","37","cms_pos"
"450833","ENNIS REGIONAL MEDICAL CENTER","ENNIS","TX","75119","short_term_acute","60","cms_pos"
"450834","PHYSICIANS CENTRE,THE","BRYAN","TX","77802","short_term_acute","16","cms_pos"
"450840","TEXAS HEALTH PRESBYTERIAN HOSPITAL ALLEN","ALLEN","TX","75013","short_term_acute","29","cms_pos"
"450844","HOUSTON METHODIST WILLOWBROOK HOSPITAL","HOUSTON","TX","77070","short_term_acute","358","cms_pos"
"450847","MEMORIAL HERMANN KATY HOSPITAL","KATY","TX","77494","short_term_acute","294","cms_pos"
"450848","MEMORIAL HERMANN SUGAR LAND HOSPITAL","SUGAR LAND","TX","77479","short_term_acute","179","cms_pos"
"450851","BAYLOR SCOTT & WHITE  HEART AND VASCULAR HOSPITAL","DALLAS","TX","75226","short_term_acute","61","cms_pos"
"450853","BAYLOR MEDICAL CENTER AT FRISCO","FRISCO","TX","75034","short_term_acute","25","cms_pos"
"450855","HARLINGEN MEDICAL CENTER","HARLINGEN","TX","78550","short_term_acute","112","cms_pos"
"450856","SOUTH TEXAS SPINE AND SURGICAL HOSPITAL","SAN ANTONIO","TX","78258","short_term_acute","30","cms_pos"
"450860","SUGAR LAND SURGICAL HOSPITAL LLP","SUGAR LAND","TX","77479","short_term_acute","6","cms_pos"
"450862","ST LUKE'S THE WOODLANDS HOSPITAL","THE WOODLANDS","TX","77384","short_term_acute","241","cms_pos"
"450864","BAYLOR SCOTT & WHITE TEXAS SPINE & JOINT HOSPITAL","TYLER","TX","75701","short_term_acute","18","cms_pos"
"450865","ASCENSION SETON  SOUTHWEST","AUSTIN","TX","78737","short_term_acute","28","cms_pos"
"450867","ASCENSION SETON NORTHWEST","AUSTIN","TX","78759","short_term_acute","124","cms_pos"
"450869","DOCTORS HOSPITAL AT RENAISSANCE","EDINBURG","TX","78539","short_term_acute","583","cms_pos"
"450872","USMD HOSPITAL AT ARLINGTON L P","ARLINGTON","TX","76017","short_term_acute","34","cms_pos"
"450874","BAYLOR SCOTT AND WHITE SURGICAL HOSPITAL LAS COLIN","IRVING","TX","75063","short_term_acute","20","cms_pos"
"450875","QUAIL CREEK SURGICAL HOSPITAL","AMARILLO","TX","79124","short_term_acute","39","cms_pos"
"450876","LUBBOCK HEART HOSPITAL LP","LUBBOCK","TX","79416","short_term_acute","74","cms_pos"
"450880","BAYLOR SCOTT AND WHITE SURGICAL HOSPITAL FORTWORTH","FORT WORTH","TX","76110","short_term_acute","34","cms_pos"
"450883","BAYLOR MEDICAL CENTER AT TROPHY CLUB","TROPHY CLUB","TX","76262","short_term_acute","20","cms_pos"
"450885","BAYLOR SCOTT &  WHITE MEDICAL CENTER - CENTENNIAL","FRISCO","TX","75035","short_term_acute","118","cms_pos"
"450888","TEXAS HEALTH HARRIS METHODIST HOSPITAL SOUTHLAKE","SOUTHLAKE","TX","76092","short_term_acute","17","cms_pos"
"450889","TEXAS INSTITUTE FOR SURGERY AT PRESBYTERIAN HOSPIT","DALLAS","TX","75231","short_term_acute","9","cms_pos"
"450890","BAYLOR REGIONAL MEDICAL CENTER AT PLANO","PLANO","TX","75093","short_term_acute","160","cms_pos"
"450891","TEXAS HEALTH CENTER FOR DIAGNOSTICS & SURGERY PLAN","PLANO","TX","75093","short_term_acute","18","cms_pos"
"450893","THE HEART HOSPITAL BAYLOR DENTON","DENTON","TX","76208","short_term_acute","22","cms_pos"
"451300","PARMER COUNTY COMMUNITY HOSPITAL","FRIONA","TX","79035","critical_access","25","cms_pos"
"451301","REAGAN MEMORIAL HOSPITAL","BIG LAKE","TX","76932","critical_access","14","cms_pos"
"451303","LIMESTONE MEDICAL CENTER","GROESBECK","TX","76642","critical_access","20","cms_pos"
"451304","SCHLEICHER COUNTY MEDICAL CENTER","ELDORADO","TX","76936","critical_access","14","cms_pos"
"451305","BURLESON ST JOSEPH HEALTH CENTER","CALDWELL","TX","77836","critical_access","25","cms_pos"
"451306","KIMBLE HOSPITAL","JUNCTION","TX","76849","critical_access","15","cms_pos"
"451307","IRAAN GENERAL HOSPITAL DISTRICT","IRAAN","TX","79744","critical_access","14","cms_pos"
"451308","YOAKUM COUNTY HOSPITAL","DENVER CITY","TX","79323","critical_access","24","cms_pos"
"451309","MCCAMEY HOSPITAL","MCCAMEY","TX","79752","critical_access","14","cms_pos"
"451310","BALLINGER MEMORIAL HOSPITAL","BALLINGER","TX","76821","critical_access","25","cms_pos"
"451311","SWEENY COMMUNITY HOSPITAL","SWEENY","TX","77480","critical_access","20","cms_pos"
"451312","RICE MEDICAL CENTER","EAGLE LAKE","TX","77434","critical_access","25","cms_pos"
"451313","FISHER COUNTY HOSPITAL DISTRICT","ROTAN","TX","79546","critical_access","14","cms_pos"
"451314","WINKLER COUNTY MEMORIAL HOSPITAL","KERMIT","TX","79745","critical_access","25","cms_pos"
"451316","MADISON ST JOSEPH HEALTH CENTER","MADISONVILLE","TX","77864","critical_access","25","cms_pos"
"451317","REFUGIO COUNTY MEMORIAL HOSPITAL","REFUGIO","TX","78377","critical_access","20","cms_pos"
"451318","STONEWALL MEMORIAL HOSPITAL DISTRICT","ASPERMONT","TX","79502","critical_access","20","cms_pos"
"451319","CHRISTUS MOTHER FRANCES HOSPITAL- JACKSONVILLE","JACKSONVILLE","TX","75766","critical_access","25","cms_pos"
"451320","BAYSIDE COMMUNITY HOSPITAL","ANAHUAC","TX","77514","critical_access","14","cms_pos"
"451322","GRIMES ST JOSEPH HEALTH CENTER","NAVASOTA","TX","77868","critical_access","25","cms_pos"
"451323","ADVENTHEALTH ROLLINS BROOK","LAMPASAS","TX","76550","critical_access","25","cms_pos"
"451324","LILLIAN M HUDSPETH MEMORIAL HOSPITAL","SONORA","TX","76950","critical_access","12","cms_pos"
"451325","CONCHO COUNTY HOSPITAL","EDEN","TX","76837","critical_access","16","cms_pos"
"451328","RICELAND MEDICAL CENTER","WINNIE","TX","77665","critical_access","25","cms_pos"
"451329","RANKIN HOSPITAL MEDICAL CLINIC","RANKIN","TX","79778","critical_access","15","cms_pos"
"451330","MEDINA REGIONAL HOSPITAL","HONDO","TX","78861","critical_access","25","cms_pos"
"451331","COON MEMORIAL HOSPITAL","DALHART","TX","79022","critical_access","25","cms_pos"
"451332","PALACIOS COMMUNITY MEDICAL CENTER","PALACIOS","TX","77465","critical_access","17","cms_pos"
"451333","MARTIN COUNTY HOSPITAL DISTRICT","STANTON","TX","79782","critical_access","18","cms_pos"
"451334","PARKVIEW HOSPITAL","WHEELER","TX","79096","critical_access","16","cms_pos"
"451335","MUENSTER MEMORIAL HOSPITAL","MUENSTER","TX","76252","critical_access","18","cms_pos"
"451337","W J MANGOLD MEMORIAL HOSPITAL","LOCKNEY","TX","79241","critical_access","25","cms_pos"
"451338","CULBERSON HOSPITAL","VAN HORN","TX","79855","critical_access","25","cms_pos"
"451339","THROCKMORTON COUNTY MEMORIAL HOSPITAL","THROCKMORTON","TX","76483","critical_access","14","cms_pos"
"451340","SHAMROCK GENERAL HOSPITAL","SHAMROCK","TX","79079","critical_access","25","cms_pos"
"451341","HASKELL MEMORIAL HOSPITAL","HASKELL","TX","79521","critical_access","25","cms_pos"
"451342","MITCHELL COUNTY HOSPITAL DISTRICT","COLORADO CITY","TX","79512","critical_access","25","cms_pos"
"451343","ELECTRA MEMORIAL HOSPITAL","ELECTRA","TX","76360","critical_access","25","cms_pos"
"451344","HANSFORD COUNTY HOSPITAL","SPEARMAN","TX","79081","critical_access","14","cms_pos"
"451346","YOAKUM COMMUNITY HOSPITAL","YOAKUM","TX","77995","critical_access","23","cms_pos"
"451347","COLEMAN COUNTY MEDICAL CENTER COMPANY","COLEMAN","TX","76834","critical_access","25","cms_pos"
"451348","HEART OF TEXAS MEMORIAL HOSPITAL","BRADY","TX","76825","critical_access","25","cms_pos"
"451349","SWISHER MEMORIAL HOSPITAL","TULIA","TX","79088","critical_access","20","cms_pos"
"451350","PLAINS MEMORIAL HOSPITAL","DIMMITT","TX","79027","critical_access","25","cms_pos"
"451351","LYNN COUNTY HOSPITAL DISTRICT","TAHOKA","TX","79373","critical_access","24","cms_pos"
"451352","HARDEMAN COUNTY MEMORIAL HOSPITAL","QUANAH","TX","79252","critical_access","24","cms_pos"
"451353","CRANE COUNTY HOSPITAL DISTRICT","CRANE","TX","79731","critical_access","25","cms_pos"
"451354","HAMILTON HOSPITAL","OLNEY","TX","76374","critical_access","25","cms_pos"
"451355","COLLINGSWORTH GENERAL HOSPITAL","WELLINGTON","TX","79095","critical_access","16","cms_pos"
"451356","MEMORIAL MEDICAL CENTER","PORT LAVACA","TX","77979","critical_access","25","cms_pos"
"451358","MEMORIAL HOSPITAL","SEMINOLE","TX","79360","critical_access","25","cms_pos"
"451359","OCHILTREE GENERAL HOSPITAL","PERRYTON","TX","79070","critical_access","25","cms_pos"
"451361","SABINE COUNTY HOSPITAL","HEMPHILL","TX","75948","critical_access","25","cms_pos"
"451362","CLAY COUNTY MEMORIAL HOSPITAL","HENRIETTA","TX","76365","critical_access","25","cms_pos"
"451363","JACKSON HEALTHCARE CENTER","EDNA","TX","77957","critical_access","25","cms_pos"
"451364","OTTO KAISER MEMORIAL HOSPITAL","KENEDY","TX","78119","critical_access","25","cms_pos"
"451365","ASCENSION SETON HIGHLAND LAKES","BURNET","TX","78611","critical_access","25","cms_pos"
"451366","COCHRAN MEMORIAL HOSPITAL","MORTON","TX","79346","critical_access","18","cms_pos"
"451367","UT HEALTH EAST TEXAS PITTSBURG HOSPITAL","PITTSBURG","TX","75686","critical_access","25","cms_pos"
"451369","GOLDEN PLAINS COMMUNITY HOSPITAL","BORGER","TX","79007","critical_access","25","cms_pos"
"451370","TMC- BONHAM HOSPITAL","BONHAM","TX","75418","critical_access","25","cms_pos"
"451371","ASCENSION SETON EDGAR B DAVIS","LULING","TX","78648","critical_access","24","cms_pos"
"451372","MULESHOE AREA MEDICAL CENTER","MULESHOE","TX","79347","critical_access","25","cms_pos"
"451373","WARD MEMORIAL HOSPITAL","MONAHANS","TX","79756","critical_access","25","cms_pos"
"451374","BAYLOR SCOTT & WHITE MEDICAL CENTER -TAYLOR","TAYLOR","TX","76574","critical_access","25","cms_pos"
"451375","LIBERTY DAYTON REGIONAL MEDICAL CENTER","LIBERTY","TX","77575","critical_access","25","cms_pos"
"451376","LAVACA MEDICAL CENTER","HALLETTSVILLE","TX","77964","critical_access","25","cms_pos"
"451377","REEVES REGIONAL HEALTH","PECOS","TX","79772","critical_access","25","cms_pos"
"451378","BIG BEND REGIONAL MEDICAL CENTER","ALPINE","TX","79830","critical_access","25","cms_pos"
"451379","CORYELL MEMORIAL HOSPITAL","GATESVILLE","TX","76528","critical_access","25","cms_pos"
"451380","UT HEALTH EAST TEXAS QUITMAN HOSPITAL","QUITMAN","TX","75783","critical_access","25","cms_pos"
"451381","CHRISTUS MOTHER FRANCES HOSPITAL- WINNSBORO","WINNSBORO","TX","75494","critical_access","35","cms_pos"
"451382","COMANCHE COUNTY MEDICAL CENTER","COMANCHE","TX","76442","critical_access","38","cms_pos"
"451384","COGDELL MEMORIAL HOSPITAL","SNYDER","TX","79549","critical_access","25","cms_pos"
"451385","GOODALL WITCHER HOSPITAL","CLIFTON","TX","76634","critical_access","25","cms_pos"
"451386","MEMORIAL HOSPITAL","DUMAS","TX","79029","critical_access","60","cms_pos"
"451387","UVALDE MEMORIAL HOSPITAL","UVALDE","TX","78801","critical_access","25","cms_pos"
"451389","PECOS COUNTY MEMORIAL HOSPITAL","FORT STOCKTON","TX","79735","critical_access","25","cms_pos"
"451390","DIMMIT REGIONAL HOSPITAL","CARRIZO SPRINGS","TX","78834","critical_access","25","cms_pos"
"451391","FRIO REGIONAL HOSPITAL","PEARSALL","TX","78061","critical_access","22","cms_pos"
"451392","HAMILTON GENERAL HOSPITAL","HAMILTON","TX","76531","critical_access","34","cms_pos"
"451393","CROCKETT MEDICAL CENTER","CROCKETT","TX","75835","critical_access","25","cms_pos"
"451394","KNOX COUNTY HOSPITAL","KNOX CITY","TX","79529","critical_access","25","cms_pos"
"451395","HILL REGIONAL HOSPITAL","HILLSBORO","TX","76645","critical_access","25","cms_pos"
"451396","MID COAST MEDICAL CENTER - CENTRAL","LLANO","TX","78643","critical_access","25","cms_pos"
"451398","PAMPA REGIONAL MEDICAL CENTER","PAMPA","TX","79065","critical_access","25","cms_pos"
"451399","SEYMOUR HOSPITAL","SEYMOUR","TX","76380","critical_access","25","cms_pos"
"452016","KINDRED HOSPITAL SAN ANTONIO","SAN ANTONIO","TX","78229","long_term_care","59","cms_pos"
"452018","TEXAS HEALTH SPECIALTY HOSPITAL FORT WORTH","FORT WORTH","TX","76104","long_term_care","15","cms_pos"
"452022","SELECT SPECIALTY HOSPITAL-DALLAS","PLANO","TX","75093","long_term_care","60","cms_pos"
"452023","KINDRED HOSPITAL HOUSTON MEDICAL CENTER","HOUSTON","TX","77030","long_term_care","110","cms_pos"
"452028","KINDRED HOSPITAL-TARRANT COUNTY","ARLINGTON","TX","76011","long_term_care","80","cms_pos"
"452029","CONTINUECARE HOSPITAL AT HENDRICK MEDICAL CENTER","ABILENE","TX","79601","long_term_care","23","cms_pos"
"452032","CLEAR LAKE-AMG SPECIALTY HOSPITAL","WEBSTER","TX","77598","long_term_care","148","cms_pos"
"452034","CORNERSTONE SPECIALTY HOSPITALS ROUND ROCK","AUSTIN","TX","78756","long_term_care","54","cms_pos"
"452038","TEXAS NEURO REHABILITATION CENTER","AUSTIN","TX","78745","long_term_care","47","cms_pos"
"452039","KINDRED HOSPITAL HOUSTON NW","HOUSTON","TX","77065","long_term_care","158","cms_pos"
"452041","CARRUS SPECIALTY HOSPITAL","SHERMAN","TX","75092","long_term_care","33","cms_pos"
"452044","LIFECARE HOSPITALS OF NORTH TEXAS","CARROLLTON","TX","75010","long_term_care","206","cms_pos"
"452046","HOUSTON MEDICAL CENTER-AMG SPECIALTY HOSPITAL","HOUSTON","TX","77047","long_term_care","65","cms_pos"
"452059","PAM SPECIALTY HOSPITAL OF SAN ANTONIO MEDICAL CEN","SAN ANTONIO","TX","78240","long_term_care","62","cms_pos"
"452060","TEXAS SPECIALTY HOSPITAL","AMARILLO","TX","79124","long_term_care","54","cms_pos"
"452061","POST ACUTE MEDICAL SPECIALTY HOSPITAL OF TEXARKANA","TEXARKANA","TX","75503","long_term_care","49","cms_pos"
"452062","POST ACUTE MEDICAL AT LULING LLC","LULING","TX","78648","long_term_care","34","cms_pos"
"452068","SAGE SPECIALTY HOSPITAL OF WICHITA FALLS","WICHITA FALLS","TX","76301","long_term_care","31","cms_pos"
"452073","KINDRED HOSPITAL- SAN ANTONIO CENTRAL","SAN ANTONIO","TX","78205","long_term_care","44","cms_pos"
"452075","KINDRED HOSPITAL CLEAR LAKE","WEBSTER","TX","77598","long_term_care","147","cms_pos"
"452079","KINDRED HOSPTIAL EL PASO","EL PASO","TX","79902","long_term_care","72","cms_pos"
"452080","KINDRED HOSPITAL SUGAR LAND","SUGAR LAND","TX","77479","long_term_care","171","cms_pos"
"452083","MID-JEFFERSON EXTENDED CARE HOSPITAL","BEAUMONT","TX","77701","long_term_care","48","cms_pos"
"452086","POST ACUTE MEDICAL SPECIALTY HOSPITAL CORPUS CH","CORPUS CHRISTI","TX","78404","long_term_care","41","cms_pos"
"452090","PAM SPECIALTY HOSPITAL OF SAN ANTONIO","SAN ANTONIO","TX","78249","long_term_care","26","cms_pos"
"452091","LONGVIEW CONTINUECARE HOSPITAL","LONGVIEW","TX","75601","long_term_care","32","cms_pos"
"452094","PAM SPECIALTY HOSPITAL OF VICTORIA NORTH","VICTORIA","TX","77904","long_term_care","42","cms_pos"
"452095","SOLARA SPECIALTY HOSPITAL MCALLEN","MC ALLEN","TX","78503","long_term_care","53","cms_pos"
"452100","MESQUITE SPECIALTY HOSPITAL","MESQUITE","TX","75149","long_term_care","40","cms_pos"
"452101","SOLARA SPECIALTY HOSPITALS HARLINGEN","HARLINGEN","TX","78550","long_term_care","82","cms_pos"
"452102","COVENANT SPECIALTY HOSPITAL","LUBBOCK","TX","79410","long_term_care","56","cms_pos"
"452105","BAYLOR SCOTT & WHITE CONTINUING CARE HOSPITAL","TEMPLE","TX","76502","long_term_care","50","cms_pos"
"452106","WARM SPRINGS SPECIALTY HOSPITAL OF NEW BRAUNFELS","NEW BRAUNFELS","TX","78130","long_term_care","32","cms_pos"
"452107","CORNERSTONE HOSPITAL CONROE","CONROE","TX","77304","long_term_care","41","cms_pos"
"452108","KINDRED HOSPITAL DALLAS CENTRAL","DALLAS","TX","75231","long_term_care","60","cms_pos"
"452111","BAYLOR SCOTT WHITE THE HEART HOSPITAL CORINTH","DENTON","TX","76208","long_term_care","60","cms_pos"
"452114","ATRIUM MEDICAL CENTER","STAFFORD","TX","77477","long_term_care","68","cms_pos"
"452118","HOUSTON METHODIST CONTINUING CARE HOSPITAL","KATY","TX","77450","long_term_care","102","cms_pos"
"452121","CONTINUECARE HOSPITAL AT MEDICAL CENTER ODESSA","ODESSA","TX","79761","long_term_care","25","cms_pos"
"453025","TIRR MEMORIAL HERMANN","HOUSTON","TX","77030","rehabilitation","134","cms_pos"
"453029","ENCOMPASS HEALTH REHABILITATION HOSPITAL OF HUMBL","HUMBLE","TX","77338","rehabilitation","90","cms_pos"
"453031","ENCOMPASS HEALTH REHABILITATION HOSPITAL OF SAN AN","SAN ANTONIO","TX","78240","rehabilitation","108","cms_pos"
"453035","WARM SPRINGS REHAB HOSPITAL OF SAN ANTONIO LLC","SAN ANTONIO","TX","78229","rehabilitation","145","cms_pos"
"453036","BAYLOR SCOTT & WHITE INSTITUTE FOR REHABILITATION","DALLAS","TX","75246","rehabilitation","92","cms_pos"
"453040","ENCOMPASS HEALTH REHABILITATION HOSPITAL OF ARLING","ARLINGTON","TX","76015","rehabilitation","85","cms_pos"
"453042","ENCOMPASS HEALTH REHABILITATION HOSPITAL OF CITY","FORT WORTH","TX","76132","rehabilitation","77","cms_pos"
"453047","ENCOMPASS HEALTH REHABILITATION HOSPITAL OF PLANO","PLANO","TX","75075","rehabilitation","83","cms_pos"
"453048","PAM REHABILITATION HOSPITAL OF BEAUMONT","BEAUMONT","TX","77707","rehabilitation","61","cms_pos"
"453053","ENCOMPASS HEALTH REHABILITATION HOSPITAL OF TEXARK","TEXARKANA","TX","75501","rehabilitation","60","cms_pos"
"453054","ENCOMPASS HEALTH REHABILITATION HOSPITAL OF WICH","WICHITA FALLS","TX","76301","rehabilitation","84","cms_pos"
"453056","CHRISTUS TRINITY MOTHER FRANCES REHAB, A PARTNER O","TYLER","TX","75701","rehabilitation","94","cms_pos"
"453057","ENCOMPASS HEALTH REHABILITATION HOSPITAL OF MIDLAN","MIDLAND","TX","79707","rehabilitation","106","cms_pos"
"453059","ENCOMPASS HEALTH REHABILITATION HOSP OF THE WOODLA","CONROE","TX","77384","rehabilitation","84","cms_pos"
"453072","UT HEALTH EAST TEXAS REHABILITATION HOSPITAL","TYLER","TX","75701","rehabilitation","49","cms_pos"
"453091","WESLACO REGIONAL REHABILITATION HOSPITAL LLC","WESLACO","TX","78596","rehabilitation","24","cms_pos"
"453092","SOUTH TEXAS REHABILTATION HOSPITAL","BROWNSVILLE","TX","78526","rehabilitation","40","cms_pos"
"453300","COOK CHILDRENS MEDICAL CENTER","FORT WORTH","TX","76104","childrens","462","cms_pos"
"453301","DRISCOLL CHILDRENS HOSPITAL","CORPUS CHRISTI","TX","78411","childrens","189","cms_pos"
"453302","CHILDRENS MEDICAL CTR OF DALLAS","DALLAS","TX","75235","childrens","488","cms_pos"
"453304","TEXAS CHILDRENS HOSPITAL","HOUSTON","TX","77030","childrens","954","cms_pos"
"453306","COVENANT CHILDRENS HOSPITAL","LUBBOCK","TX","79410","childrens","221","cms_pos"
"453309","HEALTHBRIDGE CHILDRENS'S HOSPITAL OF HOUSTON","HOUSTON","TX","77082","childrens","40","cms_pos"
"453310","DELL CHILDREN'S MEDICAL CENTER","AUSTIN","TX","78723","childrens","299","cms_pos"
"453311","SHRINERS HOSPITALS FOR CHILDREN","GALVESTON","TX","77550","childrens","30","cms_pos"
"453313","EL PASO CHILDREN'S HOSPITAL","EL PASO","TX","79905","childrens","148","cms_pos"
"453314","TEXAS SCOTTISH RITE HOSPITAL FOR CHILDREN","DALLAS","TX","75219","childrens","100","cms_pos"
"453315","CHILDREN'S HOSPITAL OF SAN ANTONIO","SAN ANTONIO","TX","78207","childrens","652","cms_pos"
"453316","CHILDRENS MEDICAL CENTER PLANO","PLANO","TX","75024","childrens","212","cms_pos"
"453317","COOK CHILDRENS MEDICAL CENTER PROSPER","PROSPER","TX","75078","childrens","69","cms_pos"
"453318","NEXUS CHILDRENS HOSPITAL DALLAS","DALLAS","TX","75243","childrens","60","cms_pos"
"453319","TEXAS CHILDRENS HOSPITAL NORTH AUSTIN CAMPUS","AUSTIN","TX","78717","childrens","65","cms_pos"
"453321","DRISCOLL CHILDREN'S HOSPITAL RIO GRANDE VALLEY","EDINBURG","TX","78539","childrens","119","cms_pos"
"454000","BIG SPRING STATE HOSPITAL","BIG SPRING","TX","79721","psychiatric","160","cms_pos"
"454006","TERRELL STATE HOSPITAL","TERRELL","TX","75160","psychiatric","246","cms_pos"
"454008","NORTH TEXAS STATE HOSPITAL","WICHITA FALLS","TX","76308","psychiatric","354","cms_pos"
"454009","RUSK STATE HOSP","RUSK","TX","75785","psychiatric","380","cms_pos"
"454011","SAN ANTONIO STATE HOSPITAL","SAN ANTONIO","TX","78223","psychiatric","268","cms_pos"
"454012","MILLWOOD HOSPITAL","ARLINGTON","TX","76011","psychiatric","128","cms_pos"
"454018","RED RIVER HOSPITAL","WICHITA FALLS","TX","76301","psychiatric","96","cms_pos"
"454026","WEST OAKS HOSPITAL","HOUSTON","TX","77074","psychiatric","160","cms_pos"
"454050","GLEN OAKS HOSPITAL","GREENVILLE","TX","75401","psychiatric","54","cms_pos"
"454064","RIVER CREST HOSP","SAN ANGELO","TX","76901","psychiatric","80","cms_pos"
"454065","HICKORY TRAIL HOSPITAL","DESOTO","TX","75115","psychiatric","76","cms_pos"
"454076","JOHN S DUNN BEHAVIORAL SCIENCES CENTER AT UTHEALTH","HOUSTON","TX","77021","psychiatric","272","cms_pos"
"454079","MEDICAL CITY MENTAL HEALTH AND WELLNESS CENTER","FORT WORTH","TX","76177","psychiatric","88","cms_pos"
"454084","AUSTIN STATE HOSPITAL","AUSTIN","TX","78751","psychiatric","352","cms_pos"
"454088","RIO GRANDE STATE CENTER","HARLINGEN","TX","78550","psychiatric","27","cms_pos"
"454093","STARCARE SPECIALTY HEALTH /SUNRISE CANYON HOSPITAL","LUBBOCK","TX","79408","psychiatric","30","cms_pos"
"454094","MEDICAL CITY GREEN OAKS HOSPITAL","DALLAS","TX","75251","psychiatric","124","cms_pos"
"454100","EL PASO PSYCHIATRIC CENTER","EL PASO","TX","79905","psychiatric","54","cms_pos"
"454101","ALLEGIANCE BEHAVIORAL HEALTH CENTER OF PLAINVIEW","PLAINVIEW","TX","79072","psychiatric","20","cms_pos"
"454103","KINGWOOD PINES HOSPITAL","KINGWOOD","TX","77339","psychiatric","116","cms_pos"
"454104","UNIVERSITY BEHAVIORAL HEALTH","DENTON","TX","76201","psychiatric","104","cms_pos"
"454107","BEHAVIORAL HOSPITAL OF BELLAIRE","HOUSTON","TX","77081","psychiatric","124","cms_pos"
"454108","CYPRESS CREEK HOSPITAL","HOUSTON","TX","77090","psychiatric","128","cms_pos"
"454109","EL PASO BEHAVIORAL HEALTH SYSTEM","EL PASO","TX","79902","psychiatric","166","cms_pos"
"454110","OCEANS BEHAVIORAL  HOSPITAL OF PERMIAN BASIN","MIDLAND","TX","79706","psychiatric","64","cms_pos"
"454114","CEDAR CREST HOSPITAL & RTC","BELTON","TX","76513","psychiatric","158","cms_pos"
"454117","OCEANS BEHAVIORAL HOSPITAL OF LONGVIEW","LONGVIEW","TX","75605","psychiatric","24","cms_pos"
"454118","LONE STAR BEHAVIORAL HEALTH CYPRESS","CYPRESS","TX","77429","psychiatric","24","cms_pos"
"454119","CARROLLTON SPRINGS","CARROLLTON","TX","75010","psychiatric","78","cms_pos"
"454121","AUSTIN OAKS HOSPITAL","AUSTIN","TX","78745","psychiatric","80","cms_pos"
"454122","OCEANS BEHAVIORAL HOSPITAL OF ABILENE","ABILENE","TX","79602","psychiatric","92","cms_pos"
"454123","OCEANS BEHAVIORAL HOSPITAL OF LUFKIN LLC","LUFKIN","TX","75904","psychiatric","24","cms_pos"
"454124","MESA SPRINGS","FORT WORTH","TX","76123","psychiatric","72","cms_pos"
"454126","DALLAS BEHAVIORAL HEALTHCARE HOSPITAL LLC","DE SOTO","TX","75115","psychiatric","116","cms_pos"
"454127","ROCK SPRINGS","GEORGETOWN","TX","78626","psychiatric","96","cms_pos"
"454128","WELLBRIDGE HEALTHCARE FORT WORTH","FORT WORTH","TX","76132","psychiatric","48","cms_pos"
"454129","GEORGETOWN BEHAVIORAL HEALTH INSTITUTE","GEORGETOWN","TX","78626","psychiatric","118","cms_pos"
"454131","WESTPARK SPRINGS LLC","RICHMOND","TX","77407","psychiatric","72","cms_pos"
"454132","SAN ANTONIO BEHAVIORAL HEALTHCARE HOSPITAL","SAN ANTONIO","TX","78240","psychiatric","198","cms_pos"
"454133","CROSS CREEK HOSPITAL","AUSTIN","TX","78754","psychiatric","196","cms_pos"
"454135","HOUSTON BEHAVIORAL HEALTHCARE HOSPITAL LLC","HOUSTON","TX","77080","psychiatric","163","cms_pos"
"454136","OCEANS BEHAVIORAL HOSPITAL OF KATY","KATY","TX","77450","psychiatric","48","cms_pos"
"454139","SUN BEHAVIORAL HOUSTON","HOUSTON","TX","77054","psychiatric","148","cms_pos"
"454141","PALMS BEHAVIORAL HEALTH","HARLINGEN","TX","78550","psychiatric","94","cms_pos"
"454144","WOODLAND SPRINGS","CONROE","TX","77384","psychiatric","96","cms_pos"
"454146","RIO VISTA BEHAVIORAL HEALTH","EL PASO","TX","79912","psychiatric","152","cms_pos"
"454147","OCEANS BEHAVIORAL HOSPITAL OF PASADENA","PASADENA","TX","77505","psychiatric","30","cms_pos"
"454148","PERIMETER BEHAVIORAL HOSPITAL OF ARLINGTON","ARLINGTON","TX","76001","psychiatric","72","cms_pos"
"454149","PERIMETER BEHAVIORAL HOSPITAL OF DALLAS","GARLAND","TX","75042","psychiatric","100","cms_pos"
"454150","OCEANS BEHAVIORAL HOSPITAL OF WACO","WACO","TX","76712","psychiatric","48","cms_pos"
"454151","MEDICAL BEHAVIORAL HOSPITAL OF CLEAR LAKE, LLC","CLEAR LAKE CITY","TX","77058","psychiatric","92","cms_pos"
"454152","CANYON CREEK BEHAVIORAL HEALTH","TEMPLE","TX","76502","psychiatric","102","cms_pos"
"454153","CARRUS BEHAVIORAL HOSPITAL","SHERMAN","TX","75092","psychiatric","28","cms_pos"
"454154","OCEANS BEHAVIORAL HOSPITAL OF AMARILLO","AMARILLO","TX","79124","psychiatric","28","cms_pos"
"454155","OCEANS BEHAVIORAL HOSPITAL OF CORPUS CHRISTI","CORPUS CHRISTI","TX","78404","psychiatric","42","cms_pos"
"454156","VOYAGES BEHAVIORAL HEALTH OF SUGAR LAND","SUGAR LAND","TX","77498","psychiatric","60","cms_pos"
"454157","OCEANS BEHAVIORAL HOSPITAL OF LUBBOCK","LUBBOCK","TX","79415","psychiatric","32","cms_pos"
"454158","VOYAGES BEHAVIORAL HEALTH OF CONROE","CONROE","TX","77304","psychiatric","64","cms_pos"
"454159","CEDAR HILLS BEHAVIORAL","SAN ANTONIO","TX","78229","psychiatric","6","cms_pos"
"454161","MEDICAL CITY MENTAL HEALTH AND WELLNESS CENTER","FRISCO","TX","75034","psychiatric","70","cms_pos"
"460001","INTERMOUNTAIN HEALTH UTAH VALLEY HOSPITAL","PROVO","UT","84604","short_term_acute","395","cms_pos"
"460003","HOLY CROSS HOSPITAL - SALT LAKE","SALT LAKE CITY","UT","84102","short_term_acute","158","cms_pos"
"460004","INTERMOUNTAIN HEALTH MCKAY-DEE HOSPITAL","OGDEN","UT","84403","short_term_acute","321","cms_pos"
"460005","OGDEN REGIONAL MEDICAL CENTER","OGDEN","UT","84405","short_term_acute","227","cms_pos"
"460006","INTERMOUNTAIN HEALTH LDS HOSPITAL","SALT LAKE CITY","UT","84143","short_term_acute","250","cms_pos"
"460007","INTERMOUNTAIN HEALTH CEDAR CITY HOSPITAL","CEDAR CITY","UT","84721","short_term_acute","48","cms_pos"
"460009","UNIVERSITY OF UTAH HOSPITAL AND CLINICS","SALT LAKE CITY","UT","84132","short_term_acute","1013","cms_pos"
"460010","INTERMOUNTAIN HEALTH INTERMOUNTAIN MEDICAL CENTER","MURRAY","UT","84107","short_term_acute","520","cms_pos"
"460011","CASTLEVIEW HOSPITAL","PRICE","UT","84501","short_term_acute","84","cms_pos"
"460013","MOUNTAIN VIEW HOSPITAL","PAYSON","UT","84651","short_term_acute","126","cms_pos"
"460014","MOUNTAIN WEST MEDICAL CENTER","TOOELE","UT","84074","short_term_acute","44","cms_pos"
"460015","INTERMOUNTAIN HEALTH LOGAN REGIONAL HOSPITAL","LOGAN","UT","84341","short_term_acute","148","cms_pos"
"460017","BRIGHAM CITY COMMUNITY HOSPITAL","BRIGHAM CITY","UT","84302","short_term_acute","52","cms_pos"
"460019","UINTAH BASIN MEDICAL CENTER","ROOSEVELT","UT","84066","short_term_acute","49","cms_pos"
"460021","INTERMOUNTAIN HEALTH ST GEORGE REGIONAL HOSPITAL","ST GEORGE","UT","84790","short_term_acute","300","cms_pos"
"460023","AMERICAN FORK HOSPITAL","AMERICAN FORK","UT","84003","short_term_acute","89","cms_pos"
"460026","INTERMOUNTAIN HEALTH SEVIER VALLEY HOSPITAL","RICHFIELD","UT","84701","short_term_acute","42","cms_pos"
"460030","ASHLEY REGIONAL MEDICAL CENTER","VERNAL","UT","84078","short_term_acute","39","cms_pos"
"460039","INTERMOUNTAIN HEALTH BEAR RIVER VALLEY HOSPITAL","TREMONTON","UT","84337","short_term_acute","16","cms_pos"
"460041","HOLY CROSS HOSPITAL-DAVIS","LAYTON","UT","84041","short_term_acute","220","cms_pos"
"460042","LAKEVIEW HOSPITAL","BOUNTIFUL","UT","84010","short_term_acute","117","cms_pos"
"460043","OREM COMMUNITY HOSPITAL","OREM","UT","84057","short_term_acute","20","cms_pos"
"460044","INTERMOUNTAIN HEALTH ALTA VIEW HOSPITAL","SANDY","UT","84094","short_term_acute","70","cms_pos"
"460047","ST MARK'S HOSPITAL","SALT LAKE CITY","UT","84124","short_term_acute","294","cms_pos"
"460051","HOLY CROSS HOSPITAL-JORDAN VALLEY","WEST JORDAN","UT","84088","short_term_acute","172","cms_pos"
"460052","TIMPANOGOS REGIONAL HOSPITAL","OREM","UT","84057","short_term_acute","122","cms_pos"
"460054","CACHE VALLEY  HOSPITAL","NORTH LOGAN","UT","84341","short_term_acute","28","cms_pos"
"460057","INTERMOUNTAIN HEALTH PARK CITY HOSPITAL","PARK CITY","UT","84060","short_term_acute","30","cms_pos"
"460058","INTERMOUNTAIN HEALTH RIVERTON HOSPITAL","RIVERTON","UT","84065","short_term_acute","97","cms_pos"
"460060","LONE PEAK HOSPITAL","DRAPER","UT","84020","short_term_acute","61","cms_pos"
"460061","INTERMOUNTAIN HEALTH LAYTON HOSPITAL","LAYTON","UT","84041","short_term_acute","43","cms_pos"
"460062","INTERMOUNTAIN HEALTH SPANISH FORK HOSPITAL","SPANISH FORK","UT","84660","short_term_acute","33","cms_pos"
"460063","WESTERN PEAKS SPECIALTY HOSPITAL","BOUNTIFUL","UT","84010","short_term_acute","43","cms_pos"
"461300","INTERMOUNTAIN HEALTH DELTA COMMUNITY HOSPITAL","DELTA","UT","84624","critical_access","18","cms_pos"
"461301","INTERMOUNTAIN HEALTH FILLMORE COMMUNITY HOSPITAL","FILLMORE","UT","84631","critical_access","19","cms_pos"
"461302","MOAB REGIONAL HOSPITAL","MOAB","UT","84532","critical_access","17","cms_pos"
"461303","INTERMOUNTAIN HEALTH SANPETE VALLEY HOSPITAL","MOUNT PLEASANT","UT","84647","critical_access","18","cms_pos"
"461304","CENTRAL VALLEY MEDICAL CENTER - CAH","NEPHI","UT","84648","critical_access","25","cms_pos"
"461305","MILFORD MEMORIAL HOSPITAL","MILFORD","UT","84751","critical_access","23","cms_pos"
"461306","GUNNISON VALLEY HOSPITAL","GUNNISON","UT","84634","critical_access","25","cms_pos"
"461307","INTERMOUNTAIN HEALTH HEBER VALLEY HOSPITAL","HEBER CITY","UT","84032","critical_access","19","cms_pos"
"461308","SAN JUAN HOSPITAL","MONTICELLO","UT","84535","critical_access","25","cms_pos"
"461309","KANE COUNTY HOSPITAL","KANAB","UT","84741","critical_access","25","cms_pos"
"461310","BLUE MOUNTAIN HOSPITAL","BLANDING","UT","84511","critical_access","11","cms_pos"
"461333","INTERMOUNTAIN HEALTH GARFIELD MEMORIAL HOSPITAL","PANGUITCH","UT","84759","critical_access","15","cms_pos"
"461335","BEAVER VALLEY HOSPITAL","BEAVER","UT","84713","critical_access","25","cms_pos"
"462004","SALT LAKE SPECIALTY HOSPITAL","MURRAY","UT","84107","long_term_care","41","cms_pos"
"462005","CENTRAL UTAH REHABILITATION HOSPITAL","PROVO","UT","84604","long_term_care","40","cms_pos"
"463025","ENCOMPASS HEALTH REHABILITATION HOSPITAL OF UTAH","SANDY","UT","84094","rehabilitation","84","cms_pos"
"463027","NORTHERN UTAH REHABILITATION HOSPITAL","SOUTH OGDEN","UT","84403","rehabilitation","40","cms_pos"
"463301","INTERMOUNTAIN HEALTH PRIMARY CHILDREN'S HOSPITAL","SALT LAKE CITY","UT","84113","childrens","232","cms_pos"
"464001","UTAH STATE HOSPITAL","PROVO","UT","84605","psychiatric","384","cms_pos"
"464012","MARIAN CENTER","SALT LAKE CITY","UT","84115","psychiatric","14","cms_pos"
"464013","SALT LAKE BEHAVIORAL HEALTH","SALT LAKE CITY","UT","84106","psychiatric","118","cms_pos"
"464014","ASPEN GROVE BEHAVIORAL HOSPITAL","OREM","UT","84097","psychiatric","80","cms_pos"
"464016","VIVE ADOLESCENT CARE","ST GEORGE","UT","84770","psychiatric","50","cms_pos"
"470001","CENTRAL VERMONT MEDICAL CENTER","BERLIN","VT","05641","short_term_acute","175","cms_pos"
"470003","UNIVERSITY OF VERMONT MEDICAL CENTER","BURLINGTON","VT","05401","short_term_acute","615","cms_pos"
"470005","RUTLAND REGIONAL MEDICAL CENTER","RUTLAND","VT","05701","short_term_acute","301","cms_pos"
"470011","BRATTLEBORO MEMORIAL HOSPITAL","BRATTLEBORO","VT","05301","short_term_acute","104","cms_pos"
"470012","SOUTHWESTERN VERMONT MEDICAL CENTER","BENNINGTON","VT","05201","short_term_acute","180","cms_pos"
"470024","NORTHWESTERN MEDICAL CENTER INC","SAINT ALBANS","VT","05478","short_term_acute","70","cms_pos"
"471300","GRACE COTTAGE HOSPITAL","TOWNSHEND","VT","05353","critical_access","19","cms_pos"
"471301","GIFFORD MEDICAL CENTER","RANDOLPH","VT","05060","critical_access","52","cms_pos"
"471302","MT ASCUTNEY HOSPITAL","WINDSOR","VT","05089","critical_access","35","cms_pos"
"471303","NORTHEASTERN VERMONT REGIONAL HOSPITAL","SAINT JOHNSBURY","VT","05819","critical_access","75","cms_pos"
"471304","NORTH COUNTRY HOSPITAL AND HEALTH CENTER","NEWPORT","VT","05855","critical_access","25","cms_pos"
"471305","COPLEY HOSPITAL","MORRISVILLE","VT","05661","critical_access","25","cms_pos"
"471306","SPRINGFIELD HOSPITAL","SPRINGFIELD","VT","05156","critical_access","25","cms_pos"
"471307","PORTER HOSPITAL INC","MIDDLEBURY","VT","05753","critical_access","45","cms_pos"
"474001","BRATTLEBORO RETREAT","BRATTLEBORO","VT","05301","psychiatric","149","cms_pos"
"474004","VERMONT PSYCHIATRIC CARE HOSPITAL","BERLIN","VT","05602","psychiatric","25","cms_pos"
"480001","ROY LESTER SCHNEIDER HOSPITAL,THE","ST THOMAS","VI","00801","short_term_acute","160","cms_pos"
"480002","GOV JUAN F LUIS HOSPITAL & MEDICAL CTR","ST CROIX","VI","00820","short_term_acute","160","cms_pos"
"490002","RUSSELL COUNTY HOSPITAL","LEBANON","VA","24266","short_term_acute","78","cms_pos"
"490004","SENTARA RMH MEDICAL CENTER","HARRISONBURG","VA","22801","short_term_acute","238","cms_pos"
"490005","WINCHESTER MEDICAL CENTER","WINCHESTER","VA","22601","short_term_acute","399","cms_pos"
"490007","SENTARA NORFOLK GENERAL HOSPITAL","NORFOLK","VA","23507","short_term_acute","525","cms_pos"
"490009","UVA HEALTH SCIENCES CENTER","CHARLOTTESVILLE","VA","22908","short_term_acute","622","cms_pos"
"490013","SENTARA HALIFAX REGIONAL HOSPITAL","SOUTH BOSTON","VA","24592","short_term_acute","192","cms_pos"
"490017","BON SECOURS MARYVIEW MEDICAL CENTER","PORTSMOUTH","VA","23707","short_term_acute","346","cms_pos"
"490018","AUGUSTA HEALTH","FISHERSVILLE","VA","22939","short_term_acute","255","cms_pos"
"490019","UVA HEALTH CULPEPER MEDICAL CENTER","CULPEPER","VA","22701","short_term_acute","70","cms_pos"
"490020","TRICITIES HOSPITAL","HOPEWELL","VA","23860","short_term_acute","147","cms_pos"
"490021","CENTRA  HEALTH, INC","LYNCHBURG","VA","24501","short_term_acute","519","cms_pos"
"490022","MARY WASHINGTON HOSPITAL, INC","FREDERICKSBURG","VA","22401","short_term_acute","451","cms_pos"
"490023","FAUQUIER HOSPITAL","WARRENTON","VA","20186","short_term_acute","97","cms_pos"
"490024","CARILION ROANOKE MEMORIAL HOSPITAL","ROANOKE","VA","24014","short_term_acute","752","cms_pos"
"490032","MEDICAL COLLEGE OF VIRGINIA HOSPITALS","RICHMOND","VA","23298","short_term_acute","779","cms_pos"
"490033","WARREN MEMORIAL HOSPITAL","FRONT ROYAL","VA","22630","short_term_acute","196","cms_pos"
"490037","RIVERSIDE SHORE MEMORIAL HOSPITAL","ONANCOCK","VA","23417","short_term_acute","52","cms_pos"
"490038","SMYTH COUNTY COMMUNITY HOSPITAL","MARION","VA","24354","short_term_acute","170","cms_pos"
"490040","INOVA ALEXANDRIA HOSPITAL","ALEXANDRIA","VA","22304","short_term_acute","318","cms_pos"
"490041","BON SECOURS MARY IMMACULATE HOSPITAL","NEWPORT NEWS","VA","23602","short_term_acute","110","cms_pos"
"490042","CARILION NEW RIVER VALLEY MEDICAL CENTER","CHRISTIANSBURG","VA","24073","short_term_acute","146","cms_pos"
"490043","INOVA LOUDOUN HOSPITAL","LEESBURG","VA","20176","short_term_acute","167","cms_pos"
"490044","SENTARA OBICI HOSPITAL","SUFFOLK","VA","23439","short_term_acute","168","cms_pos"
"490045","UVA HEALTH PRINCE WILLIAM MEDICAL CENTER","MANASSAS","VA","20110","short_term_acute","170","cms_pos"
"490046","SENTARA LEIGH HOSPITAL","NORFOLK","VA","23502","short_term_acute","247","cms_pos"
"490048","LEWISGALE MEDICAL CENTER","SALEM","VA","24153","short_term_acute","506","cms_pos"
"490050","VIRGINIA HOSPITAL CENTER","ARLINGTON","VA","22205","short_term_acute","342","cms_pos"
"490052","RIVERSIDE REGIONAL MEDICAL CENTER","NEWPORT NEWS","VA","23601","short_term_acute","566","cms_pos"
"490053","JOHNSTON MEMORIAL HOSPITAL","ABINGDON","VA","24211","short_term_acute","116","cms_pos"
"490057","SENTARA VIRGINIA BEACH GENERAL HOSPITAL","VIRGINIA BEACH","VA","23454","short_term_acute","276","cms_pos"
"490059","BON SECOURS ST MARYS HOSPITAL","RICHMOND","VA","23226","short_term_acute","391","cms_pos"
"490060","CLINCH VALLEY MEDICAL CENTER","RICHLANDS","VA","24641","short_term_acute","175","cms_pos"
"490063","INOVA FAIRFAX HOSPITAL","FALLS CHURCH","VA","22042","short_term_acute","923","cms_pos"
"490066","SENTARA WILLIAMSBURG REGIONAL MEDICAL CENTER","WILLIAMSBURG","VA","23188","short_term_acute","145","cms_pos"
"490067","BON SECOURS SOUTHSIDE MEDICAL CENTER","PETERSBURG","VA","23805","short_term_acute","300","cms_pos"
"490069","BON SECOURS MEMORIAL REGIONAL MEDICAL CENTER","MECHANICSVILLE","VA","23116","short_term_acute","269","cms_pos"
"490075","SOVAH HEALTH DANVILLE","DANVILLE","VA","24541","short_term_acute","250","cms_pos"
"490077","SENTARA MARTHA JEFFERSON HOSPITAL","CHARLOTTESVILLE","VA","22911","short_term_acute","176","cms_pos"
"490084","VCU HEALTH TAPPAHANNOCK HOSPITAL","TAPPAHANNOCK","VA","22560","short_term_acute","67","cms_pos"
"490088","BEDFORD MEMORIAL HOSPITAL","BEDFORD","VA","24523","short_term_acute","161","cms_pos"
"490089","CARILION FRANKLIN MEMORIAL HOSPITAL","ROCKY MOUNT","VA","24151","short_term_acute","37","cms_pos"
"490090","SOUTHSIDE COMMUNITY HOSPITAL, INC","FARMVILLE","VA","23901","short_term_acute","116","cms_pos"
"490092","BON SECOURS SOUTHAMPTON MEMORIAL HOSPITAL","FRANKLIN","VA","23851","short_term_acute","221","cms_pos"
"490093","SENTARA CAREPLEX HOSPITAL","HAMPTON","VA","23666","short_term_acute","224","cms_pos"
"490094","BON SECOURS RICHMOND COMMUNITY HOSPITAL","RICHMOND","VA","23223","short_term_acute","104","cms_pos"
"490097","SOUTHERN VIRGINIA REGIONAL MEDICAL CENTER","EMPORIA","VA","23847","short_term_acute","80","cms_pos"
"490098","COMMUNITY MEMORIAL HOSPITAL","SOUTH HILL","VA","23970","short_term_acute","70","cms_pos"
"490101","INOVA FAIR OAKS HOSPITAL","FAIRFAX","VA","22033","short_term_acute","182","cms_pos"
"490104","HIRAM W DAVIS MEDICAL CENTER","PETERSBURG","VA","23803","short_term_acute","10","cms_pos"
"490107","RESTON HOSPITAL CENTER","RESTON","VA","20190","short_term_acute","187","cms_pos"
"490110","LEWISGALE HOSPITAL MONTGOMERY","BLACKSBURG","VA","24060","short_term_acute","146","cms_pos"
"490111","WYTHE COUNTY COMMUNITY HOSPITAL","WYTHEVILLE","VA","24382","short_term_acute","100","cms_pos"
"490112","CJW MEDICAL CENTER","RICHMOND","VA","23235","short_term_acute","758","cms_pos"
"490113","SENTARA NORTHERN VIRGINIA MEDICAL CENTER","WOODBRIDGE","VA","22191","short_term_acute","183","cms_pos"
"490114","LONESOME PINE HOSPITAL","BIG STONE GAP","VA","24219","short_term_acute","178","cms_pos"
"490115","TWIN COUNTY REGIONAL HOSPITAL","GALAX","VA","24333","short_term_acute","141","cms_pos"
"490116","LEWISGALE HOSPITAL PULASKI","PULASKI","VA","24301","short_term_acute","147","cms_pos"
"490117","CARILION TAZEWELL COMMUNITY HOSPITAL","TAZEWELL","VA","24651","short_term_acute","238","cms_pos"
"490118","HENRICO DOCTORS' HOSPITAL","RICHMOND","VA","23229","short_term_acute","340","cms_pos"
"490119","SENTARA PRINCESS ANNE HOSPITAL","VIRGINIA BEACH","VA","23456","short_term_acute","160","cms_pos"
"490120","CHESAPEAKE GENERAL HOSPITAL, CHESAPEAKE REG MC","CHESAPEAKE","VA","23320","short_term_acute","310","cms_pos"
"490122","INOVA MOUNT VERNON HOSPITAL","ALEXANDRIA","VA","22306","short_term_acute","237","cms_pos"
"490126","LEWISGALE HOSPITAL ALLEGHANY","LOW MOOR","VA","24457","short_term_acute","205","cms_pos"
"490127","BUCHANAN GENERAL HOSPITAL","GRUNDY","VA","24614","short_term_acute","134","cms_pos"
"490130","RIVERSIDE WALTER REED HOSPITAL","GLOUCESTER","VA","23061","short_term_acute","67","cms_pos"
"490136","BON SECOURS ST FRANCIS MEDICAL CENTER","MIDLOTHIAN","VA","23114","short_term_acute","130","cms_pos"
"490140","STAFFORD HOSPITAL, LLC","STAFFORD","VA","22554","short_term_acute","100","cms_pos"
"490141","SPOTSYLVANIA REGIONAL MEDICAL CENTER","FREDERICKSBURG","VA","22408","short_term_acute","126","cms_pos"
"490143","RIVERSIDE DOCTORS' HOSPITAL OF WILLIAMSBURG","WILLIAMSBURG","VA","23185","short_term_acute","40","cms_pos"
"490144","UVA HEALTH HAYMARKET MEDICAL CENTER","HAYMARKET","VA","20169","short_term_acute","60","cms_pos"
"490145","STONESPRINGS HOSPITAL CENTER","DULLES","VA","20166","short_term_acute","124","cms_pos"
"490148","BON SECOURS HARBOUR VIEW MEDICAL CENTER","SUFFOLK","VA","23435","short_term_acute","18","cms_pos"
"490149","RIVERSIDE SMITHFIELD HOSPITAL","SMITHFIELD","VA","23430","short_term_acute","50","cms_pos"
"491300","BATH COMMUNITY HOSPITAL","HOT SPRINGS","VA","24445","critical_access","25","cms_pos"
"491302","CARILION GILES COMMUNITY HOSPITAL","PEARISBURG","VA","24134","critical_access","25","cms_pos"
"491303","DICKENSON COMMUNITY HOSPITAL","CLINTWOOD","VA","24228","critical_access","25","cms_pos"
"491304","CARILION ROCKBRIDGE COMMUNITY HOSPITAL","LEXINGTON","VA","24450","critical_access","25","cms_pos"
"491305","SHENANDOAH MEMORIAL HOSPITAL","WOODSTOCK","VA","22664","critical_access","25","cms_pos"
"491307","PAGE MEMORIAL HOSPITAL, INC","LURAY","VA","22835","critical_access","25","cms_pos"
"491308","RAPPAHANNOCK GENERAL HOSPITAL","KILMARNOCK","VA","22482","critical_access","76","cms_pos"
"491309","LEE COUNTY COMMUNITY HOSPITAL","PENNINGTON GAP","VA","24277","critical_access","6","cms_pos"
"491310","STUART COMMUNITY HOSPITAL INC","STUART","VA","24171","critical_access","25","cms_pos"
"492001","LAKE TAYLOR TRANSITIONAL CARE HOSPITAL","NORFOLK","VA","23502","long_term_care","296","cms_pos"
"492007","HOSPITAL FOR EXTENDED RECOVERY","NORFOLK","VA","23507","long_term_care","35","cms_pos"
"492008","SELECT SPECIALTY HOSPITAL - HAMPTON ROADS","NEWPORT NEWS","VA","23601","long_term_care","25","cms_pos"
"492009","SELECT SPECIALITY HOSPITAL - RICHMOND INC","RICHMOND","VA","23230","long_term_care","60","cms_pos"
"492010","CENTRA SPECIALTY HOSPITAL","LYNCHBURG","VA","24503","long_term_care","36","cms_pos"
"492012","INOVA SPECIALTY HOSPITAL","ALEXANDRIA","VA","22306","long_term_care","32","cms_pos"
"493027","RIVERSIDE REHABILITATION INSTITUTE","YORKTOWN","VA","23692","rehabilitation","50","cms_pos"
"493028","ENCOMPASS HEALTH REHAB HOSPITAL OF RICHMOND","RICHMOND","VA","23226","rehabilitation","40","cms_pos"
"493029","UVA ENCOMPASS HEALTH REHABILITATION HOSPITAL","CHARLOTTESVILLE","VA","22903","rehabilitation","50","cms_pos"
"493031","ENCOMPASS HEALTH REHAB HOSPITAL OF PETERSBURG","PETERSBURG","VA","23805","rehabilitation","64","cms_pos"
"493032","ENCOMPASS HEALTH REHAB HOSPITAL OF FREDERICKSBURG","FREDERICKSBURG","VA","22401","rehabilitation","58","cms_pos"
"493033","ENCOMPASS HEALTH REHAB HOSPITAL OF NORTHERN VA","ALDIE","VA","20105","rehabilitation","60","cms_pos"
"493034","REHABILITATION HOSPITAL OF BRISTOL","BRISTOL","VA","24201","rehabilitation","25","cms_pos"
"493036","SHELTERING ARMS INSTITUTE","RICHMOND","VA","23233","rehabilitation","114","cms_pos"
"493300","CUMBERLAND HOSPITAL LLC","NEW KENT","VA","23124","childrens","94","cms_pos"
"493301","CHILDRENS HOSPITAL OF THE KINGS DAUGHTERS INC","NORFOLK","VA","23507","childrens","206","cms_pos"
"494010","NORTHERN VIRGINIA MENTAL HEALTH INSTI","FALLS CHURCH","VA","22042","psychiatric","129","cms_pos"
"494017","SOUTHERN VIRGINIA MENTAL HEALTH INSTITUTE","DANVILLE","VA","24541","psychiatric","96","cms_pos"
"494021","WESTERN STATE HOSPITAL","STAUNTON","VA","24401","psychiatric","246","cms_pos"
"494022","POPLAR SPRINGS HOSPITAL","PETERSBURG","VA","23805","psychiatric","130","cms_pos"
"494023","DOMINION HOSPITAL","FALLS CHURCH","VA","22044","psychiatric","116","cms_pos"
"494025","VIRGINIA BEACH PSYCHIATRIC CENTER","VIRGINIA BEACH","VA","23454","psychiatric","100","cms_pos"
"494029","SOUTHWESTERN VIRGINIA MENTAL HEALTH INSTITUTE","MARION","VA","24354","psychiatric","109","cms_pos"
"494032","THE PAVILION AT WILLIAMSBURG PLACE","WILLIAMSBURG","VA","23188","psychiatric","57","cms_pos"
"494033","CATAWBA HOSPITAL","CATAWBA","VA","24070","psychiatric","132","cms_pos"
"500002","PROVIDENCE ST MARY MEDICAL CENTER","WALLA WALLA","WA","99362","short_term_acute","146","cms_pos"
"500003","SKAGIT VALLEY HOSPITAL","MOUNT VERNON","WA","98274","short_term_acute","234","cms_pos"
"500005","VIRGINIA MASON MEDICAL CENTER","SEATTLE","WA","98101","short_term_acute","336","cms_pos"
"500007","ISLAND HOSPITAL","ANACORTES","WA","98221","short_term_acute","43","cms_pos"
"500008","UNIVERSITY OF WASHINGTON MEDICAL CTR","SEATTLE","WA","98195","short_term_acute","450","cms_pos"
"500011","ST ANNE HOSPITAL","BURIEN","WA","98166","short_term_acute","279","cms_pos"
"500014","PROVIDENCE REGIONAL MEDICAL CENTER EVERETT","EVERETT","WA","98201","short_term_acute","268","cms_pos"
"500015","MULTICARE AUBURN MEDICAL CENTER","AUBURN","WA","98001","short_term_acute","195","cms_pos"
"500016","CONFLUENCE HEALTH HOSPITAL","WENATCHEE","WA","98807","short_term_acute","198","cms_pos"
"500019","PROVIDENCE CENTRALIA HOSPITAL","CENTRALIA","WA","98531","short_term_acute","191","cms_pos"
"500021","ST CLARE HOSPITAL","LAKEWOOD","WA","98499","short_term_acute","105","cms_pos"
"500024","PROVIDENCE ST PETER HOSPITAL","OLYMPIA","WA","98506","short_term_acute","340","cms_pos"
"500025","SWEDISH MEDICAL CENTER / CHERRY HILL","SEATTLE","WA","98122","short_term_acute","376","cms_pos"
"500026","SWEDISH EDMONDS HOSPITAL","EDMONDS","WA","98026","short_term_acute","217","cms_pos"
"500027","SWEDISH MEDICAL CENTER","SEATTLE","WA","98122","short_term_acute","697","cms_pos"
"500030","PEACEHEALTH ST JOSEPH MEDICAL CENTER","BELLINGHAM","WA","98225","short_term_acute","253","cms_pos"
"500031","GRAYS HARBOR COMMUNITY HOSPITAL","ABERDEEN","WA","98520","short_term_acute","70","cms_pos"
"500033","SAMARITAN HOSPITAL","MOSES LAKE","WA","98837","short_term_acute","50","cms_pos"
"500036","YAKIMA VALLEY MEMORIAL","YAKIMA","WA","98902","short_term_acute","218","cms_pos"
"500037","ASTRIA TOPPENISH HOSPITAL","TOPPENISH","WA","98948","short_term_acute","63","cms_pos"
"500039","ST MICHAEL MEDICAL CENTER","SILVERDALE","WA","98383","short_term_acute","297","cms_pos"
"500041","PEACEHEALTH ST JOHN MEDICAL CENTER","LONGVIEW","WA","98632","short_term_acute","368","cms_pos"
"500044","MULTICARE DEACONESS HOSPITAL","SPOKANE","WA","99210","short_term_acute","388","cms_pos"
"500050","PEACEHEALTH SOUTHWEST MEDICAL CENTE","VANCOUVER","WA","98668","short_term_acute","275","cms_pos"
"500051","OVERLAKE HOSPITAL MEDICAL CENTER & CLINICS","BELLEVUE","WA","98004","short_term_acute","218","cms_pos"
"500052","KAISER PERMANENTE CENTRAL HOSPITAL","SEATTLE","WA","98112","short_term_acute","346","cms_pos"
"500053","TRIOS","KENNEWICK","WA","99336","short_term_acute","71","cms_pos"
"500054","PROV SACRED HRT MED CTR & CHILDS HOSP.","SPOKANE","WA","99204","short_term_acute","615","cms_pos"
"500058","KADLEC REGIONAL MEDICAL CENTER","RICHLAND","WA","99352","short_term_acute","141","cms_pos"
"500060","CASCADE VALLEY HOSPITAL","ARLINGTON","WA","98223","short_term_acute","48","cms_pos"
"500064","HARBORVIEW MEDICAL CENTER","SEATTLE","WA","98104","short_term_acute","413","cms_pos"
"500072","OLYMPIC MEDICAL CENTER","PORT ANGELES","WA","98362","short_term_acute","126","cms_pos"
"500077","PROVIDENCE HOLY FAMILY HOSPITAL","SPOKANE","WA","99208","short_term_acute","272","cms_pos"
"500079","MULTICARE GOOD SAMARITAN HOSPITAL","PUYALLUP","WA","98372","short_term_acute","365","cms_pos"
"500084","EVERGREENHEALTH MONROE","MONROE","WA","98272","short_term_acute","72","cms_pos"
"500088","VALLEY MEDICAL CENTER","RENTON","WA","98055","short_term_acute","303","cms_pos"
"500108","ST JOSEPH MEDICAL CENTER","TACOMA","WA","98405","short_term_acute","340","cms_pos"
"500119","MULTICARE VALLEY HOSPITAL","SPOKANE","WA","99216","short_term_acute","123","cms_pos"
"500124","EVERGREENHEALTH MEDICAL CENTER","KIRKLAND","WA","98034","short_term_acute","318","cms_pos"
"500129","TACOMA GENERAL ALLENMORE HOSPITAL","TACOMA","WA","98405","short_term_acute","521","cms_pos"
"500138","FRED HUTCHINSON CANCER CENTER","SEATTLE","WA","98109","short_term_acute","20","cms_pos"
"500139","MULTICARE CAPITAL MEDICAL CENTER","OLYMPIA","WA","98502","short_term_acute","110","cms_pos"
"500141","ST FRANCIS COMMUNITY HOSPITAL","FEDERAL WAY","WA","98003","short_term_acute","110","cms_pos"
"500150","LEGACY SALMON CREEK MEDICAL CENTER","VANCOUVER","WA","98686","short_term_acute","220","cms_pos"
"500151","ST ANTHONY HOSPITAL","GIG HARBOR","WA","98332","short_term_acute","80","cms_pos"
"500152","SWEDISH ISSAQUAH","ISSAQUAH","WA","98029","short_term_acute","120","cms_pos"
"500154","MULTICARE COVINGTON MEDICAL CENTER","COVINGTON","WA","98042","short_term_acute","58","cms_pos"
"500779","EAST ADAMS RURAL HOSPITAL","RITZVILLE","WA","99169","rural_emergency","20","cms_pos"
"501301","GARFIELD COUNTY MEMORIAL HOSPITAL","POMEROY","WA","99347","critical_access","25","cms_pos"
"501302","DAYTON GENERAL HOSPITAL","DAYTON","WA","99328","critical_access","25","cms_pos"
"501303","WILLAPA HARBOR HOSPITAL","SOUTH BEND","WA","98586","critical_access","25","cms_pos"
"501304","SUMMIT PACIFIC MEDICAL CENTER","ELMA","WA","98541","critical_access","24","cms_pos"
"501305","LINCOLN HOSPITAL","DAVENPORT","WA","99122","critical_access","25","cms_pos"
"501307","ODESSA MEMORIAL HEALTHCARE CENTER","ODESSA","WA","99159","critical_access","25","cms_pos"
"501308","COULEE MEDICAL CENTER","GRAND COULEE","WA","99133","critical_access","48","cms_pos"
"501309","PROVIDENCE ST JOSEPH HOSPITAL","CHEWELAH","WA","99109","critical_access","65","cms_pos"
"501310","NEWPORT COMMUNITY HOSPITAL","NEWPORT","WA","99156","critical_access","25","cms_pos"
"501312","PROSSER MEMORIAL HOSPITAL","PROSSER","WA","99350","critical_access","25","cms_pos"
"501313","CASCADE MEDICAL CENTER","LEAVENWORTH","WA","98826","critical_access","12","cms_pos"
"501314","OCEAN BEACH HOSPITAL","ILWACO","WA","98624","critical_access","15","cms_pos"
"501315","SKYLINE HOSPITAL","WHITE SALMON","WA","98672","critical_access","25","cms_pos"
"501316","KLICKITAT VALLEY HOSPITAL","GOLDENDALE","WA","98620","critical_access","25","cms_pos"
"501317","COLUMBIA BASIN HOSPITAL","EPHRATA","WA","98823","critical_access","28","cms_pos"
"501318","OTHELLO COMMUNITY HOSPITAL","OTHELLO","WA","99344","critical_access","49","cms_pos"
"501319","ARBOR HEALTH MORTON HOSPITAL","MORTON","WA","98356","critical_access","31","cms_pos"
"501320","QUINCY VALLEY HOSPITAL","QUINCY","WA","98848","critical_access","29","cms_pos"
"501321","NORTH VALLEY HOSPITAL","TONASKET","WA","98855","critical_access","85","cms_pos"
"501322","FERRY COUNTY MEMORIAL HOSPITAL","REPUBLIC","WA","99166","critical_access","25","cms_pos"
"501323","JEFFERSON HEALTHCARE","PORT TOWNSEND","WA","98368","critical_access","25","cms_pos"
"501324","THREE RIVERS HOSPITAL","BREWSTER","WA","98812","critical_access","43","cms_pos"
"501325","FORKS COMMUNITY HOSPITAL","FORKS","WA","98331","critical_access","45","cms_pos"
"501326","PROVIDENCE MOUNT CARMEL HOSPITAL","COLVILLE","WA","99114","critical_access","25","cms_pos"
"501327","WHITMAN HOSPITAL AND MEDICAL CENTER","COLFAX","WA","99111","critical_access","25","cms_pos"
"501328","MID VALLEY HOSPITAL","OMAK","WA","98841","critical_access","25","cms_pos"
"501329","PEACEHEALTH UNITED GENERAL MEDICAL CENTER","SEDRO WOOLLEY","WA","98284","critical_access","30","cms_pos"
"501330","ASTRIA SUNNYSIDE HOSPITAL","SUNNYSIDE","WA","98944","critical_access","25","cms_pos"
"501331","PULLMAN REGIONAL HOSPITAL","PULLMAN","WA","99163","critical_access","25","cms_pos"
"501332","TRI-STATE MEMORIAL HOSPITAL","CLARKSTON","WA","99403","critical_access","25","cms_pos"
"501333","KITTITAS VALLEY COMMUNITY HOSPITAL","ELLENSBURG","WA","98926","critical_access","25","cms_pos"
"501334","LAKE CHELAN COMMUNITY HOSPITAL","CHELAN","WA","98816","critical_access","25","cms_pos"
"501335","ST ELIZABETH HOSPITAL","ENUMCLAW","WA","98022","critical_access","28","cms_pos"
"501336","MASON GENERAL HOSPITAL & FAMILY OF CLINICS","SHELTON","WA","98584","critical_access","25","cms_pos"
"501337","LOURDES MEDICAL CENTER","PASCO","WA","99301","critical_access","35","cms_pos"
"501338","SNOQUALMIE VALLEY HOSPITAL","SNOQUALMIE","WA","98065","critical_access","25","cms_pos"
"501339","WHIDBEYHEALTH MEDICAL CENTER","COUPEVILLE","WA","98239","critical_access","51","cms_pos"
"501340","PEACEHEALTH PEACE ISLAND MEDICAL CENTER","FRIDAY HARBOR","WA","98250","critical_access","10","cms_pos"
"502002","KINDRED HOSPITAL-SEATTLE","SEATTLE","WA","98101","long_term_care","80","cms_pos"
"503025","PROVIDENCE ST LUKE'S REHABILITATION MEDICAL CENTER","SPOKANE","WA","99202","rehabilitation","102","cms_pos"
"503026","CHI FRANCISCAN REHABILITATION HOSPITAL","TACOMA","WA","98465","rehabilitation","60","cms_pos"
"503027","PROVIDENCE SWEDISH REHABILITATION HOSPITAL","LYNNWOOD","WA","98087","rehabilitation","40","cms_pos"
"503300","SEATTLE CHILDREN'S HOSPITAL","SEATTLE","WA","98105","childrens","250","cms_pos"
"503301","MARY BRIDGE CHILDREN'S HOSPITAL","TACOMA","WA","98415","childrens","68","cms_pos"
"503302","SHRINERS HOSPITAL FOR CHILDREN","SPOKANE","WA","99204","childrens","30","cms_pos"
"504002","BHC FAIRFAX HOSPITAL","KIRKLAND","WA","98034","psychiatric","133","cms_pos"
"504004","EASTERN STATE HOSPITAL","MEDICAL LAKE","WA","99022","psychiatric","287","cms_pos"
"504008","LOURDES COUNSELING CENTER","RICHLAND","WA","99352","psychiatric","32","cms_pos"
"504009","NAVOS","SEATTLE","WA","98126","psychiatric","68","cms_pos"
"504012","SMOKEY POINT BEHAVIORAL HOSPITAL","MARYSVILLE","WA","98271","psychiatric","115","cms_pos"
"504013","RAINIER SPRINGS","VANCOUVER","WA","98686","psychiatric","59","cms_pos"
"504014","INLAND NORTHWEST BEHAVIORAL HEALTH","SPOKANE","WA","99204","psychiatric","100","cms_pos"
"504015","SOUTH SOUND BEHAVIORAL HOSPITAL","LACEY","WA","98503","psychiatric","108","cms_pos"
"504016","WELLFOUND BEHAVIORAL HEALTH HOSPITAL","TACOMA","WA","98405","psychiatric","120","cms_pos"
"510001","WEST VIRGINIA UNIVERSITY HOSPITALS, INC","MORGANTOWN","WV","26506","short_term_acute","531","cms_pos"
"510002","CAMC GREENBRIER VALLEY MEDICAL CENTER, INC","RONCEVERTE","WV","24970","short_term_acute","122","cms_pos"
"510006","UNITED HOSPITAL CENTER, INC","BRIDGEPORT","WV","26330","short_term_acute","375","cms_pos"
"510007","ST MARY'S MEDICAL CENTER","HUNTINGTON","WV","25702","short_term_acute","440","cms_pos"
"510008","BERKELEY MEDICAL CENTER","MARTINSBURG","WV","25401","short_term_acute","241","cms_pos"
"510012","RIVERS HEALTH","POINT PLEASANT","WV","25550","short_term_acute","201","cms_pos"
"510013","REYNOLDS MEMORIAL HOSPITAL, INC","GLEN DALE","WV","26038","short_term_acute","127","cms_pos"
"510022","CHARLESTON AREA MEDICAL CENTER","CHARLESTON","WV","25301","short_term_acute","908","cms_pos"
"510023","WEIRTON MEDICAL CENTER, INC","WEIRTON","WV","26062","short_term_acute","238","cms_pos"
"510024","MON HEALTH MEDICAL CENTER","MORGANTOWN","WV","26505","short_term_acute","189","cms_pos"
"510029","THOMAS MEMORIAL HOSPITAL","SOUTH CHARLESTON","WV","25309","short_term_acute","266","cms_pos"
"510030","DAVIS MEDICAL CENTER","ELKINS","WV","26241","short_term_acute","90","cms_pos"
"510038","STONEWALL JACKSON MEMORIAL HOSPITAL COMPANY","WESTON","WV","26452","short_term_acute","70","cms_pos"
"510046","PRINCETON COMMUNITY HOSPITAL ASSN INC","PRINCETON","WV","24740","short_term_acute","267","cms_pos"
"510048","LOGAN REGIONAL MEDICAL CENTER","LOGAN","WV","25601","short_term_acute","140","cms_pos"
"510050","WHEELING HOSPITAL, INC","WHEELING","WV","26003","short_term_acute","277","cms_pos"
"510055","CABELL HUNTINGTON HOSPITAL, INC","HUNTINGTON","WV","25701","short_term_acute","322","cms_pos"
"510058","CAMDEN CLARK MEDICAL CENTER","PARKERSBURG","WV","26101","short_term_acute","343","cms_pos"
"510062","BECKLEY ARH HOSPITAL","BECKLEY","WV","25801","short_term_acute","173","cms_pos"
"510070","RALEIGH GENERAL HOSPITAL","BECKLEY","WV","25801","short_term_acute","300","cms_pos"
"510072","WETZEL COUNTY HOSPITAL","NEW MARTINSVILLE","WV","26155","short_term_acute","58","cms_pos"
"510086","WELCH COMMUNITY HOSPITAL","WELCH","WV","24801","short_term_acute","55","cms_pos"
"510091","CAMC CHARLESTON SURGICAL HOSPITAL","CHARLESTON","WV","25301","short_term_acute","35","cms_pos"
"510093","MON HEALTH MARION","WHITEHALL","WV","26554","short_term_acute","10","cms_pos"
"510094","WILLIAMSON MEMORIAL INC","WILLIAMSON","WV","25661","short_term_acute","76","cms_pos"
"511300","VANDALIA HEALTH BROADDUS HOSPITAL","PHILIPPI","WV","26416","critical_access","72","cms_pos"
"511301","WEBSTER MEMORIAL HOSPITAL","WEBSTER SPRINGS","WV","26288","critical_access","15","cms_pos"
"511303","MINNIE HAMILTON HEALTH SYSTEM","GRANTSVILLE","WV","26147","critical_access","43","cms_pos"
"511304","SISTERSVILLE GENERAL HOSPITAL","SISTERSVILLE","WV","26175","critical_access","25","cms_pos"
"511306","ROANE GENERAL HOSPITAL","SPENCER","WV","25276","critical_access","60","cms_pos"
"511307","GRAFTON CITY HOSPITAL, INC","GRAFTON","WV","26354","critical_access","102","cms_pos"
"511308","BRAXTON COUNTY MEMORIAL HOSPITAL, INC","GASSAWAY","WV","26624","critical_access","25","cms_pos"
"511309","VALLEY HEALTH WAR MEMORIAL HOSPITAL","BERKELEY SPRINGS","WV","25411","critical_access","25","cms_pos"
"511310","SUMMERS COUNTY ARH HOSPITAL","HINTON","WV","25951","critical_access","25","cms_pos"
"511311","HAMPSHIRE MEMORIAL HOSPITAL","ROMNEY","WV","26757","critical_access","44","cms_pos"
"511312","PRESTON MEMORIAL HOSPITAL","KINGWOOD","WV","26537","critical_access","25","cms_pos"
"511313","BOONE MEMORIAL HOSPITAL, INC","MADISON","WV","25130","critical_access","25","cms_pos"
"511314","POCAHONTAS MEMORIAL HOSPITAL","BUCKEYE","WV","24924","critical_access","25","cms_pos"
"511315","POTOMAC VALLEY HOSPITAL OF W VA, INC","KEYSER","WV","26726","critical_access","25","cms_pos"
"511316","GRANT MEMORIAL HOSPITAL","PETERSBURG","WV","26847","critical_access","45","cms_pos"
"511317","CAMC PLATEAU MEDICAL CENTER, INC","OAK HILL","WV","25901","critical_access","25","cms_pos"
"511318","MONTGOMERY GENERAL HOSPITAL","MONTGOMERY","WV","25136","critical_access","69","cms_pos"
"511319","JEFFERSON MEDICAL CENTER","RANSON","WV","25438","critical_access","25","cms_pos"
"511320","JACKSON GENERAL HOSPITAL","RIPLEY","WV","25271","critical_access","25","cms_pos"
"511321","ST JOSEPH'S HOSPITAL OF BUCKHANNON, INC","BUCKHANNON","WV","26201","critical_access","51","cms_pos"
"511322","SUMMERSVILLE REGIONAL MEDICAL CENTER","SUMMERSVILLE","WV","26651","critical_access","25","cms_pos"
"512002","SELECT SPECIALTY HOSPITAL - CHARLESTON","CHARLESTON","WV","25304","long_term_care","32","cms_pos"
"512003","CORNERSTONE SPECIALTY HOSPITALS HUNTINGTON, LLC","HUNTINGTON","WV","25702","long_term_care","28","cms_pos"
"512004","SELECT SPECIALTY HOSPITAL - MORGANTOWN","MORGANTOWN","WV","26505","long_term_care","25","cms_pos"
"512005","SELECT SPECIALTY HOSPITAL - WEIRTON","WEIRTON","WV","26062","long_term_care","49","cms_pos"
"513025","SENECA REHABILITATION HOSPITAL","WHEELING","WV","26003","rehabilitation","22","cms_pos"
"513026","ENCOMPASS HEALTH REHAB HOSPITAL OF PRINCETON","PRINCETON","WV","24740","rehabilitation","60","cms_pos"
"513027","ENCOMPASS HEALTH REHAB HOSPITAL OF PARKERSBURG","PARKERSBURG","WV","26105","rehabilitation","40","cms_pos"
"513028","ENCOMPASS HEALTH REHAB HOSPITAL OF HUNTINGTON","HUNTINGTON","WV","25705","rehabilitation","62","cms_pos"
"513030","ENCOMPASS HEALTH REHAB HOSPITAL OF MORGANTOWN","MORGANTOWN","WV","26504","rehabilitation","96","cms_pos"
"514001","HIGHLAND HOSPITAL","CHARLESTON","WV","25304","psychiatric","80","cms_pos"
"514008","RIVER PARK HOSPITAL","HUNTINGTON","WV","25701","psychiatric","165","cms_pos"
"514009","MILDRED MITCHELL-BATEMAN HOSPITAL","HUNTINGTON","WV","25705","psychiatric","110","cms_pos"
"514011","HIGHLAND-CLARKSBURG HOSPITAL, INC","CLARKSBURG","WV","26301","psychiatric","150","cms_pos"
"514012","WILLIAM R SHARPE, JR HOSPITAL","WESTON","WV","26452","psychiatric","200","cms_pos"
"520002","ASPIRUS STEVENS POINT HOSPITAL","STEVENS POINT","WI","54481","short_term_acute","181","cms_pos"
"520004","MAYO CLINIC HEALTH SYSTEM IN LA CROSSE","LA CROSSE","WI","54601","short_term_acute","345","cms_pos"
"520008","PROHEALTH WAUKESHA MEMORIAL HOSPITAL","WAUKESHA","WI","53188","short_term_acute","400","cms_pos"
"520009","ASCENSION NE WISCONSIN - ST ELIZABETH CAMPUS","APPLETON","WI","54915","short_term_acute","332","cms_pos"
"520011","MARSHFIELD MEDICAL CENTER - RICE LAKE","RICE LAKE","WI","54868","short_term_acute","75","cms_pos"
"520019","ASPIRUS RHINELANDER HOSPITAL","RHINELANDER","WI","54501","short_term_acute","99","cms_pos"
"520021","FROEDTERT PLEASANT PRAIRIE HOSPITAL","PLEASANT PRAIRIE","WI","53158","short_term_acute","380","cms_pos"
"520028","SSM HEALTH MONROE HOSPITAL","MONROE","WI","53566","short_term_acute","100","cms_pos"
"520030","ASPIRUS WAUSAU HOSPITAL","WAUSAU","WI","54401","short_term_acute","321","cms_pos"
"520033","ASPIRUS WISCONSIN RAPIDS HOSPITAL","WISCONSIN RAPIDS","WI","54495","short_term_acute","99","cms_pos"
"520034","AURORA MEDICAL CTR MANITOWOC COUNTY","TWO RIVERS","WI","54241","short_term_acute","69","cms_pos"
"520035","AURORA MEDICAL CENTER SHEBOYGAN COUNTY","SHEBOYGAN","WI","53081","short_term_acute","185","cms_pos"
"520037","MARSHFIELD MEDICAL CENTER","MARSHFIELD","WI","54449","short_term_acute","504","cms_pos"
"520038","AURORA MEDICAL CTR WASHINGTON COUNTY","HARTFORD","WI","53027","short_term_acute","71","cms_pos"
"520041","ASPIRUS DIVINE SAVIOR HOSPITAL","PORTAGE","WI","53901","short_term_acute","73","cms_pos"
"520044","ST NICHOLAS HOSPITAL","SHEBOYGAN","WI","53081","short_term_acute","185","cms_pos"
"520045","THEDACARE REGIONAL MEDICAL CENTER - NEENAH INC","NEENAH","WI","54956","short_term_acute","182","cms_pos"
"520049","BELLIN MEMORIAL HOSPITAL","GREEN BAY","WI","54305","short_term_acute","242","cms_pos"
"520051","ASCENSION COLUMBIA ST MARY'S HOSPITAL MILWAUKEE CA","MILWAUKEE","WI","53211","short_term_acute","422","cms_pos"
"520057","SSM HEALTH ST CLARE HOSPITAL - BARABOO","BARABOO","WI","53913","short_term_acute","100","cms_pos"
"520059","AURORA MEDICAL CENTER BURLINGTON","BURLINGTON","WI","53105","short_term_acute","123","cms_pos"
"520062","PROHEALTH OCONOMOWOC MEMORIAL HOSPITAL","OCONOMOWOC","WI","53066","short_term_acute","156","cms_pos"
"520063","FROEDTERT WEST BEND HOSPITAL","WEST BEND","WI","53095","short_term_acute","121","cms_pos"
"520066","MERCY HEALTH SYSTEM CORP","JANESVILLE","WI","53548","short_term_acute","240","cms_pos"
"520070","MAYO CLINIC HEALTH SYSTEM IN EAU CLAIRE","EAU CLAIRE","WI","54703","short_term_acute","304","cms_pos"
"520071","FORT MEMORIAL HOSPITAL","FORT ATKINSON","WI","53538","short_term_acute","82","cms_pos"
"520075","ST VINCENT HOSPITAL","GREEN BAY","WI","54301","short_term_acute","523","cms_pos"
"520076","MARSHFIELD MEDICAL CENTER - BEAVER DAM","BEAVER DAM","WI","53916","short_term_acute","125","cms_pos"
"520078","ASCENSION ST FRANCIS HOSPITAL","MILWAUKEE","WI","53215","short_term_acute","270","cms_pos"
"520083","SSM HEALTH ST MARY'S HOSPITAL - MADISON","MADISON","WI","53715","short_term_acute","440","cms_pos"
"520087","GUNDERSEN LUTHERAN MEDICAL CENTER","LA CROSSE","WI","54601","short_term_acute","325","cms_pos"
"520088","SSM HEALTH ST AGNES HOSPITAL-FOND DU LAC","FOND DU LAC","WI","54935","short_term_acute","151","cms_pos"
"520089","UNITYPOINT HEALTH - MERITER","MADISON","WI","53715","short_term_acute","448","cms_pos"
"520091","HOWARD YOUNG MEDICAL CTR","WOODRUFF","WI","54568","short_term_acute","109","cms_pos"
"520095","SAUK PRAIRIE HOSPITAL","PRAIRIE DU SAC","WI","53578","short_term_acute","36","cms_pos"
"520096","ASCENSION ALL SAINTS HOSPITAL","RACINE","WI","53405","short_term_acute","553","cms_pos"
"520097","ST MARYS HOSPITAL MEDICAL CTR","GREEN BAY","WI","54303","short_term_acute","158","cms_pos"
"520098","UNIVERSITY OF WI  HOSPITALS & CLINICS AUTHORITY","MADISON","WI","53792","short_term_acute","536","cms_pos"
"520100","BELOIT MEMORIAL HOSPITAL","BELOIT","WI","53511","short_term_acute","256","cms_pos"
"520102","AURORA LAKELAND MEDICAL CENTER","ELKHORN","WI","53121","short_term_acute","99","cms_pos"
"520103","FROEDTERT MENOMONEE FALLS HOSPITAL","MENOMONEE FALLS","WI","53051","short_term_acute","237","cms_pos"
"520107","FROEDTERT HOLY FAMILY MEMORIAL HOSPITAL","MANITOWOC","WI","54221","short_term_acute","167","cms_pos"
"520109","MILE BLUFF MEDICAL CENTER","MAUSTON","WI","53948","short_term_acute","40","cms_pos"
"520113","AURORA MEDICAL CENTER BAY AREA","MARINETTE","WI","54143","short_term_acute","99","cms_pos"
"520116","WATERTOWN REGIONAL MEDICAL CENTER","WATERTOWN","WI","53098","short_term_acute","95","cms_pos"
"520136","ASCENSION SE WISCONSIN HOSPITAL - ST JOSEPH CAMPUS","MILWAUKEE","WI","53210","short_term_acute","538","cms_pos"
"520138","AURORA ST LUKES MEDICAL CENTER","MILWAUKEE","WI","53215","short_term_acute","1213","cms_pos"
"520139","AURORA WEST ALLIS MEDICAL CENTER","WEST ALLIS","WI","53227","short_term_acute","149","cms_pos"
"520160","THEDACARE REGIONAL MEDICAL CENTER - APPLETON INC","APPLETON","WI","54911","short_term_acute","160","cms_pos"
"520177","FROEDTERT MEMORIAL LUTHERAN HOSPITAL","MILWAUKEE","WI","53226","short_term_acute","596","cms_pos"
"520189","AURORA MEDICAL CTR KENOSHA","KENOSHA","WI","53142","short_term_acute","74","cms_pos"
"520193","AURORA BAYCARE MEDICAL CTR","GREEN BAY","WI","54311","short_term_acute","132","cms_pos"
"520194","ORTHOPAEDIC HOSPITAL OF WISCONSIN","GLENDALE","WI","53212","short_term_acute","30","cms_pos"
"520196","OAKLEAF SURGICAL HOSPITAL","ALTOONA","WI","54720","short_term_acute","13","cms_pos"
"520198","AURORA MEDICAL CTR OSHKOSH","OSHKOSH","WI","54904","short_term_acute","84","cms_pos"
"520202","MARSHFIELD MEDICAL CENTER - WESTON","WESTON","WI","54476","short_term_acute","86","cms_pos"
"520205","MIDWEST ORTHOPEDIC SPECIALTY HOSPITAL","FRANKLIN","WI","53132","short_term_acute","16","cms_pos"
"520206","AURORA MEDICAL CENTER SUMMIT","SUMMIT","WI","53066","short_term_acute","66","cms_pos"
"520207","AURORA MEDICAL CENTER","GRAFTON","WI","53024","short_term_acute","62","cms_pos"
"520208","SSM HEALTH ST MARY'S HOSPITAL - JANESVILLE","JANESVILLE","WI","53546","short_term_acute","50","cms_pos"
"520210","MARSHFIELD MEDICAL CENTER - EAU CLAIRE","EAU CLAIRE","WI","54701","short_term_acute","44","cms_pos"
"520212","MARSHFIELD MEDICAL CENTER - MINOCQUA","MINOCQUA","WI","54548","short_term_acute","19","cms_pos"
"520213","FROEDTERT COMMUNITY HOSPITAL","NEW BERLIN","WI","53151","short_term_acute","16","cms_pos"
"520214","ASCENSION WISCONSIN HOSP MENOMONEE FALLS CAMPUS","MENOMONEE FALLS","WI","53051","short_term_acute","24","cms_pos"
"521300","ASPIRUS EAGLE RIVER HOSPITAL","EAGLE RIVER","WI","54521","critical_access","25","cms_pos"
"521302","MAYO CLINIC HEALTH SYSTEM-OAKRIDGE","OSSEO","WI","54758","critical_access","18","cms_pos"
"521303","THEDACARE MEDICAL CENTER - WILD ROSE INC","WILD ROSE","WI","54984","critical_access","25","cms_pos"
"521304","GUNDERSEN ST JOSEPHS HOSPITAL AND CLINICS","HILLSBORO","WI","54634","critical_access","25","cms_pos"
"521305","MAYO CLINIC HEALTH SYSTEM IN SPARTA","SPARTA","WI","54656","critical_access","25","cms_pos"
"521307","ADVENTHEALTH DURAND","DURAND","WI","54736","critical_access","25","cms_pos"
"521308","AMERY HOSPITAL & CLINIC","AMERY","WI","54001","critical_access","25","cms_pos"
"521309","GUNDERSEN MOUNDVIEW HOSPITAL AND CLINICS","FRIENDSHIP","WI","53934","critical_access","25","cms_pos"
"521310","HSHS ST CLARE MEMORIAL HOSPITAL","OCONTO FALLS","WI","54154","critical_access","15","cms_pos"
"521311","ASPIRUS STANLEY HOSPITAL","STANLEY","WI","54768","critical_access","24","cms_pos"
"521312","LAFAYETTE HOSPITAL AND CLINICS","DARLINGTON","WI","53530","critical_access","25","cms_pos"
"521313","ASPIRUS TOMAHAWK HOSPITAL","TOMAHAWK","WI","54487","critical_access","18","cms_pos"
"521314","MAYO CLINIC HEALTH SYSTEM-CHIPPEWA VALLEY","BLOOMER","WI","54724","critical_access","15","cms_pos"
"521315","MAYO CLINIC HEALTH SYSTEM-NORTHLAND","BARRON","WI","54812","critical_access","29","cms_pos"
"521316","GUNDERSEN TRI-COUNTY HOSPITAL AND CLINICS","WHITEHALL","WI","54773","critical_access","25","cms_pos"
"521317","ASCENSION CALUMET HOSPITAL","CHILTON","WI","53014","critical_access","29","cms_pos"
"521318","LADD MEMORIAL HOSPITAL","OSCEOLA","WI","54020","critical_access","23","cms_pos"
"521319","EDGERTON HOSPITAL AND HEALTH SERVICES","EDGERTON","WI","53534","critical_access","29","cms_pos"
"521320","TOMAH MEMORIAL HOSPITAL","TOMAH","WI","54660","critical_access","15","cms_pos"
"521321","SSM HEALTH RIPON COMMUNITY HOSPITAL","RIPON","WI","54971","critical_access","18","cms_pos"
"521322","GRANT REGIONAL HEALTH CENTER","LANCASTER","WI","53813","critical_access","15","cms_pos"
"521323","MARSHFIELD MEDICAL CENTER - NEILLSVILLE","NEILLSVILLE","WI","54456","critical_access","25","cms_pos"
"521324","ASPIRUS MEDFORD HOSPITAL & CLINICS, INC","MEDFORD","WI","54451","critical_access","15","cms_pos"
"521325","MARSHFIELD MEDICAL CENTER - PARK FALLS","PARK FALLS","WI","54552","critical_access","15","cms_pos"
"521326","THEDACARE MEDICAL CENTER NEW LONDON","NEW LONDON","WI","54961","critical_access","15","cms_pos"
"521327","SSM HEALTH WAUPUN MEMORIAL HOSPITAL","WAUPUN","WI","53963","critical_access","15","cms_pos"
"521328","MARSHFIELD MEDICAL CENTER - LADYSMITH","LADYSMITH","WI","54848","critical_access","25","cms_pos"
"521329","ESSENTIA HEALTH ST MARY'S HOSPITAL - SUPERIOR","SUPERIOR","WI","54880","critical_access","15","cms_pos"
"521330","CROSSING RIVERS HEALTH MEDICAL CENTER","PRAIRIE DU CHIEN","WI","53821","critical_access","25","cms_pos"
"521331","BURNETT MEDICAL CENTER","GRANTSBURG","WI","54840","critical_access","25","cms_pos"
"521332","SPOONER HEALTH SYSTEM","SPOONER","WI","54801","critical_access","25","cms_pos"
"521333","BLACK RIVER MEMORIAL HOSPITAL","BLACK RIVER FALLS","WI","54615","critical_access","25","cms_pos"
"521334","THEDACARE MEDICAL CENTER - WAUPACA INC","WAUPACA","WI","54981","critical_access","25","cms_pos"
"521335","HUDSON HOSPITAL & CLINIC","HUDSON","WI","54016","critical_access","25","cms_pos"
"521336","TAMARACK HEALTH HAYWARD MEDICAL CENTER","HAYWARD","WI","54843","critical_access","25","cms_pos"
"521337","ST CROIX REGIONAL MEDICAL CENTER","SAINT CROIX FALLS","WI","54024","critical_access","25","cms_pos"
"521338","PRAIRIE RIDGE HEALTH","COLUMBUS","WI","53925","critical_access","25","cms_pos"
"521339","ASPIRUS MERRILL HOSPITAL","MERRILL","WI","54452","critical_access","25","cms_pos"
"521340","MAYO CLINIC HEALTH SYSTEM-RED CEDAR","MENOMONIE","WI","54751","critical_access","25","cms_pos"
"521341","RICHLAND HOSPITAL","RICHLAND CENTER","WI","53581","critical_access","25","cms_pos"
"521342","INDIANHEAD MEDICAL CENTER SHELL LAKE","SHELL LAKE","WI","54871","critical_access","25","cms_pos"
"521343","STOUGHTON HOSPITAL","STOUGHTON","WI","53589","critical_access","25","cms_pos"
"521344","GUNDERSEN BOSCOBEL AREA HOSPITAL AND CLINICS","BOSCOBEL","WI","53805","critical_access","25","cms_pos"
"521345","WESTFIELDS HOSPITAL AND CLINIC","NEW RICHMOND","WI","54017","critical_access","25","cms_pos"
"521346","THEDACARE MEDICAL CENTER - SHAWANO INC","SHAWANO","WI","54166","critical_access","25","cms_pos"
"521347","WESTERN WISCONSIN HEALTH","BALDWIN","WI","54002","critical_access","25","cms_pos"
"521348","VERNON HEALTH HOSPITAL","VIROQUA","WI","54665","critical_access","25","cms_pos"
"521349","RIVER FALLS AREA HOSPITAL","RIVER FALLS","WI","54022","critical_access","25","cms_pos"
"521350","ASPIRUS LANGLADE HOSPITAL","ANTIGO","WI","54409","critical_access","25","cms_pos"
"521351","REEDSBURG AREA MEDICAL CENTER","REEDSBURG","WI","53959","critical_access","25","cms_pos"
"521352","UPLAND HILLS HEALTH","DODGEVILLE","WI","53533","critical_access","25","cms_pos"
"521353","CUMBERLAND MEMORIAL HOSPITAL","CUMBERLAND","WI","54829","critical_access","25","cms_pos"
"521354","SOUTHWEST HEALTH CENTER","PLATTEVILLE","WI","53818","critical_access","25","cms_pos"
"521355","THEDACARE MEDICAL CENTER - BERLIN INC","BERLIN","WI","54923","critical_access","25","cms_pos"
"521356","EMPLIFY HEALTH OCONTO HOSPITAL","OCONTO","WI","54153","critical_access","4","cms_pos"
"521357","MERCY WALWORTH HOSPITAL & MEDICAL CENTER","LAKE GENEVA","WI","53147","critical_access","25","cms_pos"
"521358","DOOR COUNTY MEDICAL CENTER","STURGEON BAY","WI","54235","critical_access","25","cms_pos"
"521359","TAMARACK HEALTH ASHLAND MEDICAL CENTER","ASHLAND","WI","54806","critical_access","25","cms_pos"
"522005","LAKEVIEW SPECIALTY HOSPITAL & REHAB CENTER","WATERFORD","WI","53185","long_term_care","39","cms_pos"
"522006","SELECT SPECIALTY HOSPITAL MILWAUKEE","WEST ALLIS","WI","53227","long_term_care","63","cms_pos"
"522008","SELECT SPECIALTY HOSPITAL MADISON","MADISON","WI","53715","long_term_care","23","cms_pos"
"523025","ASCENSION SACRED HEART REHABILITATION HOSPITAL","MEQUON","WI","53097","rehabilitation","81","cms_pos"
"523027","REHABILITATION HOSPITAL OF WISCONSIN","WAUKESHA","WI","53188","rehabilitation","40","cms_pos"
"523028","UW HEALTH REHABILITATION HOSPITAL","MADISON","WI","53718","rehabilitation","50","cms_pos"
"523029","MILWAUKEE REHABILITATION HOSPITAL AT GREENFIELD","MILWAUKEE","WI","53227","rehabilitation","40","cms_pos"
"523031","GREEN BAY REHABILITATION HOSPITAL","GREEN BAY","WI","54311","rehabilitation","40","cms_pos"
"523032","CLEARSKY REHABILITATION HOSPITAL OF KENOSHA","KENOSHA","WI","53143","rehabilitation","39","cms_pos"
"523033","ENCOMPASS HEALTH REHABILITATION HSPTL OF FITCHBURG","FITCHBURG","WI","53711","rehabilitation","56","cms_pos"
"523034","PAM HEALTH REHABILITATION HOSPITAL OF WAUSAU","WAUSAU","WI","54401","rehabilitation","42","cms_pos"
"523035","CLEARSKY REHABILITATION HOSPITAL LAKESHORE","CLEVELAND","WI","53015","rehabilitation","36","cms_pos"
"523300","CHILDRENS HOSPITAL OF WISCONSIN","MILWAUKEE","WI","53226","childrens","296","cms_pos"
"523302","CHILDRENS HOSPITAL OF WISCONSIN FOX VALLEY","NEENAH","WI","54956","childrens","42","cms_pos"
"524000","AURORA PSYCHIATRIC HOSPITAL","WAUWATOSA","WI","53213","psychiatric","105","cms_pos"
"524002","WINNEBAGO MENTAL HEALTH INSTITUTE","WINNEBAGO","WI","54985","psychiatric","315","cms_pos"
"524008","MENDOTA MENTAL HEALTH INSTITUTE","MADISON","WI","53704","psychiatric","36","cms_pos"
"524014","BROWN COUNTY COMMUNITY TREATMENT CTR","GREEN BAY","WI","54311","psychiatric","88","cms_pos"
"524017","NORTH CENTRAL HEALTH CARE","WAUSAU","WI","54403","psychiatric","16","cms_pos"
"524018","ROGERS MEMORIAL HOSPITAL","OCONOMOWOC","WI","53066","psychiatric","168","cms_pos"
"524019","NORWOOD HEALTH CENTER","MARSHFIELD","WI","54449","psychiatric","16","cms_pos"
"524025","FOND DU LAC COUNTY ACUTE PSYCH UNIT","FOND DU LAC","WI","54935","psychiatric","25","cms_pos"
"524026","WAUKESHA COUNTY MENTAL HEALTH CTR","WAUKESHA","WI","53188","psychiatric","28","cms_pos"
"524041","WILLOW CREEK BEHAVIORAL HEALTH","GREEN BAY","WI","54311","psychiatric","72","cms_pos"
"524042","MIRAMONT BEHAVIORAL HEALTH","MIDDLETON","WI","53562","psychiatric","72","cms_pos"
"524043","GRANITE HILLS HOSPITAL","WEST ALLIS","WI","53214","psychiatric","120","cms_pos"
"524044","MENTAL HEALTH EMERGENCY CENTER, INC","MILWAUKEE","WI","53205","psychiatric","6","cms_pos"
"524045","SHOREWOOD BEHAVIORAL HEALTH","MADISON","WI","53718","psychiatric","120","cms_pos"
"524046","ROGERS MEMORIAL HOSPITAL INC","BROWN DEER","WI","53223","psychiatric","56","cms_pos"
"524047","ROGERS MEMORIAL HOSPITAL INC","WEST ALLIS","WI","53227","psychiatric","81","cms_pos"
"530002","CAMPBELL COUNTY MEMORIAL HOSPITAL","GILLETTE","WY","82716","short_term_acute","119","cms_pos"
"530006","SHERIDAN MEMORIAL HOSPITAL","SHERIDAN","WY","82801","short_term_acute","88","cms_pos"
"530008","SAGEWEST HEALTH CARE","LANDER","WY","82520","short_term_acute","146","cms_pos"
"530012","WYOMING MEDICAL CENTER","CASPER","WY","82601","short_term_acute","217","cms_pos"
"530014","CHEYENNE REGIONAL MEDICAL CENTER","CHEYENNE","WY","82001","short_term_acute","201","cms_pos"
"530015","ST JOHNS MEDICAL CENTER","JACKSON","WY","83001","short_term_acute","53","cms_pos"
"530025","IVINSON MEMORIAL HOSPITAL","LARAMIE","WY","82072","short_term_acute","99","cms_pos"
"530034","SUMMIT MEDICAL CENTER","CASPER","WY","82609","short_term_acute","16","cms_pos"
"531301","SOUTH BIG HORN COUNTY CRITICAL ACCESS HOSPITAL","BASIN","WY","82410","critical_access","10","cms_pos"
"531302","MEMORIAL HOSPITAL OF CONVERSE COUNTY","DOUGLAS","WY","82633","critical_access","25","cms_pos"
"531303","WESTON COUNTY HEALTH SERVICES","NEWCASTLE","WY","82701","critical_access","21","cms_pos"
"531304","HOT SPRINGS COUNTY MEMORIAL HOSPITAL","THERMOPOLIS","WY","82443","critical_access","25","cms_pos"
"531305","PLATTE COUNTY HOSPITAL","WHEATLAND","WY","82201","critical_access","25","cms_pos"
"531306","WASHAKIE MEDICAL CENTER","WORLAND","WY","82401","critical_access","25","cms_pos"
"531307","COMMUNITY HOSPITAL","TORRINGTON","WY","82240","critical_access","25","cms_pos"
"531308","JOHNSON COUNTY HEALTHCARE CENTER","BUFFALO","WY","82834","critical_access","25","cms_pos"
"531309","NORTH BIG HORN HOSPITAL DISTRICT","LOVELL","WY","82431","critical_access","18","cms_pos"
"531310","POWELL VALLEY HOSPITAL","POWELL","WY","82435","critical_access","25","cms_pos"
"531311","CROOK COUNTY HOSPITAL","SUNDANCE","WY","82729","critical_access","16","cms_pos"
"531312","CODY REGIONAL HEALTH","CODY","WY","82414","critical_access","25","cms_pos"
"531313","STAR VALLEY HEALTH","AFTON","WY","83110","critical_access","22","cms_pos"
"531314","NIOBRARA HEALTH & LIFE CENTER","LUSK","WY","82225","critical_access","24","cms_pos"
"531315","SOUTH LINCOLN MEDICAL CENTER - CAH","KEMMERER","WY","83101","critical_access","16","cms_pos"
"531316","MEMORIAL HOSPITAL OF CARBON COUNTY","RAWLINS","WY","82301","critical_access","25","cms_pos"
"531317","NORTH PLATTE VALLEY MEDICAL CENTER","SARATOGA","WY","82331","critical_access","25","cms_pos"
"531318","MEMORIAL HOSPITAL SWEETWATER COUNTY","ROCK SPRINGS","WY","82901","critical_access","25","cms_pos"
"531319","EVANSTON REGIONAL HOSPITAL","EVANSTON","WY","82930","critical_access","25","cms_pos"
"533027","ELKHORN VALLEY REHABILITATION HOSPITAL LLC","CASPER","WY","82609","rehabilitation","41","cms_pos"
"534001","WYOMING STATE HOSPITAL","EVANSTON","WY","82931","psychiatric","183","cms_pos"
"534004","WYOMING BEHAVIORAL INSTITUTE","CASPER","WY","82609","psychiatric","85","cms_pos"
"640001","LBJ TROPICAL MEDICAL CENTER","PAGO PAGO","AS","96799","short_term_acute","124","cms_pos"
"650001","GUAM MEMORIAL HOSPITAL AUTHORITY","TAMUNING","GU","96913","short_term_acute","159","cms_pos"
"650003","GUAM REGIONAL MEDICAL CITY","DEDEDO","GU","96929","short_term_acute","154","cms_pos"
"660001","COMMONWEALTH HEALTH CENTER","GARAPAN","MP","96950","short_term_acute","86","cms_pos"
"670005","MEMORIAL HERMANN SURGICAL HOSPITAL KINGWOOD","KINGWOOD","TX","77339","short_term_acute","10","cms_pos"
"670006","THE HOSPITAL AT WESTLAKE MEDICAL CENTER","AUSTIN","TX","78746","short_term_acute","23","cms_pos"
"670008","MEMORIAL HERMANN HOUSTON PHYSICIANS HOSPITAL","WEBSTER","TX","77598","short_term_acute","21","cms_pos"
"670023","METHODIST MANSFIELD MEDICAL CENTER","MANSFIELD","TX","76063","short_term_acute","294","cms_pos"
"670025","BAYLOR SCOTT & WHITE THE HEART HOSPITAL PLANO","PLANO","TX","75093","short_term_acute","104","cms_pos"
"670031","ST LUKE'S PATIENTS MEDICAL CENTER","PASADENA","TX","77505","short_term_acute","61","cms_pos"
"670034","SCOTT & WHITE HOSPITAL-ROUND ROCK","ROUND ROCK","TX","78664","short_term_acute","278","cms_pos"
"670041","ASCENSION SETON WILLIAMSON","ROUND ROCK","TX","78664","short_term_acute","181","cms_pos"
"670043","ASCENSION SETON CEDAR PARK","CEDAR PARK","TX","78613","short_term_acute","126","cms_pos"
"670044","TEXAS HEALTH PRESBYTERIAN HOSPITAL ROCKWALL","ROCKWALL","TX","75032","short_term_acute","61","cms_pos"
"670047","THE HOSPITALS OF PROVIDENCE EAST CAMPUS","EL PASO","TX","79938","short_term_acute","238","cms_pos"
"670049","NORTH CENTRAL SURGICAL CENTER LLP","DALLAS","TX","75231","short_term_acute","23","cms_pos"
"670053","ST LUKE'S SUGAR LAND HOSPITAL","SUGAR LAND","TX","77478","short_term_acute","100","cms_pos"
"670054","FOUNDATION SURGICAL HOSPITAL OF SAN ANTONIO","SAN ANTONIO","TX","78240","short_term_acute","20","cms_pos"
"670055","METHODIST HOSPITAL  STONE OAK","SAN ANTONIO","TX","78258","short_term_acute","287","cms_pos"
"670056","ASCENSION  SETON HAYS","KYLE","TX","78640","short_term_acute","154","cms_pos"
"670059","ST LUKES LAKESIDE HOSPITAL","THE WOODLANDS","TX","77384","short_term_acute","30","cms_pos"
"670060","BAYLOR SCOTT AND WHITE MEDICAL CENTER SUNNYVALE","SUNNYVALE","TX","75182","short_term_acute","70","cms_pos"
"670062","BAYLOR SCOTT & WHITE EMERGENCY HOSPITAL","AUBREY","TX","76227","short_term_acute","40","cms_pos"
"670067","BAYLOR SCOTT AND WHITE ORTHOPEDIC AND SPINE HOSPI","ARLINGTON","TX","76015","short_term_acute","24","cms_pos"
"670068","TEXAS HEALTH PRESBYTERIAN HOSPITAL FLOWER MOUND","FLOWER MOUND","TX","75028","short_term_acute","99","cms_pos"
"670069","METHODIST MCKINNEY HOSPITAL","MCKINNEY","TX","75070","short_term_acute","23","cms_pos"
"670071","TEXAS HEALTH HEART & VASCULAR HOSPITAL ARLINGTON","ARLINGTON","TX","76012","short_term_acute","48","cms_pos"
"670073","METHODIST HOSPITAL FOR SURGERY","ADDISON","TX","75001","short_term_acute","32","cms_pos"
"670075","ST LUKE'S HOSPITAL AT THE VINTAGE","HOUSTON","TX","77070","short_term_acute","102","cms_pos"
"670076","BAYLOR SCOTT AND WHITE SURGICAL HOSPITAL AT SHERMA","SHERMAN","TX","75090","short_term_acute","14","cms_pos"
"670077","HOUSTON METHODIST WEST HOSPITAL","HOUSTON","TX","77094","short_term_acute","302","cms_pos"
"670078","BAPTIST NEIGHBORHOOD HOSPITAL THOUSAND OAKS","SAN ANTONIO","TX","78232","short_term_acute","58","cms_pos"
"670080","SETON MEDICAL CENTER HARKER HEIGHTS","HARKER HEIGHTS","TX","76548","short_term_acute","83","cms_pos"
"670082","BAYLOR SCOTT AND WHITE  MEDICAL CENTER  MCKINNEY","MC KINNEY","TX","75071","short_term_acute","192","cms_pos"
"670085","TEXAS HEALTH HARRIS METHODIST HOSPITAL ALLIANCE","FORT WORTH","TX","76244","short_term_acute","151","cms_pos"
"670088","BAYLOR SCOTT & WHITE MEDICAL CENTER- COLLEGE STATI","COLLEGE STATION","TX","77845","short_term_acute","146","cms_pos"
"670090","CRESCENT MEDICAL CENTER LANCASTER","LANCASTER","TX","75146","short_term_acute","84","cms_pos"
"670093","ASPIRE HOSPITAL","CONROE","TX","77304","short_term_acute","30","cms_pos"
"670098","RESOLUTE HEALTH HOSPITAL","NEW BRAUNFELS","TX","78130","short_term_acute","128","cms_pos"
"670102","AD HOSPITAL EAST, LLC","HOUSTON","TX","77015","short_term_acute","4","cms_pos"
"670103","MEDICAL CITY ALLIANCE","FORT WORTH","TX","76177","short_term_acute","140","cms_pos"
"670106","HCA HOUSTON HEALTHCARE PEARLAND","PEARLAND","TX","77584","short_term_acute","53","cms_pos"
"670107","BAYLOR SCOTT AND WHITE EMERGENCY HOSPITAL","BURLESON","TX","76028","short_term_acute","16","cms_pos"
"670108","BAYLOR SCOTT & WHITE MEDICAL CENTER - MARBLE FALLS","MARBLE FALLS","TX","78654","short_term_acute","46","cms_pos"
"670109","BAYTOWN MEDICAL CENTER LP","BAYTOWN","TX","77521","short_term_acute","147","cms_pos"
"670112","SOUTH TEXAS SPECIALTY HOSPITAL","SAN ANTONIO","TX","78249","short_term_acute","25","cms_pos"
"670115","CLEVELAND EMERGENCY HOSPITAL","HUMBLE","TX","77338","short_term_acute","16","cms_pos"
"670120","THE HOSPITALS OF PROVIDENCE TRANSMOUNTAIN CAMPUS","EL PASO","TX","79911","short_term_acute","114","cms_pos"
"670121","SAINT CAMILLUS MEDICAL CENTER","HURST","TX","76054","short_term_acute","23","cms_pos"
"670122","HOUSTON METHODIST THE WOODLANDS HOSPITAL","THE WOODLANDS","TX","77385","short_term_acute","293","cms_pos"
"670124","THE HOSPITALS OF PROVIDENCE HORIZON CITY CAMPUS","HORIZON CITY","TX","79928","short_term_acute","16","cms_pos"
"670125","TEXAS CENTER FOR INFECTIOUS DISEASE","SAN ANTONIO","TX","78223","short_term_acute","75","cms_pos"
"670128","BAYLOR SCOTT & WHITE MEDICAL CENTER  PFLUGERVILLE","PFLUGERVILLE","TX","78660","short_term_acute","46","cms_pos"
"670131","BAYLOR SCOTT & WHITE MEDICAL CENTER  BUDA","BUDA","TX","78610","short_term_acute","15","cms_pos"
"670132","METHODIST SOUTHLAKE MEDICAL CENTER","SOUTHLAKE","TX","76092","short_term_acute","54","cms_pos"
"670134","ALTUS LUMBERTON HOSPITAL","LUMBERTON","TX","77657","short_term_acute","4","cms_pos"
"670135","ALTUS HOUSTON HOSPITAL, LP","HOUSTON","TX","77072","short_term_acute","10","cms_pos"
"670136","BAYLOR SCOTT & WHITE MEDICAL CENTER- AUSTIN","AUSTIN","TX","78735","short_term_acute","16","cms_pos"
"670260","TEXAS HEALTH HOSPITAL FRISCO","FRISCO","TX","75033","short_term_acute","63","cms_pos"
"670265","LEGENT ORTHOPEDIC HOSPITAL","CARROLLTON","TX","75006","short_term_acute","60","cms_pos"
"670266","TOWNSEN MEMORIAL HOSPITAL","HUMBLE","TX","77338","short_term_acute","5","cms_pos"
"670267","THE WOODLANDS SPECIALTY HOSPITAL","SPRING","TX","77386","short_term_acute","6","cms_pos"
"670285","ELITE HOSPITAL KINGWOOD","KINGWOOD","TX","77339","short_term_acute","6","cms_pos"
"670300","METHODIST MIDLOTHIAN MEDICAL CENTER","MIDLOTHIAN","TX","76065","short_term_acute","46","cms_pos"
"670309","TEXAS HEALTH HOSPITAL MANSFIELD","MANSFIELD","TX","76063","short_term_acute","59","cms_pos"
"670314","ST MICHAELS MEDICAL HOSPITAL LLC","SUGAR LAND","TX","77479","short_term_acute","7","cms_pos"
"670320","EAST HOUSTON MEDICAL CENTER","HOUSTON","TX","77049","short_term_acute","4","cms_pos"
"670321","ADVANCED DALLAS HOSPITALS AND CLINICS","DALLAS","TX","75231","short_term_acute","100","cms_pos"
"670322","LEGENT SURGICAL HOSPITAL PLANO","PLANO","TX","75075","short_term_acute","7","cms_pos"
"670326","BRUSHY CREEK FAMILY HOSPITAL LLC","ROUND ROCK","TX","78681","short_term_acute","7","cms_pos"
"670327","EXCEPTIONAL COMMUNITY HOSPITAL LUBBOCK","LUBBOCK","TX","79424","short_term_acute","7","cms_pos"
"670331","MID COAST MEDICAL CENTER-TRINITY","TRINITY","TX","75862","short_term_acute","21","cms_pos"
"670333","WESTOVER HILLS BAPTIST HOSPITAL","SAN ANTONIO","TX","78251","short_term_acute","92","cms_pos"
"670335","UT HEALTH SAN ANTONIO MULTISPECIALTY & RESEARCH HO","SAN ANTONIO","TX","78229","short_term_acute","144","cms_pos"
"670336","BANDERA FAMILY HOSPITAL","SAN ANTONIO","TX","78250","short_term_acute","2","cms_pos"
"670340","METHODIST CELINA MEDICAL CENTER","CELINA","TX","75009","short_term_acute","51","cms_pos"
"670342","HOUSTON METHODIST CYPRESS HOSPITAL","CYPRESS","TX","77429","short_term_acute","100","cms_pos"
"670345","LEGENT NORTH HOUSTON SURGICAL HOSPITAL","BELLAIRE","TX","77401","short_term_acute","8","cms_pos"
"670346","BAYLOR SCOTT AND WHITE MEDICAL CENTER FRISCO AT PG","FRISCO","TX","75033","short_term_acute","84","cms_pos"
"670347","BAYLOR SCOTT AND WHITE THE HEART HOSPITAL CORINTH","DENTON","TX","76208","short_term_acute","16","cms_pos"
"670348","CORALVITA RICHARDSON","RICHARDSON","TX","75080","short_term_acute","60","cms_pos"
"670349","SANAVATE HOSPITAL","HOUSTON","TX","77090","short_term_acute","4","cms_pos"
"670350","CHRISTUS HEALTH-PALESTINE","PALESTINE","TX","75801","short_term_acute","15","cms_pos"
"670351","MERIDIAN HOSPITAL PLLC","HOUSTON","TX","77055","short_term_acute","56","cms_pos"
"670779","CROSBYTON CLINIC HOSPITAL","CROSBYTON","TX","79322","rural_emergency","2","cms_pos"
"670780","FALLS COMMUNITY HOSPITAL AND CLINIC","MARLIN","TX","76661","rural_emergency","36","cms_pos"
"670781","ANSON GENERAL HOSPITAL","ANSON","TX","79501","rural_emergency","45","cms_pos"
"670783","CHI ST LUKES HEALTH MEMORIAL SAN AUGUSTINE","SAN AUGUSTINE","TX","75972","rural_emergency","18","cms_pos"
"670784","NORTH RUNNELS HOSPITAL","WINTERS","TX","79567","rural_emergency","15","cms_pos"
"671300","GRAHAM REGIONAL MEDICAL CENTER","GRAHAM","TX","76450","critical_access","25","cms_pos"
"671301","HEMPHILL COUNTY HOSPITAL","CANADIAN","TX","79014","critical_access","20","cms_pos"
"671302","STEPHENS MEMORIAL HOSPITAL","BRECKENRIDGE","TX","76424","critical_access","20","cms_pos"
"671303","EASTLAND MEMORIAL HOSPITAL","EASTLAND","TX","76448","critical_access","52","cms_pos"
"671304","ASCENSION SETON SMITHVILLE","SMITHVILLE","TX","78957","critical_access","8","cms_pos"
"673025","PAM REHABILITATION HOSPITAL OF ALLEN","ALLEN","TX","75013","rehabilitation","56","cms_pos"
"673027","CENTRAL TEXAS REHABILITATION HOSPITAL","AUSTIN","TX","78705","rehabilitation","50","cms_pos"
"673029","ENCOMPASS HEALTH REHABILITAITON HOSPITAL OF RICHAR","RICHARDSON","TX","75080","rehabilitation","50","cms_pos"
"673030","KATE DISHMAN REHABILITATION HOSPITAL","BEAUMONT","TX","77702","rehabilitation","27","cms_pos"
"673031","METHODIST REHABILITATION HOSPITAL","DALLAS","TX","75237","rehabilitation","50","cms_pos"
"673032","ENCOMPASS HEALTH REHABILITATION HOSPITAL OF ROUND","ROUND ROCK","TX","78681","rehabilitation","75","cms_pos"
"673034","ENCOMPASS HEALTH REHABILITATION HOSPITAL VISION PA","SHENANDOAH","TX","77302","rehabilitation","60","cms_pos"
"673035","BAYLOR INSTITUTE FOR REHABILITATION AT FORT WORTH","FORT WORTH","TX","76132","rehabilitation","42","cms_pos"
"673036","SELECT REHABILITATION HOSPITAL OF DENTON","DENTON","TX","76201","rehabilitation","44","cms_pos"
"673038","MEMORIAL HERMANN REHABILITATION HOSPITAL KATY","KATY","TX","77450","rehabilitation","118","cms_pos"
"673039","ENCOMPASS HEALTH REHABILITATION HOSPITAL OF ABILEN","ABILENE","TX","79606","rehabilitation","60","cms_pos"
"673041","CARRUS REHABILITATION HOSPITAL","SHERMAN","TX","75092","rehabilitation","24","cms_pos"
"673042","ENCOMPASS HEALTH REHABILITATION HOSPITAL OF SUGAR","SUGAR LAND","TX","77478","rehabilitation","50","cms_pos"
"673043","ENCOMPASS HEALTH REHABILITATION HOSPITAL OF DALLAS","DALLAS","TX","75230","rehabilitation","40","cms_pos"
"673044","ENCOMPASS HEALTH REHABILITATION HOSPITAL OF THE MI","BEDFORD","TX","76021","rehabilitation","60","cms_pos"
"673045","MESQUITE REHABILITATION INSTITUTE","MESQUITE","TX","75149","rehabilitation","30","cms_pos"
"673046","BAYLOR INSTITUTE FOR REHABILITATION AT FRISCO","FRISCO","TX","75034","rehabilitation","44","cms_pos"
"673048","TEXAS REHABILITATION HOSPITAL","FORT WORTH","TX","76104","rehabilitation","66","cms_pos"
"673049","NEW BRAUNFELS REGIONAL REHABILITATION HOSPITAL","NEW BRAUNFELS","TX","78130","rehabilitation","40","cms_pos"
"673050","ENCOMPASS HEALTH REHABILITATION HOSPITAL OF CYPRES","HOUSTON","TX","77065","rehabilitation","60","cms_pos"
"673052","ENCOMPASS HEALTH REHABILITATION HOSPITAL THE VINTA","HOUSTON","TX","77070","rehabilitation","60","cms_pos"
"673053","CORPUS CHRISTI REHABILITATION HOSPITAL","CORPUS CHRISTI","TX","78414","rehabilitation","35","cms_pos"
"673054","ENCOMPASS HEALTH REHABILITATION HOSPITAL OF AUSTIN","AUSTIN","TX","78704","rehabilitation","60","cms_pos"
"673055","ACUTE REHABILITATION HOSPITAL OF PLANO","PLANO","TX","75093","rehabilitation","42","cms_pos"
"673056","PAM REHABILITATION HOSPITAL OF VICTORIA","VICTORIA","TX","77904","rehabilitation","26","cms_pos"
"673057","PAM HEALTH REHABILIATION HOSPTIAL OF KYLE","KYLE","TX","78640","rehabilitation","40","cms_pos"
"673058","BAYLOR SCOTT & WHITE INSTITUTE FOR REHABILITATION","LAKEWAY","TX","78734","rehabilitation","36","cms_pos"
"673059","LAREDO REHABILITATION HOSPITAL, LLC","LAREDO","TX","78041","rehabilitation","21","cms_pos"
"673060","TEXAS REHABILITATION HOSPITAL OF ARLINGTON","ARLINGTON","TX","76015","rehabilitation","40","cms_pos"
"673061","PAM REHABILITATION HOSPITAL OF CLEAR LAKE","WEBSTER","TX","77598","rehabilitation","45","cms_pos"
"673062","CLEARSKY REHABILITATION HOSPITAL OF WEATHERFORD","WEATHERFORD","TX","76086","rehabilitation","26","cms_pos"
"673063","TRUSTPOINT REHAB HOSPITAL OF LUBBOCK","LUBBOCK","TX","79415","rehabilitation","93","cms_pos"
"673065","CHI ST. JOSEPH HEALTH REHABILITATION HOSPITAL, AN","BRYAN","TX","77802","rehabilitation","75","cms_pos"
"673066","ENCOMPASS HEALTH REHABILITATION HOSPITAL OF PEARLA","PEARLAND","TX","77584","rehabilitation","60","cms_pos"
"673067","PAM REHABILITATION HOSPITAL OF CORPUS CHRISTI","CORPUS CHRISTI","TX","78401","rehabilitation","40","cms_pos"
"673068","PAM HEALTH REHABILITATION HOSPITAL OF SUGAR LAND","SUGAR LAND","TX","77479","rehabilitation","41","cms_pos"
"673069","PAM REHABILITATION HOSPITAL OF ROUND ROCK","ROUND ROCK","TX","78665","rehabilitation","40","cms_pos"
"673070","SOUTH PLAINS REHABILITATION HOSPITAL AN AFFILIATE","LUBBOCK","TX","79416","rehabilitation","92","cms_pos"
"673071","ENCOMPASS HEALTH REHABILITATION HOSPITAL OF KATY","KATY","TX","77494","rehabilitation","60","cms_pos"
"673072","PAM HEALTH REHAB HOSPITAL OF HOUSTON HEIGHTS","HOUSTON","TX","77008","rehabilitation","35","cms_pos"
"673073","LONGVIEW REHABILITATION HOSPITAL","LONGVIEW","TX","75605","rehabilitation","36","cms_pos"
"673074","TEMPLE REHABILITATION HOSPITAL","TEMPLE","TX","76504","rehabilitation","36","cms_pos"
"673075","PAM HEALTH REHABILITATION HOSPITAL OF EL PASO","EL PASO","TX","79902","rehabilitation","42","cms_pos"
"673076","CLEARSKY REHABILITATION HOSPITAL OF FLOWER MOUND","FLOWER MOUND","TX","75022","rehabilitation","41","cms_pos"
"673077","TEXAS REHABILITATION HOSPITAL OF KELLER","KELLER","TX","76248","rehabilitation","36","cms_pos"
"673078","SHANNON REHABILITATION HOSPITAL, AN AFFILIATE OF E","SAN ANGELO","TX","76901","rehabilitation","40","cms_pos"
"673079","ENCOMPASS HEALTH REHABILITATION HOSPITAL OF WACO","ROBINSON","TX","76706","rehabilitation","60","cms_pos"
"673080","REUNION REHABILITATION HOSPITAL PLANO","PLANO","TX","75075","rehabilitation","48","cms_pos"
"673081","REUNION REHABILITATION  HOSPITAL ARLINGTON","ARLINGTON","TX","76018","rehabilitation","40","cms_pos"
"673083","EL PASO REHABILITATION HOSPITAL","EL PASO","TX","79938","rehabilitation","36","cms_pos"
"673088","CLEARSKY REHABILITATION HOSPITAL OF MANSFIELD","MANSFIELD","TX","76063","rehabilitation","60","cms_pos"
"673089","CLEARSKY REHABILITATION HOSPITAL OF HARKER HEIGHTS","HARKER HEIGHTS","TX","76548","rehabilitation","30","cms_pos"
"673096","ENCOMPASS HEALTH REHABILITATION HOSPITAL OF PROSPE","PROSPER","TX","75078","rehabilitation","40","cms_pos"
"713025","NORTH SHORE REHABILITATION HOSPITAL","LACOMBE","LA","70445","rehabilitation","30","cms_pos"
"713026","BOGALUSA REHABILITATION HOSPITAL","BOGALUSA","LA","70427","rehabilitation","11","cms_pos"
"713028","ENCOMPASS HEALTH REHABILITATION HOSPITAL OF SHREVE","SHREVEPORT","LA","71115","rehabilitation","40","cms_pos"
"713029","SHREVEPORT REHABILITATION HOSPITAL LLC","SHREVEPORT","LA","71105","rehabilitation","40","cms_pos"
"743025","REHABILITATION INSTITUTE OF SOUTH SAN ANTONIO","SAN ANTONIO","TX","78221","rehabilitation","36","cms_pos"
"743027","CLEARSKY REHABILITATION HOSPITAL OF BAYTOWN LLC","BAYTOWN","TX","77521","rehabilitation","36","cms_pos"
"743028","EXALT HEALTH REHABILITATION HOSPITAL CONROE","CONROE","TX","77304","rehabilitation","40","cms_pos"
"743030","ENCOMPASS HEALTH REHABILITATION OF HOUSTON AT THE","HOUSTON","TX","77054","rehabilitation","61","cms_pos"
"743031","HORIZON MEDICAL CENTER OF MCKINNEY LLC","MC KINNEY","TX","75071","rehabilitation","26","cms_pos"
"743032","CLEARSKY REHABILITATION HOSPITAL OF ROCKWALL COUNT","HEATH","TX","75032","rehabilitation","36","cms_pos"
"743035","REHABILITATION HOSPITAL OF AMARILLO","AMARILLO","TX","79124","rehabilitation","50","cms_pos"
"743038","SELECT MEDICAL REHABILITATION HOSPITAL-TEMPLE","TEMPLE","TX","76502","rehabilitation","45","cms_pos"
