key,hospital_name,display_name
010001,SOUTHEAST HEALTH MEDICAL CENTER,Southeast Health Medical Center
010005,MARSHALL MEDICAL CENTERS SOUTH CAMPUS,Marshall Medical Centers South Campus
010006,NORTH ALABAMA MEDICAL CENTER,North Alabama Medical Center
010007,MIZELL MEMORIAL HOSPITAL,Mizell Memorial Hospital
010011,ST VINCENT'S EAST,St. Vincent's East
010012,DEKALB REGIONAL MEDICAL CENTER,DeKalb Regional Medical Center
010016,SHELBY BAPTIST MEDICAL CENTER,Shelby Baptist Medical Center
010019,HELEN KELLER MEMORIAL HOSPITAL,Helen Keller Memorial Hospital
010021,DALE MEDICAL CENTER,Dale Medical Center
010022,FLOYD CHEROKEE MEDICAL CENTER,Floyd Cherokee Medical Center
010023,BAPTIST MEDICAL CENTER SOUTH,Baptist Medical Center South
010024,JACKSON HOSPITAL & CLINIC INC,Jackson Hospital & Clinic Inc
010029,EAST ALABAMA MEDICAL CENTER,East Alabama Medical Center
010033,UNIVERSITY OF ALABAMA HOSPITAL,University of Alabama Hospital
010034,COMMUNITY HOSPITAL INC,Community Hospital Inc
010035,CULLMAN REGIONAL MEDICAL CENTER,Cullman Regional Medical Center
010036,ANDALUSIA HEALTH,Andalusia Health
010039,HUNTSVILLE HOSPITAL,Huntsville Hospital
010040,GADSDEN REGIONAL MEDICAL CENTER,Gadsden Regional Medical Center
010044,NORTH MISSISSIPPI MEDICAL CENTER - HAMILTON,North Mississippi Medical Center - Hamilton
010045,FAYETTE MEDICAL CENTER,Fayette Medical Center
010046,RIVERVIEW REGIONAL MEDICAL CENTER,Riverview Regional Medical Center
010049,MEDICAL CENTER ENTERPRISE,Medical Center Enterprise
010051,GREENE COUNTY HOSPITAL,Greene County Hospital
010052,LAKE MARTIN COMMUNITY HOSPITAL,Lake Martin Community Hospital
010055,FLOWERS HOSPITAL,Flowers Hospital
010056,ST VINCENT'S BIRMINGHAM,St. Vincent's Birmingham
010058,BIBB MEDICAL CENTER,Bibb Medical Center
010061,HIGHLANDS MEDICAL CENTER,Highlands Medical Center
010065,RUSSELL MEDICAL CENTER,Russell Medical Center
010078,NORTHEAST ALABAMA REGIONAL MEDICAL CENTER,Northeast Alabama Regional Medical Center
010079,ATHENS LIMESTONE HOSPITAL,Athens Limestone Hospital
010083,BALDWIN HEALTH,Baldwin Health
010085,DECATUR MORGAN HOSPITAL-DECATUR CAMPUS,Decatur Morgan Hospital-Decatur Campus
010086,NORTH MISSISSIPPI HEALTH SERVICES - SOUTH MARION,North Mississippi Health Services - South Marion
010087,USA HEALTH UNIVERSITY HOSPITAL,USA Health University Hospital
010089,WALKER BAPTIST MEDICAL CENTER,Walker Baptist Medical Center
010090,USA HEALTH PROVIDENCE HOSPITAL,USA Health Providence Hospital
010092,DCH REGIONAL MEDICAL CENTER,DCH Regional Medical Center
010095,HALE COUNTY HOSPITAL,Hale County Hospital
010097,ELMORE COMMUNITY HOSPITAL,Elmore Community Hospital
010099,D W MCMILLAN MEMORIAL HOSPITAL,D. W. McMillan Memorial Hospital
010100,THOMAS HOSPITAL,Thomas Hospital
010101,CITIZENS BAPTIST MEDICAL CENTER,Citizens Baptist Medical Center
010103,PRINCETON BAPTIST MEDICAL CENTER,Princeton Baptist Medical Center
010104,GRANDVIEW MEDICAL CENTER,Grandview Medical Center
010108,PRATTVILLE BAPTIST HOSPITAL,Prattville Baptist Hospital
010112,WHITFIELD REGIONAL HOSPITAL,Whitfield Regional Hospital
010113,MOBILE INFIRMARY MEDICAL CENTER,Mobile Infirmary Medical Center
010114,UAB MEDICAL WEST,UAB Medical West
010118,VAUGHAN REGIONAL MEDICAL CENTER PARKWAY CAMPUS,Vaughan Regional Medical Center Parkway Campus
010126,TROY REGIONAL MEDICAL CENTER,Troy Regional Medical Center
010128,JACKSON MEDICAL CENTER,Jackson Medical Center
010129,NORTH BALDWIN INFIRMARY,North Baldwin Infirmary
010130,ST VINCENT'S ST CLAIR,St. Vincent's St. Clair
010131,CRESTWOOD MEDICAL CENTER,Crestwood Medical Center
010138,HILL HOSPITAL OF SUMTER COUNTY,Hill Hospital of Sumter County
010139,BAPTIST HEALTH BROOKWOOD HOSPITAL,Baptist Health Brookwood Hospital
010144,SPRINGHILL MEMORIAL HOSPITAL,Springhill Memorial Hospital
010148,EVERGREEN MEDICAL CENTER,Evergreen Medical Center
010149,BAPTIST MEDICAL CENTER EAST,Baptist Medical Center East
010150,REGIONAL MEDICAL CENTER OF CENTRAL ALABAMA,Regional Medical Center of Central Alabama
010157,NORTH ALABAMA SHOALS HOSPITAL,North Alabama Shoals Hospital
010158,RUSSELLVILLE HOSPITAL,Russellville Hospital
010164,COOSA VALLEY MEDICAL CENTER,Coosa Valley Medical Center
010168,JACK HUGHSTON MEMORIAL HOSPITAL,Jack Hughston Memorial Hospital
010169,ATMORE COMMUNITY HOSPITAL,Atmore Community Hospital
010173,ST VINCENT'S CHILTON,St. Vincent's Chilton
010779,BULLOCK COUNTY HOSPITAL,Bullock County Hospital
010780,EAMC - LANIER,EAMC - Lanier
010781,J PAUL JONES HOSPITAL,J. Paul Jones Hospital
010782,CLAY COUNTY HOSPITAL,Clay County Hospital
010783,GROVE HILL MEMORIAL HOSPITAL,Grove Hill Memorial Hospital
011300,WASHINGTON COUNTY HOSPITAL,Washington County Hospital
011302,RED BAY HOSPITAL,Red Bay Hospital
011304,OCHSNER CHOCTAW GENERAL,Ochsner Choctaw General
011305,ST VINCENTS BLOUNT,St. Vincents Blount
011306,TANNER MEDICAL CENTER-EAST ALABAMA,Tanner Medical Center-East Alabama
011307,MEDICAL CENTER BARBOUR,Medical Center Barbour
011308,CRENSHAW COMMUNITY HOSPITAL,Crenshaw Community Hospital
011309,WIREGRASS MEDICAL CENTER,Wiregrass Medical Center
011310,MONROE COUNTY HOSPITAL,Monroe County Hospital
011311,LAKELAND COMMUNITY HOSPITAL,Lakeland Community Hospital
012006,INFIRMARY LTAC HOSPITAL,Infirmary Ltac Hospital
012008,SELECT SPECIALTY HOSPITAL - BIRMINGHAM,Select Specialty Hospital - Birmingham
012009,"NOLAND HOSPITAL BIRMINGHAM II, LLC","Noland Hospital Birmingham II, LLC"
012010,"NOLAND HOSPITAL DOTHAN II, LLC","Noland Hospital Dothan II, LLC"
012011,"NOLAND HOSPITAL ANNISTON II, LLC","Noland Hospital Anniston II, LLC"
012012,"NOLAND HOSPITAL TUSCALOOSA II, LLC","Noland Hospital Tuscaloosa II, LLC"
012014,NORTH ALABAMA SPECIALTY HOSPITAL,North Alabama Specialty Hospital
013025,ENCOMPASS HEALTH LAKESHORE REHABILITATION HOSPITAL,Encompass Health Lakeshore Rehabilitation Hospital
013028,ENCOMPASS REHABILITATION HOSPITAL OF MONTGOMERY,Encompass Rehabilitation Hospital of Montgomery
013029,ENCOMPASS HEALTH REHABILITATION HOSPITAL NORTH  AL,Encompass Health Rehabilitation Hospital North Al
013030,ENCOMPASS HEALTH REHABILITATION HOSPITAL OF DOTHAN,Encompass Health Rehabilitation Hospital of Dothan
013031,ENCOMPASS HEALTH REHABILITATION HOSPITAL OF SHELBY,Encompass Health Rehabilitation Hospital of Shelby
013032,ENCOMPASS HEALTH REHABILITATION HOSPITAL GADSDEN,Encompass Health Rehabilitation Hospital Gadsden
013033,REHABILITATION HOSPITAL OF PHENIX CITY,Rehabilitation Hospital of Phenix City
013300,CHILDREN'S HOSPITAL OF ALABAMA,Children's Hospital of Alabama
013301,USA HEALTH CHILDREN'S & WOMEN'S HOSPITAL,USA Health Children's & Women's Hospital
014000,HILL CREST BEHAVIORAL HEALTH SERVICES,Hill Crest Behavioral Health Services
014006,MOUNTAIN VIEW HOSPITAL,Mountain View Hospital
014007,BRYCE HOSPITAL,Bryce Hospital
014012,MARY S HARPER GERIATRIC PSYCHIATRY CENTER,Mary S. Harper Geriatric Psychiatry Center
014013,LAUREL OAKS BEHAVIORAL HEALTH CENTER,Laurel Oaks Behavioral Health Center
014014,BAYPOINTE BEHAVIORAL HEALTH,Baypointe Behavioral Health
014015,BEACON CHILDREN'S HOSPITAL,Beacon Children's Hospital
014016,"SANCTUARY AT THE WOODLANDS, THE","Sanctuary at the Woodlands, the"
014017,EASTPOINTE HOSPITAL,Eastpointe Hospital
014018,UNITY PSYCHIATRIC CARE - HUNTSVILLE,Unity Psychiatric Care - Huntsville
014019,UNITY PSYCHIATRIC CARE - CREEKSIDE,Unity Psychiatric Care - Creekside
020001,PROVIDENCE ALASKA MEDICAL CENTER,Providence Alaska Medical Center
020006,MAT-SU REGIONAL MEDICAL CENTER,Mat-Su Regional Medical Center
020008,BARTLETT REGIONAL HOSPITAL,Bartlett Regional Hospital
020012,FAIRBANKS MEMORIAL HOSPITAL,Fairbanks Memorial Hospital
020017,ALASKA REGIONAL HOSPITAL,Alaska Regional Hospital
020024,CENTRAL PENINSULA GENERAL HOSPITAL,Central Peninsula General Hospital
021301,PROVIDENCE VALDEZ MEDICAL CENTER,Providence Valdez Medical Center
021302,PROVIDENCE SEWARD MEDICAL CENTER,Providence Seward Medical Center
021304,PETERSBURG MEDICAL CENTER,Petersburg Medical Center
021306,PROVIDENCE KODIAK ISLAND MEDICAL CTR,Providence Kodiak Island Medical Center
021307,CORDOVA COMMUNITY MEDICAL CENTER,Cordova Community Medical Center
021311,KETCHIKAN MEDICAL CENTER,Ketchikan Medical Center
021313,SOUTH PENINSULA HOSPITAL,South Peninsula Hospital
022001,ST ELIAS SPECIALTY HOSPITAL,St. Elias Specialty Hospital
024001,NORTH STAR HOSPITAL,North Star Hospital
024002,ALASKA PSYCHIATRIC INSTITUTE,Alaska Psychiatric Institute
030002,BANNER - UNIVERSITY MEDICAL CENTER PHOENIX,Banner - University Medical Center Phoenix
030006,TUCSON MEDICAL CENTER,Tucson Medical Center
030007,VERDE VALLEY MEDICAL CENTER,Verde Valley Medical Center
030010,ST. MARY'S HOSPITAL,St. Mary's Hospital
030011,ST JOSEPH'S HOSPITAL,St. Joseph's Hospital
030012,YAVAPAI REGIONAL MEDICAL CENTER,Yavapai Regional Medical Center
030013,YUMA REGIONAL MEDICAL CENTER,Yuma Regional Medical Center
030014,HONORHEALTH JOHN C. LINCOLN MEDICAL CENTER,HonorHealth John C. Lincoln Medical Center
030016,BANNER CASA GRANDE MEDICAL CENTER,Banner Casa Grande Medical Center
030022,VALLEYWISE HEALTH MEDICAL CENTER,Valleywise Health Medical Center
030023,FLAGSTAFF MEDICAL CENTER,Flagstaff Medical Center
030024,ST. JOSEPH'S HOSPITAL AND MEDICAL CENTER,St. Joseph's Hospital and Medical Center
030030,ABRAZO CENTRAL CAMPUS,Abrazo Central Campus
030036,CHANDLER REGIONAL MEDICAL CENTER,Chandler Regional Medical Center
030037,HONORHEALTH TEMPE MEDICAL CENTER,HonorHealth Tempe Medical Center
030038,HONORHEALTH SCOTTSDALE OSBORN MEDICAL CENTER,HonorHealth Scottsdale Osborn Medical Center
030043,CANYON VISTA MEDICAL CENTER,Canyon Vista Medical Center
030055,KINGMAN REGIONAL MEDICAL CENTER,Kingman Regional Medical Center
030061,BANNER BOSWELL MEDICAL CENTER,Banner Boswell Medical Center
030062,SUMMIT HEALTHCARE REGIONAL MEDICAL CENTER,Summit Healthcare Regional Medical Center
030064,BANNER - UNIVERSITY MEDICAL CENTER TUCSON CAMPUS,Banner - University Medical Center Tucson Campus
030065,BANNER DESERT MEDICAL CENTER,Banner Desert Medical Center
030069,HAVASU REGIONAL MEDICAL CENTER,Havasu Regional Medical Center
030083,ABRAZO SCOTTSDALE CAMPUS,Abrazo Scottsdale Campus
030084,CHINLE COMPREHENSIVE HEALTH CARE FACILITY,Chinle Comprehensive Health Care Facility
030085,NORTHWEST MEDICAL CENTER,Northwest Medical Center
030087,HONORHEALTH SCOTTSDALE SHEA MEDICAL CENTER,HonorHealth Scottsdale Shea Medical Center
030088,BANNER BAYWOOD MEDICAL CENTER,Banner Baywood Medical Center
030089,BANNER THUNDERBIRD MEDICAL CENTER,Banner Thunderbird Medical Center
030092,HONORHEALTH DEER VALLEY MEDICAL CENTER,HonorHealth Deer Valley Medical Center
030093,BANNER DEL E. WEBB MEDICAL CENTER,Banner del E. Webb Medical Center
030094,ABRAZO ARROWHEAD CAMPUS,Abrazo Arrowhead Campus
030101,WESTERN ARIZONA REGIONAL MEDICAL CENTER,Western Arizona Regional Medical Center
030103,MAYO CLINIC HOSPITAL,Mayo Clinic Hospital
030105,BANNER HEART HOSPITAL,Banner Heart Hospital
030107,ARIZONA SPINE AND JOINT HOSPITAL,Arizona Spine and Joint Hospital
030108,THE CORE INSTITUTE SPECIALTY HOSPITAL,The Core Institute Specialty Hospital
030110,ABRAZO WEST CAMPUS,Abrazo West Campus
030111,BANNER-UNIVERSITY MEDICAL CENTER SOUTH CAMPUS,Banner-University Medical Center South Campus
030112,ARIZONA SPECIALTY HOSPITAL,Arizona Specialty Hospital
030114,ORO VALLEY HOSPITAL,Oro Valley Hospital
030115,BANNER ESTRELLA MEDICAL CENTER,Banner Estrella Medical Center
030117,VALLEY VIEW MEDICAL CENTER,Valley View Medical Center
030119,MERCY GILBERT MEDICAL CENTER,Mercy Gilbert Medical Center
030121,HONORHEALTH MOUNTAIN VISTA MEDICAL CENTER,HonorHealth Mountain Vista Medical Center
030122,BANNER GATEWAY MEDICAL CENTER,Banner Gateway Medical Center
030123,HONORHEALTH SCOTTSDALE THOMPSON PEAK MED CTR,HonorHealth Scottsdale Thompson Peak Medical Center
030130,BANNER IRONWOOD MEDICAL CENTER,Banner Ironwood Medical Center
030134,BANNER GOLDFIELD MEDICAL CENTER,Banner Goldfield Medical Center
030136,DIGNITY HEALTH - ARIZONA GENERAL HOSPITAL,Dignity Health - Arizona General Hospital
030138,CITY OF HOPE CANCER CENTER PHOENIX,City of Hope Cancer Center Phoenix
030139,DIGNITY HEALTH ARIZONA GENERAL HOSPITAL,Dignity Health Arizona General Hospital
030146,HONORHEALTH SONORAN CROSSING MEDICAL CENTER,HonorHealth Sonoran Crossing Medical Center
030147,BANNER OCOTILLO MEDICAL CENTER,Banner Ocotillo Medical Center
030148,NORTHWEST MEDICAL CENTER SAHUARITA,Northwest Medical Center Sahuarita
030152,EXCEPTIONAL COMMUNITY HOSPITAL - MARICOPA,Exceptional Community Hospital - Maricopa
030153,EAST VALLEY ER & HOSPITAL,East Valley ER & Hospital
030154,EXCEPTIONAL COMMUNITY HOSPITAL YUMA,Exceptional Community Hospital Yuma
030155,EXCEPTIONAL COMMUNITY HOSPITAL BULLHEAD CITY,Exceptional Community Hospital Bullhead City
030195,KAYENTA ALTERNATIVE RURAL HOSPITAL,Kayenta Alternative Rural Hospital
030196,EXCEPTIONAL COMMUNITY HOSPITAL PRESCOTT,Exceptional Community Hospital Prescott
030198,CORNERSTONE SPECIALTY HOSPITALS TUCSON,Cornerstone Specialty Hospitals Tucson
031300,WICKENBURG COMMUNITY HOSPITAL,Wickenburg Community Hospital
031301,BENSON HOSPITAL,Benson Hospital
031302,"NORTHERN COCHISE COMMUNITY HOSPITAL, INC.","Northern Cochise Community Hospital, Inc."
031304,PAGE HOSPITAL,Page Hospital
031309,SAGE MEMORIAL HOSPITAL,Sage Memorial Hospital
031311,LITTLE COLORADO MEDICAL CENTER,Little Colorado Medical Center
031312,COPPER QUEEN COMMUNITY HOSPITAL,Copper Queen Community Hospital
031313,HOLY CROSS HOSPITAL,Holy Cross Hospital
031314,COBRE VALLEY REGIONAL MEDICAL CENTER,Cobre Valley Regional Medical Center
031315,WHITE MOUNTAIN REGIONAL MEDICAL CENTER,White Mountain Regional Medical Center
031317,LA PAZ REGIONAL HOSPITAL,La Paz Regional Hospital
031318,BANNER PAYSON MEDICAL CENTER,Banner Payson Medical Center
031319,MT. GRAHAM REGIONAL MEDICAL CENTER,Mt. Graham Regional Medical Center
032001,SELECT SPECIALTY HOSPITAL PHOENIX,Select Specialty Hospital Phoenix
032002,SELECT SPECIALTY HOSPITAL-TUCSON NORTHWEST,Select Specialty Hospital-Tucson Northwest
032005,SELECT SPECIALTY HOSPITAL ARIZONA,Select Specialty Hospital Arizona
032006,PHOENIX SPECIALTY HOSPITAL,Phoenix Specialty Hospital
033025,ENCOMPASS HEALTH REHAB HOSPITAL OF SCOTTSDALE,Encompass Health Rehabilitation Hospital of Scottsdale
033028,ENCOMPASS HEALTH REHABILITATION INSTITUTE OF TUCSO,Encompass Health Rehabilitation Institute of Tucso
033029,ENCOMPASS HEALTH REHABILITATION HOSPITAL OF NORTHW,Encompass Health Rehabilitation Hospital of Northw
033032,ENCOMPASS HEALTH VALLEY OF THE SUN REHAB HOSPITAL,Encompass Health Valley of the Sun Rehabilitation Hospital
033034,"YUMA REHABILITATION HOSPITAL,AN AFFILIATION OF ENC","Yuma Rehabilitation Hospital,an Affiliation of Enc"
033036,MOUNTAIN VALLEY REGIONAL REHABILITATION HOSPITAL,Mountain Valley Regional Rehabilitation Hospital
033037,ENCOMPASS HEALTH REHABILITATION HOSPITAL OF EAST V,Encompass Health Rehabilitation Hospital of East V
033038,"GLOBALREHAB - SCOTTSDALE, LLC","Globalrehab - Scottsdale, LLC"
033039,PAM HEALTH REHABILITATION HOSPITAL OF SURPRISE,PAM Health Rehabilitation Hospital of Surprise
033040,DIGNITY HEALTH EAST VALLEY REHABILITATION HOSPITAL,Dignity Health East Valley Rehabilitation Hospital
033041,REHABILITATION HOSPITAL OF NORTHERN ARIZONA,Rehabilitation Hospital of Northern Arizona
033042,BANNER REHABILITATION HOSPITAL-WEST,Banner Rehabilitation Hospital-West
033043,REUNION REHABILITATION HOSPITAL PHOENIX LLC,Reunion Rehabilitation Hospital Phoenix LLC
033044,DIGNITY HEALTH EAST VALLEY REHABILITATION HOSPITAL,Dignity Health East Valley Rehabilitation Hospital
033045,REUNION REHABILITATION HOSPITAL PEORIA LLC,Reunion Rehabilitation Hospital Peoria LLC
033046,CLEARSKY REHABILITATION HOSPITAL OF AVONDALE,Clearsky Rehabilitation Hospital of Avondale
033047,EXALT HEALTH REHABILITATION HOSPITAL SCOTTSDALE,Exalt Health Rehabilitation Hospital Scottsdale
033302,PHOENIX CHILDREN'S HOSPITAL,Phoenix Children's Hospital
034004,BANNER BEHAVIORAL HEALTH HOSPITAL,Banner Behavioral Health Hospital
034013,COLLEGE MEDICAL CENTER PHOENIX,College Medical Center Phoenix
034020,HAVEN BEHAVIORAL HOSPITAL OF PHOENIX,Haven Behavioral Hospital of Phoenix
034021,ARIZONA STATE HOSPITAL,Arizona State Hospital
034022,SONORA BEHAVIORAL HEALTH HOSPITAL,Sonora Behavioral Health Hospital
034023,THE GUIDANCE CENTER,The Guidance Center
034024,AURORA BEHAVIORAL HEALTH SYSTEM,Aurora Behavioral Health System
034025,THE HEALING PLACE,The Healing Place
034026,VALLEY HOSPITAL,Valley Hospital
034027,CHANGEPOINT PSYCHIATRIC HOSPITAL,Changepoint Psychiatric Hospital
034028,AURORA BEHAVIORAL HEALTHCARE-TEMPE,Aurora Behavioral Healthcare-Tempe
034029,OASIS BEHAVIORAL HEALTH HOSPITAL,Oasis Behavioral Health Hospital
034030,PALO VERDE BEHAVIORAL HEALTH,Palo Verde Behavioral Health
034031,QUAIL RUN BEHAVIORAL HEALTH,Quail Run Behavioral Health
034032,"COPPER SPRINGS HOSPITAL, LLC","Copper Springs Hospital, LLC"
034033,EL DORADO SPRINGS,El Dorado Springs
034034,DESTINY SPRINGS HEALTHCARE,Destiny Springs Healthcare
034035,AVENIR BEHAVIORAL HEALTH CENTER,Avenir Behavioral Health Center
034038,"PHOENIX MEDICAL PSYCHIATRIC HOSPITAL, LLC","Phoenix Medical Psychiatric Hospital, LLC"
034040,VIA LINDA BEHAVIORAL HOSPITAL,Via Linda Behavioral Hospital
034041,AGAVE RIDGE BEHAVIORAL HOSPITAL,Agave Ridge Behavioral Hospital
040001,SILOAM SPRINGS REGIONAL HOSPITAL,Siloam Springs Regional Hospital
040002,JOHNSON REGIONAL MEDICAL CENTER,Johnson Regional Medical Center
040004,WASHINGTON REGIONAL MEDICAL CENTER,Washington Regional Medical Center
040007,CHI ST VINCENT INFIRMARY,CHI St. Vincent Infirmary
040010,MERCY HOSPITAL NORTHWEST ARKANSAS,Mercy Hospital Northwest Arkansas
040011,CHAMBERS MEMORIAL HOSPITAL,Chambers Memorial Hospital
040014,UNITY HEALTH WHITE COUNTY MEDICAL CENTER,Unity Health White County Medical Center
040016,UAMS MEDICAL CENTER,UAMS Medical Center
040017,NORTH ARKANSAS REGIONAL MEDICAL CENTER,North Arkansas Regional Medical Center
040018,BAPTIST HEALTH - VAN BUREN,Baptist Health - Van Buren
040019,FORREST CITY MEDICAL CENTER,Forrest City Medical Center
040020,ST BERNARDS MEDICAL CENTER,St. Bernards Medical Center
040022,NORTHWEST MEDICAL CENTER,Northwest Medical Center
040026,CHI ST VINCENT HOSPITAL HOT SPRINGS,CHI St. Vincent Hospital Hot Springs
040027,BAXTER HEALTH,Baxter Health
040029,"CONWAY REGIONAL MEDICAL CENTER, INC","Conway Regional Medical Center, Inc"
040036,BAPTIST HEALTH MEDICAL CENTER NORTH LITTLE ROCK,Baptist Health Medical Center North Little Rock
040039,ARKANSAS METHODIST MEDICAL CENTER,Arkansas Methodist Medical Center
040041,ST MARYS REGIONAL MEDICAL CENTER,St. Marys Regional Medical Center
040050,OUACHITA COUNTY MEDICAL CENTER,Ouachita County Medical Center
040051,BAPTIST HEALTH MEDICAL CENTER-DREW COUNTY,Baptist Health Medical Center-Drew County
040055,BAPTIST HEALTH - FORT SMITH,Baptist Health - Fort Smith
040062,MERCY HOSPITAL FORT SMITH,Mercy Hospital Fort Smith
040069,GREAT RIVER MEDICAL CENTER,Great River Medical Center
040071,JEFFERSON REGIONAL MEDICAL CENTER,Jefferson Regional Medical Center
040076,BAPTIST HEALTH MEDICAL CENTER-HOT SPRINGS COUNTY,Baptist Health Medical Center-Hot Springs County
040078,NATIONAL PARK MEDICAL CENTER,National Park Medical Center
040084,SALINE MEMORIAL HOSPITAL,Saline Memorial Hospital
040088,SOUTH ARKANSAS REGIONAL HOSPITAL LLC,South Arkansas Regional Hospital LLC
040114,BAPTIST HEALTH MEDICAL CENTER-LITTLE ROCK,Baptist Health Medical Center-Little Rock
040118,NEA BAPTIST MEMORIAL HOSPITAL,NEA Baptist Memorial Hospital
040119,WHITE RIVER MEDICAL CENTER,White River Medical Center
040134,"ARKANSAS HEART HOSPITAL, LLC","Arkansas Heart Hospital, LLC"
040137,ST VINCENT MEDICAL CENTER/NORTH,St. Vincent Medical Center/north
040147,ARKANSAS SURGICAL HOSPITAL,Arkansas Surgical Hospital
040154,BAPTIST HEALTH MEDICAL CENTER- CONWAY,Baptist Health Medical Center- Conway
040156,"BAPTIST MEMORIAL HOSPITAL-CRITTENDEN, INC","Baptist Memorial Hospital-Crittenden, Inc"
040161,ARKANSAS HEART HOSPITAL-ENCORE,Arkansas Heart Hospital-Encore
040164,UNITY HEALTH - JACKSONVILLE,Unity Health - Jacksonville
040779,ST BERNARDS FIVE RIVERS MEDICAL CENTER,St. Bernards Five Rivers Medical Center
040780,EUREKA SPRINGS HOSPITAL COMMISSION,Eureka Springs Hospital Commission
040781,HELENA REGIONAL MEDICAL CENTER,Helena Regional Medical Center
040782,SOUTH MISSISSIPPI COUNTY REGIONAL MEDICAL CENTER,South Mississippi County Regional Medical Center
040783,"DEWITT HOSPITAL & NURSING HOME, INC","Dewitt Hospital & Nursing Home, Inc"
041300,MERCY HOSPITAL PARIS,Mercy Hospital Paris
041302,DARDANELLE REGIONAL MEDICAL CENTER,Dardanelle Regional Medical Center
041303,MERCY HOSPITAL OZARK,Mercy Hospital Ozark
041305,MERCY HOSPITAL WALDRON,Mercy Hospital Waldron
041306,IZARD REGIONAL HOSPITAL LLC,Izard Regional Hospital LLC
041307,CROSSRIDGE COMMUNITY HOSPITAL,Crossridge Community Hospital
041308,MCGEHEE HOSPITAL,McGehee Hospital
041309,LAWRENCE MEMORIAL HOSPITAL,Lawrence Memorial Hospital
041310,STONE COUNTY MEDICAL CENTER,Stone County Medical Center
041311,HOWARD MEMORIAL HOSPITAL,Howard Memorial Hospital
041312,BAPTIST HEALTH MEDICAL CENTER HEBER SPINGS,Baptist Health Medical Center Heber Spings
041313,OZARK HEALTH,Ozark Health
041317,DALLAS COUNTY MEDICAL CENTER,Dallas County Medical Center
041318,MERCY HOSPITAL BOONEVILLE,Mercy Hospital Booneville
041320,LITTLE RIVER MEMORIAL HOSPITAL,Little River Memorial Hospital
041321,BAPTIST HEALTH MEDICAL CENTER-ARKADELPHIA,Baptist Health Medical Center-Arkadelphia
041322,BAXTER HEALTH FULTON COUNTY HOSPITAL,Baxter Health Fulton County Hospital
041323,ASHLEY COUNTY MEDICAL CENTER,Ashley County Medical Center
041324,CHI ST VINCENT MORRILTON,CHI St. Vincent Morrilton
041326,DELTA MEMORIAL HOSPITAL,Delta Memorial Hospital
041327,BRADLEY COUNTY MEDICAL CENTER,Bradley County Medical Center
041328,CHICOT MEMORIAL MEDICAL CENTER,Chicot Memorial Medical Center
041329,MERCY HOSPITAL BERRYVILLE,Mercy Hospital Berryville
041330,PIGGOTT COMMUNITY HOSPITAL,Piggott Community Hospital
041331,OZARKS COMMUNITY HOSPITAL OF GRAVETTE,Ozarks Community Hospital of Gravette
041332,UNITY HEALTH - NEWPORT,Unity Health - Newport
041333,SEVIER COUNTY MEDICAL CENTER,Sevier County Medical Center
041334,MENA REGIONAL HEALTH SYSTEM,Mena Regional Health System
041335,SOUTHWEST ARKANSAS REGIONAL MEDICAL CENTER LLC,Southwest Arkansas Regional Medical Center LLC
041336,MAGNOLIA REGIONAL MEDICAL CENTER,Magnolia Regional Medical Center
041337,BAPTIST HEALTH MEDICAL CENTER-STUTTGART,Baptist Health Medical Center-Stuttgart
042004,ARKANSAS EXTENDED CARE HOSPITAL HOT SPRINGS,Arkansas Extended Care Hospital Hot Springs
042008,ARKANSAS EXTENDED CARE HOSPITAL-FT SMITH,Arkansas Extended Care Hospital-Ft. Smith
042009,REGENCY HOSPITAL OF NORTHWEST ARKANSAS,Regency Hospital of Northwest Arkansas
042010,CORNERSTONE SPECIALTY HOSPITALS LITTLE ROCK,Cornerstone Specialty Hospitals Little Rock
042011,ADVANCED CARE HOSPITAL WHITE COUNTY,Advanced Care Hospital White County
042012,BAPTIST HEALTH EXTENDED CARE HOSPITAL-LR INC,Baptist Health Extended Care Hospital-Lr Inc
043026,BAPTIST HEALTH REHABILITATION INSTITUTE,Baptist Health Rehabilitation Institute
043028,ENCOMPASS HEALTH REHABILITATION HOSPITAL FT SMITH,Encompass Health Rehabilitation Hospital Ft. Smith
043029,ENCOMPASS HEALTH REHABILITATION HOSPITAL,Encompass Health Rehabilitation Hospital
043031,CHI ST VINCENT SHERWOOD REHABILITATION HOSPITAL,CHI St. Vincent Sherwood Rehabilitation Hospital
043032,ENCOMPASS HEALTH REHAB HOSP A PARTNER OF WASH REG,Encompass Health Rehabilitation Hospital A Partner of Wash Regional
043033,CONWAY REGIONAL REHABILITATION HOSPITAL,Conway Regional Rehabilitation Hospital
043034,SOUTHEAST REHABILITATION HOSPITAL,Southeast Rehabilitation Hospital
043035,"CHI ST VINCENT HS REHAB HOSP, A PART OF ENCOMPASS","CHI St. Vincent Hs Rehabilitation Hospital, A Part of Encompass"
043036,MERCY  REHABILITATION HOSPITAL NORTHWEST AR,Mercy Rehabilitation Hospital Northwest Ar
043037,MERCY REHABILITATION HOSPITAL,Mercy Rehabilitation Hospital
043038,JEFFERSON REGIONAL SPECIALTY HOSPITAL,Jefferson Regional Specialty Hospital
043300,ARKANSAS CHILDREN'S HOSPITAL,Arkansas Children's Hospital
043301,"ARKANSAS CHILDREN'S NORTHWEST, INC","Arkansas Children's Northwest, Inc"
044004,VANTAGE POINT OF NORTHWEST ARKANSAS,Vantage Point of Northwest Arkansas
044005,THE BRIDGEWAY,The Bridgeway
044006,VALLEY BEHAVIORAL HEALTH SYSTEM,Valley Behavioral Health System
044007,RIVENDELL BEHAVIORAL HEALTH SERVICES OF ARKANSAS,Rivendell Behavioral Health Services of Arkansas
044011,ARKANSAS STATE HOSPITAL,Arkansas State Hospital
044013,PINNACLE POINTE BEHAVIORAL HEALTH SYSTEM,Pinnacle Pointe Behavioral Health System
044017,UNITED METHODIST BEHAVIORAL HOSPITAL,United Methodist Behavioral Hospital
044019,SPRINGWOODS BEHAVIORAL HEALTH SERVICES,Springwoods Behavioral Health Services
044020,RIVERVIEW BEHAVIORAL HEALTH,Riverview Behavioral Health
044021,PERIMETER BEHAVIORAL HOSPITAL OF WEST MEMPHIS,Perimeter Behavioral Hospital of West Memphis
044022,CONWAY BEHAVIORAL HEALTH,Conway Behavioral Health
050002,ST ROSE HOSPITAL,St. Rose Hospital
050006,PROVIDENCE ST JOSEPH HOSPITAL,Providence St. Joseph Hospital
050007,MILLS-PENINSULA MEDICAL CENTER,Mills-Peninsula Medical Center
050008,CALIFORNIA PACIFIC MEDICAL CTR-DAVIES CAMPUS HOSP,California Pacific Medical Center-Davies Campus Hospital
050009,PROVIDENCE QUEEN OF THE VALLEY MEDICAL CENTER,Providence Queen of the Valley Medical Center
050013,ADVENTIST HEALTH ST HELENA,Adventist Health St. Helena
050014,SUTTER AMADOR HOSPITAL,Sutter Amador Hospital
050017,MERCY GENERAL HOSPITAL,Mercy General Hospital
050022,RIVERSIDE COMMUNITY HOSPITAL,Riverside Community Hospital
050024,PARADISE VALLEY HOSPITAL,Paradise Valley Hospital
050025,UC SAN DIEGO HEALTH HILLCREST - HILLCREST MED CTR,UC San Diego Health Hillcrest - Hillcrest Medical Center
050026,GROSSMONT HOSPITAL,Grossmont Hospital
050028,MAD RIVER COMMUNITY HOSPITAL,Mad River Community Hospital
050030,OROVILLE HOSPITAL,Oroville Hospital
050036,BAKERSFIELD MEMORIAL HOSPITAL,Bakersfield Memorial Hospital
050038,SANTA CLARA VALLEY MEDICAL CENTER,Santa Clara Valley Medical Center
050039,ENLOE HEALTH,Enloe Health
050040,LAC/OLIVE VIEW-UCLA MEDICAL CENTER,Lac/olive View-UCLA Medical Center
050042,ST ELIZABETH COMMUNITY HOSPITAL,St. Elizabeth Community Hospital
050043,ALTA BATES SUMMIT MEDICAL CENTER,Alta Bates Summit Medical Center
050045,IMPERIAL VALLEY HEALTH - EL CENTRO HOSPITAL,Imperial Valley Health - El Centro Hospital
050047,CALIFORNIA PACIFIC MEDICAL CENTER- VAN NESS CAMPUS,California Pacific Medical Center- van Ness Campus
050054,SAN GORGONIO MEMORIAL HOSPITAL,San Gorgonio Memorial Hospital
050055,CALIFORNIA PACIFIC MEDICAL CENTER - MISSION BERNAL,California Pacific Medical Center - Mission Bernal
050056,ANTELOPE VALLEY HOSPITAL,Antelope Valley Hospital
050057,KAWEAH HEALTH MEDICAL CENTER,Kaweah Health Medical Center
050058,GLENDALE MEM HOSPITAL & HLTH CENTER,Glendale MEM Hospital & Health Center
050060,COMMUNITY REGIONAL MEDICAL CENTER,Community Regional Medical Center
050063,HOLLYWOOD PRESBYTERIAN MEDICAL CENTER,Hollywood Presbyterian Medical Center
050067,OAK VALLEY HOSPITAL DISTRICT,Oak Valley Hospital District
050069,PROVIDENCE ST. JOSEPH HOSPITAL,Providence St. Joseph Hospital
050070,KAISER FOUNDATION HOSPITAL - SOUTH SAN FRANCISCO,Kaiser Foundation Hospital - South San Francisco
050071,KAISER FOUNDATION HOSPITAL-SANTA CLARA,Kaiser Foundation Hospital-Santa Clara
050072,KAISER FOUNDATION HOSPITAL - WALNUT CREEK,Kaiser Foundation Hospital - Walnut Creek
050073,KAISER FOUNDATION HOSPITAL AND REHAB CENTER,Kaiser Foundation Hospital and Rehabilitation Center
050075,KAISER FOUNDATION HOSPITAL - OAKLAND/RICHMOND,Kaiser Foundation Hospital - Oakland/richmond
050076,KAISER FOUNDATION HOSPITAL - SAN FRANCISCO,Kaiser Foundation Hospital - San Francisco
050077,SCRIPPS MERCY HOSPITAL,Scripps Mercy Hospital
050078,PROVIDENCE LITTLE CO OF MARY MED CTR SAN PEDRO,Providence Little Co of Mary Medical Center San Pedro
050082,ST JOHNS REGIONAL MEDICAL CENTER,St. Johns Regional Medical Center
050084,ST JOSEPH'S MEDICAL CENTER OF STOCKTON,St. Joseph's Medical Center of Stockton
050089,COMMUNITY HOSPITAL OF SAN BERNARDINO,Community Hospital of San Bernardino
050090,SONOMA VALLEY HOSPITAL,Sonoma Valley Hospital
050091,COMMUNITY HOSPITAL OF HUNTINGTON PARK,Community Hospital of Huntington Park
050093,SAINT AGNES MEDICAL CENTER,Saint Agnes Medical Center
050099,SAN ANTONIO REGIONAL HOSPITAL,San Antonio Regional Hospital
050100,SHARP MEMORIAL HOSPITAL,Sharp Memorial Hospital
050101,SUTTER SOLANO MEDICAL CENTER,Sutter Solano Medical Center
050102,"DOCTORS HOSPITAL OF RIVERSIDE, LLC","Doctors Hospital of Riverside, LLC"
050103,ADVENTIST HEALTH WHITE MEMORIAL,Adventist Health White Memorial
050104,SAINT FRANCIS MEDICAL CENTER,Saint Francis Medical Center
050107,MARIAN REGIONAL MEDICAL CENTER,Marian Regional Medical Center
050108,"SUTTER MEDICAL CENTER, SACRAMENTO","Sutter Medical Center, Sacramento"
050110,LOMPOC VALLEY MEDICAL CENTER,Lompoc Valley Medical Center
050112,SANTA MONICA - UCLA MED CTR & ORTHOPAEDIC HOSPITAL,Santa Monica - UCLA Medical Center & Orthopaedic Hospital
050113,SAN MATEO MEDICAL CENTER,San Mateo Medical Center
050115,PALOMAR HEALTH DOWNTOWN CAMPUS,Palomar Health Downtown Campus
050116,NORTHRIDGE HOSPITAL MEDICAL CENTER,Northridge Hospital Medical Center
050118,DOCTORS HOSPITAL OF MANTECA,Doctors Hospital of Manteca
050121,ADVENTIST HEALTH HANFORD,Adventist Health Hanford
050122,DAMERON HOSPITAL,Dameron Hospital
050124,USC VERDUGO HILLS HOSPITAL,USC Verdugo Hills Hospital
050125,REGIONAL MEDICAL CENTER OF SAN JOSE,Regional Medical Center of San Jose
050126,VALLEY PRESBYTERIAN HOSPITAL,Valley Presbyterian Hospital
050127,WOODLAND MEMORIAL HOSPITAL,Woodland Memorial Hospital
050128,TRI-CITY MEDICAL CENTER,Tri-City Medical Center
050129,ST BERNARDINE MEDICAL CENTER,St. Bernardine Medical Center
050131,NOVATO COMMUNITY HOSPITAL,Novato Community Hospital
050132,SAN GABRIEL VALLEY MEDICAL CENTER,San Gabriel Valley Medical Center
050133,ADVENTIST HEALTH AND RIDEOUT,Adventist Health and Rideout
050135,SOUTHERN CALIFORNIA HOSPITAL AT HOLLYWOOD,Southern California Hospital at Hollywood
050136,PETALUMA VALLEY HOSPITAL,Petaluma Valley Hospital
050137,KAISER FOUNDATION HOSPITAL - PANORAMA CITY,Kaiser Foundation Hospital - Panorama City
050138,KAISER FOUNDATION HOSPITAL - LOS ANGELES,Kaiser Foundation Hospital - Los Angeles
050139,KAISER FOUNDATION HOSPITAL - DOWNEY,Kaiser Foundation Hospital - Downey
050140,KAISER FOUNDATION HOSPITAL FONTANA,Kaiser Foundation Hospital Fontana
050145,COMMUNITY HOSPITAL OF THE MONTEREY PENINSULA,Community Hospital of the Monterey Peninsula
050146,CITY OF HOPE HELFORD CLINICAL RESEARCH HOSPITAL,City of Hope Helford Clinical Research Hospital
050149,CALIFORNIA HOSPITAL MEDICAL CENTER LA,California Hospital Medical Center la
050150,SIERRA NEVADA MEMORIAL HOSPITAL,Sierra Nevada Memorial Hospital
050152,UCSF HEALTH HYDE HOSPITAL,UCSF Health Hyde Hospital
050158,ENCINO HOSPITAL MEDICAL CENTER,Encino Hospital Medical Center
050159,VENTURA COUNTY MEDICAL CENTER,Ventura County Medical Center
050167,SAN JOAQUIN GENERAL HOSPITAL,San Joaquin General Hospital
050168,PROVIDENCE ST. JUDE MEDICAL CENTER,Providence St. Jude Medical Center
050169,PIH HEALTH HOSPITAL-WHITTIER,PIH Health Hospital-Whittier
050174,PROVIDENCE SANTA ROSA MEMORIAL HOSPITAL,Providence Santa Rosa Memorial Hospital
050179,EMANUEL MEDICAL CENTER,Emanuel Medical Center
050180,JOHN MUIR MEDICAL CENTER - WALNUT CREEK CAMPUS,John Muir Medical Center - Walnut Creek Campus
050191,ST MARY MEDICAL CENTER,St. Mary Medical Center
050192,ADVENTIST HEALTH REEDLEY,Adventist Health Reedley
050194,WATSONVILLE COMMUNITY HOSPITAL,Watsonville Community Hospital
050195,WASHINGTON HOSPITAL,Washington Hospital
050197,SEQUOIA HOSPITAL,Sequoia Hospital
050204,PALMDALE REGIONAL MEDICAL CENTER,Palmdale Regional Medical Center
050211,ALAMEDA HOSPITAL,Alameda Hospital
050222,SHARP CHULA VISTA MEDICAL CENTER,Sharp Chula Vista Medical Center
050224,HOAG MEMORIAL HOSPITAL PRESBYTERIAN,Hoag Memorial Hospital Presbyterian
050226,AHMC ANAHEIM REGIONAL MEDICAL CENTER,AHMC Anaheim Regional Medical Center
050228,ZUCKERBERG SAN FRANCISCO GENERAL HOSP & TRAUMA CTR,Zuckerberg San Francisco General Hospital & Trauma Center
050230,GARDEN GROVE HOSPITAL & MEDICAL CENTER,Garden Grove Hospital & Medical Center
050231,POMONA VALLEY HOSPITAL MEDICAL CENTER,Pomona Valley Hospital Medical Center
050232,FRENCH HOSPITAL MEDICAL CENTER,French Hospital Medical Center
050234,SHARP CORONADO HOSPITAL AND HLTHCR CTR,Sharp Coronado Hospital and Hlthcr Center
050235,PROVIDENCE SAINT JOSEPH MEDICAL CTR,Providence Saint Joseph Medical Center
050236,ADVENTIST HEALTH SIMI VALLEY,Adventist Health Simi Valley
050238,USC ARCADIA HOSPITAL,USC Arcadia Hospital
050239,GLENDALE ADVENTIST MEDICAL CENTER,Glendale Adventist Medical Center
050242,DOMINICAN HOSPITAL,Dominican Hospital
050243,DESERT REGIONAL MEDICAL CENTER,Desert Regional Medical Center
050245,ARROWHEAD REGIONAL MEDICAL CENTER,Arrowhead Regional Medical Center
050248,NATIVIDAD MEDICAL CENTER,Natividad Medical Center
050254,MARSHALL MEDICAL CENTER,Marshall Medical Center
050257,"GOOD SAMARITAN HOSPITAL, LP","Good Samaritan Hospital, LP"
050261,SIERRA VIEW MEDICAL CENTER,Sierra View Medical Center
050262,RONALD REAGAN UCLA MEDICAL CENTER,Ronald Reagan UCLA Medical Center
050272,REDLANDS COMMUNITY HOSPITAL,Redlands Community Hospital
050276,CONTRA COSTA REGIONAL MEDICAL CENTER,Contra Costa Regional Medical Center
050278,PROVIDENCE HOLY CROSS MEDICAL CENTER,Providence Holy Cross Medical Center
050279,HI-DESERT MEDICAL CENTER,Hi-Desert Medical Center
050280,MERCY MEDICAL CENTER REDDING,Mercy Medical Center Redding
050281,ALHAMBRA HOSPITAL MEDICAL CENTER,Alhambra Hospital Medical Center
050283,STANFORD HEALTH CARE TRI-VALLEY,Stanford Health Care Tri-Valley
050289,AHMC SETON MEDICAL CENTER,AHMC Seton Medical Center
050290,SAINT JOHN'S HEALTH CENTER,Saint John's Health Center
050291,SUTTER SANTA ROSA REGIONAL HOSPITAL,Sutter Santa Rosa Regional Hospital
050292,RIVERSIDE UNIVERSITY HEALTH SYSTEM-MEDICAL CENTER,Riverside University Health System-Medical Center
050295,MERCY HOSPITAL,Mercy Hospital
050298,BARSTOW COMMUNITY HOSPITAL,Barstow Community Hospital
050300,PROVIDENCE ST MARY MEDICAL CENTER,Providence St. Mary Medical Center
050301,ADVENTIST HEALTH UKIAH VALLEY,Adventist Health Ukiah Valley
050305,ALTA BATES SUMMIT MEDICAL CENTER - ALTA BATES CAMP,Alta Bates Summit Medical Center - Alta Bates Camp
050308,EL CAMINO HEALTH,El Camino Health
050309,SUTTER ROSEVILLE MEDICAL CENTER,Sutter Roseville Medical Center
050313,SUTTER TRACY COMMUNITY HOSPITAL,Sutter Tracy Community Hospital
050315,KERN MEDICAL CENTER,Kern Medical Center
050320,HIGHLAND HOSPITAL,Highland Hospital
050324,SCRIPPS MEMORIAL HOSPITAL LA JOLLA,Scripps Memorial Hospital la Jolla
050327,LOMA LINDA UNIVERSITY MEDICAL CENTER,Loma Linda University Medical Center
050329,CORONA REGIONAL MEDICAL CENTER,Corona Regional Medical Center
050334,SALINAS VALLEY HEALTH MEDICAL CENTER,Salinas Valley Health Medical Center
050335,ADVENTIST HEALTH SONORA,Adventist Health Sonora
050336,ADVENTIST HEALTH LODI MEMORIAL,Adventist Health Lodi Memorial
050342,PIONEERS MEMORIAL HEALTHCARE DISTRICT,Pioneers Memorial Healthcare District
050348,UCI HEALTH-ORANGE,UCI Health-Orange
050350,ADVENTIST HEALTH WHITE MEMORIAL MONTEBELLO,Adventist Health White Memorial Montebello
050351,TORRANCE MEMORIAL MEDICAL CENTER,Torrance Memorial Medical Center
050352,BARTON MEMORIAL HOSPITAL,Barton Memorial Hospital
050353,PROVIDENCE LITTLE COMPANY OF MARY MED CTR TORRANCE,Providence Little Company of Mary Medical Center Torrance
050357,GOLETA VALLEY COTTAGE HOSPITAL,Goleta Valley Cottage Hospital
050360,MARINHEALTH MEDICAL CENTER,Marinhealth Medical Center
050367,NORTHBAY MEDICAL CENTER,Northbay Medical Center
050373,LOS ANGELES GENERAL MEDICAL CENTER,Los Angeles General Medical Center
050376,LAC/HARBOR-UCLA MED CENTER,Lac/harbor-UCLA Medical Center
050378,PACIFICA HOSPITAL OF THE VALLEY,Pacifica Hospital of the Valley
050380,GOOD SAMARITAN HOSPITAL,Good Samaritan Hospital
050382,EMANATE HEALTH INTER-COMMUNITY HOSPITAL,Emanate Health Inter-Community Hospital
050390,HEMET GLOBAL MEDICAL CENTER,Hemet Global Medical Center
050393,PIH HEALTH DOWNEY HOSPITAL,PIH Health Downey Hospital
050394,COMMUNITY MEMORIAL HOSPITAL - VENTURA,Community Memorial Hospital - Ventura
050396,SANTA BARBARA COTTAGE HOSPITAL,Santa Barbara Cottage Hospital
050407,CHINESE HOSPITAL,Chinese Hospital
050411,KAISER FOUNDATION HOSPITAL - SOUTH BAY,Kaiser Foundation Hospital - South Bay
050414,MERCY HOSPITAL OF FOLSOM,Mercy Hospital of Folsom
050417,SUTTER COAST HOSPITAL,Sutter Coast Hospital
050424,SCRIPPS GREEN HOSPITAL,Scripps Green Hospital
050425,KAISER FOUNDATION HOSPITAL - SACRAMENTO,Kaiser Foundation Hospital - Sacramento
050426,WEST ANAHEIM MEDICAL CENTER,West Anaheim Medical Center
050438,HUNTINGTON HOSPITAL,Huntington Hospital
050441,STANFORD HEALTH CARE,Stanford Health Care
050444,MERCY MEDICAL CENTER,Mercy Medical Center
050454,UCSF MEDICAL CENTER,UCSF Medical Center
050455,ADVENTIST HEALTH BAKERSFIELD,Adventist Health Bakersfield
050457,UCSF HEALTH STANYAN HOSPITAL,UCSF Health Stanyan Hospital
050464,DOCTORS MEDICAL CENTER,Doctors Medical Center
050468,MEMORIAL HOSPITAL OF GARDENA,Memorial Hospital of Gardena
050471,PIH HEALTH GOOD SAMARITAN HOSPITAL,PIH Health Good Samaritan Hospital
050481,UCLA WEST VALLEY MEDICAL CENTER,UCLA West Valley Medical Center
050485,MEMORIALCARE LONG BEACH MEDICAL CENTER,MemorialCare Long Beach Medical Center
050488,EDEN MEDICAL CENTER,Eden Medical Center
050492,CLOVIS COMMUNITY MEDICAL CENTER,Clovis Community Medical Center
050496,JOHN MUIR MEDICAL CENTER - CONCORD CAMPUS,John Muir Medical Center - Concord Campus
050498,SUTTER AUBURN FAITH HOSPITAL,Sutter Auburn Faith Hospital
050503,SCRIPPS MEMORIAL HOSPITAL - ENCINITAS,Scripps Memorial Hospital - Encinitas
050506,ADVENTIST HEALTH SIERRA VISTA,Adventist Health Sierra Vista
050510,KAISER FOUNDATION HOSPITAL,Kaiser Foundation Hospital
050512,KAISER FOUNDATION HOSPITAL - FREMONT,Kaiser Foundation Hospital - Fremont
050515,KAISER FOUNDATION HOSPITAL - ZION,Kaiser Foundation Hospital - Zion
050516,MERCY SAN JUAN MEDICAL CENTER,Mercy San Juan Medical Center
050517,VICTOR VALLEY GLOBAL MEDICAL CENTER,Victor Valley Global Medical Center
050523,SUTTER DELTA MEDICAL CENTER,Sutter Delta Medical Center
050526,HUNTINGTON BEACH HOSPITAL,Huntington Beach Hospital
050528,MEMORIAL HOSPITAL LOS BANOS,Memorial Hospital los Banos
050534,JOHN F KENNEDY MEMORIAL HOSPITAL,John F. Kennedy Memorial Hospital
050537,SUTTER DAVIS HOSPITAL,Sutter Davis Hospital
050541,KAISER FOUNDATION HOSPITAL - REDWOOD CITY,Kaiser Foundation Hospital - Redwood City
050543,COLLEGE HOSPITAL COSTA MESA,College Hospital Costa Mesa
050546,PORTERVILLE DEVELOPMENTAL CENTER,Porterville Developmental Center
050549,LOS ROBLES HOSPITAL & MEDICAL CENTER,Los Robles Hospital & Medical Center
050557,MEMORIAL MEDICAL CENTER,Memorial Medical Center
050561,KAISER FOUNDATION HOSPITAL - WEST LA,Kaiser Foundation Hospital - West la
050567,PROVIDENCE MISSION HOSPITAL,Providence Mission Hospital
050573,EISENHOWER MEDICAL CENTER,Eisenhower Medical Center
050580,LA PALMA INTERCOMMUNITY HOSPITAL,La Palma Intercommunity Hospital
050581,UCI HEALTH-LAKEWOOD,UCI Health-Lakewood
050586,CHINO VALLEY MEDICAL CENTER,Chino Valley Medical Center
050588,SAN DIMAS COMMUNITY HOSPITAL,San Dimas Community Hospital
050590,METHODIST HOSPITAL OF SACRAMENTO,Methodist Hospital of Sacramento
050597,EMANATE HEALTH FOOTHILL PRESBYTERIAN HOSPITAL,Emanate Health Foothill Presbyterian Hospital
050599,UNIVERSITY OF CALIFORNIA DAVIS MEDICAL CENTER,University of California Davis Medical Center
050603,MEMORIALCARE SADDLEBACK MEDICAL CENTER,MemorialCare Saddleback Medical Center
050604,KAISER FOUNDATION HOSPITAL-SAN JOSE,Kaiser Foundation Hospital-San Jose
050608,ADVENTIST HEALTH DELANO,Adventist Health Delano
050609,KAISER FOUNDATION HOSPITAL - ORANGE COUNTY - ANAHE,Kaiser Foundation Hospital - Orange County - Anahe
050616,ST. JOHN'S HOSPITAL CAMARILLO,St. John's Hospital Camarillo
050624,HENRY MAYO NEWHALL  HOSPITAL,Henry Mayo Newhall Hospital
050625,CEDARS-SINAI MEDICAL CENTER,Cedars-Sinai Medical Center
050633,ADVENTIST HEALTH TWIN CITIES,Adventist Health Twin Cities
050636,PALOMAR MEDICAL CENTER POWAY,Palomar Medical Center Poway
050641,EAST LOS ANGELES DOCTORS HOSPITAL,East los Angeles Doctors Hospital
050660,USC KENNETH NORRIS JR CANCER HOSPITAL,USC Kenneth Norris Jr. Cancer Hospital
050663,LOS ANGELES COMMUNITY HOSPITAL,Los Angeles Community Hospital
050668,LAGUNA HONDA HOSPITAL & REHABILITATION CENTER,Laguna Honda Hospital & Rehabilitation Center
050674,KAISER FOUNDATION HOSP SO SACRAMENTO,Kaiser Foundation Hospital So Sacramento
050677,KAISER FOUNDATION HOSPITAL - WOODLAND HILLS,Kaiser Foundation Hospital - Woodland Hills
050678,MEMORIALCARE ORANGE COAST MEDICAL CENTER,MemorialCare Orange Coast Medical Center
050684,MENIFEE GLOBAL MEDICAL CENTER,Menifee Global Medical Center
050686,"KAISER FOUNDATION HOSPITAL, RIVERSIDE","Kaiser Foundation Hospital, Riverside"
050689,SAN RAMON REGIONAL MEDICAL CENTER,San Ramon Regional Medical Center
050690,KAISER FOUNDATION HOSPITAL-SANTA ROSA,Kaiser Foundation Hospital-Santa Rosa
050696,KECK HOSPITAL OF USC,Keck Hospital of USC
050697,PATIENTS' HOSPITAL OF REDDING,Patients' Hospital of Redding
050701,SOUTHWEST HEALTHCARE RANCHO SPRINGS HOSPITAL,Southwest Healthcare Rancho Springs Hospital
050704,MISSION COMMUNITY HOSPITAL,Mission Community Hospital
050708,FRESNO SURGICAL HOSPITAL,Fresno Surgical Hospital
050709,DESERT VALLEY HOSPITAL,Desert Valley Hospital
050710,KAISER FOUNDATION HOSPITAL - FRESNO,Kaiser Foundation Hospital - Fresno
050714,SUTTER MATERNITY & SURGERY CENTER OF SANTA CRUZ,Sutter Maternity & Surgery Center of Santa Cruz
050717,LAC/RANCHO LOS AMIGOS NATIONAL REHABILITATION  CTR,Lac/rancho los Amigos National Rehabilitation Center
050723,KAISER FOUNDATION HOSPITAL - BALDWIN PARK,Kaiser Foundation Hospital - Baldwin Park
050726,STANISLAUS SURGICAL HOSPITAL,Stanislaus Surgical Hospital
050735,WHITTIER HOSPITAL MEDICAL CENTER,Whittier Hospital Medical Center
050736,MONTEREY PARK HOSPITAL,Monterey Park Hospital
050737,GARFIELD MEDICAL CENTER,Garfield Medical Center
050738,GREATER EL MONTE COMMUNITY HOSPITAL,Greater El Monte Community Hospital
050739,CENTINELA HOSPITAL MEDICAL CENTER,Centinela Hospital Medical Center
050740,CEDAR-SINAI MARINA DEL REY HOSPITAL,Cedar-Sinai Marina del Rey Hospital
050742,OLYMPIA MEDICAL CENTER,Olympia Medical Center
050744,ANAHEIM GLOBAL MEDICAL CENTER,Anaheim Global Medical Center
050745,CHAPMAN GLOBAL MEDICAL CENTER,Chapman Global Medical Center
050746,ORANGE COUNTY GLOBAL MEDICAL CENTER,Orange County Global Medical Center
050747,SOUTH COAST GLOBAL MEDICAL CENTER,South Coast Global Medical Center
050748,KAISER FOUNDATION HOSPITAL MANTECA,Kaiser Foundation Hospital Manteca
050755,SHERMAN OAKS HOSPITAL,Sherman Oaks Hospital
050758,MONTCLAIR HOSPITAL MEDICAL CENTER,Montclair Hospital Medical Center
050760,KAISER FOUNDATION HOSPITAL - ANTIOCH,Kaiser Foundation Hospital - Antioch
050761,PROVIDENCE CEDARS SINAI TARZANA MEDICAL CENTER,Providence Cedars Sinai Tarzana Medical Center
050763,L A DOWNTOWN MEDICAL CENTER,LA Downtown Medical Center
050764,SHASTA REGIONAL MEDICAL CENTER,Shasta Regional Medical Center
050765,KAISER FOUNDATION HOSPITAL-MORENO VALLEY,Kaiser Foundation Hospital-Moreno Valley
050766,SUTTER SURGICAL HOSPITAL - NORTH VALLEY,Sutter Surgical Hospital - North Valley
050767,KAISER FOUNDATION HOSPITAL - VACAVILLE,Kaiser Foundation Hospital - Vacaville
050769,HOAG ORTHOPEDIC INSTITUTE,Hoag Orthopedic Institute
050770,LOMA LINDA UNIVERSITY MEDICAL CENTER-MURRIETA,Loma Linda University Medical Center-Murrieta
050771,COAST PLAZA HOSPITAL,Coast Plaza Hospital
050772,KAISER FOUNDATION HOSPITAL - ROSEVILLE,Kaiser Foundation Hospital - Roseville
050775,TEMECULA VALLEY HOSPITAL,Temecula Valley Hospital
050776,COLLEGE MEDICAL CENTER,College Medical Center
050777,KAISER FOUNDATION HOSPITAL - SAN LEANDRO,Kaiser Foundation Hospital - San Leandro
050778,LOMA LINDA UNIVERSITY CHILDREN'S HOSPITAL,Loma Linda University Children's Hospital
050779,"MARTIN LUTHER KING, JR. COMMUNITY HOSPITAL","Martin Luther King, Jr. Community Hospital"
050780,FOOTHILL REGIONAL MEDICAL CENTER,Foothill Regional Medical Center
050782,CASA COLINA HOSPITAL,Casa Colina Hospital
050783,COLUSA MEDICAL CENTER,Colusa Medical Center
050784,ADVENTIST HEALTH TULARE,Adventist Health Tulare
050854,"ANAHEIM COMMUNITY HOSPITAL, LLC","Anaheim Community Hospital, LLC"
050855,KAISER FOUNDATION HOSPITAL - SAN MARCOS,Kaiser Foundation Hospital - San Marcos
050856,MADERA COMMUNITY HOSPITAL,Madera Community Hospital
051300,EASTERN PLUMAS HOSPITAL - PORTOLA CAMPUS,Eastern Plumas Hospital - Portola Campus
051301,ADVENTIST HEALTH TEHACHAPI VALLEY,Adventist Health Tehachapi Valley
051302,SOUTHERN INYO HOSPITAL,Southern Inyo Hospital
051303,MAMMOTH HOSPITAL,Mammoth Hospital
051304,JOHN C FREMONT HEALTHCARE DISTRICT,John C. Fremont Healthcare District
051305,MAYERS MEMORIAL HOSPITAL,Mayers Memorial Hospital
051306,GLENN MEDICAL CENTER,Glenn Medical Center
051307,CATALINA ISLAND MEDICAL CENTER,Catalina Island Medical Center
051308,SURPRISE VALLEY COMMUNITY HOSPITAL,Surprise Valley Community Hospital
051309,JEROLD PHELPS COMMUNITY HOSPITAL,Jerold Phelps Community Hospital
051310,ADVENTIST HEALTH HOWARD MEMORIAL,Adventist Health Howard Memorial
051311,ORCHARD HOSPITAL,Orchard Hospital
051312,MOUNTAINS COMMUNITY HOSPITAL,Mountains Community Hospital
051314,KERN VALLEY HEALTHCARE DISTRICT,Kern Valley Healthcare District
051315,TRINITY HOSPITAL,Trinity Hospital
051316,FAIRCHILD MEDICAL CENTER,Fairchild Medical Center
051317,ADVENTIST HEALTH CLEARLAKE,Adventist Health Clearlake
051318,PROVIDENCE REDWOOD MEMORIAL HOSPITAL,Providence Redwood Memorial Hospital
051319,MERCY MEDICAL CENTER MT SHASTA,Mercy Medical Center Mt. Shasta
051320,BANNER LASSEN MEDICAL CENTER,Banner Lassen Medical Center
051321,HEALDSBURG HOSPITAL,Healdsburg Hospital
051323,COLORADO RIVER MEDICAL CENTER,Colorado River Medical Center
051324,NORTHERN INYO HOSPITAL,Northern Inyo Hospital
051325,ADVENTIST HEALTH MENDOCINO COAST,Adventist Health Mendocino Coast
051326,PLUMAS DISTRICT HOSPITAL,Plumas District Hospital
051327,SENECA DISTRICT HOSPITAL,Seneca District Hospital
051328,TAHOE FOREST HOSPITAL,Tahoe Forest Hospital
051329,SUTTER LAKESIDE HOSPITAL,Sutter Lakeside Hospital
051330,MODOC MEDICAL CENTER,Modoc Medical Center
051331,SANTA YNEZ VALLEY COTTAGE HOSPITAL,Santa Ynez Valley Cottage Hospital
051332,MARK TWAIN MEDICAL CENTER,Mark Twain Medical Center
051333,RIDGECREST REGIONAL HOSPITAL,Ridgecrest Regional Hospital
051334,COMMUNITY MEMORIAL HOSPITAL - OJAI,Community Memorial Hospital - Ojai
051335,BEAR VALLEY COMMUNITY HOSPITAL,Bear Valley Community Hospital
051336,GEORGE L MEE MEMORIAL HOSPITAL,George L. MEE Memorial Hospital
051337,HAZEL HAWKINS MEMORIAL HOSPITAL,Hazel Hawkins Memorial Hospital
051338,COALINGA REGIONAL MEDICAL CENTER,Coalinga Regional Medical Center
051339,PALO VERDE HOSPITAL,Palo Verde Hospital
052031,BARLOW RESPIRATORY HOSPITAL,Barlow Respiratory Hospital
052032,KINDRED HOSPITAL - LOS ANGELES,Kindred Hospital - Los Angeles
052033,VIBRA HOSPITAL OF SACRAMENTO,Vibra Hospital of Sacramento
052034,KINDRED HOSPITAL - SAN FRANCISCO BAY AREA,Kindred Hospital - San Francisco Bay Area
052035,KINDRED HOSPITAL WESTMINSTER,Kindred Hospital Westminster
052036,KINDRED HOSPITAL - SAN DIEGO,Kindred Hospital - San Diego
052037,KINDRED HOSPITAL ONTARIO,Kindred Hospital Ontario
052038,KINDRED HOSPITAL -- LA MIRADA,Kindred Hospital - La Mirada
052039,KINDRED HOSPITAL BREA,Kindred Hospital Brea
052043,KENTFIELD HOSPITAL,Kentfield Hospital
052044,SELECT SPECIALTY HOSPITAL - SAN DIEGO,Select Specialty Hospital - San Diego
052045,KINDRED HOSPITAL BALDWIN PARK,Kindred Hospital Baldwin Park
052046,KINDRED HOSPITAL PARAMOUNT,Kindred Hospital Paramount
052047,VIBRA HOSPITAL OF NORTHERN CALIFORNIA,Vibra Hospital of Northern California
052049,KINDRED HOSPITAL RANCHO,Kindred Hospital Rancho
052050,KINDRED HOSPITAL SOUTH BAY,Kindred Hospital South Bay
052052,KINDRED HOSPITAL RIVERSIDE,Kindred Hospital Riverside
052054,MONROVIA MEMORIAL HOSPITAL,Monrovia Memorial Hospital
052055,CENTRAL VALLEY SPECIALTY HOSPITAL,Central Valley Specialty Hospital
052057,SONOMA SPECIALTY HOSPITAL,Sonoma Specialty Hospital
053031,ENCOMPASS HEALTH REHABILITATON HOSPITAL OF BAKERS,Encompass Health Rehabilitaton Hospital of Bakers
053032,SAN JOAQUIN VALLEY REHABILITATION HOSP,San Joaquin Valley Rehabilitation Hospital
053034,ENCOMPASS HEALTH REHABILITATION HOSPITAL OF TUSTIN,Encompass Health Rehabilitation Hospital of Tustin
053037,BALLARD REHABILITATION HOSPITAL,Ballard Rehabilitation Hospital
053038,TOTALLY KIDS REHABILITATION HOSPITAL,Totally Kids Rehabilitation Hospital
053039,"CALIFORNIA REHABILITATION INSTITUTE, LLC","California Rehabilitation Institute, LLC"
053040,ENCOMPASS HEALTH REHABILITATION HOSPITAL OF MODEST,Encompass Health Rehabilitation Hospital of Modest
053041,REHABILITATION HOSPITAL OF SOUTHERN CALIFORNIA,Rehabilitation Hospital of Southern California
053042,ENCOMPASS HEALTH REHABILITATION HOSPITAL OF MURRIE,Encompass Health Rehabilitation Hospital of Murrie
053043,PALOMAR REHABILITATION INSTITUTE,Palomar Rehabilitation Institute
053044,CENTRAL CALIFORNIA REHABILITATION HOSPITAL,Central California Rehabilitation Hospital
053045,SACRAMENTO REHABILITATION HOSPITAL,Sacramento Rehabilitation Hospital
053046,UC DAVIS REHABILITATION HOSPITAL,UC Davis Rehabilitation Hospital
053047,STOCKTON REGIONAL REHABILITATION HOSPITAL,Stockton Regional Rehabilitation Hospital
053300,VALLEY CHILDREN'S HOSPITAL,Valley Children's Hospital
053301,UCSF BENIOFF CHILDREN'S HOSPITAL OAKLAND,UCSF Benioff Children's Hospital Oakland
053302,CHILDREN'S HOSP OF LOS ANGELES,Children's Hospital of los Angeles
053303,RADY CHILDREN'S HOSPITAL - SAN DIEGO,Rady Children's Hospital - San Diego
053304,RADY CHILDREN'S HOSPITAL ORANGE COUNTY,Rady Children's Hospital Orange County
053305,LUCILE SALTER PACKARD CHILDREN'S HSP AT STANFORD,Lucile Salter Packard Children's Hsp at Stanford
053306,RADY CHILDREN'S HOSPITAL,Rady Children's Hospital
053308,HEALTHBRIDGE CHILDREN'S HOSPITAL - ORANGE,HealthBridge Children's Hospital - Orange
053309,MEMORIAL CARE MILLER CHILDREN'S &  WOMEN'S HOSP LB,Memorial Care Miller Children's & Women's Hospital Lb
053311,SHRINERS HOSPITALS FOR CHILDREN NORTHERN CALIF,Shriners Hospitals for Children Northern Calif
054009,RESNICK NEUROPSYCHIATRIC HOSPITAL AT UCLA,Resnick Neuropsychiatric Hospital at UCLA
054028,GATEWAYS HOSP  MENTAL HEALTH CTR,Gateways Hospital Mental Health Center
054032,BHC ALHAMBRA HOSPITAL,BHC Alhambra Hospital
054053,DEL AMO HOSPITAL,Del Amo Hospital
054055,COLLEGE HOSPITAL,College Hospital
054069,AURORA CHARTER OAK,Aurora Charter Oak
054074,ADVENTIST HEALTH VALLEJO,Adventist Health Vallejo
054075,ALVARADO PARKWAY INSTITUTE BEHAVIORAL HEALTH SYSTE,Alvarado Parkway Institute Behavioral Health Syste
054077,AURORA VISTA DEL MAR HOSPITAL,Aurora Vista del Mar Hospital
054078,AURORA LAS ENCINAS HOSPITAL,Aurora las Encinas Hospital
054083,KEDREN COMMUNITY MENTAL HEALTH CENTER,Kedren Community Mental Health Center
054087,"SIERRA VISTA HOSPITAL, INC","Sierra Vista Hospital, Inc"
054089,JEWISH HOME & REHAB CENTER,Jewish Home & Rehabilitation Center
054095,AURORA SAN DIEGO,Aurora San Diego
054096,SUTTER CENTER FOR PSYCHIATRY,Sutter Center for Psychiatry
054104,HERITAGE OAKS HOSPITAL,Heritage Oaks Hospital
054110,FREMONT HOSPITAL,Fremont Hospital
054111,CANYON RIDGE HOSPITAL,Canyon Ridge Hospital
054114,SAN DIEGO COUNTY PSYCHIATRIC HOSPITAL,San Diego County Psychiatric Hospital
054122,DEPT OF STATE HOSPITALS - NAPA,Dept of State Hospitals - Napa
054123,ST JOSEPH'S BEHAVIORAL HEALTH CENTER,St. Joseph's Behavioral Health Center
054124,SEMPERVIRENS,Sempervirens
054125,SANTA BARBARA COUNTY PSYCHIATRIC HEALTH FACILITY,Santa Barbara County Psychiatric Health Facility
054130,PACIFIC GROVE HOSPITAL,Pacific Grove Hospital
054131,JOHN MUIR BEHAVIORAL HEALTH CENTER,John Muir Behavioral Health Center
054133,DEPT OF STATE HOSPITALS - METROPOLITAN - PSY,Dept of State Hospitals - Metropolitan - Psy
054144,LANGLEY PORTER PSYCHIATRIC INSTITUTE,Langley Porter Psychiatric Institute
054145,SHARP MESA VISTA HOSPITAL,Sharp Mesa Vista Hospital
054146,TELECARE HERITAGE PSYCHIATRIC HEALTH FACILITY,Telecare Heritage Psychiatric Health Facility
054147,JOYCE EISENBERG KEEFER MEDICAL CENTER,Joyce Eisenberg Keefer Medical Center
054148,TARZANA TREATMENT CENTER,Tarzana Treatment Center
054149,WILLOW ROCK CENTER,Willow Rock Center
054150,KAISER PERMANENTE PSYCHIATRIC HEALTH FACILITY-SANT,Kaiser Permanente Psychiatric Health Facility-Sant
054151,"AURORA BEHAVIORAL HEALTHCARE-SANTA ROSA, LLC","Aurora Behavioral Healthcare-Santa Rosa, LLC"
054152,SANTA CRUZ COUNTY PSYCHIATRIC HEALTH FACILITY,Santa Cruz County Psychiatric Health Facility
054153,OCEAN VIEW PSYCHIATRIC HEALTH FACILITY,Ocean View Psychiatric Health Facility
054154,SAN JOSE BEHAVIORAL HEALTH,San Jose Behavioral Health
054155,"BAKERSFIELD BEHAVIORAL HEALTHCARE HOSPITAL, LLC","Bakersfield Behavioral Healthcare Hospital, LLC"
054157,GLENDORA  HOSPITAL,Glendora Hospital
054158,"ALISO RIDGE BEHAVIORAL HEALTH, LLC","Aliso Ridge Behavioral Health, LLC"
054159,"SACRAMENTO BEHAVIORAL HEALTHCARE HOSPITAL, LLC","Sacramento Behavioral Healthcare Hospital, LLC"
054160,RIVER VISTA BEHAVIORAL HEALTH,River Vista Behavioral Health
060001,BANNER NORTH COLORADO MEDICAL CENTER,Banner North Colorado Medical Center
060003,LONGMONT UNITED HOSPITAL,Longmont United Hospital
060004,INTERMOUNTAIN HEALTH PLATTE VALLEY HOSPITAL,Intermountain Health Platte Valley Hospital
060006,MONTROSE REGIONAL HEALTH,Montrose Regional Health
060008,SAN LUIS VALLEY HEALTH,San Luis Valley Health
060009,INTERMOUNTAIN HEALTH LUTHERAN HOSPITAL,Intermountain Health Lutheran Hospital
060010,POUDRE VALLEY HOSPITAL,Poudre Valley Hospital
060011,DENVER HEALTH MEDICAL CENTER,Denver Health Medical Center
060012,ST MARY-CORWIN HOSPITAL,St. Mary-Corwin Hospital
060013,MERCY HOSPITAL,Mercy Hospital
060014,HCA HEALTHONE PRESBYTERIAN ST LUKE'S,HCA HealthONE Presbyterian St. Luke's
060015,ST ANTHONY HOSPITAL,St. Anthony Hospital
060020,"PARKVIEW MEDICAL CENTER, INC","Parkview Medical Center, Inc"
060022,UNIVERSITY COLO HEALTH MEMORIAL HOSPITAL CENTRAL,University Colo Health Memorial Hospital Central
060023,INTERMOUNTAIN HEALTH ST. MARY'S REGIONAL HOSPITAL,Intermountain Health St. Mary's Regional Hospital
060024,UNIVERSITY OF COLORADO HOSPITAL AUTHORITY,University of Colorado Hospital Authority
060027,FOOTHILLS HOSPITAL,Foothills Hospital
060028,INTERMOUNTAIN HEALTH SAINT JOSEPH HOSPITAL,Intermountain Health Saint Joseph Hospital
060031,PENROSE HOSPITAL,Penrose Hospital
060032,HCA HEALTHONE ROSE,HCA HealthONE Rose
060034,HCA HEALTHONE SWEDISH,HCA HealthONE Swedish
060044,ST ELIZABETH HOSPITAL,St. Elizabeth Hospital
060049,UCHEALTH YAMPA VALLEY MEDICAL CENTER,UCHealth Yampa Valley Medical Center
060054,COMMUNITY HOSPITAL,Community Hospital
060064,ADVENTHEALTH PORTER,AdventHealth Porter
060065,HCA HEALTHONE MOUNTAIN RIDGE,HCA HealthONE Mountain Ridge
060071,DELTA COUNTY MEMORIAL HOSPITAL,Delta County Memorial Hospital
060075,VALLEY VIEW HOSPITAL ASSOCIATION,Valley View Hospital Association
060076,STERLING REGIONAL MEDCENTER,Sterling Regional Medcenter
060096,VAIL HEALTH HOSPITAL,Vail Health Hospital
060100,HCA HEALTHONE AURORA,HCA HealthONE Aurora
060103,ADVENTHEALTH AVISTA,AdventHealth Avista
060104,ST ANTHONY NORTH HOSPITAL,St. Anthony North Hospital
060107,NATIONAL JEWISH HEALTH,National Jewish Health
060112,HCA HEALTHONE SKY RIDGE,HCA HealthONE Sky Ridge
060113,ADVENTHEALTH LITTLETON,AdventHealth Littleton
060114,ADVENTHEALTH PARKER,AdventHealth Parker
060115,COLORADO MENTAL HEALTH INSTITUTE AT PUEBLO,Colorado Mental Health Institute at Pueblo
060116,INTERMOUNTAIN HEALTH GOOD SAMARITAN HOSPITAL,Intermountain Health Good Samaritan Hospital
060117,"ANIMAS SURGICAL HOSPITAL, LLC","Animas Surgical Hospital, LLC"
060118,ST ANTHONY SUMMIT HOSPITAL,St. Anthony Summit Hospital
060119,MEDICAL CENTER OF THE ROCKIES,Medical Center of the Rockies
060124,ORTHOCOLORADO HOSP AT ST ANTHONY MED CAMPUS,Orthocolorado Hospital at St. Anthony Medical Campus
060125,ADVENTHEALTH CASTLE ROCK,AdventHealth Castle Rock
060126,BANNER FORT COLLINS MEDICAL CENTER,Banner Fort Collins Medical Center
060128,LONGS PEAK HOSPITAL,Longs Peak Hospital
060129,UCHEALTH BROOMFIELD HOSPITAL,UCHealth Broomfield Hospital
060130,UCHEALTH GRANDVIEW HOSPITAL,UCHealth Grandview Hospital
060131,UCHEALTH GREELEY HOSPITAL,UCHealth Greeley Hospital
060132,UCHEALTH HIGHLANDS RANCH HOSPITAL,UCHealth Highlands Ranch Hospital
060133,ST FRANCIS HOSPITAL - INTERQUEST,St. Francis Hospital - Interquest
061300,WEISBROD HEALTH,Weisbrod Health
061301,RIO GRANDE HOSPITAL,Rio Grande Hospital
061302,FAMILY HEALTH WEST HOSPITAL,Family Health West Hospital
061303,EAST MORGAN COUNTY HOSPITAL,East Morgan County Hospital
061304,HAXTUN HOSPITAL DISTRICT,Haxtun Hospital District
061305,MELISSA MEMORIAL HOSPITAL,Melissa Memorial Hospital
061306,LINCOLN HEALTH HOSPITAL,Lincoln Health Hospital
061307,RANGELY DISTRICT HOSPITAL,Rangely District Hospital
061308,SAN LUIS VALLEY HEALTH CONEJOS COUNTY HOSPITAL,San Luis Valley Health Conejos County Hospital
061309,WRAY COMMUNITY DISTRICT HOSPITAL,Wray Community District Hospital
061310,SEDGWICK COUNTY MEMORIAL HOSPITAL,Sedgwick County Memorial Hospital
061311,SOUTHEAST COLORADO HOSPITAL,Southeast Colorado Hospital
061312,UCHEALTH ESTES VALLEY MEDICAL CENTER,UCHealth Estes Valley Medical Center
061313,KIT CARSON COUNTY MEMORIAL HOSPITAL,Kit Carson County Memorial Hospital
061314,"MEMORIAL HOSPITAL, THE","Memorial Hospital, the"
061315,YUMA DISTRICT HOSPITAL,Yuma District Hospital
061316,SPANISH PEAKS REGIONAL HEALTH CENTER,Spanish Peaks Regional Health Center
061317,GRAND RIVER MEDICAL CENTER,Grand River Medical Center
061318,MIDDLE PARK MEDICAL CENTER,Middle Park Medical Center
061319,ST VINCENT GENERAL HOSPITAL DISTRICT,St. Vincent General Hospital District
061320,GUNNISON VALLEY HOSPITAL,Gunnison Valley Hospital
061321,MT SAN RAFAEL HOSPITAL,Mt. San Rafael Hospital
061322,HEART OF THE ROCKIES REGIONAL MEDICAL CENTER,Heart of the Rockies Regional Medical Center
061323,PROWERS MEDICAL CENTER,Prowers Medical Center
061324,ASPEN VALLEY HOSPITAL DISTRICT,Aspen Valley Hospital District
061325,PIONEERS MEDICAL CENTER,Pioneers Medical Center
061326,UCHEALTH PIKES PEAK REGIONAL HOSPITAL,UCHealth Pikes Peak Regional Hospital
061327,SOUTHWEST MEMORIAL HOSPITAL,Southwest Memorial Hospital
061328,PAGOSA SPRINGS MEDICAL CENTER,Pagosa Springs Medical Center
061336,ARKANSAS VALLEY REGIONAL MEDICAL CENTER,Arkansas Valley Regional Medical Center
061343,KEEFE MEMORIAL HOSPITAL,Keefe Memorial Hospital
061344,ST THOMAS MORE HOSPITAL,St. Thomas More Hospital
062009,KINDRED HOSPITAL-DENVER,Kindred Hospital-Denver
062011,CRAIG HOSPITAL,Craig Hospital
062012,PAM SPECIALTY HOSPITAL OF DENVER,PAM Specialty Hospital of Denver
062013,KINDRED HOSPITAL AURORA,Kindred Hospital Aurora
062014,VIBRA HOSPITAL OF DENVER,Vibra Hospital of Denver
062017,NORTHERN COLORADO LONG TERM ACUTE HOSPITAL,Northern Colorado Long Term Acute Hospital
063027,HCA HEALTHONE SPALDING REHABILITATION,HCA HealthONE Spalding Rehabilitation
063030,ENCOMPASS HEALTH REHABILITATION HOSPITAL OF CO SPG,Encompass Health Rehabilitation Hospital of Co Spg
063033,"NORTHERN COLORADO REHABILITATION HOSPITAL, INC","Northern Colorado Rehabilitation Hospital, Inc"
063034,ENCOMPASS HEALTH REHAB HOSPITAL OF LITTLETON,Encompass Health Rehabilitation Hospital of Littleton
063035,DENVER REGIONAL REHABILITATION HOSPITAL,Denver Regional Rehabilitation Hospital
063036,REUNION REHABILITATION HOSPITAL DENVER,Reunion Rehabilitation Hospital Denver
063037,PAM HEALTH REHABILITATION HOSPITAL OF WESTMINSTER,PAM Health Rehabilitation Hospital of Westminster
063038,REUNION REHABILITATION HOSPITAL INVERNESS,Reunion Rehabilitation Hospital Inverness
063039,PAM HEALTH REHABILITATION HOSPITAL OF GREELEY,PAM Health Rehabilitation Hospital of Greeley
063301,CHILDREN'S HOSPITAL COLORADO,Children's Hospital Colorado
063303,CHILDREN'S HOSPITAL COLORADO - COLORADO SPRINGS,Children's Hospital Colorado - Colorado Springs
064001,COLORADO MENTAL HEALTH HOSPITAL IN PUEBLO,Colorado Mental Health Hospital in Pueblo
064003,COLORADO MENTAL HEALTH HOSPITAL IN FORT LOGAN,Colorado Mental Health Hospital in Fort Logan
064007,CENTENNIAL PEAKS HOSPITAL,Centennial Peaks Hospital
064009,CEDAR SPRINGS BEHAVIORAL HEALTH SYSTEM,Cedar Springs Behavioral Health System
064024,HIGHLANDS BEHAVIORAL HEALTH SYSTEM,Highlands Behavioral Health System
064026,PEAK VIEW BEHAVIORAL HEALTH,Peak View Behavioral Health
064028,DENVER SPRINGS,Denver Springs
064030,WEST PINES BEHAVIORAL HOSPITAL,West Pines Behavioral Hospital
070002,SAINT FRANCIS HOSPITAL & MEDICAL CENTER,Saint Francis Hospital & Medical Center
070003,DAY KIMBALL HOSPITAL,Day Kimball Hospital
070004,SHARON HOSPITAL,Sharon Hospital
070005,UCONN HEALTH WATERBURY HOSPITAL,UConn Health Waterbury Hospital
070006,STAMFORD HOSPITAL,Stamford Hospital
070007,LAWRENCE & MEMORIAL HOSPITAL,Lawrence & Memorial Hospital
070008,JOHNSON MEMORIAL HOSPITAL,Johnson Memorial Hospital
070010,BRIDGEPORT HOSPITAL,Bridgeport Hospital
070011,CHARLOTTE HUNGERFORD HOSPITAL,Charlotte Hungerford Hospital
070016,SAINT MARY'S HOSPITAL,Saint Mary's Hospital
070017,MIDSTATE MEDICAL CENTER,Midstate Medical Center
070018,GREENWICH HOSPITAL ASSOCIATION -,Greenwich Hospital Association -
070020,MIDDLESEX HOSPITAL,Middlesex Hospital
070021,WINDHAM COMM MEM HOSP & HATCH HOSP,Windham Community MEM Hospital & Hatch Hospital
070022,YALE-NEW HAVEN HOSPITAL,Yale-New Haven Hospital
070024,WILLIAM W BACKUS HOSPITAL,William W. Backus Hospital
070025,HARTFORD HOSPITAL,Hartford Hospital
070027,MANCHESTER MEMORIAL HOSPITAL,Manchester Memorial Hospital
070028,ST VINCENT'S MEDICAL CENTER,St. Vincent's Medical Center
070029,BRISTOL HOSPITAL,Bristol Hospital
070031,GRIFFIN HOSPITAL,Griffin Hospital
070033,DANBURY HOSPITAL,Danbury Hospital
070034,NORWALK HOSPITAL,Norwalk Hospital
070035,"HOSPITAL OF CENTRAL CONNECTICUT, THE","Hospital of Central Connecticut, the"
070036,JOHN DEMPSEY HOSPITAL OF THE UNIVERSITY OF CONNECT,John Dempsey Hospital of the University of Connect
070038,"CONNECTICUT HOSPICE INC,THE","Connecticut Hospice Inc,the"
072003,GAYLORD HOSPITAL INC,Gaylord Hospital Inc
072004,HOSPITAL FOR SPECIAL CARE,Hospital for Special Care
073025,MOUNT SINAI REHABILITATION HOSPITAL INC,Mount Sinai Rehabilitation Hospital Inc
073027,ENCOMPASS HEALTH REHABILITATION HOSPITAL OF DANBU,Encompass Health Rehabilitation Hospital of Danbu
073300,CONNECTICUT CHILDRENS MEDICAL CENTER,Connecticut Childrens Medical Center
074003,CONNECTICUT VALLEY HOSP,Connecticut Valley Hospital
074008,NATCHAUG HOSPITAL,Natchaug Hospital
074011,CONNECTICUT MENTAL HEALTH CENTER,Connecticut Mental Health Center
074012,SOUTHWEST CONNECTICUT MENTAL HEALTH SYSTEM,Southwest Connecticut Mental Health System
074014,SILVER HILL HOSPITAL INC,Silver Hill Hospital Inc
074015,ALBERT J SOLNIT CHILDREN'S CENTER - SOUTH CAMPUS,Albert J. Solnit Children's Center - South Campus
074016,MASONICARE HEALTH CENTER,Masonicare Health Center
074017,CONNECTICUT BEHAVIORAL HEALTH HOSPITAL,Connecticut Behavioral Health Hospital
080001,CHRISTIANACARE,Christianacare
080003,ST FRANCIS HOSPITAL,St. Francis Hospital
080004,"BAYHEALTH MEDICAL CENTER, KENT CAMPUS","Bayhealth Medical Center, Kent Campus"
080006,"TIDALHEALTH NANTICOKE, INC.","Tidalhealth Nanticoke, Inc."
080007,BEEBE MEDICAL CENTER,Beebe Medical Center
080009,"BAYHEALTH HOSPITAL, SUSSEX CAMPUS","Bayhealth Hospital, Sussex Campus"
082000,SELECT SPECIALTY HOSPITAL WILMINGTON,Select Specialty Hospital Wilmington
083026,ENCOMPASS HEALTH REHAB HOSPITAL OF MIDDLETOWN,Encompass Health Rehabilitation Hospital of Middletown
083027,PAM REHABILITATION HOSPITAL OF DOVER,PAM Rehabilitation Hospital of Dover
083028,PAM HEALTH REHABILITATION HOSPITAL OF GEORGETOWN L,PAM Health Rehabilitation Hospital of Georgetown L.
083300,"NEMOURS CHILDREN'S HOSPITAL, DELAWARE","Nemours Children's Hospital, Delaware"
084001,DELAWARE PSYCHIATRIC CENTER,Delaware Psychiatric Center
084002,ROCKFORD CENTER,Rockford Center
084003,MEADOWWOOD BEHAVIORAL HEALTH SYSTEM,Meadowwood Behavioral Health System
084004,DOVER BEHAVIORAL HEALTH SYSTEM,Dover Behavioral Health System
084005,SUN BEHAVIORAL DELAWARE LLC,Sun Behavioral Delaware LLC
090001,GEORGE WASHINGTON UNIV HOSPITAL,George Washington University Hospital
090003,HOWARD UNIVERSITY HOSPITAL CORP,Howard University Hospital Corp
090004,MEDSTAR GEORGETOWN UNIVERSITY HOSPITAL,MedStar Georgetown University Hospital
090005,SIBLEY MEMORIAL HOSPITAL,Sibley Memorial Hospital
090011,MEDSTAR WASHINGTON HOSPITAL CENTER,MedStar Washington Hospital Center
090012,CEDAR HILL REGIONAL MEDICAL CENTER,Cedar Hill Regional Medical Center
092002,BRIDGEPOINT CONT CARE HOSPITAL - CAPITOL HILL,Bridgepoint Cont Care Hospital - Capitol Hill
092003,BRIDGEPOINT CONT CARE HOSPITAL - NAT HARBORSIDE,Bridgepoint Cont Care Hospital - Nat Harborside
093025,MEDSTAR NATIONAL REHABILITATION HOSPITAL,MedStar National Rehabilitation Hospital
093300,CHILDREN'S NATIONAL HOSPITAL,Children's National Hospital
094001,ST ELIZABETHS HOSPITAL,St. Elizabeths Hospital
094004,PSYCHIATRIC INSTITUTE OF WASHINGTON,Psychiatric Institute of Washington
100001,UF HEALTH JACKSONVILLE,UF Health Jacksonville
100002,BETHESDA HOSPITAL EAST,Bethesda Hospital East
100006,ORLANDO HEALTH ORLANDO REGIONAL MEDICAL CENTER,Orlando Health Orlando Regional Medical Center
100007,ADVENTHEALTH ORLANDO,AdventHealth Orlando
100008,BAPTIST HOSPITAL OF MIAMI,Baptist Hospital of Miami
100012,LEE MEMORIAL HOSPITAL,Lee Memorial Hospital
100014,ADVENTHEALTH NEW SMYRNA BEACH,AdventHealth New Smyrna Beach
100017,HALIFAX HEALTH MEDICAL CENTER,Halifax Health Medical Center
100018,NAPLES COMMUNITY HOSPITAL,Naples Community Hospital
100019,HOLMES REGIONAL MEDICAL CENTER,Holmes Regional Medical Center
100022,JACKSON MEMORIAL HOSPITAL,Jackson Memorial Hospital
100023,HCA FLORIDA CITRUS HOSPITAL,HCA Florida Citrus Hospital
100025,ASCENSION SACRED HEART PENSACOLA,Ascension Sacred Heart Pensacola
100026,ASCENSION SACRED HEART BAY,Ascension Sacred Heart Bay
100028,PARRISH MEDICAL CENTER,Parrish Medical Center
100029,NORTH SHORE MEDICAL CENTER,North Shore Medical Center
100030,ORLANDO HEALTH-HEALTH CENTRAL HOSPITAL,Orlando Health-Health Central Hospital
100032,ORLANDO HEALTH BAYFRONT HOSPITAL,Orlando Health Bayfront Hospital
100034,"MOUNT SINAI MEDICAL CENTER OF FLORIDA, INC","Mount Sinai Medical Center of Florida, Inc"
100035,MANATEE MEMORIAL HOSPITAL,Manatee Memorial Hospital
100038,MEMORIAL REGIONAL HOSPITAL,Memorial Regional Hospital
100039,BROWARD HEALTH MEDICAL CENTER,Broward Health Medical Center
100040,ASCENSION ST VINCENT'S RIVERSIDE,Ascension St. Vincent's Riverside
100043,MEASE DUNEDIN HOSPITAL,Mease Dunedin Hospital
100044,CLEVELAND CLINIC MARTIN NORTH HOSPITAL,Cleveland Clinic Martin North Hospital
100045,ADVENTHEALTH DELAND,AdventHealth Deland
100046,ADVENTHEALTH ZEPHYRHILLS,AdventHealth Zephyrhills
100049,HCA FLORIDA HIGHLANDS HOSPITAL,HCA Florida Highlands Hospital
100050,LARKIN COMMUNITY HOSPITAL PALM SPRINGS CAMPUS,Larkin Community Hospital Palm Springs Campus
100051,ORLANDO HEALTH SOUTH LAKE HOSPITAL,Orlando Health South Lake Hospital
100052,WINTER HAVEN HOSPITAL,Winter Haven Hospital
100053,HIALEAH HOSPITAL,Hialeah Hospital
100054,HCA FLORIDA TWIN CITIES HOSPITAL,HCA Florida Twin Cities Hospital
100055,ADVENTHEALTH NORTH PINELLAS,AdventHealth North Pinellas
100057,ADVENTHEALTH WATERMAN,AdventHealth Waterman
100062,ADVENTHEALTH OCALA,AdventHealth Ocala
100063,MORTON PLANT NORTH BAY HOSPITAL,Morton Plant North Bay Hospital
100067,ST ANTHONYS HOSPITAL,St. Anthonys Hospital
100068,ADVENTHEALTH DAYTONA BEACH,AdventHealth Daytona Beach
100069,ADVENTHEALTH CARROLLWOOD,AdventHealth Carrollwood
100071,TAMPA GENERAL HOSPITAL BROOKSVILLE,Tampa General Hospital Brooksville
100072,ADVENTHEALTH FISH MEMORIAL,AdventHealth Fish Memorial
100073,HOLY CROSS HOSPITAL,Holy Cross Hospital
100075,ST JOSEPHS HOSPITAL,St. Josephs Hospital
100077,ADVENTHEALTH PORT CHARLOTTE,AdventHealth Port Charlotte
100079,UNIV OF MIAMI HOSPITAL AND CLINICS-SYLVESTER COMPR,University of Miami Hospital and Clinics-Sylvester Compr
100080,HCA FLORIDA JFK HOSPITAL,HCA Florida JFK Hospital
100084,UF HEALTH LEESBURG HOSPITAL,UF Health Leesburg Hospital
100086,BROWARD HEALTH NORTH,Broward Health North
100087,SARASOTA MEMORIAL HOSPITAL,Sarasota Memorial Hospital
100088,BAPTIST MEDICAL CENTER JACKSONVILLE,Baptist Medical Center Jacksonville
100090,FLAGLER HOSPITAL,Flagler Hospital
100093,BAPTIST HOSPITAL,Baptist Hospital
100099,ADVENTHEALTH LAKE WALES,AdventHealth Lake Wales
100105,CLEVELAND CLINIC INDIAN RIVER HOSPITAL,Cleveland Clinic Indian River Hospital
100107,HCA FLORIDA LEHIGH HOSPITAL,HCA Florida Lehigh Hospital
100109,ADVENTHEALTH SEBRING,AdventHealth Sebring
100110,HCA FLORIDA OSCEOLA HOSPITAL,HCA Florida Osceola Hospital
100113,UF HEALTH SHANDS HOSPITAL,UF Health Shands Hospital
100117,BAPTIST MEDICAL CENTER - BEACHES,Baptist Medical Center - Beaches
100118,ADVENTHEALTH PALM COAST,AdventHealth Palm Coast
100121,BARTOW REGIONAL MEDICAL CENTER,Bartow Regional Medical Center
100122,NORTH OKALOOSA MEDICAL CENTER,North Okaloosa Medical Center
100124,SANTA ROSA MEDICAL CENTER,Santa Rosa Medical Center
100125,HOMESTEAD HOSPITAL,Homestead Hospital
100127,MORTON PLANT HOSPITAL,Morton Plant Hospital
100128,TAMPA GENERAL HOSPITAL,Tampa General Hospital
100130,LAKESIDE MEDICAL CENTER,Lakeside Medical Center
100131,HCA FLORIDA AVENTURA HOSPITAL,HCA Florida Aventura Hospital
100132,SOUTH FLORIDA BAPTIST HOSPITAL,South Florida Baptist Hospital
100134,ED FRASER MEMORIAL HOSPITAL,Ed Fraser Memorial Hospital
100135,TALLAHASSEE MEMORIAL HOSPITAL,Tallahassee Memorial Hospital
100137,ADVENTHEALTH HEART OF FLORIDA,AdventHealth Heart of Florida
100140,BAPTIST MEDICAL CENTER - NASSAU,Baptist Medical Center - Nassau
100142,JACKSON HOSPITAL,Jackson Hospital
100150,LOWER KEYS MEDICAL CENTER,Lower Keys Medical Center
100151,MAYO CLINIC,Mayo Clinic
100154,SOUTH MIAMI HOSPITAL,South Miami Hospital
100156,HCA FLORIDA LAKE CITY HOSPITAL,HCA Florida Lake City Hospital
100157,LAKELAND REGIONAL MEDICAL CENTER,Lakeland Regional Medical Center
100161,HCA FLORIDA LAKE MONROE HOSPITAL,HCA Florida Lake Monroe Hospital
100166,HCA FLORIDA SARASOTA DOCTORS HOSPITAL,HCA Florida Sarasota Doctors Hospital
100167,HCA FLORIDA MERCY HOSPITAL,HCA Florida Mercy Hospital
100168,BOCA RATON REGIONAL HOSPITAL,Boca Raton Regional Hospital
100173,ADVENTHEALTH TAMPA,AdventHealth Tampa
100175,DESOTO MEMORIAL HOSPITAL,DeSoto Memorial Hospital
100176,PALM BEACH GARDENS MEDICAL CENTER,Palm Beach Gardens Medical Center
100177,CAPE CANAVERAL HOSPITAL,Cape Canaveral Hospital
100179,HCA FLORIDA MEMORIAL HOSPITAL,HCA Florida Memorial Hospital
100180,HCA FLORIDA ST PETERSBURG HOSPITAL,HCA Florida St. Petersburg Hospital
100181,LARKIN COMMUNITY HOSPITAL,Larkin Community Hospital
100183,CORAL GABLES HOSPITAL,Coral Gables Hospital
100187,PALMETTO GENERAL HOSPITAL,Palmetto General Hospital
100189,HCA FLORIDA NORTHWEST HOSPITAL,HCA Florida Northwest Hospital
100191,HCA FLORIDA TRINITY HOSPITAL,HCA Florida Trinity Hospital
100200,BROWARD HEALTH IMPERIAL POINT,Broward Health Imperial Point
100204,HCA FLORIDA NORTH FLORIDA HOSPITAL,HCA Florida North Florida Hospital
100206,HCA FLORIDA SOUTH TAMPA HOSPITAL,HCA Florida South Tampa Hospital
100209,HCA FLORIDA KENDALL HOSPITAL,HCA Florida Kendall Hospital
100211,ADVENTHEALTH DADE CITY,AdventHealth Dade City
100212,HCA FLORIDA OCALA HOSPITAL,HCA Florida Ocala Hospital
100213,HCA FLORIDA BLAKE HOSPITAL,HCA Florida Blake Hospital
100217,ORLANDO HEALTH SEBASTIAN RIVER HOSPITAL,Orlando Health Sebastian River Hospital
100220,GULF COAST MEDICAL CENTER,Gulf Coast Medical Center
100223,HCA FLORIDA FORT WALTON-DESTIN HOSPITAL,HCA Florida Fort Walton-Destin Hospital
100224,HCA FLORIDA WOODMONT HOSPITAL,HCA Florida Woodmont Hospital
100226,HCA FLORIDA ORANGE PARK HOSPITAL,HCA Florida Orange Park Hospital
100228,HCA FLORIDA WESTSIDE HOSPITAL,HCA Florida Westside Hospital
100230,MEMORIAL HOSPITAL PEMBROKE,Memorial Hospital Pembroke
100231,HCA FLORIDA WEST HOSPITAL,HCA Florida West Hospital
100232,HCA FLORIDA PUTNAM HOSPITAL,HCA Florida Putnam Hospital
100236,HCA FLORIDA FAWCETT HOSPITAL,HCA Florida Fawcett Hospital
100238,HCA FLORIDA NORTHSIDE HOSPITAL,HCA Florida Northside Hospital
100242,HCA FLORIDA GULF COAST HOSPITAL,HCA Florida Gulf Coast Hospital
100243,HCA FLORIDA BRANDON HOSPITAL,HCA Florida Brandon Hospital
100244,CAPE CORAL HOSPITAL,Cape Coral Hospital
100246,HCA FLORIDA LAWNWOOD HOSPITAL,HCA Florida Lawnwood Hospital
100248,HCA FLORIDA LARGO HOSPITAL,HCA Florida Largo Hospital
100249,TAMPA GENERAL HOSPITAL CRYSTAL RIVER,Tampa General Hospital Crystal River
100252,HCA FLORIDA RAULERSON HOSPITAL,HCA Florida Raulerson Hospital
100253,JUPITER MEDICAL CENTER,Jupiter Medical Center
100254,HCA FLORIDA CAPITAL HOSPITAL,HCA Florida Capital Hospital
100256,HCA FLORIDA BAYONET POINT HOSPITAL,HCA Florida Bayonet Point Hospital
100258,DELRAY MEDICAL CENTER,Delray Medical Center
100259,HCA FLORIDA SOUTH SHORE HOSPITAL,HCA Florida South Shore Hospital
100260,HCA FLORIDA ST LUCIE HOSPITAL,HCA Florida St. Lucie Hospital
100264,HCA FLORIDA OAK HILL HOSPITAL,HCA Florida Oak Hill Hospital
100265,MEASE COUNTRYSIDE HOSPITAL,Mease Countryside Hospital
100266,GULF BREEZE HOSPITAL,Gulf Breeze Hospital
100267,HCA FLORIDA ENGLEWOOD HOSPITAL,HCA Florida Englewood Hospital
100268,WEST BOCA MEDICAL CENTER,West Boca Medical Center
100269,HCA FLORIDA PALMS WEST HOSPITAL,HCA Florida Palms West Hospital
100271,H LEE MOFFITT CANCER CENTER & RESEARCH INSTITUTE I,H. Lee Moffitt Cancer Center & Research Institute I
100275,WELLINGTON REGIONAL MEDICAL CENTER,Wellington Regional Medical Center
100276,BROWARD HEALTH CORAL SPRINGS,Broward Health Coral Springs
100277,DOUGLAS GARDENS HOSPITAL,Douglas Gardens Hospital
100281,MEMORIAL HOSPITAL WEST,Memorial Hospital West
100284,KERALTY HOSPITAL,Keralty Hospital
100285,MEMORIAL HOSPITAL MIRAMAR,Memorial Hospital Miramar
100286,PHYSICIANS REGIONAL MEDICAL CENTER - PINE RIDGE,Physicians Regional Medical Center - Pine Ridge
100287,GOOD SAMARITAN MEDICAL CENTER,Good Samaritan Medical Center
100288,ST MARY'S MEDICAL CENTER,St. Mary's Medical Center
100289,CLEVELAND CLINIC HOSPITAL,Cleveland Clinic Hospital
100290,UF HEALTH SPANISH PLAINES HOSPITAL,UF Health Spanish Plaines Hospital
100291,ORLANDO HEALTH MELBOURNE HOSPITAL,Orlando Health Melbourne Hospital
100292,SACRED HEART HOSPITAL ON THE EMERALD COAST,Sacred Heart Hospital on the Emerald Coast
100296,DOCTORS HOSPITAL,Doctors Hospital
100298,FLORIDA STATE HOSPITAL UNIT 31 MED,Florida State Hospital Unit 31 Medical
100299,LAKEWOOD RANCH MEDICAL CENTER,Lakewood Ranch Medical Center
100302,ORLANDO HEALTH ST CLOUD HOSPITAL,Orlando Health St. Cloud Hospital
100307,ASCENSION ST VINCENT'S SOUTHSIDE,Ascension St. Vincent's Southside
100313,ASCENSION SACRED HEART GULF,Ascension Sacred Heart Gulf
100314,WEST KENDALL BAPTIST HOSPITAL,West Kendall Baptist Hospital
100315,VIERA HOSPITAL,Viera Hospital
100316,PALM BAY HOSPITAL,Palm Bay Hospital
100319,ADVENTHEALTH WESLEY CHAPEL,AdventHealth Wesley Chapel
100320,HCA FLORIDA POINCIANA HOSPITAL,HCA Florida Poinciana Hospital
100321,ASCENSION ST VINCENT'S CLAY COUNTY,Ascension St. Vincent's Clay County
100329,OVIEDO MEDICAL CENTER,Oviedo Medical Center
100330,HALIFAX HEALTH /UF HEALTH MEDICAL CENTER OF DELTON,Halifax Health /UF Health Medical Center of Delton
100350,UCF LAKE NONA HOSPITAL,UCF Lake Nona Hospital
100359,SARASOTA MEMORIAL HOSPITAL - VENICE,Sarasota Memorial Hospital - Venice
100360,HCA FLORIDA UNIVERSITY HOSPITAL,HCA Florida University Hospital
100361,ASCENSION ST VINCENT'S ST JOHNS COUNTY,Ascension St. Vincent's St. Johns County
100362,BAYCARE HOSPITAL WESLEY CHAPEL,Baycare Hospital Wesley Chapel
100363,ADVENTHEALTH PALM COAST PARKWAY,AdventHealth Palm Coast Parkway
100364,ADVENTHEALTH RIVERVIEW,AdventHealth Riverview
100365,NORTH WALTON DOCTORS HOSPITAL,North Walton Doctors Hospital
101300,ADVENTHEALTH WAUCHULA,AdventHealth Wauchula
101303,LAKE BUTLER HOSPITAL,Lake Butler Hospital
101304,CALHOUN-LIBERTY HOSPITAL,Calhoun-Liberty Hospital
101305,GEORGE E WEEMS MEMORIAL HOSPITAL,George E. Weems Memorial Hospital
101307,DOCTORS MEMORIAL HOSPITAL,Doctors Memorial Hospital
101308,NORTHWEST FLORIDA COMMUNITY HOSPITAL,Northwest Florida Community Hospital
101309,HENDRY REGIONAL MEDICAL CENTER,Hendry Regional Medical Center
101311,MADISON COUNTY MEMORIAL HOSPITAL,Madison County Memorial Hospital
101312,FISHERMEN'S COMMUNITY HOSPITAL,Fishermen's Community Hospital
101313,MARINERS HOSPITAL,Mariners Hospital
101314,DOCTORS MEMORIAL HOSPITAL INC,Doctors Memorial Hospital Inc
101315,JAY HOSPITAL,Jay Hospital
102001,SELECT SPECIALTY HOSPITAL-MIAMI,Select Specialty Hospital-Miami
102003,SELECT SPECIALTY HOSPITAL - ORLANDO (SOUTH CAMPUS),Select Specialty Hospital - Orlando (South Campus)
102009,KINDRED HOSPITAL-BAY AREA-TAMPA,Kindred Hospital-Bay Area-Tampa
102010,KINDRED HOSPITAL-SOUTH FLORIDA-FT LAUDERDALE,Kindred Hospital-South Florida-Ft. Lauderdale
102012,PAM HEALTH SPECIALTY HOSPITAL OF JACKSONVILLE,PAM Health Specialty Hospital of Jacksonville
102013,KINDRED HOSPITAL-CENTRAL TAMPA,Kindred Hospital-Central Tampa
102015,KINDRED HOSPITAL-NORTH FLORIDA,Kindred Hospital-North Florida
102017,SELECT SPECIALTY HOSPITAL - PANAMA CITY,Select Specialty Hospital - Panama City
102018,PAM SPECIALTY HOSPITAL OF SARASOTA,PAM Specialty Hospital of Sarasota
102019,KINDRED HOSPITAL OCALA,Kindred Hospital Ocala
102020,SELECT SPECIALTY HOSPITAL - TALLAHASSEE,Select Specialty Hospital - Tallahassee
102021,BAYCARE ALLIANT HOSPITAL,Baycare Alliant Hospital
102022,SELECT SPECIALTY HOSPITAL GAINESVILLE INC,Select Specialty Hospital Gainesville Inc
102023,SELECT SPECIALTY HOSPITAL-PALM BEACH,Select Specialty Hospital-Palm Beach
102024,SELECT SPECIALTY HOSPITAL PENSACOLA,Select Specialty Hospital Pensacola
102025,KINDRED HOSPITAL THE PALM BEACHES,Kindred Hospital the Palm Beaches
102026,ADVENTHEALTH CONNERTON,AdventHealth Connerton
102027,KINDRED HOSPITAL MELBOURNE,Kindred Hospital Melbourne
102028,SELECT SPECIALTY HOSPITAL - THE VILLAGES,Select Specialty Hospital - The Villages
102029,SELECT SPECIALTY HOSPITAL-FORT MYERS,Select Specialty Hospital-Fort Myers
102030,SELECT SPECIALTY HOSPITAL DAYTONA BEACH,Select Specialty Hospital Daytona Beach
102031,SELECT SPECIALTY HOSPITAL-MIAMI LAKES,Select Specialty Hospital-Miami Lakes
103026,ST CATHERINE'S REHABILITATION HOSPITAL,St. Catherine's Rehabilitation Hospital
103027,ST ANTHONY'S REHABILITATION HOSPITAL,St. Anthony's Rehabilitation Hospital
103028,ENCOMPASS HEALTH REHAB HOSPITAL OF SUNRISE,Encompass Health Rehabilitation Hospital of Sunrise
103031,ENCOMPASS HEALTH REHAB HOSPITAL OF SARASOTA,Encompass Health Rehabilitation Hospital of Sarasota
103032,ENCOMPASS HEALTH REHAB HOSPITAL OF TREASURE COAST,Encompass Health Rehabilitation Hospital of Treasure Coast
103033,ENCOMPASS HEALTH REHABILITATION HOSPITAL OF TALLAH,Encompass Health Rehabilitation Hospital of Tallah
103034,SEA PINES REHAB HOSP AFFILIATE OF ENCOMPASS HEALTH,Sea Pines Rehabilitation Hospital Affiliate of Encompass Health
103036,WEST GABLES REHABILITATION HOSPITAL,West Gables Rehabilitation Hospital
103037,ENCOMPASS HEALTH REHABILITATION HOSPITAL OF LARGO,Encompass Health Rehabilitation Hospital of Largo
103038,ENCOMPASS HEALTH REHABILITATION HOSPITAL OF MIAMI,Encompass Health Rehabilitation Hospital of Miami
103039,BROOKS REHABILITATION HOSPITAL UNIVERSITY CAMPUS,Brooks Rehabilitation Hospital University Campus
103040,ENCOMPASS HEALTH REHABILITATION HOSPITAL OF PANAMA,Encompass Health Rehabilitation Hospital of Panama
103042,ENCOMPASS HEALTH REHAB HOSPITAL OF SPRING HILL,Encompass Health Rehabilitation Hospital of Spring Hill
103043,ENCOMPASS HEALTH REHAB HOSPITAL OF CENTRAL FLORIDA,Encompass Health Rehabilitation Hospital of Central Florida
103044,ENCOMPASS HEALTH REHAB HOSPITAL AN AFFILIATE OF MA,Encompass Health Rehabilitation Hospital An Affiliate of Ma
103045,ENCOMPASS HEALTH REHABILITATION HOSPITAL OF ALTAMO,Encompass Health Rehabilitation Hospital of Altamo
103046,UF HEALTH REHABILITATION HOSPITAL,UF Health Rehabilitation Hospital
103047,ENCOMPASS HEALTH REHABILITATION HOSPITAL OF NORTH,Encompass Health Rehabilitation Hospital of North
103048,ENCOMPASS HEALTH REHABILITATION HOSPITAL OF PENSAC,Encompass Health Rehabilitation Hospital of Pensac
103049,ENCOMPASS HEALTH REHABILITATION HOSPITAL OF ST AUG,Encompass Health Rehabilitation Hospital of St. Aug
103050,ENCOMPASS HEALTH REHABILITATION HOSPITAL OF LAKELA,Encompass Health Rehabilitation Hospital of Lakela
103051,TAMPA GENERAL REHABILITATION HOSPITAL,Tampa General Rehabilitation Hospital
103052,ENCOMPASS HEALTH REHABILITATION HOSPITAL OF JACKSO,Encompass Health Rehabilitation Hospital of Jackso
103053,REHABILITATION HOSPITAL OF CAPE CORAL,Rehabilitation Hospital of Cape Coral
103054,REHABILITATION HOSPITAL OF NAPLES,Rehabilitation Hospital of Naples
103055,ENCOMPASS HEALTH REHABILITATION HOSPITAL OF CLERMO,Encompass Health Rehabilitation Hospital of Clermo
103056,PAM HEALTH REHABILITATION HOSPITAL OF TAVARES,PAM Health Rehabilitation Hospital of Tavares
103057,PAM HEALTH REHABILITATION HOSPITAL OF JUPITER,PAM Health Rehabilitation Hospital of Jupiter
103061,CLEARSKY REHABILITATION HOSPITAL OF LECANTO,Clearsky Rehabilitation Hospital of Lecanto
103062,PAM HEALTH REHABILITATION HOSPITAL OF VENICE,PAM Health Rehabilitation Hospital of Venice
103063,REUNION REHABILITATION HOSPITAL JACKSONVILLE,Reunion Rehabilitation Hospital Jacksonville
103064,ENCOMPASS HEALTH REHABILITATION HOSPITAL OF KISSIM,Encompass Health Rehabilitation Hospital of Kissim
103065,ORLANDO REHABILITATION HOSPITAL,Orlando Rehabilitation Hospital
103066,NORTH FLORIDA REHABILITATION HOSPITAL,North Florida Rehabilitation Hospital
103067,UF HEALTH REHABILITATION HOSPITAL - JACKSONVILLE,UF Health Rehabilitation Hospital - Jacksonville
103068,FLORIDA REHABILITATION HOSPITAL AT TAMPA,Florida Rehabilitation Hospital at Tampa
103069,REHABILITATION HOSPITAL OF FORT MYERS,Rehabilitation Hospital of Fort Myers
103070,ENCOMPASS HEALTH REHABILITATION HOSPITAL OF DAYTON,Encompass Health Rehabilitation Hospital of Dayton
103071,CLEARSKY REHABILITATION HOSPITAL OF LAKE CITY,Clearsky Rehabilitation Hospital of Lake City
103072,ENCOMPASS HEALTH REHABILITATION HOSPITAL OF LAKE W,Encompass Health Rehabilitation Hospital of Lake W.
103073,ENCOMPASS HEALTH REHABILITATION HOSPITAL OF ST PET,Encompass Health Rehabilitation Hospital of St. Pet
103074,EXALT HEALTH REHABILITATION HOSPITAL WILDWOOD,Exalt Health Rehabilitation Hospital Wildwood
103075,EXALT HEALTH REHABILITATION HOSPITAL LAKELAND,Exalt Health Rehabilitation Hospital Lakeland
103300,JOHNS HOPKINS ALL CHILDREN'S HOSPITAL,Johns Hopkins All Children's Hospital
103301,NICKLAUS CHILDREN'S HOSPITAL,Nicklaus Children's Hospital
103304,"NEMOURS CHILDRENS HOSPITAL, FLORIDA","Nemours Childrens Hospital, Florida"
104000,FLORIDA STATE HOSPITAL UNIT 14 PSYCH,Florida State Hospital Unit 14 Psych
104001,SOUTH FLORIDA STATE HOSPITAL,South Florida State Hospital
104007,NORTHEAST FLORIDA STATE HOSPITAL,Northeast Florida State Hospital
104016,RIVER POINT BEHAVIORAL HEALTH,River Point Behavioral Health
104017,WINDMOOR HEALTHCARE OF CLEARWATER,Windmoor Healthcare of Clearwater
104018,LIFESTREAM BEHAVIORAL CENTER,Lifestream Behavioral Center
104024,"CIRCLES OF CARE, INC","Circles of Care, Inc"
104026,FORT LAUDERDALE BEHAVIORAL HEALTH CENTER,Fort Lauderdale Behavioral Health Center
104040,CENTERSTONE OF FLORIDA,Centerstone of Florida
104049,SOUTHERN WINDS,Southern Winds
104057,SPRINGBROOK HOSPITAL,Springbrook Hospital
104059,EASTSIDE PSYCHIATRIC HOSPITAL,Eastside Psychiatric Hospital
104063,AXIOM BEHAVIORAL HEALTH AT NAPLES,Axiom Behavioral Health at Naples
104067,ASPIRE HEALTH PARTNERS,Aspire Health Partners
104069,WEKIVA SPRINGS,Wekiva Springs
104070,PORT ST LUCIE HOSPITAL,Port St. Lucie Hospital
104071,THE VINES HOSPITAL,The Vines Hospital
104072,CENTRAL FLORIDA BEHAVIORAL HOSPITAL,Central Florida Behavioral Hospital
104073,EMERALD COAST BEHAVIORAL HOSPITAL,Emerald Coast Behavioral Hospital
104074,PARK ROYAL HOSPITAL,Park Royal Hospital
104075,NORTH TAMPA BEHAVIORAL HEALTH,North Tampa Behavioral Health
104076,UNIVERSITY BEHAVIORAL CENTER,University Behavioral Center
104079,LARKIN COMMUNITY HOSPITAL BEHAVIORAL HEALTH SRVS,Larkin Community Hospital Behavioral Health Srvs
104080,CORAL SHORES BEHAVIORAL HEALTH,Coral Shores Behavioral Health
104081,BLACKBERRY CENTER,Blackberry Center
104082,PALM POINT BEHAVIORAL HEALTH,Palm Point Behavioral Health
104084,NEUROBEHAVIORAL HOSPITAL OF THE PALM BEACHES-NORTH,Neurobehavioral Hospital of the Palm Beaches-North
104085,NEUROBEHAVIORAL HOSPITAL OF THE PALM BEACHES-SOUTH,Neurobehavioral Hospital of the Palm Beaches-South
104087,NORTH PORT BEHAVIORAL HEALTH,North Port Behavioral Health
110001,HAMILTON MEDICAL CENTER,Hamilton Medical Center
110002,UPSON REGIONAL MEDICAL CENTER,Upson Regional Medical Center
110003,MEMORIAL SATILLA HEALTH,Memorial Satilla Health
110005,NORTHSIDE HOSPITAL FORSYTH,Northside Hospital Forsyth
110006,ST MARY'S HOSPITAL,St. Mary's Hospital
110007,PHOEBE PUTNEY MEMORIAL HOSPITAL,Phoebe Putney Memorial Hospital
110008,NORTHSIDE HOSPITAL CHEROKEE,Northside Hospital Cherokee
110010,EMORY UNIVERSITY HOSPITAL,Emory University Hospital
110011,TANNER MEDICAL CENTER - CARROLLTON,Tanner Medical Center - Carrollton
110015,TANNER MEDICAL CENTER VILLA RICA,Tanner Medical Center Villa Rica
110016,WELLSTAR WEST GEORGIA MEDICAL CENTER,Wellstar West Georgia Medical Center
110018,PIEDMONT NEWTON HOSPITAL,Piedmont Newton Hospital
110023,ADVENTHEALTH GORDON,AdventHealth Gordon
110024,CANDLER HOSPITAL,Candler Hospital
110025,SOUTHEAST GEORGIA HEALTH SYSTEM- BRUNSWICK CAMPUS,Southeast Georgia Health System- Brunswick Campus
110027,"ST MARY'S SACRED HEART HOSPITAL, INC","St. Mary's Sacred Heart Hospital, Inc"
110028,PIEDMONT AUGUSTA HOSPITAL,Piedmont Augusta Hospital
110029,"NORTHEAST GEORGIA MEDICAL CENTER, INC","Northeast Georgia Medical Center, Inc"
110030,PIEDMONT CARTERSVILLE MEDICAL CENTER,Piedmont Cartersville Medical Center
110031,WELLSTAR SPALDING MEDICAL CENTER,Wellstar Spalding Medical Center
110032,STEPHENS COUNTY HOSPITAL,Stephens County Hospital
110034,"WELLSTAR MCG HEALTH, AFFILIATED WITH MED COL","Wellstar MCG Health, Affiliated with Medical Col"
110035,WELLSTAR KENNESTONE REGIONAL MEDICAL CENTER,Wellstar Kennestone Regional Medical Center
110036,MEMORIAL HEALTH UNIVERSITY MEDICAL CENTER,Memorial Health University Medical Center
110038,ARCHBOLD MEMORIAL,Archbold Memorial
110041,NORTHEAST GEORGIA MEDICAL CENTER HABERSHAM,Northeast Georgia Medical Center Habersham
110042,WELLSTAR PAULDING MEDICAL CENTER,Wellstar Paulding Medical Center
110043,ST JOSEPH'S HOSPITAL - SAVANNAH,St. Joseph's Hospital - Savannah
110044,PHOEBE SUMTER MEDICAL CENTER,Phoebe Sumter Medical Center
110045,NORTHEAST GEORGIA MEDICAL CENTER BARROW,Northeast Georgia Medical Center Barrow
110046,"PIEDMONT WALTON HOSPITAL, INC","Piedmont Walton Hospital, Inc"
110050,ADVENTHEALTH MURRAY,AdventHealth Murray
110051,UNION GENERAL HOSPITAL,Union General Hospital
110054,ATRIUM HEALTH FLOYD MEDICAL CENTER,Atrium Health Floyd Medical Center
110064,PIEDMONT COLUMBUS REGIONAL MIDTOWN,Piedmont Columbus Regional Midtown
110069,EMORY HOUSTON HOSPITAL WARNER ROBINS,Emory Houston Hospital Warner Robins
110071,APPLING HEALTHCARE,Appling Healthcare
110074,PIEDMONT ATHENS REGIONAL MEDICAL CENTER,Piedmont Athens Regional Medical Center
110075,EAST GEORGIA REGIONAL MEDICAL CENTER,East Georgia Regional Medical Center
110076,EMORY DECATUR HOSPITAL,Emory Decatur Hospital
110078,EMORY UNIVERSITY HOSPITAL MIDTOWN,Emory University Hospital Midtown
110079,GRADY MEMORIAL HOSPITAL,Grady Memorial Hospital
110082,"SAINT JOSEPH'S HOSPITAL OF ATLANTA, INC","Saint Joseph's Hospital of Atlanta, Inc"
110083,"PIEDMONT HOSPITAL, INC","Piedmont Hospital, Inc"
110086,WASHINGTON COUNTY REGIONAL MEDICAL CENTER,Washington County Regional Medical Center
110087,NORTHSIDE HOSPITAL GWINNETT,Northside Hospital Gwinnett
110089,"COFFEE REGIONAL MEDICAL CENTER, INC","Coffee Regional Medical Center, Inc"
110091,PIEDMONT ROCKDALE HOSPITAL,Piedmont Rockdale Hospital
110092,DODGE COUNTY HOSPITAL,Dodge County Hospital
110095,TIFT REGIONAL MEDICAL CENTER,Tift Regional Medical Center
110100,JEFFERSON HOSPITAL,Jefferson Hospital
110101,"SOUTHWELL MEDICAL, A CAMPUS OF TRMC","Southwell Medical, A Campus of Trmc"
110104,CRISP REGIONAL HOSPITAL,Crisp Regional Hospital
110105,COLQUITT REGIONAL MEDICAL CENTER,Colquitt Regional Medical Center
110107,ATRIUM HEALTH NAVICENT THE MEDICAL CENTER,Atrium Health Navicent the Medical Center
110109,EMANUEL MEDICAL CENTER,Emanuel Medical Center
110111,PIEDMONT MCDUFFIE HOSPITAL,Piedmont McDuffie Hospital
110113,BURKE MEDICAL CENTER,Burke Medical Center
110121,ARCHBOLD GRADY,Archbold Grady
110122,SGMC HEALTH,SGMC Health
110124,WAYNE MEMORIAL HOSPITAL,Wayne Memorial Hospital
110125,FAIRVIEW PARK HOSPITAL,Fairview Park Hospital
110128,MEMORIAL HEALTH MEADOWS HOSPITAL,Memorial Health Meadows Hospital
110129,ST FRANCIS HOSPITAL- EMORY HEALTHCARE,St. Francis Hospital- Emory Healthcare
110132,MEMORIAL HOSPITAL AND MANOR,Memorial Hospital and Manor
110142,EVANS MEMORIAL HOSPITAL,Evans Memorial Hospital
110143,WELLSTAR COBB MEDICAL CENTER,Wellstar Cobb Medical Center
110146,SOUTHEAST GEORGIA HEALTH SYSTEM- CAMDEN CAMPUS,Southeast Georgia Health System- Camden Campus
110150,NAVICENT HEALTH BALDWIN,Navicent Health Baldwin
110153,HOUSTON HEALTHCARE,Houston Healthcare
110161,NORTHSIDE HOSPITAL,Northside Hospital
110164,PIEDMONT MACON MEDICAL CENTER,Piedmont Macon Medical Center
110165,SOUTHERN REGIONAL MEDICAL CENTER,Southern Regional Medical Center
110168,ADVENTHEALTH REDMOND,AdventHealth Redmond
110177,DOCTORS HOSPITAL,Doctors Hospital
110184,WELLSTAR DOUGLAS MEDICAL CENTER,Wellstar Douglas Medical Center
110187,CHESTATEE REGIONAL HOSPITAL,Chestatee Regional Hospital
110190,FLINT RIVER COMMUNITY HOSPITAL,Flint River Community Hospital
110191,PIEDMONT HENRY HOSPITAL,Piedmont Henry Hospital
110192,PIEDMONT EASTSIDE MEDICAL CENTER,Piedmont Eastside Medical Center
110194,DONALSONVILLE HOSPITAL INC,Donalsonville Hospital Inc
110198,WELLSTAR NORTH FULTON MEDICAL CENTER,Wellstar North Fulton Medical Center
110200,PIEDMONT COLUMBUS REGIONAL NORTHSIDE,Piedmont Columbus Regional Northside
110201,PIEDMONT MACON NORTH HOSPITAL,Piedmont Macon North Hospital
110209,TURNING POINT HOSPITAL,Turning Point Hospital
110215,PIEDMONT FAYETTE HOSPITAL,Piedmont Fayette Hospital
110225,PIEDMONT MOUNTAINSIDE HOSPITAL INC,Piedmont Mountainside Hospital Inc
110226,EMORY HILLANDALE HOSPITAL,Emory Hillandale Hospital
110229,"PIEDMONT NEWNAN HOSPITAL, INC","Piedmont Newnan Hospital, Inc"
110230,EMORY JOHNS CREEK HOSPITAL,Emory Johns Creek Hospital
110233,"SOUTHEASTERN REGIONAL MEDICAL CENTER, INC","Southeastern Regional Medical Center, Inc"
110234,SGMC BERRIEN CAMPUS,SGMC Berrien Campus
110236,COMMONSPIRIT-MEMORIAL HOSPITAL-NORTH GEORGIA,Commonspirit-Memorial Hospital-North Georgia
110237,NORTHEAST GEORGIA MEDICAL CENTER LUMPKIN,Northeast Georgia Medical Center Lumpkin
110252,NORTHSIDE HOSPITAL DULUTH,Northside Hospital Duluth
110256,TAYLOR REGIONAL HOSPITAL,Taylor Regional Hospital
110779,IRWIN COUNTY HOSPITAL,Irwin County Hospital
111302,BLECKLEY MEMORIAL HOSPITAL,Bleckley Memorial Hospital
111303,JASPER MEMORIAL HOSPITAL,Jasper Memorial Hospital
111304,MORGAN MEDICAL CENTER,Morgan Medical Center
111305,MILLER COUNTY HOSPITAL,Miller County Hospital
111306,EFFINGHAM HEALTH SYSTEM,Effingham Health System
111308,CLINCH MEMORIAL HOSPITAL,Clinch Memorial Hospital
111310,ATRIUM HEALTH NAVICENT PEACH,Atrium Health Navicent Peach
111311,JENKINS COUNTY MEDICAL CENTER,Jenkins County Medical Center
111312,OPTIM MEDICAL CENTER - SCREVEN,Optim Medical Center - Screven
111313,PUTNAM GENERAL HOSPITAL,Putnam General Hospital
111314,LIFEBRITE COMMUNITY HOSPITAL OF EARLY,Lifebrite Community Hospital of Early
111316,WARM SPRINGS MEDICAL CENTER,Warm Springs Medical Center
111318,MONROE COUNTY HOSPITAL,Monroe County Hospital
111319,WELLSTAR SYLVAN GROVE MEDICAL CENTER,Wellstar Sylvan Grove Medical Center
111320,HIGGINS GENERAL HOSPITAL,Higgins General Hospital
111323,OPTIM MEDICAL CENTER - TATTNALL,Optim Medical Center - Tattnall
111324,CHATUGE REGIONAL HOSPITAL,Chatuge Regional Hospital
111325,WILLS MEMORIAL HOSPITAL,Wills Memorial Hospital
111326,SGMC HEALTH LANIER,SGMC Health Lanier
111327,BACON COUNTY HOSPITAL,Bacon County Hospital
111328,PHOEBE WORTH MEDICAL CENTER,Phoebe Worth Medical Center
111329,ST MARY'S GOOD SAMARITAN HOSPITAL,St. Mary's Good Samaritan Hospital
111330,ATRIUM HEALTH FLOYD POLK MEDICAL CENTER,Atrium Health Floyd Polk Medical Center
111331,ARCHBOLD MITCHELL,Archbold Mitchell
111332,ARCHBOLD BROOKS,Archbold Brooks
111333,JEFF DAVIS HOSPITAL,Jeff Davis Hospital
111334,CANDLER COUNTY HOSPITAL,Candler County Hospital
111335,LIBERTY REGIONAL MEDICAL CENTER,Liberty Regional Medical Center
111336,MOUNTAIN LAKES MEDICAL CENTER,Mountain Lakes Medical Center
111337,ELBERT MEMORIAL HOSPITAL,Elbert Memorial Hospital
111338,BLUE RIDGE MEDICAL CENTER,Blue Ridge Medical Center
111339,DORMINY MEDICAL CENTER,Dorminy Medical Center
112000,WELLSTAR ROOSEVELT LONG TERM ACUTE CARE AT WARM SP,Wellstar Roosevelt Long Term Acute Care at Warm Sp
112003,SHEPHERD CENTER,Shepherd Center
112004,"SELECT SPECIALTY HOSPITAL - MIDTOWN ATLANTA, LLC","Select Specialty Hospital - Midtown Atlanta, LLC"
112006,EMORY LONG TERM ACUTE CARE,Emory Long Term Acute Care
112007,WELLSTAR WINDY HILL HOSPITAL,Wellstar Windy Hill Hospital
112011,"SELECT SPECIALTY HOSPITAL - SAVANNAH, INC","Select Specialty Hospital - Savannah, Inc"
112012,"COLUMBUS SPECIALTY HOSPITAL, INC","Columbus Specialty Hospital, Inc"
112013,"SELECT SPECIALTY HOSPITAL - AUGUSTA, INC","Select Specialty Hospital - Augusta, Inc"
112016,"REGENCY HOSPITAL COMPANY OF MACON, LLC","Regency Hospital Company of Macon, LLC"
112017,"LANDMARK HOSPITAL OF ATHENS, LLC","Landmark Hospital of Athens, LLC"
112019,SOUTH GEORGIA SPECIALTY HOSPITAL,South Georgia Specialty Hospital
113028,WELLSTAR ROOSEVELT REHAB CARE AT WARM SPRINGS,Wellstar Roosevelt Rehabilitation Care at Warm Springs
113029,ATRIUM HEALTH NAVICENT REHABILITATION HOSPITAL,Atrium Health Navicent Rehabilitation Hospital
113030,REHABILIATION HOSPITAL OF AUGUSTA,Rehabiliation Hospital of Augusta
113031,EMORY REHABILITATION HOSPITAL,Emory Rehabilitation Hospital
113032,REHABILITATION HOSPITAL OF NEWNAN,Rehabilitation Hospital of Newnan
113033,ENCOMPASS HEALTH REHAB HOSPITAL OF SAVANNAH,Encompass Health Rehabilitation Hospital of Savannah
113034,ENCOMPASS HEALTH REHABILITATION HOSPITAL OFCUMMING,Encompass Health Rehabilitation Hospital Ofcumming
113035,REHABILITATION HOSPITAL OF HENRY,Rehabilitation Hospital of Henry
113036,REHABILITATION HOSPITAL OF COLUMBUS,Rehabilitation Hospital of Columbus
113037,REHABILITATION HOSPITAL OF ATLANTA,Rehabilitation Hospital of Atlanta
113038,REHABILITATION HOSPITAL OF ATHENS,Rehabilitation Hospital of Athens
113039,"NORTHEAST GEORGIA REHABILITATION INSTITUE, LLC","Northeast Georgia Rehabilitation Institue, LLC"
113300,ARTHUR M BLANK HOSPITAL,Arthur M. Blank Hospital
113301,CHILDREN'S HEALTHCARE OF ATLANTA AT SCOTTISH RITE,Children's Healthcare of Atlanta at Scottish Rite
114004,SUMMITRIDGE CENTER- PSYCHIATRY & ADDICTIVE MED,Summitridge Center- Psychiatry & Addictive Medical
114008,COASTAL HARBOR TREATMENT CENTER,Coastal Harbor Treatment Center
114010,PEACHFORD BEHAVIORAL HEALTH SYSTEM OF ATLANTA,Peachford Behavioral Health System of Atlanta
114012,RIDGEVIEW INSTITUTE,Ridgeview Institute
114013,WEST CENTRAL GEORGIA REGIONAL HOSPITAL,West Central Georgia Regional Hospital
114016,ST SIMONS-BY-THE-SEA,St. Simons-by-the-Sea
114019,GEORGIA REGIONAL HOSPITAL ATLANTA,Georgia Regional Hospital Atlanta
114028,GEORGIA REGIONAL HOSP SAVANNAH,Georgia Regional Hospital Savannah
114029,EAST CENTRAL REGIONAL HOSPITAL,East Central Regional Hospital
114032,SO CRESCENT BEH HLTH SYS - ANCHOR HOSPITAL CAMPUS,So Crescent BEH Health Sys - Anchor Hospital Campus
114035,RIVERWOODS BEHAVIORAL HEALTH SYSTEM,Riverwoods Behavioral Health System
114036,GREENLEAF CENTER,Greenleaf Center
114037,RIDGEVIEW INSTITUTE MONROE,Ridgeview Institute Monroe
120001,THE QUEENS MEDICAL CENTER,The Queens Medical Center
120002,MAUI MEMORIAL MEDICAL CENTER,Maui Memorial Medical Center
120005,HILO BENIOFF MEDICAL CENTER,Hilo Benioff Medical Center
120006,ADVENTIST HEALTH CASTLE,Adventist Health Castle
120007,KUAKINI MEDICAL CENTER,Kuakini Medical Center
120011,KAISER FOUNDATION HOSPITAL,Kaiser Foundation Hospital
120014,WILCOX MEMORIAL HOSPITAL,Wilcox Memorial Hospital
120019,KONA COMMUNITY HOSPITAL,Kona Community Hospital
120022,STRAUB CLINIC AND HOSPITAL,Straub Clinic and Hospital
120026,PALI MOMI MEDICAL CENTER,Pali Momi Medical Center
120028,"NORTH HAWAII COMMUNITY HOSPITAL, INC","North Hawaii Community Hospital, Inc"
121300,KAUAI VETERANS MEMORIAL HOSPITAL,Kauai Veterans Memorial Hospital
121301,KAU HOSPITAL,Kau Hospital
121302,KOHALA HOSPITAL,Kohala Hospital
121303,MOLOKAI GENERAL HOSPITAL,Molokai General Hospital
121304,KAHUKU MEDICAL CENTER,Kahuku Medical Center
121305,LANAI COMMUNITY HOSPITAL,Lanai Community Hospital
121306,SAMUEL MAHELONA MEMORIAL HOSPITAL,Samuel Mahelona Memorial Hospital
121307,HONOKA'A HOSPITAL AND SKILLED NURSING,Honoka'A Hospital and Skilled Nursing
121308,KULA HOSPITAL,Kula Hospital
122001,LEAHI HOSPITAL,Leahi Hospital
123025,REHABILITATION HOSPITAL OF THE PACIFIC,Rehabilitation Hospital of the Pacific
123300,KAPIOLANI MEDICAL CENTER FOR WOMEN & CHILDREN,Kapiolani Medical Center for Women & Children
123301,SHRINERS HOSPITALS FOR CHILDREN,Shriners Hospitals for Children
130002,ST LUKE'S MAGIC VALLEY RMC,St. Luke's Magic Valley RMC
130003,ST JOSEPH REGIONAL MEDICAL CENTER,St. Joseph Regional Medical Center
130006,ST LUKE'S REGIONAL MEDICAL CENTER,St. Luke's Regional Medical Center
130007,SAINT ALPHONSUS REGIONAL MEDICAL CENTER,Saint Alphonsus Regional Medical Center
130013,SAINT ALPHONSUS MEDICAL CENTER - NAMPA,Saint Alphonsus Medical Center - Nampa
130014,WEST VALLEY MEDICAL CENTER,West Valley Medical Center
130018,EASTERN IDAHO REGIONAL MEDICAL CENTER,Eastern Idaho Regional Medical Center
130025,MADISON MEMORIAL HOSPITAL,Madison Memorial Hospital
130028,PORTNEUF MEDICAL CENTER,Portneuf Medical Center
130049,KOOTENAI HEALTH,Kootenai Health
130063,TREASURE VALLEY HOSPITAL,Treasure Valley Hospital
130065,MOUNTAIN VIEW HOSPITAL,Mountain View Hospital
130066,NORTHWEST SPECIALTY HOSPITAL,Northwest Specialty Hospital
130071,ST LUKE'S NAMPA MEDICAL CENTER,St. Luke's Nampa Medical Center
130073,GROVE CREEK MEDICAL CENTER,Grove Creek Medical Center
130074,"IDAHO FALLS COMMUNITY HOSPITAL, LLC","Idaho Falls Community Hospital, LLC"
130779,CASCADE MEDICAL CENTER,Cascade Medical Center
131301,BOUNDARY COMMUNITY HOSPITAL,Boundary Community Hospital
131302,NORTH CANYON MEDICAL CENTER,North Canyon Medical Center
131303,NELL J REDFIELD MEMORIAL HOSPITAL,Nell J. Redfield Memorial Hospital
131304,POWER COUNTY HOSPITAL DISTRICT,Power County Hospital District
131305,STEELE MEMORIAL MEDICAL CENTER,Steele Memorial Medical Center
131307,WEISER MEMORIAL HOSPITAL,Weiser Memorial Hospital
131309,CARIBOU MEDICAL CENTER,Caribou Medical Center
131310,ST LUKE'S JEROME,St. Luke's Jerome
131311,ST LUKE'S ELMORE MEDICAL CENTER,St. Luke's Elmore Medical Center
131312,ST LUKE'S MCCALL,St. Luke's McCall
131313,TETON VALLEY HOSPITAL,Teton Valley Hospital
131314,SHOSHONE MEDICAL CENTER,Shoshone Medical Center
131315,SYRINGA GENERAL HOSPITAL,Syringa General Hospital
131316,BEAR LAKE MEMORIAL HOSPITAL,Bear Lake Memorial Hospital
131317,BENEWAH COMMUNITY HOSPITAL,Benewah Community Hospital
131318,VALOR HEALTH,Valor Health
131319,MINIDOKA MEMORIAL HOSPITAL,Minidoka Memorial Hospital
131320,CLEARWATER VALLEY HOSPITAL & CLINICS,Clearwater Valley Hospital & Clinics
131321,ST MARY'S HOSPITAL,St. Mary's Hospital
131322,FRANKLIN COUNTY MEDICAL CENTER,Franklin County Medical Center
131323,ST LUKE'S WOOD RIVER MEDICAL CENTER,St. Luke's Wood River Medical Center
131324,LOST RIVERS MEDICAL CENTER,Lost Rivers Medical Center
131325,BINGHAM MEMORIAL HOSPITAL,Bingham Memorial Hospital
131326,INTERMOUNTAIN HEALTH CASSIA REGIONAL HOSPITAL,Intermountain Health Cassia Regional Hospital
131327,GRITMAN MEDICAL CENTER,Gritman Medical Center
131328,BONNER GENERAL HOSPITAL,Bonner General Hospital
132001,NORTHERN IDAHO ADVANCED CARE HOSPITAL,Northern Idaho Advanced Care Hospital
132002,VIBRA HOSPITAL OF BOISE,Vibra Hospital of Boise
133027,REHABILITATION HOSPITAL OF THE NORTHWEST,Rehabilitation Hospital of the Northwest
133028,SAINT ALPHONSUS REGIONAL REHABILITATION HOSPITAL,Saint Alphonsus Regional Rehabilitation Hospital
134002,INTERMOUNTAIN HOSPITAL,Intermountain Hospital
134009,LIFEWAYS HOSPITAL,Lifeways Hospital
134010,STATE HOSPITAL SOUTH,State Hospital South
134017,COTTONWOOD CREEK BEHAVIORAL HOSPITAL,Cottonwood Creek Behavioral Hospital
134018,STATE HOSPITAL WEST,State Hospital West
134019,STATE HOSPITAL NORTH,State Hospital North
140002,ALTON MEMORIAL HOSPITAL,Alton Memorial Hospital
140007,SAINT JOSEPH MEDICAL CENTER,Saint Joseph Medical Center
140008,LOYOLA GOTTLIEB MEMORIAL HOSPITAL,Loyola Gottlieb Memorial Hospital
140010,ENDEAVOR HEALTH CLINICAL OPERATIONS,Endeavor Health Clinical Operations
140011,HERRIN HOSPITAL,Herrin Hospital
140012,OSF SAINT KATHARINE MEDICAL CENTER,OSF Saint Katharine Medical Center
140013,CARLE HEALTH PROCTOR HOSPITAL,Carle Health Proctor Hospital
140015,BLESSING HOSPITAL,Blessing Hospital
140018,MT SINAI HOSPITAL MEDICAL CENTER,Mt. Sinai Hospital Medical Center
140029,RUSH COPLEY MEDICAL CENTER,Rush Copley Medical Center
140030,ADVOCATE SHERMAN HOSPITAL,Advocate Sherman Hospital
140032,ST ANTHONYS MEMORIAL HOSPITAL,St. Anthonys Memorial Hospital
140034,SSM HEALTH ST MARY'S HOSPITAL -CENTRALIA,SSM Health St. Mary's Hospital -Centralia
140043,CGH MEDICAL CENTER,CGH Medical Center
140046,GOOD SAMARITAN REGIONAL HLTH CENTER,Good Samaritan Regional Health Center
140048,ADVOCATE TRINITY HOSPITAL,Advocate Trinity Hospital
140049,WEST SUBURBAN MEDICAL CENTER,West Suburban Medical Center
140052,OSF SAINT ANTHONY'S HEALTH CENTER,OSF Saint Anthony's Health Center
140053,ST JOHNS HOSPITAL,St. Johns Hospital
140054,MACNEAL  HOSPITAL,Macneal Hospital
140059,JERSEY COMMUNITY HOSPITAL,Jersey Community Hospital
140062,PALOS COMMUNITY HOSPITAL,Palos Community Hospital
140063,RUSH OAK PARK HOSPITAL,Rush Oak Park Hospital
140064,ST MARY MEDICAL CENTER,St. Mary Medical Center
140065,UCHICAGO MEDICINE ADVENTHEALTH LA GRANGE,UChicago Medicine AdventHealth La Grange
140067,SAINT FRANCIS MEDICAL CENTER,Saint Francis Medical Center
140068,ROSELAND COMMUNITY HOSPITAL,Roseland Community Hospital
140077,TOUCHETTE REGIONAL HOSPITAL INC,Touchette Regional Hospital Inc
140080,SAINT FRANCIS HOSPITAL-EVANSTON,Saint Francis Hospital-Evanston
140083,LORETTO HOSPITAL,Loretto Hospital
140084,VISTA MEDICAL CENTER EAST,Vista Medical Center East
140088,THE UNIVERSITY OF CHICAGO MEDICAL CENTER,The University of Chicago Medical Center
140089,MC DONOUGH DISTRICT HOSPITAL,MC Donough District Hospital
140091,THE CARLE FOUNDATION HOSPITAL,The Carle Foundation Hospital
140093,OSF SACRED HEART MEDICAL CENTER,OSF Sacred Heart Medical Center
140095,SAINT ANTHONY HOSPITAL,Saint Anthony Hospital
140100,"MIDWESTERN REGION MED CENTER, INC","Midwestern Region Medical Center, Inc"
140101,MORRIS HOSPITAL & HEALTHCARE CENTERS,Morris Hospital & Healthcare Centers
140103,ST BERNARD HOSPITAL,St. Bernard Hospital
140110,OSF SAINT ELIZABETH MEDICAL CENTER,OSF Saint Elizabeth Medical Center
140113,OSF HEART OF MARY MEDICAL CENTER,OSF Heart of Mary Medical Center
140114,SWEDISH HOSPITAL,Swedish Hospital
140115,THOREK MEMORIAL HOSPITAL,Thorek Memorial Hospital
140116,NORTHWESTERN MEDICINE MCHENRY HOSPITAL,Northwestern Medicine McHenry Hospital
140117,RESURRECTION MEDICAL CENTER,Resurrection Medical Center
140119,RUSH UNIVERSITY MEDICAL CENTER,Rush University Medical Center
140120,CARLE HEALTH PEKIN HOSPITAL,Carle Health Pekin Hospital
140122,UCHICAGO MEDICINE ADVENTHEALTH HINSDALE,UChicago Medicine AdventHealth Hinsdale
140124,JOHN H STROGER JR HOSPITAL,John H. Stroger Jr. Hospital
140125,GATEWAY REGIONAL MEDICAL CENTER,Gateway Regional Medical Center
140127,CARLE BROMENN MEDICAL CENTER,Carle Bromenn Medical Center
140130,NORTHWESTERN LAKE FOREST HOSPITAL,Northwestern Lake Forest Hospital
140133,HOLY CROSS HOSPITAL,Holy Cross Hospital
140135,DECATUR MEMORIAL HOSPITAL,Decatur Memorial Hospital
140137,HSHS HOLY FAMILY HOSPITAL,HSHS Holy Family Hospital
140145,ST JOSEPHS HOSPITAL,St. Josephs Hospital
140148,MEMORIAL MEDICAL CENTER,Memorial Medical Center
140150,UNIVERSITY OF ILLINOIS HOSPITAL AND CLINICS,University of Illinois Hospital and Clinics
140155,ST. MARY'S HOSPITAL-KANKAKEE,St. Mary's Hospital-Kankakee
140158,INSIGHT HOSPITAL AND MEDICAL CENTER CHICAGO,Insight Hospital and Medical Center Chicago
140160,MERCYHEALTH FHN HOSPITAL,Mercyhealth Fhn Hospital
140161,SAINT JAMES HOSPITAL,Saint James Hospital
140162,ST JOSEPH MEDICAL CENTER,St. Joseph Medical Center
140164,MEMORIAL HOSPITAL OF CARBONDALE,Memorial Hospital of Carbondale
140166,ST MARYS HOSPITAL,St. Marys Hospital
140172,OLYMPIA FIELDS HOSPITAL,Olympia Fields Hospital
140174,MERCY MEDICAL CENTER,Mercy Medical Center
140177,JACKSON PARK HOSPITAL,Jackson Park Hospital
140179,OSF LITTLE COMPANY OF MARY MEDICAL CENTER,OSF Little Company of Mary Medical Center
140180,SAINT MARY OF NAZARETH HOSPITAL,Saint Mary of Nazareth Hospital
140181,SOUTH SHORE HOSPITAL,South Shore Hospital
140182,ADVOCATE ILLINOIS MASONIC MEDICAL CENTER,Advocate Illinois Masonic Medical Center
140184,DEACONESS ILLINOIS MEDICAL CENTER,Deaconess Illinois Medical Center
140185,MEMORIAL HOSPITAL,Memorial Hospital
140186,RIVERSIDE MEDICAL CENTER,Riverside Medical Center
140187,HSHS ST ELIZABETH'S HOSPITAL,HSHS St. Elizabeth's Hospital
140189,SARAH BUSH LINCOLN HEALTH CENTER,Sarah Bush Lincoln Health Center
140191,INGALLS MEMORIAL HOSPITAL,Ingalls Memorial Hospital
140197,METHODIST HOSPITAL OF CHICAGO,Methodist Hospital of Chicago
140200,ELMHURST MEMORIAL HOSPITAL,Elmhurst Memorial Hospital
140202,ADVOCATE CONDELL MEDICAL CENTER,Advocate Condell Medical Center
140206,HUMBOLDT PARK HEALTH,Humboldt Park Health
140208,ADVOCATE CHRIST HOSPITAL & MEDICAL CENTER,Advocate Christ Hospital & Medical Center
140209,CARLE HEALTH METHODIST HOSPITAL,Carle Health Methodist Hospital
140210,HARRISBURG MEDICAL CENTER,Harrisburg Medical Center
140211,NORTHWESTERN MEDICINE DELNOR COMMUNITY HOSPITAL,Northwestern Medicine Delnor Community Hospital
140213,SILVER CROSS HOSPITAL  AND MEDICAL CENTERS,Silver Cross Hospital and Medical Centers
140217,SAINT JOSEPH HOSPITAL-ELGIN,Saint Joseph Hospital-Elgin
140223,ADVOCATE LUTHERAN GENERAL HOSPITAL,Advocate Lutheran General Hospital
140224,PRESENCE SAINT JOSEPH HOSPITAL - CHICAGO,Presence Saint Joseph Hospital - Chicago
140228,UW HEALTH,UW Health
140231,EDWARD HOSPITAL,Edward Hospital
140233,SAINT ANTHONY MEDICAL CENTER,Saint Anthony Medical Center
140239,JAVON BEA HOSPITAL,Javon Bea Hospital
140242,NORTHWESTERN MEDICINE CENTRAL DUPAGE HOSPITAL,Northwestern Medicine Central DuPage Hospital
140251,COMMUNITY FIRST MEDICAL CENTER,Community First Medical Center
140252,NORTHWEST COMMUNITY HOSPITAL 1,Northwest Community Hospital 1
140258,ALEXIAN BROTHERS MEDICAL CENTER 1,Alexian Brothers Medical Center 1
140275,MERCYONE GENESIS SILVIS MEDICAL CENTER,Mercyone Genesis Silvis Medical Center
140276,LOYOLA UNIVERSITY MEDICAL CENTER,Loyola University Medical Center
140280,TRINITY ROCK ISLAND,Trinity Rock Island
140281,NORTHWESTERN MEMORIAL HOSPITAL,Northwestern Memorial Hospital
140286,NORTHWESTERN MEDICINE KISHWAUKEE HOSPITAL,Northwestern Medicine Kishwaukee Hospital
140288,ADVOCATE GOOD SAMARITAN HOSPITAL,Advocate Good Samaritan Hospital
140289,ANDERSON HOSPITAL,Anderson Hospital
140290,ST ALEXIUS MEDICAL CENTER,St. Alexius Medical Center
140291,ADVOCATE GOOD SHEPHERD HOSPITAL,Advocate Good Shepherd Hospital
140292,UCHICAGO MEDICINE ADVENTHEALTH GLENOAKS,UChicago Medicine AdventHealth GlenOaks
140294,DEACONESS ILLINOIS CROSSROADS,Deaconess Illinois Crossroads
140300,PROVIDENT HOSPITAL OF CHICAGO,Provident Hospital of Chicago
140304,UCHICAGO MEDICINE ADVENTHEALTH BOLINGBROOK,UChicago Medicine AdventHealth Bolingbrook
140308,MERCYHEALTH HOSPITAL & PHYSICIAN CLINIC-CRYSTAL LA,Mercyhealth Hospital & Physician Clinic-Crystal la
141300,THOMAS H BOYD MEMORIAL HOSPITAL,Thomas H. Boyd Memorial Hospital
141301,KIRBY MEDICAL CENTER,Kirby Medical Center
141302,MIDWEST MEDICAL CENTER,Midwest Medical Center
141303,WARNER HOSPITAL AND HEALTH SERVICES,Warner Hospital and Health Services
141304,MERCYONE GENESIS,Mercyone Genesis
141305,MEMORIAL HOSPITAL,Memorial Hospital
141306,COMMUNITY HOSPITAL OF STAUNTON,Community Hospital of Staunton
141307,PINCKNEYVILLE COMMUNITY HOSPITAL,Pinckneyville Community Hospital
141308,WASHINGTON COUNTY HOSPITAL,Washington County Hospital
141309,CARLE EUREKA HOSPITAL,Carle Eureka Hospital
141310,OSF SAINT PAUL MEDICAL CENTER,OSF Saint Paul Medical Center
141311,FAIRFIELD MEMORIAL HOSPITAL 1,Fairfield Memorial Hospital 1
141312,ROCHELLE COMMUNITY HOSPITAL,Rochelle Community Hospital
141313,MASON DISTRICT HOSPITAL,Mason District Hospital
141315,ILLINI COMMUNITY HOSPITAL,Illini Community Hospital
141316,HOOPESTON COMMUNITY MEMORIAL HOSPITAL,Hoopeston Community Memorial Hospital
141317,GIBSON COMMUNITY HOSPITAL,Gibson Community Hospital
141318,OSF HOLY FAMILY MEDICAL CENTER,OSF Holy Family Medical Center
141319,HAMMOND HENRY HOSPITAL,Hammond Henry Hospital
141320,PARIS COMMUNITY HOSPITAL,Paris Community Hospital
141321,FRANKLIN HOSPITAL,Franklin Hospital
141322,ABRAHAM LINCOLN MEMORIAL HOSPITAL,Abraham Lincoln Memorial Hospital
141323,MASSAC MEMORIAL HOSPITAL,Massac Memorial Hospital
141324,FERRELL HOSPITAL COMMUNITY FOUNDATIONS,Ferrell Hospital Community Foundations
141325,OSF SAINT LUKE MEDICAL CENTER,OSF Saint Luke Medical Center
141326,HAMILTON MEMORIAL HOSPITAL,Hamilton Memorial Hospital
141327,WABASH GENERAL HOSPITAL 1,Wabash General Hospital 1
141328,HARDIN COUNTY GENERAL HOSPITAL,Hardin County General Hospital
141329,MORRISON COMMUNITY HOSPITAL,Morrison Community Hospital
141330,HOPEDALE HOSPITAL,Hopedale Hospital
141331,MARSHALL BROWNING HOSPITAL,Marshall Browning Hospital
141332,HILLSBORO AREA HOSPITAL,Hillsboro Area Hospital
141333,SARAH D CULBERTSON MEMORIAL HOSPITAL,Sarah D. Culbertson Memorial Hospital
141334,ST JOSEPH MEMORIAL HOSPITAL,St. Joseph Memorial Hospital
141335,MERCY HARVARD HOSPITAL,Mercy Harvard Hospital
141336,ST JOSEPH'S HOSPITAL,St. Joseph's Hospital
141337,OSF SAINT CLARE MEDICAL CENTER,OSF Saint Clare Medical Center
141338,MEMORIAL HOSPITAL,Memorial Hospital
141339,TAYLORVILLE MEMORIAL HOSPITAL,Taylorville Memorial Hospital
141340,NORTHWESTERN MEDICINE VALLEY WEST HOSPITAL,Northwestern Medicine Valley West Hospital
141341,PANA COMMUNITY HOSPITAL,Pana Community Hospital
141342,DEACONESS ILLINOIS UNION COUNTY,Deaconess Illinois Union County
141343,CRAWFORD MEMORIAL HOSPITAL,Crawford Memorial Hospital
141344,LAWRENCE COUNTY MEMORIAL HOSPITAL,Lawrence County Memorial Hospital
141345,SALEM TOWNSHIP HOSPITAL,Salem Township Hospital
141346,SARAH BUSH LINCOLN FAYETTE COUNTY HOSPITAL,Sarah Bush Lincoln Fayette County Hospital
141347,CARLINVILLE AREA HOSPITAL,Carlinville Area Hospital
141348,RED BUD REGIONAL HOSPITAL,Red Bud Regional Hospital
141349,SPARTA COMMUNITY HOSPITAL,Sparta Community Hospital
141350,ST FRANCIS HOSPITAL,St. Francis Hospital
141351,CLAY COUNTY HOSPITAL,Clay County Hospital
141352,JACKSONVILLE MEMORIAL HOSPITAL,Jacksonville Memorial Hospital
141353,IROQUOIS MEMORIAL HOSPITAL,Iroquois Memorial Hospital
141354,HSHS GOOD SHEPHERD HOSPITAL INC,HSHS Good Shepherd Hospital Inc
141355,CARLE RICHLAND MEMORIAL HOSPITAL,Carle Richland Memorial Hospital
141356,GRAHAM HOSPITAL ASSOCIATION,Graham Hospital Association
142008,KINDRED HOSPITAL - CHICAGO,Kindred Hospital - Chicago
142010,RML HEALTH PROVIDERS LIMITED PARTNERSHIP,RML Health Providers Limited Partnership
142011,HOLY FAMILY MEDICAL CENTER,Holy Family Medical Center
142013,OSF HEALTHCARE DIVINE MERCY CONTINUING CARE HOSP,OSF Healthcare Divine Mercy Continuing Care Hospital
142015,"RUSH SPECIALTY HOSPITAL, LLC","Rush Specialty Hospital, LLC"
143025,SCHWAB REHABILITATION HOSPITAL,Schwab Rehabilitation Hospital
143026,SHIRLEY RYAN ABILITYLAB,Shirley Ryan Abilitylab
143027,MARIANJOY REHABILITATION CENTER,Marianjoy Rehabilitation Center
143028,VAN MATRE ENCOMPASS HEALTH REHABILITATION INSTITUT,Van Matre Encompass Health Rehabilitation Institut
143029,ANDERSON REHABILITATION INSTITUTE,Anderson Rehabilitation Institute
143030,THE REHABILITATION INSTITUTE OF SOUTHERN ILLINOIS,The Rehabilitation Institute of Southern Illinois
143031,ENCOMPASS HEALTH REHAB INSTITUTE OF LIBERTYVILLE,Encompass Health Rehabilitation Institute of Libertyville
143032,THE QUAD CITIES REHABILITATION INSTITUTE,The Quad Cities Rehabilitation Institute
143300,ANN & ROBERT H LURIE CHILDRENS HOSPITAL OF CHICAGO,Ann & Robert H. Lurie Childrens Hospital of Chicago
143301,LARABIDA CHILDRENS HOSPITAL I,Larabida Childrens Hospital I
143302,SHRINERS HOSPITAL FOR CHILDREN,Shriners Hospital for Children
144009,RIVEREDGE HOSPITAL,Riveredge Hospital
144010,CHICAGO-READ MENTAL HEALTH CENTER,Chicago-Read Mental Health Center
144016,ALTON MENTAL HEALTH CENTER,Alton Mental Health Center
144021,ANDREW MCFARLAND MENTAL HLTH CTR,Andrew McFarland Mental Health Center
144026,HARTGROVE HOSPITAL,Hartgrove Hospital
144028,JOHN J MADDEN MENTAL HEALTH CENTER,John J. Madden Mental Health Center
144029,"PAVILION FOUNDATION, THE","Pavilion Foundation, the"
144031,ALEXIAN BROTHERS BEHAVIORAL HLTH HOSP,Alexian Brothers Behavioral Health Hospital
144034,BHC STREAMWOOD HOSPITAL INC,BHC Streamwood Hospital Inc
144035,LINDEN OAKS HOSPITAL,Linden Oaks Hospital
144037,ELGIN MENTAL HEALTH CENTER,Elgin Mental Health Center
144038,CHOATE MENTAL HEALTH & DEVELOPMENT CTR,Choate Mental Health & Development Center
144039,GARFIELD PARK HOSPITAL,Garfield Park Hospital
144040,CHICAGO BEHAVIORAL HOSPITAL,Chicago Behavioral Hospital
144041,SILVER OAKS BEHAVIORAL HOSPITAL,Silver Oaks Behavioral Hospital
144042,LAKE BEHAVIORAL HOSPITAL,Lake Behavioral Hospital
144043,MONTROSE BEHAVIORAL HEALTH HOSPITAL,Montrose Behavioral Health Hospital
150001,JOHNSON MEMORIAL HOSPITAL,Johnson Memorial Hospital
150002,METHODIST HOSPITALS INC,Methodist Hospitals Inc
150005,HENDRICKS REGIONAL HEALTH,Hendricks Regional Health
150006,NORTHWEST HEALTH-LA PORTE,Northwest Health-la Porte
150007,COMMUNITY HOWARD REGIONAL HEALTH INC,Community Howard Regional Health Inc
150008,ST CATHERINE HOSPITAL INC,St. Catherine Hospital Inc
150009,NORTON CLARK HOSPITAL,Norton Clark Hospital
150010,ASCENSION ST VINCENT KOKOMO,Ascension St. Vincent Kokomo
150011,MARION GENERAL HOSPITAL,Marion General Hospital
150012,SAINT JOSEPH REGIONAL MEDICAL CENTER,Saint Joseph Regional Medical Center
150015,FRANCISCAN HEALTH MICHIGAN CITY,Franciscan Health Michigan City
150017,LUTHERAN HOSPITAL OF INDIANA,Lutheran Hospital of Indiana
150018,ELKHART GENERAL HOSPITAL,Elkhart General Hospital
150021,PARKVIEW REGIONAL MEDICAL CENTER,Parkview Regional Medical Center
150022,FRANCISCAN HEALTH CRAWFORDSVILLE,Franciscan Health Crawfordsville
150023,UNION HOSPITAL INC,Union Hospital Inc
150024,ESKENAZI HEALTH,Eskenazi Health
150026,GOSHEN HOSPITAL,Goshen Hospital
150030,HENRY COUNTY MEMORIAL HOSPITAL,Henry County Memorial Hospital
150034,ST MARY MEDICAL CENTER INC,St. Mary Medical Center Inc
150035,NORTHWEST HEALTH- PORTER,Northwest Health- Porter
150037,HANCOCK REGIONAL HOSPITAL,Hancock Regional Hospital
150042,GOOD SAMARITAN HOSPITAL,Good Samaritan Hospital
150044,BAPTIST HEALTH FLOYD,Baptist Health Floyd
150045,PARKVIEW DEKALB HOSPITAL,Parkview DeKalb Hospital
150046,TERRE HAUTE REGIONAL HOSPITAL,Terre Haute Regional Hospital
150047,LUTHERAN DOWNTOWN HOSPITAL,Lutheran Downtown Hospital
150048,REID HEALTH,Reid Health
150051,IU HEALTH BLOOMINGTON HOSPITAL,IU Health Bloomington Hospital
150056,INDIANA UNIVERSITY HEALTH,Indiana University Health
150057,FRANCISCAN HEALTH MOORESVILLE,Franciscan Health Mooresville
150058,MEMORIAL HOSPITAL OF SOUTH BEND,Memorial Hospital of South Bend
150059,RIVERVIEW HEALTH,Riverview Health
150061,DAVIESS COMMUNITY HOSPITAL,Daviess Community Hospital
150065,SCHNECK MEDICAL CENTER,Schneck Medical Center
150069,NORTON-KING'S DAUGHTERS' HEALTH,Norton-King's Daughters' Health
150072,"PARKVIEW LOGANSPORT HOSPITAL, INC","Parkview Logansport Hospital, Inc"
150074,COMMUNITY HOSPITAL EAST,Community Hospital East
150075,BLUFFTON REGIONAL MEDICAL CENTER,Bluffton Regional Medical Center
150076,SAINT JOSEPH REGIONAL MEDICAL CENTER - PLYMOUTH,Saint Joseph Regional Medical Center - Plymouth
150082,DEACONESS HOSPITAL INC,Deaconess Hospital Inc
150084,ASCENSION ST VINCENT HOSPITAL,Ascension St. Vincent Hospital
150086,ST ELIZABETH DEARBORN HOSPITAL,St. Elizabeth Dearborn Hospital
150088,ASCENSION ST VINCENT ANDERSON,Ascension St. Vincent Anderson
150089,INDIANA UNIVERSITY HEALTH BALL MEMORIAL HOSPITAL,Indiana University Health Ball Memorial Hospital
150090,FRANCISCAN HEALTH DYER,Franciscan Health Dyer
150091,PARKVIEW HUNTINGTON HOSPITAL,Parkview Huntington Hospital
150097,MAJOR HOSPITAL,Major Hospital
150100,ASCENSION ST VINCENT EVANSVILLE,Ascension St. Vincent Evansville
150101,PARKVIEW WHITLEY HOSPITAL,Parkview Whitley Hospital
150102,NORTHWEST HEALTH- STARKE,Northwest Health- Starke
150104,WITHAM HEALTH SERVICES,Witham Health Services
150109,FRANCISCAN HEALTH LAFAYETTE,Franciscan Health Lafayette
150112,COLUMBUS REGIONAL HOSPITAL,Columbus Regional Hospital
150113,COMMUNITY HOSPITAL OF ANDERSON AND MADISON COUNTY,Community Hospital of Anderson and Madison County
150115,"DEACONESS MEMORIAL MEDICAL CENTER, INC","Deaconess Memorial Medical Center, Inc"
150125,COMMUNITY HOSPITAL,Community Hospital
150126,FRANCISCAN HEALTH CROWN POINT,Franciscan Health Crown Point
150128,COMMUNITY HOSPITAL SOUTH,Community Hospital South
150133,LUTHERAN KOSCIUSKO HOSPITAL,Lutheran Kosciusko Hospital
150146,PARKVIEW NOBLE HOSPITAL,Parkview Noble Hospital
150149,THE WOMEN'S HOSPITAL,The Women's Hospital
150150,DUPONT HOSPITAL LLC,DuPont Hospital LLC
150153,ASCENSION ST VINCENT HEART CENTER,Ascension St. Vincent Heart Center
150157,ASCENSION ST VINCENT CARMEL,Ascension St. Vincent Carmel
150160,ORTHOINDY HOSPITAL,Orthoindy Hospital
150162,FRANCISCAN HEALTH INDIANAPOLIS,Franciscan Health Indianapolis
150165,FRANCISCAN HEALTH MUNSTER,Franciscan Health Munster
150166,PINNACLE HOSPITAL,Pinnacle Hospital
150167,ORTHOPAEDIC HOSPITAL AT PARKVIEW NORTH LLC,Orthopaedic Hospital at Parkview North LLC
150168,THE ORTHOPAEDIC HOSPITAL OF LUTHERAN HEALTH NETWOR,The Orthopaedic Hospital of Lutheran Health Networ
150169,COMMUNITY HOSPITAL NORTH,Community Hospital North
150172,PHYSICIANS' MEDICAL CENTER LLC,Physicians' Medical Center LLC
150173,INDIANA UNIVERSITY HEALTH ARNETT HOSPITAL,Indiana University Health Arnett Hospital
150177,UNITY PHYSICIANS HOSPITAL,Unity Physicians Hospital
150179,COMMUNITY FAIRBANKS RECOVERY CENTER,Community Fairbanks Recovery Center
150181,ASCENSION ST VINCENT FISHERS,Ascension St. Vincent Fishers
150183,MONROE HOSPITAL,Monroe Hospital
150195,UCHICAGO MEDICINE NORTHWEST INDIANA,UChicago Medicine Northwest Indiana
151300,COMMUNITY HOSPITAL OF BREMEN INC,Community Hospital of Bremen Inc
151301,ASCENSION ST VINCENT RANDOLPH,Ascension St. Vincent Randolph
151303,ASCENSION ST VINCENT JENNINGS,Ascension St. Vincent Jennings
151304,RUSH MEMORIAL HOSPITAL,Rush Memorial Hospital
151305,PULASKI MEMORIAL HOSPITAL,Pulaski Memorial Hospital
151306,INDIANA UNIVERSITY HEALTH PAOLI HOSPITAL,Indiana University Health Paoli Hospital
151307,ASCENSION ST VINCENT WILLIAMSPORT,Ascension St. Vincent Williamsport
151308,ASCENSION ST VINCENT MERCY,Ascension St. Vincent Mercy
151309,ASCENSION ST VINCENT CLAY,Ascension St. Vincent Clay
151310,"PARKVIEW WABASH HOSPITAL, INC","Parkview Wabash Hospital, Inc"
151311,INDIANA UNIVERSITY HEALTH TIPTON HOSPITAL INC,Indiana University Health Tipton Hospital Inc
151312,INDIANA UNIVERSITY HEALTH WHITE MEMORIAL HOSPITAL,Indiana University Health White Memorial Hospital
151313,WOODLAWN HOSPITAL,Woodlawn Hospital
151314,ASCENSION ST VINCENT SALEM,Ascension St. Vincent Salem
151315,CAMERON HEALTH,Cameron Health
151316,INDIANA UNIVERSITY HEALTH FRANKFORT INC,Indiana University Health Frankfort Inc
151317,GREENE COUNTY GENERAL HOSPITAL,Greene County General Hospital
151318,DUKES MEMORIAL HOSPITAL,Dukes Memorial Hospital
151319,DEACONESS GIBSON HOSPITAL,Deaconess Gibson Hospital
151320,IU HEALTH JAY,IU Health Jay
151322,PERRY COUNTY MEMORIAL HOSPITAL,Perry County Memorial Hospital
151323,PARKVIEW LAGRANGE HOSPITAL,Parkview Lagrange Hospital
151324,"FRANCISCAN HEALTH RENSSELAER, INC","Franciscan Health Rensselaer, Inc"
151325,ASCENSION ST VINCENT WARRICK,Ascension St. Vincent Warrick
151326,UNION HOSPITAL CLINTON,Union Hospital Clinton
151327,SULLIVAN COUNTY COMMUNITY HOSPITAL,Sullivan County Community Hospital
151328,INDIANA UNIVERSITY HEALTH BEDFORD HOSPITAL,Indiana University Health Bedford Hospital
151329,MARGARET MARY HEALTH,Margaret Mary Health
151330,ADAMS MEMORIAL HOSPITAL,Adams Memorial Hospital
151331,HARRISON COUNTY HOSPITAL,Harrison County Hospital
151332,DECATUR COUNTY MEMORIAL HOSPITAL,Decatur County Memorial Hospital
151333,PUTNAM COUNTY HOSPITAL,Putnam County Hospital
151334,NORTON SCOTT HOSPITAL,Norton Scott Hospital
152007,KINDRED HOSPITAL INDIANAPOLIS,Kindred Hospital Indianapolis
152013,KINDRED HOSPITAL INDIANAPOLIS NORTH,Kindred Hospital Indianapolis North
152014,SELECT SPECIALTY HOSPITAL-EVANSVILLE,Select Specialty Hospital-Evansville
152020,ASCENSION ST VINCENT SETON SPECIALTY HOSPITAL,Ascension St. Vincent Seton Specialty Hospital
152024,REGENCY HOSPITAL OF NORTHWEST INDIANA,Regency Hospital of Northwest Indiana
152025,CENTRAL INDIANA  AMG SPECIALTY HOSPITAL LLC,Central Indiana AMG Specialty Hospital LLC
152028,NW INDIANA-AMG SPECIALTY HOSPITAL,NW Indiana-AMG Specialty Hospital
153025,ENCOMPASS HEALTH DEACONESS REHABILITATION HOSPITAL,Encompass Health Deaconess Rehabilitation Hospital
153028,REHABILITATION HOSPITAL OF INDIANA INC,Rehabilitation Hospital of Indiana Inc
153030,SELECT MEDICAL REHABILITATION HOSPITAL AT LUTHERAN,Select Medical Rehabilitation Hospital at Lutheran
153042,LAFAYETTE REGIONAL REHABILITATION HOSPITAL,Lafayette Regional Rehabilitation Hospital
153043,COMMUNITY HEALTH NETWORK REHABILITATION HOSPITAL,Community Health Network Rehabilitation Hospital
153044,COMMUNITY HEALTH NETWORK REHABILITATION HOSP SO,Community Health Network Rehabilitation Hospital So
153045,POWERS HEALTH REHABILITATION CENTER,Powers Health Rehabilitation Center
153046,PAM HEALTH REHABILITATION HOSPITAL OF GREATER INDI,PAM Health Rehabilitation Hospital of Greater Indi
153047,"REHABILITATION HOSPITAL OF NORTHERN INDIANA, LLC","Rehabilitation Hospital of Northern Indiana, LLC"
153048,"INDIANAPOLIS REHABILITATION HOSPITAL, LLC","Indianapolis Rehabilitation Hospital, LLC"
153049,BLOOMINGTON REGIONAL REHABILITATION HOSPITAL LLC,Bloomington Regional Rehabilitation Hospital LLC
153050,COMMUNITY REHABILITATION HOSPITAL WEST,Community Rehabilitation Hospital West
154005,RIVER BEND HOSPITAL,River Bend Hospital
154008,NEURODIAGNOSTIC INSTITUTE,Neurodiagnostic Institute
154009,HAMILTON CENTER INC,Hamilton Center Inc
154011,INCOMPASS HEALTHCARE,Incompass Healthcare
154014,OTIS R BOWEN CENTER FOR HUMAN SERVICES INC,Otis R. Bowen Center for Human Services Inc
154018,RICHMOND STATE HOSPITAL,Richmond State Hospital
154019,MADISON STATE HOSPITAL,Madison State Hospital
154020,REGIONAL MENTAL HEALTH CENTER,Regional Mental Health Center
154021,"GRANT-BLACKFORD MENTAL HEALTH, INC","Grant-Blackford Mental Health, Inc"
154024,VALLE VISTA HEALTH SYSTEM,Valle Vista Health System
154031,OAKLAWN PSYCHIATRIC CENTER INC,Oaklawn Psychiatric Center Inc
154041,BLOOMINGTON MEADOWS HOSPITAL,Bloomington Meadows Hospital
154047,MICHIANA BEHAVIORAL HEALTH CENTER,Michiana Behavioral Health Center
154050,NORTHEASTERN CENTER,Northeastern Center
154051,WELLSTONE REGIONAL HOSPITAL,Wellstone Regional Hospital
154052,PORTER-STARKE SERVICES INC,Porter-Starke Services Inc
154054,HARSHA BEHAVIORAL CENTER INC,Harsha Behavioral Center Inc
154055,BRENTWOOD SPRINGS,Brentwood Springs
154056,EVANSVILLE STATE HOSPITAL,Evansville State Hospital
154058,DOCTORS NEUROPSYCHIATRIC HOSPITAL,Doctors Neuropsychiatric Hospital
154059,SYCAMORE SPRINGS HOSPITAL LLC,Sycamore Springs Hospital LLC
154060,"PARK CENTER, INC","Park Center, Inc"
154061,MEDICAL BEHAVIORAL HOSPITAL - MISHAWAKA,Medical Behavioral Hospital - Mishawaka
154063,"NEUROPSYCHIATRIC HOSPITAL OF INDIANAPOLIS, LLC","Neuropsychiatric Hospital of Indianapolis, LLC"
154064,ASSURANCE HEALTH PSYCHIATRIC HOSPITAL,Assurance Health Psychiatric Hospital
154065,NEURO BEHAVIORAL HOSPITAL,Neuro Behavioral Hospital
154066,BRIGHTWELL BEHAVIORAL HEALTH,Brightwell Behavioral Health
154067,HENDRICKS BEHAVIORAL HOSPITAL,Hendricks Behavioral Hospital
154068,MEDICAL BEHAVIORAL HOSPITAL OF INDIANAPOLIS,Medical Behavioral Hospital of Indianapolis
154070,MAPLE HEIGHTS BEHAVIORAL HEALTH,Maple Heights Behavioral Health
154071,ETHAN CROSSING ADDICTION CAMPUS OF INDIANAPOLIS,Ethan Crossing Addiction Campus of Indianapolis
154072,MISSION BEHAVIORAL HEALTH HOSPITAL,Mission Behavioral Health Hospital
160001,UNITYPOINT HEALTH - MARSHALLTOWN,UnityPoint Health - Marshalltown
160013,TRINITY MUSCATINE,Trinity Muscatine
160016,TRINITY REGIONAL MEDICAL CENTER,Trinity Regional Medical Center
160028,CHI HEALTH MERCY COUNCIL BLUFFS,CHI Health Mercy Council Bluffs
160029,UNIVERSITY OF IOWA HEALTH CARE MEDICAL CENTER DOWN,University of Iowa Health Care Medical Center Down
160030,MARY GREELEY MEDICAL CENTER,Mary Greeley Medical Center
160032,MERCYONE NEWTON MEDICAL CENTER,Mercyone Newton Medical Center
160033,MERCYONE GENESIS,Mercyone Genesis
160040,MERCYONE CEDAR FALLS MEDICAL CENTER,Mercyone Cedar Falls Medical Center
160045,ST LUKES HOSPITAL,St. Lukes Hospital
160047,METHODIST JENNIE EDMUNDSON,Methodist Jennie Edmundson
160057,SOUTHEAST IOWA REGIONAL MEDICAL CENTER,Southeast Iowa Regional Medical Center
160058,UNIVERSITY OF IOWA HEALTH CARE MEDICAL CENTER,University of Iowa Health Care Medical Center
160064,MERCYONE NORTH IOWA MEDICAL CENTER,Mercyone North Iowa Medical Center
160067,MERCYONE WATERLOO MEDICAL CENTER,Mercyone Waterloo Medical Center
160069,MERCYONE DUBUQUE MEDICAL CENTER,Mercyone Dubuque Medical Center
160079,MERCY MEDICAL CENTER - CEDAR RAPIDS,Mercy Medical Center - Cedar Rapids
160080,MERCYONE CLINTON MEDICAL CENTER,Mercyone Clinton Medical Center
160082,UNITYPOINT HEALTH - DES MOINES IOWA METHODIST MEDI,UnityPoint Health - Des Moines Iowa Methodist Medi
160083,MERCYONE DES MOINES MEDICAL CENTER,Mercyone Des Moines Medical Center
160089,OTTUMWA REGIONAL HEALTH CENTER,Ottumwa Regional Health Center
160101,BROADLAWNS MEDICAL CENTER,Broadlawns Medical Center
160104,TRINITY BETTENDORF,Trinity Bettendorf
160110,ALLEN HOSPITAL,Allen Hospital
160112,SPENCER MUNICIPAL HOSPITAL,Spencer Municipal Hospital
160117,FINLEY HOSPITAL,Finley Hospital
160124,LAKES REGIONAL HEALTHCARE,Lakes Regional Healthcare
160146,ST LUKES REGIONAL MEDICAL CENTER,St. Lukes Regional Medical Center
160147,GRINNELL REGIONAL MEDICAL CENTER,Grinnell Regional Medical Center
161301,IOWA SPECIALTY HOSPITAL - BELMOND,Iowa Specialty Hospital - Belmond
161302,IOWA SPECIALTY HOSPITAL - CLARION,Iowa Specialty Hospital - Clarion
161303,GRUNDY COUNTY MEMORIAL HOSPITAL,Grundy County Memorial Hospital
161304,CHI HEALTH - MERCY CORNING,CHI Health - Mercy Corning
161305,POCAHONTAS COMMUNITY HOSPITAL,Pocahontas Community Hospital
161306,JONES REGIONAL MEDICAL CENTER,Jones Regional Medical Center
161307,HANCOCK COUNTY HEALTH SYSTEM,Hancock County Health System
161308,FRANKLIN GENERAL HOSPITAL,Franklin General Hospital
161309,CHI HEALTH MISSOURI VALLEY,CHI Health Missouri Valley
161310,ADAIR COUNTY MEMORIAL HOSPITAL,Adair County Memorial Hospital
161311,HAWARDEN REGIONAL HEALTHCARE,Hawarden Regional Healthcare
161312,GUTTENBERG MUNICIPAL HOSPITAL,Guttenberg Municipal Hospital
161313,MERCYONE GENESIS DEWITT MEDICAL CENTER,Mercyone Genesis Dewitt Medical Center
161314,GUTHRIE COUNTY HOSPITAL,Guthrie County Hospital
161315,KEOKUK COUNTY HEALTH CENTER,Keokuk County Health Center
161316,GUNDERSEN PALMER LUTHERAN HOSPITAL AND CLINICS,Gundersen Palmer Lutheran Hospital and Clinics
161317,COMPASS MEMORIAL HEALTHCARE,Compass Memorial Healthcare
161318,VETERANS MEMORIAL HOSPITAL,Veterans Memorial Hospital
161319,MERCYONE ELKADER MEDICAL CENTER,Mercyone Elkader Medical Center
161320,COMMUNITY MEMORIAL HOSPITAL MEDICAL CENTER,Community Memorial Hospital Medical Center
161321,AVERA MERRILL PIONEER HOSPITAL,Avera Merrill Pioneer Hospital
161322,DALLAS COUNTY HOSPITAL,Dallas County Hospital
161323,MITCHELL COUNTY REGIONAL HEALTH,Mitchell County Regional Health
161324,GEORGE C GRAPE COMMUNITY HOSPITAL,George C. Grape Community Hospital
161325,GREENE COUNTY MEDICAL CENTER,Greene County Medical Center
161326,MADISON COUNTY HEALTH CARE SYSTEM,Madison County Health Care System
161327,DAVIS COUNTY HOSPITAL,Davis County Hospital
161328,REGIONAL HEALTH SERVICES OF HOWARD COUNTY,Regional Health Services of Howard County
161329,JACKSON COUNTY REGIONAL HEALTH CENTER,Jackson County Regional Health Center
161330,AUDUBON COUNTY MEMORIAL HOSPITAL,Audubon County Memorial Hospital
161331,MERCYONE NEW HAMPTON MEDICAL CENTER,Mercyone New Hampton Medical Center
161332,MANNING REGIONAL HEALTHCARE CENTER,Manning Regional Healthcare Center
161333,STORY COUNTY HOSPITAL,Story County Hospital
161334,HUMBOLDT COUNTY MEMORIAL HOSPITAL,Humboldt County Memorial Hospital
161335,BUCHANAN COUNTY HEALTH CENTER,Buchanan County Health Center
161336,HEGG MEMORIAL HEALTH CENTER,Hegg Memorial Health Center
161337,VAN BUREN COUNTY HOSPITAL,Van Buren County Hospital
161338,MERCYONE OELWEIN MEDICAL CENTER,Mercyone Oelwein Medical Center
161339,WAVERLY HEALTH CENTER,Waverly Health Center
161340,DECATUR COUNTY HOSPITAL,Decatur County Hospital
161341,LUCAS COUNTY HEALTH CENTER,Lucas County Health Center
161342,MONROE COUNTY HOSPITAL,Monroe County Hospital
161343,REGIONAL MEDICAL CENTER,Regional Medical Center
161344,WASHINGTON COUNTY HOSPITAL AND CLINICS,Washington County Hospital and Clinics
161345,OSCEOLA COMMUNITY HOSPITAL,Osceola Community Hospital
161346,SIOUX CENTER HEALTH,Sioux Center Health
161347,FLOYD COUNTY MEDICAL CENTER,Floyd County Medical Center
161348,CLARKE COUNTY HOSPITAL,Clarke County Hospital
161349,VIRGINIA GAY HOSPITAL,Virginia Gay Hospital
161350,STEWART MEMORIAL COMMUNITY HOSPITAL,Stewart Memorial Community Hospital
161351,AVERA HOLY FAMILY HOSPITAL,Avera Holy Family Hospital
161352,CLARINDA REGIONAL HEALTH CENTER,Clarinda Regional Health Center
161353,KOSSUTH REGIONAL HEALTH CENTER,Kossuth Regional Health Center
161354,HORN MEMORIAL HOSPITAL,Horn Memorial Hospital
161355,KNOXVILLE HOSPITAL & CLINICS,Knoxville Hospital & Clinics
161356,HENRY COUNTY HEALTH CENTER,Henry County Health Center
161357,PALO ALTO COUNTY HOSPITAL,Palo Alto County Hospital
161358,WAYNE COUNTY HOSPITAL,Wayne County Hospital
161359,BURGESS HEALTH CENTER,Burgess Health Center
161360,ORANGE CITY AREA HEALTH SYSTEM,Orange City Area Health System
161361,VAN DIEST MEDICAL CENTER,Van Diest Medical Center
161362,CHEROKEE REGIONAL MEDICAL CENTER,Cherokee Regional Medical Center
161363,MONTGOMERY COUNTY MEMORIAL HOSPITAL,Montgomery County Memorial Hospital
161364,JEFFERSON COUNTY HEALTH CENTER,Jefferson County Health Center
161365,GREATER REGIONAL MEDICAL CENTER,Greater Regional Medical Center
161366,SHENANDOAH MEDICAL CENTER,Shenandoah Medical Center
161367,PELLA REGIONAL HEALTH CENTER,Pella Regional Health Center
161368,FLOYD VALLEY HEALTHCARE,Floyd Valley Healthcare
161369,CRAWFORD COUNTY MEMORIAL HOSPITAL,Crawford County Memorial Hospital
161370,LORING HOSPITAL,Loring Hospital
161371,WINNMED,Winnmed
161372,BOONE COUNTY HOSPITAL,Boone County Hospital
161373,RINGGOLD COUNTY HOSPITAL,Ringgold County Hospital
161374,MYRTUE MEDICAL CENTER,Myrtue Medical Center
161375,BUENA VISTA REGIONAL MEDICAL CENTER,Buena Vista Regional Medical Center
161376,CASS COUNTY MEMORIAL HOSPITAL,Cass County Memorial Hospital
161377,MERCYONE CENTERVILLE MEDICAL CENTER,Mercyone Centerville Medical Center
161378,MERCYONE DYERSVILLE MEDICAL CENTER,Mercyone Dyersville Medical Center
161379,MAHASKA  HEALTH PARTNERSHIP,Mahaska Health Partnership
161380,HANSEN FAMILY HOSPITAL,Hansen Family Hospital
161381,SANFORD SHELDON MEDICAL CENTER,Sanford Sheldon Medical Center
161382,ST ANTHONY REGIONAL HOSPITAL & NURSING HOME,St. Anthony Regional Hospital & Nursing Home
162001,SELECT SPECIALTY HOSPITAL - QUAD CITIES,Select Specialty Hospital - Quad Cities
162003,SELECT SPECIALTY HOSPITAL - DES MOINES,Select Specialty Hospital - Des Moines
163025,"MERCY REHABILITATION HOSPITAL, LLC","Mercy Rehabilitation Hospital, LLC"
163026,EASTERN IOWA REHABILITATION HOSPITAL LLC,Eastern Iowa Rehabilitation Hospital LLC
163027,IOWA HEALTH NETWORK REHABILITATION HOSPITAL,Iowa Health Network Rehabilitation Hospital
164002,MENTAL HEALTH INSTITUTE,Mental Health Institute
164003,MENTAL HEALTH INSTITUTE,Mental Health Institute
164006,EAGLE VIEW BEHAVIORAL HEALTH,Eagle View Behavioral Health
164007,CLIVE BEHAVIORAL HEALTH,Clive Behavioral Health
170006,"MERCY HOSPITAL PITTSBURG, INC","Mercy Hospital Pittsburg, Inc"
170009,SAINT JOHN HOSPITAL,Saint John Hospital
170012,SALINA REGIONAL HEALTH CENTER,Salina Regional Health Center
170013,HAYS MEDICAL CENTER,Hays Medical Center
170014,ADVENTHEALTH OTTAWA,AdventHealth Ottawa
170016,UNIVERSITY OF KANSAS HLTH SYSTEM ST FRANCIS CAMPUS,University of Kansas Health System St. Francis Campus
170017,SUSAN B ALLEN MEMORIAL HOSPITAL,Susan B. Allen Memorial Hospital
170020,HUTCHINSON REGIONAL MEDICAL CENTER INC,Hutchinson Regional Medical Center Inc
170023,ST. CATHERINE HOSPITAL - GARDEN CITY,St. Catherine Hospital - Garden City
170027,PRATT REGIONAL MEDICAL CENTER,Pratt Regional Medical Center
170040,UNIVERSITY OF KANSAS HOSPITAL,University of Kansas Hospital
170049,UNIVERSITY OF KANSAS HEALTH SYSTEM OLATHE HOSPITAL,University of Kansas Health System Olathe Hospital
170068,SOUTHWEST MEDICAL CENTER,Southwest Medical Center
170074,"STORMONT VAIL HEALTH FLINT HILLS, LLC","Stormont Vail Health Flint Hills, LLC"
170086,STORMONT VAIL HOSPITAL,Stormont Vail Hospital
170103,NMC HEALTH,Nmc Health
170104,ADVENTHEALTH SHAWNEE MISSION,AdventHealth Shawnee Mission
170105,MCPHERSON HOSPITAL INC,McPherson Hospital Inc
170109,THE UNIV OF KS HEALTH SYSTEM PAOLA HOSPITAL,The University of Ks Health System Paola Hospital
170120,LABETTE HEALTH,Labette Health
170122,"ASCENSION VIA CHRISTI HOSPITALS WICHITA, INC.","Ascension Via Christi Hospitals Wichita, Inc."
170123,WESLEY MEDICAL CENTER,Wesley Medical Center
170137,LMH,LMH
170142,"ASCENSION VIA CHRISTI HOSPITAL MANHATTAN, INC","Ascension Via Christi Hospital Manhattan, Inc"
170146,PROVIDENCE MEDICAL CENTER,Providence Medical Center
170175,ST CATHERINE HOSPITAL - DODGE CITY,St. Catherine Hospital - Dodge City
170176,OVERLAND PARK REG MED CTR,Overland Park Regional Medical Center
170182,MENORAH MEDICAL CENTER,Menorah Medical Center
170183,KANSAS SURGERY & RECOVERY CENTER,Kansas Surgery & Recovery Center
170185,SAINT LUKE'S SOUTH HOSPITAL,Saint Luke's South Hospital
170186,KANSAS HEART HOSPITAL,Kansas Heart Hospital
170187,SALINA SURGICAL HOSPITAL,Salina Surgical Hospital
170188,KANSAS CITY ORTHOPAEDIC INSTITUTE,Kansas City Orthopaedic Institute
170190,MANHATTAN SURGICAL HOSPITAL LLC,Manhattan Surgical Hospital LLC
170191,UNIVERSITY  OF KS HLTH SYSTEM GREAT BEND CAMPUS,University of Ks Health System Great Bend Campus
170194,ASCENTIST HOSPITAL LLC,Ascentist Hospital LLC
170196,"KANSAS SPINE & SPECIALTY HOSPITAL, LLC","Kansas Spine & Specialty Hospital, LLC"
170197,KANSAS MEDICAL CENTER LLC,Kansas Medical Center LLC
170198,"SUMMIT SURGICAL, LLC","Summit Surgical, LLC"
170199,MINIMALLY INVASIVE SURGERY HOSPITAL,Minimally Invasive Surgery Hospital
170200,"ASCENSION VIA CHRISTI HOSPITAL ST. TERESA, INC.","Ascension Via Christi Hospital St. Teresa, Inc."
170203,MERCY SPECIALTY HOSPITAL SOUTHEAST KANSAS,Mercy Specialty Hospital Southeast Kansas
170205,"MANHATTAN SPECIALISTS CENTER, LLC","Manhattan Specialists Center, LLC"
170208,"ADVENTHEALTH SOUTH OVERLAND PARK, INC","AdventHealth South Overland Park, Inc"
170779,SCK HEALTH,Sck Health
170780,"MERCY HOSPITAL, INC","Mercy Hospital, Inc"
170781,RUSH COUNTY MEMORIAL HOSPITAL,Rush County Memorial Hospital
171300,GRISELL MEMORIAL HOSPITAL,Grisell Memorial Hospital
171301,ELLINWOOD DISTRICT HOSPITAL,Ellinwood District Hospital
171303,LANE COUNTY HOSPITAL,Lane County Hospital
171304,ASHLAND HEALTH CENTER,Ashland Health Center
171306,WICHITA COUNTY HEALTH CENTER,Wichita County Health Center
171307,RAWLINS COUNTY HEALTH CENTER,Rawlins County Health Center
171308,MERCY HOSPITAL COLUMBUS,Mercy Hospital Columbus
171309,JEWELL COUNTY HOSPITAL,Jewell County Hospital
171310,CHEYENNE COUNTY HOSPITAL,Cheyenne County Hospital
171311,ROOKS COUNTY HEALTH CENTER,Rooks County Health Center
171312,COMANCHE COUNTY HOSPITAL,Comanche County Hospital
171313,KEARNY COUNTY HOSPITAL,Kearny County Hospital
171314,F W HUSTON MEDICAL CENTER,F. W. Huston Medical Center
171315,NEMAHA VALLEY COMMUNITY HOSPITAL,Nemaha Valley Community Hospital
171316,ANDERSON COUNTY HOSPITAL,Anderson County Hospital
171317,EDWARDS COUNTY MEDICAL CENTER,Edwards County Medical Center
171318,SEDAN CITY HOSPITAL,Sedan City Hospital
171319,HOLTON COMMUNITY HOSPITAL,Holton Community Hospital
171321,MEADE DISTRICT HOSPITAL,Meade District Hospital
171322,HAMILTON COUNTY HOSPITAL,Hamilton County Hospital
171323,STAFFORD COUNTY HOSPITAL,Stafford County Hospital
171324,"SATANTA DISTRICT HOSPITAL, CLINICS, & LTCU","Satanta District Hospital, Clinics, & Ltcu"
171325,GRAHAM COUNTY HOSPITAL,Graham County Hospital
171326,LOGAN COUNTY HOSPITAL,Logan County Hospital
171327,ELLSWORTH COUNTY MEDICAL CENTER,Ellsworth County Medical Center
171328,OTTAWA COUNTY HEALTH CENTER,Ottawa County Health Center
171329,CALDWELL REGIONAL MEDICAL CENTER,Caldwell Regional Medical Center
171330,HOSPITAL DISTRICT #1 OF RICE COUNTY,Hospital District #1 of Rice County
171331,KIOWA DISTRICT HOSPITAL,Kiowa District Hospital
171332,KIOWA COUNTY MEMORIAL HOSPITAL,Kiowa County Memorial Hospital
171333,CLARA BARTON HOSPITAL,Clara Barton Hospital
171334,MEDICINE LODGE MEMORIAL HOSPITAL,Medicine Lodge Memorial Hospital
171335,STEVENS COUNTY HOSPITAL,Stevens County Hospital
171336,NESS COUNTY HOSPITAL DISTRICT #2,Ness County Hospital District #2
171337,WAMEGO HEALTH CENTER,Wamego Health Center
171338,SABETHA COMMUNITY HOSPITAL,Sabetha Community Hospital
171339,GREENWOOD COUNTY HOSPITAL,Greenwood County Hospital
171341,AMBERWELL HIAWATHA,Amberwell Hiawatha
171343,STANTON COUNTY HOSPITAL,Stanton County Hospital
171344,WILSON MEDICAL CENTER,Wilson Medical Center
171345,PAWNEE VALLEY COMMUNITY HOSPITAL,Pawnee Valley Community Hospital
171346,PATTERSON HEALTH CENTER,Patterson Health Center
171347,SHERIDAN COUNTY HOSPITAL,Sheridan County Hospital
171348,NORTON COUNTY HOSPITAL,Norton County Hospital
171349,NORTH CENTRAL KANSAS MEDICAL CENTER,North Central Kansas Medical Center
171350,RUSSELL REGIONAL HOSPITAL,Russell Regional Hospital
171351,WASHINGTON COUNTY HOSPITAL,Washington County Hospital
171352,DECATUR HEALTH,Decatur Health
171353,PHILLIPS COUNTY HEALTH SYSTEMS,Phillips County Health Systems
171354,"COMMUNITY HOSPITAL, ONAGA AND ST MARYS CAMPUS","Community Hospital, Onaga and St. Marys Campus"
171355,TREGO COUNTY LEMKE MEMORIAL HOSPITAL,Trego County Lemke Memorial Hospital
171356,ST LUKE HOSPITAL & LIVING CENTER,St. Luke Hospital & Living Center
171357,HILLSBORO COMMUNITY HOSPITAL,Hillsboro Community Hospital
171358,LINDSBORG COMMUNITY HOSPITAL,Lindsborg Community Hospital
171359,GREELEY COUNTY HEALTH SERVICES,Greeley County Health Services
171360,LINCOLN COUNTY HOSPITAL,Lincoln County Hospital
171361,REPUBLIC COUNTY HOSPITAL,Republic County Hospital
171362,CITIZENS MEDICAL CENTER,Citizens Medical Center
171363,"COMMUNITY MEMORIAL HEALTHCARE, INC","Community Memorial Healthcare, Inc"
171364,OSBORNE COUNTY MEMORIAL HOSPITAL,Osborne County Memorial Hospital
171365,HANOVER HOSPITAL,Hanover Hospital
171367,GOVE COUNTY MEDICAL CENTER,Gove County Medical Center
171368,MINNEOLA DISTRICT HOSPITAL NBR 2,Minneola District Hospital Nbr 2
171369,HODGEMAN COUNTY HEALTH CENTER,Hodgeman County Health Center
171370,GOODLAND REGIONAL MEDICAL CENTER,Goodland Regional Medical Center
171371,CLAY COUNTY MEDICAL CENTER,Clay County Medical Center
171372,SCOTT COUNTY HOSPITAL,Scott County Hospital
171373,ALLEN COUNTY REGIONAL HOSPITAL,Allen County Regional Hospital
171374,FREDONIA REGIONAL HOSPITAL,Fredonia Regional Hospital
171375,MITCHELL COUNTY HOSPITAL HEALTH SYSTEMS,Mitchell County Hospital Health Systems
171376,GIRARD MEDICAL CENTER,Girard Medical Center
171377,SMITH COUNTY MEMORIAL HOSPITAL,Smith County Memorial Hospital
171378,KINGMAN HEALTHCARE  CENTER,Kingman Healthcare Center
171379,MORRIS COUNTY HOSPITAL,Morris County Hospital
171380,NEOSHO MEMORIAL REGIONAL MEDICAL CENTER,Neosho Memorial Regional Medical Center
171381,MEMORIAL HOSPITAL,Memorial Hospital
171382,AMBERWELL ATCHISON ASSOCIATION,Amberwell Atchison Association
171383,WILLIAM NEWTON MEMORIAL HOSPITAL,William Newton Memorial Hospital
171384,NEWMAN REGIONAL HEALTH,Newman Regional Health
171385,COFFEY COUNTY HOSPITAL,Coffey County Hospital
171386,MORTON COUNTY HOSPITAL,Morton County Hospital
171387,"COFFEYVILLE REGIONAL MEDICAL CENTER, INC","Coffeyville Regional Medical Center, Inc"
171388,BOB WILSON MEMORIAL HOSPITAL,Bob Wilson Memorial Hospital
172004,HIGHCREST HOSPITAL OF OVERLAND PARK,Highcrest Hospital of Overland Park
172005,SELECT SPECIALTY HOSPITAL OF KS CITY,Select Specialty Hospital of Ks City
172007,SELECT SPECIALTY HOSPITAL WICHITA,Select Specialty Hospital Wichita
173025,"KANSAS REHABILITATION HOSPITAL, A JOINT VENTURE OF","Kansas Rehabilitation Hospital, A Joint Venture of"
173026,MIDAMERICA REHABILITATION HOSPITAL,Midamerica Rehabilitation Hospital
173028,"ASCENSION VIA CHRISTI REHABILITATION HOSPITAL, INC","Ascension Via Christi Rehabilitation Hospital, Inc"
173032,REHABILITATION HOSPITAL OF OVERLAND PARK,Rehabilitation Hospital of Overland Park
173033,MEADOWBROOK REHABILITATION HOSPITAL,Meadowbrook Rehabilitation Hospital
173034,"JOHNSON COUNTY REHABILITATION HOSPITAL, LLC","Johnson County Rehabilitation Hospital, LLC"
173035,CLEARSKY REHABILITATION HOSPITAL OF ELWOOD ST JOS,Clearsky Rehabilitation Hospital of Elwood St. Jos
173300,CHILDREN'S MERCY HOSPITAL KANSAS,Children's Mercy Hospital Kansas
174006,LARNED STATE HOSPITAL,Larned State Hospital
174016,PRAIRIE VIEW INC,Prairie View Inc
174020,COTTONWOOD SPRINGS LLC,Cottonwood Springs LLC
174022,ADAIR ACUTE CARE AT OSAWATOMIE STATE HOSPITAL,Adair Acute Care at Osawatomie State Hospital
174025,ANEW HEALTH LLC,Anew Health LLC
174026,CORTERRA OF WICHITA LLC,Corterra of Wichita LLC
174027,ST VERONICA,St. Veronica
180001,ST ELIZABETH FT THOMAS,St. Elizabeth Ft. Thomas
180002,WHITESBURG ARH HOSPITAL,Whitesburg ARH Hospital
180004,OWENSBORO HEALTH MUHLENBERG COMMUNITY HOSPITAL,Owensboro Health Muhlenberg Community Hospital
180005,HIGHLANDS ARH REGIONAL MEDICAL CENTER,Highlands ARH Regional Medical Center
180009,KING'S DAUGHTERS' MEDICAL CENTER,King's Daughters' Medical Center
180010,SAINT JOSEPH HOSPITAL,Saint Joseph Hospital
180011,CHI SAINT JOSEPH LONDON,CHI Saint Joseph London
180012,BAPTIST HEALTH HARDIN,Baptist Health Hardin
180013,THE MEDICAL CENTER AT BOWLING GREEN,The Medical Center at Bowling Green
180016,UOFL HEALTH - SHELBYVILLE HOSPITAL,UofL Health - Shelbyville Hospital
180017,T J SAMSON COMMUNITY HOSPITAL,T. J. Samson Community Hospital
180018,ST CLAIRE REGIONAL MEDICAL CENTER,St. Claire Regional Medical Center
180019,MEADOWVIEW REGIONAL MEDICAL CENTER,Meadowview Regional Medical Center
180020,MIDDLESBORO APPALACHIAN REGIONAL HEALTHCARE HOSPIT,Middlesboro Appalachian Regional Healthcare Hospit
180024,SPRING VIEW HOSPITAL,Spring View Hospital
180025,FLAGET MEMORIAL HOSPITAL,Flaget Memorial Hospital
180027,MURRAY-CALLOWAY COUNTY HOSPITAL,Murray-Calloway County Hospital
180029,HAZARD ARH REGIONAL MEDICAL CENTER,Hazard ARH Regional Medical Center
180035,ST ELIZABETH MEDICAL CENTER NORTH,St. Elizabeth Medical Center North
180038,OWENSBORO HEALTH REGIONAL HOSPITAL,Owensboro Health Regional Hospital
180040,UOFL HEALTH - JEWISH HOSPITAL,UofL Health - Jewish Hospital
180043,ADVENTHEALTH MANCHESTER,AdventHealth Manchester
180044,PIKEVILLE MEDICAL CENTER,Pikeville Medical Center
180045,ST ELIZABETH FLORENCE,St. Elizabeth Florence
180046,CENTERPOINT HEALTH - PARIS,Centerpoint Health - Paris
180048,EPHRAIM MCDOWELL REGIONAL MEDICAL CENTER,Ephraim McDowell Regional Medical Center
180049,BAPTIST HEALTH RICHMOND,Baptist Health Richmond
180050,HARLAN ARH HOSPITAL,Harlan ARH Hospital
180051,JENNIE STUART MEDICAL CENTER,Jennie Stuart Medical Center
180056,DEACONESS HENDERSON HOSPITAL,Deaconess Henderson Hospital
180064,CHI SAINT JOSEPH MOUNT STERLING,CHI Saint Joseph Mount Sterling
180066,THE MEDICAL CENTER AT RUSSELLVILLE,The Medical Center at Russellville
180067,UNIVERSITY OF KENTUCKY HOSPITAL,University of Kentucky Hospital
180069,TUG VALLEY ARH REGIONAL MEDICAL CENTER,Tug Valley ARH Regional Medical Center
180070,OWENSBORO HEALTH TWIN LAKES MEDICAL CENTER,Owensboro Health Twin Lakes Medical Center
180078,PAINTSVILLE ARH HOSPITAL,Paintsville ARH Hospital
180079,HARRISON MEMORIAL HOSPITAL,Harrison Memorial Hospital
180080,BAPTIST HEALTH CORBIN,Baptist Health Corbin
180087,TAYLOR REGIONAL HOSPITAL,Taylor Regional Hospital
180088,NORTON HOSPITAL / NORTON HEALTHCARE PAVILION / NOR,Norton Hospital / Norton Healthcare Pavilion / Nor
180092,CLARK REGIONAL MEDICAL CENTER,Clark Regional Medical Center
180093,BAPTIST HEALTH DEACONESS MADISONVILLE,Baptist Health Deaconess Madisonville
180101,CENTERPOINT HEALTH - GEORGETOWN,Centerpoint Health - Georgetown
180102,MERCY HEALTH LOURDES HOSPITAL,Mercy Health Lourdes Hospital
180103,BAPTIST HEALTH LEXINGTON,Baptist Health Lexington
180104,BAPTIST HEALTH PADUCAH,Baptist Health Paducah
180105,MONROE COUNTY MEDICAL CENTER,Monroe County Medical Center
180115,ROCKCASTLE REGIONAL HOSPITAL & RESPIRATORY CARE CT,Rockcastle Regional Hospital & Respiratory Care Ct
180116,JACKSON PURCHASE MEDICAL CENTER,Jackson Purchase Medical Center
180124,TRISTAR GREENVIEW REGIONAL HOSPITAL,TriStar Greenview Regional Hospital
180127,FRANKFORT REGIONAL MEDICAL CENTER,Frankfort Regional Medical Center
180128,THREE RIVERS MEDICAL CENTER,Three Rivers Medical Center
180130,BAPTIST HEALTH LOUISVILLE,Baptist Health Louisville
180132,LAKE CUMBERLAND REGIONAL HOSPITAL,Lake Cumberland Regional Hospital
180138,BAPTIST HEALTH LA GRANGE,Baptist Health La Grange
180141,UNIVERSITY OF LOUISVILLE HOSPITAL,University of Louisville Hospital
180143,CHI SAINT JOSEPH EAST,CHI Saint Joseph East
180149,T J HEALTH COLUMBIA,T. J. Health Columbia
180154,"PINEVILLE COMMUNITY HEALTH CENTER, INC","Pineville Community Health Center, Inc"
180779,CRITTENDEN COMMUNITY HOSPITAL,Crittenden Community Hospital
180780,FLEMING COUNTY HOSPITAL,Fleming County Hospital
181301,MARCUM & WALLACE MEMORIAL HOSPITAL,Marcum & Wallace Memorial Hospital
181302,THE JAMES B HAGGIN MEMORIAL HOSPITAL,The James B. Haggin Memorial Hospital
181304,TRIGG COUNTY HOSPITAL,Trigg County Hospital
181305,ARH OUR LADY OF THE WAY,ARH Our Lady of the Way
181306,DEACONESS UNION COUNTY HOSPITAL,Deaconess Union County Hospital
181307,MORGAN COUNTY ARH HOSPITAL,Morgan County ARH Hospital
181308,CENTERPOINT HEALTH - VERSAILLES,Centerpoint Health - Versailles
181309,CASEY COUNTY HOSPITAL,Casey County Hospital
181310,CARROLL COUNTY MEMORIAL HOSPITAL,Carroll County Memorial Hospital
181311,ST ELIZABETH GRANT,St. Elizabeth Grant
181314,THE MEDICAL CENTER AT CAVERNA,The Medical Center at Caverna
181315,EPHRAIM MCDOWELL FORT LOGAN HOSPITAL,Ephraim McDowell Fort Logan Hospital
181316,MARY BRECKINRIDGE ARH HOSPITAL,Mary Breckinridge ARH Hospital
181317,CUMBERLAND COUNTY HOSPITAL,Cumberland County Hospital
181318,THE MEDICAL CENTER AT FRANKLIN,The Medical Center at Franklin
181319,BRECKINRIDGE MEMORIAL HOSPITAL,Breckinridge Memorial Hospital
181320,"LIVINGSTON HOSPITAL AND HEALTHCARE SERVICES, INC","Livingston Hospital and Healthcare Services, Inc"
181321,WAYNE COUNTY HOSPITAL,Wayne County Hospital
181322,CALDWELL MEDICAL CENTER,Caldwell Medical Center
181323,OHIO COUNTY HOSPITAL,Ohio County Hospital
181324,THE MEDICAL CENTER AT SCOTTSVILLE,The Medical Center at Scottsville
181325,JANE TODD CRAWFORD HOSPITAL,Jane Todd Crawford Hospital
181327,MARSHALL COUNTY HOSPITAL,Marshall County Hospital
181328,BARBOURVILLE ARH HOSPITAL,Barbourville ARH Hospital
181329,CHI SAINT JOSEPH BEREA NF,CHI Saint Joseph Berea Nf
181330,RUSSELL COUNTY HOSPITAL,Russell County Hospital
181331,MCDOWELL ARH HOSPITAL,McDowell ARH Hospital
181333,THE MEDICAL CENTER AT ALBANY,The Medical Center at Albany
181334,KENTUCKY RIVER MEDICAL CENTER,Kentucky River Medical Center
182001,KINDRED HOSPITAL LOUISVILLE,Kindred Hospital Louisville
182002,"CONTINUING CARE HOSPITAL, INC","Continuing Care Hospital, Inc"
182003,SELECT SPECIALTY HOSPITAL - CENTRAL KENTUCKY,Select Specialty Hospital - Central Kentucky
182004,SELECT SPECIALTY HOSPITAL-NORTHERN KENTUCKY,Select Specialty Hospital-Northern Kentucky
182005,COMMONWEALTH REGIONAL SPECIALTY HOSPITAL,Commonwealth Regional Specialty Hospital
182006,CONTINUECARE HOSPITAL AT BAPTIST HEALTH CORBIN,Continuecare Hospital at Baptist Health Corbin
182008,CONTINUECARE HOSPITAL AT BAPTIST HEALTH PADUCAH,Continuecare Hospital at Baptist Health Paducah
182009,CONTINUECARE HOSPITAL AT BAPTIST HLTH MADISONVILLE,Continuecare Hospital at Baptist Health Madisonville
182010,ARH ADVANCED CARE - BIG SANDY,ARH Advanced Care - Big Sandy
182011,ARH ADVANCED CARE - KY RIVER,ARH Advanced Care - Ky River
183026,CARDINAL HILL REHABILITATION HOSPITAL,Cardinal Hill Rehabilitation Hospital
183027,ENCOMPASS HEALTH REHABILITATION HOSPITAL OF NORTHE,Encompass Health Rehabilitation Hospital of Northe
183028,ENCOMPASS HEALTH REHABILITATION HOSPITAL OF LAKEVI,Encompass Health Rehabilitation Hospital of Lakevi
183029,"SMR SOUTHERN KENTUCKY, LLC DBA SOUTHERN KENTUCKY R","Smr Southern Kentucky, LLC DBA Southern Kentucky R."
183030,GATEWAY REHABILITATION HOSPITAL,Gateway Rehabilitation Hospital
183032,"UOFLHEALTH,FRAZIERREHABILITATIONHOSPITAL-BROWNSBOR","Uoflhealth,frazierrehabilitationhospital-Brownsbor"
183033,BAPTIST HEALTH REHABILITATION HOSPITAL,Baptist Health Rehabilitation Hospital
184002,WESTERN STATE HOSPITAL,Western State Hospital
184004,EASTERN STATE HOSPITAL,Eastern State Hospital
184006,SUN BEHAVIORAL HEALTH,Sun Behavioral Health
184007,THE BROOK HOSPITAL - DUPONT,The Brook Hospital - DuPont
184008,THE BROOK HOSPITAL - KMI,The Brook Hospital - KMI
184009,THE RIDGE BEHAVIORAL HEALTH SYSTEM,The Ridge Behavioral Health System
184012,LINCOLN TRAIL BEHAVIORAL HEALTH SYSTEM,Lincoln Trail Behavioral Health System
184013,RIVERVALLEY BEHAVIORAL HEALTH HOSPITAL,Rivervalley Behavioral Health Hospital
184014,CUMBERLAND HALL,Cumberland Hall
184015,CENTRAL STATE HOSPITAL,Central State Hospital
184017,RIVENDELL BEHAVIORAL HEALTH SERVICES,Rivendell Behavioral Health Services
184018,BELLEFONTE HOSPITAL AND RECOVERY CENTER,Bellefonte Hospital and Recovery Center
190002,OCHSNER LAFAYETTE GENERAL MEDICAL CENTER,Ochsner Lafayette General Medical Center
190004,THIBODAUX REGIONAL MEDICAL CENTER,Thibodaux Regional Medical Center
190005,UNIVERSITY MEDICAL CENTER NEW ORLEANS,University Medical Center New Orleans
190006,OCHSNER UNIVERSITY HOSPITAL AND CLINICS,Ochsner University Hospital and Clinics
190007,NATCHITOCHES REGIONAL MEDICAL CENTER,Natchitoches Regional Medical Center
190008,TERREBONNE GENERAL HEALTH SYSTEM,Terrebonne General Health System
190011,OCHSNER LSU HEALTH MONROE,Ochsner LSU Health Monroe
190013,WEST CALCASIEU CAMERON HOSPITAL,West Calcasieu Cameron Hospital
190014,OCHSNER ST MARY,Ochsner St. Mary
190015,"NORTH OAKS MEDICAL CENTER, L L C","North Oaks Medical Center, L. L. C."
190017,OPELOUSAS GENERAL HEALTH SYSTEM,Opelousas General Health System
190019,CHRISTUS ST FRANCES CABRINI HOSPITAL,CHRISTUS St. Frances Cabrini Hospital
190020,LANE REGIONAL MEDICAL CENTER,Lane Regional Medical Center
190025,SAVOY MEDICAL CENTER,Savoy Medical Center
190026,RAPIDES REGIONAL MEDICAL CENTER,Rapides Regional Medical Center
190027,CHRISTUS OCHSNER ST PATRICK HOSPITAL,CHRISTUS Ochsner St. Patrick Hospital
190034,ABBEVILLE GENERAL HOSPITAL,Abbeville General Hospital
190036,OCHSNER MEDICAL CENTER,Ochsner Medical Center
190039,WEST JEFFERSON MEDICAL CENTER,West Jefferson Medical Center
190040,SLIDELL MEMORIAL HOSPITAL,Slidell Memorial Hospital
190041,CHRISTUS SHREVEPORT-BOSSIER HEALTH SYSTEM,CHRISTUS Shreveport-Bossier Health System
190044,OCHSNER ACADIA GENERAL HOSPITAL,Ochsner Acadia General Hospital
190045,ST TAMMANY PARISH HOSPITAL,St. Tammany Parish Hospital
190046,TOURO INFIRMARY,Touro Infirmary
190050,BEAUREGARD MEMORIAL HOSPITAL,Beauregard Memorial Hospital
190053,OCHSNER AMERICAN LEGION HOSPITAL,Ochsner American Legion Hospital
190054,IBERIA MEDICAL CENTER,Iberia Medical Center
190060,LAKE CHARLES MEMORIAL HOSPITAL,Lake Charles Memorial Hospital
190064,FMOL HEALTH | OUR LADY OF THE LAKE,FMOL Health | Our Lady of the Lake
190065,BATON ROUGE GENERAL MEDICAL CENTER,Baton Rouge General Medical Center
190079,ST CHARLES PARISH HOSPITAL,St. Charles Parish Hospital
190086,NORTHERN LOUISIANA MEDICAL CENTER,Northern Louisiana Medical Center
190088,SPRINGHILL MEDICAL CENTER,Springhill Medical Center
190090,WINN PARISH MEDICAL CENTER,Winn Parish Medical Center
190098,OCHSNER LSU HEALTH SHREVEPORT,Ochsner LSU Health Shreveport
190099,AVOYELLES HOSPITAL,Avoyelles Hospital
190102,"OUR LADY OF LOURDES REGIONAL MEDICAL CENTER, INC","Our Lady of Lourdes Regional Medical Center, Inc"
190106,OAKDALE COMMUNITY HOSPITAL,Oakdale Community Hospital
190111,"WILLIS KNIGHTON MEDICAL CENTER, INC","Willis Knighton Medical Center, Inc"
190114,CLAIBORNE MEMORIAL MEDICAL CENTER,Claiborne Memorial Medical Center
190116,MOREHOUSE GENERAL HOSPITAL,Morehouse General Hospital
190118,DESOTO REGIONAL HEALTH SYSTEM,DeSoto Regional Health System
190125,FMOL HEALTH ST FRANCIS,FMOL Health St. Francis
190128,WOMANS HOSPITAL,Womans Hospital
190133,ALLEN PARISH HOSPITAL,Allen Parish Hospital
190140,FRANKLIN MEDICAL CENTER,Franklin Medical Center
190144,MINDEN MEDICAL CENTER,Minden Medical Center
190145,LASALLE GENERAL HOSPITAL,Lasalle General Hospital
190151,RICHARDSON MEDICAL CENTER,Richardson Medical Center
190160,GLENWOOD REGIONAL MEDICAL CENTER,Glenwood Regional Medical Center
190164,BYRD REGIONAL HOSPITAL,Byrd Regional Hospital
190167,MERCY REGIONAL MEDICAL CENTER,Mercy Regional Medical Center
190176,EAST JEFFERSON GENERAL HOSPITAL,East Jefferson General Hospital
190183,LEONARD J CHABERT MEDICAL CENTER,Leonard J. Chabert Medical Center
190184,CITIZENS MEDICAL CENTER,Citizens Medical Center
190190,"CALDWELL MEMORIAL HOSPITAL, INC","Caldwell Memorial Hospital, Inc"
190201,CHRISTUS OCHSNER LAKE AREA HOSPITAL,CHRISTUS Ochsner Lake Area Hospital
190202,OCHSNER MEDICAL CENTER - BATON ROUGE,Ochsner Medical Center - Baton Rouge
190208,EAST CARROLL PARISH HOSPITAL,East Carroll Parish Hospital
190218,SABINE MEDICAL CENTER,Sabine Medical Center
190241,PHYSICIANS MEDICAL CENTER,Physicians Medical Center
190245,MONROE SURGICAL HOSPITAL,Monroe Surgical Hospital
190251,SURGICAL SPECIALTY CENTER OF BATON ROUGE,Surgical Specialty Center of Baton Rouge
190255,PARK PLACE SURGICAL HOSPITAL,Park Place Surgical Hospital
190256,STERLING SURGICAL HOSPITAL,Sterling Surgical Hospital
190259,LAFAYETTE SURGICAL SPECIALTY HOSPITAL,Lafayette Surgical Specialty Hospital
190266,THE SPINE HOSPITAL OF LOUISIANA,The Spine Hospital of Louisiana
190267,AVALA,Avala
190270,OUR LADY OF THE LAKE SURGICAL HOSPITAL,Our Lady of the Lake Surgical Hospital
190274,OCHSNER MEDICAL CENTER-KENNER,Ochsner Medical Center-Kenner
190278,SPECIALISTS HOSPITAL SHREVEPORT,Specialists Hospital Shreveport
190298,CHRISTUS CENTRAL LOUISIANA SURGICAL HOSPITAL,CHRISTUS Central Louisiana Surgical Hospital
190300,"ST CHARLES SURGICAL HOSPITAL, LLC","St. Charles Surgical Hospital, LLC"
190302,"OMEGA HOSPITAL, LLC","Omega Hospital, LLC"
190303,CYPRESS POINTE SURGICAL HOSPITAL,Cypress Pointe Surgical Hospital
190308,ST BERNARD PARISH HOSPITAL,St. Bernard Parish Hospital
190312,FMOL HEALTH OUR LADY OF THE ANGELS,FMOL Health Our Lady of the Angels
190313,NEW ORLEANS EAST HOSPITAL,New Orleans East Hospital
190316,THE GENERAL,The General
190317,OCHSNER LSU HEALTH SHREVEPORT-ST MARY MEDICAL CENT,Ochsner LSU Health Shreveport-St. Mary Medical Cent
190318,ACADIAN MEDICAL CENTER,Acadian Medical Center
190319,ALEXANDRIA HOSPITAL,Alexandria Hospital
190320,RISE COMMUNITY HOSPITAL,Rise Community Hospital
190779,FMOL HEALTH OUR LADY OF THE LAKE ASSUMPTION COMMU,FMOL Health Our Lady of the Lake Assumption Commu
191300,ST HELENA PARISH HOSPITAL,St. Helena Parish Hospital
191301,UNION GENERAL HOSPITAL,Union General Hospital
191302,OCHSNER ST MARTIN HOSPITAL,Ochsner St. Martin Hospital
191304,NORTH CADDO MEDICAL CENTER,North Caddo Medical Center
191305,ST JAMES PARISH HOSPITAL,St. James Parish Hospital
191306,WEST FELICIANA PARISH HOSPITAL,West Feliciana Parish Hospital
191307,DEQUINCY MEMORIAL HOSPITAL,Dequincy Memorial Hospital
191308,PREVOST MEMORIAL HOSPITAL,Prevost Memorial Hospital
191309,HOOD MEMORIAL HOSPITAL,Hood Memorial Hospital
191310,BAYOU BEND HEALTH SYSTEM,Bayou Bend Health System
191311,BUNKIE GENERAL HOSPITAL,Bunkie General Hospital
191312,CHRISTUS COUSHATTA HEALTH CARE CENTER,CHRISTUS Coushatta Health Care Center
191313,RIVERSIDE MEDICAL CENTER,Riverside Medical Center
191314,MADISON PARISH HOSPITAL,Madison Parish Hospital
191315,HARDTNER MEDICAL CENTER,Hardtner Medical Center
191316,POINTE COUPEE GENERAL HOSPITAL,Pointe Coupee General Hospital
191317,JACKSON PARISH HOSPITAL,Jackson Parish Hospital
191318,TRINITY MEDICAL,Trinity Medical
191319,ACADIA ST LANDRY,Acadia St. Landry
191320,BIENVILLE MEDICAL CENTER,Bienville Medical Center
191321,LALLIE KEMP MEDICAL CENTER,Lallie Kemp Medical Center
191322,OCHSNER ABROM KAPLAN MEMORIAL HOSPITAL,Ochsner Abrom Kaplan Memorial Hospital
191323,RICHLAND PARISH HOSPITAL-DELHI,Richland Parish Hospital-Delhi
191324,OCHSNER ST ANNE GENERAL HOSPITAL,Ochsner St. Anne General Hospital
191325,LADY OF THE SEA GENERAL HOSPITAL,Lady of the Sea General Hospital
191326,REEVES MEMORIAL MEDICAL CENTER,Reeves Memorial Medical Center
191327,WEST CARROLL MEMORIAL HOSPITAL,West Carroll Memorial Hospital
192004,BATON ROUGE SPECIALTY HOSPITAL,Baton Rouge Specialty Hospital
192006,CORNERSTONE POST ACUTE CARE OF BOSSIER,Cornerstone Post Acute Care of Bossier
192007,BRIDGEPOINT CONTINUING CARE HOSPITAL,Bridgepoint Continuing Care Hospital
192008,SAGE SPECIALTY HOSPITAL,Sage Specialty Hospital
192010,INTENSIVE SPECIALTY HOSPITAL,Intensive Specialty Hospital
192011,PAM HEALTH SPECIALTY HOSPITAL OF SHREVEPORT,PAM Health Specialty Hospital of Shreveport
192013,SAGE SPECIALTY HOSPITAL OF LAKE CHARLES,Sage Specialty Hospital of Lake Charles
192015,OCHSNER EXTENDED CARE HOSPITAL,Ochsner Extended Care Hospital
192016,SPECIALTY HOSPITAL,Specialty Hospital
192028,RIVERBRIDGE SPECIALTY HOSPITAL,Riverbridge Specialty Hospital
192029,LAFAYETTE - A M G SPECIALTY HOSPITAL,AMG Specialty Hospital - Lafayette
192031,CORNERSTONE SPECIALTY HOSPITALS WEST MONROE,Cornerstone Specialty Hospitals West Monroe
192032,LOUISIANA EXTENDED CARE HOSPITAL OF LAFAYETTE,Louisiana Extended Care Hospital of Lafayette
192035,LOUISIANA EXTENDED CARE HOSPITAL OF NATCHITOCHES,Louisiana Extended Care Hospital of Natchitoches
192036,P A M SPECIALTY HOSPITAL OF HAMMOND,PAM Health Specialty Hospital of Hammond
192037,HOUMA - AMG SPECIALTY HOSPITAL,AMG Specialty Hospital - Houma
192041,ZACHARY - A M G SPECIALTY HOSPITAL,AMG Specialty Hospital - Zachary
192043,RIVERSIDE HOSPITAL OF LOUISIANA,Riverside Hospital of Louisiana
192048,P A M SPECIALTY HOSPITAL OF COVINGTON,PAM Health Specialty and Rehabilitation Hospital of Covington
192057,SAGE SPECIALTY AND REHABILITATION CENTER OF LAFAYE,Sage Specialty and Rehabilitation Center of Lafaye
193028,BATON ROUGE REHAB HOSPITAL,Baton Rouge Rehabilitation Hospital
193031,ENCOMPASS HEALTH REHABILITATION HOSPITAL OF ALEXAN,Encompass Health Rehabilitation Hospital of Alexan
193044,"NORTH OAKS REHABILITATION HOSPITAL, L L C","North Oaks Rehabilitation Hospital, L. L. C."
193050,TITAN REHABILITATION HOSPITAL OF ROSEPINE,Titan Rehabilitation Hospital of Rosepine
193058,RIVERBEND REHABILITATION HOSPITAL,Riverbend Rehabilitation Hospital
193067,REHABILITATION HOSPITAL OF JENNINGS,Rehabilitation Hospital of Jennings
193069,STERLINGTON REHABILITATION HOSPITAL,Sterlington Rehabilitation Hospital
193070,ACCORD REHABILITATION HOSPITAL,Accord Rehabilitation Hospital
193074,UNITED MEDICAL HEALTHWEST-NEW ORLEANS,United Medical Healthwest-New Orleans
193078,SAGE REHABILITATION HOSPITAL,Sage Rehabilitation Hospital
193079,OASIS POINT REHABILITATION HOSPITAL,Oasis Point Rehabilitation Hospital
193080,SPECIALTY REHABILITATION HOSPITAL,Specialty Rehabilitation Hospital
193086,LEESVILLE REHABILITATION HOSPITAL,Leesville Rehabilitation Hospital
193090,"THE NEUROMEDICAL CENTER REHABILITATION HOSPITAL, L","The Neuromedical Center Rehabilitation Hospital, L."
193092,BETHESDA REHABILITATION HOSPITAL,Bethesda Rehabilitation Hospital
193093,LAFAYETTE-AMG PHYSICAL REHABILITATION HOSPITAL,AMG Physical Rehabilitation Hospital - Lafayette
193096,ACADIANA REHABILITATION,Acadiana Rehabilitation
193097,COVINGTON - A M G PHYSICAL REHABILITATION HOSPITAL,AMG Physical Rehabilitation Hospital - Covington
193099,OCHSNER REHABILITATION HOSPITAL,Ochsner Rehabilitation Hospital
193300,MANNING FAMILY CHILDRENS,Manning Family Childrens
194007,NORTHLAKE BEHAVIORAL HEALTH SYSTEM,Northlake Behavioral Health System
194008,EASTERN LA MENTAL HEALTH SYSTEM,Eastern la Mental Health System
194020,BRENTWOOD HOSPITAL,Brentwood Hospital
194022,LONGLEAF HOSPITAL,Longleaf Hospital
194025,CENTRAL LOUISIANA STATE HOSPITAL,Central Louisiana State Hospital
194031,RIVER OAKS HOSPITAL,River Oaks Hospital
194044,VERMILION BEHAVIORAL HEALTH SYSTEMS,Vermilion Behavioral Health Systems
194056,COMMUNITY CARE HOSPITAL,Community Care Hospital
194069,COVINGTON BEHAVIORAL HEALTH,Covington Behavioral Health
194073,OCEANS HOSPITAL OF BROUSSARD,Oceans Hospital of Broussard
194074,SERENITY SPRINGS SPECIALTY HOSPITAL,Serenity Springs Specialty Hospital
194079,"RED RIVER BEHAVIORAL CENTER, LLC","Red River Behavioral Center, LLC"
194080,"BEACON BEHAVIORAL HOSPITAL - NORTHSHORE, LLC","Beacon Behavioral Hospital - Northshore, LLC"
194081,OCEANS BEHAVIORAL HOSPITAL OF DERIDDER,Oceans Behavioral Hospital of Deridder
194082,COMPASS SENIOR CARE HOSPITAL,Compass Senior Care Hospital
194083,FREEDOM BEHAVIORAL HOSPITAL OF BASTROP,Freedom Behavioral Hospital of Bastrop
194084,"BEACON BEHAVIORAL HOSPITAL- NEW ORLEANS, LLC","Beacon Behavioral Hospital- New Orleans, LLC"
194085,COMPASS BEHAVIORAL CENTER OF LAFAYETTE,Compass Behavioral Center of Lafayette
194086,OCEANS BEHAVIORAL HOSPITAL OF BATON ROUGE,Oceans Behavioral Hospital of Baton Rouge
194087,FREEDOM BEHAVIORAL HOSPITAL OF MONROE,Freedom Behavioral Hospital of Monroe
194088,"ST JAMES BEHAVIORAL HEALTH HOSPITAL, INC","St. James Behavioral Health Hospital, Inc"
194089,GENESIS BEHAVIORAL HOSPITAL,Genesis Behavioral Hospital
194090,OCEANS BEHAVIORAL HOSPITAL OF LAKE CHARLES,Oceans Behavioral Hospital of Lake Charles
194091,OCEANS BEHAVIORAL HOSPITAL OF HAMMOND,Oceans Behavioral Hospital of Hammond
194094,PHYSICIANS BEHAVIORAL HOSPITAL,Physicians Behavioral Hospital
194095,OCEANS BEHAVIORAL HOSPITAL OF OPELOUSAS,Oceans Behavioral Hospital of Opelousas
194096,OCEANS BEHAVIORAL HOSPITAL OF ALEXANDRIA,Oceans Behavioral Hospital of Alexandria
194098,OCEANS BEHAVIORAL HOSPITAL OF GREATER NEW ORLEANS,Oceans Behavioral Hospital of Greater New Orleans
194102,"BEACON BEHAVIORAL HOSPITAL, LLC","Beacon Behavioral Hospital, LLC"
194103,SEASIDE HEALTH SYSTEM,Seaside Health System
194105,"APOLLO BEHAVIORAL HEALTH HOSPITAL, L L C","Apollo Behavioral Health Hospital, L. L. C."
194106,"COMPASS BEHAVIORAL CENTER OF ALEXANDRIA, INC","Compass Behavioral Center of Alexandria, Inc"
194107,BATON ROUGE BEHAVIORAL HOSPITAL,Baton Rouge Behavioral Hospital
194109,"COMPASS BEHAVIORAL CENTER OF HOUMA, LLC","Compass Behavioral Center of Houma, LLC"
194112,BEACON BEHAVIORAL HOSPITAL - CENTRAL,Beacon Behavioral Hospital - Central
194113,PERIMETER BEHAVIORAL HOSPITAL OF NEW ORLEANS,Perimeter Behavioral Hospital of New Orleans
194114,RIVER PLACE BEHAVIORAL HEALTH,River Place Behavioral Health
194115,REGIONS BEHAVIORAL HOSPITAL,Regions Behavioral Hospital
194116,LOUISIANA BEHAVIORAL HEALTH,Louisiana Behavioral Health
194117,UNIVERSAL BEHAVIORAL HEALTH HOSPITAL,Universal Behavioral Health Hospital
194118,MERCY BEHAVIORAL HOSPITAL,Mercy Behavioral Hospital
194119,FREEDOM BEHAVIORAL HOSPITAL OF FERRIDAY,Freedom Behavioral Hospital of Ferriday
194120,FREEDOM BEHAVIORAL HOSPITAL OF LAKE CHARLES,Freedom Behavioral Hospital of Lake Charles
194121,FREEDOM BEHAVIORAL HOSPITAL OF LEESVILLE,Freedom Behavioral Hospital of Leesville
194122,GBC BEHAVIORAL HEALTH,GBC Behavioral Health
200001,ST JOSEPH HOSPITAL,St. Joseph Hospital
200008,NORTHERN LIGHT MERCY HOSPITAL,Northern Light Mercy Hospital
200009,MAINEHEALTH MAINE MEDICAL CENTER,MaineHealth Maine Medical Center
200018,NORTHERN LIGHT A R GOULD HOSPITAL,Northern Light A.R. Gould Hospital
200020,YORK HOSPITAL,York Hospital
200021,MAINEHEALTH MID COAST HOSPITAL,MaineHealth Mid Coast Hospital
200024,CENTRAL MAINE MEDICAL CENTER,Central Maine Medical Center
200031,CARY MEDICAL CENTER,Cary Medical Center
200033,NORTHERN LIGHT EASTERN MAINE MEDICAL CENTER,Northern Light Eastern Maine Medical Center
200034,ST MARY'S REGIONAL MEDICAL CENTER,St. Mary's Regional Medical Center
200039,MAINEGENERAL MEDICAL CENTER,Mainegeneral Medical Center
200050,NORTHERN LIGHT MAINE COAST HOSPITAL,Northern Light Maine Coast Hospital
200063,MAINEHEALTH PEN BAY HOSPITAL,MaineHealth Pen Bay Hospital
201300,NORTHERN LIGHT BLUE HILL MEMORIAL HOSPITAL,Northern Light Blue Hill Memorial Hospital
201301,NORTHERN LIGHT C A DEAN HOSPITAL,Northern Light C. A Dean Hospital
201302,MAINEHEALTH LINCOLN HOSPITAL,MaineHealth Lincoln Hospital
201303,PENOBSCOT VALLEY HOSPITAL,Penobscot Valley Hospital
201304,MOUNT DESERT ISLAND HOSPITAL,Mount Desert Island Hospital
201305,CALAIS COMMUNITY HOSPITAL,Calais Community Hospital
201306,RUMFORD  HOSPITAL,Rumford Hospital
201307,MILLINOCKET REGIONAL HOSPITAL,Millinocket Regional Hospital
201308,HOULTON REGIONAL HOSPITAL,Houlton Regional Hospital
201309,NORTHERN LIGHT MAYO HOSPITAL,Northern Light Mayo Hospital
201310,BRIDGTON HOSPITAL,Bridgton Hospital
201311,DOWN EAST COMMUNITY HOSPITAL,Down East Community Hospital
201312,MAINEHEALTH WALDO HOSPITAL,MaineHealth Waldo Hospital
201313,NORTHERN LIGHT SEBASTICOOK VALLEY HOSPITAL,Northern Light Sebasticook Valley Hospital
201314,REDINGTON FAIRVIEW GENERAL HOSPITAL,Redington Fairview General Hospital
201315,MAINEHEALTH STEPHENS HOSPITAL,MaineHealth Stephens Hospital
201316,MAINEHEALTH FRANKLIN HOSPITAL,MaineHealth Franklin Hospital
201317,NORTHERN MAINE MEDICAL CENTER,Northern Maine Medical Center
203025,"NEW ENGLAND REHABILITATION HOSPITAL OF PORTLAND, A","New England Rehabilitation Hospital of Portland, A"
204004,DOROTHEA DIX PSYCHIATRIC CENTER,Dorothea DIX Psychiatric Center
204005,MAINEHEALTH BEHAVIORAL HEALTH AT SPRING HARBOR,MaineHealth Behavioral Health at Spring Harbor
204006,NORTHERN LIGHT ACADIA HOSPITAL,Northern Light Acadia Hospital
204008,RIVERVIEW PSYCHIATRIC CENTER,Riverview Psychiatric Center
210001,MERITUS MEDICAL CENTER,Meritus Medical Center
210002,UNIVERSITY OF MARYLAND MEDICAL CENTER,University of Maryland Medical Center
210003,UNIVERSITY OF MD CAPITAL REGION MEDICAL CENTER,University of MD Capital Region Medical Center
210004,HOLY CROSS HOSPITAL,Holy Cross Hospital
210005,FREDERICK HEALTH HOSPITAL,Frederick Health Hospital
210008,MERCY MEDICAL CENTER INC,Mercy Medical Center Inc
210009,"JOHNS HOPKINS HOSPITAL, THE","Johns Hopkins Hospital, the"
210011,SAINT AGNES HOSPITAL,Saint Agnes Hospital
210012,SINAI HOSPITAL OF BALTIMORE,Sinai Hospital of Baltimore
210015,MEDSTAR FRANKLIN SQUARE MEDICAL CENTER,MedStar Franklin Square Medical Center
210016,ADVENTIST HEALTHCARE WHITE OAK MEDICAL CENTER,Adventist Healthcare White Oak Medical Center
210017,GARRETT REGIONAL MEDICAL CENTER,Garrett Regional Medical Center
210018,MEDSTAR MONTGOMERY MEDICAL CENTER,MedStar Montgomery Medical Center
210019,"TIDALHEALTH PENINSULA REGIONAL, INC","Tidalhealth Peninsula Regional, Inc"
210022,SUBURBAN HOSPITAL,Suburban Hospital
210023,"LUMINIS HEALTH ANNE ARUNDEL MEDICAL CENTER, INC","Luminis Health Anne Arundel Medical Center, Inc"
210024,MEDSTAR UNION MEMORIAL HOSPITAL,MedStar Union Memorial Hospital
210027,U P M C WESTERN MARYLAND,U. P. M. C. Western Maryland
210028,MEDSTAR SAINT MARY'S HOSPITAL,MedStar Saint Mary's Hospital
210029,JOHNS HOPKINS BAYVIEW MEDICAL CENTER,Johns Hopkins Bayview Medical Center
210030,UMD SHORE MEDICAL CTR AT CHESTERTOWN,UMD Shore Medical Center at Chestertown
210032,UNION HOSPITAL OF CECIL COUNTY,Union Hospital of Cecil County
210033,CARROLL HOSPITAL CENTER,Carroll Hospital Center
210034,MEDSTAR HARBOR HOSPITAL,MedStar Harbor Hospital
210035,UNIVERSITY OF MD CHARLES REGIONAL  MEDICAL CENTER,University of MD Charles Regional Medical Center
210037,UNIVERSITY OF MD SHORE MEDICAL CENTER AT EASTON,University of MD Shore Medical Center at Easton
210038,UNIVERSITY OF MD MEDICAL CENTER MIDTOWN CAMPUS,University of MD Medical Center Midtown Campus
210039,CALVERTHEALTH MEDICAL CENTER,Calverthealth Medical Center
210040,NORTHWEST HOSPITAL CENTER,Northwest Hospital Center
210043,UMD BALTIMORE WASHINGTON  MEDICAL CENTER,UMD Baltimore Washington Medical Center
210044,GREATER BALTIMORE MEDICAL CENTER,Greater Baltimore Medical Center
210048,JOHNS HOPKINS HOWARD COUNTY MEDICAL CENTER,Johns Hopkins Howard County Medical Center
210049,UNIVERSITY OF MD UPPER CHESAPEAKE MEDICAL CENTER,University of MD Upper Chesapeake Medical Center
210051,"LUMINIS HEALTH DOCTORS COMMUNITY MEDICAL CTR, INC","Luminis Health Doctors Community Medical Center, Inc"
210056,MEDSTAR GOOD SAMARITAN HOSPITAL,MedStar Good Samaritan Hospital
210057,ADVENTIST HEALTHCARE SHADY GROVE MEDICAL CENTER,Adventist Healthcare Shady Grove Medical Center
210058,UMD REHABILITATION &  ORTHOPAEDIC INSTITUTE,UMD Rehabilitation & Orthopaedic Institute
210060,ADVENTIST HEALTHCARE FORT WASHINGTON MEDICAL CTR,Adventist Healthcare Fort Washington Medical Center
210061,ATLANTIC GENERAL HOSPITAL,Atlantic General Hospital
210062,MEDSTAR SOUTHERN MARYLAND HOSPITAL CENTER,MedStar Southern Maryland Hospital Center
210063,UNIVERSITY OF MD ST JOSEPH MEDICAL CENTER,University of MD St. Joseph Medical Center
210064,LEVINDALE HEBREW GERIATRIC CENTER AND HOSPITAL,Levindale Hebrew Geriatric Center and Hospital
210065,HOLY CROSS GERMANTOWN HOSPITAL,Holy Cross Germantown Hospital
212002,WESTERN MARYLAND HOSPITAL CENTER,Western Maryland Hospital Center
212003,DEER'S HEAD CENTER,Deer's Head Center
213028,ENCOMPASS HEALTH REHAB HOSPITAL OF SALISBURY,Encompass Health Rehabilitation Hospital of Salisbury
213029,ADVENTIST HEALTHCARE  REHABILITATION AT ROCKVILLE,Adventist Healthcare Rehabilitation at Rockville
213030,REHABILITATION HOSPITAL OF BOWIE,Rehabilitation Hospital of Bowie
213300,MOUNT WASHINGTON PEDIATRIC HOSPITAL,Mount Washington Pediatric Hospital
213301,KENNEDY KRIEGER INSTITUTE,Kennedy Krieger Institute
214000,"SHEPPARD AND ENOCH PRATT HOSPITAL, THE","Sheppard and Enoch Pratt Hospital, the"
214002,EASTERN SHORE HOSPITAL CENTER,Eastern Shore Hospital Center
214003,BROOK LANE HEALTH SERVICES,Brook Lane Health Services
214004,SPRINGFIELD HOSPITAL CENTER,Springfield Hospital Center
214012,THOMAS B FINAN CENTER,Thomas B. Finan Center
214018,SPRING GROVE HOSPITAL CENTER,Spring Grove Hospital Center
214020,LUMINIS HEALTH J KENT MCNEW FAMILY MEDICAL CENTER,Luminis Health J. Kent McNew Family Medical Center
214022,UM UPPER CHESAPEAKE BEHAVIORAL HEALTH PAVILION AT,UM Upper Chesapeake Behavioral Health Pavilion at
220001,HEALTH ALLIANCE - CLINTON HOSPITAL,Health Alliance - Clinton Hospital
220002,MOUNT AUBURN HOSPITAL,Mount Auburn Hospital
220008,STURDY MEMORIAL HOSPITAL,Sturdy Memorial Hospital
220010,MERRIMACK HEALTH LAWRENCE HOSPITAL,Merrimack Health Lawrence Hospital
220011,CAMBRIDGE HEALTH ALLIANCE,Cambridge Health Alliance
220012,CAPE COD HOSPITAL,Cape Cod Hospital
220015,"COOLEY DICKINSON HOSPITAL INC,THE","Cooley Dickinson Hospital Inc,the"
220016,BAYSTATE FRANKLIN MEDICAL CENTER,Baystate Franklin Medical Center
220019,UMASS MEMORIAL HEALH - HARRINGTON HOSPITAL,UMass Memorial Healh - Harrington Hospital
220020,BROWN UNIVERSITY HEALTH SAINT ANNE'S HOSPITAL,Brown University Health Saint Anne's Hospital
220024,HOLYOKE MEDICAL CENTER,Holyoke Medical Center
220029,ANNA JAQUES HOSPITAL,Anna Jaques Hospital
220030,BAYSTATE WING HOSPITAL AND MEDICAL CENTERS,Baystate Wing Hospital and Medical Centers
220031,BOSTON MEDICAL CENTER CORPORATION-,Boston Medical Center Corporation-
220033,BEVERLY HOSPITAL CORPORATION,Beverly Hospital Corporation
220035,NORTH SHORE MEDICAL CENTER -,North Shore Medical Center -
220036,BOSTON MEDICAL CENTER-BRIGHTON,Boston Medical Center-Brighton
220046,BERKSHIRE MEDICAL CENTER INC - 1,Berkshire Medical Center Inc - 1
220052,SIGNATURE HEALTHCARE BROCKTON HOSPITAL,Signature Healthcare Brockton Hospital
220060,BETH ISRAEL DEACONESS HOSPITAL - PLYMOUTH,Beth Israel Deaconess Hospital - Plymouth
220062,ADCARE HOSPITAL OF WORCESTER INC,Adcare Hospital of Worcester Inc
220063,LOWELL GENERAL HOSPITAL,Lowell General Hospital
220065,BAYSTATE NOBLE HOSPITAL,Baystate Noble Hospital
220066,MERCY MEDICAL CTR,Mercy Medical Center
220070,MELROSEWAKEFIELD HEALTHCARE,Melrosewakefield Healthcare
220071,MASSACHUSETTS GENERAL HOSPITAL,Massachusetts General Hospital
220073,BROWN UNIVERSITY HEALTH MORTON HOSPITAL,Brown University Health Morton Hospital
220074,"SOUTHCOAST HOSPITAL GROUP, INC","Southcoast Hospital Group, Inc"
220075,MASSACHUSETTS EYE AND EAR INFIRMARY -,Massachusetts Eye and Ear Infirmary -
220077,BAYSTATE MEDICAL CENTER,Baystate Medical Center
220080,MERRIMACK HEALTH METHUEN HOSPITAL,Merrimack Health Methuen Hospital
220083,BETH ISRAEL DEACONESS HOSPITAL - NEEDHAM,Beth Israel Deaconess Hospital - Needham
220084,EMERSON HOSPITAL -,Emerson Hospital -
220086,BETH ISRAEL DEACONESS MEDICAL CENTER,Beth Israel Deaconess Medical Center
220088,NEW ENGLAND BAPTIST HOSPITAL,New England Baptist Hospital
220090,UMASS MEMORIAL HEALTH-MILFORD REGIONAL MEDICAL CTR,UMass Memorial Health-Milford Regional Medical Center
220095,HEYWOOD HOSPITAL -,Heywood Hospital -
220100,SOUTH SHORE HOSPITAL,South Shore Hospital
220101,NEWTON-WELLESLEY HOSPITAL,Newton-Wellesley Hospital
220105,WINCHESTER HOSPITAL,Winchester Hospital
220108,BETH ISRAEL DEACONESS HOSPITAL-MILTON INC,Beth Israel Deaconess Hospital-Milton Inc
220110,BRIGHAM AND WOMEN'S HOSPITAL,Brigham and Women's Hospital
220111,BOSTON MEDICAL CENTER-SOUTH,Boston Medical Center-South
220116,TUFTS MEDICAL CENTER,Tufts Medical Center
220119,BRIGHAM AND WOMEN'S FAULKNER HOSPITAL,Brigham and Women's Faulkner Hospital
220135,FALMOUTH HOSPITAL,Falmouth Hospital
220162,DANA-FARBER CANCER INSTITUTE,Dana-Farber Cancer Institute
220163,UMASS MEMORIAL MEDICAL CENTER INC,UMass Memorial Medical Center Inc
220171,"LAHEY HOSPITAL & MEDICAL CENTER, BURLINGTON","Lahey Hospital & Medical Center, Burlington"
220175,METROWEST MEDICAL CENTER,Metrowest Medical Center
220176,ST VINCENT HOSPITAL,St. Vincent Hospital
220177,NANTUCKET COTTAGE HOSPITAL,Nantucket Cottage Hospital
221300,MARTHA'S VINEYARD HOSPITAL INC,Martha's Vineyard Hospital Inc
221302,FAIRVIEW HOSPITAL,Fairview Hospital
221303,ATHOL MEMORIAL HOSPITAL,Athol Memorial Hospital
221304,NORTH ADAMS REGIONAL HOSPITAL,North Adams Regional Hospital
222000,SPAULDING HOSPITAL FOR CONTINUING MED CARE-CAMB,Spaulding Hospital for Continuing Medical Care-Camb
222002,PAM HEALTH SPECIALTY HOSPITAL OF STOUGHTON,PAM Health Specialty Hospital of Stoughton
222003,TEWKSBURY HOSPITAL,Tewksbury Hospital
222006,LEMUEL SHATTUCK HOSPITAL,Lemuel Shattuck Hospital
222007,HEBREW REHABILITATION CENTER,Hebrew Rehabilitation Center
222023,WESTERN MASSACHUSETTS HOSPITAL,Western Massachusetts Hospital
222043,VIBRA HOSPITAL OF SOUTHEASTERN MASSACHUSETTS,Vibra Hospital of Southeastern Massachusetts
222046,VIBRA HOSPITAL OF WESTERN MASS - CENTRAL CAMPUS,Vibra Hospital of Western Mass - Central Campus
222047,WHITTIER REHABILITATION HOSPITAL - BRADFORD,Whittier Rehabilitation Hospital - Bradford
222048,WHITTIER REHABILITATION HOSPITAL,Whittier Rehabilitation Hospital
223026,ENCOMPASS HEALTH REHABILITATION HOSP OF NEW ENGLAN,Encompass Health Rehabilitation Hospital of New Englan
223027,ENCOMPASS HEALTH BRAINTREE HOSPITAL OF BRAINTREE,Encompass Health Braintree Hospital of Braintree
223029,"FAIRLAWN REHAB HOSP, AN AFFILIATE OF ENCOMPASS HLT","Fairlawn Rehabilitation Hospital, An Affiliate of Encompass HLT"
223030,ENCOMPASS HEALTH REHAB HOSPITAL OF WESTERN MASS,Encompass Health Rehabilitation Hospital of Western Mass
223032,SPAULDING REHABILITATION HOSPITAL - CAPE COD,Spaulding Rehabilitation Hospital - Cape Cod
223034,SPAULDING REHABILITATION HOSPITAL,Spaulding Rehabilitation Hospital
223300,FRANCISCAN HOSPITAL FOR CHILDREN,Franciscan Hospital for Children
223302,BOSTON CHILDREN'S HOSPITAL,Boston Children's Hospital
223304,"SHRINERS' HOSPITAL FOR CHILDREN - BOSTON, THE","Shriners' Hospital for Children - Boston, the"
224001,TAUNTON STATE HOSPITAL,Taunton State Hospital
224007,MCLEAN HOSPITAL CORPORATION,McLean Hospital Corporation
224013,"ARBOUR HOSPITAL, THE","Arbour Hospital, the"
224018,ARBOUR HUMAN RESOURCE INSTITUTE,Arbour Human Resource Institute
224021,ARBOUR-FULLER HOSPITAL,Arbour-Fuller Hospital
224022,BOURNEWOOD HOSPITAL,Bournewood Hospital
224023,WESTWOOD PEMBROKE HEALTH SYSTEMS,Westwood Pembroke Health Systems
224028,DR JOHN C CORRIGAN MENTAL HEALTH CENTER,Dr. John C. Corrigan Mental Health Center
224031,CAPE COD & ISLANDS COMMUNITY MENTAL HEALTH CENTER,Cape Cod & Islands Community Mental Health Center
224032,WORCESTER RECOVERY CENTER AND HOSPITAL,Worcester Recovery Center and Hospital
224038,"WALDEN BEHAVIORAL CARE, LLC","Walden Behavioral Care, LLC"
224039,WHITTIER PAVILION,Whittier Pavilion
224040,DR SOLOMON CARTER FULLER MENTAL HEALTH CENTER,Dr. Solomon Carter Fuller Mental Health Center
224041,SOUTHCOAST BEHAVIORAL HEALTH,Southcoast Behavioral Health
224043,TARAVISTA BEHAVIORAL HEALTH CENTER,Taravista Behavioral Health Center
224044,WESTBOROUGH BEHAVIORAL HEALTHCARE HOSPITAL LLC,Westborough Behavioral Healthcare Hospital LLC
224045,HOSPITAL FOR BEHAVIORAL MEDICINE,Hospital for Behavioral Medicine
224046,MIRAVISTA BEHAVIORAL HEALTH CENTER,Miravista Behavioral Health Center
224047,VALLEY SPRINGS BEHAVIORAL HEALTH HOSPITAL,Valley Springs Behavioral Health Hospital
224048,"ACADIA-TUFTS MEDICINE JV, LLC","Acadia-Tufts Medicine Jv, LLC"
230002,TRINITY HEALTH LIVONIA HOSPITAL,Trinity Health Livonia Hospital
230003,COREWELL HEALTH ZEELAND HOSPITAL,Corewell Health Zeeland Hospital
230005,PROMEDICA CHARLES AND VIRGINIA HICKMAN HOSPITAL,ProMedica Charles and Virginia Hickman Hospital
230015,THREE RIVERS HEALTH,Three Rivers Health
230017,BRONSON METHODIST HOSPITAL,Bronson Methodist Hospital
230019,HENRY FORD HEALTH PROVIDENCE SOUTHFIELD HOSPITAL,Henry Ford Health Providence Southfield Hospital
230020,COREWELL HEALTH DEARBORN HOSPITAL,Corewell Health Dearborn Hospital
230021,COREWELL HEALTH LAKELAND HOSPITALS ST JOSEPH HOSPI,Corewell Health Lakeland Hospitals St. Joseph Hospi
230022,INSIGHT HOSPITAL AND MEDICAL CENTER COLDWATER,Insight Hospital and Medical Center Coldwater
230024,SINAI-GRACE HOSPITAL,Sinai-Grace Hospital
230029,TRINITY HEALTH OAKLAND HOSPITAL,Trinity Health Oakland Hospital
230030,MYMICHIGAN MEDICAL CENTER ALMA,Mymichigan Medical Center Alma
230031,LAKE HURON MEDICAL CENTER,Lake Huron Medical Center
230035,COREWELL HEALTH UNITED HOSPITAL,Corewell Health United Hospital
230036,MYMICHIGAN MEDICAL CENTER ALPENA,Mymichigan Medical Center Alpena
230037,HILLSDALE HOSPITAL,Hillsdale Hospital
230038,COREWELL HEALTH GRAND RAPIDS HOSPITALS BUTTERWORTH,Corewell Health Grand Rapids Hospitals Butterworth
230041,MCLAREN BAY REGION,McLaren Bay Region
230046,UNIVERSITY OF MICHIGAN HEALTH,University of Michigan Health
230047,HENRY FORD HEALTH MACOMB HOSPITAL,Henry Ford Health Macomb Hospital
230053,HENRY FORD HEALTH HOSPITAL,Henry Ford Health Hospital
230054,UP HEALTH SYSTEM - MARQUETTE,UP Health System - Marquette
230058,MUNSON HEALTHCARE GRAYLING HOSPITAL,Munson Healthcare Grayling Hospital
230059,TRINITY HEALTH GRAND RAPIDS HOSPITAL,Trinity Health Grand Rapids Hospital
230066,TRINITY HEALTH MUSKEGON HOSPITAL,Trinity Health Muskegon Hospital
230069,TRINITY HEALTH LIVINGSTON HOSPITAL,Trinity Health Livingston Hospital
230070,COVENANT MEDICAL CENTER,Covenant Medical Center
230071,STRAITH HOSPITAL FOR SPECIAL SURGERY,Straith Hospital for Special Surgery
230072,HOLLAND HOSPITAL,Holland Hospital
230075,BRONSON BATTLE CREEK HOSPITAL,Bronson Battle Creek Hospital
230077,MYMICHIGAN MEDICAL CENTER SAGINAW,Mymichigan Medical Center Saginaw
230078,COREWELL HEALTH WATERVLIET HOSPITAL,Corewell Health Watervliet Hospital
230080,MCLAREN CENTRAL MICHIGAN,McLaren Central Michigan
230081,MUNSON HEALTHCARE CADILLAC HOSPITAL,Munson Healthcare Cadillac Hospital
230085,BRONSON SOUTH HAVEN HOSPITAL,Bronson South Haven Hospital
230089,COREWELL HEALTH BEAUMONT GROSSE POINTE HOSPITAL,Corewell Health Beaumont Grosse Pointe Hospital
230092,HENRY FORD HEALTH JACKSON HOSPITAL,Henry Ford Health Jackson Hospital
230093,COREWELL HEALTH BIG RAPIDS HOSPITAL,Corewell Health Big Rapids Hospital
230095,MYMICHIGAN MEDICAL CENTER WEST BRANCH,Mymichigan Medical Center West Branch
230097,MUNSON MEDICAL CENTER,Munson Medical Center
230099,PROMEDICA MONROE REGIONAL HOSPITAL,ProMedica Monroe Regional Hospital
230100,MYMICHIGAN MEDICAL CENTER TAWAS,Mymichigan Medical Center Tawas
230104,HARPER UNIVERSITY HOSPITAL,Harper University Hospital
230105,MCLAREN NORTHERN MICHIGAN,McLaren Northern Michigan
230108,UP HEALTH SYSTEM PORTAGE,UP Health System Portage
230110,COREWELL HEALTH LUDINGTON HOSPITAL,Corewell Health Ludington Hospital
230117,BEACON KALAMAZOO,Beacon Kalamazoo
230121,MEMORIAL HEALTHCARE,Memorial Healthcare
230130,COREWELL HEALTH WILLIAM BEAUMONT UNIVERSITY HOSPIT,Corewell Health William Beaumont University Hospit
230132,HURLEY MEDICAL CENTER,Hurley Medical Center
230133,MUNSON HEALTHCARE OTSEGO MEMORIAL HOSPITAL,Munson Healthcare Otsego Memorial Hospital
230141,MCLAREN FLINT,McLaren Flint
230142,COREWELL HEALTH WAYNE HOSPITAL,Corewell Health Wayne Hospital
230144,FOREST HEALTH MEDICAL CENTER,Forest Health Medical Center
230146,WYANDOTTE HOSPITAL AND MEDICAL CENTER,Wyandotte Hospital and Medical Center
230151,COREWELL HEALTH FARMINGTON HILLS HOSPITAL,Corewell Health Farmington Hills Hospital
230156,TRINITY HEALTH ANN ARBOR HOSPITAL,Trinity Health Ann Arbor Hospital
230165,HENRY FORD HEALTH -ST JOHN HOSPITAL,Henry Ford Health -St. John Hospital
230167,MCLAREN GREATER LANSING,McLaren Greater Lansing
230174,TRINITY HEALTH GRAND HAVEN HOSPITAL,Trinity Health Grand Haven Hospital
230176,COREWELL HEALTH TRENTON HOSPITAL,Corewell Health Trenton Hospital
230180,MYMICHIGAN MEDICAL CENTER CLARE,Mymichigan Medical Center Clare
230193,MCLAREN LAPEER REGION,McLaren Lapeer Region
230195,HENRY FORD HEALTH WARREN HOSPITAL,Henry Ford Health Warren Hospital
230197,HENRY FORD GENESYS HOSPITAL,Henry Ford Genesys Hospital
230207,MCLAREN OAKLAND,McLaren Oakland
230208,UNIVERSITY OF MICHIGAN HEALTH-SPARROW CARSON,University of Michigan Health-Sparrow Carson
230216,MCLAREN PORT HURON,McLaren Port Huron
230217,OAKLAWN HOSPITAL,Oaklawn Hospital
230222,MYMICHIGAN MEDICAL CENTER MIDLAND,Mymichigan Medical Center Midland
230227,MCLAREN MACOMB,McLaren Macomb
230230,UNIVERSITY OF MICHIGAN HEALTH-SPARROW LANSING,University of Michigan Health-Sparrow Lansing
230236,UNIVERSITY OF MICHIGAN HEALTH - WEST,University of Michigan Health - West
230239,MYMICHIGAN MEDICAL CENTER SAULT,Mymichigan Medical Center Sault
230241,HENRY FORD HEALTH RIVER DISTRICT HOSPITAL,Henry Ford Health River District Hospital
230244,GARDEN CITY HOSPITAL,Garden City Hospital
230254,HENRY FORD ROCHESTER HOSPITAL,Henry Ford Rochester Hospital
230259,CHELSEA HOSPITAL,Chelsea Hospital
230264,INSIGHT SURGICAL HOSPITAL,Insight Surgical Hospital
230269,COREWELL HEALTH BEAUMONT TROY HOSPITAL,Corewell Health Beaumont Troy Hospital
230270,COREWELL HEALTH TAYLOR HOSPITAL,Corewell Health Taylor Hospital
230273,DETROIT RECEIVING HOSPITAL & UNIV HEALTH CENTER,Detroit Receiving Hospital & University Health Center
230275,HEALTHSOURCE SAGINAW,Healthsource Saginaw
230277,HURON VALLEY-SINAI HOSPITAL,Huron Valley-Sinai Hospital
230279,HENRY FORD HEALTH BRIGHTON CENTER FOR RECOVERY,Henry Ford Health Brighton Center for Recovery
230297,KARMANOS CANCER CENTER,Karmanos Cancer Center
230301,SURGEONS CHOICE MEDICAL CENTER,Surgeons Choice Medical Center
230302,HENRY FORD HEALTH WEST BLOOMFIELD HOSPITAL,Henry Ford Health West Bloomfield Hospital
230303,MUNSON HEALTHCARE MANISTEE HOSPITAL,Munson Healthcare Manistee Hospital
230779,STURGIS HOSPITAL,Sturgis Hospital
231300,PAUL OLIVER MEMORIAL HOSPITAL,Paul Oliver Memorial Hospital
231301,KALKASKA MEMORIAL HEALTH CENTER,Kalkaska Memorial Health Center
231303,SCHOOLCRAFT MEMORIAL HOSPITAL,Schoolcraft Memorial Hospital
231304,HELEN NEWBERRY JOY HOSPITAL,Helen Newberry Joy Hospital
231305,MYMICHIGAN MEDICAL CENTER STANDISH,Mymichigan Medical Center Standish
231306,MACKINAC STRAITS HOSPITAL AND HEALTH CENTER,Mackinac Straits Hospital and Health Center
231307,BARAGA COUNTY MEMORIAL HOSPITAL,Baraga County Memorial Hospital
231308,MUNISING MEMORIAL HOSPITAL,Munising Memorial Hospital
231310,SCHEURER HEALTH - PIGEON,Scheurer Health - Pigeon
231311,DECKERVILLE COMMUNITY HOSPITAL,Deckerville Community Hospital
231312,SHERIDAN COMMUNITY HOSPITAL,Sheridan Community Hospital
231313,HARBOR BEACH COMMUNITY HOSPITAL,Harbor Beach Community Hospital
231314,MCKENZIE HEALTH SYSTEM,McKenzie Health System
231315,BEACON DOWAGIAC,Beacon Dowagiac
231316,HILLS & DALES GENERAL HOSPITAL,Hills & Dales General Hospital
231318,"ASPIRUS IRON RIVER HOSPITAL & CLINICS, INC","Aspirus Iron River Hospital & Clinics, Inc"
231319,ASPIRUS KEWEENAW HOSPITAL,Aspirus Keweenaw Hospital
231320,TRINITY HEALTH SHELBY HOSPITAL,Trinity Health Shelby Hospital
231321,BELL HOSPITAL,Bell Hospital
231322,MUNSON HEALTHCARE CHARLEVOIX HOSPITAL,Munson Healthcare Charlevoix Hospital
231323,COREWELL HEALTH REED CITY HOSPITAL,Corewell Health Reed City Hospital
231324,EATON RAPIDS MEDICAL CENTER,Eaton Rapids Medical Center
231325,MYMICHIGAN MEDICAL CENTER GLADWIN,Mymichigan Medical Center Gladwin
231326,UNIVERSITY OF MICHIGAN HEALTH- SPARROW CLINTON,University of Michigan Health- Sparrow Clinton
231327,UNIVERSITY OF MICHIGAN HEALTH - SPARROW EATON,University of Michigan Health - Sparrow Eaton
231328,BEACON ALLEGAN,Beacon Allegan
231329,MCLAREN CARO REGION,McLaren Caro Region
231330,MARLETTE REGIONAL HOSPITAL,Marlette Regional Hospital
231331,UNIVERSITY OF MICHIGAN HEALTH-SPARROW IONIA,University of Michigan Health-Sparrow Ionia
231332,BRONSON LAKEVIEW HOSPITAL,Bronson Lakeview Hospital
231333,ASPIRUS IRONWOOD HOSPITAL,Aspirus Ironwood Hospital
231337,OSF SAINT FRANCIS HOSPITAL,OSF Saint Francis Hospital
231338,COREWELL HEALTH GERBER HOSPITAL,Corewell Health Gerber Hospital
231339,COREWELL HEALTH PENNOCK HOSPITAL,Corewell Health Pennock Hospital
231340,MCLAREN THUMB REGION,McLaren Thumb Region
231341,BRONSON SOUTH HAVEN HOSPITAL,Bronson South Haven Hospital
231342,MARSHFIELD MEDICAL CENTER,Marshfield Medical Center
232012,SELECT SPECIALTY HOSPITAL-FLINT,Select Specialty Hospital-Flint
232019,VIBRA HOSPITAL OF SOUTHEASTERN MI-TAYLOR CAMPUS,Vibra Hospital of Southeastern MI-Taylor Campus
232023,SELECT SPECIALTY HOSPITAL-MACOMB COUNTY,Select Specialty Hospital-Macomb County
232024,SELECT SPECIALTY HOSPITAL-ANN ARBOR,Select Specialty Hospital-Ann Arbor
232029,SELECT SPECIALTY HOSPITAL - COREWELL HEALTH GR,Select Specialty Hospital - Corewell Health Gr
232031,"SELECT SPECIALTY HOSPITAL-WYANDOTTE, LLC","Select Specialty Hospital-Wyandotte, LLC"
232033,SELECT SPECIALTY HOSPITAL-SAGINAW,Select Specialty Hospital-Saginaw
232034,BEACON PLAINWELL,Beacon Plainwell
232035,SELECT SPECIALTY HOSPITAL- BATTLE CREEK,Select Specialty Hospital- Battle Creek
232037,UNIVERSITY OF MICHIGAN HEALTH-SPARROW SPECIALTY HO,University of Michigan Health-Sparrow Specialty Ho
232039,PIONEER SPECIALTY HOSPITAL,Pioneer Specialty Hospital
233026,MARY FREE BED REHABILITATION HOSPITAL,Mary Free Bed Rehabilitation Hospital
233027,REHABILITATION INSTITUTE OF MICHIGAN,Rehabilitation Institute of Michigan
233300,CHILDREN'S HOSPITAL OF MICHIGAN,Children's Hospital of Michigan
234006,PINE REST CHRISTIAN MENTAL HEALTH SERVICES,Pine Rest Christian Mental Health Services
234011,HENRY FORD HEALTH BEHAVIORAL HEALTH HOSPITAL,Henry Ford Health Behavioral Health Hospital
234021,HARBOR OAKS HOSPITAL,Harbor Oaks Hospital
234023,HAVENWYCK HOSPITAL,Havenwyck Hospital
234025,CARO PSYCHIATRIC HOSPITAL,Caro Psychiatric Hospital
234026,KALAMAZOO REGIONAL PSYCHIATRIC HOSPITAL,Kalamazoo Regional Psychiatric Hospital
234030,FOREST VIEW PSYCHIATRIC HOSPITAL,Forest View Psychiatric Hospital
234035,WALTER P REUTHER PSYCHIATRIC HOSPITAL,Walter P. Reuther Psychiatric Hospital
234038,STONECREST CENTER,Stonecrest Center
234040,SAMARITAN BEHAVIORAL CENTER,Samaritan Behavioral Center
234041,THE CENTER FOR FORENSIC PSYCHIATRY,The Center for Forensic Psychiatry
234042,THE BEHAVIORAL CENTER OF MICHIGAN,The Behavioral Center of Michigan
234043,CEDAR CREEK HOSPITAL,Cedar Creek Hospital
234044,BRIGHTWELL BEHAVIORAL HEALTH,Brightwell Behavioral Health
234045,METROPOLITAN BEHAVIORAL HEALTH,Metropolitan Behavioral Health
234046,BRONSON BEHAVIORAL HEALTH HOSPITAL,Bronson Behavioral Health Hospital
234047,KALAMAZOO BEHAVIORAL HEALTH HOSPITAL,Kalamazoo Behavioral Health Hospital
234048,PONTIAC GENERAL HOSPITAL,Pontiac General Hospital
234049,TRILLIUM BEHAVIORAL HEALTH,Trillium Behavioral Health
234052,SOUTHRIDGE BEHAVIORAL HOSPITAL,Southridge Behavioral Hospital
240001,NORTH MEMORIAL HEALTH - ROBBINSDALE HOSPITAL,North Memorial Health - Robbinsdale Hospital
240002,ESSENTIA HEALTH ST MARY'S MEDICAL CENTER,Essentia Health St. Mary's Medical Center
240004,HENNEPIN COUNTY MEDICAL CENTER,Hennepin County Medical Center
240006,OLMSTED MEDICAL CENTER,Olmsted Medical Center
240010,MAYO CLINIC HOSPITAL ROCHESTER,Mayo Clinic Hospital Rochester
240014,NORTHFIELD CITY HOSPITAL,Northfield City Hospital
240018,MAYO CLINIC HEALTH SYSTEM - RED WING,Mayo Clinic Health System - Red Wing
240019,ESSENTIA HEALTH DULUTH,Essentia Health Duluth
240020,CAMBRIDGE MEDICAL CENTER,Cambridge Medical Center
240022,SANFORD WORTHINGTON MEDICAL CENTER,Sanford Worthington Medical Center
240030,ALOMERE HEALTH,Alomere Health
240036,CENTRACARE - ST. CLOUD HOSPITAL,Centracare - St. Cloud Hospital
240038,UNITED HOSPITAL,United Hospital
240040,RANGE REGIONAL HEALTH SERVICES,Range Regional Health Services
240043,MAYO CLINIC HEALTH SYSTEM ALBERT LEA AND AUSTIN,Mayo Clinic Health System Albert Lea and Austin
240044,WINONA HEALTH SERVICES,Winona Health Services
240047,ASPIRUS ST LUKES HOSPITAL,Aspirus St. Lukes Hospital
240050,M HEALTH FAIRVIEW LAKES MEDICAL CENTER,M Health Fairview Lakes Medical Center
240053,PARK NICOLLET METHODIST HOSPITAL,Park Nicollet Methodist Hospital
240056,RIDGEVIEW MEDICAL CENTER,Ridgeview Medical Center
240057,ABBOTT NORTHWESTERN HOSPITAL,Abbott Northwestern Hospital
240064,GRAND ITASCA CLINIC AND HOSPITAL,Grand Itasca Clinic and Hospital
240066,LAKEVIEW MEMORIAL HOSPITAL,Lakeview Memorial Hospital
240069,OWATONNA HOSPITAL,Owatonna Hospital
240071,ALLINA HEALTH FARIBAULT MEDICAL CENTER,Allina Health Faribault Medical Center
240075,ESSENTIA HEALTH ST JOSEPH'S MEDICAL CENTER,Essentia Health St. Joseph's Medical Center
240076,BUFFALO HOSPITAL,Buffalo Hospital
240078,M HEALTH FAIRVIEW SOUTHDALE HOSPITAL,M Health Fairview Southdale Hospital
240080,FAIRVIEW HOSPITAL UNIVERSITY,Fairview Hospital University
240084,ESSENTIA HEALTH VIRGINIA,Essentia Health Virginia
240088,CENTRACARE- RICE MEMORIAL HOSPITAL,Centracare- Rice Memorial Hospital
240093,MAYO CLINIC HEALTH SYSTEM - MANKATO,Mayo Clinic Health System - Mankato
240100,SANFORD BEMIDJI MEDICAL CENTER,Sanford Bemidji Medical Center
240101,ESSENTIA HEALTH ST MARYS - DETROIT LAKES,Essentia Health St. Marys - Detroit Lakes
240104,ST FRANCIS REGIONAL MEDICAL CENTER,St. Francis Regional Medical Center
240106,REGIONS HOSPITAL,Regions Hospital
240115,MERCY HOSPITAL,Mercy Hospital
240141,M HEALTH FAIRVIEW NORTHLAND MEDICAL CENTER,M Health Fairview Northland Medical Center
240166,MAYO CLINIC HEALTH SYSTEM - FAIRMONT,Mayo Clinic Health System - Fairmont
240187,HUTCHINSON HEALTH,Hutchinson Health
240207,M HEALTH FAIRVIEW RIDGES HOSPITAL,M Health Fairview Ridges Hospital
240210,M HEALTH FAIRVIEW ST JOHN'S HOSPITAL,M Health Fairview St. John's Hospital
240213,M HEALTH FAIRVIEW WOODWINDS HOSPITAL,M Health Fairview Woodwinds Hospital
240214,MAPLE GROVE HOSPITAL,Maple Grove Hospital
240779,MAHNOMEN HEALTH CENTER,Mahnomen Health Center
241301,LAKEWOOD HEALTH CENTER,Lakewood Health Center
241302,SANFORD WESTBROOK MEDICAL CENTER,Sanford Westbrook Medical Center
241303,SANFORD TRACY MEDICAL CENTER,Sanford Tracy Medical Center
241304,SANFORD WHEATON MEDICAL CENTER,Sanford Wheaton Medical Center
241305,RIVERWOOD HEALTHCARE CENTER,Riverwood Healthcare Center
241306,OLIVIA HOSPITAL & CLINIC,Olivia Hospital & Clinic
241308,ASPIRUS LAKE VIEW HOSPITAL,Aspirus Lake View Hospital
241309,ESSENTIA HEALTH SANDSTONE,Essentia Health Sandstone
241311,RIDGEVIEW SIBLEY MEDICAL CENTER,Ridgeview Sibley Medical Center
241312,COOK COMMUNITY HOSPITAL,Cook Community Hospital
241313,ESSENTIA HEALTH ADA,Essentia Health Ada
241314,JOHNSON MEMORIAL HOSPITAL AND HOME,Johnson Memorial Hospital and Home
241315,SANFORD JACKSON MEDICAL CENTER,Sanford Jackson Medical Center
241316,BIGFORK VALLEY HOSPITAL,Bigfork Valley Hospital
241317,NORTH SHORE HEALTH,North Shore Health
241318,ELY - BLOOMENSON COMMUNITY HOSPITAL,Ely - Bloomenson Community Hospital
241319,MURRAY COUNTY MEMORIAL HOSPITAL,Murray County Memorial Hospital
241320,RIVERVIEW HOSPITAL,Riverview Hospital
241321,ESSENTIA HEALTH HOLY TRINITY HOSPITAL,Essentia Health Holy Trinity Hospital
241322,RAINY LAKE MEDICAL CENTER,Rainy Lake Medical Center
241323,MADELIA HEALTH,Madelia Health
241325,CCM HEALTH,CCM Health
241326,CENTRACARE - LONG PRAIRIE HOSPITAL,Centracare - Long Prairie Hospital
241327,SLEEPY EYE MEDICAL CENTER,Sleepy Eye Medical Center
241328,SANFORD BAGLEY MEDICAL CENTER,Sanford Bagley Medical Center
241329,LAKEWOOD HEALTH SYSTEM,Lakewood Health System
241330,CENTRACARE - MELROSE HOSPITAL,Centracare - Melrose Hospital
241332,WINDOM AREA HEALTH,Windom Area Health
241333,MAYO CLINIC HEALTH SYSTEM ST. JAMES,Mayo Clinic Health System St. James
241334,RIVER'S EDGE HOSPITAL & CLINIC,River's Edge Hospital & Clinic
241335,GUNDERSEN ST ELIZABETH'S HOSPITAL AND CLINICS,Gundersen St. Elizabeth's Hospital and Clinics
241336,KITTSON HEALTHCARE,Kittson Healthcare
241337,NORTH VALLEY HEALTH CENTER,North Valley Health Center
241338,MAYO CLINIC HEALTH SYSTEM - LAKE CITY,Mayo Clinic Health System - Lake City
241339,HENDRICKS COMMUNITY HOSPITAL,Hendricks Community Hospital
241340,ESSENTIA HEALTH NORTHERN PINES MEDICAL CENTER,Essentia Health Northern Pines Medical Center
241341,APPLETON AREA HEALTH,Appleton Area Health
241342,ORTONVILLE MUNICIPAL HOSPITAL,Ortonville Municipal Hospital
241343,AVERA GRANITE FALLS,Avera Granite Falls
241344,LIFECARE MEDICAL CENTER,Lifecare Medical Center
241345,MAYO CLINIC HEALTH SYSTEM-WASECA,Mayo Clinic Health System-Waseca
241346,MAYO CLINIC HEALTH SYSTEM-CANNON FALLS,Mayo Clinic Health System-Cannon Falls
241347,SANFORD CANBY MEDICAL CENTER,Sanford Canby Medical Center
241348,AVERA TYLER HOSPITAL,Avera Tyler Hospital
241349,CENTRACARE - PAYNESVILLE HOSPITAL,Centracare - Paynesville Hospital
241350,ESSENTIA HEALTH MOOSE LAKE,Essentia Health Moose Lake
241351,CENTRACARE - REDWOOD,Centracare - Redwood
241353,CUYUNA REGIONAL MEDICAL CENTER,Cuyuna Regional Medical Center
241354,ASTERA HEALTH,Astera Health
241355,GLENCOE REGIONAL HEALTH,Glencoe Regional Health
241356,MILLE LACS HEALTH SYSTEM,Mille LACS Health System
241357,ESSENTIA HEALTH FOSSTON,Essentia Health Fosston
241359,AVERA MARSHALL REGIONAL MEDICAL CENTER,Avera Marshall Regional Medical Center
241360,DEER RIVER HEALTHCARE CENTER,Deer River Healthcare Center
241361,MAYO CLINIC HEALTH SYSTEM NEW PRAGUE,Mayo Clinic Health System New Prague
241362,CENTRACARE - MONTICELLO HOSPITAL,Centracare - Monticello Hospital
241363,STEVENS COMMUNITY MEDICAL CENTER INC,Stevens Community Medical Center Inc
241364,COMMUNITY MEMORIAL HOSPITAL,Community Memorial Hospital
241365,CENTRACARE - BENSON,Centracare - Benson
241366,MEEKER MEMORIAL HOSPITAL,Meeker Memorial Hospital
241367,WELIA HEALTH,Welia Health
241368,CENTRACARE-SAUK CENTRE HOSPITAL,Centracare-Sauk Centre Hospital
241369,UNITED HOSPITAL DISTRICT,United Hospital District
241370,ST GABRIELS HOSPITAL,St. Gabriels Hospital
241371,SANFORD LUVERNE MEDICAL CENTER,Sanford Luverne Medical Center
241372,MADISON HOSPITAL,Madison Hospital
241373,PERHAM HEALTH,Perham Health
241374,PIPESTONE COUNTY  MEDICAL CENTER,Pipestone County Medical Center
241375,RIDGEVIEW LESUEUR MEDICAL CENTER,Ridgeview Lesueur Medical Center
241376,GLACIAL RIDGE HOSPITAL,Glacial Ridge Hospital
241377,ST FRANCIS MEDICAL CENTER,St. Francis Medical Center
241378,NEW ULM MEDICAL CENTER,New ULM Medical Center
241379,LAKE REGION HEALTHCARE CORPORATION,Lake Region Healthcare Corporation
241380,ST JOSEPHS AREA  HEALTH SERVICES,St. Josephs Area Health Services
241381,SANFORD MEDICAL CENTER THIEF RIVER FALLS,Sanford Medical Center Thief River Falls
242004,M HEALTH FAIRVIEW BETHESDA HOSPITAL,M Health Fairview Bethesda Hospital
242005,REGENCY HOSPITAL OF MINNEAPOLIS LLC,Regency Hospital of Minneapolis LLC
243300,GILLETTE CHILDRENS SPECIALTY HEALTHCARE,Gillette Childrens Specialty Healthcare
243302,CHILDREN'S HOSPITAL AND CLINICS OF MINNESOTA,Children's Hospital and Clinics of Minnesota
244002,ANOKA METRO REGIONAL TREATMENT CENTER,Anoka Metro Regional Treatment Center
244005,CHILD AND ADOLESCENT BEHAVIORAL HEALTH HOSPITAL,Child and Adolescent Behavioral Health Hospital
244011,COMMUNITY BEHAVIORAL HEALTH HOSPITAL ANNANDALE,Community Behavioral Health Hospital Annandale
244012,COMMUNITY BEHAVIORAL HEALTH HOSPITAL ALEXANDRIA,Community Behavioral Health Hospital Alexandria
244013,COMMUNITY BEHAVIORAL HEALTH HOSPITAL FERGUS FALLS,Community Behavioral Health Hospital Fergus Falls
244014,COMMUNITY BEHAVIORAL HEALTH HOSPITAL - BEMIDJI,Community Behavioral Health Hospital - Bemidji
244015,COMMUNITY BEHAVIORAL HEALTH HOSPITAL - BAXTER,Community Behavioral Health Hospital - Baxter
244016,PRAIRIECARE,Prairiecare
244017,COMMUNITY BEHAVIORAL HEALTH HOSPITAL ROCHESTER,Community Behavioral Health Hospital Rochester
244018,SANFORD BEHAVIORAL HEALTH CENTER,Sanford Behavioral Health Center
244019,CAPITOL PARK MENTAL HEALTH HOSPITAL,Capitol Park Mental Health Hospital
250001,UNIVERSITY OF MISSISSIPPI MED CENTER,University of Mississippi Medical Center
250002,TISHOMINGO HEALTH SERVICES INC,Tishomingo Health Services Inc
250004,NORTH MISSISSIPPI MEDICAL CENTER,North Mississippi Medical Center
250006,BAPTIST MEMORIAL HOSPITAL UNION COUNTY,Baptist Memorial Hospital Union County
250009,MAGNOLIA REGIONAL HEALTH CENTER,Magnolia Regional Health Center
250018,JASPER GENERAL HOSPITAL,Jasper General Hospital
250019,MEMORIAL HOSPITAL AT GULFPORT,Memorial Hospital at Gulfport
250020,WEBSTER GENERAL HOSPITAL/ SWING BED,Webster General Hospital/ Swing Bed
250025,NORTH MISSISSIPPI MEDICAL CENTER-GILMORE AMORY,North Mississippi Medical Center-Gilmore Amory
250027,WINSTON MEDICAL CENTER & SWINGBED,Winston Medical Center & Swingbed
250031,MERIT HEALTH RIVER REGION,Merit Health River Region
250034,BAPTIST MEMORIAL HOSPITAL NORTH MS,Baptist Memorial Hospital North Ms
250036,GEORGE REGIONAL HEALTH SYSTEM,George Regional Health System
250038,UMMC- MADISON,UMMC- Madison
250040,SINGING RIVER HEALTH SYSTEM,Singing River Health System
250042,NORTHWEST MISSISSISSIPPI REGIONAL MEDICAL CENTER,Northwest Missississippi Regional Medical Center
250044,BAPTIST MEMORIAL HOSPITAL BOONEVILLE,Baptist Memorial Hospital Booneville
250048,FMOL HEALTH I ST DOMINIC,FMOL Health I. St. Dominic
250049,BEACHAM MEMORIAL HOSPITAL,Beacham Memorial Hospital
250050,BAPTIST MEMORIAL HOSPITAL-OKTIBBEHA COUNTY,Baptist Memorial Hospital-Oktibbeha County
250057,KING'S DAUGHTERS MEDICAL CENTER-BROOKHAVEN,King's Daughters Medical Center-Brookhaven
250058,SOUTH CENTRAL REG MED CTR,South Central Regional Medical Center
250061,YALOBUSHA GENERAL HOSPITAL,Yalobusha General Hospital
250067,NORTH MISSISSIPPI MEDICAL CENTER-WEST POINT,North Mississippi Medical Center-West Point
250069,OCHSNER RUSH HOSPITAL,Ochsner Rush Hospital
250072,MERIT HEALTH CENTRAL,Merit Health Central
250077,WAYNE GENERAL HOSPITAL,Wayne General Hospital
250078,FORREST GENERAL HOSPITAL,Forrest General Hospital
250081,ANDERSON RMC SOUTH,Anderson RMC South
250082,DELTA HEALTH SYSTEM - THE MEDICAL CENTER,Delta Health System - The Medical Center
250084,MERIT HEALTH NATCHEZ,Merit Health Natchez
250085,MARION GENERAL HOSPITAL,Marion General Hospital
250093,BOLIVAR MEDICAL CENTER,Bolivar Medical Center
250094,MERIT HEALTH WESLEY,Merit Health Wesley
250095,SOUTH SUNFLOWER COUNTY HOSPITAL,South Sunflower County Hospital
250096,MERIT HEALTH RANKIN,Merit Health Rankin
250097,SOUTHWEST MS REGIONAL MEDICAL CENTER,Southwest Ms Regional Medical Center
250099,GREENWOOD LEFLORE HOSPITAL,Greenwood Leflore Hospital
250100,BMH-GOLDEN TRIANGLE,BMH-Golden Triangle
250102,MISSISSIPPI BAPTIST MEDICAL CENTER,Mississippi Baptist Medical Center
250104,ANDERSON REGIONAL MEDICAL CENTER,Anderson Regional Medical Center
250117,HIGHLAND COMMUNITY  HOSPITAL,Highland Community Hospital
250123,SINGING RIVER GULFPORT,Singing River Gulfport
250124,MAGEE GENERAL HOSPITAL,Magee General Hospital
250134,WHITFIELD MEDICAL SURGICAL HOSPITAL,Whitfield Medical Surgical Hospital
250136,MERIT HEALTH WOMEN'S HOSPITAL,Merit Health Women's Hospital
250138,MERIT HEALTH RIVER OAKS,Merit Health River Oaks
250141,BAPTIST MEMORIAL HOSPITAL DESOTO,Baptist Memorial Hospital DeSoto
250151,ALLIANCE HEALTH CENTER ( PSYCH ),Alliance Health Center ( Psych )
250152,MISSISSIPPI METHODIST REHAB CTR,Mississippi Methodist Rehabilitation Center
250162,OCHSNER MEDICAL CENTER-HANCOCK,Ochsner Medical Center-Hancock
250167,METHODIST HEALTHCARE - OLIVE BRANCH HOSPITAL,Methodist Healthcare - Olive Branch Hospital
250168,UNIVERSITY OF MISSISSIPPI MEDICAL CENTER- GRENADA,University of Mississippi Medical Center- Grenada
250172,HIGHLAND HILLS MEDICAL CENTER,Highland Hills Medical Center
250174,"ALLIANCE HEALTHCARE SYSTEM, INC","Alliance Healthcare System, Inc"
250780,JEFFERSON COUNTY HOSPITAL,Jefferson County Hospital
250781,PANOLA MEDICAL CENTER,Panola Medical Center
250782,GREENE COUNTY HOSPITAL,Greene County Hospital
250783,PERRY COUNTY GENERAL HOSPITAL,Perry County General Hospital
250784,SHARKEY ISSAQUENA COMMUNITY HOSPITAL,Sharkey Issaquena Community Hospital
250785,PROGRESSIVE HEALTH GROUP OF HOUSTON,Progressive Health Group of Houston
250786,SMITH COUNTY  EMERGENCY HOSPITAL,Smith County Emergency Hospital
251300,S E LACKEY MEMORIAL HOSPITAL,S. E. Lackey Memorial Hospital
251302,MONROE REGIONAL HOSPITAL,Monroe Regional Hospital
251304,TALLAHATCHIE GENERAL HOSPITAL-CAH,Tallahatchie General Hospital-CAH
251305,LAWRENCE COUNTY HOSPITAL CAH,Lawrence County Hospital CAH
251307,NOXUBEE GENERAL CRITICAL ACCESS HOSP,Noxubee General Critical Access Hospital
251308,PONTOTOC HEALTH SERVICE CAH,Pontotoc Health Service CAH
251309,FIELD HEALTH SYSTEM,Field Health System
251312,TYLER HOLMES MEMORIAL HOSPITAL CAH,Tyler Holmes Memorial Hospital CAH
251313,BAPTIST MEDICAL CENTER-YAZOO,Baptist Medical Center-Yazoo
251315,BAPTIST MEDICAL CENTER-LEAKE,Baptist Medical Center-Leake
251316,OCHSNER WATKINS HOSPITAL,Ochsner Watkins Hospital
251317,SIMPSON GENERAL HOSPITAL CAH,Simpson General Hospital CAH
251318,NORTH SUNFLOWER MEDICAL CENTER CAH,North Sunflower Medical Center CAH
251319,HOLMES COUNTY HOSPITAL AND CLINICS,Holmes County Hospital and Clinics
251320,CLAIBORNE COUNTY HOSPITAL,Claiborne County Hospital
251322,OCHSNER LAIRD HOSPITAL,Ochsner Laird Hospital
251323,OCHSNER SCOTT REGIONAL,Ochsner Scott Regional
251324,WALTHALL COUNTY GENERAL HOSPITAL CAH,Walthall County General Hospital CAH
251325,COVINGTON COUNTY HOSPITAL CAH,Covington County Hospital CAH
251326,JEFFERSON DAVIS COMMUNITY HOSPITAL CAH,Jefferson Davis Community Hospital CAH
251327,COPIAH COUNTY MEDICAL CENTER,Copiah County Medical Center
251330,FRANKLIN COUNTY MEMORIAL HOSPITAL,Franklin County Memorial Hospital
251331,BMH-CALHOUN,BMH-Calhoun
251333,PEARL RIVER COUNTY HOSPITAL,Pearl River County Hospital
251334,CHOCTAW REGIONAL MEDICAL CENTER,Choctaw Regional Medical Center
251335,OCHSNER STENNIS MEMORIAL HOSPITAL,Ochsner Stennis Memorial Hospital
251336,BAPTIST MEDICAL CENTER-ATTALA,Baptist Medical Center-Attala
251337,TIPPAH COUNTY HOSPITAL,Tippah County Hospital
251339,QUITMAN COMMUNITY HOSPITAL,Quitman Community Hospital
251340,NESHOBA COUNTY GENERAL HOSPITAL,Neshoba County General Hospital
252003,SELECT SPECIALTY HOSPITAL - BELHAVEN,Select Specialty Hospital - Belhaven
252004,OCHSNER SPECIALTY HOSPITAL,Ochsner Specialty Hospital
252005,"SELECT SPECIALTY HOSPITAL-GULF COAST, INC","Select Specialty Hospital-Gulf Coast, Inc"
252006,REGENCY HOSPITAL OF MERIDIAN,Regency Hospital of Meridian
252007,SELECT SPECIALTY HOSPITAL JACKSON,Select Specialty Hospital Jackson
252013,ALLEGIANCE SPECIALTY HOSPITAL OF GREENVILLE,Allegiance Specialty Hospital of Greenville
252014,NORTH MISSISSIPPI SPECIALTY HOSPITAL,North Mississippi Specialty Hospital
253027,"ENCOMPASS HEALTH REHABILITATION HOSPITAL, PARTNER","Encompass Health Rehabilitation Hospital, Partner"
253028,BAPTIST MEMORIAL REHABILITATION HOSPITAL-MADISON,Baptist Memorial Rehabilitation Hospital-Madison
254005,PARKWOOD BEHAVIORAL HEALTH SYSTEM,Parkwood Behavioral Health System
254007,BRENTWOOD BEHAVIORAL HEALTHCARE OF MS,Brentwood Behavioral Healthcare of Ms
254008,SOUTH MISSISSIPPI STATE HOSPITAL,South Mississippi State Hospital
254009,NORTH MISSISSIPPI STATE HOSPITAL,North Mississippi State Hospital
254010,MS STATE HOSPITAL-WHITFIELD,Ms State Hospital-Whitfield
254011,GULFPORT BEHAVIORAL HEALTH  SYSTEM,Gulfport Behavioral Health System
254012,OCEANS BEHAVIORAL HOSPITAL- BILOXI,Oceans Behavioral Hospital- Biloxi
254013,OCEANS BEHAVIORAL HOSPITAL OF TUPELO,Oceans Behavioral Hospital of Tupelo
254014,OCEANS BEHAVIORAL HOSPITAL OF JACKSON,Oceans Behavioral Hospital of Jackson
260001,MERCY HOSPITAL JOPLIN,Mercy Hospital Joplin
260005,SSM HEALTH ST JOSEPH HOSPITAL-ST CHARLES,SSM Health St. Joseph Hospital-St. Charles
260006,MOSAIC LIFE CARE AT ST JOSEPH,Mosaic Life Care at St. Joseph
260009,BOTHWELL REGIONAL HEALTH CENTER,Bothwell Regional Health Center
260011,SSM HEALTH ST. MARY'S HOSPITAL - JEFFERSON CITY,SSM Health St. Mary's Hospital - Jefferson City
260017,PHELPS HEALTH,Phelps Health
260020,MERCY HOSPITAL ST LOUIS,Mercy Hospital St. Louis
260022,NORTHEAST REGIONAL MEDICAL CENTER,Northeast Regional Medical Center
260023,MERCY HOSPITAL JEFFERSON,Mercy Hospital Jefferson
260024,TEXAS COUNTY MEMORIAL HOSPITAL,Texas County Memorial Hospital
260025,HANNIBAL REGIONAL HOSPITAL,Hannibal Regional Hospital
260027,RESEARCH MEDICAL CENTER,Research Medical Center
260032,BARNES JEWISH HOSPITAL,Barnes Jewish Hospital
260034,BATES COUNTY MEMORIAL HOSPITAL,Bates County Memorial Hospital
260040,COX MEDICAL CENTERS,Cox Medical Centers
260048,UNIVERSITY HEALTH TRUMAN MEDICAL CENTER,University Health Truman Medical Center
260052,MERCY HOSPITAL WASHINGTON,Mercy Hospital Washington
260057,CAMERON REGIONAL MEDICAL CENTER,Cameron Regional Medical Center
260059,MERCY HOSPITAL LEBANON,Mercy Hospital Lebanon
260061,NEVADA REGIONAL MEDICAL CENTER,Nevada Regional Medical Center
260062,SAINT LUKES NORTH HOSPITAL,Saint Lukes North Hospital
260065,MERCY HOSPITAL SPRINGFIELD,Mercy Hospital Springfield
260068,BOONE HOSPITAL CENTER,Boone Hospital Center
260074,MOBERLY REGIONAL MEDICAL CENTER,Moberly Regional Medical Center
260077,MERCY HOSPITAL SOUTH,Mercy Hospital South
260078,OZARKS HEALTHCARE,Ozarks Healthcare
260081,SSM HEALTH ST CLARE HOSPITAL - FENTON,SSM Health St. Clare Hospital - Fenton
260085,ST JOSEPH MEDICAL CENTER,St. Joseph Medical Center
260091,SSM HEALTH ST MARY'S HOSPITAL - ST LOUIS,SSM Health St. Mary's Hospital - St. Louis
260094,COX MEDICAL CENTER BRANSON,Cox Medical Center Branson
260095,CENTERPOINT MEDICAL CENTER,Centerpoint Medical Center
260096,NKC HEALTH,Nkc Health
260097,WESTERN MISSOURI MEDICAL CENTER,Western Missouri Medical Center
260102,UNIVERSITY HEALTH LAKEWOOD MEDICAL CENTER,University Health Lakewood Medical Center
260104,SSM HEALTH DEPAUL HOSPITAL ST LOUIS,SSM Health DePaul Hospital St. Louis
260105,SSM HEALTH SAINT LOUIS UNIVERSITY HOSPITAL,SSM Health Saint Louis University Hospital
260108,MISSOURI BAPTIST MEDICAL CENTER,Missouri Baptist Medical Center
260110,MERCY HOSPITAL SOUTHEAST,Mercy Hospital Southeast
260113,MISSOURI DELTA MEDICAL CENTER,Missouri Delta Medical Center
260119,POPLAR BLUFF REGIONAL MEDICAL CENTER,Poplar Bluff Regional Medical Center
260137,FREEMAN HEALTH SYSTEM - FREEMAN WEST,Freeman Health System - Freeman West
260138,ST LUKES HOSPITAL OF KANSAS CITY,St. Lukes Hospital of Kansas City
260141,UNIVERSITY OF MISSOURI HEALTH CARE,University of Missouri Health Care
260142,FITZGIBBON HOSPITAL,Fitzgibbon Hospital
260160,MERCY HOSPITAL STODDARD,Mercy Hospital Stoddard
260162,BARNES-JEWISH WEST COUNTY HOSPITAL,Barnes-Jewish West County Hospital
260163,PARKLAND HEALTH CENTER,Parkland Health Center
260175,GOLDEN VALLEY MEMORIAL HOSPITAL,Golden Valley Memorial Hospital
260177,LIBERTY HOSPITAL,Liberty Hospital
260179,ST LUKES HOSPITAL,St. Lukes Hospital
260180,CHRISTIAN HOSPITAL NORTHEAST-NORTHWEST,Christian Hospital Northeast-Northwest
260183,SAINT FRANCIS MEDICAL CENTER,Saint Francis Medical Center
260186,LAKE REGIONAL HEALTH SYSTEM,Lake Regional Health System
260190,LEE'S SUMMIT MEDICAL CENTER,Lee's Summit Medical Center
260191,BARNES-JEWISH ST PETERS HOSPITAL,Barnes-Jewish St. Peters Hospital
260193,ST MARY'S MEDICAL CENTER,St. Mary's Medical Center
260195,CITIZENS MEMORIAL HOSPITAL,Citizens Memorial Hospital
260200,SSM HEALTH ST JOSEPH HOSPITAL-LAKE SAINT LOUIS,SSM Health St. Joseph Hospital-Lake Saint Louis
260214,BELTON REGIONAL MEDICAL CENTER,Belton Regional Medical Center
260216,SAINT LUKE'S EAST HOSPITAL,Saint Luke's East Hospital
260219,PROGRESS WEST HOSPITAL,Progress West Hospital
260321,BEACON SURGERY CENTER,Beacon Surgery Center
260779,PARKLAND HEALTH CENTER - BONNE TERRE,Parkland Health Center - Bonne Terre
260780,PEMISCOT COUNTY MEMORIAL HOSPITAL,Pemiscot County Memorial Hospital
261301,ELLETT MEMORIAL HOSPITAL,Ellett Memorial Hospital
261302,MADISON MEDICAL CENTER,Madison Medical Center
261303,COMMUNITY HOSPITAL ASSOCIATION,Community Hospital Association
261305,PUTNAM COUNTY MEMORIAL HOSPITAL,Putnam County Memorial Hospital
261306,SULLIVAN COUNTY MEMORIAL HOSPITAL,Sullivan County Memorial Hospital
261307,PERSHING MEMORIAL HOSPITAL,Pershing Memorial Hospital
261308,WASHINGTON COUNTY MEMORIAL HOSPITAL,Washington County Memorial Hospital
261309,WRIGHT MEMORIAL HOSPITAL,Wright Memorial Hospital
261310,SCOTLAND COUNTY  HOSPITAL,Scotland County Hospital
261311,MERCY HOSPITAL PERRY,Mercy Hospital Perry
261312,HARRISON COUNTY COMMUNITY HOSPITAL,Harrison County Community Hospital
261313,MACON COUNTY SAMARITAN MEMORIAL HOSPITAL,Macon County Samaritan Memorial Hospital
261314,HERMANN AREA DISTRICT HOSPITAL,Hermann Area District Hospital
261316,MERCY HOSPITAL AURORA,Mercy Hospital Aurora
261317,MERCY HOSPITAL CASSVILLE,Mercy Hospital Cassville
261318,SALEM MEMORIAL DISTRICT HOSPITAL,Salem Memorial District Hospital
261319,MERCY HOSPITAL LINCOLN,Mercy Hospital Lincoln
261320,LAFAYETTE REGIONAL HEALTH CENTER,Lafayette Regional Health Center
261321,HEDRICK MEDICAL CENTER,Hedrick Medical Center
261322,EXCELSIOR SPRINGS HOSPITAL,Excelsior Springs Hospital
261323,CEDAR COUNTY MEMORIAL HOSPITAL,Cedar County Memorial Hospital
261324,CASS REGIONAL MEDICAL CENTER,Cass Regional Medical Center
261325,COX BARTON COUNTY HOSPITAL,Cox Barton County Hospital
261327,RAY COUNTY MEMORIAL HOSPITAL,Ray County Memorial Hospital
261328,MOSAIC MEDICAL CENTER ALBANY,Mosaic Medical Center Albany
261329,COX MONETT HOSPITAL,Cox Monett Hospital
261330,STE GENEVIEVE COUNTY MEMORIAL HOSPITAL,Ste Genevieve County Memorial Hospital
261331,FREEMAN NEOSHO HOSPITAL,Freeman Neosho Hospital
261332,CARROLL COUNTY MEMORIAL HOSPITAL,Carroll County Memorial Hospital
261333,PIKE COUNTY MEMORIAL HOSPITAL,Pike County Memorial Hospital
261335,MERCY ST FRANCIS HOSPITAL,Mercy St. Francis Hospital
261336,IRON COUNTY MEDICAL CENTER,Iron County Medical Center
261337,MISSOURI BAPTIST SULLIVAN HOSPITAL,Missouri Baptist Sullivan Hospital
261338,MERCY HOSPITAL CARTHAGE,Mercy Hospital Carthage
261340,MOSAIC MEDICAL CENTER - MARYVILLE,Mosaic Medical Center - Maryville
262010,KINDRED HOSPITAL ST LOUIS SOUTH,Kindred Hospital St. Louis South
262013,SELECT SPECIALTY HOSPITAL-ST LOUIS,Select Specialty Hospital-St. Louis
262016,"LANDMARK HOSPITAL OF JOPLIN, LLC","Landmark Hospital of Joplin, LLC"
262017,"SELECT SPECIALTY HOSPITAL SPRINGFIELD, INC","Select Specialty Hospital Springfield, Inc"
262018,KINDRED HOSPITAL NORTHLAND,Kindred Hospital Northland
262019,MOSIAC LIFE CARE AT ST JOSEPH,Mosiac Life Care at St. Joseph
262020,"LANDMARK HOSPITAL OF COLUMBIA, LLC","Landmark Hospital of Columbia, LLC"
263027,RUSK REHABILITATION CTR,Rusk Rehabilitation Center
263028,"THE REHABILITATION INSTITUTE OF ST. LOUIS, AN AFFI","The Rehabilitation Institute of St. Louis, An Affi"
263029,MERCY REHABILITATION HOSPITAL ST LOUIS,Mercy Rehabilitation Hospital St. Louis
263030,ST LUKE'S REHABILITATION HOSPITAL,St. Luke's Rehabilitation Hospital
263031,SSM HEALTH REHABILITATION HOSPITAL,SSM Health Rehabilitation Hospital
263032,MERCY REHABILITATION HOSPITAL SPRINGFIELD,Mercy Rehabilitation Hospital Springfield
263034,MERCY REHABILITATION HOSPITAL SOUTH,Mercy Rehabilitation Hospital South
263035,COXHEALTH REHABILITATION HOSPITAL,Coxhealth Rehabilitation Hospital
263301,ST LOUIS CHILDRENS HOSPITAL,St. Louis Childrens Hospital
263302,CHILDRENS MERCY HOSPITAL,Childrens Mercy Hospital
263303,RANKEN JORDAN PEDIATRIC BRIDGE HOSPITAL,Ranken Jordan Pediatric Bridge Hospital
263304,SHRINERS HOSPITALS FOR CHILDREN,Shriners Hospitals for Children
264004,FULTON STATE HOSPITAL,Fulton State Hospital
264005,SOUTHEAST MISSOURI MENTAL HLTH CTR,Southeast Missouri Mental Health Center
264007,NORTHWEST MISSOURI PSYCHIATRIC REHAB CTR,Northwest Missouri Psychiatric Rehabilitation Center
264008,CENTER FOR BEHAVIORAL MEDICINE,Center for Behavioral Medicine
264010,ST LOUIS FORENSIC TREATMENT CENTER,St. Louis Forensic Treatment Center
264012,CENTERPOINTE HOSPITAL,Centerpointe Hospital
264020,ROYAL OAKS HOSPITAL,Royal Oaks Hospital
264024,LAKELAND BEHAVIORAL HEALTH SYSTEM,Lakeland Behavioral Health System
264028,HAWTHORN CHILDREN'S PSYCHIATRIC HOSPITAL,Hawthorn Children's Psychiatric Hospital
264031,OSAGE BEACH CENTER FOR BEHAVIORAL HEALTH,Osage Beach Center for Behavioral Health
264032,CENTERPOINTE HOSPITAL OF COLUMBIA,Centerpointe Hospital of Columbia
264033,PERIMETER BEHAVIORAL HOSPITAL OF SPRINGFIELD,Perimeter Behavioral Hospital of Springfield
264034,SOUTHEAST BEHAVIORAL HOSPITAL,Southeast Behavioral Hospital
264035,MARYLAND HEIGHTS CENTER FOR BEHAVIORAL HEALTH,Maryland Heights Center for Behavioral Health
270003,ST PETERS HEALTH,St. Peters Health
270004,BILLINGS CLINIC HOSPITAL,Billings Clinic Hospital
270012,BENEFIS HOSPITALS INC,Benefis Hospitals Inc
270014,ST PATRICK HOSPITAL,St. Patrick Hospital
270017,INTERMOUNTAIN HEALTH ST JAMES HOSPITAL,Intermountain Health St. James Hospital
270023,COMMUNITY MEDICAL CENTER,Community Medical Center
270049,INTERMOUNTAIN HEALTH ST VINCENT REGIONAL HOSPITAL,Intermountain Health St. Vincent Regional Hospital
270051,LOGAN HEALTH MEDICAL CENTER,Logan Health Medical Center
270057,BOZEMAN HEALTH DEACONESS REGIONAL MEDICAL CENTER,Bozeman Health Deaconess Regional Medical Center
270086,GREAT FALLS CLINIC HOSPITAL,Great Falls Clinic Hospital
270092,YELLOWSTONE SURGERY CENTER WEST,Yellowstone Surgery Center West
270779,GARFIELD COUNTY HEALTH CENTER,Garfield County Health Center
271300,POPLAR COMMUNITY HOSPITAL,Poplar Community Hospital
271301,FALLON MEDICAL COMPLEX HOSPITAL,Fallon Medical Complex Hospital
271302,DAHL MEMORIAL HEALTHCARE ASSOCIATION INC,Dahl Memorial Healthcare Association Inc
271303,GRANITE COUNTY MEDICAL CENTER,Granite County Medical Center
271304,MISSOURI RIVER MEDICAL CENTER,Missouri River Medical Center
271305,MCCONE COUNTY HEALTH CENTER,McCone County Health Center
271306,MOUNTAINVIEW MEDICAL CENTER,Mountainview Medical Center
271307,BENEFIS TETON MEDICAL CENTER,Benefis Teton Medical Center
271308,ROOSEVELT MEDICAL CENTER,Roosevelt Medical Center
271309,PRAIRIE COMMUNITY HOSPITAL,Prairie Community Hospital
271311,BIG SANDY MEDICAL CENTER,Big Sandy Medical Center
271312,PHILLIPS COUNTY MEDICAL CENTER,Phillips County Medical Center
271313,PIONEER MEDICAL CENTER,Pioneer Medical Center
271314,DEER LODGE MEDICAL CENTER,Deer Lodge Medical Center
271316,FRANCES MAHON DEACONESS HOSPITAL,Frances Mahon Deaconess Hospital
271317,LIVINGSTON HEALTHCARE,Livingston Healthcare
271318,BARRETT HOSPITAL & HEALTHCARE,Barrett Hospital & Healthcare
271319,RUBY VALLEY MEDICAL CENTER,Ruby Valley Medical Center
271320,CABINET PEAKS MEDICAL CENTER,Cabinet Peaks Medical Center
271321,WHEATLAND MEMORIAL HOSPITAL,Wheatland Memorial Hospital
271322,SHERIDAN MEMORIAL HOSPITAL,Sheridan Memorial Hospital
271323,CLARK FORK VALLEY HOSPITAL,Clark Fork Valley Hospital
271324,LOGAN HEALTH - CONRAD,Logan Health - Conrad
271325,ST LUKE COMMUNITY HOSPITAL,St. Luke Community Hospital
271326,BEARTOOTH BILLINGS CLINIC,Beartooth Billings Clinic
271327,ROSEBUD HEALTH CARE CENTER,Rosebud Health Care Center
271328,LOGAN HEALTH - SHELBY,Logan Health - Shelby
271329,MADISON VALLEY MEDICAL CENTER,Madison Valley Medical Center
271330,STILLWATER BILLINGS CLINIC,Stillwater Billings Clinic
271331,MINERAL COMMUNITY HOSPITAL,Mineral Community Hospital
271332,GLENDIVE MEDICAL CENTER,Glendive Medical Center
271333,BILLINGS CLINIC BROADWATER,Billings Clinic Broadwater
271334,LOGAN HEALTH - CHESTER,Logan Health - Chester
271335,COMMUNITY HOSPITAL OF ANACONDA,Community Hospital of Anaconda
271336,LOGAN HEALTH - WHITEFISH,Logan Health - Whitefish
271337,NORTHERN ROCKIES MEDICAL CENTER,Northern Rockies Medical Center
271338,BIG HORN HOSPITAL,Big Horn Hospital
271340,BITTERROOT HEALTH - DALY HOSPITAL,Bitterroot Health - Daly Hospital
271341,TRINITY HOSPITAL,Trinity Hospital
271342,DANIELS MEMORIAL HOSPITAL,Daniels Memorial Hospital
271343,PROVIDENCE ST JOSEPH MEDICAL CENTER,Providence St. Joseph Medical Center
271344,SIDNEY HEALTH CENTER,Sidney Health Center
271345,CENTRAL MONTANA MEDICAL CENTER,Central Montana Medical Center
271346,ROUNDUP MEMORIAL HEALTHCARE,Roundup Memorial Healthcare
271347,HOLY ROSARY HEALTHCARE,Holy Rosary Healthcare
271348,NORTHERN MONTANA HOSPITAL,Northern Montana Hospital
271389,BIG SKY MEDICAL CENTER,Big Sky Medical Center
272001,ADVANCED CARE HOSPITAL OF MONTANA,Advanced Care Hospital of Montana
273025,REHABILITATION HOSPITAL OF MONTANA,Rehabilitation Hospital of Montana
274004,SHODAIR CHILDREN'S HOSPITAL,Shodair Children's Hospital
280003,BRYAN MEDICAL CENTER,Bryan Medical Center
280009,CHI HEALTH GOOD SAMARITAN,CHI Health Good Samaritan
280013,THE NEBRASKA MEDICAL CENTER,The Nebraska Medical Center
280020,CHI HEALTH ST ELIZABETH,CHI Health St. Elizabeth
280023,CHI HEALTH ST FRANCIS,CHI Health St. Francis
280032,MARY LANNING HEALTHCARE,Mary Lanning Healthcare
280040,METHODIST HOSPITAL,Methodist Hospital
280060,CHI HEALTH CREIGHTON UNIVERSITY MEDICAL CENTER - B,CHI Health Creighton University Medical Center - B.
280061,REGIONAL WEST MEDICAL CENTER,Regional West Medical Center
280065,GREAT PLAINS HEALTH,Great Plains Health
280077,METHODIST FREMONT HEALTH,Methodist Fremont Health
280081,CHI HEALTH IMMANUEL,CHI Health Immanuel
280105,CHI HEALTH MIDLANDS,CHI Health Midlands
280111,"COLUMBUS COMMUNITY HOSPITAL, INC","Columbus Community Hospital, Inc"
280125,FAITH HEALTH,Faith Health
280127,LINCOLN SURGICAL HOSPITAL,Lincoln Surgical Hospital
280128,CHI HEALTH NEBRASKA HEART,CHI Health Nebraska Heart
280129,ORTHONEBRASKA HOSPITAL,Orthonebraska Hospital
280130,CHI HEALTH LAKESIDE,CHI Health Lakeside
280131,MIDWEST SURGICAL HOSPITAL LLC,Midwest Surgical Hospital LLC
280132,BELLEVUE MEDICAL CENTER,Bellevue Medical Center
280133,"NEBRASKA SPINE HOSPITAL, LLC","Nebraska Spine Hospital, LLC"
280134,KEARNEY REGIONAL MEDICAL CENTER,Kearney Regional Medical Center
280139,GRAND ISLAND REGIONAL MEDICAL CENTER,Grand Island Regional Medical Center
280779,FRIEND COMMUNITY HEALTHCARE SYSTEM,Friend Community Healthcare System
280780,GARDEN COUNTY HEALTH SERVICES,Garden County Health Services
281300,HARLAN COUNTY HEALTH SYSTEM,Harlan County Health System
281301,FILLMORE COUNTY HOSPITAL,Fillmore County Hospital
281302,PAWNEE COUNTY MEMORIAL HOSPITAL,Pawnee County Memorial Hospital
281303,NIOBRARA VALLEY HOSPITAL,Niobrara Valley Hospital
281304,THAYER COUNTY HEALTH SERVICES,Thayer County Health Services
281305,KIMBALL HEALTH SERVICES,Kimball Health Services
281306,KEARNEY COUNTY HEALTH SERVICES,Kearney County Health Services
281307,SAUNDERS MEDICAL CENTER,Saunders Medical Center
281308,HENDERSON COMMUNITY HOSPITAL,Henderson Community Hospital
281309,SYRACUSE AREA HEALTH,Syracuse Area Health
281311,FRANKLIN COUNTY MEMORIAL HOSPITAL,Franklin County Memorial Hospital
281312,GENOA COMMUNITY HOSPITAL,Genoa Community Hospital
281313,GOTHENBURG HEALTH,Gothenburg Health
281314,ANNIE JEFFREY MEMORIAL COUNTY HEALTH CENTER,Annie Jeffrey Memorial County Health Center
281315,BRODSTONE HEALTHCARE,Brodstone Healthcare
281316,WEBSTER COUNTY COMMUNITY HOSPITAL,Webster County Community Hospital
281318,MORRILL COUNTY COMMUNITY HOSPITAL,Morrill County Community Hospital
281319,JEFFERSON COMMUNITY HEALTH & LIFE,Jefferson Community Health & Life
281320,MEMORIAL HOSPITAL,Memorial Hospital
281322,FRANCISCAN HEALTHCARE,Franciscan Healthcare
281323,CHI HEALTH SCHUYLER,CHI Health Schuyler
281324,NEMAHA COUNTY HOSPITAL,Nemaha County Hospital
281325,BROWN COUNTY HOSPITAL,Brown County Hospital
281326,ANTELOPE MEMORIAL HOSPITAL,Antelope Memorial Hospital
281327,COZAD COMMUNITY HOSPITAL,Cozad Community Hospital
281328,MERRICK MEDICAL CENTER,Merrick Medical Center
281329,AVERA ST ANTHONY'S HOSPITAL,Avera St. Anthony's Hospital
281331,AVERA CREIGHTON HOSPITAL,Avera Creighton Hospital
281332,BUTLER COUNTY HEALTH,Butler County Health
281333,ROCK COUNTY HOSPITAL,Rock County Hospital
281334,BOONE COUNTY HEALTH CENTER,Boone County Health Center
281335,CALLAWAY DISTRICT HOSPITAL,Callaway District Hospital
281336,YORK GENERAL HEALTH CARE SERVICES,York General Health Care Services
281338,HOWARD COUNTY MEDICAL CENTER,Howard County Medical Center
281339,MEMORIAL HOSPITAL,Memorial Hospital
281340,DUNDY COUNTY HOSPITAL,Dundy County Hospital
281341,CHADRON HOSPITAL,Chadron Hospital
281342,CHI HEALTH ST MARY'S,CHI Health St. Mary's
281343,WEST HOLT MEMORIAL HOSPITAL,West Holt Memorial Hospital
281344,CHERRY COUNTY HOSPITAL,Cherry County Hospital
281345,PROVIDENCE MEDICAL CENTER,Providence Medical Center
281346,CHI HEALTH PLAINVIEW,CHI Health Plainview
281347,OSMOND GENERAL HOSPITAL,Osmond General Hospital
281348,TRI VALLEY HEALTH SYSTEM,Tri Valley Health System
281349,PENDER COMMUNITY HEALTH,Pender Community Health
281350,JOHNSON COUNTY HOSPITAL,Johnson County Hospital
281351,CHASE COUNTY COMMUNITY HOSPITAL,Chase County Community Hospital
281352,"COMMUNITY MEDICAL CENTER, INC","Community Medical Center, Inc"
281353,VALLEY COUNTY HEALTH SYSTEM,Valley County Health System
281354,CRETE AREA MEDICAL CENTER,Crete Area Medical Center
281355,OGALLALA COMMUNITY HOSPITAL,Ogallala Community Hospital
281356,PERKINS COUNTY HEALTH SERVICES,Perkins County Health Services
281357,SIDNEY REGIONAL MEDICAL CENTER,Sidney Regional Medical Center
281358,GORDON MEMORIAL HOSPITAL DISTRICT,Gordon Memorial Hospital District
281359,MEMORIAL COMMUNITY HOSPITAL & HEALTH SYSTEM,Memorial Community Hospital & Health System
281360,BOX BUTTE GENERAL HOSPITAL,Box Butte General Hospital
281361,LEXINGTON REGIONAL HEALTH CENTER,Lexington Regional Health Center
281362,PHELPS MEMORIAL HEALTH CENTER,Phelps Memorial Health Center
281363,COMMUNITY HOSPITAL,Community Hospital
281364,"BEATRICE COMMUNITY HOSPITAL & HEALTH CENTER, INC","Beatrice Community Hospital & Health Center, Inc"
281365,JENNIE M MELHAM MEMORIAL MEDICAL CENTER,Jennie M. Melham Memorial Medical Center
282000,MADONNA REHABILITATION SPECIALTY HOSPITAL LINCOLN,Madonna Rehabilitation Specialty Hospital Lincoln
282001,SELECT SPECIALTY HOSPITAL - OMAHA (CENTRAL CAMPUS),Select Specialty Hospital - Omaha (Central Campus)
282003,MADONNA REHABILITATION SPECIALTY HOSPITAL OMAHA,Madonna Rehabilitation Specialty Hospital Omaha
283025,MADONNA REHABILITATION HOSPITAL LINCOLN,Madonna Rehabilitation Hospital Lincoln
283300,BOYS TOWN NATIONAL RESEARCH HOSPITAL,Boys Town National Research Hospital
283301,CHILDREN'S NEBRASKA,Children's Nebraska
284003,LINCOLN REGIONAL CENTER,Lincoln Regional Center
284009,DOUGLAS COUNTY COMMUNITY MENTAL HEALTH CENTER,Douglas County Community Mental Health Center
290001,RENOWN REGIONAL MEDICAL CENTER,Renown Regional Medical Center
290003,SUNRISE HOSPITAL AND MEDICAL CENTER,Sunrise Hospital and Medical Center
290005,NORTH VISTA HOSPITAL,North Vista Hospital
290007,UNIVERSITY MEDICAL CENTER,University Medical Center
290008,NORTHEASTERN NEVADA REGIONAL HOSPITAL,Northeastern Nevada Regional Hospital
290009,SAINT MARY'S REGIONAL MEDICAL CENTER,Saint Mary's Regional Medical Center
290012,SAINT ROSE DOMINICAN HOSPITALS - ROSE DE LIMA,Saint Rose Dominican Hospitals - Rose de Lima
290019,CARSON TAHOE REGIONAL MEDICAL CENTER,Carson Tahoe Regional Medical Center
290021,VALLEY HOSPITAL MEDICAL CENTER,Valley Hospital Medical Center
290032,NORTHERN NEVADA MEDICAL CENTER,Northern Nevada Medical Center
290039,MOUNTAINVIEW HOSPITAL,Mountainview Hospital
290041,SUMMERLIN HOSPITAL MEDICAL CENTER,Summerlin Hospital Medical Center
290042,HARMON HOSPITAL,Harmon Hospital
290045,SAINT ROSE DOMINICAN HOSPITALS - SIENA CAMPUS,Saint Rose Dominican Hospitals - Siena Campus
290046,SPRING VALLEY HOSPITAL MEDICAL CENTER,Spring Valley Hospital Medical Center
290047,SOUTHERN HILLS HOSPITAL AND MEDICAL CENTER,Southern Hills Hospital and Medical Center
290049,RENOWN SOUTH MEADOWS MEDICAL CENTER,Renown South Meadows Medical Center
290053,SAINT ROSE DOMINICAN HOSPITALS - SAN MARTIN CAMPUS,Saint Rose Dominican Hospitals - San Martin Campus
290054,CENTENNIAL HILLS HOSPITAL MEDICAL CENTER,Centennial Hills Hospital Medical Center
290057,HENDERSON HOSPITAL,Henderson Hospital
290058,DIGNITY HEALTH ST ROSE DOMINICAN N L V  CAMPUS,Dignity Health St. Rose Dominican N. L. V. Campus
290062,WEST HENDERSON HOSPITAL,West Henderson Hospital
290063,LAS VEGAS RECOVERY HOSPITAL LLC,Las Vegas Recovery Hospital LLC
291300,MOUNT GRANT GENERAL HOSPITAL,Mount Grant General Hospital
291301,INCLINE VILLAGE COMMUNITY HOSPITAL,Incline Village Community Hospital
291302,WILLIAM BEE RIRIE HOSPITAL,William BEE Ririe Hospital
291303,BATTLE MOUNTAIN GENERAL HOSPITAL,Battle Mountain General Hospital
291304,PERSHING GENERAL HOSPITAL,Pershing General Hospital
291306,CARSON VALLEY HEALTH,Carson Valley Health
291307,MESA VIEW REGIONAL HOSPITAL,Mesa View Regional Hospital
291308,HUMBOLDT GENERAL HOSPITAL,Humboldt General Hospital
291309,BOULDER CITY HOSPITAL,Boulder City Hospital
291311,DESERT VIEW HOSPITAL,Desert View Hospital
291312,GROVER C DILS MEDICAL CENTER,Grover C. Dils Medical Center
291313,BANNER CHURCHILL COMMUNITY HOSPITAL,Banner Churchill Community Hospital
291314,SOUTH LYON MEDICAL CENTER,South Lyon Medical Center
292002,KINDRED HOSPITAL - LAS VEGAS (SAHARA CAMPUS),Kindred Hospital - Las Vegas (Sahara Campus)
292003,HORIZON SPECIALTY HOSPITAL,Horizon Specialty Hospital
292004,PAM SPECIALTY HOSPITAL OF SPARKS LLC,PAM Specialty Hospital of Sparks LLC
292006,"PAM SPECIALTY HOSPITAL OF LAS VEGAS, LLC","PAM Specialty Hospital of Las Vegas, LLC"
292007,LAS VEGAS-AMG SPECIALTY HOSPITAL,Las Vegas-AMG Specialty Hospital
292009,ELITE MEDICAL CENTER,Elite Medical Center
293026,ENCOMPASS HEALTH REHABILITATION HOSPITAL OF LV,Encompass Health Rehabilitation Hospital of LV
293032,ENCOMPASS HEALTH REHABILITATION HOSPITAL OF HENDER,Encompass Health Rehabilitation Hospital of Hender
293033,ENCOMPASS HEALTH REHAB HOSPITAL OF DESERT CANYON,Encompass Health Rehabilitation Hospital of Desert Canyon
293034,PAM REHABILITATION HOSPITAL OF CENTENNIAL HILLS,PAM Rehabilitation Hospital of Centennial Hills
293035,DIGNITY HEALTH REHABILITATION HOSPITAL,Dignity Health Rehabilitation Hospital
294000,DINI-TOWNSEND HOSPITAL AT NNMH,Dini-Townsend Hospital at Nnmh
294002,SOUTHERN NEVADA ADULT MENTAL HEALTH SERVICES,Southern Nevada Adult Mental Health Services
294012,SEVEN HILLS HOSPITAL,Seven Hills Hospital
294013,"DESERT PARKWAY BEHAVIORAL HEALTHCARE HOSPITAL, LLC","Desert Parkway Behavioral Healthcare Hospital, LLC"
294015,"RENO BEHAVIORAL HEALTHCARE HOSPITAL, LLC","Reno Behavioral Healthcare Hospital, LLC"
294016,"THRIVE BEHAVIORAL HOSPITAL, LLC","Thrive Behavioral Hospital, LLC"
300001,CONCORD HOSPITAL,Concord Hospital
300003,MARY HITCHCOCK MEMORIAL HOSPITAL,Mary Hitchcock Memorial Hospital
300005,CONCORD HOSPITAL- LACONIA,Concord Hospital- Laconia
300011,ST JOSEPH HOSPITAL,St. Joseph Hospital
300012,ELLIOT HOSPITAL,Elliot Hospital
300014,FRISBIE MEMORIAL HOSPITAL,Frisbie Memorial Hospital
300017,PARKLAND MEDICAL CENTER,Parkland Medical Center
300018,WENTWORTH-DOUGLASS HOSPITAL,Wentworth-Douglass Hospital
300019,CHESHIRE MEDICAL CENTER,Cheshire Medical Center
300020,SOUTHERN NH MEDICAL CENTER,Southern Nh Medical Center
300023,EXETER HOSPITAL INC,Exeter Hospital Inc
300029,PORTSMOUTH REGIONAL HOSPITAL,Portsmouth Regional Hospital
300034,CATHOLIC MEDICAL CENTER,Catholic Medical Center
301300,UPPER CONNECTICUT VALLEY HOSPITAL,Upper Connecticut Valley Hospital
301301,COTTAGE HOSPITAL,Cottage Hospital
301302,LITTLETON REGIONAL HEALTHCARE,Littleton Regional Healthcare
301303,WEEKS MEDICAL CENTER,Weeks Medical Center
301304,NEW LONDON HOSPITAL,New London Hospital
301305,ALICE PECK DAY MEMORIAL HOSPITAL,Alice Peck Day Memorial Hospital
301306,CONCORD HOSPITAL- FRANKLIN,Concord Hospital- Franklin
301307,MAINEHEALTH MEMORIAL HOSPITAL,MaineHealth Memorial Hospital
301308,VALLEY REGIONAL HOSPITAL,Valley Regional Hospital
301309,MONADNOCK COMMUNITY HOSPITAL,Monadnock Community Hospital
301310,ANDROSCOGGIN VALLEY HOSPITAL,Androscoggin Valley Hospital
301311,SPEARE MEMORIAL HOSPITAL,Speare Memorial Hospital
301312,HUGGINS HOSPITAL,Huggins Hospital
303026,NORTHEAST REHABILITATION HOSPITAL,Northeast Rehabilitation Hospital
303027,ENCOMPASS HEALTH REHABILITATION HOSPITAL OF CONCOR,Encompass Health Rehabilitation Hospital of Concor
304000,NEW HAMPSHIRE HOSP-PSYCH UNIT,New Hampshire Hospital-Psych Unit
310001,HACKENSACK UNIVERSITY MEDICAL CENTER,Hackensack University Medical Center
310002,NEWARK BETH ISRAEL MEDICAL CENTER,Newark Beth Israel Medical Center
310003,PALISADES MEDICAL CENTER,Palisades Medical Center
310005,HUNTERDON MEDICAL CENTER,Hunterdon Medical Center
310006,ST MARY'S GENERAL HOSPITAL,St. Mary's General Hospital
310008,HOLY NAME MEDICAL CENTER,Holy Name Medical Center
310009,CLARA MAASS MEDICAL CENTER,Clara Maass Medical Center
310010,PENN MEDICINE PRINCETON MEDICAL CENTER,Penn Medicine Princeton Medical Center
310011,"COOPER UNIVERSITY HOSPITAL CAPE REGIONAL, INC.","Cooper University Hospital Cape Regional, Inc."
310012,VALLEY HOSPITAL,Valley Hospital
310014,COOPER UNIVERSITY HOSPITAL,Cooper University Hospital
310015,MORRISTOWN MEDICAL CENTER,Morristown Medical Center
310016,HEIGHTS UNIVERSITY HOSPITAL,Heights University Hospital
310017,CHILTON MEDICAL CENTER,Chilton Medical Center
310019,ST JOSEPH'S UNIVERSITY MEDICAL CENTER INC,St. Joseph's University Medical Center Inc
310022,WEST JERSEY HOSPITAL,West Jersey Hospital
310024,ROBERT WOOD JOHNSON UNIVERSITY HOSPITAL AT RAHWAY,Robert Wood Johnson University Hospital at Rahway
310025,BAYONNE UNIVERSITY HOSPITAL,Bayonne University Hospital
310027,TRINITAS REGIONAL MEDICAL CENTER,Trinitas Regional Medical Center
310028,NEWTON MEDICAL CENTER,Newton Medical Center
310029,VIRTUA OUR LADY OF LOURDES HOSPITAL,Virtua Our Lady of Lourdes Hospital
310031,DEBORAH HEART AND LUNG CENTER,Deborah Heart and Lung Center
310032,INSPIRA MEDICAL CENTER VINELAND,Inspira Medical Center Vineland
310034,RIVERVIEW MEDICAL CENTER,Riverview Medical Center
310038,ROBERT WOOD JOHNSON UNIVERSITY HOSPITAL,Robert Wood Johnson University Hospital
310039,RARITAN BAY MEDICAL CENTER,Raritan Bay Medical Center
310040,HOBOKEN UNIVERSITY HOSPITAL,Hoboken University Hospital
310041,COMMUNITY MEDICAL CENTER,Community Medical Center
310044,CAPITAL HEALTH MEDICAL CENTER - HOPEWELL,Capital Health Medical Center - Hopewell
310045,ENGLEWOOD HOSPITAL,Englewood Hospital
310047,SHORE MEDICAL CENTER,Shore Medical Center
310048,ROBERT WOOD JOHNSON UNIVERSITY HOSPITAL SOMERSET,Robert Wood Johnson University Hospital Somerset
310050,SAINT CLARE'S HOSPITAL,Saint Clare's Hospital
310051,OVERLOOK MEDICAL CENTER,Overlook Medical Center
310052,OCEAN UNIVERSITY MEDICAL CENTER,Ocean University Medical Center
310054,HACKENSACK MERIDIAN MOUNTAINSIDE MEDICAL,Hackensack Meridian Mountainside Medical
310057,VIRTUA MOUNT HOLLY HOSPITAL,Virtua Mount Holly Hospital
310058,BERGEN NEW BRIDGE MEDICAL CENTER,Bergen New Bridge Medical Center
310060,ST LUKE'S WARREN HOSPITAL,St. Luke's Warren Hospital
310061,VIRTUA WILLINGBORO HOSPITAL,Virtua Willingboro Hospital
310064,ATLANTICARE REGIONAL MEDICAL CENTER - CITY CAMPUS,Atlanticare Regional Medical Center - City Campus
310069,INSPIRA MEDICAL CENTER MULLICA HILL,Inspira Medical Center Mullica Hill
310070,SAINT PETER'S UNIVERSITY HOSPITAL,Saint Peter's University Hospital
310073,JERSEY SHORE UNIVERSITY MEDICAL CENTER,Jersey Shore University Medical Center
310074,JERSEY CITY MEDICAL CENTER,Jersey City Medical Center
310075,MONMOUTH MEDICAL CENTER,Monmouth Medical Center
310076,COOPERMAN BARNABAS MEDICAL CENTER,Cooperman Barnabas Medical Center
310083,CAREWELL HEALTH MEDICAL CENTER,Carewell Health Medical Center
310084,MONMOUTH MEDICAL CENTER-SOUTHERN CAMPUS,Monmouth Medical Center-Southern Campus
310086,JEFFERSON STRATFORD HOSPITAL,Jefferson Stratford Hospital
310092,CAPITAL HEALTH REGIONAL MEDICAL CENTER,Capital Health Regional Medical Center
310096,SAINT MICHAEL'S MEDICAL CENTER,Saint Michael's Medical Center
310108,JFK UNIVERSITY MEDICAL CENTER,JFK University Medical Center
310110,ROBERT WOOD JOHNSON UNIVERSITY HOSPITAL HAMILTON,Robert Wood Johnson University Hospital Hamilton
310111,CENTRASTATE MEDICAL CENTER,Centrastate Medical Center
310112,BAYSHORE MEDICAL CENTER,Bayshore Medical Center
310113,SOUTHERN OCEAN MEDICAL CENTER,Southern Ocean Medical Center
310115,HACKETTSTOWN MEDICAL CENTER,Hackettstown Medical Center
310118,SECAUCUS UNIVERSITY HOSPITAL,Secaucus University Hospital
310119,UNIVERSITY HOSPITAL,University Hospital
310130,HACKENSACK MERIDIAN HEALTH PASCACK VALLEY MEDICAL,Hackensack Meridian Health Pascack Valley Medical
312014,MATHENY MEDICAL AND EDUCATIONAL CENTER,Matheny Medical and Educational Center
312017,SPECIALTY HOSPITAL OF CENTRAL JERSEY,Specialty Hospital of Central Jersey
312018,CARE ONE AT TRINITAS REGIONAL MEDICAL CENTER,Care One at Trinitas Regional Medical Center
312019,SELECT SPECIALTY HOSPITAL NORTHEAST,Select Specialty Hospital Northeast
312020,KINDRED HOSPITAL NEW JERSEY - MORRIS COUNTY,Kindred Hospital New Jersey - Morris County
312022,SELECT SPECIALTY HOSPITAL-WILLINGBORO,Select Specialty Hospital-Willingboro
312023,ACUITY SPECIALTY HOSPITAL OF NEW JERSEY,Acuity Specialty Hospital of New Jersey
312024,SILVER LAKE HOSPITAL LTACH,Silver Lake Hospital LTACH
312025,HACKENSACK MERIDIAN LTACH,Hackensack Meridian LTACH
313025,KESSLER REHAB CENTER,Kessler Rehabilitation Center
313027,LAWRENCE REHABILITATION HOSPITAL,Lawrence Rehabilitation Hospital
313029,ENCOMPASS HEALTH REHAB HOSPITAL OF TOMS RIVER,Encompass Health Rehabilitation Hospital of Toms River
313032,"KESSLER INSTITUTE FOR REHABILITATION,INC","Kessler Institute for Rehabilitation,inc"
313035,ENCOMPASS HEALTH REHAB HOSPITAL OF TINTON FALLS,Encompass Health Rehabilitation Hospital of Tinton Falls
313036,ENCOMPASS HEALTH REHAB HOSPITAL OF VINELAND,Encompass Health Rehabilitation Hospital of Vineland
313038,ATLANTIC REHABILITATION INSTITUTE,Atlantic Rehabilitation Institute
313300,CHILDREN'S SPECIALIZED HOSPITAL,Children's Specialized Hospital
313302,WEISMAN CHILDRENS REHABILITATION HOSPITAL,Weisman Childrens Rehabilitation Hospital
314001,SUMMIT OAKS HOSPITAL,Summit Oaks Hospital
314005,ANCORA PSYCH HOSP,Ancora Psych Hospital
314011,UNIVERSITY BEHAVIORAL HEALTH CARE,University Behavioral Health Care
314012,HACKENSACK MERIDIAN HEALTH CARRIER CLINIC,Hackensack Meridian Health Carrier Clinic
314013,TRENTON PSYCHIATRIC HOSP,Trenton Psychiatric Hospital
314016,GREYSTONE PARK PSYCH HOSP,Greystone Park Psych Hospital
314018,NORTHBROOK BEHAVIORAL HEALTH HOSPITAL,Northbrook Behavioral Health Hospital
314019,RAMAPO RIDGE BEHAVIORAL HEALTH HOSPITAL,Ramapo Ridge Behavioral Health Hospital
314020,ESSEX COUNTY HOSPITAL CENTER,Essex County Hospital Center
314021,HAMPTON HOSPITAL,Hampton Hospital
314022,SAINT BARNABAS BEHAVIORAL HEALTH CENTER,Saint Barnabas Behavioral Health Center
314023,ASPEN HILLS HEALTHCARE CENTER,Aspen Hills Healthcare Center
314024,HUDSON COUNTY MEADOWVIEW PSYCHIATRIC H,Hudson County Meadowview Psychiatric H.
314027,MOUNTAINVIEW BEHAVIORAL HOSPITAL,Mountainview Behavioral Hospital
320001,UNM HOSPITAL,UNM Hospital
320002,CHRISTUS ST VINCENT REGIONAL MEDICAL CENTER,CHRISTUS St. Vincent Regional Medical Center
320004,CHRISTUS SOUTHERN NEW MEXICO,CHRISTUS Southern New Mexico
320005,SAN JUAN REGIONAL MEDICAL CENTER INC,San Juan Regional Medical Center Inc
320006,EASTERN NEW MEXICO MEDICAL CENTER,Eastern New Mexico Medical Center
320009,LOVELACE MEDICAL CENTER,Lovelace Medical Center
320011,PRESBYTERIAN ESPANOLA HOSPITAL,Presbyterian Espanola Hospital
320017,LOVELACE WOMEN'S HOSPITAL,Lovelace Women's Hospital
320018,MEMORIAL MEDICAL CENTER,Memorial Medical Center
320021,PRESBYTERIAN HOSPITAL,Presbyterian Hospital
320022,PLAINS REGIONAL MEDICAL CENTER,Plains Regional Medical Center
320030,ARTESIA GENERAL HOSPITAL,Artesia General Hospital
320033,LOS ALAMOS MEDICAL CENTER,Los Alamos Medical Center
320063,CARLSBAD MEDICAL CENTER,Carlsbad Medical Center
320065,COVENANT HEALTH HOBBS HOSPITAL,Covenant Health Hobbs Hospital
320074,LOVELACE WESTSIDE HOSPITAL,Lovelace Westside Hospital
320084,ROOSEVELT GENERAL HOSPITAL,Roosevelt General Hospital
320085,MOUNTAIN VIEW REGIONAL MEDICAL CENTER,Mountain View Regional Medical Center
320086,LOVELACE REGIONAL HOSPITAL - ROSWELL,Lovelace Regional Hospital - Roswell
320090,PRESBYTERIAN SANTA FE MEDICAL CENTER,Presbyterian Santa Fe Medical Center
320091,THREE CROSSES REGIONAL HOSPITAL LLC,Three Crosses Regional Hospital LLC
320779,GUADALUPE COUNTY HOSPITAL,Guadalupe County Hospital
321300,SIERRA VISTA HOSPITAL,Sierra Vista Hospital
321301,SOCORRO GENERAL HOSPITAL,Socorro General Hospital
321302,DR DAN C TRIGG MEMORIAL HOSPITAL,Dr. Dan C. Trigg Memorial Hospital
321304,UNION COUNTY GENERAL HOSPITAL,Union County General Hospital
321305,NOR-LEA HOSPITAL DISTRICT,Nor-Lea Hospital District
321306,LINCOLN COUNTY MEDICAL CENTER,Lincoln County Medical Center
321307,MINERS' COLFAX MEDICAL CENTER,Miners' Colfax Medical Center
321308,CIBOLA GENERAL HOSPITAL,Cibola General Hospital
321309,MIMBRES VALLEY MEDICAL CENTER,Mimbres Valley Medical Center
321310,HOLY CROSS HOSPITAL A DIV OF TAOS HEALTH SYSTEMS,Holy Cross Hospital A. DIV of Taos Health Systems
321311,GILA REGIONAL MEDICAL CENTER,Gila Regional Medical Center
321312,ALTA VISTA REGIONAL HOSPITAL,Alta Vista Regional Hospital
321313,REHOBOTH MCKINLEY CHRISTIAN HEALTH CARE SERVICES,Rehoboth McKinley Christian Health Care Services
322002,KINDRED HOSPITAL ALBUQUERQUE,Kindred Hospital Albuquerque
322003,"ALBUQUERQUE - AMG SPECIALTY HOSPITAL, LLC","Albuquerque - AMG Specialty Hospital, LLC"
322004,ADVANCED CARE HOSPITAL OF SOUTHERN NEW MEXICO LLC,Advanced Care Hospital of Southern New Mexico LLC
323026,NEW MEXICO REHABILITATION CENTER,New Mexico Rehabilitation Center
323027,ENCOMPASS HEALTH REHABILITATION HOSPITAL OF ALBUQU,Encompass Health Rehabilitation Hospital of Albuqu
323028,LOVELACE UNM REHABILITATION HOSPITAL,Lovelace UNM Rehabilitation Hospital
323032,"REHABILITATION HOSPITAL OF SOUTHERN NEW MEXICO,INC","Rehabilitation Hospital of Southern New Mexico,inc"
323033,CLEARSKY REHABILITATION HOSPITAL OF RIO RANCHO LLC,Clearsky Rehabilitation Hospital of Rio Rancho LLC
324010,"BHC MESILLA VALLEY HOSPITAL, LLC","BHC Mesilla Valley Hospital, LLC"
324012,"PEAK BEHAVIORAL HEALTH SERVICES, LLC","Peak Behavioral Health Services, LLC"
324013,HAVEN BEHAVIORAL HOSPITAL OF ALBUQUERQUE,Haven Behavioral Hospital of Albuquerque
324014,CENTRAL DESERT BEHAVIORAL HEALTH HOSPITAL,Central Desert Behavioral Health Hospital
324015,NEW MEXICO BEHAVIORAL HEALTHCARE LLC,New Mexico Behavioral Healthcare LLC
330005,KALEIDA HEALTH,Kaleida Health
330006,ST JOSEPH'S MEDICAL CENTER,St. Joseph's Medical Center
330009,BRONXCARE HOSPITAL CENTER,Bronxcare Hospital Center
330011,"OUR LADY OF LOURDES MEMORIAL HOSPITAL, INC","Our Lady of Lourdes Memorial Hospital, Inc"
330013,ALBANY MEDICAL CENTER HOSPITAL,Albany Medical Center Hospital
330014,JAMAICA HOSPITAL MEDICAL CENTER,Jamaica Hospital Medical Center
330019,"NEW YORK COMMUNITY HOSPITAL OF BROOKLYN, INC.","New York Community Hospital of Brooklyn, Inc."
330023,VASSAR BROTHERS MEDICAL CENTER,Vassar Brothers Medical Center
330024,MOUNT SINAI HOSPITAL,Mount Sinai Hospital
330027,NASSAU UNIVERSITY MEDICAL CENTER,Nassau University Medical Center
330028,RICHMOND UNIVERSITY MEDICAL CENTER,Richmond University Medical Center
330030,NEWARK-WAYNE COMMUNITY HOSPITAL,Newark-Wayne Community Hospital
330033,CHENANGO MEMORIAL HOSPITAL,Chenango Memorial Hospital
330043,SOUTH SHORE UNIVERSITY  HOSPITAL,South Shore University Hospital
330044,WYNN HOSPITAL,Wynn Hospital
330045,HUNTINGTON HOSPITAL,Huntington Hospital
330046,MOUNT SINAI WEST,Mount Sinai West
330047,ST MARY'S HEALTHCARE,St. Mary's Healthcare
330049,NORTHERN DUTCHESS HOSPITAL,Northern Dutchess Hospital
330055,NEW YORK-PRESBYTERIAN/QUEENS,New York-Presbyterian/queens
330056,BROOKLYN HOSPITAL CENTER - DOWNTOWN CAMPUS,Brooklyn Hospital Center - Downtown Campus
330057,ST PETER'S HOSPITAL,St. Peter's Hospital
330058,GENEVA GENERAL HOSPITAL,Geneva General Hospital
330059,MONTEFIORE MEDICAL CENTER,Montefiore Medical Center
330065,NIAGARA FALLS MEMORIAL MEDICAL CENTER,Niagara Falls Memorial Medical Center
330073,UNITED MEMORIAL MEDICAL CENTER,United Memorial Medical Center
330074,F F THOMPSON HOSPITAL,F. F. Thompson Hospital
330078,SISTERS OF CHARITY HOSPITAL,Sisters of Charity Hospital
330079,ADIRONDACK MEDICAL CENTER - SARANAC LAKE,Adirondack Medical Center - Saranac Lake
330080,LINCOLN MEDICAL & MENTAL HEALTH CENTER,Lincoln Medical & Mental Health Center
330085,AURELIA OSBORN FOX MEMORIAL HOSPITAL,Aurelia Osborn Fox Memorial Hospital
330086,MONTEFIORE MOUNT VERNON HOSPITAL,Montefiore Mount Vernon Hospital
330090,ARNOT OGDEN MEDICAL CENTER,Arnot Ogden Medical Center
330094,COLUMBIA MEMORIAL HOSPITAL,Columbia Memorial Hospital
330096,JONES MEMORIAL HOSPITAL,Jones Memorial Hospital
330100,N Y EYE AND EAR INFIRMARY,N. y Eye and Ear Infirmary
330101,NEW YORK-PRESBYTERIAN HOSPITAL,New York-Presbyterian Hospital
330102,KENMORE MERCY HOSPITAL,Kenmore Mercy Hospital
330103,OLEAN GENERAL HOSPITAL,Olean General Hospital
330104,NYACK HOSPITAL,Nyack Hospital
330106,NORTH SHORE UNIVERSITY HOSPITAL,North Shore University Hospital
330107,PECONIC BAY MEDICAL CENTER,Peconic Bay Medical Center
330111,BERTRAND CHAFFEE HOSPITAL,Bertrand Chaffee Hospital
330115,ONEIDA HEALTH,Oneida Health
330119,LENOX HILL HOSPITAL,Lenox Hill Hospital
330125,ROCHESTER GENERAL HOSPITAL,Rochester General Hospital
330126,GARNET HEALTH MEDICAL CENTER,Garnet Health Medical Center
330127,JACOBI MEDICAL CENTER,Jacobi Medical Center
330128,ELMHURST HOSPITAL CENTER,Elmhurst Hospital Center
330135,BON SECOURS COMMUNITY HOSPITAL,Bon Secours Community Hospital
330136,MARY IMOGENE BASSETT HOSPITAL,Mary Imogene Bassett Hospital
330140,ST JOSEPH'S HOSPITAL HEALTH CENTER,St. Joseph's Hospital Health Center
330141,LONG ISLAND COMMUNITY HOSPITAL,Long Island Community Hospital
330151,ST JAMES HOSPITAL,St. James Hospital
330153,ELLIS HOSPITAL,Ellis Hospital
330154,MEMORIAL HOSPITAL FOR CANCER AND ALLIED DISEASES,Memorial Hospital for Cancer and Allied Diseases
330157,SAMARITAN MEDICAL CENTER,Samaritan Medical Center
330158,GOOD SAMARITAN HOSPITAL OF SUFFERN,Good Samaritan Hospital of Suffern
330160,STATEN ISLAND UNIVERSITY HOSPITAL,Staten Island University Hospital
330162,NORTHERN WESTCHESTER HOSPITAL,Northern Westchester Hospital
330164,HIGHLAND HOSPITAL,Highland Hospital
330169,MOUNT SINAI BETH ISRAEL,Mount Sinai Beth Israel
330175,GUTHRIE CORTLAND REGIONAL MEDICAL CENTER,Guthrie Cortland Regional Medical Center
330180,SAMARITAN HOSPITAL,Samaritan Hospital
330181,GLEN COVE HOSPITAL,Glen Cove Hospital
330182,"ST FRANCIS HOSPITAL, ROSLYN","St. Francis Hospital, Roslyn"
330184,MONTEFIORE NEW ROCHELLE HOSPITAL,Montefiore New Rochelle Hospital
330185,JOHN T MATHER MEMORIAL HOSPITAL  OF PORT JEFFERSON,John T. Mather Memorial Hospital of Port Jefferson
330188,MOUNT ST MARY'S HOSPITAL AND HEALTH CENTER,Mount St. Mary's Hospital and Health Center
330191,GLENS FALLS HOSPITAL,Glens Falls Hospital
330193,FLUSHING HOSPITAL MEDICAL CENTER,Flushing Hospital Medical Center
330194,MAIMONIDES MEDICAL CENTER,Maimonides Medical Center
330195,LONG ISLAND JEWISH MEDICAL CENTER,Long Island Jewish Medical Center
330196,SOUTH BROOKLYN HEALTH,South Brooklyn Health
330197,CANTON-POTSDAM HOSPITAL,Canton-Potsdam Hospital
330198,MOUNT SINAI SOUTH NASSAU,Mount Sinai South Nassau
330199,METROPOLITAN HOSPITAL CENTER,Metropolitan Hospital Center
330202,KINGS COUNTY HOSPITAL CENTER,Kings County Hospital Center
330203,CROUSE HOSPITAL,Crouse Hospital
330204,BELLEVUE HOSPITAL CENTER,Bellevue Hospital Center
330205,ST ANTHONY COMMUNITY HOSPITAL,St. Anthony Community Hospital
330208,ST JOHN'S RIVERSIDE HOSPITAL,St. John's Riverside Hospital
330214,NYU LANGONE HOSPITALS,NYU Langone Hospitals
330215,"ROME MEMORIAL HOSPITAL, INC","Rome Memorial Hospital, Inc"
330218,OSWEGO HOSPITAL,Oswego Hospital
330219,ERIE COUNTY MEDICAL CENTER,Erie County Medical Center
330221,WYCKOFF HEIGHTS MEDICAL CENTER,Wyckoff Heights Medical Center
330222,SARATOGA HOSPITAL,Saratoga Hospital
330224,HEALTHALLIANCE HOSPITAL MARYS AVENUE CAMPUS,Healthalliance Hospital Marys Avenue Campus
330226,UNITY HOSPITAL OF ROCHESTER,Unity Hospital of Rochester
330229,"BROOKS-TLC HOSPITAL SYSTEM, INC","Brooks-TLC Hospital System, Inc"
330231,QUEENS HOSPITAL CENTER,Queens Hospital Center
330233,BROOKDALE HOSPITAL MEDICAL CENTER,Brookdale Hospital Medical Center
330234,WESTCHESTER MEDICAL CENTER,Westchester Medical Center
330235,AUBURN  COMMUNITY  HOSPITAL,Auburn Community Hospital
330238,NICHOLAS H NOYES MEMORIAL HOSPITAL,Nicholas H. Noyes Memorial Hospital
330239,UPMC CHAUTAUQUA AT WCA,UPMC Chautauqua at WCA
330240,HARLEM HOSPITAL CENTER,Harlem Hospital Center
330241,UNIVERSITY HOSPITAL S U N Y HEALTH SCIENCE CENTER,University Hospital SUNY Health Science Center
330246,ST CHARLES HOSPITAL,St. Charles Hospital
330250,THE UNIVERSITY OF VERMONT HEALTH NETWORK  - CHAMPL,The University of Vermont Health Network - Champl
330259,MERCY MEDICAL CENTER,Mercy Medical Center
330261,PHELPS HOSPITAL,Phelps Hospital
330264,MONTEFIORE ST LUKE'S CORNWALL,Montefiore St. Luke's Cornwall
330265,CLIFTON SPRINGS HOSPITAL AND CLINIC,Clifton Springs Hospital and Clinic
330267,HUDSON VALLEY HOSPITAL CENTER,Hudson Valley Hospital Center
330270,HOSPITAL FOR SPECIAL SURGERY,Hospital for Special Surgery
330273,PUTNAM HOSPITAL CENTER,Putnam Hospital Center
330276,NATHAN LITTAUER HOSPITAL,Nathan Littauer Hospital
330277,CORNING HOSPITAL,Corning Hospital
330279,MERCY HOSPITAL OF BUFFALO,Mercy Hospital of Buffalo
330285,STRONG MEMORIAL HOSPITAL,Strong Memorial Hospital
330286,GOOD SAMARITAN HOSPITAL MEDICAL CENTER,Good Samaritan Hospital Medical Center
330304,WHITE PLAINS HOSPITAL CENTER,White Plains Hospital Center
330307,CAYUGA MEDICAL CENTER AT ITHACA,Cayuga Medical Center at Ithaca
330331,PLAINVIEW HOSPITAL,Plainview Hospital
330332,ST JOSEPH HOSPITAL,St. Joseph Hospital
330350,SUNY HEALTH SCIENCE CENTER AT BROOKLYN UNIVERSITY,SUNY Health Science Center at Brooklyn University
330354,ROSWELL PARK CANCER INSTITUTE,Roswell Park Cancer Institute
330386,GARNET HEALTH  MEDICAL CENTER CATSKILLS,Garnet Health Medical Center Catskills
330393,STONY BROOK UNIVERSITY HOSPITAL,Stony Brook University Hospital
330394,"UNITED HEALTH SERVICES HOSPITALS, INC","United Health Services Hospitals, Inc"
330395,ST JOHN'S EPISCOPAL HOSPITAL AT SOUTH SHORE,St. John's Episcopal Hospital at South Shore
330396,WOODHULL MEDICAL & MENTAL HEALTH CENTER,Woodhull Medical & Mental Health Center
330399,ST BARNABAS HOSPITAL,St. Barnabas Hospital
330401,ST CATHERINE OF SIENA HOSPITAL,St. Catherine of Siena Hospital
330405,HELEN HAYES HOSPITAL,Helen Hayes Hospital
330406,SUNNYVIEW HOSPITAL AND REHABILITATION CENTER,Sunnyview Hospital and Rehabilitation Center
330410,TERENCE CARDINAL COOKE HEALTH CARE CENTER,Terence Cardinal Cooke Health Care Center
330411,UNITY SPECIALTY HOSPITAL,Unity Specialty Hospital
330799,CLIFTON-FINE HOSPITAL,Clifton-Fine Hospital
330800,IRA DAVENPORT MEMORIAL HOSPITAL,Ira Davenport Memorial Hospital
330801,"WESTFIELD MEMORIAL HOSPITAL, INC","Westfield Memorial Hospital, Inc"
331301,"CUBA MEMORIAL HOSPITAL, INC","Cuba Memorial Hospital, Inc"
331302,ELIZABETHTOWN COMMUNITY HOSPITAL,Elizabethtown Community Hospital
331303,GARNET HEALTH MEDICAL CENTER-CATSKILLS,Garnet Health Medical Center-Catskills
331304,MARGARETVILLE MEMORIAL HOSPITAL,Margaretville Memorial Hospital
331305,O'CONNOR HOSPITAL,O.'Connor Hospital
331309,RIVER HOSPITAL CLINICS,River Hospital Clinics
331310,ELLENVILLE REGIONAL HOSPITAL,Ellenville Regional Hospital
331311,LITTLE FALLS HOSPITAL,Little Falls Hospital
331312,"DELAWARE VALLEY HOSPITAL, INC","Delaware Valley Hospital, Inc"
331313,SCHUYLER HOSPITAL,Schuyler Hospital
331314,SOLDIERS AND SAILORS MEMORIAL HOSPITAL OF YATES,Soldiers and Sailors Memorial Hospital of Yates
331315,GOUVERNEUR HOSPITAL,Gouverneur Hospital
331316,"COMMUNITY MEMORIAL HOSPITAL, INC","Community Memorial Hospital, Inc"
331317,LEWIS COUNTY GENERAL HOSPITAL,Lewis County General Hospital
331318,"CARTHAGE AREA HOSPITAL, INC","Carthage Area Hospital, Inc"
331319,MEDINA MEMORIAL HOSPITAL,Medina Memorial Hospital
331320,COBLESKILL REGIONAL HOSPITAL,Cobleskill Regional Hospital
331321,THE UNIVERSITY OF VERMONT HEALTH NETWORK-ALICE HY,The University of Vermont Health Network-Alice Hy
331322,"SLHS MASSENA, INC","Slhs Massena, Inc"
331323,WYOMING COUNTY,Wyoming County
331324,"CARTHAGE AREA HOSPITAL, INC","Carthage Area Hospital, Inc"
332006,CALVARY HOSPITAL INC,Calvary Hospital Inc
332008,HENRY J CARTER SPECIALTY HOSPITAL,Henry J. Carter Specialty Hospital
333030,BURKE REHABILITATION HOSPITAL,Burke Rehabilitation Hospital
333301,BLYTHEDALE CHILDREN'S HOSPITAL,Blythedale Children's Hospital
334001,HUTCHINGS PSYCHIATRIC CTR,Hutchings Psychiatric Center
334002,FOUR WINDS,Four Winds
334003,ST LAWRENCE PSYCHIATRIC CENTER,St. Lawrence Psychiatric Center
334004,CREEDMOOR PSYCHIATRIC CENTER,Creedmoor Psychiatric Center
334009,NEW YORK STATE PSYCHIATRIC INSTITUTE,New York State Psychiatric Institute
334012,GREATER BINGHAMTON HEALTH CENTER,Greater Binghamton Health Center
334013,PILGRIM PSYCHIATRIC CENTER,Pilgrim Psychiatric Center
334015,ROCKLAND PSYCH CTR,Rockland Psych Center
334020,ROCHESTER PSYCHIATRIC CENTER,Rochester Psychiatric Center
334021,MOHAWK VALLEY PSYCHIATRIC CENTER,Mohawk Valley Psychiatric Center
334022,BRYLIN HOSP,Brylin Hospital
334026,BRUNSWICK PSYCH CENTER,Brunswick Psych Center
334027,SOUTH OAKS HOSP,South Oaks Hospital
334043,SOUTH BEACH PSYCHIATRIC CENTER,South Beach Psychiatric Center
334045,ELMIRA PSYCH CENTER,Elmira Psych Center
334046,CAPITAL DISTRICT PSYCH CENTER,Capital District Psych Center
334048,GRACIE SQUARE HOSP,Gracie Square Hospital
334049,FOUR WINDS OF SARATOGA,Four Winds of Saratoga
334052,BUFFALO PSYCHIATRIC CENTER,Buffalo Psychiatric Center
334053,BRONX PSYCHIATRIC CENTER,Bronx Psychiatric Center
334054,MANHATTAN PSYCHIATRIC CENTER,Manhattan Psychiatric Center
334060,KIRBY FORENSIC PSYCHIATRIC CENTER,Kirby Forensic Psychiatric Center
334061,MID HUDSON FORENSIC PSYCHIATRIC CTR,MID Hudson Forensic Psychiatric Center
334063,KINGSBORO PSYCHIATRIC HOSPITAL,Kingsboro Psychiatric Hospital
334064,SAGAMORE CHILDREN'S PSYCHIATRIC CENTER,Sagamore Children's Psychiatric Center
334065,WESTERN NY CHILDRENS PSYCHIATRIC CENTER,Western Ny Childrens Psychiatric Center
334066,ROCKLAND CHILDREN'S PSYCHIATRIC CENTER,Rockland Children's Psychiatric Center
334067,NEW YORK CITY CHILDRENS PSYCH CENTER,New York City Childrens Psych Center
334068,CLAXTON-HEPBURN MEDICAL CENTER,Claxton-Hepburn Medical Center
340001,ATRIUM HEALTH CABARRUS,Atrium Health Cabarrus
340002,MEMORIAL MISSION HOSPITAL AND ASHEVILLE SURGERY CE,Memorial Mission Hospital and Asheville Surgery Ce
340003,NORTHERN REGIONAL HOSPITAL,Northern Regional Hospital
340004,HIGH POINT REGIONAL HOSPITAL,High Point Regional Hospital
340008,SCOTLAND MEMORIAL HOSPITAL,Scotland Memorial Hospital
340010,UNC HEALTH WAYNE,UNC Health Wayne
340013,RUTHERFORD REGIONAL MEDICAL CENTER,Rutherford Regional Medical Center
340014,NOVANT HEALTH FORSYTH MEDICAL CENTER,Novant Health Forsyth Medical Center
340015,NOVANT HEALTH ROWAN MEDICAL CENTER,Novant Health Rowan Medical Center
340016,HARRIS REGIONAL HOSPITAL,Harris Regional Hospital
340017,MARGARET R PARDEE MEMORIAL HOSPITAL,Margaret R. Pardee Memorial Hospital
340020,CENTRAL CAROLINA HOSPITAL,Central Carolina Hospital
340021,ATRIUM HEALTH CLEVELAND,Atrium Health Cleveland
340023,ADVENTHEALTH HENDERSONVILLE,AdventHealth Hendersonville
340024,SAMPSON REGIONAL MEDICAL CENTER,Sampson Regional Medical Center
340027,UNC LENOIR HEALTH CARE,UNC Lenoir Health Care
340028,CAPE FEAR VALLEY MEDICAL CENTER,Cape Fear Valley Medical Center
340030,DUKE UNIVERSITY HOSPITAL,Duke University Hospital
340032,CAROMONT REGIONAL MEDICAL CENTER,Caromont Regional Medical Center
340039,IREDELL MEMORIAL HOSPITAL INC,Iredell Memorial Hospital Inc
340040,ECU HEALTH MEDICAL CENTER,ECU Health Medical Center
340041,CALDWELL MEMORIAL HOSPITAL,Caldwell Memorial Hospital
340042,ONSLOW MEMORIAL HOSPITAL,Onslow Memorial Hospital
340047,NORTH CAROLINA BAPTIST HOSPITAL,North Carolina Baptist Hospital
340049,NORTH CAROLINA SPECIALTY HOSPITAL,North Carolina Specialty Hospital
340050,SOUTHEASTERN REGIONAL MEDICAL CENTER,Southeastern Regional Medical Center
340051,WATAUGA MEDICAL CENTER,Watauga Medical Center
340053,NOVANT HEALTH PRESBYTERIAN MEDICAL CENTER,Novant Health Presbyterian Medical Center
340060,UNC ROCKINGHAM,UNC Rockingham
340061,UNC HOSPITALS,UNC Hospitals
340064,WILKES REGIONAL MEDICAL CENTER,Wilkes Regional Medical Center
340068,COLUMBUS REGIONAL HEALTHCARE SYSTEM,Columbus Regional Healthcare System
340069,WAKEMED,Wakemed
340070,ALAMANCE REGIONAL MEDICAL CENTER,Alamance Regional Medical Center
340071,BETSY JOHNSON REGIONAL  HOSPITAL,Betsy Johnson Regional Hospital
340075,UNC HEALTH BLUE RIDGE,UNC Health Blue Ridge
340084,ATRIUM HEALTH ANSON,Atrium Health Anson
340085,NOVANT HEALTH THOMASVILLE MEDICAL CENTER,Novant Health Thomasville Medical Center
340087,MISSION HOSPITAL MCDOWELL,Mission Hospital McDowell
340090,JOHNSTON HEALTH,Johnston Health
340091,CONE HEALTH,Cone Health
340096,LEXINGTON MEMORIAL HOSPITAL INC,Lexington Memorial Hospital Inc
340097,HUGH CHATHAM MEMORIAL HOSPITAL,Hugh Chatham Memorial Hospital
340098,ATRIUM HEALTH PINEVILLE,Atrium Health Pineville
340099,VIDANT ROANOKE CHOWAN HOSPITAL,Vidant Roanoke Chowan Hospital
340107,VIDANT EDGECOMBE HOSPITAL,Vidant Edgecombe Hospital
340109,SENTARA ALBEMARLE MEDICAL CENTER,Sentara Albemarle Medical Center
340113,CAROLINAS MEDICAL CENTER/BEHAV HEALTH,Carolinas Medical Center/behav Health
340114,REX HOSPITAL,REX Hospital
340115,FIRSTHEALTH MOORE REGIONAL HOSPITAL,FirstHealth Moore Regional Hospital
340116,FRYE REGIONAL MEDICAL CENTER,Frye Regional Medical Center
340119,ATRIUM HEALTH STANLY,Atrium Health Stanly
340120,VIDANT DUPLIN  HOSPITAL,Vidant Duplin Hospital
340123,RANDOLPH HOSPITAL,Randolph Hospital
340126,WILSON MEDICAL CENTER,Wilson Medical Center
340127,GRANVILLE HEALTH SYSTEMS,Granville Health Systems
340129,DUKE HEALTH LAKE NORMAN HOSPITAL,Duke Health Lake Norman Hospital
340130,ATRIUM HEALTH UNION,Atrium Health Union
340131,CAROLINA EAST MEDICAL CENTER,Carolina East Medical Center
340132,MARIA PARHAM MEDICAL CENTER,Maria Parham Medical Center
340141,NOVANT HEALTH NEW HANOVER REGIONAL MEDICAL CENTER,Novant Health New Hanover Regional Medical Center
340142,CARTERET GENERAL HOSPITAL,Carteret General Hospital
340143,CATAWBA VALLEY MEDICAL CENTER,Catawba Valley Medical Center
340145,ATRIUM HEALTH LINCOLN,Atrium Health Lincoln
340147,UNC HEALTH NASH,UNC Health Nash
340148,NOVANT HEALTH MEDICAL PARK HOSPITAL,Novant Health Medical Park Hospital
340151,ECU HEALTH NORTH HOSPITAL,ECU Health North Hospital
340155,DUKE REGIONAL HOSPITAL,Duke Regional Hospital
340158,NOVANT HEALTH BRUNSWICK MEDICAL CENTER,Novant Health Brunswick Medical Center
340159,PERSON MEMORIAL HOSPITAL,Person Memorial Hospital
340166,ATRIUM HEALTH UNIVERSITY CITY,Atrium Health University City
340168,WILMINGTON TREATMENT CENTER,Wilmington Treatment Center
340171,NOVANT HEALTH MATTHEWS MEDICAL CENTER,Novant Health Matthews Medical Center
340173,WAKEMED,Wakemed
340183,NOVANT HEALTH HUNTERSVILLE MEDICAL CENTER,Novant Health Huntersville Medical Center
340184,HAYWOOD REGIONAL MEDICAL CENTER,Haywood Regional Medical Center
340188,CAPE FEAR VALLEY HOKE HOSPITAL,Cape Fear Valley Hoke Hospital
340190,NOVANT HEALTH MINT HILL MEDICAL CENTER,Novant Health Mint Hill Medical Center
340195,NOVANT HEALTH BALLANTYNE MEDICAL CENTER,Novant Health Ballantyne Medical Center
341303,FIRSTHEALTH MONTGOMERY MEMORIAL HOSP,FirstHealth Montgomery Memorial Hospital
341304,ECU HEALTH BERTIE HOSPITAL,ECU Health Bertie Hospital
341305,SWAIN COUNTY HOSPITAL,Swain County Hospital
341307,PENDER MEMORIAL HOSPITAL,Pender Memorial Hospital
341311,CHATHAM HOSPITAL INC,Chatham Hospital Inc
341314,WASHINGTON COUNTY HOSP INC,Washington County Hospital Inc
341315,CAPE FEAR VALLEY-BLADEN COUNTY HOSPITAL,Cape Fear Valley-Bladen County Hospital
341316,HIGHLANDS CASHIERS HOSPITAL,Highlands Cashiers Hospital
341317,LIFEBRITE COMMUNITY HOSPITAL OF STOKES,Lifebrite Community Hospital of Stokes
341318,VIDANT CHOWAN HOSPITAL,Vidant Chowan Hospital
341319,"TRANSYLVANIA REGIONAL HOSPITAL, INC","Transylvania Regional Hospital, Inc"
341320,ALLEGHANY  MEMORIAL HOSPITAL,Alleghany Memorial Hospital
341322,ADVENT HEALTH POLK,Advent Health Polk
341323,CHARLES A CANNON JR MEMORIAL HOSPITAL,Charles A. Cannon Jr. Memorial Hospital
341324,"THE OUTER BANKS HOSPITAL, INC","The Outer Banks Hospital, Inc"
341325,ASHE MEMORIAL HOSPITAL,Ashe Memorial Hospital
341326,ANGEL MEDICAL CENTER,Angel Medical Center
341327,J ARTHUR DOSHER MEMORIAL HOSPITAL,J. Arthur Dosher Memorial Hospital
341328,ERLANGER MURPHY MEDICAL CENTER,Erlanger Murphy Medical Center
341329,BLUE RIDGE REGIONAL HOSPITAL,Blue Ridge Regional Hospital
342012,KINDRED HOSPITAL GREENSBORO,Kindred Hospital Greensboro
342013,PAM SPECIALTY HOSPITAL OF ROCKY MOUNT,PAM Specialty Hospital of Rocky Mount
342014,HIGHSMITH RAINEY MEMORIAL HOSPITAL,Highsmith Rainey Memorial Hospital
342015,CAROLINAS CONTINUECARE HOSPITAL AT PINEVILLE,Carolinas Continuecare Hospital at Pineville
342018,SELECT SPECIALTY HOSPITAL DURHAM INC,Select Specialty Hospital Durham Inc
342020,SELECT SPECIALTY HOSPITAL-GREENSBORO,Select Specialty Hospital-Greensboro
343025,CAREPARTNERS REHABILITATION HOSPITAL,Carepartners Rehabilitation Hospital
343026,CAROLINAS REHABILITATION,Carolinas Rehabilitation
343027,NOVANT HEALTH REHABILITATION HOSPITAL,Novant Health Rehabilitation Hospital
343028,PEAK REHABILITATION HOSPITAL,Peak Rehabilitation Hospital
344004,CENTRAL REGIONAL HOSPITAL,Central Regional Hospital
344007,OLD VINEYARD YOUTH SERVICES,Old Vineyard Youth Services
344014,HOLLY HILL MENTAL HEALTH SERVICES,Holly Hill Mental Health Services
344016,BRYNN MARR HOSP,Brynn Marr Hospital
344023,JULIAN F KEITH ALCOHOL & DRUG ABUSE TX,Julian F. Keith Alcohol & Drug Abuse Tx
344025,BROUGHTON HOSPITAL,Broughton Hospital
344026,CHERRY HOSPITAL,Cherry Hospital
344029,"GOOD HOPE HOSPITAL, INC","Good Hope Hospital, Inc"
344030,STRATEGIC BEHAVIORAL CENTER-LELAND,Strategic Behavioral Center-Leland
344032,TRIANGLE SPRINGS,Triangle Springs
344033,WALTER B JONES CENTER LAKESIDE PSYCHIATRIC HOSPITA,Walter B. Jones Center Lakeside Psychiatric Hospita
344034,APPALACHIAN REGIONAL BEHAVIORAL HEALTHCARE,Appalachian Regional Behavioral Healthcare
344035,RALEIGH OAKS BEHAVIORAL HEALTH,Raleigh Oaks Behavioral Health
344036,IREDELL DAVIS BEHAVIORAL HEALTH HOSPITAL,Iredell Davis Behavioral Health Hospital
344037,ECU HEALTH BEHAVIORAL HEALTH HOSPITAL,ECU Health Behavioral Health Hospital
350002,CHI ST ALEXIUS HEALTH,CHI St. Alexius Health
350006,TRINITY HOSPITALS,Trinity Hospitals
350011,SANFORD,Sanford
350015,SANFORD MEDICAL CENTER BISMARCK,Sanford Medical Center Bismarck
350019,ALTRU HOSPITAL,Altru Hospital
350070,ESSENTIA HEALTH FARGO,Essentia Health Fargo
350779,NELSON COUNTY HEALTH SYSTEM,Nelson County Health System
351300,TIOGA MEDICAL CENTER,Tioga Medical Center
351301,MOUNTRAIL COUNTY MEDICAL CENTER INC,Mountrail County Medical Center Inc
351302,MCKENZIE COUNTY HEALTHCARE SYSTEMS INC,McKenzie County Healthcare Systems Inc
351303,GARRISON MEMORIAL HOSPITAL,Garrison Memorial Hospital
351304,CHI ST ALEXIUS HEALTH TURTLE LAKE,CHI St. Alexius Health Turtle Lake
351305,KENMARE COMMUNITY HOSPITAL,Kenmare Community Hospital
351306,COOPERSTOWN MEDICAL CENTER,Cooperstown Medical Center
351307,ST ANDREWS HEALTH CENTER - CAH,St. Andrews Health Center - CAH
351309,SANFORD MEDICAL CENTER MAYVILLE,Sanford Medical Center Mayville
351310,SAKAKAWEA MEDICAL CENTER - CAH,Sakakawea Medical Center - CAH
351311,CHI LISBON HEALTH,CHI Lisbon Health
351312,NORTHWOOD DEACONESS HEALTH CENTER,Northwood Deaconess Health Center
351313,SOUTHWEST HEALTHCARE SERVICES,Southwest Healthcare Services
351314,JACOBSON MEMORIAL HOSPITAL CARE CENTER,Jacobson Memorial Hospital Care Center
351315,CHI OAKES HOSPITAL,CHI Oakes Hospital
351316,PRESENTATION MEDICAL CENTER,Presentation Medical Center
351318,CARRINGTON HEALTH CENTER,Carrington Health Center
351319,PEMBINA COUNTY MEMORIAL HOSPITAL,Pembina County Memorial Hospital
351320,UNITY MEDICAL CENTER,Unity Medical Center
351321,SOUTH CENTRAL HEALTH,South Central Health
351322,ASHLEY MEDICAL CENTER,Ashley Medical Center
351323,CAVALIER COUNTY MEMORIAL HOSPITAL ASSOCIATION,Cavalier County Memorial Hospital Association
351324,CHI MERCY HEALTH,CHI Mercy Health
351325,ST LUKE'S HOSPITAL,St. Luke's Hospital
351326,FIRST CARE HEALTH CENTER,First Care Health Center
351327,SMP HEALTH ST ALOISIUS,SMP Health St. Aloisius
351328,LINTON HOSPITAL - CAH,Linton Hospital - CAH
351329,SANFORD MEDICAL CENTER HILLSBORO,Sanford Medical Center Hillsboro
351330,WEST RIVER REGIONAL MEDICAL CENTER,West River Regional Medical Center
351331,TOWNER COUNTY MEDICAL CENTER,Towner County Medical Center
351332,HEART OF AMERICA MEDICAL CENTER,Heart of America Medical Center
351333,CHI ST ALEXIUS HEALTH DEVILS LAKE,CHI St. Alexius Health Devils Lake
351334,CHI ST ALEXIUS HEALTH WILLISTON,CHI St. Alexius Health Williston
351335,JAMESTOWN REGIONAL MEDICAL CENTER,Jamestown Regional Medical Center
351336,CHI ST ALEXIUS HEALTH DICKINSON,CHI St. Alexius Health Dickinson
352004,VIBRA HOSPITAL OF FARGO,Vibra Hospital of Fargo
352005,VIBRA HOSPITAL OF CENTRAL DAKOTAS LLC,Vibra Hospital of Central Dakotas LLC
353026,PAM REHABILITATION HOSPITAL OF FARGO,PAM Rehabilitation Hospital of Fargo
353027,ALTRU REHABILITATION HOSPITAL,Altru Rehabilitation Hospital
354003,NORTH DAKOTA STATE HOSPITAL,North Dakota State Hospital
354004,PRAIRIE ST JOHNS,Prairie St. Johns
360001,MERCY HEALTH-ANDERSON HOSPITAL,Mercy Health-Anderson Hospital
360002,UNIVERSITY HOSPITALS SAMARITAN MEDICAL CENTER,University Hospitals Samaritan Medical Center
360003,"UNIVERSITY OF CINCINNATI MEDICAL CENTER, LLC","University of Cincinnati Medical Center, LLC"
360006,RIVERSIDE METHODIST HOSPITAL,Riverside Methodist Hospital
360008,SOUTHERN OHIO MEDICAL CENTER,Southern Ohio Medical Center
360009,LIMA MEMORIAL HEALTH SYSTEM,Lima Memorial Health System
360010,UNION HOSPITAL,Union Hospital
360011,MARION GENERAL HOSPITAL,Marion General Hospital
360012,MOUNT CARMEL ST ANN'S,Mount Carmel St. Ann's
360013,WILSON MEMORIAL HOSPITAL,Wilson Memorial Hospital
360014,OHIOHEALTH O'BLENESS HOSPITAL,Ohiohealth O.'Bleness Hospital
360016,THE JEWISH HOSPITAL-MERCY HEALTH,The Jewish Hospital-Mercy Health
360017,GRANT MEDICAL CENTER,Grant Medical Center
360020,SUMMA HEALTH SYSTEM,Summa Health System
360025,FIRELANDS REGIONAL MEDICAL CENTER,Firelands Regional Medical Center
360026,KETTERING HEALTH GREENE MEMORIAL,Kettering Health Greene Memorial
360027,AKRON GENERAL MEDICAL CENTER,Akron General Medical Center
360029,WOOD COUNTY HOSPITAL,Wood County Hospital
360032,GRAND LAKE HEALTH SYSTEM,Grand Lake Health System
360035,MOUNT CARMEL EAST,Mount Carmel East
360036,WOOSTER COMMUNITY HOSPITAL,Wooster Community Hospital
360039,GENESIS HOSPITAL,Genesis Hospital
360040,KNOX COMMUNITY HOSPITAL,Knox Community Hospital
360041,PARMA COMMUNITY GENERAL HOSPITAL,Parma Community General Hospital
360046,MCCULLOUGH-HYDE MEMORIAL HOSPITAL,McCullough-Hyde Memorial Hospital
360048,UNIVERSITY OF TOLEDO MEDICAL CENTER,University of Toledo Medical Center
360051,MIAMI VALLEY HOSPITAL,Miami Valley Hospital
360054,HOLZER MEDICAL CENTER,Holzer Medical Center
360056,MERCY HEALTH - FAIRFIELD HOSPITAL,Mercy Health - Fairfield Hospital
360058,MERCER COUNTY JOINT TOWNSHIP COMMUNITY HOSPITAL,Mercer County Joint Township Community Hospital
360059,METROHEALTH SYSTEM,Metrohealth System
360064,MH ST ELIZABETH YOUNGSTOWN HOSPITAL,Mh St. Elizabeth Youngstown Hospital
360065,FISHER-TITUS HOSPITAL,Fisher-Titus Hospital
360066,MERCY HEALTH-ST RITA'S MEDICAL CENTER,Mercy Health-St. Rita's Medical Center
360068,TOLEDO HOSPITAL THE,Toledo Hospital the
360070,MERCY MEDICAL CENTER,Mercy Medical Center
360071,VAN WERT COUNTY HOSPITAL,Van Wert County Hospital
360072,FAIRFIELD MEDICAL CENTER,Fairfield Medical Center
360075,UH REGIONAL HOSPITALS,UH Regional Hospitals
360076,ATRIUM MEDICAL CENTER,Atrium Medical Center
360077,FAIRVIEW HOSPITAL,Fairview Hospital
360078,UNIVERSITY HOSPITALS PORTAGE MEDICAL CENTER,University Hospitals Portage Medical Center
360079,KETTERING HEALTH MAIN CAMPUS,Kettering Health Main Campus
360082,EUCLID HOSPITAL,Euclid Hospital
360084,AULTMAN HOSPITAL,Aultman Hospital
360085,OHIO STATE UNIVERSITY HOSPITALS,Ohio State University Hospitals
360086,MERCY HEALTH - SPRINGFIELD REGIONAL MEDICAL CENTER,Mercy Health - Springfield Regional Medical Center
360087,LUTHERAN HOSPITAL,Lutheran Hospital
360089,MERCY HEALTH - TIFFIN HOSPITAL,Mercy Health - Tiffin Hospital
360091,MEDINA HOSPITAL,Medina Hospital
360092,MEMORIAL HOSPITAL,Memorial Hospital
360095,BLANCHARD VALLEY HOSPITAL,Blanchard Valley Hospital
360096,EAST LIVERPOOL CITY HOSPITAL,East Liverpool City Hospital
360098,LAKE HEALTH,Lake Health
360107,BELLEVUE HOSPITAL,Bellevue Hospital
360109,COSHOCTON REGIONAL MEDICAL CENTER,Coshocton Regional Medical Center
360112,MERCY HEALTH ST VINCENT MEDICAL CENTER,Mercy Health St. Vincent Medical Center
360118,OHIOHEALTH MANSFIELD HOSPITAL,Ohiohealth Mansfield Hospital
360121,COMMUNITY HOSPITALS AND WELLNESS CENTERS,Community Hospitals and Wellness Centers
360123,UH ST JOHN MEDICAL CENTER,UH St. John Medical Center
360125,ASHTABULA COUNTY MEDICAL CENTER,Ashtabula County Medical Center
360131,ALLIANCE COMMUNITY HOSPITAL,Alliance Community Hospital
360132,FORT HAMILTON HUGHES MEMORIAL HOSPITAL,Fort Hamilton Hughes Memorial Hospital
360133,KETTERING HEALTH DAYTON,Kettering Health Dayton
360134,GOOD SAMARITAN HOSPITAL,Good Samaritan Hospital
360137,UH CLEVELAND MEDICAL CENTER,UH Cleveland Medical Center
360143,MARYMOUNT HOSPITAL,Marymount Hospital
360144,SOUTH POINTE HOSPITAL,South Pointe Hospital
360145,UNIVERSITY HOSPITALS - ELYRIA MEDICAL CENTER,University Hospitals - Elyria Medical Center
360147,MARIETTA MEMORIAL HOSPITAL,Marietta Memorial Hospital
360150,SUMMA WESTERN RESERVE HOSPITAL,Summa Western Reserve Hospital
360152,DOCTORS HOSPITAL,Doctors Hospital
360155,SOUTHWEST GENERAL HEALTH CENTER,Southwest General Health Center
360156,MEMORIAL HOSPITAL,Memorial Hospital
360159,ADENA REGIONAL MEDICAL CENTER,Adena Regional Medical Center
360161,MH ST JOSEPH WARREN HOSPITAL,Mh St. Joseph Warren Hospital
360163,CHRIST HOSPITAL,Christ Hospital
360170,BERGER HOSPITAL,Berger Hospital
360172,MERCY HEALTH-LORAIN HOSPITAL,Mercy Health-Lorain Hospital
360174,UPPER VALLEY MEDICAL CENTER,Upper Valley Medical Center
360175,TRIHEALTH CLINTON REGIONAL HOSPITAL,Trihealth Clinton Regional Hospital
360179,BETHESDA NORTH,Bethesda North
360180,CLEVELAND CLINIC,Cleveland Clinic
360185,SALEM REGIONAL MEDICAL CENTER,Salem Regional Medical Center
360189,MADISON HEALTH,Madison Health
360197,MARY RUTAN HOSPITAL,Mary Rutan Hospital
360203,SOUTHEASTERN OHIO REGIONAL MEDICAL CENTER,Southeastern Ohio Regional Medical Center
360210,GRADY MEMORIAL HOSPITAL,Grady Memorial Hospital
360211,TRINITY MEDICAL CTR EAST &TRINITY MEDICAL CTR WEST,Trinity Medical Center East &Trinity Medical Center West
360218,LICKING MEMORIAL HOSPITAL,Licking Memorial Hospital
360230,HILLCREST HOSPITAL,Hillcrest Hospital
360234,MERCY HEALTH - WEST HOSPITAL,Mercy Health - West Hospital
360236,MERCY HEALTH - CLERMONT HOSPITAL,Mercy Health - Clermont Hospital
360239,KETTERING HEALTH MIAMISBURG,Kettering Health Miamisburg
360242,JAMES CANCER HOSPITAL & SOLOVE RESEARCH INSTITUTE,James Cancer Hospital & Solove Research Institute
360245,GLENBEIGH HEALTH SOURCES,Glenbeigh Health Sources
360259,BAY PARK COMMUNITY HOSPITAL,Bay Park Community Hospital
360263,INSTITUTE FOR ORTHOPAEDIC SURGERY,Institute for Orthopaedic Surgery
360266,MOUNT CARMEL NEW ALBANY SURGICAL HOSPITAL,Mount Carmel New Albany Surgical Hospital
360270,MERCY HEALTH - DEFIANCE HOSPITAL,Mercy Health - Defiance Hospital
360276,MH ST ELIZABETH BOARDMAN HOSPITAL,Mh St. Elizabeth Boardman Hospital
360348,DUBLIN METHODIST HOSPITAL,Dublin Methodist Hospital
360351,CRYSTAL CLINIC ORTHOPAEDIC CENTER,Crystal Clinic Orthopaedic Center
360352,SURGICAL HOSPITAL AT SOUTHWOODS,Surgical Hospital at Southwoods
360354,"WEST CHESTER HOSPITAL, LLC","West Chester Hospital, LLC"
360355,OHIO VALLEY SURGICAL HOSPITAL,Ohio Valley Surgical Hospital
360358,DILEY RIDGE MEDICAL CENTER,Diley Ridge Medical Center
360359,UNIVERSITY HOSPITALS AHUJA MEDICAL CENTER,University Hospitals Ahuja Medical Center
360360,SOIN MEDICAL CENTER,Soin Medical Center
360361,KINGS DAUGHTERS MEDICAL CENTER OHIO,Kings Daughters Medical Center Ohio
360364,CLEVELAND CLINIC AVON HOSPITAL,Cleveland Clinic Avon Hospital
360365,AVITA ONTARIO,Avita Ontario
360367,LAKE HEALTH BEACHWOOD MEDICAL CENTER,Lake Health Beachwood Medical Center
360368,KETTERING HEALTH TROY,Kettering Health Troy
360374,MERCY HEALTH KINGS MILLS HOSPITAL LLC,Mercy Health Kings Mills Hospital LLC
360375,MOUNT CARMEL DUBLIN,Mount Carmel Dublin
361300,PAULDING COUNTY HOSPITAL,Paulding County Hospital
361301,COMMUNITY MEMORIAL HOSPITAL,Community Memorial Hospital
361302,TWIN CITY MEDICAL CENTER,Twin City Medical Center
361303,LODI COMMUNITY HOSPITAL,Lodi Community Hospital
361304,GREENFIELD AREA MEDICAL CENTER,Greenfield Area Medical Center
361306,MERCY HEALTH-ALLEN HOSPITAL,Mercy Health-Allen Hospital
361307,UHHS MEMORIAL HOSPITAL OF GENEVA,Uhhs Memorial Hospital of Geneva
361308,UNIVERSITY HOSPITALS CONNEAUT MEDICAL CENTER,University Hospitals Conneaut Medical Center
361309,"HENRY COUNTY HOSPITAL, INC","Henry County Hospital, Inc"
361310,MERCY HEALTH - WILLARD HOSPITAL,Mercy Health - Willard Hospital
361311,HARRISON COMMUNITY HOSPITAL,Harrison Community Hospital
361312,MERCY HEALTH - URBANA HOSPITAL,Mercy Health - Urbana Hospital
361313,OHIOHEALTH MORROW COUNTY HOSPITAL,Ohiohealth Morrow County Hospital
361314,MAGRUDER HOSPITAL,Magruder Hospital
361315,HARDIN MEMORIAL HOSPITAL,Hardin Memorial Hospital
361316,BUCYRUS COMMUNITY HOSPITAL,Bucyrus Community Hospital
361318,FOSTORIA COMMUNITY HOSPITAL,Fostoria Community Hospital
361319,SELBY GENERAL HOSPITAL,Selby General Hospital
361320,HOLZER MEDICAL CENTER JACKSON,Holzer Medical Center Jackson
361321,"BARNESVILLE HOSPITAL ASSOCIATION, INC","Barnesville Hospital Association, Inc"
361322,BLUFFTON HOSPITAL,Bluffton Hospital
361323,AULTMAN ORRVILLE HOSPITAL,Aultman Orrville Hospital
361324,OHIOHEALTH SHELBY HOSPITAL,Ohiohealth Shelby Hospital
361325,GALION COMMUNITY HOSPITAL,Galion Community Hospital
361326,ADAMS COUNTY REGIONAL MEDICAL CENTER,Adams County Regional Medical Center
361327,COMMUNITY HOSPITALS AND WELLNESS CENTERS,Community Hospitals and Wellness Centers
361328,DEFIANCE REGIONAL MEDICAL CENTER,Defiance Regional Medical Center
361329,WYANDOT MEMORIAL HOSPITAL,Wyandot Memorial Hospital
361330,HOCKING VALLEY COMMUNITY HOSPITAL,Hocking Valley Community Hospital
361331,ADENA FAYETTE MEDICAL CENTER,Adena Fayette Medical Center
361332,HIGHLAND DISTRICT HOSPITAL,Highland District Hospital
361333,FULTON COUNTY HEALTH CENTER,Fulton County Health Center
361334,ADENA PIKE MEDICAL CENTER,Adena Pike Medical Center
361335,WAYNE HOSPITAL,Wayne Hospital
361337,POMERENE HOSPITAL,Pomerene Hospital
362015,GRACE HOSPITAL,Grace Hospital
362016,"SELECT SPECIALTY HOSPITAL-NORTHEAST OHIO, INC","Select Specialty Hospital-Northeast Ohio, Inc"
362019,"SELECT SPECIALTY HOSPITAL-CINCINNATI, INC","Select Specialty Hospital-Cincinnati, Inc"
362020,KINDRED HOSPITAL LIMA,Kindred Hospital Lima
362022,"SELECT SPECIALTY HOSPITAL-COLUMBUS, INC","Select Specialty Hospital-Columbus, Inc"
362023,SELECT SPECIALTY HOSPITAL-BOARDMAN,Select Specialty Hospital-Boardman
362026,SELECT SPECIALTY HOSPITAL- CLEVELAND FAIRHILL,Select Specialty Hospital- Cleveland Fairhill
362027,SELECT SPECIALTY HOSPITAL-AKRON,Select Specialty Hospital-Akron
362028,PAM HEALTH SPECIALTY HOSPITAL OF MIAMISBURG,PAM Health Specialty Hospital of Miamisburg
362029,REGENCY HOSPITAL OF CLEVELAND EAST,Regency Hospital of Cleveland East
362031,SELECT SPECIALTY HOSPITAL SOUTHEAST OHIO,Select Specialty Hospital Southeast Ohio
362033,KINDRED HOSPITALS-DAYTON,Kindred Hospitals-Dayton
362036,REGENCY HOSPITAL OF TOLEDO,Regency Hospital of Toledo
362037,SELECT SPECIALTY HOSPITAL COLUMBUS,Select Specialty Hospital Columbus
363033,THE REHABILITATION INSTITUTE OF OHIO,The Rehabilitation Institute of Ohio
363034,ENCOMPASS HEALTH REHABILITATION HOSPITAL OF CINCIN,Encompass Health Rehabilitation Hospital of Cincin
363035,SUMMA REHAB HOSPITAL,Summa Rehabilitation Hospital
363036,UNIVERSITY HOSPITALS REHABILITATION HOSPITAL,University Hospitals Rehabilitation Hospital
363037,OHIOHEALTH REHABILITATION HOSPITAL,Ohiohealth Rehabilitation Hospital
363038,CLEVELAND CLINIC REHABILITATION HOSPITALS LLC,Cleveland Clinic Rehabilitation Hospitals LLC
363039,UNIVERSITY HOSPITALS AVON REHABILITATION HOSPITAL,University Hospitals Avon Rehabilitation Hospital
363040,REHABILITATION HOSPITAL OF NORTHWEST OHIO LLC,Rehabilitation Hospital of Northwest Ohio LLC
363041,TRIHEALTH REHABILITATION HOSPITAL LLC,Trihealth Rehabilitation Hospital LLC
363042,"MOUNT CARMEL REHABILITATION HOSPITAL, AN AFFILIATE","Mount Carmel Rehabilitation Hospital, An Affiliate"
363043,ENCOMPASS HEALTH REHAB HOSPITAL OF TOLEDO,Encompass Health Rehabilitation Hospital of Toledo
363045,LIBERTY REHABILITATION HOSPITAL,Liberty Rehabilitation Hospital
363046,PAM REHABILITATION HOSPITAL OF DAYTON LLC,PAM Rehabilitation Hospital of Dayton LLC
363047,CINCINNATI REHABILITATION HOSPITAL LLC,Cincinnati Rehabilitation Hospital LLC
363048,CLEARSKY REHABILITATION HOSPITAL OF LANCASTER LLC,Clearsky Rehabilitation Hospital of Lancaster LLC
363049,"MERCY HEALTH REHABILITATION HOSPITAL, LLC","Mercy Health Rehabilitation Hospital, LLC"
363300,CINCINNATI CHILDREN'S HOSPITAL MEDICAL CENTER,Cincinnati Children's Hospital Medical Center
363302,RAINBOW BABIES AND CHILDRENS HOSPITAL,Rainbow Babies and Childrens Hospital
363303,AKRON CHILDREN'S HOSPITAL,Akron Children's Hospital
363304,CLEVELAND CLINIC CHILDREN'S HOSPITAL FOR REHAB,Cleveland Clinic Children's Hospital for Rehabilitation
363305,NATIONWIDE CHILDREN'S HOSPITAL,Nationwide Children's Hospital
363306,DAYTON CHILDRENS HOSPITAL,Dayton Childrens Hospital
363308,SHRINERS HOSPITALS FOR CHILDREN - CINCINNATI,Shriners Hospitals for Children - Cincinnati
363309,"NATIONWIDE CHILDREN'S HOSPITAL TOLEDO, LLC","Nationwide Children's Hospital Toledo, LLC"
364007,TWIN VALLEY BEHAVIORAL HEALTHCARE,Twin Valley Behavioral Healthcare
364011,NORTHCOAST BEHAVIORAL HEALTHCARE NORTHFIELD CAMPUS,Northcoast Behavioral Healthcare Northfield Campus
364014,NORTHWEST OHIO PSYCHIATRIC HOSPITAL,Northwest Ohio Psychiatric Hospital
364015,APPALACHIAN BEHAVIORAL HEALTH CARE,Appalachian Behavioral Health Care
364029,WINDSOR LAURELWOOD CENTER FOR BEHAVORIAL MEDICINE,Windsor Laurelwood Center for Behavorial Medicine
364031,HEARTLAND BEHAVIORAL HEALTHCARE,Heartland Behavioral Healthcare
364035,SUMMIT BEHAVIORAL HEALTHCARE,Summit Behavioral Healthcare
364036,ARROWHEAD BEHAVIORAL HEALTH,Arrowhead Behavioral Health
364038,BELMONT PINES HOSPITAL,Belmont Pines Hospital
364040,MENTAL HEALTH SERVICES FOR CLARK AND MADISON COS,Mental Health Services for Clark and Madison Cos
364041,OHIO HOSPITAL FOR PSYCHIATRY,Ohio Hospital for Psychiatry
364044,LINDNER CENTER OF HOPE,Lindner Center of Hope
364047,RIDGEVIEW HOSPITAL,Ridgeview Hospital
364048,HAVEN BEHAVIORAL HOSPITAL OF DAYTON,Haven Behavioral Hospital of Dayton
364049,DUBLIN SPRINGS,Dublin Springs
364051,BECKETT SPRINGS,Beckett Springs
364052,CLEAR VISTA HEALTH & WELLNESS,Clear Vista Health & Wellness
364053,HIGHLAND SPRINGS,Highland Springs
364054,GENERATIONS BEHAVIORAL HEALTH - GENEVA,Generations Behavioral Health - Geneva
364055,SOJOURN AT SENECA SENIOR BEHAVIORAL HEALTH HOSPITA,Sojourn at Seneca Senior Behavioral Health Hospita
364056,ASSURANCE HEALTH CINCINNATI LLC,Assurance Health Cincinnati LLC
364057,BLUERIDGE VISTA HEALTH AND WELLNESS,Blueridge Vista Health and Wellness
364058,SUN BEHAVIORAL COLUMBUS,Sun Behavioral Columbus
364059,ASSURANCE HEALTH HUDSON LLC,Assurance Health Hudson LLC
364060,GENERATIONS BEHAVIORAL HEALTH-YOUNGSTOWN LLC,Generations Behavioral Health-Youngstown LLC
364061,RIVER VISTA HEALTH AND WELLNESS LLC,River Vista Health and Wellness LLC
364062,MOUNT CARMEL BEHAVIORAL HEALTH,Mount Carmel Behavioral Health
364064,SUNRISE VISTA HEALTH AND WELLNESS,Sunrise Vista Health and Wellness
364065,GLENWOOD BEHAVIORAL HEALTH HOSPITAL,Glenwood Behavioral Health Hospital
364066,ASSURANCE HEALTH TOLEDO LLC,Assurance Health Toledo LLC
364067,BLUESTONE CHILD & ADOLESCENT PSYCHIATRIC HOSPITAL,Bluestone Child & Adolescent Psychiatric Hospital
364069,HICKORY BEHAVIORAL CENTER AT CAMBRIDGE,Hickory Behavioral Center at Cambridge
370001,HILLCREST MEDICAL CENTER,Hillcrest Medical Center
370002,INTEGRIS HEALTH WOODWARD,Integris Health Woodward
370004,INTEGRIS MIAMI HOSPITAL,Integris Miami Hospital
370006,INTEGRIS HEALTH PONCA CITY,Integris Health Ponca City
370008,NORMAN REGIONAL,Norman Regional
370013,"MERCY HOSPITAL OKLAHOMA CITY, INC","Mercy Hospital Oklahoma City, Inc"
370014,ALLIANCEHEALTH DURANT,Alliancehealth Durant
370015,HILLCREST HOSPITAL PRYOR,Hillcrest Hospital Pryor
370016,INTEGRIS HEALTH ENID HOSPITAL,Integris Health Enid Hospital
370018,ASCENSION ST JOHN JANE PHILLIPS,Ascension St. John Jane Phillips
370019,GREAT PLAINS REGIONAL MEDICAL CENTER,Great Plains Regional Medical Center
370020,MERCY HOSPITAL ADA,Mercy Hospital Ada
370022,JACKSON COUNTY MEMORIAL HOSPITAL AUTHORITY,Jackson County Memorial Hospital Authority
370023,"DUNCAN REGIONAL HOSPITAL, INC","Duncan Regional Hospital, Inc"
370025,SAINT FRANCIS HOSPITAL MUSKOGEE,Saint Francis Hospital Muskogee
370026,ST MARY'S REGIONAL MEDICAL CENTER,St. Mary's Regional Medical Center
370028,"INTEGRIS BAPTIST MEDICAL CENTER, INC","Integris Baptist Medical Center, Inc"
370034,MCALESTER REGIONAL HEALTH CENTER,McAlester Regional Health Center
370037,SSM HEALTH ST ANTHONY HOSPITAL - OKLAHOMA CITY,SSM Health St. Anthony Hospital - Oklahoma City
370039,HILLCREST HOSPITAL CLAREMORE,Hillcrest Hospital Claremore
370047,"MERCY HOSPITAL ARDMORE, INC","Mercy Hospital Ardmore, Inc"
370049,STILLWATER MEDICAL CENTER,Stillwater Medical Center
370054,GRADY MEMORIAL HOSPITAL,Grady Memorial Hospital
370056,MEMORIAL HEALTH,Memorial Health
370078,OKLAHOMA STATE UNIVERSITY MEDICAL CENTER,Oklahoma State University Medical Center
370083,PUSHMATAHA COUNTY TOWN OF ANTLERS HOSPITAL,Pushmataha County Town of Antlers Hospital
370089,NORTHEASTERN HEALTH SYSTEM,Northeastern Health System
370091,"SAINT FRANCIS HOSPITAL, INC","Saint Francis Hospital, Inc"
370093,OU HEALTH UNIVERSITY OF OKLAHOMA MEDICAL CENTER,OU Health University of Oklahoma Medical Center
370094,SSM HEALTH ST ANTHONY HOSPITAL - MIDWEST,SSM Health St. Anthony Hospital - Midwest
370097,SOUTHWESTERN MEDICAL CENTER,Southwestern Medical Center
370099,HILLCREST HOSPITAL CUSHING,Hillcrest Hospital Cushing
370100,CHOCTAW MEMORIAL HOSPITAL,Choctaw Memorial Hospital
370106,INTEGRIS SOUTHWEST MEDICAL CENTER,Integris Southwest Medical Center
370112,NORTHEASTERN HEALTH SYSTEM SEQUOYAH,Northeastern Health System Sequoyah
370113,INTEGRIS GROVE HOSPITAL,Integris Grove Hospital
370114,ASCENSION ST JOHN MEDICAL CENTER,Ascension St. John Medical Center
370149,SSM HEALTH ST ANTHONY HOSPITAL - SHAWNEE,SSM Health St. Anthony Hospital - Shawnee
370158,PURCELL MUNICIPAL HOSPITAL,Purcell Municipal Hospital
370166,WAGONER COMMUNITY HOSPITAL,Wagoner Community Hospital
370183,HILLCREST HOSPITAL HENRYETTA,Hillcrest Hospital Henryetta
370192,NORTHWEST SURGICAL HOSPITAL,Northwest Surgical Hospital
370199,"LAKESIDE WOMEN'S HOSPITAL, A MEMBER OF INTEGRIS HE","Lakeside Women's Hospital, A Member of Integris He"
370201,SURGICAL HOSPITAL OF OKLAHOMA,Surgical Hospital of Oklahoma
370202,HILLCREST HOSPITAL SOUTH,Hillcrest Hospital South
370203,"COMMUNITY HOSPITAL, LLC","Community Hospital, LLC"
370206,OKLAHOMA SPINE HOSPITAL,Oklahoma Spine Hospital
370210,"OKLAHOMA SURGICAL HOSPITAL, LLC","Oklahoma Surgical Hospital, LLC"
370211,INTEGRIS CANADIAN VALLEY HOSPITAL,Integris Canadian Valley Hospital
370212,OKLAHOMA CENTER FOR ORTHOPAEDIC & MULTI-SP,Oklahoma Center for Orthopaedic & Multi-Sp
370214,LINDSAY MUNICIPAL HOSPITAL,Lindsay Municipal Hospital
370215,"OKLAHOMA HEART HOSPITAL, LLC","Oklahoma Heart Hospital, LLC"
370216,TULSA SPINE & SPECIALTY HOSPITAL,Tulsa Spine & Specialty Hospital
370218,"SAINT FRANCIS HOSPITAL SOUTH, LLC","Saint Francis Hospital South, LLC"
370220,ONECORE HEALTH,Onecore Health
370222,MCBRIDE ORTHOPEDIC HOSPITAL,McBride Orthopedic Hospital
370225,"SUMMIT MEDICAL CENTER, LLC","Summit Medical Center, LLC"
370227,ASCENSION ST JOHN OWASSO,Ascension St. John Owasso
370228,"BAILEY MEDICAL CENTER, LLC","Bailey Medical Center, LLC"
370229,ALLIANCEHEALTH SEMINOLE,Alliancehealth Seminole
370234,"OKLAHOMA HEART HOSPITAL SOUTH, LLC","Oklahoma Heart Hospital South, LLC"
370235,ASCENSION ST JOHN BROKEN ARROW,Ascension St. John Broken Arrow
370236,INTEGRIS HEALTH EDMOND HOSPITAL,Integris Health Edmond Hospital
370237,"SAINT FRANCIS HOSPITAL VINITA, INC","Saint Francis Hospital Vinita, Inc"
370240,INTEGRIS COMMUNITY HOSPITAL - COUNCIL CROSSING,Integris Community Hospital - Council Crossing
370243,VALLEY COMMUNITY HOSPITAL,Valley Community Hospital
370245,CLINTON REGIONAL HOSPITAL,Clinton Regional Hospital
370247,EXCEPTIONAL COMMUNITY HOSPITAL ARDMORE,Exceptional Community Hospital Ardmore
370779,STILLWATER MEDICAL - PERRY,Stillwater Medical - Perry
370780,STILLWATER MEDICAL-BLACKWELL,Stillwater Medical-Blackwell
370781,HARPER COUNTY COMMUNITY HOSPITAL,Harper County Community Hospital
370783,ELKVIEW GENERAL HOSPITAL,Elkview General Hospital
370784,CLINTON REGIONAL HOSPITAL,Clinton Regional Hospital
370785,MEMORIAL HOSPITAL,Memorial Hospital
371300,ATOKA COUNTY MEDICAL CENTER,Atoka County Medical Center
371301,PRAGUE REGIONAL MEMORIAL HOSPITAL,Prague Regional Memorial Hospital
371302,"MERCY HOSPITAL WATONGA, INC","Mercy Hospital Watonga, Inc"
371303,ROGER MILLS MEMORIAL HOSPITAL,Roger Mills Memorial Hospital
371304,MERCY HOSPITAL TISHOMINGO,Mercy Hospital Tishomingo
371305,ASCENSION ST JOHN NOWATA,Ascension St. John Nowata
371306,MERCY HEALTH LOVE COUNTY,Mercy Health Love County
371307,CIMARRON MEMORIAL HOSPITAL,Cimarron Memorial Hospital
371309,"PAWHUSKA HOSPITAL, INC","Pawhuska Hospital, Inc"
371310,"MERCY HOSPITAL HEALDTON, INC.","Mercy Hospital Healdton, Inc."
371311,JEFFERSON COUNTY HOSPITAL,Jefferson County Hospital
371312,ASCENSION ST JOHN SAPULPA,Ascension St. John Sapulpa
371313,"MERCY HOSPITAL KINGFISHER, INC","Mercy Hospital Kingfisher, Inc"
371314,THE PHYSICIANS' HOSPITAL IN ANADARKO,The Physicians' Hospital in Anadarko
371316,RURAL WELLNESS STROUD HOSPITAL,Rural Wellness Stroud Hospital
371317,"MERCY HOSPITAL LOGAN COUNTY, INC","Mercy Hospital Logan County, Inc"
371318,RURAL WELLNESS FAIRFAX HOSPITAL,Rural Wellness Fairfax Hospital
371319,"COAL COUNTY GENERAL HOSPITAL, INC.","Coal County General Hospital, Inc."
371320,CLEVELAND AREA HOSPITAL,Cleveland Area Hospital
371321,HOLDENVILLE GENERAL HOSPITAL,Holdenville General Hospital
371322,BEAVER COUNTY MEMORIAL HOSPITAL,Beaver County Memorial Hospital
371323,"WEATHERFORD REGIONAL HOSPITAL, INC OF WEATHERFORD","Weatherford Regional Hospital, Inc of Weatherford"
371325,CORDELL MEMORIAL HOSPITAL,Cordell Memorial Hospital
371326,ALLIANCEHEALTH MADILL,Alliancehealth Madill
371327,OKEENE MUNICIPAL HOSPITAL,Okeene Municipal Hospital
371328,ARBUCKLE MEMORIAL HOSPITAL AUTHORITY,Arbuckle Memorial Hospital Authority
371329,FAIRVIEW REGIONAL MEDICAL CENTER AUTHORITY,Fairview Regional Medical Center Authority
371330,MANGUM REGIONAL MEDICAL CENTER,Mangum Regional Medical Center
371331,DRUMRIGHT REGIONAL HOSPITAL,Drumright Regional Hospital
371332,SEILING MUNICIPAL HOSPITAL,Seiling Municipal Hospital
371334,CARNEGIE TRI-COUNTY MUNICIPAL HOSPITAL,Carnegie Tri-County Municipal Hospital
371335,"HASKELL REGIONAL HOSPITAL, INC","Haskell Regional Hospital, Inc"
371336,NEWMAN MEMORIAL HOSPITAL,Newman Memorial Hospital
371337,EASTERN OKLAHOMA MEDICAL CENTER,Eastern Oklahoma Medical Center
371338,HARMON MEMORIAL HOSPITAL,Harmon Memorial Hospital
371340,MEMORIAL HOSPITAL OF TEXAS COUNTY AUTHORITY,Memorial Hospital of Texas County Authority
371341,SHARE MEDICAL CENTER,Share Medical Center
371342,MCCURTAIN MEMORIAL HOSPITAL,McCurtain Memorial Hospital
372004,PAM HEALTH SPECIALTY HOSPITAL OF OKLAHOMA CITY,PAM Health Specialty Hospital of Oklahoma City
372005,OKC-AMG SPECIALTY HOSPITAL,OKC-AMG Specialty Hospital
372007,"SELECT SPECIALTY HOSPITAL - TULSA/MIDTOWN, LLC","Select Specialty Hospital - Tulsa/midtown, LLC"
372009,"SELECT SPECIALTY HOSPITAL - OKLAHOMA CITY, INC","Select Specialty Hospital - Oklahoma City, Inc"
372012,INSPIRE SPECIALTY HOSPITAL,Inspire Specialty Hospital
372018,PAM SPECIALTY HOSPITAL OF TULSA,PAM Specialty Hospital of Tulsa
372022,CORNERSTONE SPECIALTY HOSPITALS MUSKOGEE,Cornerstone Specialty Hospitals Muskogee
373025,SSM HEALTH REHABILITATION HOSPITAL-OKC,SSM Health Rehabilitation Hospital-OKC
373033,MERCY REHABILITATION HOSPITAL OKLAHOMA CITY,Mercy Rehabilitation Hospital Oklahoma City
373034,ASCENSION ST JOHN REHAB HOSPITAL OF BROKEN ARROW,Ascension St. John Rehabilitation Hospital of Broken Arrow
373035,PAM REHABILITATION HOSPITAL OF TULSA,PAM Rehabilitation Hospital of Tulsa
373036,"EVEREST  REHABILITATION HOSPITAL OKC, LLC","Everest Rehabilitation Hospital OKC, LLC"
373037,TULSA REHABILITATION HOSPITAL LLC,Tulsa Rehabilitation Hospital LLC
373038,"OKLAHOMA CITY REHABILITATION HOSPITAL, LLC","Oklahoma City Rehabilitation Hospital, LLC"
373039,ASCENSION ST JOHN REHABILITATION HOSPITAL OF OWASS,Ascension St. John Rehabilitation Hospital of Owass
373300,J D MCCARTY CENTER FOR CHILDREN,J. D. McCarty Center for Children
373303,"THE CHILDREN'S CENTER, INC","The Children's Center, Inc"
374000,GRIFFIN MEMORIAL HOSPITAL,Griffin Memorial Hospital
374001,NORTHWEST CENTER FOR BEHAVIORAL HEALTH (NCBH),Northwest Center for Behavioral Health (Ncbh)
374006,CARL ALBERT COMMUNITY MENTAL HEALTH CENTER,Carl Albert Community Mental Health Center
374008,JIM TALIAFERRO COMM MENTAL HEALTH CTR,Jim Taliaferro Community Mental Health Center
374012,"BROOKHAVEN HOSPITAL, LLC","Brookhaven Hospital, LLC"
374016,"ROLLING HILLS HOSPITAL, LLC","Rolling Hills Hospital, LLC"
374017,WILLOW CREST HOSPITAL,Willow Crest Hospital
374020,"LAUREATE PSYCHIATRIC CLINIC AND HOSPITAL, INC","Laureate Psychiatric Clinic and Hospital, Inc"
374021,"PARKSIDE, INC","Parkside, Inc"
374023,CEDAR RIDGE BEHAVIORAL HOSPITAL,Cedar Ridge Behavioral Hospital
374025,"OAKWOOD SPRINGS, LLC","Oakwood Springs, LLC"
374026,TULSA CENTER FOR BEHAVIORAL HEALTH,Tulsa Center for Behavioral Health
374027,BEHAVIORAL HEALTH CENTER AT PORTER HEALTH VILLAGE,Behavioral Health Center at Porter Health Village
380001,ADVENTIST HEALTH COLUMBIA GORGE,Adventist Health Columbia Gorge
380002,ASANTE THREE RIVERS MEDICAL CENTER,Asante Three Rivers Medical Center
380004,PROVIDENCE ST VINCENT MEDICAL CENTER,Providence St. Vincent Medical Center
380005,ASANTE ASHLAND COMMUNITY HOSPITAL,Asante Ashland Community Hospital
380007,LEGACY EMANUEL MEDICAL CENTER,Legacy Emanuel Medical Center
380009,OHSU HOSPITAL AND CLINICS,OHSU Hospital and Clinics
380014,GOOD SAMARITAN REGIONAL MEDICAL CENTER,Good Samaritan Regional Medical Center
380017,LEGACY GOOD SAMARITAN MEDICAL CENTER,Legacy Good Samaritan Medical Center
380018,ASANTE ROGUE REGIONAL MEDICAL CENTER,Asante Rogue Regional Medical Center
380020,MCKENZIE-WILLAMETTE MEDICAL CENTER,McKenzie-Willamette Medical Center
380021,HILLSBORO MEDICAL CENTER,Hillsboro Medical Center
380022,SAMARITAN ALBANY GENERAL HOSPITAL,Samaritan Albany General Hospital
380025,LEGACY MOUNT HOOD MEDICAL CENTER,Legacy Mount Hood Medical Center
380027,MERCY MEDICAL CENTER,Mercy Medical Center
380029,LEGACY SILVERTON MEDICAL CENTER,Legacy Silverton Medical Center
380037,PROVIDENCE NEWBERG MEDICAL CENTER,Providence Newberg Medical Center
380038,PROVIDENCE WILLAMETTE FALLS MEDICAL CENTER,Providence Willamette Falls Medical Center
380047,ST CHARLES BEND CAMPUS,St. Charles Bend Campus
380050,SKY LAKES MEDICAL CENTER,Sky Lakes Medical Center
380051,SALEM HOSPITAL,Salem Hospital
380052,SAINT ALPHONSUS MEDICAL CENTER ONTARIO,Saint Alphonsus Medical Center Ontario
380056,SANTIAM HOSPITAL & CLINICS,Santiam Hospital & Clinics
380060,ADVENTIST HEALTH PORTLAND,Adventist Health Portland
380061,PROVIDENCE PORTLAND MEDICAL CENTER,Providence Portland Medical Center
380071,WILLAMETTE VALLEY MEDICAL CENTER,Willamette Valley Medical Center
380075,PROVIDENCE MEDFORD MEDICAL CENTER,Providence Medford Medical Center
380082,PROVIDENCE MILWAUKIE HOSPITAL,Providence Milwaukie Hospital
380089,LEGACY MERIDIAN PARK MEDICAL CENTER,Legacy Meridian Park Medical Center
380090,BAY AREA HOSPITAL,Bay Area Hospital
380091,KAISER SUNNYSIDE MEDICAL CENTER,Kaiser Sunnyside Medical Center
380102,SACRED HEART MEDICAL CENTER  RIVERBEND,Sacred Heart Medical Center Riverbend
380103,KAISER FOUNDATION HOSPITAL WESTSIDE,Kaiser Foundation Hospital Westside
381301,PEACEHEALTH COTTAGE GROVE COMMUNITY MEDICAL CENTER,Peacehealth Cottage Grove Community Medical Center
381302,SAMARITAN NORTH LINCOLN HOSPITAL,Samaritan North Lincoln Hospital
381303,PROVIDENCE SEASIDE HOSPITAL,Providence Seaside Hospital
381304,SOUTHERN COOS HOSPITAL & HEALTH CENTER,Southern Coos Hospital & Health Center
381305,BLUE MOUNTAIN HOSPITAL,Blue Mountain Hospital
381306,WALLOWA MEMORIAL HOSPITAL,Wallowa Memorial Hospital
381307,HARNEY DISTRICT HOSPITAL,Harney District Hospital
381308,SALEM HEALTH WEST VALLEY,Salem Health West Valley
381309,LAKE DISTRICT HOSPITAL,Lake District Hospital
381310,PIONEER MEMORIAL HOSPITAL,Pioneer Memorial Hospital
381311,LOWER UMPQUA HOSPITAL DISTRICT,Lower Umpqua Hospital District
381312,COQUILLE VALLEY HOSPITAL,Coquille Valley Hospital
381313,ST CHARLES MEDICAL CENTER PRINEVILLE,St. Charles Medical Center Prineville
381314,SAMARITAN PACIFIC COMMUNITY HOSPITAL,Samaritan Pacific Community Hospital
381315,SAINT ALPHONSUS MEDICAL CENTER - BAKER CITY,Saint Alphonsus Medical Center - Baker City
381316,PEACE HARBOR MEDICAL CENTER,Peace Harbor Medical Center
381317,ADVENTIST HEALTH TILLAMOOK,Adventist Health Tillamook
381318,PROVIDENCE HOOD RIVER MEMORIAL HOSPITAL,Providence Hood River Memorial Hospital
381319,ST ANTHONY HOSPITAL,St. Anthony Hospital
381320,COLUMBIA MEMORIAL HOSPITAL,Columbia Memorial Hospital
381321,GRANDE RONDE HOSPITAL,Grande Ronde Hospital
381322,CURRY GENERAL HOSPITAL,Curry General Hospital
381323,SAMARITAN LEBANON COMMUNITY HOSPITAL,Samaritan Lebanon Community Hospital
381324,ST CHARLES MADRAS,St. Charles Madras
381325,GOOD SHEPHERD MEDICAL CENTER,Good Shepherd Medical Center
382004,VIBRA SPECIALTY HOSPITAL OF PORTLAND,Vibra Specialty Hospital of Portland
383300,SHRINERS HOSPITAL FOR CHILDREN - PORTLAND,Shriners Hospital for Children - Portland
384008,OREGON STATE HOSPITAL DISTINCT PART,Oregon State Hospital Distinct Part
384012,CEDAR HILLS HOSPITAL,Cedar Hills Hospital
390001,GEISINGER COMMUNITY MEDICAL CENTER,Geisinger Community Medical Center
390002,UPMC MCKEESPORT,UPMC McKeesport
390003,GEISINGER-BLOOMSBURG HOSPITAL,Geisinger-Bloomsburg Hospital
390004,PENN STATE HEALTH HOLY SPIRIT MEDICAL CENTER,Penn State Health Holy Spirit Medical Center
390006,GEISINGER MEDICAL CENTER,Geisinger Medical Center
390009,SAINT VINCENT HOSPITAL,Saint Vincent Hospital
390012,JEFFERSON LANSDALE HOSPITAL,Jefferson Lansdale Hospital
390013,WELLSPAN EVANGELICAL COMMUNITY HOSPITAL,WellSpan Evangelical Community Hospital
390016,UPMC JAMESON,UPMC Jameson
390025,KENSINGTON HOSPITAL,Kensington Hospital
390026,TEMPLE HEALTH - CHESTNUT HILL HOSPITAL,Temple Health - Chestnut Hill Hospital
390027,TEMPLE UNIVERSITY HOSPITAL,Temple University Hospital
390028,UPMC MERCY,UPMC Mercy
390030,LEHIGH VALLEY HOSPITAL-SCHUYLKILL,Lehigh Valley Hospital-Schuylkill
390032,ALLEGHENY VALLEY HOSPITAL,Allegheny Valley Hospital
390035,ST LUKE'S HOSPITAL - UPPER BUCKS CAMPUS,St. Luke's Hospital - Upper Bucks Campus
390036,HERITAGE VALLEY BEAVER,Heritage Valley Beaver
390037,HERITAGE VALLEY SEWICKLEY,Heritage Valley Sewickley
390039,UPMC SOMERSET,UPMC Somerset
390041,UNIONTOWN HOSPITAL,Uniontown Hospital
390042,UPMC WASHINGTON,UPMC Washington
390044,READING HOSPITAL,Reading Hospital
390045,UPMC WILLIAMSPORT,UPMC Williamsport
390046,WELLSPAN YORK HOSPITAL,WellSpan York Hospital
390048,GEISINGER-LEWISTOWN HOSPITAL,Geisinger-Lewistown Hospital
390049,ST LUKE'S HOSPITAL BETHLEHEM,St. Luke's Hospital Bethlehem
390050,ALLEGHENY GENERAL HOSPITAL,Allegheny General Hospital
390056,PENN HIGHLANDS HUNTINGDON,Penn Highlands Huntingdon
390057,ST LUKE'S HOSPITAL - GRAND VIEW CAMPUS,St. Luke's Hospital - Grand View Campus
390058,UPMC CARLISLE,UPMC Carlisle
390062,CONEMAUGH NASON MEDICAL CENTER,Conemaugh Nason Medical Center
390063,UPMC HAMOT,UPMC Hamot
390065,GETTYSBURG HOSPITAL,Gettysburg Hospital
390066,WELLSPAN GOOD SAMARITAN HOSPITAL,WellSpan Good Samaritan Hospital
390067,UPMC PINNACLE HOSPITALS,UPMC Pinnacle Hospitals
390068,UPMC LITITZ,UPMC Lititz
390070,LOWER BUCKS HOSPITAL,Lower Bucks Hospital
390073,UPMC ALTOONA,UPMC Altoona
390079,ROBERT PACKER HOSPITAL,Robert Packer Hospital
390086,PENN HIGHLANDS DUBOIS,Penn Highlands DuBois
390090,WEST PENN HOSPITAL,West Penn Hospital
390091,UPMC NORTHWEST,UPMC Northwest
390093,INDEPENDENCE HEALTH SYSTEM CLARION HOSPITAL,Independence Health System Clarion Hospital
390096,PENN STATE HEALTH ST. JOSEPH,Penn State Health St. Joseph
390097,HOLY REDEEMER HOSPITAL AND MEDICAL CENTER,Holy Redeemer Hospital and Medical Center
390100,LANCASTER GENERAL HOSPITAL,Lancaster General Hospital
390101,UPMC MEMORIAL,UPMC Memorial
390102,UPMC ST MARGARET,UPMC St. Margaret
390107,UPMC PASSAVANT,UPMC Passavant
390110,CONEMAUGH MEMORIAL MEDICAL CENTER,Conemaugh Memorial Medical Center
390111,HOSPITAL OF UNIV OF PENNSYLVANIA,Hospital of University of Pennsylvania
390112,CHAN SOON- SHIONG MEDICAL CENTER AT WINDBER,Chan Soon- Shiong Medical Center at Windber
390113,MEADVILLE MEDICAL CENTER,Meadville Medical Center
390114,MAGEE WOMENS HOSPITAL OF UPMC HEALTH SYSTEM,Magee Womens Hospital of UPMC Health System
390115,JEFFERSON HEALTH-NORTHEAST,Jefferson Health-Northeast
390117,UPMC BEDFORD MEMORIAL,UPMC Bedford Memorial
390123,POTTSTOWN HOSPITAL,Pottstown Hospital
390125,WAYNE MEMORIAL HOSPITAL,Wayne Memorial Hospital
390127,PHOENIXVILLE HOSPITAL,Phoenixville Hospital
390133,LEHIGH VALLEY HOSPITAL,Lehigh Valley Hospital
390137,WILKES-BARRE GENERAL HOSPITAL,Wilkes-Barre General Hospital
390138,WELLSPAN WAYNESBORO HOSPITAL,WellSpan Waynesboro Hospital
390139,"BRYN MAWR HOSPITAL, THE","Bryn Mawr Hospital, the"
390142,JEFFERSON EINSTEIN PHILADELPHIA HOSPITAL,Jefferson Einstein Philadelphia Hospital
390145,INDEPENDENCE HEALTH SYSTEM WESTMORELAND HOSPITAL,Independence Health System Westmoreland Hospital
390147,PENN HIGHLANDS MON VALLEY,Penn Highlands Mon Valley
390150,UPMC GREENE,UPMC Greene
390151,WELLSPAN CHAMBERSBURG HOSPITAL,WellSpan Chambersburg Hospital
390153,PAOLI HOSPITAL,Paoli Hospital
390156,MERCY CATHOLIC MEDICAL CENTER- MERCY FITZGERALD,Mercy Catholic Medical Center- Mercy Fitzgerald
390160,CANONSBURG GENERAL HOSPITAL,Canonsburg General Hospital
390162,ST LUKE'S HOSPITAL - EASTON CAMPUS,St. Luke's Hospital - Easton Campus
390163,ACMH HOSPITAL,ACMH Hospital
390164,UPMC PRESBYTERIAN SHADYSIDE,UPMC Presbyterian Shadyside
390168,INDEPENDENCE HEALTH SYSTEM BUTLER MEMORIAL HOSPITA,Independence Health System Butler Memorial Hospita
390173,INDIANA REGIONAL MEDICAL CENTER,Indiana Regional Medical Center
390174,THOMAS JEFFERSON UNIVERSITY HOSPITAL,Thomas Jefferson University Hospital
390178,UPMC HORIZON,UPMC Horizon
390179,CHESTER COUNTY HOSPITAL,Chester County Hospital
390183,ST LUKE'S MINERS MEMORIAL HOSPITAL,St. Luke's Miners Memorial Hospital
390184,PENN HIGHLANDS CONNELLSVILLE,Penn Highlands Connellsville
390185,LEHIGH VALLEY HOSPITAL - HAZLETON,Lehigh Valley Hospital - Hazleton
390195,LANKENAU MEDICAL CENTER,Lankenau Medical Center
390196,HOSPITAL OF THE FOX CHASE CANCER CENTER,Hospital of the Fox Chase Cancer Center
390198,LECOM MEDICAL CENTER AND BEHAVIORAL HEALTH PAV,Lecom Medical Center and Behavioral Health PAV
390199,PUNXSUTAWNEY AREA HOSPITAL,Punxsutawney Area Hospital
390201,LEHIGH VALLEY HOSPITAL - POCONO,Lehigh Valley Hospital - Pocono
390203,DOYLESTOWN HOSPITAL,Doylestown Hospital
390204,NAZARETH HOSPITAL,Nazareth Hospital
390211,SHARON REGIONAL MEDICAL CENTER,Sharon Regional Medical Center
390217,INDEPENDENCE HEALTH SYSTEM FRICK HOSPITAL,Independence Health System Frick Hospital
390219,INDEPENDENCE HEALTH SYSTEM LATROBE HOSPITAL,Independence Health System Latrobe Hospital
390222,RIDDLE MEMORIAL HOSPITAL,Riddle Memorial Hospital
390223,PENN PRESBYTERIAN MEDICAL CENTER,Penn Presbyterian Medical Center
390225,WELLSPAN EPHRATA COMMUNITY HOSPITAL,WellSpan Ephrata Community Hospital
390226,PENNSYLVANIA HOSPITAL,Pennsylvania Hospital
390228,ST CLAIR HOSPITAL,St. Clair Hospital
390231,JEFFERSON ABINGTON HOSPITAL,Jefferson Abington Hospital
390233,UPMC HANOVER,UPMC Hanover
390237,REGIONAL HOSPITAL OF SCRANTON,Regional Hospital of Scranton
390256,MILTON S HERSHEY MEDICAL CENTER,Milton S. Hershey Medical Center
390258,ST MARY MEDICAL CENTER,St. Mary Medical Center
390265,JEFFERSON HOSPITAL,Jefferson Hospital
390266,GROVE CITY HOSPITAL,Grove City Hospital
390267,FORBES HOSPITAL,Forbes Hospital
390268,MOUNT NITTANY MEDICAL CENTER,Mount Nittany Medical Center
390270,GEISINGER WYOMING VALLEY MEDICAL CENTER,Geisinger Wyoming Valley Medical Center
390272,VALLEY FORGE MEDICAL CENTER,Valley Forge Medical Center
390278,EAGLEVILLE HOSPITAL,Eagleville Hospital
390304,ROXBOROUGH MEMORIAL HOSPITAL,Roxborough Memorial Hospital
390307,EDGEWOOD SURGICAL HOSPITAL,Edgewood Surgical Hospital
390316,SURGICAL INSTITUTE OF READING,Surgical Institute of Reading
390322,ROTHMAN ORTHOPAEDIC SPECIALTY HOSPITAL LLC,Rothman Orthopaedic Specialty Hospital LLC
390323,ADVANCED SURGICAL HOSPITAL,Advanced Surgical Hospital
390324,PHYSICIAN'S CARE SURGICAL HOSPITAL,Physician's Care Surgical Hospital
390325,OSS ORTHOPAEDIC HOSPITAL,OSS Orthopaedic Hospital
390327,WELLSPAN SURGERY AND REHABILITATION HOSPITAL,WellSpan Surgery and Rehabilitation Hospital
390328,UPMC EAST,UPMC East
390329,JEFFERSON EINSTEIN MONTGOMERY HOSPITAL,Jefferson Einstein Montgomery Hospital
390330,ST LUKE'S HOSPITAL - MONROE CAMPUS,St. Luke's Hospital - Monroe Campus
390331,WILLS EYE HOSPITAL,Wills Eye Hospital
390332,GEISINGER ST. LUKE'S  HOSPITAL,Geisinger St. Luke's Hospital
390333,"AHN EMERUS WESTMORELAND, LLC","AHN Emerus Westmoreland, LLC"
390334,AHN WEXFORD HOSPITAL,AHN Wexford Hospital
390335,ST LUKE'S HOSPITAL - CARBON CAMPUS,St. Luke's Hospital - Carbon Campus
390336,PENN STATE HEALTH HAMPDEN MEDICAL CENTER,Penn State Health Hampden Medical Center
390337,GEISINGER MEDICAL CENTER MUNCY,Geisinger Medical Center Muncy
390338,LEHIGH VALLEY HOSPITAL - DICKSON CITY,Lehigh Valley Hospital - Dickson City
390339,PENN STATE HEALTH LANCASTER MEDICAL CENTER,Penn State Health Lancaster Medical Center
390430,LEHIGH VALLEY HOSPITAL - MACUNGIE,Lehigh Valley Hospital - Macungie
390431,"CHRISTIANACARE HOSPITAL, WEST GROVE CAMPUS","Christianacare Hospital, West Grove Campus"
391300,GEISINGER JERSEY SHORE HOSPITAL,Geisinger Jersey Shore Hospital
391301,UPMC MUNCY,UPMC Muncy
391302,CONEMAUGH MEYERSDALE MEDICAL CENTER,Conemaugh Meyersdale Medical Center
391303,FULTON COUNTY MEDICAL CENTER,Fulton County Medical Center
391304,BUCKTAIL MEDICAL CENTER,Bucktail Medical Center
391305,TROY COMMUNITY HOSPITAL,Troy Community Hospital
391306,ENDLESS MOUNTAINS HEALTH SYSTEMS,Endless Mountains Health Systems
391307,PENN HIGHLANDS TYRONE,Penn Highlands Tyrone
391308,LECOM HEALTH CORRY MEMORIAL HOSPITAL,Lecom Health Corry Memorial Hospital
391309,BARNES-KASSON COUNTY HOSPITAL,Barnes-Kasson County Hospital
391312,PENN HIGHLANDS BROOKVILLE,Penn Highlands Brookville
391313,UPMC COLE,UPMC Cole
391314,TITUSVILLE AREA HOSPITAL,Titusville Area Hospital
391315,PENN HIGHLANDS ELK,Penn Highlands Elk
391316,UPMC WELLSBORO,UPMC Wellsboro
391317,CONEMAUGH MINERS MEDICAL CENTER,Conemaugh Miners Medical Center
391318,UPMC KANE,UPMC Kane
391319,WARREN GENERAL HOSPITAL,Warren General Hospital
392025,PAM SPECIALTY HOSPITAL OF WILKES-BARRE,PAM Specialty Hospital of Wilkes-Barre
392027,KINDRED HOSPITAL PHILADELPHIA,Kindred Hospital Philadelphia
392028,PAM HEALTH SPECIALTY HOSPITAL OF PITTSBURGH,PAM Health Specialty Hospital of Pittsburgh
392031,SELECT SPECIALTY HOSPITAL - JOHNSTOWN,Select Specialty Hospital - Johnstown
392033,GOOD SHEPHERD SPECIALTY HOSPITAL,Good Shepherd Specialty Hospital
392036,SELECT SPECIALTY HOSPITAL LAUREL HIGHLANDS INC,Select Specialty Hospital Laurel Highlands Inc
392037,SELECT SPECIALTY HOSPITAL - ERIE,Select Specialty Hospital - Erie
392039,SELECT SPECIALTY HOSPITAL - CENTRAL PA HARRISBURG,Select Specialty Hospital - Central Pa Harrisburg
392043,PAM HEALTH SPECIALITY HOSPITAL AT HERITAGE VALLEY,PAM Health Speciality Hospital at Heritage Valley
392044,SELECT SPECIALTY HOSPITAL - PITTSBURGH/UPMC,Select Specialty Hospital - Pittsburgh/upmc
392045,"SELECT SPECIALTY HOSPITAL - MCKEESPORT, INC","Select Specialty Hospital - McKeesport, Inc"
392050,GOOD SHEPHERD PENN PARTNERS,Good Shepherd Penn Partners
393025,BRYN MAWR REHABILITATION HOSPITAL,Bryn Mawr Rehabilitation Hospital
393026,ENCOMPASS HEALTH REHABILITATION HOSPITAL OF READIN,Encompass Health Rehabilitation Hospital of Readin
393027,ENCOMPASS HEALTH REHAB HOSPITAL OF HARMARVILLE,Encompass Health Rehabilitation Hospital of Harmarville
393030,ALLIED SERVICES INSTITUTE OF REHABILITATION,Allied Services Institute of Rehabilitation
393031,ENCOMPASS HEALTH REHABILITATION HOSPITAL OF MECHAN,Encompass Health Rehabilitation Hospital of Mechan
393035,"GOOD SHEPHERD REHABILITATION HOSPITAL, THE","Good Shepherd Rehabilitation Hospital, the"
393036,JOHN HEINZ INSTITUTE OF REHABILITATION MEDICINE,John Heinz Institute of Rehabilitation Medicine
393037,"ENCOMPASS HEALTH REHABILITATION HOSPITAL OF YORK,","Encompass Health Rehabilitation Hospital of York,"
393038,MAGEE REHABILITATION HOSPITAL,Magee Rehabilitation Hospital
393039,ENCOMPASS HEALTH REHABILITATION HOSPITAL OF NITTAN,Encompass Health Rehabilitation Hospital of Nittan
393040,ENCOMPASS HEALTH REHABILITATION HOSPITAL OF ALTOON,Encompass Health Rehabilitation Hospital of Altoon
393045,ENCOMPASS HEALTH REHABILITATION HOSP OF SEWICKLEY,Encompass Health Rehabilitation Hospital of Sewickley
393046,"ENCOMPASS HEALTH REHABILITATION HOSPITAL OF ERIE,","Encompass Health Rehabilitation Hospital of Erie,"
393047,GEISINGER ENCOMPASS HEALTH REHABILITATION HOSPITAL,Geisinger Encompass Health Rehabilitation Hospital
393053,PENN STATE HEALTH REHABILITATION HOSPITAL,Penn State Health Rehabilitation Hospital
393054,LANCASTER REHABILITATION HOSPITAL,Lancaster Rehabilitation Hospital
393055,ST MARY REHABILITATION HOSPITAL,St. Mary Rehabilitation Hospital
393056,HELEN M SIMPSON REHABILITATION HOSPITAL,Helen M. Simpson Rehabilitation Hospital
393302,UPMC CHILDREN'S HOSPITAL OF PITTSBURGH,UPMC Children's Hospital of Pittsburgh
393303,CHILDREN'S HOSPITAL OF PHILADELPHIA,Children's Hospital of Philadelphia
393304,"CHILDREN'S HOME OF PITTSBURGH, THE","Children's Home of Pittsburgh, the"
393307,ST CHRISTOPHER'S HOSPITAL FOR CHILDREN,St. Christopher's Hospital for Children
393309,SHRINERS HOSPITALS FOR CHILDREN - PHILADELPHIA,Shriners Hospitals for Children - Philadelphia
394001,NORRISTOWN STATE HOSPITAL,Norristown State Hospital
394004,DANVILLE STATE HOSPITAL,Danville State Hospital
394008,FRIENDS HOSPITAL,Friends Hospital
394012,CLARKS SUMMIT STATE HOSPITAL,Clarks Summit State Hospital
394014,WERNERSVILLE STATE HOSPITAL,Wernersville State Hospital
394016,WARREN STATE HOSPITAL,Warren State Hospital
394020,PHILHAVEN HOSPITAL,Philhaven Hospital
394023,BELMONT BEHAVIORAL HOSPITAL,Belmont Behavioral Hospital
394026,TORRANCE STATE HOSPITAL,Torrance State Hospital
394027,FAIRMOUNT BEHAVIORAL HEALTH SYSTEM,Fairmount Behavioral Health System
394033,MONTGOMERY COUNTY EMERGENCY SERVICE,Montgomery County Emergency Service
394034,HORSHAM CLINIC,Horsham Clinic
394038,FOUNDATIONS BEHAVIORAL HEALTH,Foundations Behavioral Health
394040,MEADOWS PSYCHIATRIC CENTER,Meadows Psychiatric Center
394043,CLARION PSYCHIATRIC CENTER,Clarion Psychiatric Center
394047,KIDSPEACE ORCHARD HILLS CAMPUS,Kidspeace Orchard Hills Campus
394049,BROOKE GLEN BEHAVIORAL HOSPITAL,Brooke Glen Behavioral Hospital
394050,ROXBURY TREATMENT CENTER,Roxbury Treatment Center
394051,PENNSYLVANIA PSYCHIATRIC INSTITUTE,Pennsylvania Psychiatric Institute
394052,HAVEN BEHAVIORAL HOSPITAL OF EASTERN PENNSYLVANIA,Haven Behavioral Hospital of Eastern Pennsylvania
394053,HAVEN BEHAVIORAL HOSPITAL OF PHILADELPHIA,Haven Behavioral Hospital of Philadelphia
394055,LANCASTER BEHAVIORAL HEALTH HOSPITAL,Lancaster Behavioral Health Hospital
394056,TOWER BEHAVIORAL HEALTH,Tower Behavioral Health
394057,MALVERN BEHAVIORAL HEALTH,Malvern Behavioral Health
394058,BERWICK FREE-STANDING PSYCHIATRIC HOSPITAL,Berwick Free-Standing Psychiatric Hospital
394059,GEISINGER BEHAVIORAL HEALTH CENTER NORTHEAST,Geisinger Behavioral Health Center Northeast
394061,WYOMING VALLEY BEHAVIORAL HOSPITAL,Wyoming Valley Behavioral Hospital
394062,HAVEN BEHAVIORAL HOSPITAL OF WEST CHESTER,Haven Behavioral Hospital of West Chester
394063,GEISINGER BEHAVIORAL HEALTH CENTER DANVILLE,Geisinger Behavioral Health Center Danville
394064,THREE RIVERS BEHAVIORAL HEALTH,Three Rivers Behavioral Health
400001,PRESBYTERIAN COMMUNITY HOSPITAL,Presbyterian Community Hospital
400003,HOSPITAL METROPOLITANO DR PILA,Hospital Metropolitano Dr. Pila
400004,"ASOCIACION HOSPITAL DEL MAESTRO, INC","Asociacion Hospital del Maestro, Inc"
400005,HOPE MEDICAL CENTER LLC,Hope Medical Center LLC
400006,DOCTORS' CENTER HOSPITAL SAN JUAN,Doctors' Center Hospital San Juan
400007,RYDER MEMORIAL HOSPITAL INC,Ryder Memorial Hospital Inc
400010,HOSPITAL GENERAL DE CASTANER,Hospital General de Castaner
400011,"HOSPITAL MENONITA HUMACAO, INC","Hospital Menonita Humacao, Inc"
400012,HOSPITAL ONCOLOGICO DR ISAAC GONZALEZ MARTINEZ,Hospital Oncologico Dr. Isaac Gonzalez Martinez
400013,HOSPITAL MENONITA DE CAYEY,Hospital Menonita de Cayey
400014,BELLA VISTA HOSPITAL,Bella Vista Hospital
400015,SAN JUAN MUNICIPALITY HOSPITAL,San Juan Municipality Hospital
400016,AUXILIO MUTUO HOSPITAL,Auxilio Mutuo Hospital
400018,HOSPITAL MENONITA DE AIBONITO,Hospital Menonita de Aibonito
400019,HOSPITAL PAVIA SANTURCE,Hospital Pavia Santurce
400021,HOSPITAL DE LA CONCEPCION,Hospital de la Concepcion
400022,HOSPITAL DAMAS INC,Hospital Damas Inc
400032,BAYAMON MEDICAL CENTER,Bayamon Medical Center
400044,HOSPITAL EPISCOPAL SAN LUCAS II,Hospital Episcopal San Lucas II
400048,HOSPITAL MENONITA GUAYAMA,Hospital Menonita Guayama
400061,HOSPITAL UNIVERSITARIO DE ADULTOS,Hospital Universitario de Adultos
400079,HOSPITAL  COMUNITARIO BUEN SAMARITANO INC,Hospital Comunitario Buen Samaritano Inc
400087,HOSPITAL PAVIA ARECIBO,Hospital Pavia Arecibo
400098,HOSPITAL SAN FRANCISCO,Hospital San Francisco
400102,DOCTORS CENTER HOSPITAL BAYAMON INC,Doctors Center Hospital Bayamon Inc
400103,MAYAGUEZ MEDICAL CENTER DR RAMON EMETERIO BETANCES,Mayaguez Medical Center Dr. Ramon Emeterio Betances
400104,HOSPITAL MENONITA CAGUAS INC,Hospital Menonita Caguas Inc
400105,HOSPITAL UNIVERSITARIO DR RUIZ ARNAU,Hospital Universitario Dr. Ruiz Arnau
400106,METROPOLITAN HOSPITAL,Metropolitan Hospital
400109,HOSPITAL ESPANOL AUXILIO MUTUO SAN PABLO,Hospital Espanol Auxilio Mutuo San Pablo
400110,HOSPITAL PAVIA YAUCO,Hospital Pavia Yauco
400111,HOSPITAL SAN CARLOS BORROMEO,Hospital San Carlos Borromeo
400112,"HOSPITAL UPR, DR  FEDERICO TRILLA","Hospital Upr, Dr. Federico Trilla"
400113,HOSPITAL MENONITA PONCE,Hospital Menonita Ponce
400114,MANATI MEDICAL CENTER DR OTERO LOPEZ,Manati Medical Center Dr. Otero Lopez
400115,CENTRO MEDICO WILMA N VAZQUEZ,Centro Medico Wilma N. Vazquez
400117,HOSPITAL METROPOLITANO  DR SUSONI,Hospital Metropolitano Dr. Susoni
400118,"DOCTORS' CENTER HOSPITAL, INC","Doctors' Center Hospital, Inc"
400120,HOSPITAL PAVIA CAGUAS,Hospital Pavia Caguas
400122,PROFESSIONAL HOSPITAL GUAYNABO INC,Professional Hospital Guaynabo Inc
400123,HOSPITAL PEREA,Hospital Perea
400124,CENTRO CARDIOVASCULAR DE PUERTO RICO Y EL CARIBE,Centro Cardiovascular de Puerto Rico y El Caribe
400127,ASEM,ASEM
400130,HOSPITAL METROPOLITANO DE LA MONTANA,Hospital Metropolitano de la Montana
400131,CARIBBEAN MEDICAL CENTER,Caribbean Medical Center
400132,DOCTORS CENTER HOSPITAL  CAROLINA LLC,Doctors Center Hospital Carolina LLC
400134,THE SAN JORGE HOSPITAL INC,The San Jorge Hospital Inc
400135,HOSPITAL  CENTRO COMPRENSIVO DEL CANCER,Hospital Centro Comprensivo del Cancer
400137,DOCTORS CENTER HOSPITAL ORLANDO HEALTH DORADO,Doctors Center Hospital Orlando Health Dorado
400138,PUERTO RICO WOMEN AND CHILDREN HOSPITAL LLC,Puerto Rico Women and Children Hospital LLC
400139,HOSPITAL EPISCOPAL  SAN LUCAS METRO,Hospital Episcopal San Lucas Metro
400141,CENTRO MEDICO DEL NORESTE,Centro Medico del Noreste
403025,ENCOMPASS HEALTH REHABILITATION HOSPITAL OF SAN JU,Encompass Health Rehabilitation Hospital of San Ju
403026,ENCOMPASS HEALTH REHABILITATION HOSPITAL MANATI,Encompass Health Rehabilitation Hospital Manati
403027,MULTY MEDICAL FACILITIES CORPORATION,Multy Medical Facilities Corporation
403028,VARMED REHABILITATION CENTER,Varmed Rehabilitation Center
403301,UNIVERSITY PEDIATRIC HOSPITAL,University Pediatric Hospital
404004,FIRST HOSPITAL PANAMERICANO,First Hospital Panamericano
404005,SAN JUAN CAPESTRANO  HOSPITAL INC,San Juan Capestrano Hospital Inc
404007,HOSPITAL OASIS DE VIDA,Hospital Oasis de Vida
404009,CENTRO DE SALUD CONDUCTUAL MENONITA-CIMA,Centro de Salud Conductual Menonita-Cima
410004,ROGER WILLIAMS MEDICAL CENTER,Roger Williams Medical Center
410005,OUR LADY OF FATIMA HOSPITAL,Our Lady of Fatima Hospital
410006,NEWPORT HOSPITAL,Newport Hospital
410007,RHODE ISLAND HOSPITAL,Rhode Island Hospital
410008,SOUTH COUNTY HOSPITAL INC,South County Hospital Inc
410009,KENT COUNTY MEMORIAL HOSPITAL,Kent County Memorial Hospital
410010,WOMEN & INFANTS HOSPITAL OF RHODE ISLAND,Women & Infants Hospital of Rhode Island
410011,LANDMARK MEDICAL CENTER,Landmark Medical Center
410012,THE MIRIAM HOSPITAL,The Miriam Hospital
410013,WESTERLY HOSPITAL,Westerly Hospital
412001,ELEANOR SLATER HOSPITAL,Eleanor Slater Hospital
413025,REHABILITATION HOSPITAL OF RHODE ISLAND,Rehabilitation Hospital of Rhode Island
413026,ENCOMPASS HEALTH REHAB HOSPITAL OF JOHNSTON,Encompass Health Rehabilitation Hospital of Johnston
414000,BUTLER HOSPITAL,Butler Hospital
414003,EMMA PENDLETON BRADLEY HOSPITAL,Emma Pendleton Bradley Hospital
420002,PIEDMONT MEDICAL CENTER,Piedmont Medical Center
420004,MUSC MEDICAL CENTER,MUSC Medical Center
420005,MCLEOD MEDICAL CENTER - DILLON,McLeod Medical Center - Dillon
420007,SPARTANBURG MEDICAL CENTER,Spartanburg Medical Center
420009,PRISMA HEALTH OCONEE MEMORIAL HOSPITAL,Prisma Health Oconee Memorial Hospital
420010,CAROLINA PINES REGIONAL MEDICAL CENTER,Carolina Pines Regional Medical Center
420011,CANNON MEMORIAL HOSPITAL,Cannon Memorial Hospital
420015,PRISMA HEALTH BAPTIST EASLEY HOSPITAL,Prisma Health Baptist Easley Hospital
420018,PRISMA HEALTH RICHLAND HOSPITAL,Prisma Health Richland Hospital
420019,MUSC HEALTH,MUSC Health
420020,TIDELANDS HEALTH,Tidelands Health
420023,ST FRANCIS-DOWNTOWN,St. Francis-Downtown
420026,MUSC HEALTH COLUMBIA MEDICAL CENTER DOWNTOWN,MUSC Health Columbia Medical Center Downtown
420027,ANMED HEALTH,AnMed Health
420030,COLLETON MEDICAL CENTER,Colleton Medical Center
420033,PRISMA HEALTH GREER MEMORIAL HOSPITAL,Prisma Health Greer Memorial Hospital
420036,MUSC HEALTH LANCASTER MEDICAL CENTER,MUSC Health Lancaster Medical Center
420037,PRISMA HEALTH HILLCREST HOSPITAL,Prisma Health Hillcrest Hospital
420038,PRISMA HEALTH LAURENS COUNTY HOSPITAL,Prisma Health Laurens County Hospital
420043,CHEROKEE MEDICAL CENTER,Cherokee Medical Center
420048,KERSHAW MEDICAL CENTER,Kershaw Medical Center
420049,CONWAY MEDICAL CENTER,Conway Medical Center
420051,MCLEOD REGIONAL MEDICAL CENTER-PEE DEE,McLeod Regional Medical Center-Pee Dee
420053,NEWBERRY COUNTY MEMORIAL HOSPITAL,Newberry County Memorial Hospital
420055,MUSC HEALTH MARION MEDICAL CENTER,MUSC Health Marion Medical Center
420065,BON SECOURS-ST FRANCIS XAVIER HOSPITAL,Bon Secours-St. Francis Xavier Hospital
420067,BEAUFORT COUNTY MEMORIAL HOSPITAL,Beaufort County Memorial Hospital
420070,PRISMA HEALTH MIDLANDS,Prisma Health Midlands
420071,SELF REGIONAL HEALTHCARE,Self Regional Healthcare
420072,HAMPTON REGIONAL MEDICAL CENTER,Hampton Regional Medical Center
420073,LEXINGTON MEDICAL CENTER,Lexington Medical Center
420078,PRISMA HEALTH GREENVILLE MEMORIAL HOSPITAL,Prisma Health Greenville Memorial Hospital
420079,TRIDENT MEDICAL CENTER,Trident Medical Center
420080,HILTON HEAD REGIONAL MEDICAL CENTER,Hilton Head Regional Medical Center
420082,AIKEN REGIONAL MEDICAL CENTER,Aiken Regional Medical Center
420085,GRAND STRAND REGIONAL MEDICAL CENTER,Grand Strand Regional Medical Center
420086,PRISMA HEALTH BAPTIST,Prisma Health Baptist
420087,ROPER HOSPITAL,Roper Hospital
420089,EAST COOPER MEDICAL CENTER,East Cooper Medical Center
420091,MUSC HEALTH FLORENCE MEDICAL CENTER,MUSC Health Florence Medical Center
420098,TIDELANDS WACCAMAW COMMUNITY HOSPITAL,Tidelands Waccamaw Community Hospital
420101,SOUTH CAROLINA COASTAL MEDICAL CENTER LLC,South Carolina Coastal Medical Center LLC
420102,PRISMA HEALTH  PATEWOOD HOSPITAL,Prisma Health Patewood Hospital
420103,PELHAM MEDICAL CENTER,Pelham Medical Center
420104,MOUNT PLEASANT HOSPITAL,Mount Pleasant Hospital
420105,MCLEOD LORIS  HOSPITAL,McLeod Loris Hospital
420106,PRISMA HEALTH BAPTIST PARKRIDGE,Prisma Health Baptist Parkridge
420107,MCLEOD HEALTH CHERAW,McLeod Health Cheraw
420108,UNION MEDICAL CENTER,Union Medical Center
420109,MCLEOD HEALTH CLARENDON,McLeod Health Clarendon
420110,ROPER ST FRANCIS HOSPITAL-BERKELY INC,Roper St. Francis Hospital-Berkely Inc
421300,ALLENDALE COUNTY HOSPITAL,Allendale County Hospital
421301,ABBEVILLE AREA MEDICAL CENTER,Abbeville Area Medical Center
421304,EDGEFIELD COUNTY HEALTHCARE AN AFFILIATE OF SELF R,Edgefield County Healthcare An Affiliate of Self R.
422004,SPARTANBURG HOSP FOR RESTORATIVE CARE,Spartanburg Hospital for Restorative Care
422005,CHARLESTON-AMG SPECIALITY HOSPITAL INC,Charleston-AMG Speciality Hospital Inc
422006,PRISMA HEALTH LTACH-BAPTIST,Prisma Health LTACH-Baptist
422007,REGENCY HOSPITAL OF FLORENCE,Regency Hospital of Florence
422008,PRISMA HEALTH NORTH GREENVILLE LTACH,Prisma Health North Greenville LTACH
422009,REGENCY HOSPITAL OF GREENVILLE,Regency Hospital of Greenville
423025,ENCOMPASS HEALTH REHABILITATION HOSPITAL OF COLA,Encompass Health Rehabilitation Hospital of Cola
423026,ENCOMPASS HEALTH REHABILITATION HOSPITAL OF FLORE,Encompass Health Rehabilitation Hospital of Flore
423027,MUSC HEALT REHABILITATION HOSPITAL,MUSC Healt Rehabilitation Hospital
423028,ENCOMPASS HEALTH REHABILITATION HOSPITAL OF ROCK H,Encompass Health Rehabilitation Hospital of Rock H.
423029,ANMED HEALTH REHABILITATION HOSPITAL,AnMed Health Rehabilitation Hospital
423030,"GREENWOOD REGIONAL REHABILITATION HOSPITAL, INC","Greenwood Regional Rehabilitation Hospital, Inc"
423031,"SPARTANBURG REHABILITATION INSTITUTE, INC","Spartanburg Rehabilitation Institute, Inc"
423032,ENCOMPASS HEALTH REHAB HOSPITAL OF BLUFFTON,Encompass Health Rehabilitation Hospital of Bluffton
423033,TIDELANDS HEALTH REHABILITATION HOSPITALS,Tidelands Health Rehabilitation Hospitals
423034,MIDLANDS REGIONAL REHABILITATION HOSPITAL,Midlands Regional Rehabilitation Hospital
423035,ENCOMPASS HEALTH REHABILITATION HOSPITAL GREENVILL,Encompass Health Rehabilitation Hospital Greenvill
423036,LEXINGTON REGIONAL REHABILITATION HOSPITAL,Lexington Regional Rehabilitation Hospital
423037,ENCOMPASS HEALTH REHABILITATION HOSPITAL FORT MILL,Encompass Health Rehabilitation Hospital Fort MILL
423300,SHRINERS HOSPITALS FOR CHILDREN,Shriners Hospitals for Children
424002,LIGHTHOUSE BEHAVIORAL HEALTH HOSPITAL,Lighthouse Behavioral Health Hospital
424005,G WERBER BRYAN PSYCH HOSP,G. Werber Bryan Psych Hospital
424006,PALMETTO LOWCOUNTRY BEHAVIORAL HEALTH,Palmetto Lowcountry Behavioral Health
424007,SPRINGBROOK BEHAVIORAL HEALTH SYSTEM,Springbrook Behavioral Health System
424008,THREE RIVERS BEHAVIORAL HEALTH,Three Rivers Behavioral Health
424010,"CAROLINA CTR FOR BEHAVIORAL HEALTH,THE","Carolina Center for Behavioral Health,the"
424011,PATRICK B HARRIS PSYCHIATRIC HOSPITAL,Patrick B. Harris Psychiatric Hospital
424013,THE WILLIAM J MCCORD ADOLESCENT TREATMENT FACILITY,The William J. McCord Adolescent Treatment Facility
424014,REBOUND BEHAVIORAL HEALTH,Rebound Behavioral Health
424015,MIDLANDS BEHAVIORAL HEALTH HOSPITAL,Midlands Behavioral Health Hospital
430005,PRAIRIE LAKES HOSPITAL,Prairie Lakes Hospital
430008,BROOKINGS HEALTH SYSTEM,Brookings Health System
430012,AVERA SACRED HEART HOSPITAL,Avera Sacred Heart Hospital
430014,AVERA ST LUKES,Avera St. Lukes
430015,AVERA ST MARY'S HOSPITAL,Avera St. Mary's Hospital
430016,AVERA MCKENNAN HOSPITAL & UNIVERSITY HEALTH CENTER,Avera McKennan Hospital & University Health Center
430027,SANFORD USD MEDICAL CENTER,Sanford Usd Medical Center
430048,MONUMENT HEALTH SPEARFISH HOSPITAL,Monument Health Spearfish Hospital
430077,MONUMENT HEALTH RAPID CITY HOSPITAL,Monument Health Rapid City Hospital
430089,DUNES SURGICAL HOSPITAL,Dunes Surgical Hospital
430090,SIOUX FALLS SPECIALTY HOSPITAL LLP,Sioux Falls Specialty Hospital LLP
430091,BLACK HILLS SURGICAL HOSPITAL LLC,Black Hills Surgical Hospital LLC
430093,SAME DAY SURGERY CENTER LLC,Same Day Surgery Center LLC
430095,AVERA HEART HOSPITAL OF SOUTH DAKOTA,Avera Heart Hospital of South Dakota
430097,SANFORD ABERDEEN MEDICAL CENTER,Sanford Aberdeen Medical Center
430779,LANDMANN JUNGMAN MEMORIAL HOSPITAL CORPORATION,Landmann Jungman Memorial Hospital Corporation
431300,MADISON REGIONAL HEALTH SYSTEM,Madison Regional Health System
431301,FAULKTON AREA MEDICAL CENTER,Faulkton Area Medical Center
431302,AVERA MISSOURI RIVER HEALTH CENTER,Avera Missouri River Health Center
431305,DOUGLAS COUNTY MEMORIAL HOSPITAL-CAH,Douglas County Memorial Hospital-CAH
431306,PLATTE HEALTH CENTER,Platte Health Center
431307,SANFORD CLEAR LAKE MEDICAL CENTER,Sanford Clear Lake Medical Center
431308,EUREKA COMMUNITY HEALTH SERVICES - CAH,Eureka Community Health Services - CAH
431309,COMMUNITY MEMORIAL HOSPITAL,Community Memorial Hospital
431310,AVERA FLANDREAU HOSPITAL - CAH,Avera Flandreau Hospital - CAH
431311,SANFORD WEBSTER MEDICAL CENTER,Sanford Webster Medical Center
431312,MARSHALL COUNTY HEALTHCARE CENTER - CAH,Marshall County Healthcare Center - CAH
431313,FREEMAN MEDICAL CENTER - CAH,Freeman Medical Center - CAH
431314,BENNETT COUNTY HOSPITAL AND NURSING HOME - CAH,Bennett County Hospital and Nursing Home - CAH
431315,WAGNER COMMUNITY MEMORIAL HOSPITAL - CAH,Wagner Community Memorial Hospital - CAH
431316,COMMUNITY MEMORIAL HOSPITAL,Community Memorial Hospital
431318,BOWDLE HOSPITAL - CAH,Bowdle Hospital - CAH
431319,HANS P PETERSON MEMORIAL HOSPITAL - CAH,Hans P. Peterson Memorial Hospital - CAH
431320,MONUMENT HEALTH LEAD-DEADWOOD HOSPITAL,Monument Health Lead-Deadwood Hospital
431321,MONUMENT HEALTH STURGIS HOSPITAL,Monument Health Sturgis Hospital
431322,FALL RIVER HOSPITAL - CAH,Fall River Hospital - CAH
431323,MONUMENT HEALTH CUSTER HOSPITAL,Monument Health Custer Hospital
431324,AVERA WESKOTA MEMORIAL MEDICAL CENTER - CAH,Avera Weskota Memorial Medical Center - CAH
431325,MOBRIDGE REGIONAL HOSPITAL - CAH,Mobridge Regional Hospital - CAH
431326,MILBANK AREA HOSPITAL/AVERA HEALTH,Milbank Area Hospital/avera Health
431327,ST MICHAEL'S HOSPITAL - CAH,St. Michael's Hospital - CAH
431328,PIONEER MEMORIAL HOSPITAL - CAH,Pioneer Memorial Hospital - CAH
431329,SANFORD CHAMBERLAIN MEDICAL CENTER,Sanford Chamberlain Medical Center
431330,AVERA ST BENEDICT HEALTH CENTER - CAH,Avera St. Benedict Health Center - CAH
431331,AVERA DELLS AREA HOSPITAL  - CAH,Avera Dells Area Hospital - CAH
431332,AVERA DE SMET MEMORIAL HOSPITAL - CAH,Avera de Smet Memorial Hospital - CAH
431333,SANFORD CANTON-INWOOD MEDICAL CENTER - CAH,Sanford Canton-Inwood Medical Center - CAH
431334,WINNER REGIONAL HEALTHCARE CENTER - CAH,Winner Regional Healthcare Center - CAH
431335,HURON REGIONAL MEDICAL CENTER,Huron Regional Medical Center
431336,SANFORD VERMILLION MEDICAL CENTER,Sanford Vermillion Medical Center
431337,AVERA HAND COUNTY MEMORIAL HOSPITAL AND CLINIC,Avera Hand County Memorial Hospital and Clinic
431338,AVERA GREGORY HOSPITAL,Avera Gregory Hospital
431339,COTEAU DES PRAIRIES HEALTH CARE SYSTEM,Coteau Des Prairies Health Care System
431340,AVERA QUEEN OF PEACE,Avera Queen of Peace
432002,SELECT SPECIALTY HOSPITAL - SOUTH DAKOTA,Select Specialty Hospital - South Dakota
432003,REHAB & CRITICAL CARE HOSPITAL OF THE BLACK HILLS,Rehabilitation & Critical Care Hospital of the Black Hills
433027,ENCOMPASS HEALTH REHAB HOSPITAL OF SIOUX FALLS,Encompass Health Rehabilitation Hospital of Sioux Falls
433300,LIFESCAPE,Lifescape
434003,SOUTH DAKOTA HUMAN SERVICES CENTER,South Dakota Human Services Center
440002,JACKSON-MADISON COUNTY GENERAL HOSPITAL,Jackson-Madison County General Hospital
440003,HIGHPOINT HEALTH-SUMNER WITH ASCENSION SAINT THOMA,Highpoint Health-Sumner with Ascension Saint Thoma
440006,TRISTAR SKYLINE MEDICAL CENTER,TriStar Skyline Medical Center
440007,UNITY MEDICAL CENTER,Unity Medical Center
440008,HENDERSON COUNTY COMMUNITY HOSPITAL,Henderson County Community Hospital
440009,CUMBERLAND MEDICAL CENTER,Cumberland Medical Center
440011,BLOUNT MEMORIAL HOSPITAL,Blount Memorial Hospital
440012,BRISTOL REGIONAL MEDICAL CENTER,Bristol Regional Medical Center
440015,UNIVERSITY OF TN MEDICAL CENTER (THE),University of Tn Medical Center (the)
440016,BAPTIST MEMORIAL HOSPITAL - CARROLL COUNTY,Baptist Memorial Hospital - Carroll County
440017,HOLSTON VALLEY MEDICAL CENTER,Holston Valley Medical Center
440018,SYCAMORE SHOALS HOSPITAL,Sycamore Shoals Hospital
440020,SOUTHERN TENNESSEE REGIONAL HEALTH SYSTEM PULASKI,Southern Tennessee Regional Health System Pulaski
440029,WILLIAMSON MEDICAL CENTER,Williamson Medical Center
440030,MORRISTOWN HAMBLEN HOSPITAL ASSOCIATION,Morristown Hamblen Hospital Association
440031,ROANE MEDICAL CENTER,Roane Medical Center
440032,HAWKINS COUNTY MEMORIAL HOSPITAL,Hawkins County Memorial Hospital
440033,TENNOVA HEALTHCARE LAFOLLETTE MEDICAL CENTER,Tennova Healthcare Lafollette Medical Center
440034,METHODIST MEDICAL CENTER OF OAK RIDGE,Methodist Medical Center of Oak Ridge
440035,VANDERBILT CLARKSVILLE HOSPITAL,Vanderbilt Clarksville Hospital
440039,VANDERBILT UNIVERSITY MEDICAL CENTER,Vanderbilt University Medical Center
440046,TRISTAR HORIZON MEDICAL CENTER,TriStar Horizon Medical Center
440048,BAPTIST MEMORIAL HOSPITAL,Baptist Memorial Hospital
440049,METHODIST HOSPITALS OF MEMPHIS,Methodist Hospitals of Memphis
440050,GREENEVILLE COMMUNITY HOSPITAL,Greeneville Community Hospital
440053,ASCENSION SAINT THOMAS RUTHERFORD HOSPITAL,Ascension Saint Thomas Rutherford Hospital
440056,TENNOVA HEALTHCARE JEFFERSON MEMORIAL HOSPITAL,Tennova Healthcare Jefferson Memorial Hospital
440057,CLAIBORNE MEDICAL CENTER,Claiborne Medical Center
440058,SOUTHERN TENNESSEE REGIONAL HEALTH SYSTEM WINCHEST,Southern Tennessee Regional Health System Winchest
440059,COOKEVILLE REGIONAL MEDICAL CENTER,Cookeville Regional Medical Center
440060,WEST TENNESSEE HEALTHCARE MILAN HOSPITAL,West Tennessee Healthcare Milan Hospital
440061,WEST TENNESSEE HEALTHCARE VOLUNTEER HOSPITAL,West Tennessee Healthcare Volunteer Hospital
440063,JOHNSON CITY MEDICAL CENTER,Johnson City Medical Center
440065,TRISTAR NORTHCREST MEDICAL CENTER,TriStar Northcrest Medical Center
440068,STARR REGIONAL MEDICAL CENTER ATHENS,Starr Regional Medical Center Athens
440072,WEST TENNESSEE HEALTHCARE DYERSBURG HOSPITAL,West Tennessee Healthcare Dyersburg Hospital
440073,MAURY REGIONAL HOSPITAL,Maury Regional Hospital
440081,LECONTE MEDICAL CENTER,Leconte Medical Center
440082,ASCENSION SAINT THOMAS HOSPITAL,Ascension Saint Thomas Hospital
440084,SWEETWATER HOSPITAL ASSOCIATION,Sweetwater Hospital Association
440091,"MEMORIAL HEALTHCARE SYSTEM, INC","Memorial Healthcare System, Inc"
440102,LINCOLN MEDICAL CENTER,Lincoln Medical Center
440104,ERLANGER HEALTH SYSTEM,Erlanger Health System
440109,HARDIN MEDICAL CENTER,Hardin Medical Center
440110,FORT LOUDON MEDICAL CENTER,Fort Loudon Medical Center
440111,METRO NASHVILLE GENERAL HOSPITAL,Metro Nashville General Hospital
440120,TENNOVA HEALTHCARE NORTH KNOXVILLE MEDICAL CENTER,Tennova Healthcare North Knoxville Medical Center
440125,FORT SANDERS REGIONAL MEDICAL CENTER,Fort Sanders Regional Medical Center
440130,BAPTIST MEMORIAL HOSPITAL UNION CITY,Baptist Memorial Hospital Union City
440131,BAPTIST MEMORIAL HOSPITAL TIPTON,Baptist Memorial Hospital Tipton
440132,WEST TENNESSEE HEALTHCARE HENRY COUNTY HOSPITAL,West Tennessee Healthcare Henry County Hospital
440137,VANDERBILT BEDFORD HOSPITAL,Vanderbilt Bedford Hospital
440144,VANDERBILT TULLAHOMA-HARTON HOSPITAL,Vanderbilt Tullahoma-Harton Hospital
440148,ASCENSION SAINT THOMAS DEKALB,Ascension Saint Thomas DeKalb
440150,TRISTAR SUMMIT MEDICAL CENTER,TriStar Summit Medical Center
440151,ASCENSION SAINT THOMAS RIVER PARK HOSPITAL,Ascension Saint Thomas River Park Hospital
440152,REGIONAL ONE HEALTH,Regional One Health
440153,TENNOVA HEALTHCARE - NEWPORT MEDICAL CENTER,Tennova Healthcare - Newport Medical Center
440156,PARKRIDGE MEDICAL CENTER,Parkridge Medical Center
440161,TRISTAR CENTENNIAL MEDICAL CENTER,TriStar Centennial Medical Center
440173,PARKWEST MEDICAL CENTER,Parkwest Medical Center
440175,SOUTHERN TENNESSEE REGIONAL HEALTH SYSTEM LAWRENCE,Southern Tennessee Regional Health System Lawrence
440176,INDIAN PATH COMMUNITY HOSPITAL,Indian Path Community Hospital
440183,ST FRANCIS HOSPITAL,St. Francis Hospital
440184,FRANKLIN WOODS COMMUNITY HOSPITAL,Franklin Woods Community Hospital
440185,BRADLEY MEDICAL CENTER,Bradley Medical Center
440187,LIVINGSTON REGIONAL HOSPITAL,Livingston Regional Hospital
440192,SAINT THOMAS HIGHLANDS HOSPITAL,Saint Thomas Highlands Hospital
440193,VANDERBILT WILSON COUNTY HOSPITAL,Vanderbilt Wilson County Hospital
440194,TRISTAR HENDERSONVILLE MEDICAL CENTER,TriStar Hendersonville Medical Center
440197,TRISTAR SOUTHERN HILLS MEDICAL CENTER,TriStar Southern Hills Medical Center
440200,ASCENSION SAINT THOMAS STONES RIVER HOSPITAL,Ascension Saint Thomas Stones River Hospital
440218,SAINT THOMAS HOSPITAL FOR SPECIALTY SURGERY,Saint Thomas Hospital for Specialty Surgery
440227,TRISTAR STONECREST MEDICAL CENTER,TriStar Stonecrest Medical Center
440228,SAINT FRANCIS BARTLETT MEDICAL CENTER,Saint Francis Bartlett Medical Center
440231,TRUSTPOINT HOSPITAL,Trustpoint Hospital
440238,HAYWOOD COUNTY COMMUNITY HOSPITAL,Haywood County Community Hospital
440779,TRISTAR ASHLAND CITY MEDICAL CENTER,TriStar Ashland City Medical Center
440780,WAYNE MEDICAL CENTER,Wayne Medical Center
441300,ASCENSION SAINT THOMAS HICKMAN,Ascension Saint Thomas Hickman
441301,HIGHPOINT HEALTH-TROUSDALE WITH ASCENSION SAINT,Highpoint Health-Trousdale with Ascension Saint
441303,ASCENSION SAINT THOMAS THREE RIVERS,Ascension Saint Thomas Three Rivers
441304,JOHNSON COUNTY COMMUNITY HOSPITAL,Johnson County Community Hospital
441305,MACON COMMUNITY HOSPITAL,Macon Community Hospital
441306,ERLANGER BLEDSOE HOSPITAL,Erlanger Bledsoe Hospital
441307,HIGHPOINT HEALTH-RIVERVIEW WITH ASCENSION SAINT TH,Highpoint Health-Riverview with Ascension Saint Th
441309,MARSHALL MEDICAL CENTER,Marshall Medical Center
441310,RHEA MEDICAL CENTER,Rhea Medical Center
441313,HANCOCK COUNTY HOSPITAL,Hancock County Hospital
441314,LAUDERDALE COMMUNITY HOSPITAL,Lauderdale Community Hospital
441316,WEST TENNESSEE HEALTHCARE CAMDEN HOSPITAL,West Tennessee Healthcare Camden Hospital
441320,WEST TENNESSEE HEALTHCARE BOLIVAR HOSPITAL,West Tennessee Healthcare Bolivar Hospital
441322,HOUSTON COUNTY COMMUNITY HOSPITAL,Houston County Community Hospital
441323,BIG SOUTH FORK MEDICAL CENTER,Big South Fork Medical Center
441325,PERRY COMMUNITY HOSPITAL,Perry Community Hospital
442007,KINDRED HOSPITAL - CHATTANOOGA,Kindred Hospital - Chattanooga
442010,SELECT SPECIALTY HOSPITAL- MEMPHIS EAST,Select Specialty Hospital- Memphis East
442011,SELECT SPECIALTY HOSPITAL-NASHVILLE,Select Specialty Hospital-Nashville
442014,SELECT SPECIALTY HOSPITAL MEMPHIS,Select Specialty Hospital Memphis
442015,SELECT SPECIALTY HOSPITAL-NORTH KNOXVILLE,Select Specialty Hospital-North Knoxville
442016,SELECT SPECIALTY HOSPITAL-TRICITIES,Select Specialty Hospital-Tricities
442017,REGIONAL ONE HEALTH EXTENDED CARE HOSPITAL,Regional One Health Extended Care Hospital
442018,SELECT SPECIALTY HOSPITAL - WEST TENNESSEE,Select Specialty Hospital - West Tennessee
443025,SISKIN HOSPITAL FOR PHYSICAL REHABILITATION,Siskin Hospital for Physical Rehabilitation
443027,"REHABILITATION HOSPITAL OF KINGSPORT, A JOINT VENT","Rehabilitation Hospital of Kingsport, a joint venture of Ballad Health and Encompass Health"
443028,VANDERBILT STALLWORTH REHAB HOSPITAL,Vanderbilt Stallworth Rehabilitation Hospital
443029,ENCOMPASS HEALTH REHABILITIATION HOSPITAL OF MEMPH,Encompass Health Rehabilitiation Hospital of Memph
443030,WEST TENNESSEE HEALTHCARE REHABILITATION HOSPITAL,West Tennessee Healthcare Rehabilitation Hospital
443031,ENCOMPASS HEALTH METHODIST REHABILITATION HOSPITAL,Encompass Health Methodist Rehabilitation Hospital
443032,ENCOMPASS HEALTH REHABILITATION HOSPITAL OF CHATTA,Encompass Health Rehabilitation Hospital of Chatta
443033,"QUILLEN REHABILITATION HOSPITAL, AJV OF BALLAD HLT","Quillen Rehabilitation Hospital, a joint venture of Ballad Health and Encompass Health"
443034,BAPTIST MEMORIAL REHABILITATION HOSPITAL,Baptist Memorial Rehabilitation Hospital
443035,ENCOMPASS HEALTH REHABILITATION HOSPITAL OF FRANKL,Encompass Health Rehabilitation Hospital of Frankl
443036,WEST TENNESSEE HEALTHCARE REHABILITATION HOSPTIAL,West Tennessee Healthcare Rehabilitation Hosptial
443037,KNOXVILLE REHABILITATION HOSPITAL,Knoxville Rehabilitation Hospital
443038,ASCENSION SAINT THOMAS REHABILITATION HOSPITAL,Ascension Saint Thomas Rehabilitation Hospital
443039,PATRICIA NEAL REHABILITATION HOSPITAL,Patricia Neal Rehabilitation Hospital
443302,ST JUDE CHILDRENS RESEARCH HOSPITAL,St. Jude Childrens Research Hospital
443303,EAST TENNESSEE CHILDRENS HOSPITAL,East Tennessee Childrens Hospital
444001,MEMPHIS MENTAL HEALTH INSTITUTE,Memphis Mental Health Institute
444002,MOCCASSIN BEND MENTAL HEALTH INSTITUTE,Moccassin Bend Mental Health Institute
444003,RIDGEVIEW PSYCHIATRIC HOSPITAL AND CENTER,Ridgeview Psychiatric Hospital and Center
444004,LAKESIDE BEHAVIORAL HEALTH SYSTEM,Lakeside Behavioral Health System
444005,UNITY PSYCHIATRIC CARE-MARTIN,Unity Psychiatric Care-Martin
444007,ROLLING HILLS PSYCHIATRIC HOSPITAL,Rolling Hills Psychiatric Hospital
444008,WESTERN MENTAL HEALTH INSTITUTE,Western Mental Health Institute
444010,"PATHWAYS OF TENNESSEE, INC","Pathways of Tennessee, Inc"
444014,MIDDLE TN MENTAL HEALTH INSTITUTE,Middle Tn Mental Health Institute
444019,UNITY PSYCHIATRIC CARE-CLARKSVILLE,Unity Psychiatric Care-Clarksville
444021,UNITY PSYCHIATRIC CARE-COLUMBIA,Unity Psychiatric Care-Columbia
444023,PERIMETER BEHAVIORAL CENTER OF JACKSON,Perimeter Behavioral Center of Jackson
444024,UNITY PSYCHIATRIC CARE-MEMPHIS,Unity Psychiatric Care-Memphis
444025,CRESTWYN BEHAVIORAL HEALTH,Crestwyn Behavioral Health
444026,"ERLANGER BEHAVIORAL HOSPITAL, LLC","Erlanger Behavioral Hospital, LLC"
444027,CREEKSIDE BEHAVIORAL HEALTH,Creekside Behavioral Health
444029,PINEWOOD SPRINGS,Pinewood Springs
444030,ASCENSION SAINT THOMAS BEHAVIORAL HEALTH HOSPITAL,Ascension Saint Thomas Behavioral Health Hospital
444031,KNOXVILLE CENTER FOR BEHAVIORAL MEDICINE,Knoxville Center for Behavioral Medicine
444032,EAST TENNESSEE BEHAVIORAL HEALTH,East Tennessee Behavioral Health
444033,COMPASS INTERVENTION CENTER,Compass Intervention Center
450002,THE HOSPITALS OF PROVIDENCE MEMORIAL CAMPUS,The Hospitals of Providence Memorial Campus
450007,PETERSON REGIONAL MEDICAL CENTER,Peterson Regional Medical Center
450010,UNITED REGIONAL HEALTH CARE SYSTEM,United Regional Health Care System
450011,CHI ST JOSEPH HEALTH REGIONAL HOSPITAL,CHI St. Joseph Health Regional Hospital
450015,PARKLAND HEALTH AND HOSPITAL SYSTEM,Parkland Health and Hospital System
450018,UNIVERSITY OF TEXAS MEDICAL BRANCH,University of Texas Medical Branch
450021,BAYLOR UNIVERSITY MEDICAL CENTER,Baylor University Medical Center
450023,CITIZENS MEDICAL CENTER,Citizens Medical Center
450024,UNIVERSITY MEDICAL CENTER OF EL PASO,University Medical Center of El Paso
450028,VALLEY BAPTIST MEDICAL CENTER- BROWNSVILLE,Valley Baptist Medical Center- Brownsville
450029,LAREDO MEDICAL CENTER,Laredo Medical Center
450032,CHRISTUS GOOD SHEPHERD MEDICAL CENTER,CHRISTUS Good Shepherd Medical Center
450033,VHS HARLINGEN HOSPITAL COMPANY LLC,Vhs Harlingen Hospital Company LLC
450034,CHRISTUS SOUTHEAST TEXAS- ST ELIZABETH,CHRISTUS Southeast Texas- St. Elizabeth
450035,ST JOSEPH MEDICAL CENTER,St. Joseph Medical Center
450039,JPS HEALTH NETWORK,Jps Health Network
450040,COVENANT MEDICAL CENTER,Covenant Medical Center
450042,ASCENSION PROVIDENCE,Ascension Providence
450044,UT SOUTHWESTERN UNIVERSITY HOSPITAL,UT Southwestern University Hospital
450046,CHRISTUS SPOHN HOSPITAL CORPUS CHRISTI,CHRISTUS Spohn Hospital Corpus Christi
450051,METHODIST DALLAS MEDICAL CENTER,Methodist Dallas Medical Center
450054,BAYLOR SCOTT & WHITE MEDICAL  CENTER - TEMPLE,Baylor Scott & White Medical Center - Temple
450055,ROLLING PLAINS MEMORIAL HOSPITAL,Rolling Plains Memorial Hospital
450056,ASCENSION SETON MEDICAL CENTER AUSTIN,Ascension Seton Medical Center Austin
450058,BAPTIST MEDICAL CENTER,Baptist Medical Center
450064,TEXAS HEALTH ARLINGTON MEMORIAL HOSPITAL,Texas Health Arlington Memorial Hospital
450068,MEMORIAL HERMANN TEXAS MEDICAL CENTER,Memorial Hermann Texas Medical Center
450072,CHI ST LUKE'S HEALTH BRAZOSPORT,CHI St. Luke's Health Brazosport
450076,UNIVERSITY OF TEXAS M D ANDERSON CANCER CENTER,University of Texas M. D. Anderson Cancer Center
450079,BAYLOR SCOTT AND WHITE MEDICAL CENTER  IRVING,Baylor Scott and White Medical Center Irving
450080,TITUS REGIONAL MEDICAL CENTER,Titus Regional Medical Center
450082,CHRISTUS SPOHN HOSPITAL BEEVILLE,CHRISTUS Spohn Hospital Beeville
450083,UT HEALTH EAST TEXAS TYLER REGIONAL HOSPITAL,UT Health East Texas Tyler Regional Hospital
450087,MEDICAL CITY NORTH HILLS,Medical City North Hills
450090,NORTH TEXAS MEDICAL CENTER,North Texas Medical Center
450092,FORT DUNCAN MEDICAL CENTER,Fort Duncan Medical Center
450097,HCA HOUSTON HEALTHCARE SOUTHEAST,HCA Houston Healthcare Southeast
450101,BAYLOR SCOTT & WHITE MEDICAL CENTER - HILLCREST,Baylor Scott & White Medical Center - Hillcrest
450102,CHRISTUS MOTHER FRANCES HOSPITAL,CHRISTUS Mother Frances Hospital
450104,GUADALUPE REGIONAL MEDICAL CENTER,Guadalupe Regional Medical Center
450107,LAS PALMAS MEDICAL CENTER A CAMPUS OF LPDS HEALTHC,Las Palmas Medical Center A Campus of Lpds Healthc
450108,CONNALLY MEMORIAL MEDICAL CENTER,Connally Memorial Medical Center
450119,SOUTH TEXAS HEALTH SYSTEM BEHAVIORAL,South Texas Health System Behavioral
450124,DELL SETON  MED CENTER AT THE UNIVERSITY OF TX,Dell Seton Medical Center at the University of Tx
450128,KNAPP MEDICAL CENTER,Knapp Medical Center
450132,MEDICAL CENTER HOSPITAL,Medical Center Hospital
450133,MIDLAND MEMORIAL HOSPITAL,Midland Memorial Hospital
450135,TEXAS HEALTH HARRIS METHODIST FORT WORTH,Texas Health Harris Methodist Fort Worth
450137,BAYLOR SCOTT AND WHITE ALL SAINTS MEDICAL CENTER,Baylor Scott and White All Saints Medical Center
450144,PERMIAN REGIONAL MEDICAL CENTER ANDREWS COUNTY HO,Permian Regional Medical Center Andrews County Ho
450147,DETAR HEALTHCARE SYSTEM,DeTar Healthcare System
450148,TEXAS HEALTH HARRIS METHODIST HOSPITAL CLEBURNE,Texas Health Harris Methodist Hospital Cleburne
450152,ADVENTHEALTH CENTRAL TEXAS,AdventHealth Central Texas
450154,VAL VERDE REGIONAL MEDICAL CENTER,Val Verde Regional Medical Center
450155,HEREFORD REGIONAL MEDICAL CENTER,Hereford Regional Medical Center
450162,GRACE SURGICAL HOSPITAL,Grace Surgical Hospital
450163,CHRISTUS SPOHN HOSPITAL KLEBERG,CHRISTUS Spohn Hospital Kleberg
450165,METHODIST HOSPITAL | ATASCOSA,Methodist Hospital | Atascosa
450176,MISSION REGIONAL MEDICAL CENTER,Mission Regional Medical Center
450184,MEMORIAL HERMANN HOSPITAL SYSTEM,Memorial Hermann Hospital System
450193,CHI ST LUKE'S HEALTH BAYLOR COLLEGE OF MEDICINE ME,CHI St. Luke's Health Baylor College of Medicine Me
450194,UT HEALTH EAST TEXAS JACKSONVILLE HOSPITAL,UT Health East Texas Jacksonville Hospital
450196,PARIS REGIONAL HEALTH,Paris Regional Health
450203,MEDICAL CITY WEATHERFORD,Medical City Weatherford
450209,NORTHWEST TEXAS HOSPITAL,Northwest Texas Hospital
450210,UT HEALTH EAST TEXAS CARTHAGE HOSPITAL,UT Health East Texas Carthage Hospital
450211,CHI ST LUKES HEALTH MEMORIAL LUFKIN,CHI St. Lukes Health Memorial Lufkin
450213,UNIVERSITY HEALTH SYSTEM,University Health System
450222,HCA HOUSTON HEALTHCARE CONROE,HCA Houston Healthcare Conroe
450229,HENDRICK MEDICAL CENTER,Hendrick Medical Center
450231,BSA HOSPITAL,BSA Hospital
450235,MEMORIAL HOSPITAL,Memorial Hospital
450236,CHRISTUS MOTHER FRANCES HOSPITAL SULPHUR SPRINGS,CHRISTUS Mother Frances Hospital Sulphur Springs
450237,CHRISTUS SANTA ROSA MEDICAL CENTER,CHRISTUS Santa Rosa Medical Center
450241,FAITH COMMUNITY HOSPITAL,Faith Community Hospital
450253,BELLVILLE MEDICAL CENTER,Bellville Medical Center
450272,CHRISTUS SANTA ROSA HOSPITAL-SAN MARCOS,CHRISTUS Santa Rosa Hospital-San Marcos
450289,HARRIS HEALTH,Harris Health
450292,TEXAS HEALTH PRESBYTERIAN HOSPITAL KAUFMAN,Texas Health Presbyterian Hospital Kaufman
450324,TEXOMA MEDICAL CENTER,Texoma Medical Center
450330,OAKBEND MEDICAL CENTER,Oakbend Medical Center
450346,BAPTIST BEAUMONT HOSPITAL,Baptist Beaumont Hospital
450347,HUNTSVILLE MEMORIAL HOSPITAL,Huntsville Memorial Hospital
450351,TEXAS HEALTH HARRIS METHODIST HOSPITAL STEPHENVILL,Texas Health Harris Methodist Hospital Stephenvill
450352,HUNT REGIONAL HEALTHCARE,Hunt Regional Healthcare
450358,HOUSTON METHODIST HOSPITAL,Houston Methodist Hospital
450369,CHILDRESS REGIONAL MEDICAL CENTER,Childress Regional Medical Center
450370,COLUMBUS COMMUNITY HOSPITAL,Columbus Community Hospital
450372,BAYLOR SCOTT & WHITE MEDICAL CENTER- WAXAHACHIE,Baylor Scott & White Medical Center- Waxahachie
450379,DALLAS MEDICAL CENTER,Dallas Medical Center
450388,METHODIST HOSPITAL,Methodist Hospital
450389,UT HEALTH EAST TEXAS ATHENS HOSPITAL,UT Health East Texas Athens Hospital
450395,CHI ST LUKES HEALTH MEMORIAL LIVINGSTON,CHI St. Lukes Health Memorial Livingston
450399,BROWNFIELD REGIONAL MEDICAL CENTER,Brownfield Regional Medical Center
450400,PARKVIEW REGIONAL HOSPITAL,Parkview Regional Hospital
450403,MEDICAL CITY MCKINNEY,Medical City McKinney
450419,TEXAS HEALTH HARRIS METHODIST HOSPITAL AZLE,Texas Health Harris Methodist Hospital Azle
450422,BAYLOR SCOTT AND WHITE MEDICAL CENTER UPTOWN,Baylor Scott and White Medical Center Uptown
450424,HOUSTON METHODIST BAYTOWN HOSPITAL,Houston Methodist Baytown Hospital
450431,ST DAVID'S MEDICAL CENTER,St. David's Medical Center
450447,NAVARRO REGIONAL HOSPITAL,Navarro Regional Hospital
450451,GLEN ROSE MEDICAL CENTER,Glen Rose Medical Center
450460,TYLER COUNTY HOSPITAL,Tyler County Hospital
450462,TEXAS HEALTH PRESBYTERIAN HOSPITAL  DALLAS,Texas Health Presbyterian Hospital Dallas
450465,MATAGORDA REGIONAL MEDICAL CENTER,Matagorda Regional Medical Center
450469,AHS SHERMAN MEDICAL CENTER,AHS Sherman Medical Center
450475,UT HEALTH EAST TEXAS HENDERSON HOSPITAL,UT Health East Texas Henderson Hospital
450484,WOODLAND HEIGHTS MEDICAL CENTER,Woodland Heights Medical Center
450489,MEDICAL ARTS HOSPITAL,Medical Arts Hospital
450508,NACOGDOCHES MEMORIAL HOSPITAL,Nacogdoches Memorial Hospital
450518,"HSA PORT ARTHUR, LLC","Hsa Port Arthur, LLC"
450537,METHODIST RICHARDSON MEDICAL CENTER,Methodist Richardson Medical Center
450539,COVENANT HOSPITAL PLAINVIEW,Covenant Hospital Plainview
450563,BAYLOR SCOTT & WHITE MEDICAL CENTER  GRAPEVINE,Baylor Scott & White Medical Center Grapevine
450565,PALO PINTO GENERAL HOSPITAL,Palo Pinto General Hospital
450571,SHANNON MEDICAL CENTER,Shannon Medical Center
450573,CHRISTUS JASPER MEMORIAL HOSPITAL,CHRISTUS Jasper Memorial Hospital
450584,WILBARGER GENERAL HOSPITAL,Wilbarger General Hospital
450587,HENDRICK MEDICAL CENTER BROWNWOOD,Hendrick Medical Center Brownwood
450596,LAKE GRANBURY MEDICAL CENTER,Lake Granbury Medical Center
450597,CUERO REGIONAL HOSPITAL,Cuero Regional Hospital
450604,METHODIST HOSPITAL HILL COUNTRY,Methodist Hospital Hill Country
450610,MEMORIAL HERMANN MEMORIAL CITY MEDICAL CENTER,Memorial Hermann Memorial City Medical Center
450617,HCA HOUSTON HEALTHCARE CLEAR LAKE,HCA Houston Healthcare Clear Lake
450634,MEDICAL CITY DENTON,Medical City Denton
450638,HCA HOUSTON HEALTHCARE NORTHWEST,HCA Houston Healthcare Northwest
450639,TEXAS HEALTH HEB,Texas Health HEB
450641,NOCONA GENERAL HOSPITAL,Nocona General Hospital
450643,DOCTORS HOSPITAL OF LAREDO,Doctors Hospital of Laredo
450644,HCA HOUSTON HEALTHCARE WEST,HCA Houston Healthcare West
450647,MEDICAL CITY DALLAS,Medical City Dallas
450651,MEDICAL CITY PLANO,Medical City Plano
450653,SHANNON MEDICAL CENTER,Shannon Medical Center
450654,STARR COUNTY MEMORIAL HOSPITAL,Starr County Memorial Hospital
450656,NACOGDOCHES MEDICAL CENTER,Nacogdoches Medical Center
450658,FREESTONE MEDICAL CENTER,Freestone Medical Center
450659,HCA HOUSTON HEALTHCARE MEDICAL CENTER,HCA Houston Healthcare Medical Center
450661,ODESSA REGIONAL MEDICAL CENTER,Odessa Regional Medical Center
450662,VALLEY REGIONAL MEDICAL CENTER,Valley Regional Medical Center
450668,SIERRA MEDICAL CENTER,Sierra Medical Center
450669,MEDICAL CITY LEWISVILLE,Medical City Lewisville
450670,HCA HOUSTON HEALTHCARE TOMBALL,HCA Houston Healthcare Tomball
450672,MEDICAL CITY FORT WORTH,Medical City Fort Worth
450674,"WOMANS HOSPITAL OF TEXAS,THE","Womans Hospital of Texas,the"
450675,MEDICAL CITY ARLINGTON,Medical City Arlington
450677,TEXAS HEALTH HUGULEY HOSPITAL FORT WORTH SOUTH,Texas Health Huguley Hospital Fort Worth South
450678,WHITE ROCK MEDICAL CENTER,White Rock Medical Center
450684,MEMORIAL HERMANN NORTHEAST HOSPITAL,Memorial Hermann Northeast Hospital
450686,UNIVERSITY MEDICAL CENTER,University Medical Center
450688,DALLAS REGIONAL MEDICAL CENTER,Dallas Regional Medical Center
450690,UNIVERSITY OF TEXAS HEALTH SCIENCE CENTER AT TYLER,University of Texas Health Science Center at Tyler
450694,EL CAMPO MEMORIAL HOSPITAL,El Campo Memorial Hospital
450698,LAMB HEALTHCARE CENTER,Lamb Healthcare Center
450702,LONGVIEW REGIONAL MEDICAL CENTER,Longview Regional Medical Center
450709,HOUSTON METHODIST CLEAR LAKE HOSPITAL,Houston Methodist Clear Lake Hospital
450711,RIO GRANDE REGIONAL HOSPITAL,Rio Grande Regional Hospital
450713,ST DAVID'S SOUTH AUSTIN MEDICAL CENTER,St. David's South Austin Medical Center
450718,ROUND ROCK MEDICAL CENTER,Round Rock Medical Center
450723,METHODIST CHARLTON MEDICAL CENTER,Methodist Charlton Medical Center
450730,CARROLLTON REGIONAL MEDICAL CENTER,Carrollton Regional Medical Center
450742,BAYLOR SCOTT AND WHITE MEDICAL CENTER LAKE POINTE,Baylor Scott and White Medical Center Lake Pointe
450743,TEXAS HEALTH PRESBYTERIAN HOSPITAL DENTON,Texas Health Presbyterian Hospital Denton
450747,PALESTINE REGIONAL MEDICAL CENTER,Palestine Regional Medical Center
450755,COVENANT HOSPITAL LEVELLAND,Covenant Hospital Levelland
450771,TEXAS HEALTH PRESBYTERIAN HOSPITAL PLANO,Texas Health Presbyterian Hospital Plano
450774,TOPS SURGICAL SPECIALTY HOSPITAL,Tops Surgical Specialty Hospital
450775,HCA HOUSTON HEALTHCARE KINGWOOD,HCA Houston Healthcare Kingwood
450779,TEXAS HEALTH HARRIS METHODIST HOSPITAL SOUTHWEST F,Texas Health Harris Methodist Hospital Southwest F.
450788,"CORPUS CHRISTI MEDICAL CENTER,THE","Corpus Christi Medical Center,the"
450801,CHRISTUS ST MICHAEL HEALTH SYSTEM,CHRISTUS St. Michael Health System
450804,TEXAS ORTHOPEDIC HOSPITAL,Texas Orthopedic Hospital
450808,NORTHWEST HILLS SURGICAL HOSPITAL,Northwest Hills Surgical Hospital
450809,ST. DAVID'S NORTH AUSTIN MEDICAL CENTER,St. David's North Austin Medical Center
450820,HOUSTON METHODIST SUGARLAND HOSPITAL,Houston Methodist Sugarland Hospital
450822,MEDICAL CITY LAS COLINAS,Medical City las Colinas
450825,CORNERSTONE REGIONAL HOSPITAL,Cornerstone Regional Hospital
450828,CHRISTUS SPOHN HOSPITAL ALICE,CHRISTUS Spohn Hospital Alice
450831,SURGERY SPECIALTY HOSPITALS OF AMERICA SE HOUSTON,Surgery Specialty Hospitals of America Se Houston
450833,ENNIS REGIONAL MEDICAL CENTER,Ennis Regional Medical Center
450834,"PHYSICIANS CENTRE,THE","Physicians Centre,the"
450840,TEXAS HEALTH PRESBYTERIAN HOSPITAL ALLEN,Texas Health Presbyterian Hospital Allen
450844,HOUSTON METHODIST WILLOWBROOK HOSPITAL,Houston Methodist Willowbrook Hospital
450847,MEMORIAL HERMANN KATY HOSPITAL,Memorial Hermann Katy Hospital
450848,MEMORIAL HERMANN SUGAR LAND HOSPITAL,Memorial Hermann Sugar Land Hospital
450851,BAYLOR SCOTT & WHITE  HEART AND VASCULAR HOSPITAL,Baylor Scott & White Heart and Vascular Hospital
450853,BAYLOR MEDICAL CENTER AT FRISCO,Baylor Medical Center at Frisco
450855,HARLINGEN MEDICAL CENTER,Harlingen Medical Center
450856,SOUTH TEXAS SPINE AND SURGICAL HOSPITAL,South Texas Spine and Surgical Hospital
450860,SUGAR LAND SURGICAL HOSPITAL LLP,Sugar Land Surgical Hospital LLP
450862,ST LUKE'S THE WOODLANDS HOSPITAL,St. Luke's the Woodlands Hospital
450864,BAYLOR SCOTT & WHITE TEXAS SPINE & JOINT HOSPITAL,Baylor Scott & White Texas Spine & Joint Hospital
450865,ASCENSION SETON  SOUTHWEST,Ascension Seton Southwest
450867,ASCENSION SETON NORTHWEST,Ascension Seton Northwest
450869,DOCTORS HOSPITAL AT RENAISSANCE,Doctors Hospital at Renaissance
450872,USMD HOSPITAL AT ARLINGTON L P,USMD Hospital at Arlington L. P.
450874,BAYLOR SCOTT AND WHITE SURGICAL HOSPITAL LAS COLIN,Baylor Scott and White Surgical Hospital las Colin
450875,QUAIL CREEK SURGICAL HOSPITAL,Quail Creek Surgical Hospital
450876,LUBBOCK HEART HOSPITAL LP,Lubbock Heart Hospital LP
450880,BAYLOR SCOTT AND WHITE SURGICAL HOSPITAL FORTWORTH,Baylor Scott and White Surgical Hospital Fortworth
450883,BAYLOR MEDICAL CENTER AT TROPHY CLUB,Baylor Medical Center at Trophy Club
450885,BAYLOR SCOTT &  WHITE MEDICAL CENTER - CENTENNIAL,Baylor Scott & White Medical Center - Centennial
450888,TEXAS HEALTH HARRIS METHODIST HOSPITAL SOUTHLAKE,Texas Health Harris Methodist Hospital Southlake
450889,TEXAS INSTITUTE FOR SURGERY AT PRESBYTERIAN HOSPIT,Texas Institute for Surgery at Presbyterian Hospit
450890,BAYLOR REGIONAL MEDICAL CENTER AT PLANO,Baylor Regional Medical Center at Plano
450891,TEXAS HEALTH CENTER FOR DIAGNOSTICS & SURGERY PLAN,Texas Health Center for Diagnostics & Surgery Plan
450893,THE HEART HOSPITAL BAYLOR DENTON,The Heart Hospital Baylor Denton
451300,PARMER COUNTY COMMUNITY HOSPITAL,Parmer County Community Hospital
451301,REAGAN MEMORIAL HOSPITAL,Reagan Memorial Hospital
451303,LIMESTONE MEDICAL CENTER,Limestone Medical Center
451304,SCHLEICHER COUNTY MEDICAL CENTER,Schleicher County Medical Center
451305,BURLESON ST JOSEPH HEALTH CENTER,Burleson St. Joseph Health Center
451306,KIMBLE HOSPITAL,Kimble Hospital
451307,IRAAN GENERAL HOSPITAL DISTRICT,Iraan General Hospital District
451308,YOAKUM COUNTY HOSPITAL,Yoakum County Hospital
451309,MCCAMEY HOSPITAL,McCamey Hospital
451310,BALLINGER MEMORIAL HOSPITAL,Ballinger Memorial Hospital
451311,SWEENY COMMUNITY HOSPITAL,Sweeny Community Hospital
451312,RICE MEDICAL CENTER,Rice Medical Center
451313,FISHER COUNTY HOSPITAL DISTRICT,Fisher County Hospital District
451314,WINKLER COUNTY MEMORIAL HOSPITAL,Winkler County Memorial Hospital
451316,MADISON ST JOSEPH HEALTH CENTER,Madison St. Joseph Health Center
451317,REFUGIO COUNTY MEMORIAL HOSPITAL,Refugio County Memorial Hospital
451318,STONEWALL MEMORIAL HOSPITAL DISTRICT,Stonewall Memorial Hospital District
451319,CHRISTUS MOTHER FRANCES HOSPITAL- JACKSONVILLE,CHRISTUS Mother Frances Hospital- Jacksonville
451320,BAYSIDE COMMUNITY HOSPITAL,Bayside Community Hospital
451322,GRIMES ST JOSEPH HEALTH CENTER,Grimes St. Joseph Health Center
451323,ADVENTHEALTH ROLLINS BROOK,AdventHealth Rollins Brook
451324,LILLIAN M HUDSPETH MEMORIAL HOSPITAL,Lillian M. Hudspeth Memorial Hospital
451325,CONCHO COUNTY HOSPITAL,Concho County Hospital
451328,RICELAND MEDICAL CENTER,Riceland Medical Center
451329,RANKIN HOSPITAL MEDICAL CLINIC,Rankin Hospital Medical Clinic
451330,MEDINA REGIONAL HOSPITAL,Medina Regional Hospital
451331,COON MEMORIAL HOSPITAL,Coon Memorial Hospital
451332,PALACIOS COMMUNITY MEDICAL CENTER,Palacios Community Medical Center
451333,MARTIN COUNTY HOSPITAL DISTRICT,Martin County Hospital District
451334,PARKVIEW HOSPITAL,Parkview Hospital
451335,MUENSTER MEMORIAL HOSPITAL,Muenster Memorial Hospital
451337,W J MANGOLD MEMORIAL HOSPITAL,W. J. Mangold Memorial Hospital
451338,CULBERSON HOSPITAL,Culberson Hospital
451339,THROCKMORTON COUNTY MEMORIAL HOSPITAL,Throckmorton County Memorial Hospital
451340,SHAMROCK GENERAL HOSPITAL,Shamrock General Hospital
451341,HASKELL MEMORIAL HOSPITAL,Haskell Memorial Hospital
451342,MITCHELL COUNTY HOSPITAL DISTRICT,Mitchell County Hospital District
451343,ELECTRA MEMORIAL HOSPITAL,Electra Memorial Hospital
451344,HANSFORD COUNTY HOSPITAL,Hansford County Hospital
451346,YOAKUM COMMUNITY HOSPITAL,Yoakum Community Hospital
451347,COLEMAN COUNTY MEDICAL CENTER COMPANY,Coleman County Medical Center Company
451348,HEART OF TEXAS MEMORIAL HOSPITAL,Heart of Texas Memorial Hospital
451349,SWISHER MEMORIAL HOSPITAL,Swisher Memorial Hospital
451350,PLAINS MEMORIAL HOSPITAL,Plains Memorial Hospital
451351,LYNN COUNTY HOSPITAL DISTRICT,Lynn County Hospital District
451352,HARDEMAN COUNTY MEMORIAL HOSPITAL,Hardeman County Memorial Hospital
451353,CRANE COUNTY HOSPITAL DISTRICT,Crane County Hospital District
451354,HAMILTON HOSPITAL,Hamilton Hospital
451355,COLLINGSWORTH GENERAL HOSPITAL,Collingsworth General Hospital
451356,MEMORIAL MEDICAL CENTER,Memorial Medical Center
451358,MEMORIAL HOSPITAL,Memorial Hospital
451359,OCHILTREE GENERAL HOSPITAL,Ochiltree General Hospital
451361,SABINE COUNTY HOSPITAL,Sabine County Hospital
451362,CLAY COUNTY MEMORIAL HOSPITAL,Clay County Memorial Hospital
451363,JACKSON HEALTHCARE CENTER,Jackson Healthcare Center
451364,OTTO KAISER MEMORIAL HOSPITAL,Otto Kaiser Memorial Hospital
451365,ASCENSION SETON HIGHLAND LAKES,Ascension Seton Highland Lakes
451366,COCHRAN MEMORIAL HOSPITAL,Cochran Memorial Hospital
451367,UT HEALTH EAST TEXAS PITTSBURG HOSPITAL,UT Health East Texas Pittsburg Hospital
451369,GOLDEN PLAINS COMMUNITY HOSPITAL,Golden Plains Community Hospital
451370,TMC- BONHAM HOSPITAL,TMC- Bonham Hospital
451371,ASCENSION SETON EDGAR B DAVIS,Ascension Seton Edgar B. Davis
451372,MULESHOE AREA MEDICAL CENTER,Muleshoe Area Medical Center
451373,WARD MEMORIAL HOSPITAL,Ward Memorial Hospital
451374,BAYLOR SCOTT & WHITE MEDICAL CENTER -TAYLOR,Baylor Scott & White Medical Center -Taylor
451375,LIBERTY DAYTON REGIONAL MEDICAL CENTER,Liberty Dayton Regional Medical Center
451376,LAVACA MEDICAL CENTER,Lavaca Medical Center
451377,REEVES REGIONAL HEALTH,Reeves Regional Health
451378,BIG BEND REGIONAL MEDICAL CENTER,Big Bend Regional Medical Center
451379,CORYELL MEMORIAL HOSPITAL,Coryell Memorial Hospital
451380,UT HEALTH EAST TEXAS QUITMAN HOSPITAL,UT Health East Texas Quitman Hospital
451381,CHRISTUS MOTHER FRANCES HOSPITAL- WINNSBORO,CHRISTUS Mother Frances Hospital- Winnsboro
451382,COMANCHE COUNTY MEDICAL CENTER,Comanche County Medical Center
451384,COGDELL MEMORIAL HOSPITAL,Cogdell Memorial Hospital
451385,GOODALL WITCHER HOSPITAL,Goodall Witcher Hospital
451386,MEMORIAL HOSPITAL,Memorial Hospital
451387,UVALDE MEMORIAL HOSPITAL,Uvalde Memorial Hospital
451389,PECOS COUNTY MEMORIAL HOSPITAL,Pecos County Memorial Hospital
451390,DIMMIT REGIONAL HOSPITAL,Dimmit Regional Hospital
451391,FRIO REGIONAL HOSPITAL,Frio Regional Hospital
451392,HAMILTON GENERAL HOSPITAL,Hamilton General Hospital
451393,CROCKETT MEDICAL CENTER,Crockett Medical Center
451394,KNOX COUNTY HOSPITAL,Knox County Hospital
451395,HILL REGIONAL HOSPITAL,Hill Regional Hospital
451396,MID COAST MEDICAL CENTER - CENTRAL,Mid Coast Medical Center - Central
451398,PAMPA REGIONAL MEDICAL CENTER,Pampa Regional Medical Center
451399,SEYMOUR HOSPITAL,Seymour Hospital
452016,KINDRED HOSPITAL SAN ANTONIO,Kindred Hospital San Antonio
452018,TEXAS HEALTH SPECIALTY HOSPITAL FORT WORTH,Texas Health Specialty Hospital Fort Worth
452022,SELECT SPECIALTY HOSPITAL-DALLAS,Select Specialty Hospital-Dallas
452023,KINDRED HOSPITAL HOUSTON MEDICAL CENTER,Kindred Hospital Houston Medical Center
452028,KINDRED HOSPITAL-TARRANT COUNTY,Kindred Hospital-Tarrant County
452029,CONTINUECARE HOSPITAL AT HENDRICK MEDICAL CENTER,Continuecare Hospital at Hendrick Medical Center
452032,CLEAR LAKE-AMG SPECIALTY HOSPITAL,Clear Lake-AMG Specialty Hospital
452034,CORNERSTONE SPECIALTY HOSPITALS ROUND ROCK,Cornerstone Specialty Hospitals Round Rock
452038,TEXAS NEURO REHABILITATION CENTER,Texas Neuro Rehabilitation Center
452039,KINDRED HOSPITAL HOUSTON NW,Kindred Hospital Houston Nw
452041,CARRUS SPECIALTY HOSPITAL,Carrus Specialty Hospital
452044,LIFECARE HOSPITALS OF NORTH TEXAS,Lifecare Hospitals of North Texas
452046,HOUSTON MEDICAL CENTER-AMG SPECIALTY HOSPITAL,Houston Medical Center-AMG Specialty Hospital
452059,PAM SPECIALTY HOSPITAL OF SAN ANTONIO MEDICAL CEN,PAM Specialty Hospital of San Antonio Medical Cen
452060,TEXAS SPECIALTY HOSPITAL,Texas Specialty Hospital
452061,POST ACUTE MEDICAL SPECIALTY HOSPITAL OF TEXARKANA,Post Acute Medical Specialty Hospital of Texarkana
452062,POST ACUTE MEDICAL AT LULING LLC,Post Acute Medical at Luling LLC
452068,SAGE SPECIALTY HOSPITAL OF WICHITA FALLS,Sage Specialty Hospital of Wichita Falls
452073,KINDRED HOSPITAL- SAN ANTONIO CENTRAL,Kindred Hospital- San Antonio Central
452075,KINDRED HOSPITAL CLEAR LAKE,Kindred Hospital Clear Lake
452079,KINDRED HOSPTIAL EL PASO,Kindred Hosptial El Paso
452080,KINDRED HOSPITAL SUGAR LAND,Kindred Hospital Sugar Land
452083,MID-JEFFERSON EXTENDED CARE HOSPITAL,MID-Jefferson Extended Care Hospital
452086,POST ACUTE MEDICAL SPECIALTY HOSPITAL CORPUS CH,Post Acute Medical Specialty Hospital Corpus Ch
452090,PAM SPECIALTY HOSPITAL OF SAN ANTONIO,PAM Specialty Hospital of San Antonio
452091,LONGVIEW CONTINUECARE HOSPITAL,Longview Continuecare Hospital
452094,PAM SPECIALTY HOSPITAL OF VICTORIA NORTH,PAM Specialty Hospital of Victoria North
452095,SOLARA SPECIALTY HOSPITAL MCALLEN,Solara Specialty Hospital McAllen
452100,MESQUITE SPECIALTY HOSPITAL,Mesquite Specialty Hospital
452101,SOLARA SPECIALTY HOSPITALS HARLINGEN,Solara Specialty Hospitals Harlingen
452102,COVENANT SPECIALTY HOSPITAL,Covenant Specialty Hospital
452105,BAYLOR SCOTT & WHITE CONTINUING CARE HOSPITAL,Baylor Scott & White Continuing Care Hospital
452106,WARM SPRINGS SPECIALTY HOSPITAL OF NEW BRAUNFELS,Warm Springs Specialty Hospital of New Braunfels
452107,CORNERSTONE HOSPITAL CONROE,Cornerstone Hospital Conroe
452108,KINDRED HOSPITAL DALLAS CENTRAL,Kindred Hospital Dallas Central
452111,BAYLOR SCOTT WHITE THE HEART HOSPITAL CORINTH,Baylor Scott White the Heart Hospital Corinth
452114,ATRIUM MEDICAL CENTER,Atrium Medical Center
452118,HOUSTON METHODIST CONTINUING CARE HOSPITAL,Houston Methodist Continuing Care Hospital
452121,CONTINUECARE HOSPITAL AT MEDICAL CENTER ODESSA,Continuecare Hospital at Medical Center Odessa
453025,TIRR MEMORIAL HERMANN,TIRR Memorial Hermann
453029,ENCOMPASS HEALTH REHABILITATION HOSPITAL OF HUMBL,Encompass Health Rehabilitation Hospital of Humbl
453031,ENCOMPASS HEALTH REHABILITATION HOSPITAL OF SAN AN,Encompass Health Rehabilitation Hospital of San An
453035,WARM SPRINGS REHAB HOSPITAL OF SAN ANTONIO LLC,Warm Springs Rehabilitation Hospital of San Antonio LLC
453036,BAYLOR SCOTT & WHITE INSTITUTE FOR REHABILITATION,Baylor Scott & White Institute for Rehabilitation
453040,ENCOMPASS HEALTH REHABILITATION HOSPITAL OF ARLING,Encompass Health Rehabilitation Hospital of Arling
453042,ENCOMPASS HEALTH REHABILITATION HOSPITAL OF CITY,Encompass Health Rehabilitation Hospital of City
453047,ENCOMPASS HEALTH REHABILITATION HOSPITAL OF PLANO,Encompass Health Rehabilitation Hospital of Plano
453048,PAM REHABILITATION HOSPITAL OF BEAUMONT,PAM Rehabilitation Hospital of Beaumont
453053,ENCOMPASS HEALTH REHABILITATION HOSPITAL OF TEXARK,Encompass Health Rehabilitation Hospital of Texark
453054,ENCOMPASS HEALTH REHABILITATION HOSPITAL OF WICH,Encompass Health Rehabilitation Hospital of Wich
453056,"CHRISTUS TRINITY MOTHER FRANCES REHAB, A PARTNER O","CHRISTUS Trinity Mother Frances Rehabilitation, A Partner O."
453057,ENCOMPASS HEALTH REHABILITATION HOSPITAL OF MIDLAN,Encompass Health Rehabilitation Hospital of Midlan
453059,ENCOMPASS HEALTH REHABILITATION HOSP OF THE WOODLA,Encompass Health Rehabilitation Hospital of the Woodla
453072,UT HEALTH EAST TEXAS REHABILITATION HOSPITAL,UT Health East Texas Rehabilitation Hospital
453091,WESLACO REGIONAL REHABILITATION HOSPITAL LLC,Weslaco Regional Rehabilitation Hospital LLC
453092,SOUTH TEXAS REHABILTATION HOSPITAL,South Texas Rehabiltation Hospital
453300,COOK CHILDRENS MEDICAL CENTER,Cook Childrens Medical Center
453301,DRISCOLL CHILDRENS HOSPITAL,Driscoll Childrens Hospital
453302,CHILDRENS MEDICAL CTR OF DALLAS,Childrens Medical Center of Dallas
453304,TEXAS CHILDRENS HOSPITAL,Texas Childrens Hospital
453306,COVENANT CHILDRENS HOSPITAL,Covenant Childrens Hospital
453309,HEALTHBRIDGE CHILDRENS'S HOSPITAL OF HOUSTON,HealthBridge Childrens's Hospital of Houston
453310,DELL CHILDREN'S MEDICAL CENTER,Dell Children's Medical Center
453311,SHRINERS HOSPITALS FOR CHILDREN,Shriners Hospitals for Children
453313,EL PASO CHILDREN'S HOSPITAL,El Paso Children's Hospital
453314,TEXAS SCOTTISH RITE HOSPITAL FOR CHILDREN,Texas Scottish Rite Hospital for Children
453315,CHILDREN'S HOSPITAL OF SAN ANTONIO,Children's Hospital of San Antonio
453316,CHILDRENS MEDICAL CENTER PLANO,Childrens Medical Center Plano
453317,COOK CHILDRENS MEDICAL CENTER PROSPER,Cook Childrens Medical Center Prosper
453318,NEXUS CHILDRENS HOSPITAL DALLAS,Nexus Childrens Hospital Dallas
453319,TEXAS CHILDRENS HOSPITAL NORTH AUSTIN CAMPUS,Texas Childrens Hospital North Austin Campus
453321,DRISCOLL CHILDREN'S HOSPITAL RIO GRANDE VALLEY,Driscoll Children's Hospital Rio Grande Valley
454000,BIG SPRING STATE HOSPITAL,Big Spring State Hospital
454006,TERRELL STATE HOSPITAL,Terrell State Hospital
454008,NORTH TEXAS STATE HOSPITAL,North Texas State Hospital
454009,RUSK STATE HOSP,Rusk State Hospital
454011,SAN ANTONIO STATE HOSPITAL,San Antonio State Hospital
454012,MILLWOOD HOSPITAL,Millwood Hospital
454018,RED RIVER HOSPITAL,Red River Hospital
454026,WEST OAKS HOSPITAL,West Oaks Hospital
454050,GLEN OAKS HOSPITAL,Glen Oaks Hospital
454064,RIVER CREST HOSP,River Crest Hospital
454065,HICKORY TRAIL HOSPITAL,Hickory Trail Hospital
454076,JOHN S DUNN BEHAVIORAL SCIENCES CENTER AT UTHEALTH,John S. Dunn Behavioral Sciences Center at Uthealth
454079,MEDICAL CITY MENTAL HEALTH AND WELLNESS CENTER,Medical City Mental Health and Wellness Center
454084,AUSTIN STATE HOSPITAL,Austin State Hospital
454088,RIO GRANDE STATE CENTER,Rio Grande State Center
454093,STARCARE SPECIALTY HEALTH /SUNRISE CANYON HOSPITAL,Starcare Specialty Health /Sunrise Canyon Hospital
454094,MEDICAL CITY GREEN OAKS HOSPITAL,Medical City Green Oaks Hospital
454100,EL PASO PSYCHIATRIC CENTER,El Paso Psychiatric Center
454101,ALLEGIANCE BEHAVIORAL HEALTH CENTER OF PLAINVIEW,Allegiance Behavioral Health Center of Plainview
454103,KINGWOOD PINES HOSPITAL,Kingwood Pines Hospital
454104,UNIVERSITY BEHAVIORAL HEALTH,University Behavioral Health
454107,BEHAVIORAL HOSPITAL OF BELLAIRE,Behavioral Hospital of Bellaire
454108,CYPRESS CREEK HOSPITAL,Cypress Creek Hospital
454109,EL PASO BEHAVIORAL HEALTH SYSTEM,El Paso Behavioral Health System
454110,OCEANS BEHAVIORAL  HOSPITAL OF PERMIAN BASIN,Oceans Behavioral Hospital of Permian Basin
454114,CEDAR CREST HOSPITAL & RTC,Cedar Crest Hospital & Rtc
454117,OCEANS BEHAVIORAL HOSPITAL OF LONGVIEW,Oceans Behavioral Hospital of Longview
454118,LONE STAR BEHAVIORAL HEALTH CYPRESS,Lone Star Behavioral Health Cypress
454119,CARROLLTON SPRINGS,Carrollton Springs
454121,AUSTIN OAKS HOSPITAL,Austin Oaks Hospital
454122,OCEANS BEHAVIORAL HOSPITAL OF ABILENE,Oceans Behavioral Hospital of Abilene
454123,OCEANS BEHAVIORAL HOSPITAL OF LUFKIN LLC,Oceans Behavioral Hospital of Lufkin LLC
454124,MESA SPRINGS,Mesa Springs
454126,DALLAS BEHAVIORAL HEALTHCARE HOSPITAL LLC,Dallas Behavioral Healthcare Hospital LLC
454127,ROCK SPRINGS,Rock Springs
454128,WELLBRIDGE HEALTHCARE FORT WORTH,Wellbridge Healthcare Fort Worth
454129,GEORGETOWN BEHAVIORAL HEALTH INSTITUTE,Georgetown Behavioral Health Institute
454131,WESTPARK SPRINGS LLC,Westpark Springs LLC
454132,SAN ANTONIO BEHAVIORAL HEALTHCARE HOSPITAL,San Antonio Behavioral Healthcare Hospital
454133,CROSS CREEK HOSPITAL,Cross Creek Hospital
454135,HOUSTON BEHAVIORAL HEALTHCARE HOSPITAL LLC,Houston Behavioral Healthcare Hospital LLC
454136,OCEANS BEHAVIORAL HOSPITAL OF KATY,Oceans Behavioral Hospital of Katy
454139,SUN BEHAVIORAL HOUSTON,Sun Behavioral Houston
454141,PALMS BEHAVIORAL HEALTH,Palms Behavioral Health
454144,WOODLAND SPRINGS,Woodland Springs
454146,RIO VISTA BEHAVIORAL HEALTH,Rio Vista Behavioral Health
454147,OCEANS BEHAVIORAL HOSPITAL OF PASADENA,Oceans Behavioral Hospital of Pasadena
454148,PERIMETER BEHAVIORAL HOSPITAL OF ARLINGTON,Perimeter Behavioral Hospital of Arlington
454149,PERIMETER BEHAVIORAL HOSPITAL OF DALLAS,Perimeter Behavioral Hospital of Dallas
454150,OCEANS BEHAVIORAL HOSPITAL OF WACO,Oceans Behavioral Hospital of Waco
454151,"MEDICAL BEHAVIORAL HOSPITAL OF CLEAR LAKE, LLC","Medical Behavioral Hospital of Clear Lake, LLC"
454152,CANYON CREEK BEHAVIORAL HEALTH,Canyon Creek Behavioral Health
454153,CARRUS BEHAVIORAL HOSPITAL,Carrus Behavioral Hospital
454154,OCEANS BEHAVIORAL HOSPITAL OF AMARILLO,Oceans Behavioral Hospital of Amarillo
454155,OCEANS BEHAVIORAL HOSPITAL OF CORPUS CHRISTI,Oceans Behavioral Hospital of Corpus Christi
454156,VOYAGES BEHAVIORAL HEALTH OF SUGAR LAND,Voyages Behavioral Health of Sugar Land
454157,OCEANS BEHAVIORAL HOSPITAL OF LUBBOCK,Oceans Behavioral Hospital of Lubbock
454158,VOYAGES BEHAVIORAL HEALTH OF CONROE,Voyages Behavioral Health of Conroe
454159,CEDAR HILLS BEHAVIORAL,Cedar Hills Behavioral
454161,MEDICAL CITY MENTAL HEALTH AND WELLNESS CENTER,Medical City Mental Health and Wellness Center
460001,INTERMOUNTAIN HEALTH UTAH VALLEY HOSPITAL,Intermountain Health Utah Valley Hospital
460003,HOLY CROSS HOSPITAL - SALT LAKE,Holy Cross Hospital - Salt Lake
460004,INTERMOUNTAIN HEALTH MCKAY-DEE HOSPITAL,Intermountain Health McKay-Dee Hospital
460005,OGDEN REGIONAL MEDICAL CENTER,Ogden Regional Medical Center
460006,INTERMOUNTAIN HEALTH LDS HOSPITAL,Intermountain Health LDS Hospital
460007,INTERMOUNTAIN HEALTH CEDAR CITY HOSPITAL,Intermountain Health Cedar City Hospital
460009,UNIVERSITY OF UTAH HOSPITAL AND CLINICS,University of Utah Hospital and Clinics
460010,INTERMOUNTAIN HEALTH INTERMOUNTAIN MEDICAL CENTER,Intermountain Health Intermountain Medical Center
460011,CASTLEVIEW HOSPITAL,Castleview Hospital
460013,MOUNTAIN VIEW HOSPITAL,Mountain View Hospital
460014,MOUNTAIN WEST MEDICAL CENTER,Mountain West Medical Center
460015,INTERMOUNTAIN HEALTH LOGAN REGIONAL HOSPITAL,Intermountain Health Logan Regional Hospital
460017,BRIGHAM CITY COMMUNITY HOSPITAL,Brigham City Community Hospital
460019,UINTAH BASIN MEDICAL CENTER,Uintah Basin Medical Center
460021,INTERMOUNTAIN HEALTH ST GEORGE REGIONAL HOSPITAL,Intermountain Health St. George Regional Hospital
460023,AMERICAN FORK HOSPITAL,American Fork Hospital
460026,INTERMOUNTAIN HEALTH SEVIER VALLEY HOSPITAL,Intermountain Health Sevier Valley Hospital
460030,ASHLEY REGIONAL MEDICAL CENTER,Ashley Regional Medical Center
460039,INTERMOUNTAIN HEALTH BEAR RIVER VALLEY HOSPITAL,Intermountain Health Bear River Valley Hospital
460041,HOLY CROSS HOSPITAL-DAVIS,Holy Cross Hospital-Davis
460042,LAKEVIEW HOSPITAL,Lakeview Hospital
460043,OREM COMMUNITY HOSPITAL,Orem Community Hospital
460044,INTERMOUNTAIN HEALTH ALTA VIEW HOSPITAL,Intermountain Health Alta View Hospital
460047,ST MARK'S HOSPITAL,St. Mark's Hospital
460051,HOLY CROSS HOSPITAL-JORDAN VALLEY,Holy Cross Hospital-Jordan Valley
460052,TIMPANOGOS REGIONAL HOSPITAL,Timpanogos Regional Hospital
460054,CACHE VALLEY  HOSPITAL,Cache Valley Hospital
460057,INTERMOUNTAIN HEALTH PARK CITY HOSPITAL,Intermountain Health Park City Hospital
460058,INTERMOUNTAIN HEALTH RIVERTON HOSPITAL,Intermountain Health Riverton Hospital
460060,LONE PEAK HOSPITAL,Lone Peak Hospital
460061,INTERMOUNTAIN HEALTH LAYTON HOSPITAL,Intermountain Health Layton Hospital
460062,INTERMOUNTAIN HEALTH SPANISH FORK HOSPITAL,Intermountain Health Spanish Fork Hospital
460063,WESTERN PEAKS SPECIALTY HOSPITAL,Western Peaks Specialty Hospital
461300,INTERMOUNTAIN HEALTH DELTA COMMUNITY HOSPITAL,Intermountain Health Delta Community Hospital
461301,INTERMOUNTAIN HEALTH FILLMORE COMMUNITY HOSPITAL,Intermountain Health Fillmore Community Hospital
461302,MOAB REGIONAL HOSPITAL,Moab Regional Hospital
461303,INTERMOUNTAIN HEALTH SANPETE VALLEY HOSPITAL,Intermountain Health Sanpete Valley Hospital
461304,CENTRAL VALLEY MEDICAL CENTER - CAH,Central Valley Medical Center - CAH
461305,MILFORD MEMORIAL HOSPITAL,Milford Memorial Hospital
461306,GUNNISON VALLEY HOSPITAL,Gunnison Valley Hospital
461307,INTERMOUNTAIN HEALTH HEBER VALLEY HOSPITAL,Intermountain Health Heber Valley Hospital
461308,SAN JUAN HOSPITAL,San Juan Hospital
461309,KANE COUNTY HOSPITAL,Kane County Hospital
461310,BLUE MOUNTAIN HOSPITAL,Blue Mountain Hospital
461333,INTERMOUNTAIN HEALTH GARFIELD MEMORIAL HOSPITAL,Intermountain Health Garfield Memorial Hospital
461335,BEAVER VALLEY HOSPITAL,Beaver Valley Hospital
462004,SALT LAKE SPECIALTY HOSPITAL,Salt Lake Specialty Hospital
462005,CENTRAL UTAH REHABILITATION HOSPITAL,Central Utah Rehabilitation Hospital
463025,ENCOMPASS HEALTH REHABILITATION HOSPITAL OF UTAH,Encompass Health Rehabilitation Hospital of Utah
463027,NORTHERN UTAH REHABILITATION HOSPITAL,Northern Utah Rehabilitation Hospital
463301,INTERMOUNTAIN HEALTH PRIMARY CHILDREN'S HOSPITAL,Intermountain Health Primary Children's Hospital
464001,UTAH STATE HOSPITAL,Utah State Hospital
464012,MARIAN CENTER,Marian Center
464013,SALT LAKE BEHAVIORAL HEALTH,Salt Lake Behavioral Health
464014,ASPEN GROVE BEHAVIORAL HOSPITAL,Aspen Grove Behavioral Hospital
464016,VIVE ADOLESCENT CARE,Vive Adolescent Care
470001,CENTRAL VERMONT MEDICAL CENTER,Central Vermont Medical Center
470003,UNIVERSITY OF VERMONT MEDICAL CENTER,University of Vermont Medical Center
470005,RUTLAND REGIONAL MEDICAL CENTER,Rutland Regional Medical Center
470011,BRATTLEBORO MEMORIAL HOSPITAL,Brattleboro Memorial Hospital
470012,SOUTHWESTERN VERMONT MEDICAL CENTER,Southwestern Vermont Medical Center
470024,NORTHWESTERN MEDICAL CENTER INC,Northwestern Medical Center Inc
471300,GRACE COTTAGE HOSPITAL,Grace Cottage Hospital
471301,GIFFORD MEDICAL CENTER,Gifford Medical Center
471302,MT ASCUTNEY HOSPITAL,Mt. Ascutney Hospital
471303,NORTHEASTERN VERMONT REGIONAL HOSPITAL,Northeastern Vermont Regional Hospital
471304,NORTH COUNTRY HOSPITAL AND HEALTH CENTER,North Country Hospital and Health Center
471305,COPLEY HOSPITAL,Copley Hospital
471306,SPRINGFIELD HOSPITAL,Springfield Hospital
471307,PORTER HOSPITAL INC,Porter Hospital Inc
474001,BRATTLEBORO RETREAT,Brattleboro Retreat
474004,VERMONT PSYCHIATRIC CARE HOSPITAL,Vermont Psychiatric Care Hospital
480001,"ROY LESTER SCHNEIDER HOSPITAL,THE","Roy Lester Schneider Hospital,the"
480002,GOV JUAN F LUIS HOSPITAL & MEDICAL CTR,Gov Juan F. Luis Hospital & Medical Center
490002,RUSSELL COUNTY HOSPITAL,Russell County Hospital
490004,SENTARA RMH MEDICAL CENTER,Sentara RMH Medical Center
490005,WINCHESTER MEDICAL CENTER,Winchester Medical Center
490007,SENTARA NORFOLK GENERAL HOSPITAL,Sentara Norfolk General Hospital
490009,UVA HEALTH SCIENCES CENTER,UVA Health Sciences Center
490013,SENTARA HALIFAX REGIONAL HOSPITAL,Sentara Halifax Regional Hospital
490017,BON SECOURS MARYVIEW MEDICAL CENTER,Bon Secours Maryview Medical Center
490018,AUGUSTA HEALTH,Augusta Health
490019,UVA HEALTH CULPEPER MEDICAL CENTER,UVA Health Culpeper Medical Center
490020,TRICITIES HOSPITAL,Tricities Hospital
490021,"CENTRA  HEALTH, INC","Centra Health, Inc"
490022,"MARY WASHINGTON HOSPITAL, INC","Mary Washington Hospital, Inc"
490023,FAUQUIER HOSPITAL,Fauquier Hospital
490024,CARILION ROANOKE MEMORIAL HOSPITAL,Carilion Roanoke Memorial Hospital
490032,MEDICAL COLLEGE OF VIRGINIA HOSPITALS,Medical College of Virginia Hospitals
490033,WARREN MEMORIAL HOSPITAL,Warren Memorial Hospital
490037,RIVERSIDE SHORE MEMORIAL HOSPITAL,Riverside Shore Memorial Hospital
490038,SMYTH COUNTY COMMUNITY HOSPITAL,Smyth County Community Hospital
490040,INOVA ALEXANDRIA HOSPITAL,Inova Alexandria Hospital
490041,BON SECOURS MARY IMMACULATE HOSPITAL,Bon Secours Mary Immaculate Hospital
490042,CARILION NEW RIVER VALLEY MEDICAL CENTER,Carilion New River Valley Medical Center
490043,INOVA LOUDOUN HOSPITAL,Inova Loudoun Hospital
490044,SENTARA OBICI HOSPITAL,Sentara Obici Hospital
490045,UVA HEALTH PRINCE WILLIAM MEDICAL CENTER,UVA Health Prince William Medical Center
490046,SENTARA LEIGH HOSPITAL,Sentara Leigh Hospital
490048,LEWISGALE MEDICAL CENTER,Lewisgale Medical Center
490050,VIRGINIA HOSPITAL CENTER,Virginia Hospital Center
490052,RIVERSIDE REGIONAL MEDICAL CENTER,Riverside Regional Medical Center
490053,JOHNSTON MEMORIAL HOSPITAL,Johnston Memorial Hospital
490057,SENTARA VIRGINIA BEACH GENERAL HOSPITAL,Sentara Virginia Beach General Hospital
490059,BON SECOURS ST MARYS HOSPITAL,Bon Secours St. Marys Hospital
490060,CLINCH VALLEY MEDICAL CENTER,Clinch Valley Medical Center
490063,INOVA FAIRFAX HOSPITAL,Inova Fairfax Hospital
490066,SENTARA WILLIAMSBURG REGIONAL MEDICAL CENTER,Sentara Williamsburg Regional Medical Center
490067,BON SECOURS SOUTHSIDE MEDICAL CENTER,Bon Secours Southside Medical Center
490069,BON SECOURS MEMORIAL REGIONAL MEDICAL CENTER,Bon Secours Memorial Regional Medical Center
490075,SOVAH HEALTH DANVILLE,Sovah Health Danville
490077,SENTARA MARTHA JEFFERSON HOSPITAL,Sentara Martha Jefferson Hospital
490084,VCU HEALTH TAPPAHANNOCK HOSPITAL,VCU Health Tappahannock Hospital
490088,BEDFORD MEMORIAL HOSPITAL,Bedford Memorial Hospital
490089,CARILION FRANKLIN MEMORIAL HOSPITAL,Carilion Franklin Memorial Hospital
490090,"SOUTHSIDE COMMUNITY HOSPITAL, INC","Southside Community Hospital, Inc"
490092,BON SECOURS SOUTHAMPTON MEMORIAL HOSPITAL,Bon Secours Southampton Memorial Hospital
490093,SENTARA CAREPLEX HOSPITAL,Sentara Careplex Hospital
490094,BON SECOURS RICHMOND COMMUNITY HOSPITAL,Bon Secours Richmond Community Hospital
490097,SOUTHERN VIRGINIA REGIONAL MEDICAL CENTER,Southern Virginia Regional Medical Center
490098,COMMUNITY MEMORIAL HOSPITAL,Community Memorial Hospital
490101,INOVA FAIR OAKS HOSPITAL,Inova Fair Oaks Hospital
490104,HIRAM W DAVIS MEDICAL CENTER,Hiram W. Davis Medical Center
490107,RESTON HOSPITAL CENTER,Reston Hospital Center
490110,LEWISGALE HOSPITAL MONTGOMERY,Lewisgale Hospital Montgomery
490111,WYTHE COUNTY COMMUNITY HOSPITAL,Wythe County Community Hospital
490112,CJW MEDICAL CENTER,Cjw Medical Center
490113,SENTARA NORTHERN VIRGINIA MEDICAL CENTER,Sentara Northern Virginia Medical Center
490114,LONESOME PINE HOSPITAL,Lonesome Pine Hospital
490115,TWIN COUNTY REGIONAL HOSPITAL,Twin County Regional Hospital
490116,LEWISGALE HOSPITAL PULASKI,Lewisgale Hospital Pulaski
490117,CARILION TAZEWELL COMMUNITY HOSPITAL,Carilion Tazewell Community Hospital
490118,HENRICO DOCTORS' HOSPITAL,Henrico Doctors' Hospital
490119,SENTARA PRINCESS ANNE HOSPITAL,Sentara Princess Anne Hospital
490120,"CHESAPEAKE GENERAL HOSPITAL, CHESAPEAKE REG MC","Chesapeake General Hospital, Chesapeake Regional MC"
490122,INOVA MOUNT VERNON HOSPITAL,Inova Mount Vernon Hospital
490126,LEWISGALE HOSPITAL ALLEGHANY,Lewisgale Hospital Alleghany
490127,BUCHANAN GENERAL HOSPITAL,Buchanan General Hospital
490130,RIVERSIDE WALTER REED HOSPITAL,Riverside Walter Reed Hospital
490136,BON SECOURS ST FRANCIS MEDICAL CENTER,Bon Secours St. Francis Medical Center
490140,"STAFFORD HOSPITAL, LLC","Stafford Hospital, LLC"
490141,SPOTSYLVANIA REGIONAL MEDICAL CENTER,Spotsylvania Regional Medical Center
490143,RIVERSIDE DOCTORS' HOSPITAL OF WILLIAMSBURG,Riverside Doctors' Hospital of Williamsburg
490144,UVA HEALTH HAYMARKET MEDICAL CENTER,UVA Health Haymarket Medical Center
490145,STONESPRINGS HOSPITAL CENTER,Stonesprings Hospital Center
490148,BON SECOURS HARBOUR VIEW MEDICAL CENTER,Bon Secours Harbour View Medical Center
490149,RIVERSIDE SMITHFIELD HOSPITAL,Riverside Smithfield Hospital
491300,BATH COMMUNITY HOSPITAL,Bath Community Hospital
491302,CARILION GILES COMMUNITY HOSPITAL,Carilion Giles Community Hospital
491303,DICKENSON COMMUNITY HOSPITAL,Dickenson Community Hospital
491304,CARILION ROCKBRIDGE COMMUNITY HOSPITAL,Carilion Rockbridge Community Hospital
491305,SHENANDOAH MEMORIAL HOSPITAL,Shenandoah Memorial Hospital
491307,"PAGE MEMORIAL HOSPITAL, INC","Page Memorial Hospital, Inc"
491308,RAPPAHANNOCK GENERAL HOSPITAL,Rappahannock General Hospital
491309,LEE COUNTY COMMUNITY HOSPITAL,Lee County Community Hospital
491310,STUART COMMUNITY HOSPITAL INC,Stuart Community Hospital Inc
492001,LAKE TAYLOR TRANSITIONAL CARE HOSPITAL,Lake Taylor Transitional Care Hospital
492007,HOSPITAL FOR EXTENDED RECOVERY,Hospital for Extended Recovery
492008,SELECT SPECIALTY HOSPITAL - HAMPTON ROADS,Select Specialty Hospital - Hampton Roads
492009,SELECT SPECIALITY HOSPITAL - RICHMOND INC,Select Speciality Hospital - Richmond Inc
492010,CENTRA SPECIALTY HOSPITAL,Centra Specialty Hospital
492012,INOVA SPECIALTY HOSPITAL,Inova Specialty Hospital
493027,RIVERSIDE REHABILITATION INSTITUTE,Riverside Rehabilitation Institute
493028,ENCOMPASS HEALTH REHAB HOSPITAL OF RICHMOND,Encompass Health Rehabilitation Hospital of Richmond
493029,UVA ENCOMPASS HEALTH REHABILITATION HOSPITAL,UVA Encompass Health Rehabilitation Hospital
493031,ENCOMPASS HEALTH REHAB HOSPITAL OF PETERSBURG,Encompass Health Rehabilitation Hospital of Petersburg
493032,ENCOMPASS HEALTH REHAB HOSPITAL OF FREDERICKSBURG,Encompass Health Rehabilitation Hospital of Fredericksburg
493033,ENCOMPASS HEALTH REHAB HOSPITAL OF NORTHERN VA,Encompass Health Rehabilitation Hospital of Northern VA
493034,REHABILITATION HOSPITAL OF BRISTOL,Rehabilitation Hospital of Bristol
493036,SHELTERING ARMS INSTITUTE,Sheltering Arms Institute
493300,CUMBERLAND HOSPITAL LLC,Cumberland Hospital LLC
493301,CHILDRENS HOSPITAL OF THE KINGS DAUGHTERS INC,Childrens Hospital of the Kings Daughters Inc
494010,NORTHERN VIRGINIA MENTAL HEALTH INSTI,Northern Virginia Mental Health Insti
494017,SOUTHERN VIRGINIA MENTAL HEALTH INSTITUTE,Southern Virginia Mental Health Institute
494021,WESTERN STATE HOSPITAL,Western State Hospital
494022,POPLAR SPRINGS HOSPITAL,Poplar Springs Hospital
494023,DOMINION HOSPITAL,Dominion Hospital
494025,VIRGINIA BEACH PSYCHIATRIC CENTER,Virginia Beach Psychiatric Center
494029,SOUTHWESTERN VIRGINIA MENTAL HEALTH INSTITUTE,Southwestern Virginia Mental Health Institute
494032,THE PAVILION AT WILLIAMSBURG PLACE,The Pavilion at Williamsburg Place
494033,CATAWBA HOSPITAL,Catawba Hospital
500002,PROVIDENCE ST MARY MEDICAL CENTER,Providence St. Mary Medical Center
500003,SKAGIT VALLEY HOSPITAL,Skagit Valley Hospital
500005,VIRGINIA MASON MEDICAL CENTER,Virginia Mason Medical Center
500007,ISLAND HOSPITAL,Island Hospital
500008,UNIVERSITY OF WASHINGTON MEDICAL CTR,University of Washington Medical Center
500011,ST ANNE HOSPITAL,St. Anne Hospital
500014,PROVIDENCE REGIONAL MEDICAL CENTER EVERETT,Providence Regional Medical Center Everett
500015,MULTICARE AUBURN MEDICAL CENTER,MultiCare Auburn Medical Center
500016,CONFLUENCE HEALTH HOSPITAL,Confluence Health Hospital
500019,PROVIDENCE CENTRALIA HOSPITAL,Providence Centralia Hospital
500021,ST CLARE HOSPITAL,St. Clare Hospital
500024,PROVIDENCE ST PETER HOSPITAL,Providence St. Peter Hospital
500025,SWEDISH MEDICAL CENTER / CHERRY HILL,Swedish Medical Center / Cherry Hill
500026,SWEDISH EDMONDS HOSPITAL,Swedish Edmonds Hospital
500027,SWEDISH MEDICAL CENTER,Swedish Medical Center
500030,PEACEHEALTH ST JOSEPH MEDICAL CENTER,Peacehealth St. Joseph Medical Center
500031,GRAYS HARBOR COMMUNITY HOSPITAL,Grays Harbor Community Hospital
500033,SAMARITAN HOSPITAL,Samaritan Hospital
500036,YAKIMA VALLEY MEMORIAL,Yakima Valley Memorial
500037,ASTRIA TOPPENISH HOSPITAL,Astria Toppenish Hospital
500039,ST MICHAEL MEDICAL CENTER,St. Michael Medical Center
500041,PEACEHEALTH ST JOHN MEDICAL CENTER,Peacehealth St. John Medical Center
500044,MULTICARE DEACONESS HOSPITAL,MultiCare Deaconess Hospital
500050,PEACEHEALTH SOUTHWEST MEDICAL CENTE,Peacehealth Southwest Medical Cente
500051,OVERLAKE HOSPITAL MEDICAL CENTER & CLINICS,Overlake Hospital Medical Center & Clinics
500052,KAISER PERMANENTE CENTRAL HOSPITAL,Kaiser Permanente Central Hospital
500053,TRIOS,Trios
500054,PROV SACRED HRT MED CTR & CHILDS HOSP.,Prov Sacred Hrt Medical Center & Childs Hospital.
500058,KADLEC REGIONAL MEDICAL CENTER,Kadlec Regional Medical Center
500060,CASCADE VALLEY HOSPITAL,Cascade Valley Hospital
500064,HARBORVIEW MEDICAL CENTER,Harborview Medical Center
500072,OLYMPIC MEDICAL CENTER,Olympic Medical Center
500077,PROVIDENCE HOLY FAMILY HOSPITAL,Providence Holy Family Hospital
500079,MULTICARE GOOD SAMARITAN HOSPITAL,MultiCare Good Samaritan Hospital
500084,EVERGREENHEALTH MONROE,Evergreenhealth Monroe
500088,VALLEY MEDICAL CENTER,Valley Medical Center
500108,ST JOSEPH MEDICAL CENTER,St. Joseph Medical Center
500119,MULTICARE VALLEY HOSPITAL,MultiCare Valley Hospital
500124,EVERGREENHEALTH MEDICAL CENTER,Evergreenhealth Medical Center
500129,TACOMA GENERAL ALLENMORE HOSPITAL,Tacoma General Allenmore Hospital
500138,FRED HUTCHINSON CANCER CENTER,Fred Hutchinson Cancer Center
500139,MULTICARE CAPITAL MEDICAL CENTER,MultiCare Capital Medical Center
500141,ST FRANCIS COMMUNITY HOSPITAL,St. Francis Community Hospital
500150,LEGACY SALMON CREEK MEDICAL CENTER,Legacy Salmon Creek Medical Center
500151,ST ANTHONY HOSPITAL,St. Anthony Hospital
500152,SWEDISH ISSAQUAH,Swedish Issaquah
500154,MULTICARE COVINGTON MEDICAL CENTER,MultiCare Covington Medical Center
500779,EAST ADAMS RURAL HOSPITAL,East Adams Rural Hospital
501301,GARFIELD COUNTY MEMORIAL HOSPITAL,Garfield County Memorial Hospital
501302,DAYTON GENERAL HOSPITAL,Dayton General Hospital
501303,WILLAPA HARBOR HOSPITAL,Willapa Harbor Hospital
501304,SUMMIT PACIFIC MEDICAL CENTER,Summit Pacific Medical Center
501305,LINCOLN HOSPITAL,Lincoln Hospital
501307,ODESSA MEMORIAL HEALTHCARE CENTER,Odessa Memorial Healthcare Center
501308,COULEE MEDICAL CENTER,Coulee Medical Center
501309,PROVIDENCE ST JOSEPH HOSPITAL,Providence St. Joseph Hospital
501310,NEWPORT COMMUNITY HOSPITAL,Newport Community Hospital
501312,PROSSER MEMORIAL HOSPITAL,Prosser Memorial Hospital
501313,CASCADE MEDICAL CENTER,Cascade Medical Center
501314,OCEAN BEACH HOSPITAL,Ocean Beach Hospital
501315,SKYLINE HOSPITAL,Skyline Hospital
501316,KLICKITAT VALLEY HOSPITAL,Klickitat Valley Hospital
501317,COLUMBIA BASIN HOSPITAL,Columbia Basin Hospital
501318,OTHELLO COMMUNITY HOSPITAL,Othello Community Hospital
501319,ARBOR HEALTH MORTON HOSPITAL,Arbor Health Morton Hospital
501320,QUINCY VALLEY HOSPITAL,Quincy Valley Hospital
501321,NORTH VALLEY HOSPITAL,North Valley Hospital
501322,FERRY COUNTY MEMORIAL HOSPITAL,Ferry County Memorial Hospital
501323,JEFFERSON HEALTHCARE,Jefferson Healthcare
501324,THREE RIVERS HOSPITAL,Three Rivers Hospital
501325,FORKS COMMUNITY HOSPITAL,Forks Community Hospital
501326,PROVIDENCE MOUNT CARMEL HOSPITAL,Providence Mount Carmel Hospital
501327,WHITMAN HOSPITAL AND MEDICAL CENTER,Whitman Hospital and Medical Center
501328,MID VALLEY HOSPITAL,MID Valley Hospital
501329,PEACEHEALTH UNITED GENERAL MEDICAL CENTER,Peacehealth United General Medical Center
501330,ASTRIA SUNNYSIDE HOSPITAL,Astria Sunnyside Hospital
501331,PULLMAN REGIONAL HOSPITAL,Pullman Regional Hospital
501332,TRI-STATE MEMORIAL HOSPITAL,Tri-State Memorial Hospital
501333,KITTITAS VALLEY COMMUNITY HOSPITAL,Kittitas Valley Community Hospital
501334,LAKE CHELAN COMMUNITY HOSPITAL,Lake Chelan Community Hospital
501335,ST ELIZABETH HOSPITAL,St. Elizabeth Hospital
501336,MASON GENERAL HOSPITAL & FAMILY OF CLINICS,Mason General Hospital & Family of Clinics
501337,LOURDES MEDICAL CENTER,Lourdes Medical Center
501338,SNOQUALMIE VALLEY HOSPITAL,Snoqualmie Valley Hospital
501339,WHIDBEYHEALTH MEDICAL CENTER,Whidbeyhealth Medical Center
501340,PEACEHEALTH PEACE ISLAND MEDICAL CENTER,Peacehealth Peace Island Medical Center
502002,KINDRED HOSPITAL-SEATTLE,Kindred Hospital-Seattle
503025,PROVIDENCE ST LUKE'S REHABILITATION MEDICAL CENTER,Providence St. Luke's Rehabilitation Medical Center
503026,CHI FRANCISCAN REHABILITATION HOSPITAL,CHI Franciscan Rehabilitation Hospital
503027,PROVIDENCE SWEDISH REHABILITATION HOSPITAL,Providence Swedish Rehabilitation Hospital
503300,SEATTLE CHILDREN'S HOSPITAL,Seattle Children's Hospital
503301,MARY BRIDGE CHILDREN'S HOSPITAL,Mary Bridge Children's Hospital
503302,SHRINERS HOSPITAL FOR CHILDREN,Shriners Hospital for Children
504002,BHC FAIRFAX HOSPITAL,BHC Fairfax Hospital
504004,EASTERN STATE HOSPITAL,Eastern State Hospital
504008,LOURDES COUNSELING CENTER,Lourdes Counseling Center
504009,NAVOS,Navos
504012,SMOKEY POINT BEHAVIORAL HOSPITAL,Smokey Point Behavioral Hospital
504013,RAINIER SPRINGS,Rainier Springs
504014,INLAND NORTHWEST BEHAVIORAL HEALTH,Inland Northwest Behavioral Health
504015,SOUTH SOUND BEHAVIORAL HOSPITAL,South Sound Behavioral Hospital
504016,WELLFOUND BEHAVIORAL HEALTH HOSPITAL,Wellfound Behavioral Health Hospital
510001,"WEST VIRGINIA UNIVERSITY HOSPITALS, INC","West Virginia University Hospitals, Inc"
510002,"CAMC GREENBRIER VALLEY MEDICAL CENTER, INC","CAMC Greenbrier Valley Medical Center, Inc"
510006,"UNITED HOSPITAL CENTER, INC","United Hospital Center, Inc"
510007,ST MARY'S MEDICAL CENTER,St. Mary's Medical Center
510008,BERKELEY MEDICAL CENTER,Berkeley Medical Center
510012,RIVERS HEALTH,Rivers Health
510013,"REYNOLDS MEMORIAL HOSPITAL, INC","Reynolds Memorial Hospital, Inc"
510022,CHARLESTON AREA MEDICAL CENTER,Charleston Area Medical Center
510023,"WEIRTON MEDICAL CENTER, INC","Weirton Medical Center, Inc"
510024,MON HEALTH MEDICAL CENTER,Mon Health Medical Center
510029,THOMAS MEMORIAL HOSPITAL,Thomas Memorial Hospital
510030,DAVIS MEDICAL CENTER,Davis Medical Center
510038,STONEWALL JACKSON MEMORIAL HOSPITAL COMPANY,Stonewall Jackson Memorial Hospital Company
510046,PRINCETON COMMUNITY HOSPITAL ASSN INC,Princeton Community Hospital Assn Inc
510048,LOGAN REGIONAL MEDICAL CENTER,Logan Regional Medical Center
510050,"WHEELING HOSPITAL, INC","Wheeling Hospital, Inc"
510055,"CABELL HUNTINGTON HOSPITAL, INC","Cabell Huntington Hospital, Inc"
510058,CAMDEN CLARK MEDICAL CENTER,Camden Clark Medical Center
510062,BECKLEY ARH HOSPITAL,Beckley ARH Hospital
510070,RALEIGH GENERAL HOSPITAL,Raleigh General Hospital
510072,WETZEL COUNTY HOSPITAL,Wetzel County Hospital
510086,WELCH COMMUNITY HOSPITAL,Welch Community Hospital
510091,CAMC CHARLESTON SURGICAL HOSPITAL,CAMC Charleston Surgical Hospital
510093,MON HEALTH MARION,Mon Health Marion
510094,WILLIAMSON MEMORIAL INC,Williamson Memorial Inc
511300,VANDALIA HEALTH BROADDUS HOSPITAL,Vandalia Health Broaddus Hospital
511301,WEBSTER MEMORIAL HOSPITAL,Webster Memorial Hospital
511303,MINNIE HAMILTON HEALTH SYSTEM,Minnie Hamilton Health System
511304,SISTERSVILLE GENERAL HOSPITAL,Sistersville General Hospital
511306,ROANE GENERAL HOSPITAL,Roane General Hospital
511307,"GRAFTON CITY HOSPITAL, INC","Grafton City Hospital, Inc"
511308,"BRAXTON COUNTY MEMORIAL HOSPITAL, INC","Braxton County Memorial Hospital, Inc"
511309,VALLEY HEALTH WAR MEMORIAL HOSPITAL,Valley Health War Memorial Hospital
511310,SUMMERS COUNTY ARH HOSPITAL,Summers County ARH Hospital
511311,HAMPSHIRE MEMORIAL HOSPITAL,Hampshire Memorial Hospital
511312,PRESTON MEMORIAL HOSPITAL,Preston Memorial Hospital
511313,"BOONE MEMORIAL HOSPITAL, INC","Boone Memorial Hospital, Inc"
511314,POCAHONTAS MEMORIAL HOSPITAL,Pocahontas Memorial Hospital
511315,"POTOMAC VALLEY HOSPITAL OF W VA, INC","Potomac Valley Hospital of W. VA, Inc"
511316,GRANT MEMORIAL HOSPITAL,Grant Memorial Hospital
511317,"CAMC PLATEAU MEDICAL CENTER, INC","CAMC Plateau Medical Center, Inc"
511318,MONTGOMERY GENERAL HOSPITAL,Montgomery General Hospital
511319,JEFFERSON MEDICAL CENTER,Jefferson Medical Center
511320,JACKSON GENERAL HOSPITAL,Jackson General Hospital
511321,"ST JOSEPH'S HOSPITAL OF BUCKHANNON, INC","St. Joseph's Hospital of Buckhannon, Inc"
511322,SUMMERSVILLE REGIONAL MEDICAL CENTER,Summersville Regional Medical Center
512002,SELECT SPECIALTY HOSPITAL - CHARLESTON,Select Specialty Hospital - Charleston
512003,"CORNERSTONE SPECIALTY HOSPITALS HUNTINGTON, LLC","Cornerstone Specialty Hospitals Huntington, LLC"
512004,SELECT SPECIALTY HOSPITAL - MORGANTOWN,Select Specialty Hospital - Morgantown
512005,SELECT SPECIALTY HOSPITAL - WEIRTON,Select Specialty Hospital - Weirton
513025,SENECA REHABILITATION HOSPITAL,Seneca Rehabilitation Hospital
513026,ENCOMPASS HEALTH REHAB HOSPITAL OF PRINCETON,Encompass Health Rehabilitation Hospital of Princeton
513027,ENCOMPASS HEALTH REHAB HOSPITAL OF PARKERSBURG,Encompass Health Rehabilitation Hospital of Parkersburg
513028,ENCOMPASS HEALTH REHAB HOSPITAL OF HUNTINGTON,Encompass Health Rehabilitation Hospital of Huntington
513030,ENCOMPASS HEALTH REHAB HOSPITAL OF MORGANTOWN,Encompass Health Rehabilitation Hospital of Morgantown
514001,HIGHLAND HOSPITAL,Highland Hospital
514008,RIVER PARK HOSPITAL,River Park Hospital
514009,MILDRED MITCHELL-BATEMAN HOSPITAL,Mildred Mitchell-Bateman Hospital
514011,"HIGHLAND-CLARKSBURG HOSPITAL, INC","Highland-Clarksburg Hospital, Inc"
514012,"WILLIAM R SHARPE, JR HOSPITAL","William R. Sharpe, Jr. Hospital"
520002,ASPIRUS STEVENS POINT HOSPITAL,Aspirus Stevens Point Hospital
520004,MAYO CLINIC HEALTH SYSTEM IN LA CROSSE,Mayo Clinic Health System in la Crosse
520008,PROHEALTH WAUKESHA MEMORIAL HOSPITAL,ProHealth Waukesha Memorial Hospital
520009,ASCENSION NE WISCONSIN - ST ELIZABETH CAMPUS,Ascension Ne Wisconsin - St. Elizabeth Campus
520011,MARSHFIELD MEDICAL CENTER - RICE LAKE,Marshfield Medical Center - Rice Lake
520019,ASPIRUS RHINELANDER HOSPITAL,Aspirus Rhinelander Hospital
520021,FROEDTERT PLEASANT PRAIRIE HOSPITAL,Froedtert Pleasant Prairie Hospital
520028,SSM HEALTH MONROE HOSPITAL,SSM Health Monroe Hospital
520030,ASPIRUS WAUSAU HOSPITAL,Aspirus Wausau Hospital
520033,ASPIRUS WISCONSIN RAPIDS HOSPITAL,Aspirus Wisconsin Rapids Hospital
520034,AURORA MEDICAL CTR MANITOWOC COUNTY,Aurora Medical Center Manitowoc County
520035,AURORA MEDICAL CENTER SHEBOYGAN COUNTY,Aurora Medical Center Sheboygan County
520037,MARSHFIELD MEDICAL CENTER,Marshfield Medical Center
520038,AURORA MEDICAL CTR WASHINGTON COUNTY,Aurora Medical Center Washington County
520041,ASPIRUS DIVINE SAVIOR HOSPITAL,Aspirus Divine Savior Hospital
520044,ST NICHOLAS HOSPITAL,St. Nicholas Hospital
520045,THEDACARE REGIONAL MEDICAL CENTER - NEENAH INC,Thedacare Regional Medical Center - Neenah Inc
520049,BELLIN MEMORIAL HOSPITAL,Bellin Memorial Hospital
520051,ASCENSION COLUMBIA ST MARY'S HOSPITAL MILWAUKEE CA,Ascension Columbia St. Mary's Hospital Milwaukee Ca
520057,SSM HEALTH ST CLARE HOSPITAL - BARABOO,SSM Health St. Clare Hospital - Baraboo
520059,AURORA MEDICAL CENTER BURLINGTON,Aurora Medical Center Burlington
520062,PROHEALTH OCONOMOWOC MEMORIAL HOSPITAL,ProHealth Oconomowoc Memorial Hospital
520063,FROEDTERT WEST BEND HOSPITAL,Froedtert West Bend Hospital
520066,MERCY HEALTH SYSTEM CORP,Mercy Health System Corp
520070,MAYO CLINIC HEALTH SYSTEM IN EAU CLAIRE,Mayo Clinic Health System in Eau Claire
520071,FORT MEMORIAL HOSPITAL,Fort Memorial Hospital
520075,ST VINCENT HOSPITAL,St. Vincent Hospital
520076,MARSHFIELD MEDICAL CENTER - BEAVER DAM,Marshfield Medical Center - Beaver Dam
520078,ASCENSION ST FRANCIS HOSPITAL,Ascension St. Francis Hospital
520083,SSM HEALTH ST MARY'S HOSPITAL - MADISON,SSM Health St. Mary's Hospital - Madison
520087,GUNDERSEN LUTHERAN MEDICAL CENTER,Gundersen Lutheran Medical Center
520088,SSM HEALTH ST AGNES HOSPITAL-FOND DU LAC,SSM Health St. Agnes Hospital-Fond du LAC
520089,UNITYPOINT HEALTH - MERITER,UnityPoint Health - Meriter
520091,HOWARD YOUNG MEDICAL CTR,Howard Young Medical Center
520095,SAUK PRAIRIE HOSPITAL,Sauk Prairie Hospital
520096,ASCENSION ALL SAINTS HOSPITAL,Ascension All Saints Hospital
520097,ST MARYS HOSPITAL MEDICAL CTR,St. Marys Hospital Medical Center
520098,UNIVERSITY OF WI  HOSPITALS & CLINICS AUTHORITY,University of Wi Hospitals & Clinics Authority
520100,BELOIT MEMORIAL HOSPITAL,Beloit Memorial Hospital
520102,AURORA LAKELAND MEDICAL CENTER,Aurora Lakeland Medical Center
520103,FROEDTERT MENOMONEE FALLS HOSPITAL,Froedtert Menomonee Falls Hospital
520107,FROEDTERT HOLY FAMILY MEMORIAL HOSPITAL,Froedtert Holy Family Memorial Hospital
520109,MILE BLUFF MEDICAL CENTER,Mile Bluff Medical Center
520113,AURORA MEDICAL CENTER BAY AREA,Aurora Medical Center Bay Area
520116,WATERTOWN REGIONAL MEDICAL CENTER,Watertown Regional Medical Center
520136,ASCENSION SE WISCONSIN HOSPITAL - ST JOSEPH CAMPUS,Ascension Se Wisconsin Hospital - St. Joseph Campus
520138,AURORA ST LUKES MEDICAL CENTER,Aurora St. Lukes Medical Center
520139,AURORA WEST ALLIS MEDICAL CENTER,Aurora West Allis Medical Center
520160,THEDACARE REGIONAL MEDICAL CENTER - APPLETON INC,Thedacare Regional Medical Center - Appleton Inc
520177,FROEDTERT MEMORIAL LUTHERAN HOSPITAL,Froedtert Memorial Lutheran Hospital
520189,AURORA MEDICAL CTR KENOSHA,Aurora Medical Center Kenosha
520193,AURORA BAYCARE MEDICAL CTR,Aurora Baycare Medical Center
520194,ORTHOPAEDIC HOSPITAL OF WISCONSIN,Orthopaedic Hospital of Wisconsin
520196,OAKLEAF SURGICAL HOSPITAL,Oakleaf Surgical Hospital
520198,AURORA MEDICAL CTR OSHKOSH,Aurora Medical Center Oshkosh
520202,MARSHFIELD MEDICAL CENTER - WESTON,Marshfield Medical Center - Weston
520205,MIDWEST ORTHOPEDIC SPECIALTY HOSPITAL,Midwest Orthopedic Specialty Hospital
520206,AURORA MEDICAL CENTER SUMMIT,Aurora Medical Center Summit
520207,AURORA MEDICAL CENTER,Aurora Medical Center
520208,SSM HEALTH ST MARY'S HOSPITAL - JANESVILLE,SSM Health St. Mary's Hospital - Janesville
520210,MARSHFIELD MEDICAL CENTER - EAU CLAIRE,Marshfield Medical Center - Eau Claire
520212,MARSHFIELD MEDICAL CENTER - MINOCQUA,Marshfield Medical Center - Minocqua
520213,FROEDTERT COMMUNITY HOSPITAL,Froedtert Community Hospital
520214,ASCENSION WISCONSIN HOSP MENOMONEE FALLS CAMPUS,Ascension Wisconsin Hospital Menomonee Falls Campus
521300,ASPIRUS EAGLE RIVER HOSPITAL,Aspirus Eagle River Hospital
521302,MAYO CLINIC HEALTH SYSTEM-OAKRIDGE,Mayo Clinic Health System-Oakridge
521303,THEDACARE MEDICAL CENTER - WILD ROSE INC,Thedacare Medical Center - Wild Rose Inc
521304,GUNDERSEN ST JOSEPHS HOSPITAL AND CLINICS,Gundersen St. Josephs Hospital and Clinics
521305,MAYO CLINIC HEALTH SYSTEM IN SPARTA,Mayo Clinic Health System in Sparta
521307,ADVENTHEALTH DURAND,AdventHealth Durand
521308,AMERY HOSPITAL & CLINIC,Amery Hospital & Clinic
521309,GUNDERSEN MOUNDVIEW HOSPITAL AND CLINICS,Gundersen Moundview Hospital and Clinics
521310,HSHS ST CLARE MEMORIAL HOSPITAL,HSHS St. Clare Memorial Hospital
521311,ASPIRUS STANLEY HOSPITAL,Aspirus Stanley Hospital
521312,LAFAYETTE HOSPITAL AND CLINICS,Lafayette Hospital and Clinics
521313,ASPIRUS TOMAHAWK HOSPITAL,Aspirus Tomahawk Hospital
521314,MAYO CLINIC HEALTH SYSTEM-CHIPPEWA VALLEY,Mayo Clinic Health System-Chippewa Valley
521315,MAYO CLINIC HEALTH SYSTEM-NORTHLAND,Mayo Clinic Health System-Northland
521316,GUNDERSEN TRI-COUNTY HOSPITAL AND CLINICS,Gundersen Tri-County Hospital and Clinics
521317,ASCENSION CALUMET HOSPITAL,Ascension Calumet Hospital
521318,LADD MEMORIAL HOSPITAL,Ladd Memorial Hospital
521319,EDGERTON HOSPITAL AND HEALTH SERVICES,Edgerton Hospital and Health Services
521320,TOMAH MEMORIAL HOSPITAL,Tomah Memorial Hospital
521321,SSM HEALTH RIPON COMMUNITY HOSPITAL,SSM Health Ripon Community Hospital
521322,GRANT REGIONAL HEALTH CENTER,Grant Regional Health Center
521323,MARSHFIELD MEDICAL CENTER - NEILLSVILLE,Marshfield Medical Center - Neillsville
521324,"ASPIRUS MEDFORD HOSPITAL & CLINICS, INC","Aspirus Medford Hospital & Clinics, Inc"
521325,MARSHFIELD MEDICAL CENTER - PARK FALLS,Marshfield Medical Center - Park Falls
521326,THEDACARE MEDICAL CENTER NEW LONDON,Thedacare Medical Center New London
521327,SSM HEALTH WAUPUN MEMORIAL HOSPITAL,SSM Health Waupun Memorial Hospital
521328,MARSHFIELD MEDICAL CENTER - LADYSMITH,Marshfield Medical Center - Ladysmith
521329,ESSENTIA HEALTH ST MARY'S HOSPITAL - SUPERIOR,Essentia Health St. Mary's Hospital - Superior
521330,CROSSING RIVERS HEALTH MEDICAL CENTER,Crossing Rivers Health Medical Center
521331,BURNETT MEDICAL CENTER,Burnett Medical Center
521332,SPOONER HEALTH SYSTEM,Spooner Health System
521333,BLACK RIVER MEMORIAL HOSPITAL,Black River Memorial Hospital
521334,THEDACARE MEDICAL CENTER - WAUPACA INC,Thedacare Medical Center - Waupaca Inc
521335,HUDSON HOSPITAL & CLINIC,Hudson Hospital & Clinic
521336,TAMARACK HEALTH HAYWARD MEDICAL CENTER,Tamarack Health Hayward Medical Center
521337,ST CROIX REGIONAL MEDICAL CENTER,St. Croix Regional Medical Center
521338,PRAIRIE RIDGE HEALTH,Prairie Ridge Health
521339,ASPIRUS MERRILL HOSPITAL,Aspirus Merrill Hospital
521340,MAYO CLINIC HEALTH SYSTEM-RED CEDAR,Mayo Clinic Health System-Red Cedar
521341,RICHLAND HOSPITAL,Richland Hospital
521342,INDIANHEAD MEDICAL CENTER SHELL LAKE,Indianhead Medical Center Shell Lake
521343,STOUGHTON HOSPITAL,Stoughton Hospital
521344,GUNDERSEN BOSCOBEL AREA HOSPITAL AND CLINICS,Gundersen Boscobel Area Hospital and Clinics
521345,WESTFIELDS HOSPITAL AND CLINIC,Westfields Hospital and Clinic
521346,THEDACARE MEDICAL CENTER - SHAWANO INC,Thedacare Medical Center - Shawano Inc
521347,WESTERN WISCONSIN HEALTH,Western Wisconsin Health
521348,VERNON HEALTH HOSPITAL,Vernon Health Hospital
521349,RIVER FALLS AREA HOSPITAL,River Falls Area Hospital
521350,ASPIRUS LANGLADE HOSPITAL,Aspirus Langlade Hospital
521351,REEDSBURG AREA MEDICAL CENTER,Reedsburg Area Medical Center
521352,UPLAND HILLS HEALTH,Upland Hills Health
521353,CUMBERLAND MEMORIAL HOSPITAL,Cumberland Memorial Hospital
521354,SOUTHWEST HEALTH CENTER,Southwest Health Center
521355,THEDACARE MEDICAL CENTER - BERLIN INC,Thedacare Medical Center - Berlin Inc
521356,EMPLIFY HEALTH OCONTO HOSPITAL,Emplify Health Oconto Hospital
521357,MERCY WALWORTH HOSPITAL & MEDICAL CENTER,Mercy Walworth Hospital & Medical Center
521358,DOOR COUNTY MEDICAL CENTER,Door County Medical Center
521359,TAMARACK HEALTH ASHLAND MEDICAL CENTER,Tamarack Health Ashland Medical Center
522005,LAKEVIEW SPECIALTY HOSPITAL & REHAB CENTER,Lakeview Specialty Hospital & Rehabilitation Center
522006,SELECT SPECIALTY HOSPITAL MILWAUKEE,Select Specialty Hospital Milwaukee
522008,SELECT SPECIALTY HOSPITAL MADISON,Select Specialty Hospital Madison
523025,ASCENSION SACRED HEART REHABILITATION HOSPITAL,Ascension Sacred Heart Rehabilitation Hospital
523027,REHABILITATION HOSPITAL OF WISCONSIN,Rehabilitation Hospital of Wisconsin
523028,UW HEALTH REHABILITATION HOSPITAL,UW Health Rehabilitation Hospital
523029,MILWAUKEE REHABILITATION HOSPITAL AT GREENFIELD,Milwaukee Rehabilitation Hospital at Greenfield
523031,GREEN BAY REHABILITATION HOSPITAL,Green Bay Rehabilitation Hospital
523032,CLEARSKY REHABILITATION HOSPITAL OF KENOSHA,Clearsky Rehabilitation Hospital of Kenosha
523033,ENCOMPASS HEALTH REHABILITATION HSPTL OF FITCHBURG,Encompass Health Rehabilitation Hsptl of Fitchburg
523034,PAM HEALTH REHABILITATION HOSPITAL OF WAUSAU,PAM Health Rehabilitation Hospital of Wausau
523035,CLEARSKY REHABILITATION HOSPITAL LAKESHORE,Clearsky Rehabilitation Hospital Lakeshore
523300,CHILDRENS HOSPITAL OF WISCONSIN,Childrens Hospital of Wisconsin
523302,CHILDRENS HOSPITAL OF WISCONSIN FOX VALLEY,Childrens Hospital of Wisconsin Fox Valley
524000,AURORA PSYCHIATRIC HOSPITAL,Aurora Psychiatric Hospital
524002,WINNEBAGO MENTAL HEALTH INSTITUTE,Winnebago Mental Health Institute
524008,MENDOTA MENTAL HEALTH INSTITUTE,Mendota Mental Health Institute
524014,BROWN COUNTY COMMUNITY TREATMENT CTR,Brown County Community Treatment Center
524017,NORTH CENTRAL HEALTH CARE,North Central Health Care
524018,ROGERS MEMORIAL HOSPITAL,Rogers Memorial Hospital
524019,NORWOOD HEALTH CENTER,Norwood Health Center
524025,FOND DU LAC COUNTY ACUTE PSYCH UNIT,Fond du LAC County Acute Psych Unit
524026,WAUKESHA COUNTY MENTAL HEALTH CTR,Waukesha County Mental Health Center
524041,WILLOW CREEK BEHAVIORAL HEALTH,Willow Creek Behavioral Health
524042,MIRAMONT BEHAVIORAL HEALTH,Miramont Behavioral Health
524043,GRANITE HILLS HOSPITAL,Granite Hills Hospital
524044,"MENTAL HEALTH EMERGENCY CENTER, INC","Mental Health Emergency Center, Inc"
524045,SHOREWOOD BEHAVIORAL HEALTH,Shorewood Behavioral Health
524046,ROGERS MEMORIAL HOSPITAL INC,Rogers Memorial Hospital Inc
524047,ROGERS MEMORIAL HOSPITAL INC,Rogers Memorial Hospital Inc
530002,CAMPBELL COUNTY MEMORIAL HOSPITAL,Campbell County Memorial Hospital
530006,SHERIDAN MEMORIAL HOSPITAL,Sheridan Memorial Hospital
530008,SAGEWEST HEALTH CARE,Sagewest Health Care
530012,WYOMING MEDICAL CENTER,Wyoming Medical Center
530014,CHEYENNE REGIONAL MEDICAL CENTER,Cheyenne Regional Medical Center
530015,ST JOHNS MEDICAL CENTER,St. Johns Medical Center
530025,IVINSON MEMORIAL HOSPITAL,Ivinson Memorial Hospital
530034,SUMMIT MEDICAL CENTER,Summit Medical Center
531301,SOUTH BIG HORN COUNTY CRITICAL ACCESS HOSPITAL,South Big Horn County Critical Access Hospital
531302,MEMORIAL HOSPITAL OF CONVERSE COUNTY,Memorial Hospital of Converse County
531303,WESTON COUNTY HEALTH SERVICES,Weston County Health Services
531304,HOT SPRINGS COUNTY MEMORIAL HOSPITAL,Hot Springs County Memorial Hospital
531305,PLATTE COUNTY HOSPITAL,Platte County Hospital
531306,WASHAKIE MEDICAL CENTER,Washakie Medical Center
531307,COMMUNITY HOSPITAL,Community Hospital
531308,JOHNSON COUNTY HEALTHCARE CENTER,Johnson County Healthcare Center
531309,NORTH BIG HORN HOSPITAL DISTRICT,North Big Horn Hospital District
531310,POWELL VALLEY HOSPITAL,Powell Valley Hospital
531311,CROOK COUNTY HOSPITAL,Crook County Hospital
531312,CODY REGIONAL HEALTH,Cody Regional Health
531313,STAR VALLEY HEALTH,Star Valley Health
531314,NIOBRARA HEALTH & LIFE CENTER,Niobrara Health & Life Center
531315,SOUTH LINCOLN MEDICAL CENTER - CAH,South Lincoln Medical Center - CAH
531316,MEMORIAL HOSPITAL OF CARBON COUNTY,Memorial Hospital of Carbon County
531317,NORTH PLATTE VALLEY MEDICAL CENTER,North Platte Valley Medical Center
531318,MEMORIAL HOSPITAL SWEETWATER COUNTY,Memorial Hospital Sweetwater County
531319,EVANSTON REGIONAL HOSPITAL,Evanston Regional Hospital
533027,ELKHORN VALLEY REHABILITATION HOSPITAL LLC,Elkhorn Valley Rehabilitation Hospital LLC
534001,WYOMING STATE HOSPITAL,Wyoming State Hospital
534004,WYOMING BEHAVIORAL INSTITUTE,Wyoming Behavioral Institute
640001,LBJ TROPICAL MEDICAL CENTER,LBJ Tropical Medical Center
650001,GUAM MEMORIAL HOSPITAL AUTHORITY,Guam Memorial Hospital Authority
650003,GUAM REGIONAL MEDICAL CITY,Guam Regional Medical City
660001,COMMONWEALTH HEALTH CENTER,Commonwealth Health Center
670005,MEMORIAL HERMANN SURGICAL HOSPITAL KINGWOOD,Memorial Hermann Surgical Hospital Kingwood
670006,THE HOSPITAL AT WESTLAKE MEDICAL CENTER,The Hospital at Westlake Medical Center
670008,MEMORIAL HERMANN HOUSTON PHYSICIANS HOSPITAL,Memorial Hermann Houston Physicians Hospital
670023,METHODIST MANSFIELD MEDICAL CENTER,Methodist Mansfield Medical Center
670025,BAYLOR SCOTT & WHITE THE HEART HOSPITAL PLANO,Baylor Scott & White the Heart Hospital Plano
670031,ST LUKE'S PATIENTS MEDICAL CENTER,St. Luke's Patients Medical Center
670034,SCOTT & WHITE HOSPITAL-ROUND ROCK,Scott & White Hospital-Round Rock
670041,ASCENSION SETON WILLIAMSON,Ascension Seton Williamson
670043,ASCENSION SETON CEDAR PARK,Ascension Seton Cedar Park
670044,TEXAS HEALTH PRESBYTERIAN HOSPITAL ROCKWALL,Texas Health Presbyterian Hospital Rockwall
670047,THE HOSPITALS OF PROVIDENCE EAST CAMPUS,The Hospitals of Providence East Campus
670049,NORTH CENTRAL SURGICAL CENTER LLP,North Central Surgical Center LLP
670053,ST LUKE'S SUGAR LAND HOSPITAL,St. Luke's Sugar Land Hospital
670054,FOUNDATION SURGICAL HOSPITAL OF SAN ANTONIO,Foundation Surgical Hospital of San Antonio
670055,METHODIST HOSPITAL  STONE OAK,Methodist Hospital Stone Oak
670056,ASCENSION  SETON HAYS,Ascension Seton Hays
670059,ST LUKES LAKESIDE HOSPITAL,St. Lukes Lakeside Hospital
670060,BAYLOR SCOTT AND WHITE MEDICAL CENTER SUNNYVALE,Baylor Scott and White Medical Center Sunnyvale
670062,BAYLOR SCOTT & WHITE EMERGENCY HOSPITAL,Baylor Scott & White Emergency Hospital
670067,BAYLOR SCOTT AND WHITE ORTHOPEDIC AND SPINE HOSPI,Baylor Scott and White Orthopedic and Spine Hospi
670068,TEXAS HEALTH PRESBYTERIAN HOSPITAL FLOWER MOUND,Texas Health Presbyterian Hospital Flower Mound
670069,METHODIST MCKINNEY HOSPITAL,Methodist McKinney Hospital
670071,TEXAS HEALTH HEART & VASCULAR HOSPITAL ARLINGTON,Texas Health Heart & Vascular Hospital Arlington
670073,METHODIST HOSPITAL FOR SURGERY,Methodist Hospital for Surgery
670075,ST LUKE'S HOSPITAL AT THE VINTAGE,St. Luke's Hospital at the Vintage
670076,BAYLOR SCOTT AND WHITE SURGICAL HOSPITAL AT SHERMA,Baylor Scott and White Surgical Hospital at Sherma
670077,HOUSTON METHODIST WEST HOSPITAL,Houston Methodist West Hospital
670078,BAPTIST NEIGHBORHOOD HOSPITAL THOUSAND OAKS,Baptist Neighborhood Hospital Thousand Oaks
670080,SETON MEDICAL CENTER HARKER HEIGHTS,Seton Medical Center Harker Heights
670082,BAYLOR SCOTT AND WHITE  MEDICAL CENTER  MCKINNEY,Baylor Scott and White Medical Center McKinney
670085,TEXAS HEALTH HARRIS METHODIST HOSPITAL ALLIANCE,Texas Health Harris Methodist Hospital Alliance
670088,BAYLOR SCOTT & WHITE MEDICAL CENTER- COLLEGE STATI,Baylor Scott & White Medical Center- College Stati
670090,CRESCENT MEDICAL CENTER LANCASTER,Crescent Medical Center Lancaster
670093,ASPIRE HOSPITAL,Aspire Hospital
670098,RESOLUTE HEALTH HOSPITAL,Resolute Health Hospital
670102,"AD HOSPITAL EAST, LLC","Ad Hospital East, LLC"
670103,MEDICAL CITY ALLIANCE,Medical City Alliance
670106,HCA HOUSTON HEALTHCARE PEARLAND,HCA Houston Healthcare Pearland
670107,BAYLOR SCOTT AND WHITE EMERGENCY HOSPITAL,Baylor Scott and White Emergency Hospital
670108,BAYLOR SCOTT & WHITE MEDICAL CENTER - MARBLE FALLS,Baylor Scott & White Medical Center - Marble Falls
670109,BAYTOWN MEDICAL CENTER LP,Baytown Medical Center LP
670112,SOUTH TEXAS SPECIALTY HOSPITAL,South Texas Specialty Hospital
670115,CLEVELAND EMERGENCY HOSPITAL,Cleveland Emergency Hospital
670120,THE HOSPITALS OF PROVIDENCE TRANSMOUNTAIN CAMPUS,The Hospitals of Providence Transmountain Campus
670121,SAINT CAMILLUS MEDICAL CENTER,Saint Camillus Medical Center
670122,HOUSTON METHODIST THE WOODLANDS HOSPITAL,Houston Methodist the Woodlands Hospital
670124,THE HOSPITALS OF PROVIDENCE HORIZON CITY CAMPUS,The Hospitals of Providence Horizon City Campus
670125,TEXAS CENTER FOR INFECTIOUS DISEASE,Texas Center for Infectious Disease
670128,BAYLOR SCOTT & WHITE MEDICAL CENTER  PFLUGERVILLE,Baylor Scott & White Medical Center  Pflugerville
670131,BAYLOR SCOTT & WHITE MEDICAL CENTER  BUDA,Baylor Scott & White Medical Center  Buda
670132,METHODIST SOUTHLAKE MEDICAL CENTER,Methodist Southlake Medical Center
670134,ALTUS LUMBERTON HOSPITAL,Altus Lumberton Hospital
670135,"ALTUS HOUSTON HOSPITAL, LP","Altus Houston Hospital, LP"
670136,BAYLOR SCOTT & WHITE MEDICAL CENTER- AUSTIN,Baylor Scott & White Medical Center- Austin
670260,TEXAS HEALTH HOSPITAL FRISCO,Texas Health Hospital Frisco
670265,LEGENT ORTHOPEDIC HOSPITAL,Legent Orthopedic Hospital
670266,TOWNSEN MEMORIAL HOSPITAL,Townsen Memorial Hospital
670267,THE WOODLANDS SPECIALTY HOSPITAL,The Woodlands Specialty Hospital
670285,ELITE HOSPITAL KINGWOOD,Elite Hospital Kingwood
670300,METHODIST MIDLOTHIAN MEDICAL CENTER,Methodist Midlothian Medical Center
670309,TEXAS HEALTH HOSPITAL MANSFIELD,Texas Health Hospital Mansfield
670314,ST MICHAELS MEDICAL HOSPITAL LLC,St. Michaels Medical Hospital LLC
670320,EAST HOUSTON MEDICAL CENTER,East Houston Medical Center
670321,ADVANCED DALLAS HOSPITALS AND CLINICS,Advanced Dallas Hospitals and Clinics
670322,LEGENT SURGICAL HOSPITAL PLANO,Legent Surgical Hospital Plano
670326,BRUSHY CREEK FAMILY HOSPITAL LLC,Brushy Creek Family Hospital LLC
670327,EXCEPTIONAL COMMUNITY HOSPITAL LUBBOCK,Exceptional Community Hospital Lubbock
670331,MID COAST MEDICAL CENTER-TRINITY,Mid Coast Medical Center-Trinity
670333,WESTOVER HILLS BAPTIST HOSPITAL,Westover Hills Baptist Hospital
670335,UT HEALTH SAN ANTONIO MULTISPECIALTY & RESEARCH HO,UT Health San Antonio Multispecialty & Research Ho
670336,BANDERA FAMILY HOSPITAL,Bandera Family Hospital
670340,METHODIST CELINA MEDICAL CENTER,Methodist Celina Medical Center
670342,HOUSTON METHODIST CYPRESS HOSPITAL,Houston Methodist Cypress Hospital
670345,LEGENT NORTH HOUSTON SURGICAL HOSPITAL,Legent North Houston Surgical Hospital
670346,BAYLOR SCOTT AND WHITE MEDICAL CENTER FRISCO AT PG,Baylor Scott and White Medical Center Frisco at Pg
670347,BAYLOR SCOTT AND WHITE THE HEART HOSPITAL CORINTH,Baylor Scott and White the Heart Hospital Corinth
670348,CORALVITA RICHARDSON,Coralvita Richardson
670349,SANAVATE HOSPITAL,Sanavate Hospital
670350,CHRISTUS HEALTH-PALESTINE,CHRISTUS Health-Palestine
670351,MERIDIAN HOSPITAL PLLC,Meridian Hospital Pllc
670779,CROSBYTON CLINIC HOSPITAL,Crosbyton Clinic Hospital
670780,FALLS COMMUNITY HOSPITAL AND CLINIC,Falls Community Hospital and Clinic
670781,ANSON GENERAL HOSPITAL,Anson General Hospital
670783,CHI ST LUKES HEALTH MEMORIAL SAN AUGUSTINE,CHI St. Lukes Health Memorial San Augustine
670784,NORTH RUNNELS HOSPITAL,North Runnels Hospital
671300,GRAHAM REGIONAL MEDICAL CENTER,Graham Regional Medical Center
671301,HEMPHILL COUNTY HOSPITAL,Hemphill County Hospital
671302,STEPHENS MEMORIAL HOSPITAL,Stephens Memorial Hospital
671303,EASTLAND MEMORIAL HOSPITAL,Eastland Memorial Hospital
671304,ASCENSION SETON SMITHVILLE,Ascension Seton Smithville
673025,PAM REHABILITATION HOSPITAL OF ALLEN,PAM Rehabilitation Hospital of Allen
673027,CENTRAL TEXAS REHABILITATION HOSPITAL,Central Texas Rehabilitation Hospital
673029,ENCOMPASS HEALTH REHABILITAITON HOSPITAL OF RICHAR,Encompass Health Rehabilitaiton Hospital of Richar
673030,KATE DISHMAN REHABILITATION HOSPITAL,Kate Dishman Rehabilitation Hospital
673031,METHODIST REHABILITATION HOSPITAL,Methodist Rehabilitation Hospital
673032,ENCOMPASS HEALTH REHABILITATION HOSPITAL OF ROUND,Encompass Health Rehabilitation Hospital of Round
673034,ENCOMPASS HEALTH REHABILITATION HOSPITAL VISION PA,Encompass Health Rehabilitation Hospital Vision Pa
673035,BAYLOR INSTITUTE FOR REHABILITATION AT FORT WORTH,Baylor Institute for Rehabilitation at Fort Worth
673036,SELECT REHABILITATION HOSPITAL OF DENTON,Select Rehabilitation Hospital of Denton
673038,MEMORIAL HERMANN REHABILITATION HOSPITAL KATY,Memorial Hermann Rehabilitation Hospital Katy
673039,ENCOMPASS HEALTH REHABILITATION HOSPITAL OF ABILEN,Encompass Health Rehabilitation Hospital of Abilen
673041,CARRUS REHABILITATION HOSPITAL,Carrus Rehabilitation Hospital
673042,ENCOMPASS HEALTH REHABILITATION HOSPITAL OF SUGAR,Encompass Health Rehabilitation Hospital of Sugar
673043,ENCOMPASS HEALTH REHABILITATION HOSPITAL OF DALLAS,Encompass Health Rehabilitation Hospital of Dallas
673044,ENCOMPASS HEALTH REHABILITATION HOSPITAL OF THE MI,Encompass Health Rehabilitation Hospital of the MI
673045,MESQUITE REHABILITATION INSTITUTE,Mesquite Rehabilitation Institute
673046,BAYLOR INSTITUTE FOR REHABILITATION AT FRISCO,Baylor Institute for Rehabilitation at Frisco
673048,TEXAS REHABILITATION HOSPITAL,Texas Rehabilitation Hospital
673049,NEW BRAUNFELS REGIONAL REHABILITATION HOSPITAL,New Braunfels Regional Rehabilitation Hospital
673050,ENCOMPASS HEALTH REHABILITATION HOSPITAL OF CYPRES,Encompass Health Rehabilitation Hospital of Cypres
673052,ENCOMPASS HEALTH REHABILITATION HOSPITAL THE VINTA,Encompass Health Rehabilitation Hospital the Vinta
673053,CORPUS CHRISTI REHABILITATION HOSPITAL,Corpus Christi Rehabilitation Hospital
673054,ENCOMPASS HEALTH REHABILITATION HOSPITAL OF AUSTIN,Encompass Health Rehabilitation Hospital of Austin
673055,ACUTE REHABILITATION HOSPITAL OF PLANO,Acute Rehabilitation Hospital of Plano
673056,PAM REHABILITATION HOSPITAL OF VICTORIA,PAM Rehabilitation Hospital of Victoria
673057,PAM HEALTH REHABILIATION HOSPTIAL OF KYLE,PAM Health Rehabiliation Hosptial of Kyle
673058,BAYLOR SCOTT & WHITE INSTITUTE FOR REHABILITATION,Baylor Scott & White Institute for Rehabilitation
673059,"LAREDO REHABILITATION HOSPITAL, LLC","Laredo Rehabilitation Hospital, LLC"
673060,TEXAS REHABILITATION HOSPITAL OF ARLINGTON,Texas Rehabilitation Hospital of Arlington
673061,PAM REHABILITATION HOSPITAL OF CLEAR LAKE,PAM Rehabilitation Hospital of Clear Lake
673062,CLEARSKY REHABILITATION HOSPITAL OF WEATHERFORD,Clearsky Rehabilitation Hospital of Weatherford
673063,TRUSTPOINT REHAB HOSPITAL OF LUBBOCK,Trustpoint Rehabilitation Hospital of Lubbock
673065,"CHI ST. JOSEPH HEALTH REHABILITATION HOSPITAL, AN","CHI St. Joseph Health Rehabilitation Hospital, An"
673066,ENCOMPASS HEALTH REHABILITATION HOSPITAL OF PEARLA,Encompass Health Rehabilitation Hospital of Pearla
673067,PAM REHABILITATION HOSPITAL OF CORPUS CHRISTI,PAM Rehabilitation Hospital of Corpus Christi
673068,PAM HEALTH REHABILITATION HOSPITAL OF SUGAR LAND,PAM Health Rehabilitation Hospital of Sugar Land
673069,PAM REHABILITATION HOSPITAL OF ROUND ROCK,PAM Rehabilitation Hospital of Round Rock
673070,SOUTH PLAINS REHABILITATION HOSPITAL AN AFFILIATE,South Plains Rehabilitation Hospital An Affiliate
673071,ENCOMPASS HEALTH REHABILITATION HOSPITAL OF KATY,Encompass Health Rehabilitation Hospital of Katy
673072,PAM HEALTH REHAB HOSPITAL OF HOUSTON HEIGHTS,PAM Health Rehabilitation Hospital of Houston Heights
673073,LONGVIEW REHABILITATION HOSPITAL,Longview Rehabilitation Hospital
673074,TEMPLE REHABILITATION HOSPITAL,Temple Rehabilitation Hospital
673075,PAM HEALTH REHABILITATION HOSPITAL OF EL PASO,PAM Health Rehabilitation Hospital of El Paso
673076,CLEARSKY REHABILITATION HOSPITAL OF FLOWER MOUND,Clearsky Rehabilitation Hospital of Flower Mound
673077,TEXAS REHABILITATION HOSPITAL OF KELLER,Texas Rehabilitation Hospital of Keller
673078,"SHANNON REHABILITATION HOSPITAL, AN AFFILIATE OF E","Shannon Rehabilitation Hospital, An Affiliate of E."
673079,ENCOMPASS HEALTH REHABILITATION HOSPITAL OF WACO,Encompass Health Rehabilitation Hospital of Waco
673080,REUNION REHABILITATION HOSPITAL PLANO,Reunion Rehabilitation Hospital Plano
673081,REUNION REHABILITATION  HOSPITAL ARLINGTON,Reunion Rehabilitation Hospital Arlington
673083,EL PASO REHABILITATION HOSPITAL,El Paso Rehabilitation Hospital
673088,CLEARSKY REHABILITATION HOSPITAL OF MANSFIELD,Clearsky Rehabilitation Hospital of Mansfield
673089,CLEARSKY REHABILITATION HOSPITAL OF HARKER HEIGHTS,Clearsky Rehabilitation Hospital of Harker Heights
673096,ENCOMPASS HEALTH REHABILITATION HOSPITAL OF PROSPE,Encompass Health Rehabilitation Hospital of Prospe
713025,NORTH SHORE REHABILITATION HOSPITAL,North Shore Rehabilitation Hospital
713026,BOGALUSA REHABILITATION HOSPITAL,Bogalusa Rehabilitation Hospital
713028,ENCOMPASS HEALTH REHABILITATION HOSPITAL OF SHREVE,Encompass Health Rehabilitation Hospital of Shreve
713029,SHREVEPORT REHABILITATION HOSPITAL LLC,Shreveport Rehabilitation Hospital LLC
743025,REHABILITATION INSTITUTE OF SOUTH SAN ANTONIO,Rehabilitation Institute of South San Antonio
743027,CLEARSKY REHABILITATION HOSPITAL OF BAYTOWN LLC,Clearsky Rehabilitation Hospital of Baytown LLC
743028,EXALT HEALTH REHABILITATION HOSPITAL CONROE,Exalt Health Rehabilitation Hospital Conroe
743030,ENCOMPASS HEALTH REHABILITATION OF HOUSTON AT THE,Encompass Health Rehabilitation of Houston at the
743031,HORIZON MEDICAL CENTER OF MCKINNEY LLC,Horizon Medical Center of McKinney LLC
743032,CLEARSKY REHABILITATION HOSPITAL OF ROCKWALL COUNT,Clearsky Rehabilitation Hospital of Rockwall Count
743035,REHABILITATION HOSPITAL OF AMARILLO,Rehabilitation Hospital of Amarillo
743038,SELECT MEDICAL REHABILITATION HOSPITAL-TEMPLE,Select Medical Rehabilitation Hospital-Temple
