key,city,display_city
010001,DOTHAN,Dothan
010005,BOAZ,Boaz
010006,FLORENCE,Florence
010007,OPP,Opp
010011,BIRMINGHAM,Birmingham
010012,FORT PAYNE,Fort Payne
010016,ALABASTER,Alabaster
010019,SHEFFIELD,Sheffield
010021,OZARK,Ozark
010022,CENTRE,Centre
010023,MONTGOMERY,Montgomery
010024,MONTGOMERY,Montgomery
010029,OPELIKA,Opelika
010033,BIRMINGHAM,Birmingham
010034,TALLASSEE,Tallassee
010035,CULLMAN,Cullman
010036,ANDALUSIA,Andalusia
010039,HUNTSVILLE,Huntsville
010040,GADSDEN,Gadsden
010044,HAMILTON,Hamilton
010045,FAYETTE,Fayette
010046,GADSDEN,Gadsden
010049,ENTERPRISE,Enterprise
010051,EUTAW,Eutaw
010052,DADEVILLE,Dadeville
010055,DOTHAN,Dothan
010056,BIRMINGHAM,Birmingham
010058,CENTREVILLE,Centreville
010061,SCOTTSBORO,Scottsboro
010065,ALEXANDER CITY,Alexander City
010078,ANNISTON,Anniston
010079,ATHENS,Athens
010083,FOLEY,Foley
010085,DECATUR,Decatur
010086,WINFIELD,Winfield
010087,MOBILE,Mobile
010089,JASPER,Jasper
010090,MOBILE,Mobile
010092,TUSCALOOSA,Tuscaloosa
010095,GREENSBORO,Greensboro
010097,WETUMPKA,Wetumpka
010099,BREWTON,Brewton
010100,FAIRHOPE,Fairhope
010101,TALLADEGA,Talladega
010103,BIRMINGHAM,Birmingham
010104,BIRMINGHAM,Birmingham
010108,PRATTVILLE,Prattville
010112,DEMOPOLIS,Demopolis
010113,MOBILE,Mobile
010114,BESSEMER,Bessemer
010118,SELMA,Selma
010126,TROY,Troy
010128,JACKSON,Jackson
010129,BAY MINETTE,Bay Minette
010130,PELL CITY,Pell City
010131,HUNTSVILLE,Huntsville
010138,YORK,York
010139,BIRMINGHAM,Birmingham
010144,MOBILE,Mobile
010148,EVERGREEN,Evergreen
010149,MONTGOMERY,Montgomery
010150,GREENVILLE,Greenville
010157,MUSCLE SHOALS,Muscle Shoals
010158,RUSSELLVILLE,Russellville
010164,SYLACAUGA,Sylacauga
010168,PHENIX CITY,Phenix City
010169,ATMORE,Atmore
010173,CLANTON,Clanton
010779,UNION SPRINGS,Union Springs
010780,VALLEY,Valley
010781,CAMDEN,Camden
010782,ASHLAND,Ashland
010783,GROVE HILL,Grove Hill
011300,CHATOM,Chatom
011302,RED BAY,Red Bay
011304,BUTLER,Butler
011305,ONEONTA,Oneonta
011306,WEDOWEE,Wedowee
011307,EUFAULA,Eufaula
011308,LUVERNE,Luverne
011309,GENEVA,Geneva
011310,MONROEVILLE,Monroeville
011311,HALEYVILLE,Haleyville
012006,MOBILE,Mobile
012008,BIRMINGHAM,Birmingham
012009,BIRMINGHAM,Birmingham
012010,DOTHAN,Dothan
012011,ANNISTON,Anniston
012012,TUSCALOOSA,Tuscaloosa
012014,HUNTSVILLE,Huntsville
013025,BIRMINGHAM,Birmingham
013028,MONTGOMERY,Montgomery
013029,HUNTSVILLE,Huntsville
013030,DOTHAN,Dothan
013031,PELHAM,Pelham
013032,GADSDEN,Gadsden
013033,PHENIX CITY,Phenix City
013300,BIRMINGHAM,Birmingham
013301,MOBILE,Mobile
014000,BIRMINGHAM,Birmingham
014006,GADSDEN,Gadsden
014007,TUSCALOOSA,Tuscaloosa
014012,TUSCALOOSA,Tuscaloosa
014013,DOTHAN,Dothan
014014,MOBILE,Mobile
014015,LUVERNE,Luverne
014016,CULLMAN,Cullman
014017,DAPHNE,Daphne
014018,HUNTSVILLE,Huntsville
014019,BRIDGEPORT,Bridgeport
020001,ANCHORAGE,Anchorage
020006,PALMER,Palmer
020008,JUNEAU,Juneau
020012,FAIRBANKS,Fairbanks
020017,ANCHORAGE,Anchorage
020024,SOLDOTNA,Soldotna
021301,VALDEZ,Valdez
021302,SEWARD,Seward
021304,PETERSBURG,Petersburg
021306,KODIAK,Kodiak
021307,CORDOVA,Cordova
021311,KETCHIKAN,Ketchikan
021313,HOMER,Homer
022001,ANCHORAGE,Anchorage
024001,ANCHORAGE,Anchorage
024002,ANCHORAGE,Anchorage
030002,PHOENIX,Phoenix
030006,TUCSON,Tucson
030007,COTTONWOOD,Cottonwood
030010,TUCSON,Tucson
030011,TUCSON,Tucson
030012,PRESCOTT,Prescott
030013,YUMA,Yuma
030014,PHOENIX,Phoenix
030016,CASA GRANDE,Casa Grande
030022,PHOENIX,Phoenix
030023,FLAGSTAFF,Flagstaff
030024,PHOENIX,Phoenix
030030,PHOENIX,Phoenix
030036,CHANDLER,Chandler
030037,TEMPE,Tempe
030038,SCOTTSDALE,Scottsdale
030043,SIERRA VISTA,Sierra Vista
030055,KINGMAN,Kingman
030061,SUN CITY,Sun City
030062,SHOW LOW,Show Low
030064,TUCSON,Tucson
030065,MESA,Mesa
030069,LAKE HAVASU CITY,Lake Havasu City
030083,PHOENIX,Phoenix
030084,CHINLE,Chinle
030085,TUCSON,Tucson
030087,SCOTTSDALE,Scottsdale
030088,MESA,Mesa
030089,GLENDALE,Glendale
030092,PHOENIX,Phoenix
030093,SUN CITY WEST,Sun City West
030094,GLENDALE,Glendale
030101,BULLHEAD CITY,Bullhead City
030103,PHOENIX,Phoenix
030105,MESA,Mesa
030107,MESA,Mesa
030108,PHOENIX,Phoenix
030110,GOODYEAR,Goodyear
030111,TUCSON,Tucson
030112,PHOENIX,Phoenix
030114,ORO VALLEY,Oro Valley
030115,PHOENIX,Phoenix
030117,FORT MOHAVE,Fort Mohave
030119,GILBERT,Gilbert
030121,MESA,Mesa
030122,GILBERT,Gilbert
030123,SCOTTSDALE,Scottsdale
030130,QUEEN CREEK,Queen Creek
030134,APACHE JUNCTION,Apache Junction
030136,LAVEEN,Laveen
030138,GOODYEAR,Goodyear
030139,MESA,Mesa
030146,PHOENIX,Phoenix
030147,CHANDLER,Chandler
030148,SAHUARITA,Sahuarita
030152,MARICOPA,Maricopa
030153,GILBERT,Gilbert
030154,YUMA,Yuma
030155,BULLHEAD CITY,Bullhead City
030195,KAYENTA,Kayenta
030196,PRESCOTT,Prescott
030198,TUCSON,Tucson
031300,WICKENBURG,Wickenburg
031301,BENSON,Benson
031302,WILLCOX,Willcox
031304,PAGE,Page
031309,GANADO,Ganado
031311,WINSLOW,Winslow
031312,BISBEE,Bisbee
031313,NOGALES,Nogales
031314,GLOBE,Globe
031315,SPRINGERVILLE,Springerville
031317,PARKER,Parker
031318,PAYSON,Payson
031319,SAFFORD,Safford
032001,PHOENIX,Phoenix
032002,TUCSON,Tucson
032005,PHOENIX,Phoenix
032006,MESA,Mesa
033025,SCOTTSDALE,Scottsdale
033028,TUCSON,Tucson
033029,TUCSON,Tucson
033032,GLENDALE,Glendale
033034,YUMA,Yuma
033036,PRESCOTT VALLEY,Prescott Valley
033037,MESA,Mesa
033038,SCOTTSDALE,Scottsdale
033039,SURPRISE,Surprise
033040,CHANDLER,Chandler
033041,FLAGSTAFF,Flagstaff
033042,PEORIA,Peoria
033043,PHOENIX,Phoenix
033044,GILBERT,Gilbert
033045,PEORIA,Peoria
033046,AVONDALE,Avondale
033047,SCOTTSDALE,Scottsdale
033302,PHOENIX,Phoenix
034004,SCOTTSDALE,Scottsdale
034013,PHOENIX,Phoenix
034020,PHOENIX,Phoenix
034021,PHOENIX,Phoenix
034022,TUCSON,Tucson
034023,FLAGSTAFF,Flagstaff
034024,GLENDALE,Glendale
034025,PRESCOTT,Prescott
034026,PHOENIX,Phoenix
034027,LAKESIDE,Lakeside
034028,TEMPE,Tempe
034029,CHANDLER,Chandler
034030,TUCSON,Tucson
034031,PHOENIX,Phoenix
034032,AVONDALE,Avondale
034033,TUCSON,Tucson
034034,SURPRISE,Surprise
034035,SURPRISE,Surprise
034038,PHOENIX,Phoenix
034040,SCOTTSDALE,Scottsdale
034041,MESA,Mesa
040001,SILOAM SPRINGS,Siloam Springs
040002,CLARKSVILLE,Clarksville
040004,FAYETTEVILLE,Fayetteville
040007,LITTLE ROCK,Little Rock
040010,ROGERS,Rogers
040011,DANVILLE,Danville
040014,SEARCY,Searcy
040016,LITTLE ROCK,Little Rock
040017,HARRISON,Harrison
040018,VAN BUREN,Van Buren
040019,FORREST CITY,Forrest City
040020,JONESBORO,Jonesboro
040022,SPRINGDALE,Springdale
040026,HOT SPRINGS,Hot Springs
040027,MOUNTAIN HOME,Mountain Home
040029,CONWAY,Conway
040036,NORTH LITTLE ROCK,North Little Rock
040039,PARAGOULD,Paragould
040041,RUSSELLVILLE,Russellville
040050,CAMDEN,Camden
040051,MONTICELLO,Monticello
040055,FORT SMITH,Fort Smith
040062,FORT SMITH,Fort Smith
040069,BLYTHEVILLE,Blytheville
040071,PINE BLUFF,Pine Bluff
040076,MALVERN,Malvern
040078,HOT SPRINGS,Hot Springs
040084,BENTON,Benton
040088,EL DORADO,El Dorado
040114,LITTLE ROCK,Little Rock
040118,JONESBORO,Jonesboro
040119,BATESVILLE,Batesville
040134,LITTLE ROCK,Little Rock
040137,SHERWOOD,Sherwood
040147,NO LITTLE ROCK,North Little Rock
040154,CONWAY,Conway
040156,WEST MEMPHIS,West Memphis
040161,BRYANT,Bryant
040164,JACKSONVILLE,Jacksonville
040779,POCAHONTAS,Pocahontas
040780,EUREKA SPRINGS,Eureka Springs
040781,HELENA,Helena
040782,OSCEOLA,Osceola
040783,DE WITT,DeWitt
041300,PARIS,Paris
041302,DARDANELLE,Dardanelle
041303,OZARK,Ozark
041305,WALDRON,Waldron
041306,CALICO ROCK,Calico Rock
041307,WYNNE,Wynne
041308,MCGEHEE,McGehee
041309,WALNUT RIDGE,Walnut Ridge
041310,MOUNTAIN VIEW,Mountain View
041311,NASHVILLE,Nashville
041312,HEBER SPRINGS,Heber Springs
041313,CLINTON,Clinton
041317,FORDYCE,Fordyce
041318,BOONEVILLE,Booneville
041320,ASHDOWN,Ashdown
041321,ARKADELPHIA,Arkadelphia
041322,SALEM,Salem
041323,CROSSETT,Crossett
041324,MORRILTON,Morrilton
041326,DUMAS,Dumas
041327,WARREN,Warren
041328,LAKE VILLAGE,Lake Village
041329,BERRYVILLE,Berryville
041330,PIGGOTT,Piggott
041331,GRAVETTE,Gravette
041332,NEWPORT,Newport
041333,DE QUEEN,De Queen
041334,MENA,Mena
041335,HOPE,Hope
041336,MAGNOLIA,Magnolia
041337,STUTTGART,Stuttgart
042004,HOT SPRINGS,Hot Springs
042008,FORT SMITH,Fort Smith
042009,SPRINGDALE,Springdale
042010,LITTLE ROCK,Little Rock
042011,SEARCY,Searcy
042012,LITTLE ROCK,Little Rock
043026,LITTLE ROCK,Little Rock
043028,FORT SMITH,Fort Smith
043029,JONESBORO,Jonesboro
043031,SHERWOOD,Sherwood
043032,FAYETTEVILLE,Fayetteville
043033,CONWAY,Conway
043034,LAKE VILLAGE,Lake Village
043035,HOT SPRINGS,Hot Springs
043036,ROGERS,Rogers
043037,FORT SMITH,Fort Smith
043038,WHITE HALL,White Hall
043300,LITTLE ROCK,Little Rock
043301,SPRINGDALE,Springdale
044004,FAYETTEVILLE,Fayetteville
044005,NORTH LITTLE ROCK,North Little Rock
044006,BARLING,Barling
044007,BENTON,Benton
044011,LITTLE ROCK,Little Rock
044013,LITTLE ROCK,Little Rock
044017,MAUMELLE,Maumelle
044019,FAYETTEVILLE,Fayetteville
044020,TEXARKANA,Texarkana
044021,WEST MEMPHIS,West Memphis
044022,CONWAY,Conway
050002,HAYWARD,Hayward
050006,EUREKA,Eureka
050007,BURLINGAME,Burlingame
050008,SAN FRANCISCO,San Francisco
050009,NAPA,Napa
050013,SAINT HELENA,Saint Helena
050014,JACKSON,Jackson
050017,SACRAMENTO,Sacramento
050022,RIVERSIDE,Riverside
050024,NATIONAL CITY,National City
050025,SAN DIEGO,San Diego
050026,LA MESA,La Mesa
050028,ARCATA,Arcata
050030,OROVILLE,Oroville
050036,BAKERSFIELD,Bakersfield
050038,SAN JOSE,San Jose
050039,CHICO,Chico
050040,SYLMAR,Sylmar
050042,RED BLUFF,Red Bluff
050043,OAKLAND,Oakland
050045,EL CENTRO,El Centro
050047,SAN FRANCISCO,San Francisco
050054,BANNING,Banning
050055,SAN FRANCISCO,San Francisco
050056,LANCASTER,Lancaster
050057,VISALIA,Visalia
050058,GLENDALE,Glendale
050060,FRESNO,Fresno
050063,LOS ANGELES,Los Angeles
050067,OAKDALE,Oakdale
050069,ORANGE,Orange
050070,SOUTH SAN FRANCISCO,South San Francisco
050071,SANTA CLARA,Santa Clara
050072,WALNUT CREEK,Walnut Creek
050073,VALLEJO,Vallejo
050075,OAKLAND,Oakland
050076,SAN FRANCISCO,San Francisco
050077,SAN DIEGO,San Diego
050078,SAN PEDRO,San Pedro
050082,OXNARD,Oxnard
050084,STOCKTON,Stockton
050089,SAN BERNARDINO,San Bernardino
050090,SONOMA,Sonoma
050091,HUNTINGTON PARK,Huntington Park
050093,FRESNO,Fresno
050099,UPLAND,Upland
050100,SAN DIEGO,San Diego
050101,VALLEJO,Vallejo
050102,RIVERSIDE,Riverside
050103,LOS ANGELES,Los Angeles
050104,LYNWOOD,Lynwood
050107,SANTA MARIA,Santa Maria
050108,SACRAMENTO,Sacramento
050110,LOMPOC,Lompoc
050112,SANTA MONICA,Santa Monica
050113,SAN MATEO,San Mateo
050115,ESCONDIDO,Escondido
050116,NORTHRIDGE,Northridge
050118,MANTECA,Manteca
050121,HANFORD,Hanford
050122,STOCKTON,Stockton
050124,GLENDALE,Glendale
050125,SAN JOSE,San Jose
050126,VAN NUYS,Van Nuys
050127,WOODLAND,Woodland
050128,OCEANSIDE,Oceanside
050129,SAN BERNARDINO,San Bernardino
050131,NOVATO,Novato
050132,SAN GABRIEL,San Gabriel
050133,MARYSVILLE,Marysville
050135,HOLLYWOOD,Hollywood
050136,PETALUMA,Petaluma
050137,PANORAMA CITY,Panorama City
050138,LOS ANGELES,Los Angeles
050139,DOWNEY,Downey
050140,FONTANA,Fontana
050145,MONTEREY,Monterey
050146,DUARTE,Duarte
050149,LOS ANGELES,Los Angeles
050150,GRASS VALLEY,Grass Valley
050152,SAN FRANCISCO,San Francisco
050158,ENCINO,Encino
050159,VENTURA,Ventura
050167,FRENCH CAMP,French Camp
050168,FULLERTON,Fullerton
050169,WHITTIER,Whittier
050174,SANTA ROSA,Santa Rosa
050179,TURLOCK,Turlock
050180,WALNUT CREEK,Walnut Creek
050191,LONG BEACH,Long Beach
050192,REEDLEY,Reedley
050194,WATSONVILLE,Watsonville
050195,FREMONT,Fremont
050197,REDWOOD CITY,Redwood City
050204,PALMDALE,Palmdale
050211,ALAMEDA,Alameda
050222,CHULA VISTA,Chula Vista
050224,NEWPORT BEACH,Newport Beach
050226,ANAHEIM,Anaheim
050228,SAN FRANCISCO,San Francisco
050230,GARDEN GROVE,Garden Grove
050231,POMONA,Pomona
050232,SAN LUIS OBISPO,San Luis Obispo
050234,CORONADO,Coronado
050235,BURBANK,Burbank
050236,SIMI VALLEY,Simi Valley
050238,ARCADIA,Arcadia
050239,GLENDALE,Glendale
050242,SANTA CRUZ,Santa Cruz
050243,PALM SPRINGS,Palm Springs
050245,COLTON,Colton
050248,SALINAS,Salinas
050254,PLACERVILLE,Placerville
050257,BAKERSFIELD,Bakersfield
050261,PORTERVILLE,Porterville
050262,LOS ANGELES,Los Angeles
050272,REDLANDS,Redlands
050276,MARTINEZ,Martinez
050278,MISSION HILLS,Mission Hills
050279,JOSHUA TREE,Joshua Tree
050280,REDDING,Redding
050281,ALHAMBRA,Alhambra
050283,PLEASANTON,Pleasanton
050289,DALY CITY,Daly City
050290,SANTA MONICA,Santa Monica
050291,SANTA ROSA,Santa Rosa
050292,MORENO VALLEY,Moreno Valley
050295,BAKERSFIELD,Bakersfield
050298,BARSTOW,Barstow
050300,APPLE VALLEY,Apple Valley
050301,UKIAH,Ukiah
050305,BERKELEY,Berkeley
050308,MOUNTAIN VIEW,Mountain View
050309,ROSEVILLE,Roseville
050313,TRACY,Tracy
050315,BAKERSFIELD,Bakersfield
050320,OAKLAND,Oakland
050324,LA JOLLA,La Jolla
050327,LOMA LINDA,Loma Linda
050329,CORONA,Corona
050334,SALINAS,Salinas
050335,SONORA,Sonora
050336,LODI,Lodi
050342,BRAWLEY,Brawley
050348,ORANGE,Orange
050350,MONTEBELLO,Montebello
050351,TORRANCE,Torrance
050352,SOUTH LAKE TAHOE,South Lake Tahoe
050353,TORRANCE,Torrance
050357,SANTA BARBARA,Santa Barbara
050360,GREENBRAE,Greenbrae
050367,FAIRFIELD,Fairfield
050373,LOS ANGELES,Los Angeles
050376,TORRANCE,Torrance
050378,SUN VALLEY,Sun Valley
050380,SAN JOSE,San Jose
050382,COVINA,Covina
050390,HEMET,Hemet
050393,DOWNEY,Downey
050394,VENTURA,Ventura
050396,SANTA BARBARA,Santa Barbara
050407,SAN FRANCISCO,San Francisco
050411,HARBOR CITY,Harbor City
050414,FOLSOM,Folsom
050417,CRESCENT CITY,Crescent City
050424,LA JOLLA,La Jolla
050425,SACRAMENTO,Sacramento
050426,ANAHEIM,Anaheim
050438,PASADENA,Pasadena
050441,STANFORD,Stanford
050444,MERCED,Merced
050454,SAN FRANCISCO,San Francisco
050455,BAKERSFIELD,Bakersfield
050457,SAN FRANCISCO,San Francisco
050464,MODESTO,Modesto
050468,GARDENA,Gardena
050471,LOS ANGELES,Los Angeles
050481,WEST HILLS,West Hills
050485,LONG BEACH,Long Beach
050488,CASTRO VALLEY,Castro Valley
050492,CLOVIS,Clovis
050496,CONCORD,Concord
050498,AUBURN,Auburn
050503,ENCINITAS,Encinitas
050506,SAN LUIS OBISPO,San Luis Obispo
050510,SAN RAFAEL,San Rafael
050512,FREMONT,Fremont
050515,SAN DIEGO,San Diego
050516,CARMICHAEL,Carmichael
050517,VICTORVILLE,Victorville
050523,ANTIOCH,Antioch
050526,HUNTINGTON BEACH,Huntington Beach
050528,LOS BANOS,Los Banos
050534,INDIO,Indio
050537,DAVIS,Davis
050541,REDWOOD CITY,Redwood City
050543,COSTA MESA,Costa Mesa
050546,PORTERVILLE,Porterville
050549,THOUSAND OAKS,Thousand Oaks
050557,MODESTO,Modesto
050561,LOS ANGELES,Los Angeles
050567,MISSION VIEJO,Mission Viejo
050573,RANCHO MIRAGE,Rancho Mirage
050580,LA PALMA,La Palma
050581,LAKEWOOD,Lakewood
050586,CHINO,Chino
050588,SAN DIMAS,San Dimas
050590,SACRAMENTO,Sacramento
050597,GLENDORA,Glendora
050599,SACRAMENTO,Sacramento
050603,LAGUNA HILLS,Laguna Hills
050604,SAN JOSE,San Jose
050608,DELANO,Delano
050609,ANAHEIM,Anaheim
050616,CAMARILLO,Camarillo
050624,VALENCIA,Valencia
050625,LOS ANGELES,Los Angeles
050633,TEMPLETON,Templeton
050636,POWAY,Poway
050641,LOS ANGELES,Los Angeles
050660,LOS ANGELES,Los Angeles
050663,LOS ANGELES,Los Angeles
050668,SAN FRANCISCO,San Francisco
050674,SACRAMENTO,Sacramento
050677,WOODLAND HILLS,Woodland Hills
050678,FOUNTAIN VALLEY,Fountain Valley
050684,SUN CITY,Sun City
050686,RIVERSIDE,Riverside
050689,SAN RAMON,San Ramon
050690,SANTA ROSA,Santa Rosa
050696,LOS ANGELES,Los Angeles
050697,REDDING,Redding
050701,MURRIETA,Murrieta
050704,PANORAMA CITY,Panorama City
050708,FRESNO,Fresno
050709,VICTORVILLE,Victorville
050710,FRESNO,Fresno
050714,SANTA CRUZ,Santa Cruz
050717,DOWNEY,Downey
050723,BALDWIN PARK,Baldwin Park
050726,MODESTO,Modesto
050735,WHITTIER,Whittier
050736,MONTEREY PARK,Monterey Park
050737,MONTEREY PARK,Monterey Park
050738,SOUTH EL MONTE,South El Monte
050739,INGLEWOOD,Inglewood
050740,MARINA DEL REY,Marina del Rey
050742,LOS ANGELES,Los Angeles
050744,ANAHEIM,Anaheim
050745,ORANGE,Orange
050746,SANTA ANA,Santa Ana
050747,SANTA ANA,Santa Ana
050748,MANTECA,Manteca
050755,SHERMAN OAKS,Sherman Oaks
050758,MONTCLAIR,Montclair
050760,ANTIOCH,Antioch
050761,TARZANA,Tarzana
050763,LOS ANGELES,Los Angeles
050764,REDDING,Redding
050765,MORENO VALLEY,Moreno Valley
050766,YUBA CITY,Yuba City
050767,VACAVILLE,Vacaville
050769,IRVINE,Irvine
050770,MURRIETA,Murrieta
050771,NORWALK,Norwalk
050772,ROSEVILLE,Roseville
050775,TEMECULA,Temecula
050776,LONG BEACH,Long Beach
050777,SAN LEANDRO,San Leandro
050778,LOMA LINDA,Loma Linda
050779,LOS ANGELES,Los Angeles
050780,TUSTIN,Tustin
050782,POMONA,Pomona
050783,COLUSA,Colusa
050784,TULARE,Tulare
050854,ANAHEIM,Anaheim
050855,SAN MARCOS,San Marcos
050856,MADERA,Madera
051300,PORTOLA,Portola
051301,TEHACHAPI,Tehachapi
051302,LONE PINE,Lone Pine
051303,MAMMOTH LAKES,Mammoth Lakes
051304,MARIPOSA,Mariposa
051305,FALL RIVER MILLS,Fall River Mills
051306,WILLOWS,Willows
051307,AVALON,Avalon
051308,CEDARVILLE,Cedarville
051309,GARBERVILLE,Garberville
051310,WILLITS,Willits
051311,GRIDLEY,Gridley
051312,LAKE ARROWHEAD,Lake Arrowhead
051314,LAKE ISABELLA,Lake Isabella
051315,WEAVERVILLE,Weaverville
051316,YREKA,Yreka
051317,CLEARLAKE,Clearlake
051318,FORTUNA,Fortuna
051319,MOUNT SHASTA,Mount Shasta
051320,SUSANVILLE,Susanville
051321,HEALDSBURG,Healdsburg
051323,NEEDLES,Needles
051324,BISHOP,Bishop
051325,FORT BRAGG,Fort Bragg
051326,QUINCY,Quincy
051327,CHESTER,Chester
051328,TRUCKEE,Truckee
051329,LAKEPORT,Lakeport
051330,ALTURAS,Alturas
051331,SOLVANG,Solvang
051332,SAN ANDREAS,San Andreas
051333,RIDGECREST,Ridgecrest
051334,OJAI,Ojai
051335,BIG BEAR LAKE,Big Bear Lake
051336,KING CITY,King City
051337,HOLLISTER,Hollister
051338,COALINGA,Coalinga
051339,BLYTHE,Blythe
052031,LOS ANGELES,Los Angeles
052032,LOS ANGELES,Los Angeles
052033,FOLSOM,Folsom
052034,SAN LEANDRO,San Leandro
052035,WESTMINSTER,Westminster
052036,SAN DIEGO,San Diego
052037,ONTARIO,Ontario
052038,LA MIRADA,La Mirada
052039,BREA,Brea
052043,KENTFIELD,Kentfield
052044,SAN DIEGO,San Diego
052045,BALDWIN PARK,Baldwin Park
052046,PARAMOUNT,Paramount
052047,REDDING,Redding
052049,RANCHO CUCAMONGA,Rancho Cucamonga
052050,GARDENA,Gardena
052052,PERRIS,Perris
052054,MONROVIA,Monrovia
052055,MODESTO,Modesto
052057,SEBASTOPOL,Sebastopol
053031,BAKERSFIELD,Bakersfield
053032,FRESNO,Fresno
053034,TUSTIN,Tustin
053037,SAN BERNARDINO,San Bernardino
053038,LOMA LINDA,Loma Linda
053039,LOS ANGELES,Los Angeles
053040,MODESTO,Modesto
053041,RANCHO MIRAGE,Rancho Mirage
053042,MURRIETA,Murrieta
053043,ESCONDIDO,Escondido
053044,BAKERSFIELD,Bakersfield
053045,SACRAMENTO,Sacramento
053046,SACRAMENTO,Sacramento
053047,STOCKTON,Stockton
053300,MADERA,Madera
053301,OAKLAND,Oakland
053302,LOS ANGELES,Los Angeles
053303,SAN DIEGO,San Diego
053304,ORANGE,Orange
053305,PALO ALTO,Palo Alto
053306,MISSION VIEJO,Mission Viejo
053308,ORANGE,Orange
053309,LONG BEACH,Long Beach
053311,SACRAMENTO,Sacramento
054009,LOS ANGELES,Los Angeles
054028,LOS ANGELES,Los Angeles
054032,ROSEMEAD,Rosemead
054053,TORRANCE,Torrance
054055,CERRITOS,Cerritos
054069,COVINA,Covina
054074,VALLEJO,Vallejo
054075,LA MESA,La Mesa
054077,VENTURA,Ventura
054078,PASADENA,Pasadena
054083,LOS ANGELES,Los Angeles
054087,SACRAMENTO,Sacramento
054089,SAN FRANCISCO,San Francisco
054095,SAN DIEGO,San Diego
054096,SACRAMENTO,Sacramento
054104,SACRAMENTO,Sacramento
054110,FREMONT,Fremont
054111,CHINO,Chino
054114,SAN DIEGO,San Diego
054122,NAPA,Napa
054123,STOCKTON,Stockton
054124,EUREKA,Eureka
054125,SANTA BARBARA,Santa Barbara
054130,RIVERSIDE,Riverside
054131,CONCORD,Concord
054133,NORWALK,Norwalk
054144,SAN FRANCISCO,San Francisco
054145,SAN DIEGO,San Diego
054146,OAKLAND,Oakland
054147,RESEDA,Reseda
054148,TARZANA,Tarzana
054149,SAN LEANDRO,San Leandro
054150,SANTA CLARA,Santa Clara
054151,SANTA ROSA,Santa Rosa
054152,SANTA CRUZ,Santa Cruz
054153,LONG BEACH,Long Beach
054154,SAN JOSE,San Jose
054155,BAKERSFIELD,Bakersfield
054157,GLENDORA,Glendora
054158,ALISO VIEJO,Aliso Viejo
054159,NORTH SACRAMENTO,North Sacramento
054160,MADERA,Madera
060001,GREELEY,Greeley
060003,LONGMONT,Longmont
060004,BRIGHTON,Brighton
060006,MONTROSE,Montrose
060008,ALAMOSA,Alamosa
060009,GOLDEN,Golden
060010,FORT COLLINS,Fort Collins
060011,DENVER,Denver
060012,PUEBLO,Pueblo
060013,DURANGO,Durango
060014,DENVER,Denver
060015,LAKEWOOD,Lakewood
060020,PUEBLO,Pueblo
060022,COLORADO SPRINGS,Colorado Springs
060023,GRAND JUNCTION,Grand Junction
060024,AURORA,Aurora
060027,BOULDER,Boulder
060028,DENVER,Denver
060031,COLORADO SPRINGS,Colorado Springs
060032,DENVER,Denver
060034,ENGLEWOOD,Englewood
060044,FORT MORGAN,Fort Morgan
060049,STEAMBOAT SPRINGS,Steamboat Springs
060054,GRAND JUNCTION,Grand Junction
060064,DENVER,Denver
060065,THORNTON,Thornton
060071,DELTA,Delta
060075,GLENWOOD SPRINGS,Glenwood Springs
060076,STERLING,Sterling
060096,VAIL,Vail
060100,AURORA,Aurora
060103,LOUISVILLE,Louisville
060104,WESTMINSTER,Westminster
060107,DENVER,Denver
060112,LONE TREE,Lone Tree
060113,LITTLETON,Littleton
060114,PARKER,Parker
060115,PUEBLO,Pueblo
060116,LAFAYETTE,Lafayette
060117,DURANGO,Durango
060118,FRISCO,Frisco
060119,LOVELAND,Loveland
060124,LAKEWOOD,Lakewood
060125,CASTLE ROCK,Castle Rock
060126,FORT COLLINS,Fort Collins
060128,LONGMONT,Longmont
060129,BROOMFIELD,Broomfield
060130,COLORADO SPRINGS,Colorado Springs
060131,GREELEY,Greeley
060132,HIGHLANDS RANCH,Highlands Ranch
060133,COLORADO SPRINGS,Colorado Springs
061300,EADS,Eads
061301,DEL NORTE,Del Norte
061302,FRUITA,Fruita
061303,BRUSH,Brush
061304,HAXTUN,Haxtun
061305,HOLYOKE,Holyoke
061306,HUGO,Hugo
061307,RANGELY,Rangely
061308,LA JARA,La Jara
061309,WRAY,Wray
061310,JULESBURG,Julesburg
061311,SPRINGFIELD,Springfield
061312,ESTES PARK,Estes Park
061313,BURLINGTON,Burlington
061314,CRAIG,Craig
061315,YUMA,Yuma
061316,WALSENBURG,Walsenburg
061317,RIFLE,Rifle
061318,KREMMLING,Kremmling
061319,LEADVILLE,Leadville
061320,GUNNISON,Gunnison
061321,TRINIDAD,Trinidad
061322,SALIDA,Salida
061323,LAMAR,Lamar
061324,ASPEN,Aspen
061325,MEEKER,Meeker
061326,WOODLAND PARK,Woodland Park
061327,CORTEZ,Cortez
061328,PAGOSA SPRINGS,Pagosa Springs
061336,LA JUNTA,La Junta
061343,CHEYENNE WELLS,Cheyenne Wells
061344,CANON CITY,Canon City
062009,DENVER,Denver
062011,ENGLEWOOD,Englewood
062012,DENVER,Denver
062013,AURORA,Aurora
062014,THORNTON,Thornton
062017,JOHNSTOWN,Johnstown
063027,AURORA,Aurora
063030,COLORADO SPRINGS,Colorado Springs
063033,JOHNSTOWN,Johnstown
063034,LITTLETON,Littleton
063035,THORNTON,Thornton
063036,DENVER,Denver
063037,WESTMINSTER,Westminster
063038,ENGLEWOOD,Englewood
063039,GREELEY,Greeley
063301,AURORA,Aurora
063303,COLORADO SPRINGS,Colorado Springs
064001,PUEBLO,Pueblo
064003,DENVER,Denver
064007,LOUISVILLE,Louisville
064009,COLORADO SPRINGS,Colorado Springs
064024,HIGHLANDS RANCH,Highlands Ranch
064026,COLORADO SPRINGS,Colorado Springs
064028,ENGLEWOOD,Englewood
064030,WESTMINSTER,Westminster
070002,HARTFORD,Hartford
070003,PUTNAM,Putnam
070004,SHARON,Sharon
070005,WATERBURY,Waterbury
070006,STAMFORD,Stamford
070007,NEW LONDON,New London
070008,STAFFORD SPRINGS,Stafford Springs
070010,BRIDGEPORT,Bridgeport
070011,TORRINGTON,Torrington
070016,WATERBURY,Waterbury
070017,MERIDEN,Meriden
070018,GREENWICH,Greenwich
070020,MIDDLETOWN,Middletown
070021,WILLIMANTIC,Willimantic
070022,NEW HAVEN,New Haven
070024,NORWICH,Norwich
070025,HARTFORD,Hartford
070027,MANCHESTER,Manchester
070028,BRIDGEPORT,Bridgeport
070029,BRISTOL,Bristol
070031,DERBY,Derby
070033,DANBURY,Danbury
070034,NORWALK,Norwalk
070035,NEW BRITAIN,New Britain
070036,FARMINGTON,Farmington
070038,BRANFORD,Branford
072003,WALLINGFORD,Wallingford
072004,NEW BRITAIN,New Britain
073025,HARTFORD,Hartford
073027,DANBURY,Danbury
073300,HARTFORD,Hartford
074003,MIDDLETOWN,Middletown
074008,MANSFIELD CENTER,Mansfield Center
074011,NEW HAVEN,New Haven
074012,BRIDGEPORT,Bridgeport
074014,NEW CANAAN,New Canaan
074015,MIDDLETOWN,Middletown
074016,WALLINGFORD,Wallingford
074017,WEST HARTFORD,West Hartford
080001,NEWARK,Newark
080003,WILMINGTON,Wilmington
080004,DOVER,Dover
080006,SEAFORD,Seaford
080007,LEWES,Lewes
080009,MILFORD,Milford
082000,WILMINGTON,Wilmington
083026,MIDDLETOWN,Middletown
083027,DOVER,Dover
083028,GEORGETOWN,Georgetown
083300,WILMINGTON,Wilmington
084001,NEW CASTLE,New Castle
084002,NEWARK,Newark
084003,NEW CASTLE,New Castle
084004,DOVER,Dover
084005,GEORGETOWN,Georgetown
090001,WASHINGTON,Washington
090003,WASHINGTON,Washington
090004,WASHINGTON,Washington
090005,WASHINGTON,Washington
090011,WASHINGTON,Washington
090012,WASHINGTON,Washington
092002,WASHINGTON,Washington
092003,WASHINGTON,Washington
093025,WASHINGTON,Washington
093300,WASHINGTON,Washington
094001,WASHINGTON,Washington
094004,WASHINGTON,Washington
100001,JACKSONVILLE,Jacksonville
100002,BOYNTON BEACH,Boynton Beach
100006,ORLANDO,Orlando
100007,ORLANDO,Orlando
100008,MIAMI,Miami
100012,FORT MYERS,Fort Myers
100014,NEW SMYRNA BEACH,New Smyrna Beach
100017,DAYTONA BEACH,Daytona Beach
100018,NAPLES,Naples
100019,MELBOURNE,Melbourne
100022,MIAMI,Miami
100023,INVERNESS,Inverness
100025,PENSACOLA,Pensacola
100026,PANAMA CITY,Panama City
100028,TITUSVILLE,Titusville
100029,MIAMI,Miami
100030,OCOEE,Ocoee
100032,SAINT PETERSBURG,Saint Petersburg
100034,MIAMI BEACH,Miami Beach
100035,BRADENTON,Bradenton
100038,HOLLYWOOD,Hollywood
100039,FORT LAUDERDALE,Fort Lauderdale
100040,JACKSONVILLE,Jacksonville
100043,DUNEDIN,Dunedin
100044,STUART,Stuart
100045,DELAND,Deland
100046,ZEPHYRHILLS,Zephyrhills
100049,SEBRING,Sebring
100050,HIALEAH,Hialeah
100051,CLERMONT,Clermont
100052,WINTER HAVEN,Winter Haven
100053,HIALEAH,Hialeah
100054,NICEVILLE,Niceville
100055,TARPON SPRINGS,Tarpon Springs
100057,TAVARES,Tavares
100062,OCALA,Ocala
100063,NEW PORT RICHEY,New Port Richey
100067,SAINT PETERSBURG,Saint Petersburg
100068,DAYTONA BEACH,Daytona Beach
100069,TAMPA,Tampa
100071,BROOKSVILLE,Brooksville
100072,ORANGE CITY,Orange City
100073,FORT LAUDERDALE,Fort Lauderdale
100075,TAMPA,Tampa
100077,PORT CHARLOTTE,Port Charlotte
100079,MIAMI,Miami
100080,ATLANTIS,Atlantis
100084,LEESBURG,Leesburg
100086,POMPANO BEACH,Pompano Beach
100087,SARASOTA,Sarasota
100088,JACKSONVILLE,Jacksonville
100090,SAINT AUGUSTINE,Saint Augustine
100093,PENSACOLA,Pensacola
100099,LAKE WALES,Lake Wales
100105,VERO BEACH,Vero Beach
100107,LEHIGH ACRES,Lehigh Acres
100109,SEBRING,Sebring
100110,KISSIMMEE,Kissimmee
100113,GAINESVILLE,Gainesville
100117,JACKSONVILLE BEACH,Jacksonville Beach
100118,PALM COAST,Palm Coast
100121,BARTOW,Bartow
100122,CRESTVIEW,Crestview
100124,MILTON,Milton
100125,HOMESTEAD,Homestead
100127,CLEARWATER,Clearwater
100128,TAMPA,Tampa
100130,BELLE GLADE,Belle Glade
100131,AVENTURA,Aventura
100132,PLANT CITY,Plant City
100134,MACCLENNY,Macclenny
100135,TALLAHASSEE,Tallahassee
100137,DAVENPORT,Davenport
100140,FERNANDINA BEACH,Fernandina Beach
100142,MARIANNA,Marianna
100150,KEY WEST,Key West
100151,JACKSONVILLE,Jacksonville
100154,SOUTH MIAMI,South Miami
100156,LAKE CITY,Lake City
100157,LAKELAND,Lakeland
100161,SANFORD,Sanford
100166,SARASOTA,Sarasota
100167,MIAMI,Miami
100168,BOCA RATON,Boca Raton
100173,TAMPA,Tampa
100175,ARCADIA,Arcadia
100176,PALM BEACH GARDENS,Palm Beach Gardens
100177,COCOA BEACH,Cocoa Beach
100179,JACKSONVILLE,Jacksonville
100180,SAINT PETERSBURG,Saint Petersburg
100181,SOUTH MIAMI,South Miami
100183,CORAL GABLES,Coral Gables
100187,HIALEAH,Hialeah
100189,MARGATE,Margate
100191,TRINITY,Trinity
100200,FORT LAUDERDALE,Fort Lauderdale
100204,GAINESVILLE,Gainesville
100206,TAMPA,Tampa
100209,MIAMI,Miami
100211,DADE CITY,Dade City
100212,OCALA,Ocala
100213,BRADENTON,Bradenton
100217,SEBASTIAN,Sebastian
100220,FORT MYERS,Fort Myers
100223,FORT WALTON BEACH,Fort Walton Beach
100224,TAMARAC,Tamarac
100226,ORANGE PARK,Orange Park
100228,PLANTATION,Plantation
100230,PEMBROKE PINES,Pembroke Pines
100231,PENSACOLA,Pensacola
100232,PALATKA,Palatka
100236,PORT CHARLOTTE,Port Charlotte
100238,SAINT PETERSBURG,Saint Petersburg
100242,PANAMA CITY,Panama City
100243,BRANDON,Brandon
100244,CAPE CORAL,Cape Coral
100246,FORT PIERCE,Fort Pierce
100248,LARGO,Largo
100249,CRYSTAL RIVER,Crystal River
100252,OKEECHOBEE,Okeechobee
100253,JUPITER,Jupiter
100254,TALLAHASSEE,Tallahassee
100256,HUDSON,Hudson
100258,DELRAY BEACH,Delray Beach
100259,SUN CITY CENTER,Sun City Center
100260,PORT SAINT LUCIE,Port Saint Lucie
100264,BROOKSVILLE,Brooksville
100265,SAFETY HARBOR,Safety Harbor
100266,GULF BREEZE,Gulf Breeze
100267,ENGLEWOOD,Englewood
100268,BOCA RATON,Boca Raton
100269,LOXAHATCHEE,Loxahatchee
100271,TAMPA,Tampa
100275,WELLINGTON,Wellington
100276,CORAL SPRINGS,Coral Springs
100277,MIAMI,Miami
100281,PEMBROKE PINES,Pembroke Pines
100284,MIAMI,Miami
100285,MIRAMAR,Miramar
100286,NAPLES,Naples
100287,WEST PALM BEACH,West Palm Beach
100288,WEST PALM BEACH,West Palm Beach
100289,WESTON,Weston
100290,THE VILLAGES,The Villages
100291,MELBOURNE,Melbourne
100292,MIRAMAR BEACH,Miramar Beach
100296,CORAL GABLES,Coral Gables
100298,CHATTAHOOCHEE,Chattahoochee
100299,BRADENTON,Bradenton
100302,SAINT CLOUD,Saint Cloud
100307,JACKSONVILLE,Jacksonville
100313,PORT SAINT JOE,Port St. Joe
100314,MIAMI,Miami
100315,MELBOURNE,Melbourne
100316,PALM BAY,Palm Bay
100319,WESLEY CHAPEL,Wesley Chapel
100320,KISSIMMEE,Kissimmee
100321,MIDDLEBURG,Middleburg
100329,OVIEDO,Oviedo
100330,DELTONA,Deltona
100350,ORLANDO,Orlando
100359,NORTH VENICE,North Venice
100360,DAVIE,Davie
100361,ST JOHNS,St. Johns
100362,WESLEY CHAPEL,Wesley Chapel
100363,PALM COAST,Palm Coast
100364,RIVERVIEW,Riverview
100365,DEFUNIAK SPRINGS,Defuniak Springs
101300,WAUCHULA,Wauchula
101303,LAKE BUTLER,Lake Butler
101304,BLOUNTSTOWN,Blountstown
101305,APALACHICOLA,Apalachicola
101307,BONIFAY,Bonifay
101308,CHIPLEY,Chipley
101309,CLEWISTON,Clewiston
101311,MADISON,Madison
101312,MARATHON,Marathon
101313,TAVERNIER,Tavernier
101314,PERRY,Perry
101315,JAY,Jay
102001,MIAMI,Miami
102003,ORLANDO,Orlando
102009,TAMPA,Tampa
102010,FORT LAUDERDALE,Fort Lauderdale
102012,JACKSONVILLE,Jacksonville
102013,TAMPA,Tampa
102015,GREEN COVE SPRINGS,Green Cove Springs
102017,PANAMA CITY,Panama City
102018,SARASOTA,Sarasota
102019,OCALA,Ocala
102020,TALLAHASSEE,Tallahassee
102021,DUNEDIN,Dunedin
102022,GAINESVILLE,Gainesville
102023,LAKE WORTH,Lake Worth
102024,PENSACOLA,Pensacola
102025,RIVIERA BEACH,Riviera Beach
102026,LAND O LAKES,Land O' Lakes
102027,MELBOURNE,Melbourne
102028,OXFORD,Oxford
102029,FORT MYERS,Fort Myers
102030,DAYTONA BEACH,Daytona Beach
102031,MIAMI LAKES,Miami Lakes
103026,NORTH MIAMI,North Miami
103027,LAUDERDALE LAKES,Lauderdale Lakes
103028,SUNRISE,Sunrise
103031,SARASOTA,Sarasota
103032,VERO BEACH,Vero Beach
103033,TALLAHASSEE,Tallahassee
103034,MELBOURNE,Melbourne
103036,MIAMI,Miami
103037,LARGO,Largo
103038,MIAMI,Miami
103039,JACKSONVILLE,Jacksonville
103040,PANAMA CITY,Panama City
103042,BROOKSVILLE,Brooksville
103043,OCALA,Ocala
103044,STUART,Stuart
103045,ALTAMONTE SPRINGS,Altamonte Springs
103046,GAINESVILLE,Gainesville
103047,LUTZ,Lutz
103048,PENSACOLA,Pensacola
103049,SAINT AUGUSTINE,Saint Augustine
103050,LAKELAND,Lakeland
103051,TAMPA,Tampa
103052,JACKSONVILLE,Jacksonville
103053,CAPE CORAL,Cape Coral
103054,NAPLES,Naples
103055,CLERMONT,Clermont
103056,TAVARES,Tavares
103057,JUPITER,Jupiter
103061,LECANTO,Lecanto
103062,NOKOMIS,Nokomis
103063,JACKSONVILLE,Jacksonville
103064,KISSIMMEE,Kissimmee
103065,ALTAMONTE SPRINGS,Altamonte Springs
103066,JACKSONVILLE,Jacksonville
103067,JACKSONVILLE,Jacksonville
103068,TEMPLE TERRACE,Temple Terrace
103069,FORT MYERS,Fort Myers
103070,DAYTONA BEACH,Daytona Beach
103071,LAKE CITY,Lake City
103072,LAKE WORTH,Lake Worth
103073,SAINT PETERSBURG,Saint Petersburg
103074,WILDWOOD,Wildwood
103075,AUBURNDALE,Auburndale
103300,SAINT PETERSBURG,Saint Petersburg
103301,MIAMI,Miami
103304,ORLANDO,Orlando
104000,CHATTAHOOCHEE,Chattahoochee
104001,PEMBROKE PINES,Pembroke Pines
104007,MACCLENNY,Macclenny
104016,JACKSONVILLE,Jacksonville
104017,CLEARWATER,Clearwater
104018,LEESBURG,Leesburg
104024,MELBOURNE,Melbourne
104026,OAKLAND PARK,Oakland Park
104040,BRADENTON,Bradenton
104049,HIALEAH,Hialeah
104057,BROOKSVILLE,Brooksville
104059,TALLAHASSEE,Tallahassee
104063,NAPLES,Naples
104067,ORLANDO,Orlando
104069,JACKSONVILLE,Jacksonville
104070,PORT SAINT LUCIE,Port Saint Lucie
104071,OCALA,Ocala
104072,ORLANDO,Orlando
104073,PANAMA CITY,Panama City
104074,FORT MYERS,Fort Myers
104075,WESLEY CHAPEL,Wesley Chapel
104076,ORLANDO,Orlando
104079,HOLLYWOOD,Hollywood
104080,STUART,Stuart
104081,SAINT CLOUD,Saint Cloud
104082,TITUSVILLE,Titusville
104084,MANGONIA PARK,Mangonia Park
104085,BOYNTON BEACH,Boynton Beach
104087,NORTH PORT,North Port
110001,DALTON,Dalton
110002,THOMASTON,Thomaston
110003,WAYCROSS,Waycross
110005,CUMMING,Cumming
110006,ATHENS,Athens
110007,ALBANY,Albany
110008,CANTON,Canton
110010,ATLANTA,Atlanta
110011,CARROLLTON,Carrollton
110015,VILLA RICA,Villa Rica
110016,LAGRANGE,LaGrange
110018,COVINGTON,Covington
110023,CALHOUN,Calhoun
110024,SAVANNAH,Savannah
110025,BRUNSWICK,Brunswick
110027,LAVONIA,Lavonia
110028,AUGUSTA,Augusta
110029,GAINESVILLE,Gainesville
110030,CARTERSVILLE,Cartersville
110031,GRIFFIN,Griffin
110032,TOCCOA,Toccoa
110034,AUGUSTA,Augusta
110035,MARIETTA,Marietta
110036,SAVANNAH,Savannah
110038,THOMASVILLE,Thomasville
110041,DEMOREST,Demorest
110042,HIRAM,Hiram
110043,SAVANNAH,Savannah
110044,AMERICUS,Americus
110045,WINDER,Winder
110046,MONROE,Monroe
110050,CHATSWORTH,Chatsworth
110051,BLAIRSVILLE,Blairsville
110054,ROME,Rome
110064,COLUMBUS,Columbus
110069,WARNER ROBINS,Warner Robins
110071,BAXLEY,Baxley
110074,ATHENS,Athens
110075,STATESBORO,Statesboro
110076,DECATUR,Decatur
110078,ATLANTA,Atlanta
110079,ATLANTA,Atlanta
110082,ATLANTA,Atlanta
110083,ATLANTA,Atlanta
110086,SANDERSVILLE,Sandersville
110087,LAWRENCEVILLE,Lawrenceville
110089,DOUGLAS,Douglas
110091,CONYERS,Conyers
110092,EASTMAN,Eastman
110095,TIFTON,Tifton
110100,LOUISVILLE,Louisville
110101,ADEL,Adel
110104,CORDELE,Cordele
110105,MOULTRIE,Moultrie
110107,MACON,Macon
110109,SWAINSBORO,Swainsboro
110111,THOMSON,Thomson
110113,WAYNESBORO,Waynesboro
110121,CAIRO,Cairo
110122,VALDOSTA,Valdosta
110124,JESUP,Jesup
110125,DUBLIN,Dublin
110128,VIDALIA,Vidalia
110129,COLUMBUS,Columbus
110132,BAINBRIDGE,Bainbridge
110142,CLAXTON,Claxton
110143,AUSTELL,Austell
110146,SAINT MARYS,Saint Marys
110150,MILLEDGEVILLE,Milledgeville
110153,PERRY,Perry
110161,ATLANTA,Atlanta
110164,MACON,Macon
110165,RIVERDALE,Riverdale
110168,ROME,Rome
110177,AUGUSTA,Augusta
110184,DOUGLASVILLE,Douglasville
110187,DAHLONEGA,Dahlonega
110190,MONTEZUMA,Montezuma
110191,STOCKBRIDGE,Stockbridge
110192,SNELLVILLE,Snellville
110194,DONALSONVILLE,Donalsonville
110198,ROSWELL,Roswell
110200,COLUMBUS,Columbus
110201,MACON,Macon
110209,MOULTRIE,Moultrie
110215,FAYETTEVILLE,Fayetteville
110225,JASPER,Jasper
110226,LITHONIA,Lithonia
110229,NEWNAN,Newnan
110230,JOHNS CREEK,Johns Creek
110233,NEWNAN,Newnan
110234,NASHVILLE,Nashville
110236,RINGGOLD,Ringgold
110237,DAHLONEGA,Dahlonega
110252,DULUTH,Duluth
110256,HAWKINSVILLE,Hawkinsville
110779,OCILLA,Ocilla
111302,COCHRAN,Cochran
111303,MONTICELLO,Monticello
111304,MADISON,Madison
111305,COLQUITT,Colquitt
111306,SPRINGFIELD,Springfield
111308,HOMERVILLE,Homerville
111310,BYRON,Byron
111311,MILLEN,Millen
111312,SYLVANIA,Sylvania
111313,EATONTON,Eatonton
111314,BLAKELY,Blakely
111316,WARM SPRINGS,Warm Springs
111318,FORSYTH,Forsyth
111319,JACKSON,Jackson
111320,BREMEN,Bremen
111323,REIDSVILLE,Reidsville
111324,HIAWASSEE,Hiawassee
111325,WASHINGTON,Washington
111326,LAKELAND,Lakeland
111327,ALMA,Alma
111328,SYLVESTER,Sylvester
111329,GREENSBORO,Greensboro
111330,CEDARTOWN,Cedartown
111331,CAMILLA,Camilla
111332,QUITMAN,Quitman
111333,HAZLEHURST,Hazlehurst
111334,METTER,Metter
111335,HINESVILLE,Hinesville
111336,CLAYTON,Clayton
111337,ELBERTON,Elberton
111338,BLUE RIDGE,Blue Ridge
111339,FITZGERALD,Fitzgerald
112000,WARM SPRINGS,Warm Springs
112003,ATLANTA,Atlanta
112004,ATLANTA,Atlanta
112006,DECATUR,Decatur
112007,MARIETTA,Marietta
112011,SAVANNAH,Savannah
112012,COLUMBUS,Columbus
112013,AUGUSTA,Augusta
112016,MACON,Macon
112017,ATHENS,Athens
112019,ALBANY,Albany
113028,WARM SPRINGS,Warm Springs
113029,MACON,Macon
113030,AUGUSTA,Augusta
113031,ATLANTA,Atlanta
113032,NEWNAN,Newnan
113033,SAVANNAH,Savannah
113034,CUMMING,Cumming
113035,MCDONOUGH,McDonough
113036,COLUMBUS,Columbus
113037,ATLANTA,Atlanta
113038,ATHENS,Athens
113039,GAINESVILLE,Gainesville
113300,ATLANTA,Atlanta
113301,ATLANTA,Atlanta
114004,LAWRENCEVILLE,Lawrenceville
114008,SAVANNAH,Savannah
114010,ATLANTA,Atlanta
114012,SMYRNA,Smyrna
114013,COLUMBUS,Columbus
114016,SAINT SIMONS ISLAND,Saint Simons Island
114019,DECATUR,Decatur
114028,SAVANNAH,Savannah
114029,AUGUSTA,Augusta
114032,COLLEGE PARK,College Park
114035,RIVERDALE,Riverdale
114036,VALDOSTA,Valdosta
114037,MONROE,Monroe
120001,HONOLULU,Honolulu
120002,WAILUKU,Wailuku
120005,HILO,Hilo
120006,KAILUA,Kailua
120007,HONOLULU,Honolulu
120011,HONOLULU,Honolulu
120014,LIHUE,Lihue
120019,KEALAKEKUA,Kealakekua
120022,HONOLULU,Honolulu
120026,AIEA,Aiea
120028,KAMUELA,Kamuela
121300,WAIMEA,Waimea
121301,PAHALA,Pahala
121302,KAPAAU,Kapaau
121303,KAUNAKAKAI,Kaunakakai
121304,KAHUKU,Kahuku
121305,LANAI CITY,Lanai City
121306,KAPAA,Kapaa
121307,HONOKAA,Honokaa
121308,KULA,Kula
122001,HONOLULU,Honolulu
123025,HONOLULU,Honolulu
123300,HONOLULU,Honolulu
123301,HONOLULU,Honolulu
130002,TWIN FALLS,Twin Falls
130003,LEWISTON,Lewiston
130006,BOISE,Boise
130007,BOISE,Boise
130013,NAMPA,Nampa
130014,CALDWELL,Caldwell
130018,IDAHO FALLS,Idaho Falls
130025,REXBURG,Rexburg
130028,POCATELLO,Pocatello
130049,COEUR D'ALENE,Coeur d'Alene
130063,BOISE,Boise
130065,IDAHO FALLS,Idaho Falls
130066,POST FALLS,Post Falls
130071,NAMPA,Nampa
130073,BLACKFOOT,Blackfoot
130074,IDAHO FALLS,Idaho Falls
130779,CASCADE,Cascade
131301,BONNERS FERRY,Bonners Ferry
131302,GOODING,Gooding
131303,MALAD,Malad
131304,AMERICAN FALLS,American Falls
131305,SALMON,Salmon
131307,WEISER,Weiser
131309,SODA SPRINGS,Soda Springs
131310,JEROME,Jerome
131311,MOUNTAIN HOME,Mountain Home
131312,MCCALL,McCall
131313,DRIGGS,Driggs
131314,KELLOGG,Kellogg
131315,GRANGEVILLE,Grangeville
131316,MONTPELIER,Montpelier
131317,ST MARIES,St. Maries
131318,EMMETT,Emmett
131319,RUPERT,Rupert
131320,OROFINO,Orofino
131321,COTTONWOOD,Cottonwood
131322,PRESTON,Preston
131323,KETCHUM,Ketchum
131324,ARCO,Arco
131325,BLACKFOOT,Blackfoot
131326,BURLEY,Burley
131327,MOSCOW,Moscow
131328,SANDPOINT,Sandpoint
132001,POST FALLS,Post Falls
132002,BOISE,Boise
133027,POST FALLS,Post Falls
133028,BOISE,Boise
134002,BOISE,Boise
134009,BOISE,Boise
134010,BLACKFOOT,Blackfoot
134017,MERIDIAN,Meridian
134018,NAMPA,Nampa
134019,OROFINO,Orofino
140002,ALTON,Alton
140007,JOLIET,Joliet
140008,MELROSE PARK,Melrose Park
140010,EVANSTON,Evanston
140011,HERRIN,Herrin
140012,DIXON,Dixon
140013,PEORIA,Peoria
140015,QUINCY,Quincy
140018,CHICAGO,Chicago
140029,AURORA,Aurora
140030,ELGIN,Elgin
140032,EFFINGHAM,Effingham
140034,CENTRALIA,Centralia
140043,STERLING,Sterling
140046,MOUNT VERNON,Mount Vernon
140048,CHICAGO,Chicago
140049,OAK PARK,Oak Park
140052,ALTON,Alton
140053,SPRINGFIELD,Springfield
140054,BERWYN,Berwyn
140059,JERSEYVILLE,Jerseyville
140062,PALOS HEIGHTS,Palos Heights
140063,OAK PARK,Oak Park
140064,GALESBURG,Galesburg
140065,LA GRANGE,La Grange
140067,PEORIA,Peoria
140068,CHICAGO,Chicago
140077,CENTREVILLE,Centreville
140080,EVANSTON,Evanston
140083,CHICAGO,Chicago
140084,WAUKEGAN,Waukegan
140088,CHICAGO,Chicago
140089,MACOMB,Macomb
140091,URBANA,Urbana
140093,DANVILLE,Danville
140095,CHICAGO,Chicago
140100,ZION,Zion
140101,MORRIS,Morris
140103,CHICAGO,Chicago
140110,PERU,Peru
140113,URBANA,Urbana
140114,CHICAGO,Chicago
140115,CHICAGO,Chicago
140116,MCHENRY,McHenry
140117,CHICAGO,Chicago
140119,CHICAGO,Chicago
140120,PEKIN,Pekin
140122,HINSDALE,Hinsdale
140124,CHICAGO,Chicago
140125,GRANITE CITY,Granite City
140127,NORMAL,Normal
140130,LAKE FOREST,Lake Forest
140133,CHICAGO,Chicago
140135,DECATUR,Decatur
140137,GREENVILLE,Greenville
140145,BREESE,Breese
140148,SPRINGFIELD,Springfield
140150,CHICAGO,Chicago
140155,KANKAKEE,Kankakee
140158,CHICAGO,Chicago
140160,FREEPORT,Freeport
140161,PONTIAC,Pontiac
140162,BLOOMINGTON,Bloomington
140164,CARBONDALE,Carbondale
140166,DECATUR,Decatur
140172,OLYMPIA FIELDS,Olympia Fields
140174,AURORA,Aurora
140177,CHICAGO,Chicago
140179,EVERGREEN PARK,Evergreen Park
140180,CHICAGO,Chicago
140181,CHICAGO,Chicago
140182,CHICAGO,Chicago
140184,MARION,Marion
140185,BELLEVILLE,Belleville
140186,KANKAKEE,Kankakee
140187,O FALLON,O'Fallon
140189,MATTOON,Mattoon
140191,HARVEY,Harvey
140197,CHICAGO,Chicago
140200,ELMHURST,Elmhurst
140202,LIBERTYVILLE,Libertyville
140206,CHICAGO,Chicago
140208,OAK LAWN,Oak Lawn
140209,PEORIA,Peoria
140210,HARRISBURG,Harrisburg
140211,GENEVA,Geneva
140213,NEW LENOX,New Lenox
140217,ELGIN,Elgin
140223,PARK RIDGE,Park Ridge
140224,CHICAGO,Chicago
140228,ROCKFORD,Rockford
140231,NAPERVILLE,Naperville
140233,ROCKFORD,Rockford
140239,ROCKFORD,Rockford
140242,WINFIELD,Winfield
140251,CHICAGO,Chicago
140252,ARLINGTON HEIGHTS,Arlington Heights
140258,ELK GROVE VILLAGE,Elk Grove Village
140275,SILVIS,Silvis
140276,MAYWOOD,Maywood
140280,ROCK ISLAND,Rock Island
140281,CHICAGO,Chicago
140286,DEKALB,DeKalb
140288,DOWNERS GROVE,Downers Grove
140289,MARYVILLE,Maryville
140290,HOFFMAN ESTATES,Hoffman Estates
140291,BARRINGTON,Barrington
140292,GLENDALE HEIGHTS,Glendale Heights
140294,MOUNT VERNON,Mount Vernon
140300,CHICAGO,Chicago
140304,BOLINGBROOK,Bolingbrook
140308,CRYSTAL LAKE,Crystal Lake
141300,CARROLLTON,Carrollton
141301,MONTICELLO,Monticello
141302,GALENA,Galena
141303,CLINTON,Clinton
141304,ALEDO,Aledo
141305,CARTHAGE,Carthage
141306,STAUNTON,Staunton
141307,PINCKNEYVILLE,Pinckneyville
141308,NASHVILLE,Nashville
141309,EUREKA,Eureka
141310,MENDOTA,Mendota
141311,FAIRFIELD,Fairfield
141312,ROCHELLE,Rochelle
141313,HAVANA,Havana
141315,PITTSFIELD,Pittsfield
141316,HOOPESTON,Hoopeston
141317,GIBSON CITY,Gibson City
141318,MONMOUTH,Monmouth
141319,GENESEO,Geneseo
141320,PARIS,Paris
141321,BENTON,Benton
141322,LINCOLN,Lincoln
141323,METROPOLIS,Metropolis
141324,ELDORADO,Eldorado
141325,KEWANEE,Kewanee
141326,MCLEANSBORO,McLeansboro
141327,MOUNT CARMEL,Mount Carmel
141328,ROSICLARE,Rosiclare
141329,MORRISON,Morrison
141330,HOPEDALE,Hopedale
141331,DU QUOIN,Du Quoin
141332,HILLSBORO,Hillsboro
141333,RUSHVILLE,Rushville
141334,MURPHYSBORO,Murphysboro
141335,HARVARD,Harvard
141336,HIGHLAND,Highland
141337,PRINCETON,Princeton
141338,CHESTER,Chester
141339,TAYLORVILLE,Taylorville
141340,SANDWICH,Sandwich
141341,PANA,Pana
141342,ANNA,Anna
141343,ROBINSON,Robinson
141344,LAWRENCEVILLE,Lawrenceville
141345,SALEM,Salem
141346,VANDALIA,Vandalia
141347,CARLINVILLE,Carlinville
141348,RED BUD,Red Bud
141349,SPARTA,Sparta
141350,LITCHFIELD,Litchfield
141351,FLORA,Flora
141352,JACKSONVILLE,Jacksonville
141353,WATSEKA,Watseka
141354,SHELBYVILLE,Shelbyville
141355,OLNEY,Olney
141356,CANTON,Canton
142008,NORTHLAKE,Northlake
142010,HINSDALE,Hinsdale
142011,DES PLAINES,Des Plaines
142013,PEORIA,Peoria
142015,CHICAGO,Chicago
143025,CHICAGO,Chicago
143026,CHICAGO,Chicago
143027,WHEATON,Wheaton
143028,ROCKFORD,Rockford
143029,EDWARDSVILLE,Edwardsville
143030,SHILOH,Shiloh
143031,LIBERTYVILLE,Libertyville
143032,MOLINE,Moline
143300,CHICAGO,Chicago
143301,CHICAGO,Chicago
143302,CHICAGO,Chicago
144009,FOREST PARK,Forest Park
144010,CHICAGO,Chicago
144016,ALTON,Alton
144021,SPRINGFIELD,Springfield
144026,CHICAGO,Chicago
144028,HINES,Hines
144029,CHAMPAIGN,Champaign
144031,HOFFMAN ESTATES,Hoffman Estates
144034,STREAMWOOD,Streamwood
144035,NAPERVILLE,Naperville
144037,ELGIN,Elgin
144038,ANNA,Anna
144039,CHICAGO,Chicago
144040,DES PLAINES,Des Plaines
144041,NEW LENOX,New Lenox
144042,WAUKEGAN,Waukegan
144043,CHICAGO,Chicago
150001,FRANKLIN,Franklin
150002,GARY,Gary
150005,DANVILLE,Danville
150006,LA PORTE,La Porte
150007,KOKOMO,Kokomo
150008,EAST CHICAGO,East Chicago
150009,JEFFERSONVILLE,Jeffersonville
150010,KOKOMO,Kokomo
150011,MARION,Marion
150012,MISHAWAKA,Mishawaka
150015,MICHIGAN CITY,Michigan City
150017,FORT WAYNE,Fort Wayne
150018,ELKHART,Elkhart
150021,FORT WAYNE,Fort Wayne
150022,CRAWFORDSVILLE,Crawfordsville
150023,TERRE HAUTE,Terre Haute
150024,INDIANAPOLIS,Indianapolis
150026,GOSHEN,Goshen
150030,NEW CASTLE,New Castle
150034,HOBART,Hobart
150035,VALPARAISO,Valparaiso
150037,GREENFIELD,Greenfield
150042,VINCENNES,Vincennes
150044,NEW ALBANY,New Albany
150045,AUBURN,Auburn
150046,TERRE HAUTE,Terre Haute
150047,FORT WAYNE,Fort Wayne
150048,RICHMOND,Richmond
150051,BLOOMINGTON,Bloomington
150056,INDIANAPOLIS,Indianapolis
150057,MOORESVILLE,Mooresville
150058,SOUTH BEND,South Bend
150059,NOBLESVILLE,Noblesville
150061,WASHINGTON,Washington
150065,SEYMOUR,Seymour
150069,MADISON,Madison
150072,LOGANSPORT,Logansport
150074,INDIANAPOLIS,Indianapolis
150075,BLUFFTON,Bluffton
150076,PLYMOUTH,Plymouth
150082,EVANSVILLE,Evansville
150084,INDIANAPOLIS,Indianapolis
150086,LAWRENCEBURG,Lawrenceburg
150088,ANDERSON,Anderson
150089,MUNCIE,Muncie
150090,DYER,Dyer
150091,HUNTINGTON,Huntington
150097,SHELBYVILLE,Shelbyville
150100,EVANSVILLE,Evansville
150101,COLUMBIA CITY,Columbia City
150102,KNOX,Knox
150104,LEBANON,Lebanon
150109,LAFAYETTE,Lafayette
150112,COLUMBUS,Columbus
150113,ANDERSON,Anderson
150115,JASPER,Jasper
150125,MUNSTER,Munster
150126,CROWN POINT,Crown Point
150128,INDIANAPOLIS,Indianapolis
150133,WARSAW,Warsaw
150146,KENDALLVILLE,Kendallville
150149,NEWBURGH,Newburgh
150150,FORT WAYNE,Fort Wayne
150153,CARMEL,Carmel
150157,CARMEL,Carmel
150160,INDIANAPOLIS,Indianapolis
150162,INDIANAPOLIS,Indianapolis
150165,MUNSTER,Munster
150166,CROWN POINT,Crown Point
150167,FORT WAYNE,Fort Wayne
150168,FORT WAYNE,Fort Wayne
150169,INDIANAPOLIS,Indianapolis
150172,NEW ALBANY,New Albany
150173,LAFAYETTE,Lafayette
150177,MISHAWAKA,Mishawaka
150179,INDIANAPOLIS,Indianapolis
150181,FISHERS,Fishers
150183,BLOOMINGTON,Bloomington
150195,CROWN POINT,Crown Point
151300,BREMEN,Bremen
151301,WINCHESTER,Winchester
151303,NORTH VERNON,North Vernon
151304,RUSHVILLE,Rushville
151305,WINAMAC,Winamac
151306,PAOLI,Paoli
151307,WILLIAMSPORT,Williamsport
151308,ELWOOD,Elwood
151309,BRAZIL,Brazil
151310,WABASH,Wabash
151311,TIPTON,Tipton
151312,MONTICELLO,Monticello
151313,ROCHESTER,Rochester
151314,SALEM,Salem
151315,ANGOLA,Angola
151316,FRANKFORT,Frankfort
151317,LINTON,Linton
151318,PERU,Peru
151319,PRINCETON,Princeton
151320,PORTLAND,Portland
151322,TELL CITY,Tell City
151323,LAGRANGE,LaGrange
151324,RENSSELAER,Rensselaer
151325,BOONVILLE,Boonville
151326,CLINTON,Clinton
151327,SULLIVAN,Sullivan
151328,BEDFORD,Bedford
151329,BATESVILLE,Batesville
151330,DECATUR,Decatur
151331,CORYDON,Corydon
151332,GREENSBURG,Greensburg
151333,GREENCASTLE,Greencastle
151334,SCOTTSBURG,Scottsburg
152007,INDIANAPOLIS,Indianapolis
152013,INDIANAPOLIS,Indianapolis
152014,EVANSVILLE,Evansville
152020,INDIANAPOLIS,Indianapolis
152024,EAST CHICAGO,East Chicago
152025,MUNCIE,Muncie
152028,CROWN POINT,Crown Point
153025,NEWBURGH,Newburgh
153028,INDIANAPOLIS,Indianapolis
153030,FORT WAYNE,Fort Wayne
153042,LAFAYETTE,Lafayette
153043,INDIANAPOLIS,Indianapolis
153044,GREENWOOD,Greenwood
153045,CROWN POINT,Crown Point
153046,CLARKSVILLE,Clarksville
153047,MISHAWAKA,Mishawaka
153048,CARMEL,Carmel
153049,BLOOMINGTON,Bloomington
153050,BROWNSBURG,Brownsburg
154005,WEST LAFAYETTE,West Lafayette
154008,INDIANAPOLIS,Indianapolis
154009,TERRE HAUTE,Terre Haute
154011,LAWRENCEBURG,Lawrenceburg
154014,PIERCETON,Pierceton
154018,RICHMOND,Richmond
154019,MADISON,Madison
154020,MERRILLVILLE,Merrillville
154021,MARION,Marion
154024,GREENWOOD,Greenwood
154031,GOSHEN,Goshen
154041,BLOOMINGTON,Bloomington
154047,PLYMOUTH,Plymouth
154050,AUBURN,Auburn
154051,JEFFERSONVILLE,Jeffersonville
154052,VALPARAISO,Valparaiso
154054,TERRE HAUTE,Terre Haute
154055,NEWBURGH,Newburgh
154056,EVANSVILLE,Evansville
154058,BREMEN,Bremen
154059,LAFAYETTE,Lafayette
154060,FORT WAYNE,Fort Wayne
154061,MISHAWAKA,Mishawaka
154063,INDIANAPOLIS,Indianapolis
154064,INDIANAPOLIS,Indianapolis
154065,CROWN POINT,Crown Point
154066,CLARKSVILLE,Clarksville
154067,PLAINFIELD,Plainfield
154068,GREENWOOD,Greenwood
154070,FORT WAYNE,Fort Wayne
154071,INDIANAPOLIS,Indianapolis
154072,HUNTINGBURG,Huntingburg
160001,MARSHALLTOWN,Marshalltown
160013,MUSCATINE,Muscatine
160016,FORT DODGE,Fort Dodge
160028,COUNCIL BLUFFS,Council Bluffs
160029,IOWA CITY,Iowa City
160030,AMES,Ames
160032,NEWTON,Newton
160033,DAVENPORT,Davenport
160040,CEDAR FALLS,Cedar Falls
160045,CEDAR RAPIDS,Cedar Rapids
160047,COUNCIL BLUFFS,Council Bluffs
160057,WEST BURLINGTON,West Burlington
160058,IOWA CITY,Iowa City
160064,MASON CITY,Mason City
160067,WATERLOO,Waterloo
160069,DUBUQUE,Dubuque
160079,CEDAR RAPIDS,Cedar Rapids
160080,CLINTON,Clinton
160082,DES MOINES,Des Moines
160083,DES MOINES,Des Moines
160089,OTTUMWA,Ottumwa
160101,DES MOINES,Des Moines
160104,BETTENDORF,Bettendorf
160110,WATERLOO,Waterloo
160112,SPENCER,Spencer
160117,DUBUQUE,Dubuque
160124,SPIRIT LAKE,Spirit Lake
160146,SIOUX CITY,Sioux City
160147,GRINNELL,Grinnell
161301,BELMOND,Belmond
161302,CLARION,Clarion
161303,GRUNDY CENTER,Grundy Center
161304,CORNING,Corning
161305,POCAHONTAS,Pocahontas
161306,ANAMOSA,Anamosa
161307,BRITT,Britt
161308,HAMPTON,Hampton
161309,MISSOURI VALLEY,Missouri Valley
161310,GREENFIELD,Greenfield
161311,HAWARDEN,Hawarden
161312,GUTTENBERG,Guttenberg
161313,DEWITT,Dewitt
161314,GUTHRIE CENTER,Guthrie Center
161315,SIGOURNEY,Sigourney
161316,WEST UNION,West Union
161317,MARENGO,Marengo
161318,WAUKON,Waukon
161319,ELKADER,Elkader
161320,SUMNER,Sumner
161321,ROCK RAPIDS,Rock Rapids
161322,PERRY,Perry
161323,OSAGE,Osage
161324,HAMBURG,Hamburg
161325,JEFFERSON,Jefferson
161326,WINTERSET,Winterset
161327,BLOOMFIELD,Bloomfield
161328,CRESCO,Cresco
161329,MAQUOKETA,Maquoketa
161330,AUDUBON,Audubon
161331,NEW HAMPTON,New Hampton
161332,MANNING,Manning
161333,NEVADA,Nevada
161334,HUMBOLDT,Humboldt
161335,INDEPENDENCE,Independence
161336,ROCK VALLEY,Rock Valley
161337,KEOSAUQUA,Keosauqua
161338,OELWEIN,Oelwein
161339,WAVERLY,Waverly
161340,LEON,Leon
161341,CHARITON,Chariton
161342,ALBIA,Albia
161343,MANCHESTER,Manchester
161344,WASHINGTON,Washington
161345,SIBLEY,Sibley
161346,SIOUX CENTER,Sioux Center
161347,CHARLES CITY,Charles City
161348,OSCEOLA,Osceola
161349,VINTON,Vinton
161350,LAKE CITY,Lake City
161351,ESTHERVILLE,Estherville
161352,CLARINDA,Clarinda
161353,ALGONA,Algona
161354,IDA GROVE,Ida Grove
161355,KNOXVILLE,Knoxville
161356,MOUNT PLEASANT,Mount Pleasant
161357,EMMETSBURG,Emmetsburg
161358,CORYDON,Corydon
161359,ONAWA,Onawa
161360,ORANGE CITY,Orange City
161361,WEBSTER CITY,Webster City
161362,CHEROKEE,Cherokee
161363,RED OAK,Red Oak
161364,FAIRFIELD,Fairfield
161365,CRESTON,Creston
161366,SHENANDOAH,Shenandoah
161367,PELLA,Pella
161368,LE MARS,Le Mars
161369,DENISON,Denison
161370,SAC CITY,Sac City
161371,DECORAH,Decorah
161372,BOONE,Boone
161373,MOUNT AYR,Mount Ayr
161374,HARLAN,Harlan
161375,STORM LAKE,Storm Lake
161376,ATLANTIC,Atlantic
161377,CENTERVILLE,Centerville
161378,DYERSVILLE,Dyersville
161379,OSKALOOSA,Oskaloosa
161380,IOWA FALLS,Iowa Falls
161381,SHELDON,Sheldon
161382,CARROLL,Carroll
162001,DAVENPORT,Davenport
162003,DES MOINES,Des Moines
163025,CLIVE,Clive
163026,CORALVILLE,Coralville
163027,CORALVILLE,Coralville
164002,CHEROKEE,Cherokee
164003,INDEPENDENCE,Independence
164006,BETTENDORF,Bettendorf
164007,CLIVE,Clive
170006,PITTSBURG,Pittsburg
170009,LEAVENWORTH,Leavenworth
170012,SALINA,Salina
170013,HAYS,Hays
170014,OTTAWA,Ottawa
170016,TOPEKA,Topeka
170017,EL DORADO,El Dorado
170020,HUTCHINSON,Hutchinson
170023,GARDEN CITY,Garden City
170027,PRATT,Pratt
170040,KANSAS CITY,Kansas City
170049,OLATHE,Olathe
170068,LIBERAL,Liberal
170074,JUNCTION CITY,Junction City
170086,TOPEKA,Topeka
170103,NEWTON,Newton
170104,SHAWNEE MISSION,Shawnee Mission
170105,MCPHERSON,McPherson
170109,PAOLA,Paola
170120,PARSONS,Parsons
170122,WICHITA,Wichita
170123,WICHITA,Wichita
170137,LAWRENCE,Lawrence
170142,MANHATTAN,Manhattan
170146,KANSAS CITY,Kansas City
170175,DODGE CITY,Dodge City
170176,OVERLAND PARK,Overland Park
170182,OVERLAND PARK,Overland Park
170183,WICHITA,Wichita
170185,OVERLAND PARK,Overland Park
170186,WICHITA,Wichita
170187,SALINA,Salina
170188,LEAWOOD,Leawood
170190,MANHATTAN,Manhattan
170191,GREAT BEND,Great Bend
170194,LEAWOOD,Leawood
170196,WICHITA,Wichita
170197,ANDOVER,Andover
170198,HUTCHINSON,Hutchinson
170199,LENEXA,Lenexa
170200,WICHITA,Wichita
170203,GALENA,Galena
170205,MANHATTAN,Manhattan
170208,OVERLAND PARK,Overland Park
170779,ARKANSAS CITY,Arkansas City
170780,MOUNDRIDGE,Moundridge
170781,LA CROSSE,La Crosse
171300,RANSOM,Ransom
171301,ELLINWOOD,Ellinwood
171303,DIGHTON,Dighton
171304,ASHLAND,Ashland
171306,LEOTI,Leoti
171307,ATWOOD,Atwood
171308,COLUMBUS,Columbus
171309,MANKATO,Mankato
171310,ST FRANCIS,St. Francis
171311,PLAINVILLE,Plainville
171312,COLDWATER,Coldwater
171313,LAKIN,Lakin
171314,WINCHESTER,Winchester
171315,SENECA,Seneca
171316,GARNETT,Garnett
171317,KINSLEY,Kinsley
171318,SEDAN,Sedan
171319,HOLTON,Holton
171321,MEADE,Meade
171322,SYRACUSE,Syracuse
171323,STAFFORD,Stafford
171324,SATANTA,Satanta
171325,HILL CITY,Hill City
171326,OAKLEY,Oakley
171327,ELLSWORTH,Ellsworth
171328,MINNEAPOLIS,Minneapolis
171329,CALDWELL,Caldwell
171330,LYONS,Lyons
171331,KIOWA,Kiowa
171332,GREENSBURG,Greensburg
171333,HOISINGTON,Hoisington
171334,MEDICINE LODGE,Medicine Lodge
171335,HUGOTON,Hugoton
171336,NESS CITY,Ness City
171337,WAMEGO,Wamego
171338,SABETHA,Sabetha
171339,EUREKA,Eureka
171341,HIAWATHA,Hiawatha
171343,JOHNSON,Johnson
171344,NEODESHA,Neodesha
171345,LARNED,Larned
171346,ANTHONY,Anthony
171347,HOXIE,Hoxie
171348,NORTON,Norton
171349,CONCORDIA,Concordia
171350,RUSSELL,Russell
171351,WASHINGTON,Washington
171352,OBERLIN,Oberlin
171353,PHILLIPSBURG,Phillipsburg
171354,ONAGA,Onaga
171355,WAKEENEY,Wakeeney
171356,MARION,Marion
171357,HILLSBORO,Hillsboro
171358,LINDSBORG,Lindsborg
171359,TRIBUNE,Tribune
171360,LINCOLN,Lincoln
171361,BELLEVILLE,Belleville
171362,COLBY,Colby
171363,MARYSVILLE,Marysville
171364,OSBORNE,Osborne
171365,HANOVER,Hanover
171367,QUINTER,Quinter
171368,MINNEOLA,Minneola
171369,JETMORE,Jetmore
171370,GOODLAND,Goodland
171371,CLAY CENTER,Clay Center
171372,SCOTT CITY,Scott City
171373,IOLA,Iola
171374,FREDONIA,Fredonia
171375,BELOIT,Beloit
171376,GIRARD,Girard
171377,SMITH CENTER,Smith Center
171378,KINGMAN,Kingman
171379,COUNCIL GROVE,Council Grove
171380,CHANUTE,Chanute
171381,ABILENE,Abilene
171382,ATCHISON,Atchison
171383,WINFIELD,Winfield
171384,EMPORIA,Emporia
171385,BURLINGTON,Burlington
171386,ELKHART,Elkhart
171387,COFFEYVILLE,Coffeyville
171388,ULYSSES,Ulysses
172004,OVERLAND PARK,Overland Park
172005,KANSAS CITY,Kansas City
172007,WICHITA,Wichita
173025,TOPEKA,Topeka
173026,OVERLAND PARK,Overland Park
173028,WICHITA,Wichita
173032,OVERLAND PARK,Overland Park
173033,GARDNER,Gardner
173034,OVERLAND PARK,Overland Park
173035,ELWOOD,Elwood
173300,OVERLAND PARK,Overland Park
174006,LARNED,Larned
174016,NEWTON,Newton
174020,OLATHE,Olathe
174022,OSAWATOMIE,Osawatomie
174025,SHAWNEE,Shawnee
174026,WICHITA,Wichita
174027,BEL AIRE,Bel Aire
180001,FORT THOMAS,Fort Thomas
180002,WHITESBURG,Whitesburg
180004,GREENVILLE,Greenville
180005,PRESTONSBURG,Prestonsburg
180009,ASHLAND,Ashland
180010,LEXINGTON,Lexington
180011,LONDON,London
180012,ELIZABETHTOWN,Elizabethtown
180013,BOWLING GREEN,Bowling Green
180016,SHELBYVILLE,Shelbyville
180017,GLASGOW,Glasgow
180018,MOREHEAD,Morehead
180019,MAYSVILLE,Maysville
180020,MIDDLESBORO,Middlesboro
180024,LEBANON,Lebanon
180025,BARDSTOWN,Bardstown
180027,MURRAY,Murray
180029,HAZARD,Hazard
180035,EDGEWOOD,Edgewood
180038,OWENSBORO,Owensboro
180040,LOUISVILLE,Louisville
180043,MANCHESTER,Manchester
180044,PIKEVILLE,Pikeville
180045,FLORENCE,Florence
180046,PARIS,Paris
180048,DANVILLE,Danville
180049,RICHMOND,Richmond
180050,HARLAN,Harlan
180051,HOPKINSVILLE,Hopkinsville
180056,HENDERSON,Henderson
180064,MOUNT STERLING,Mount Sterling
180066,RUSSELLVILLE,Russellville
180067,LEXINGTON,Lexington
180069,SOUTH WILLIAMSON,South Williamson
180070,LEITCHFIELD,Leitchfield
180078,PAINTSVILLE,Paintsville
180079,CYNTHIANA,Cynthiana
180080,CORBIN,Corbin
180087,CAMPBELLSVILLE,Campbellsville
180088,LOUISVILLE,Louisville
180092,WINCHESTER,Winchester
180093,MADISONVILLE,Madisonville
180101,GEORGETOWN,Georgetown
180102,PADUCAH,Paducah
180103,LEXINGTON,Lexington
180104,PADUCAH,Paducah
180105,TOMPKINSVILLE,Tompkinsville
180115,MOUNT VERNON,Mount Vernon
180116,MAYFIELD,Mayfield
180124,BOWLING GREEN,Bowling Green
180127,FRANKFORT,Frankfort
180128,LOUISA,Louisa
180130,LOUISVILLE,Louisville
180132,SOMERSET,Somerset
180138,LA GRANGE,La Grange
180141,LOUISVILLE,Louisville
180143,LEXINGTON,Lexington
180149,COLUMBIA,Columbia
180154,PINEVILLE,Pineville
180779,MARION,Marion
180780,FLEMINGSBURG,Flemingsburg
181301,IRVINE,Irvine
181302,HARRODSBURG,Harrodsburg
181304,CADIZ,Cadiz
181305,MARTIN,Martin
181306,MORGANFIELD,Morganfield
181307,WEST LIBERTY,West Liberty
181308,VERSAILLES,Versailles
181309,LIBERTY,Liberty
181310,CARROLLTON,Carrollton
181311,WILLIAMSTOWN,Williamstown
181314,HORSE CAVE,Horse Cave
181315,STANFORD,Stanford
181316,HYDEN,Hyden
181317,BURKESVILLE,Burkesville
181318,FRANKLIN,Franklin
181319,HARDINSBURG,Hardinsburg
181320,SALEM,Salem
181321,MONTICELLO,Monticello
181322,PRINCETON,Princeton
181323,HARTFORD,Hartford
181324,SCOTTSVILLE,Scottsville
181325,GREENSBURG,Greensburg
181327,BENTON,Benton
181328,BARBOURVILLE,Barbourville
181329,BEREA,Berea
181330,RUSSELL SPRINGS,Russell Springs
181331,MC DOWELL,McDowell
181333,ALBANY,Albany
181334,JACKSON,Jackson
182001,LOUISVILLE,Louisville
182002,LEXINGTON,Lexington
182003,DANVILLE,Danville
182004,FORT THOMAS,Fort Thomas
182005,BOWLING GREEN,Bowling Green
182006,CORBIN,Corbin
182008,PADUCAH,Paducah
182009,MADISONVILLE,Madisonville
182010,SOUTH WILLIAMSON,South Williamson
182011,HAZARD,Hazard
183026,LEXINGTON,Lexington
183027,EDGEWOOD,Edgewood
183028,ELIZABETHTOWN,Elizabethtown
183029,BOWLING GREEN,Bowling Green
183030,FLORENCE,Florence
183032,LOUISVILLE,Louisville
183033,LOUISVILLE,Louisville
184002,HOPKINSVILLE,Hopkinsville
184004,LEXINGTON,Lexington
184006,ERLANGER,Erlanger
184007,LOUISVILLE,Louisville
184008,LOUISVILLE,Louisville
184009,LEXINGTON,Lexington
184012,RADCLIFF,Radcliff
184013,OWENSBORO,Owensboro
184014,HOPKINSVILLE,Hopkinsville
184015,LOUISVILLE,Louisville
184017,BOWLING GREEN,Bowling Green
184018,ASHLAND,Ashland
190002,LAFAYETTE,Lafayette
190004,THIBODAUX,Thibodaux
190005,NEW ORLEANS,New Orleans
190006,LAFAYETTE,Lafayette
190007,NATCHITOCHES,Natchitoches
190008,HOUMA,Houma
190011,MONROE,Monroe
190013,SULPHUR,Sulphur
190014,MORGAN CITY,Morgan City
190015,HAMMOND,Hammond
190017,OPELOUSAS,Opelousas
190019,ALEXANDRIA,Alexandria
190020,ZACHARY,Zachary
190025,MAMOU,Mamou
190026,ALEXANDRIA,Alexandria
190027,LAKE CHARLES,Lake Charles
190034,ABBEVILLE,Abbeville
190036,NEW ORLEANS,New Orleans
190039,MARRERO,Marrero
190040,SLIDELL,Slidell
190041,SHREVEPORT,Shreveport
190044,CROWLEY,Crowley
190045,COVINGTON,Covington
190046,NEW ORLEANS,New Orleans
190050,DERIDDER,Deridder
190053,JENNINGS,Jennings
190054,NEW IBERIA,New Iberia
190060,LAKE CHARLES,Lake Charles
190064,BATON ROUGE,Baton Rouge
190065,BATON ROUGE,Baton Rouge
190079,LULING,Luling
190086,RUSTON,Ruston
190088,SPRINGHILL,Springhill
190090,WINNFIELD,Winnfield
190098,SHREVEPORT,Shreveport
190099,MARKSVILLE,Marksville
190102,LAFAYETTE,Lafayette
190106,OAKDALE,Oakdale
190111,SHREVEPORT,Shreveport
190114,HOMER,Homer
190116,BASTROP,Bastrop
190118,MANSFIELD,Mansfield
190125,MONROE,Monroe
190128,BATON ROUGE,Baton Rouge
190133,KINDER,Kinder
190140,WINNSBORO,Winnsboro
190144,MINDEN,Minden
190145,JENA,Jena
190151,RAYVILLE,Rayville
190160,WEST MONROE,West Monroe
190164,LEESVILLE,Leesville
190167,VILLE PLATTE,Ville Platte
190176,METAIRIE,Metairie
190183,HOUMA,Houma
190184,COLUMBIA,Columbia
190190,COLUMBIA,Columbia
190201,LAKE CHARLES,Lake Charles
190202,BATON ROUGE,Baton Rouge
190208,LAKE PROVIDENCE,Lake Providence
190218,MANY,Many
190241,HOUMA,Houma
190245,MONROE,Monroe
190251,BATON ROUGE,Baton Rouge
190255,LAFAYETTE,Lafayette
190256,SLIDELL,Slidell
190259,LAFAYETTE,Lafayette
190266,BATON ROUGE,Baton Rouge
190267,COVINGTON,Covington
190270,SLIDELL,Slidell
190274,KENNER,Kenner
190278,SHREVEPORT,Shreveport
190298,ALEXANDRIA,Alexandria
190300,NEW ORLEANS,New Orleans
190302,METAIRIE,Metairie
190303,HAMMOND,Hammond
190308,CHALMETTE,Chalmette
190312,BOGALUSA,Bogalusa
190313,NEW ORLEANS,New Orleans
190316,BATON ROUGE,Baton Rouge
190317,SHREVEPORT,Shreveport
190318,EUNICE,Eunice
190319,ALEXANDRIA,Alexandria
190320,PRAIRIEVILLE,Prairieville
190779,NAPOLEONVILLE,Napoleonville
191300,GREENSBURG,Greensburg
191301,FARMERVILLE,Farmerville
191302,BREAUX BRIDGE,Breaux Bridge
191304,VIVIAN,Vivian
191305,LUTCHER,Lutcher
191306,SAINT FRANCISVILLE,Saint Francisville
191307,DEQUINCY,Dequincy
191308,DONALDSONVILLE,Donaldsonville
191309,AMITE,Amite
191310,FRANKLIN,Franklin
191311,BUNKIE,Bunkie
191312,COUSHATTA,Coushatta
191313,FRANKLINTON,Franklinton
191314,TALLULAH,Tallulah
191315,OLLA,Olla
191316,NEW ROADS,New Roads
191317,JONESBORO,Jonesboro
191318,FERRIDAY,Ferriday
191319,CHURCH POINT,Church Point
191320,ARCADIA,Arcadia
191321,INDEPENDENCE,Independence
191322,KAPLAN,Kaplan
191323,DELHI,Delhi
191324,RACELAND,Raceland
191325,CUT OFF,Cut Off
191326,BERNICE,Bernice
191327,OAK GROVE,Oak Grove
192004,BATON ROUGE,Baton Rouge
192006,BOSSIER CITY,Bossier City
192007,MARRERO,Marrero
192008,DENHAM SPRINGS,Denham Springs
192010,SHREVEPORT,Shreveport
192011,SHREVEPORT,Shreveport
192013,LAKE CHARLES,Lake Charles
192015,JEFFERSON,Jefferson
192016,MONROE,Monroe
192028,VIDALIA,Vidalia
192029,LAFAYETTE,Lafayette
192031,WEST MONROE,West Monroe
192032,LAFAYETTE,Lafayette
192035,NATCHITOCHES,Natchitoches
192036,HAMMOND,Hammond
192037,HOUMA,Houma
192041,ZACHARY,Zachary
192043,ALEXANDRIA,Alexandria
192048,COVINGTON,Covington
192057,LAFAYETTE,Lafayette
193028,BATON ROUGE,Baton Rouge
193031,ALEXANDRIA,Alexandria
193044,HAMMOND,Hammond
193050,LEESVILLE,Leesville
193058,MONROE,Monroe
193067,JENNINGS,Jennings
193069,BASTROP,Bastrop
193070,PLAQUEMINE,Plaquemine
193074,GRETNA,Gretna
193078,BATON ROUGE,Baton Rouge
193079,HAMMOND,Hammond
193080,COUSHATTA,Coushatta
193086,LEESVILLE,Leesville
193090,BATON ROUGE,Baton Rouge
193092,BATON ROUGE,Baton Rouge
193093,LAFAYETTE,Lafayette
193096,LAFAYETTE,Lafayette
193097,COVINGTON,Covington
193099,JEFFERSON,Jefferson
193300,NEW ORLEANS,New Orleans
194007,MANDEVILLE,Mandeville
194008,JACKSON,Jackson
194020,SHREVEPORT,Shreveport
194022,ALEXANDRIA,Alexandria
194025,PINEVILLE,Pineville
194031,HARAHAN,Harahan
194044,LAFAYETTE,Lafayette
194056,NEW ORLEANS,New Orleans
194069,COVINGTON,Covington
194073,BROUSSARD,Broussard
194074,RUSTON,Ruston
194079,BOSSIER CITY,Bossier City
194080,LACOMBE,Lacombe
194081,DERIDDER,Deridder
194082,JENNINGS,Jennings
194083,BASTROP,Bastrop
194084,NEW ORLEANS,New Orleans
194085,LAFAYETTE,Lafayette
194086,BATON ROUGE,Baton Rouge
194087,MONROE,Monroe
194088,GONZALES,Gonzales
194089,BREAUX BRIDGE,Breaux Bridge
194090,LAKE CHARLES,Lake Charles
194091,HAMMOND,Hammond
194094,SHREVEPORT,Shreveport
194095,OPELOUSAS,Opelousas
194096,ALEXANDRIA,Alexandria
194098,GRETNA,Gretna
194102,LUTCHER,Lutcher
194103,BATON ROUGE,Baton Rouge
194105,BATON ROUGE,Baton Rouge
194106,ALEXANDRIA,Alexandria
194107,BATON ROUGE,Baton Rouge
194109,HOUMA,Houma
194112,BUNKIE,Bunkie
194113,KENNER,Kenner
194114,LA PLACE,La Place
194115,BATON ROUGE,Baton Rouge
194116,SHREVEPORT,Shreveport
194117,HAMMOND,Hammond
194118,LECOMPTE,Lecompte
194119,FERRIDAY,Ferriday
194120,LAKE CHARLES,Lake Charles
194121,LEESVILLE,Leesville
194122,MONROE,Monroe
200001,BANGOR,Bangor
200008,PORTLAND,Portland
200009,PORTLAND,Portland
200018,PRESQUE ISLE,Presque Isle
200020,YORK,York
200021,BRUNSWICK,Brunswick
200024,LEWISTON,Lewiston
200031,CARIBOU,Caribou
200033,BANGOR,Bangor
200034,LEWISTON,Lewiston
200039,AUGUSTA,Augusta
200050,ELLSWORTH,Ellsworth
200063,ROCKPORT,Rockport
201300,BLUE HILL,Blue Hill
201301,GREENVILLE,Greenville
201302,DAMARISCOTTA,Damariscotta
201303,LINCOLN,Lincoln
201304,BAR HARBOR,Bar Harbor
201305,CALAIS,Calais
201306,RUMFORD,Rumford
201307,MILLINOCKET,Millinocket
201308,HOULTON,Houlton
201309,DOVER FOXCROFT,Dover Foxcroft
201310,BRIDGTON,Bridgton
201311,MACHIAS,Machias
201312,BELFAST,Belfast
201313,PITTSFIELD,Pittsfield
201314,SKOWHEGAN,Skowhegan
201315,NORWAY,Norway
201316,FARMINGTON,Farmington
201317,FORT KENT,Fort Kent
203025,PORTLAND,Portland
204004,BANGOR,Bangor
204005,WESTBROOK,Westbrook
204006,BANGOR,Bangor
204008,AUGUSTA,Augusta
210001,HAGERSTOWN,Hagerstown
210002,BALTIMORE,Baltimore
210003,UPPER MARLBORO,Upper Marlboro
210004,SILVER SPRING,Silver Spring
210005,FREDERICK,Frederick
210008,BALTIMORE,Baltimore
210009,BALTIMORE,Baltimore
210011,BALTIMORE,Baltimore
210012,BALTIMORE,Baltimore
210015,ROSEDALE,Rosedale
210016,SILVER SPRING,Silver Spring
210017,OAKLAND,Oakland
210018,OLNEY,Olney
210019,SALISBURY,Salisbury
210022,BETHESDA,Bethesda
210023,ANNAPOLIS,Annapolis
210024,BALTIMORE,Baltimore
210027,CUMBERLAND,Cumberland
210028,LEONARDTOWN,Leonardtown
210029,BALTIMORE,Baltimore
210030,CHESTERTOWN,Chestertown
210032,ELKTON,Elkton
210033,WESTMINSTER,Westminster
210034,BALTIMORE,Baltimore
210035,LA PLATA,La Plata
210037,EASTON,Easton
210038,BALTIMORE,Baltimore
210039,PRINCE FREDERICK,Prince Frederick
210040,RANDALLSTOWN,Randallstown
210043,GLEN BURNIE,Glen Burnie
210044,BALTIMORE,Baltimore
210048,COLUMBIA,Columbia
210049,BEL AIR,Bel Air
210051,LANHAM,Lanham
210056,BALTIMORE,Baltimore
210057,ROCKVILLE,Rockville
210058,BALTIMORE,Baltimore
210060,FORT WASHINGTON,Fort Washington
210061,BERLIN,Berlin
210062,CLINTON,Clinton
210063,TOWSON,Towson
210064,BALTIMORE,Baltimore
210065,GERMANTOWN,Germantown
212002,HAGERSTOWN,Hagerstown
212003,SALISBURY,Salisbury
213028,SALISBURY,Salisbury
213029,ROCKVILLE,Rockville
213030,BOWIE,Bowie
213300,BALTIMORE,Baltimore
213301,BALTIMORE,Baltimore
214000,BALTIMORE,Baltimore
214002,CAMBRIDGE,Cambridge
214003,HAGERSTOWN,Hagerstown
214004,SYKESVILLE,Sykesville
214012,CUMBERLAND,Cumberland
214018,CATONSVILLE,Catonsville
214020,ANNAPOLIS,Annapolis
214022,ABERDEEN,Aberdeen
220001,LEOMINSTER,Leominster
220002,CAMBRIDGE,Cambridge
220008,ATTLEBORO,Attleboro
220010,LAWRENCE,Lawrence
220011,CAMBRIDGE,Cambridge
220012,HYANNIS,Hyannis
220015,NORTHAMPTON,Northampton
220016,GREENFIELD,Greenfield
220019,SOUTHBRIDGE,Southbridge
220020,FALL RIVER,Fall River
220024,HOLYOKE,Holyoke
220029,NEWBURYPORT,Newburyport
220030,PALMER,Palmer
220031,BOSTON,Boston
220033,BEVERLY,Beverly
220035,SALEM,Salem
220036,BRIGHTON,Brighton
220046,PITTSFIELD,Pittsfield
220052,BROCKTON,Brockton
220060,PLYMOUTH,Plymouth
220062,WORCESTER,Worcester
220063,LOWELL,Lowell
220065,WESTFIELD,Westfield
220066,SPRINGFIELD,Springfield
220070,MELROSE,Melrose
220071,BOSTON,Boston
220073,TAUNTON,Taunton
220074,FALL RIVER,Fall River
220075,BOSTON,Boston
220077,SPRINGFIELD,Springfield
220080,METHUEN,Methuen
220083,NEEDHAM,Needham
220084,W CONCORD,W. Concord
220086,BOSTON,Boston
220088,BOSTON,Boston
220090,MILFORD,Milford
220095,GARDNER,Gardner
220100,SOUTH WEYMOUTH,South Weymouth
220101,NEWTON,Newton
220105,WINCHESTER,Winchester
220108,MILTON,Milton
220110,BOSTON,Boston
220111,BROCKTON,Brockton
220116,BOSTON,Boston
220119,BOSTON,Boston
220135,FALMOUTH,Falmouth
220162,BOSTON,Boston
220163,WORCESTER,Worcester
220171,BURLINGTON,Burlington
220175,FRAMINGHAM,Framingham
220176,WORCESTER,Worcester
220177,NANTUCKET,Nantucket
221300,OAK BLUFFS,Oak Bluffs
221302,GREAT BARRINGTON,Great Barrington
221303,ATHOL,Athol
221304,NORTH ADAMS,North Adams
222000,CAMBRIDGE,Cambridge
222002,STOUGHTON,Stoughton
222003,TEWKSBURY,Tewksbury
222006,JAMAICA PLAIN,Jamaica Plain
222007,BOSTON,Boston
222023,WESTFIELD,Westfield
222043,NEW BEDFORD,New Bedford
222046,ROCHDALE,Rochdale
222047,BRADFORD,Bradford
222048,WESTBOROUGH,Westborough
223026,WOBURN,Woburn
223027,BRAINTREE,Braintree
223029,WORCESTER,Worcester
223030,LUDLOW,Ludlow
223032,EAST SANDWICH,East Sandwich
223034,CHARLESTOWN,Charlestown
223300,BRIGHTON,Brighton
223302,BOSTON,Boston
223304,BOSTON,Boston
224001,TAUNTON,Taunton
224007,BELMONT,Belmont
224013,BOSTON,Boston
224018,BROOKLINE,Brookline
224021,SOUTH ATTLEBORO,South Attleboro
224022,BOSTON COLLEGE,Boston College
224023,WESTWOOD,Westwood
224028,FALL RIVER,Fall River
224031,POCASSET,Pocasset
224032,WORCESTER,Worcester
224038,DEDHAM,Dedham
224039,HAVERHILL,Haverhill
224040,BOSTON,Boston
224041,DARTMOUTH,Dartmouth
224043,DEVENS,Devens
224044,WESTBOROUGH,Westborough
224045,WORCESTER,Worcester
224046,HOLYOKE,Holyoke
224047,HOLYOKE,Holyoke
224048,MALDEN,Malden
230002,LIVONIA,Livonia
230003,ZEELAND,Zeeland
230005,ADRIAN,Adrian
230015,THREE RIVERS,Three Rivers
230017,KALAMAZOO,Kalamazoo
230019,SOUTHFIELD,Southfield
230020,DEARBORN,Dearborn
230021,ST JOSEPH,St. Joseph
230022,COLDWATER,Coldwater
230024,DETROIT,Detroit
230029,PONTIAC,Pontiac
230030,ALMA,Alma
230031,PORT HURON,Port Huron
230035,GREENVILLE,Greenville
230036,ALPENA,Alpena
230037,HILLSDALE,Hillsdale
230038,GRAND RAPIDS,Grand Rapids
230041,BAY CITY,Bay City
230046,ANN ARBOR,Ann Arbor
230047,CLINTON TOWNSHIP,Clinton Township
230053,DETROIT,Detroit
230054,MARQUETTE,Marquette
230058,GRAYLING,Grayling
230059,GRAND RAPIDS,Grand Rapids
230066,MUSKEGON,Muskegon
230069,HOWELL,Howell
230070,SAGINAW,Saginaw
230071,SOUTHFIELD,Southfield
230072,HOLLAND,Holland
230075,BATTLE CREEK,Battle Creek
230077,SAGINAW,Saginaw
230078,WATERVLIET,Watervliet
230080,MOUNT PLEASANT,Mount Pleasant
230081,CADILLAC,Cadillac
230085,SOUTH HAVEN,South Haven
230089,GROSSE POINTE,Grosse Pointe
230092,JACKSON,Jackson
230093,BIG RAPIDS,Big Rapids
230095,WEST BRANCH,West Branch
230097,TRAVERSE CITY,Traverse City
230099,MONROE,Monroe
230100,TAWAS CITY,Tawas City
230104,DETROIT,Detroit
230105,PETOSKEY,Petoskey
230108,HANCOCK,Hancock
230110,LUDINGTON,Ludington
230117,KALAMAZOO,Kalamazoo
230121,OWOSSO,Owosso
230130,ROYAL OAK,Royal Oak
230132,FLINT,Flint
230133,GAYLORD,Gaylord
230141,FLINT,Flint
230142,WAYNE,Wayne
230144,YPSILANTI,Ypsilanti
230146,WYANDOTTE,Wyandotte
230151,FARMINGTON HILLS,Farmington Hills
230156,YPSILANTI,Ypsilanti
230165,DETROIT,Detroit
230167,LANSING,Lansing
230174,GRAND HAVEN,Grand Haven
230176,TRENTON,Trenton
230180,CLARE,Clare
230193,LAPEER,Lapeer
230195,WARREN,Warren
230197,GRAND BLANC,Grand Blanc
230207,PONTIAC,Pontiac
230208,CARSON CITY,Carson City
230216,PORT HURON,Port Huron
230217,MARSHALL,Marshall
230222,MIDLAND,Midland
230227,MOUNT CLEMENS,Mount Clemens
230230,LANSING,Lansing
230236,WYOMING,Wyoming
230239,SAULT SAINTE MARIE,Sault Sainte Marie
230241,EAST CHINA,East China
230244,GARDEN CITY,Garden City
230254,ROCHESTER,Rochester
230259,CHELSEA,Chelsea
230264,WARREN,Warren
230269,TROY,Troy
230270,TAYLOR,Taylor
230273,DETROIT,Detroit
230275,SAGINAW,Saginaw
230277,COMMERCE TOWNSHIP,Commerce Township
230279,BRIGHTON,Brighton
230297,DETROIT,Detroit
230301,SOUTHFIELD,Southfield
230302,WEST BLOOMFIELD,West Bloomfield
230303,MANISTEE,Manistee
230779,STURGIS,Sturgis
231300,FRANKFORT,Frankfort
231301,KALKASKA,Kalkaska
231303,MANISTIQUE,Manistique
231304,NEWBERRY,Newberry
231305,STANDISH,Standish
231306,SAINT IGNACE,Saint Ignace
231307,L' ANSE,L'Anse
231308,MUNISING,Munising
231310,PIGEON,Pigeon
231311,DECKERVILLE,Deckerville
231312,SHERIDAN,Sheridan
231313,HARBOR BEACH,Harbor Beach
231314,SANDUSKY,Sandusky
231315,DOWAGIAC,Dowagiac
231316,CASS CITY,Cass City
231318,IRON RIVER,Iron River
231319,LAURIUM,Laurium
231320,SHELBY,Shelby
231321,ISHPEMING,Ishpeming
231322,CHARLEVOIX,Charlevoix
231323,REED CITY,Reed City
231324,EATON RAPIDS,Eaton Rapids
231325,GLADWIN,Gladwin
231326,SAINT JOHNS,Saint Johns
231327,CHARLOTTE,Charlotte
231328,ALLEGAN,Allegan
231329,CARO,Caro
231330,MARLETTE,Marlette
231331,IONIA,Ionia
231332,PAW PAW,Paw Paw
231333,IRONWOOD,Ironwood
231337,ESCANABA,Escanaba
231338,FREMONT,Fremont
231339,HASTINGS,Hastings
231340,BAD AXE,Bad Axe
231341,SOUTH HAVEN,South Haven
231342,IRON MOUNTAIN,Iron Mountain
232012,FLINT,Flint
232019,TAYLOR,Taylor
232023,MOUNT CLEMENS,Mount Clemens
232024,YPSILANTI,Ypsilanti
232029,GRAND RAPIDS,Grand Rapids
232031,WYANDOTTE,Wyandotte
232033,SAGINAW,Saginaw
232034,PLAINWELL,Plainwell
232035,BATTLE CREEK,Battle Creek
232037,LANSING,Lansing
232039,PONTIAC,Pontiac
233026,GRAND RAPIDS,Grand Rapids
233027,DETROIT,Detroit
233300,DETROIT,Detroit
234006,GRAND RAPIDS,Grand Rapids
234011,WEST BLOOMFIELD,West Bloomfield
234021,NEW BALTIMORE,New Baltimore
234023,AUBURN HILLS,Auburn Hills
234025,CARO,Caro
234026,KALAMAZOO,Kalamazoo
234030,GRAND RAPIDS,Grand Rapids
234035,WESTLAND,Westland
234038,DETROIT,Detroit
234040,DETROIT,Detroit
234041,SALINE,Saline
234042,WARREN,Warren
234043,SAINT JOHNS,Saint Johns
234044,EAST LANSING,East Lansing
234045,DEARBORN,Dearborn
234046,BATTLE CREEK,Battle Creek
234047,KALAMAZOO,Kalamazoo
234048,PONTIAC,Pontiac
234049,WARREN,Warren
234052,BYRON CENTER,Byron Center
240001,ROBBINSDALE,Robbinsdale
240002,DULUTH,Duluth
240004,MINNEAPOLIS,Minneapolis
240006,ROCHESTER,Rochester
240010,ROCHESTER,Rochester
240014,NORTHFIELD,Northfield
240018,RED WING,Red Wing
240019,DULUTH,Duluth
240020,CAMBRIDGE,Cambridge
240022,WORTHINGTON,Worthington
240030,ALEXANDRIA,Alexandria
240036,SAINT CLOUD,Saint Cloud
240038,SAINT PAUL,Saint Paul
240040,HIBBING,Hibbing
240043,ALBERT LEA,Albert Lea
240044,WINONA,Winona
240047,DULUTH,Duluth
240050,WYOMING,Wyoming
240053,SAINT LOUIS PARK,Saint Louis Park
240056,WACONIA,Waconia
240057,MINNEAPOLIS,Minneapolis
240064,GRAND RAPIDS,Grand Rapids
240066,STILLWATER,Stillwater
240069,OWATONNA,Owatonna
240071,FARIBAULT,Faribault
240075,BRAINERD,Brainerd
240076,BUFFALO,Buffalo
240078,EDINA,Edina
240080,MINNEAPOLIS,Minneapolis
240084,VIRGINIA,Virginia
240088,WILLMAR,Willmar
240093,MANKATO,Mankato
240100,BEMIDJI,Bemidji
240101,DETROIT LAKES,Detroit Lakes
240104,SHAKOPEE,Shakopee
240106,SAINT PAUL,Saint Paul
240115,COON RAPIDS,Coon Rapids
240141,PRINCETON,Princeton
240166,FAIRMONT,Fairmont
240187,HUTCHINSON,Hutchinson
240207,BURNSVILLE,Burnsville
240210,MAPLEWOOD,Maplewood
240213,WOODBURY,Woodbury
240214,MAPLE GROVE,Maple Grove
240779,MAHNOMEN,Mahnomen
241301,BAUDETTE,Baudette
241302,WESTBROOK,Westbrook
241303,TRACY,Tracy
241304,WHEATON,Wheaton
241305,AITKIN,Aitkin
241306,OLIVIA,Olivia
241308,TWO HARBORS,Two Harbors
241309,SANDSTONE,Sandstone
241311,ARLINGTON,Arlington
241312,COOK,Cook
241313,ADA,Ada
241314,DAWSON,Dawson
241315,JACKSON,Jackson
241316,BIGFORK,Bigfork
241317,GRAND MARAIS,Grand Marais
241318,ELY,Ely
241319,SLAYTON,Slayton
241320,CROOKSTON,Crookston
241321,GRACEVILLE,Graceville
241322,INTERNATIONAL FALLS,International Falls
241323,MADELIA,Madelia
241325,MONTEVIDEO,Montevideo
241326,LONG PRAIRIE,Long Prairie
241327,SLEEPY EYE,Sleepy Eye
241328,BAGLEY,Bagley
241329,STAPLES,Staples
241330,MELROSE,Melrose
241332,WINDOM,Windom
241333,ST JAMES,St. James
241334,ST PETER,St. Peter
241335,WABASHA,Wabasha
241336,HALLOCK,Hallock
241337,WARREN,Warren
241338,LAKE CITY,Lake City
241339,HENDRICKS,Hendricks
241340,AURORA,Aurora
241341,APPLETON,Appleton
241342,ORTONVILLE,Ortonville
241343,GRANITE FALLS,Granite Falls
241344,ROSEAU,Roseau
241345,WASECA,Waseca
241346,CANNON FALLS,Cannon Falls
241347,CANBY,Canby
241348,TYLER,Tyler
241349,PAYNESVILLE,Paynesville
241350,MOOSE LAKE,Moose Lake
241351,REDWOOD FALLS,Redwood Falls
241353,CROSBY,Crosby
241354,WADENA,Wadena
241355,GLENCOE,Glencoe
241356,ONAMIA,Onamia
241357,FOSSTON,Fosston
241359,MARSHALL,Marshall
241360,DEER RIVER,Deer River
241361,NEW PRAGUE,New Prague
241362,MONTICELLO,Monticello
241363,MORRIS,Morris
241364,CLOQUET,Cloquet
241365,BENSON,Benson
241366,LITCHFIELD,Litchfield
241367,MORA,Mora
241368,SAUK CENTRE,Sauk Centre
241369,BLUE EARTH,Blue Earth
241370,LITTLE FALLS,Little Falls
241371,LUVERNE,Luverne
241372,MADISON,Madison
241373,PERHAM,Perham
241374,PIPESTONE,Pipestone
241375,LE SUEUR,Le Sueur
241376,GLENWOOD,Glenwood
241377,BRECKENRIDGE,Breckenridge
241378,NEW ULM,New Ulm
241379,ELBOW LAKE,Elbow Lake
241380,PARK RAPIDS,Park Rapids
241381,THIEF RIVER FALLS,Thief River Falls
242004,SAINT PAUL,Saint Paul
242005,GOLDEN VALLEY,Golden Valley
243300,SAINT PAUL,Saint Paul
243302,MINNEAPOLIS,Minneapolis
244002,ANOKA,Anoka
244005,WILLMAR,Willmar
244011,ANNANDALE,Annandale
244012,ALEXANDRIA,Alexandria
244013,FERGUS FALLS,Fergus Falls
244014,BEMIDJI,Bemidji
244015,BAXTER,Baxter
244016,BROOKLYN PARK,Brooklyn Park
244017,ROCHESTER,Rochester
244018,THIEF RIVER FALLS,Thief River Falls
244019,SAINT PAUL,Saint Paul
250001,JACKSON,Jackson
250002,IUKA,Iuka
250004,TUPELO,Tupelo
250006,NEW ALBANY,New Albany
250009,CORINTH,Corinth
250018,BAY SPRINGS,Bay Springs
250019,GULFPORT,Gulfport
250020,EUPORA,Eupora
250025,AMORY,Amory
250027,LOUISVILLE,Louisville
250031,VICKSBURG,Vicksburg
250034,OXFORD,Oxford
250036,LUCEDALE,Lucedale
250038,CANTON,Canton
250040,PASCAGOULA,Pascagoula
250042,CLARKSDALE,Clarksdale
250044,BOONEVILLE,Booneville
250048,JACKSON,Jackson
250049,MAGNOLIA,Magnolia
250050,STARKVILLE,Starkville
250057,BROOKHAVEN,Brookhaven
250058,LAUREL,Laurel
250061,WATER VALLEY,Water Valley
250067,WEST POINT,West Point
250069,MERIDIAN,Meridian
250072,JACKSON,Jackson
250077,WAYNESBORO,Waynesboro
250078,HATTIESBURG,Hattiesburg
250081,MERIDIAN,Meridian
250082,GREENVILLE,Greenville
250084,NATCHEZ,Natchez
250085,COLUMBIA,Columbia
250093,CLEVELAND,Cleveland
250094,HATTIESBURG,Hattiesburg
250095,INDIANOLA,Indianola
250096,BRANDON,Brandon
250097,MCCOMB,McComb
250099,GREENWOOD,Greenwood
250100,COLUMBUS,Columbus
250102,JACKSON,Jackson
250104,MERIDIAN,Meridian
250117,PICAYUNE,Picayune
250123,GULFPORT,Gulfport
250124,MAGEE,Magee
250134,WHITFIELD,Whitfield
250136,FLOWOOD,Flowood
250138,FLOWOOD,Flowood
250141,SOUTHAVEN,Southaven
250151,MERIDIAN,Meridian
250152,JACKSON,Jackson
250162,BAY SAINT LOUIS,Bay St. Louis
250167,OLIVE BRANCH,Olive Branch
250168,GRENADA,Grenada
250172,SENATOBIA,Senatobia
250174,HOLLY SPRINGS,Holly Springs
250780,FAYETTE,Fayette
250781,BATESVILLE,Batesville
250782,LEAKESVILLE,Leakesville
250783,RICHTON,Richton
250784,ROLLING FORK,Rolling Fork
250785,HOUSTON,Houston
250786,RALEIGH,Raleigh
251300,FOREST,Forest
251302,ABERDEEN,Aberdeen
251304,CHARLESTON,Charleston
251305,MONTICELLO,Monticello
251307,MACON,Macon
251308,PONTOTOC,Pontotoc
251309,CENTREVILLE,Centreville
251312,WINONA,Winona
251313,YAZOO CITY,Yazoo City
251315,CARTHAGE,Carthage
251316,QUITMAN,Quitman
251317,MENDENHALL,Mendenhall
251318,RULEVILLE,Ruleville
251319,LEXINGTON,Lexington
251320,PORT GIBSON,Port Gibson
251322,UNION,Union
251323,MORTON,Morton
251324,TYLERTOWN,Tylertown
251325,COLLINS,Collins
251326,PRENTISS,Prentiss
251327,HAZLEHURST,Hazlehurst
251330,MEADVILLE,Meadville
251331,CALHOUN CITY,Calhoun City
251333,POPLARVILLE,Poplarville
251334,ACKERMAN,Ackerman
251335,DE KALB,De Kalb
251336,KOSCIUSKO,Kosciusko
251337,RIPLEY,Ripley
251339,MARKS,Marks
251340,PHILADELPHIA,Philadelphia
252003,JACKSON,Jackson
252004,MERIDIAN,Meridian
252005,GULFPORT,Gulfport
252006,MERIDIAN,Meridian
252007,JACKSON,Jackson
252013,GREENVILLE,Greenville
252014,BATESVILLE,Batesville
253027,GULFPORT,Gulfport
253028,MADISON,Madison
254005,OLIVE BRANCH,Olive Branch
254007,FLOWOOD,Flowood
254008,PURVIS,Purvis
254009,TUPELO,Tupelo
254010,WHITFIELD,Whitfield
254011,GULFPORT,Gulfport
254012,BILOXI,Biloxi
254013,TUPELO,Tupelo
254014,JACKSON,Jackson
260001,JOPLIN,Joplin
260005,SAINT CHARLES,Saint Charles
260006,SAINT JOSEPH,Saint Joseph
260009,SEDALIA,Sedalia
260011,JEFFERSON CITY,Jefferson City
260017,ROLLA,Rolla
260020,SAINT LOUIS,Saint Louis
260022,KIRKSVILLE,Kirksville
260023,FESTUS,Festus
260024,HOUSTON,Houston
260025,HANNIBAL,Hannibal
260027,KANSAS CITY,Kansas City
260032,SAINT LOUIS,Saint Louis
260034,BUTLER,Butler
260040,SPRINGFIELD,Springfield
260048,KANSAS CITY,Kansas City
260052,WASHINGTON,Washington
260057,CAMERON,Cameron
260059,LEBANON,Lebanon
260061,NEVADA,Nevada
260062,KANSAS CITY,Kansas City
260065,SPRINGFIELD,Springfield
260068,COLUMBIA,Columbia
260074,MOBERLY,Moberly
260077,SAINT LOUIS,Saint Louis
260078,WEST PLAINS,West Plains
260081,FENTON,Fenton
260085,KANSAS CITY,Kansas City
260091,RICHMOND HEIGHTS,Richmond Heights
260094,BRANSON,Branson
260095,INDEPENDENCE,Independence
260096,NORTH KANSAS CITY,North Kansas City
260097,WARRENSBURG,Warrensburg
260102,KANSAS CITY,Kansas City
260104,BRIDGETON,Bridgeton
260105,SAINT LOUIS,Saint Louis
260108,TOWN AND COUNTRY,Town and Country
260110,CAPE GIRARDEAU,Cape Girardeau
260113,SIKESTON,Sikeston
260119,POPLAR BLUFF,Poplar Bluff
260137,JOPLIN,Joplin
260138,KANSAS CITY,Kansas City
260141,COLUMBIA,Columbia
260142,MARSHALL,Marshall
260160,DEXTER,Dexter
260162,CREVE COEUR,Creve Coeur
260163,FARMINGTON,Farmington
260175,CLINTON,Clinton
260177,LIBERTY,Liberty
260179,CHESTERFIELD,Chesterfield
260180,SAINT LOUIS,Saint Louis
260183,CAPE GIRARDEAU,Cape Girardeau
260186,OSAGE BEACH,Osage Beach
260190,LEES SUMMIT,Lees Summit
260191,SAINT PETERS,Saint Peters
260193,BLUE SPRINGS,Blue Springs
260195,BOLIVAR,Bolivar
260200,LAKE SAINT LOUIS,Lake Saint Louis
260214,BELTON,Belton
260216,LEES SUMMIT,Lees Summit
260219,O FALLON,O'Fallon
260321,LEES SUMMIT,Lees Summit
260779,BONNE TERRE,Bonne Terre
260780,HAYTI,Hayti
261301,APPLETON CITY,Appleton City
261302,FREDERICKTOWN,Fredericktown
261303,FAIRFAX,Fairfax
261305,UNIONVILLE,Unionville
261306,MILAN,Milan
261307,BROOKFIELD,Brookfield
261308,POTOSI,Potosi
261309,TRENTON,Trenton
261310,MEMPHIS,Memphis
261311,PERRYVILLE,Perryville
261312,BETHANY,Bethany
261313,MACON,Macon
261314,HERMANN,Hermann
261316,AURORA,Aurora
261317,CASSVILLE,Cassville
261318,SALEM,Salem
261319,TROY,Troy
261320,LEXINGTON,Lexington
261321,CHILLICOTHE,Chillicothe
261322,EXCELSIOR SPRINGS,Excelsior Springs
261323,EL DORADO SPRINGS,El Dorado Springs
261324,HARRISONVILLE,Harrisonville
261325,LAMAR,Lamar
261327,RICHMOND,Richmond
261328,ALBANY,Albany
261329,MONETT,Monett
261330,SAINTE GENEVIEVE,Sainte Genevieve
261331,NEOSHO,Neosho
261332,CARROLLTON,Carrollton
261333,LOUISIANA,Louisiana
261335,MOUNTAIN VIEW,Mountain View
261336,PILOT KNOB,Pilot Knob
261337,SULLIVAN,Sullivan
261338,CARTHAGE,Carthage
261340,MARYVILLE,Maryville
262010,SAINT LOUIS,Saint Louis
262013,SAINT CHARLES,Saint Charles
262016,JOPLIN,Joplin
262017,SPRINGFIELD,Springfield
262018,KANSAS CITY,Kansas City
262019,SAINT JOSEPH,Saint Joseph
262020,COLUMBIA,Columbia
263027,COLUMBIA,Columbia
263028,SAINT LOUIS,Saint Louis
263029,CHESTERFIELD,Chesterfield
263030,CHESTERFIELD,Chesterfield
263031,RICHMOND HEIGHTS,Richmond Heights
263032,SPRINGFIELD,Springfield
263034,SAINT LOUIS,Saint Louis
263035,OZARK,Ozark
263301,SAINT LOUIS,Saint Louis
263302,KANSAS CITY,Kansas City
263303,MARYLAND HEIGHTS,Maryland Heights
263304,SAINT LOUIS,Saint Louis
264004,FULTON,Fulton
264005,FARMINGTON,Farmington
264007,SAINT JOSEPH,Saint Joseph
264008,KANSAS CITY,Kansas City
264010,SAINT LOUIS,Saint Louis
264012,SAINT CHARLES,Saint Charles
264020,WINDSOR,Windsor
264024,SPRINGFIELD,Springfield
264028,SAINT LOUIS,Saint Louis
264031,OSAGE BEACH,Osage Beach
264032,COLUMBIA,Columbia
264033,SPRINGFIELD,Springfield
264034,CAPE GIRARDEAU,Cape Girardeau
264035,MARYLAND HEIGHTS,Maryland Heights
270003,HELENA,Helena
270004,BILLINGS,Billings
270012,GREAT FALLS,Great Falls
270014,MISSOULA,Missoula
270017,BUTTE,Butte
270023,MISSOULA,Missoula
270049,BILLINGS,Billings
270051,KALISPELL,Kalispell
270057,BOZEMAN,Bozeman
270086,GREAT FALLS,Great Falls
270092,BILLINGS,Billings
270779,JORDAN,Jordan
271300,POPLAR,Poplar
271301,BAKER,Baker
271302,EKALAKA,Ekalaka
271303,PHILIPSBURG,Philipsburg
271304,FORT BENTON,Fort Benton
271305,CIRCLE,Circle
271306,WHITE SULPHUR SPRING,White Sulphur Spring
271307,CHOTEAU,Choteau
271308,CULBERTSON,Culbertson
271309,TERRY,Terry
271311,BIG SANDY,Big Sandy
271312,MALTA,Malta
271313,BIG TIMBER,Big Timber
271314,DEER LODGE,Deer Lodge
271316,GLASGOW,Glasgow
271317,LIVINGSTON,Livingston
271318,DILLON,Dillon
271319,SHERIDAN,Sheridan
271320,LIBBY,Libby
271321,HARLOWTON,Harlowton
271322,PLENTYWOOD,Plentywood
271323,PLAINS,Plains
271324,CONRAD,Conrad
271325,RONAN,Ronan
271326,RED LODGE,Red Lodge
271327,FORSYTH,Forsyth
271328,SHELBY,Shelby
271329,ENNIS,Ennis
271330,COLUMBUS,Columbus
271331,SUPERIOR,Superior
271332,GLENDIVE,Glendive
271333,TOWNSEND,Townsend
271334,CHESTER,Chester
271335,ANACONDA,Anaconda
271336,WHITEFISH,Whitefish
271337,CUT BANK,Cut Bank
271338,HARDIN,Hardin
271340,HAMILTON,Hamilton
271341,WOLF POINT,Wolf Point
271342,SCOBEY,Scobey
271343,POLSON,Polson
271344,SIDNEY,Sidney
271345,LEWISTOWN,Lewistown
271346,ROUNDUP,Roundup
271347,MILES CITY,Miles City
271348,HAVRE,Havre
271389,BIG SKY,Big Sky
272001,BILLINGS,Billings
273025,BILLINGS,Billings
274004,HELENA,Helena
280003,LINCOLN,Lincoln
280009,KEARNEY,Kearney
280013,OMAHA,Omaha
280020,LINCOLN,Lincoln
280023,GRAND ISLAND,Grand Island
280032,HASTINGS,Hastings
280040,OMAHA,Omaha
280060,OMAHA,Omaha
280061,SCOTTSBLUFF,Scottsbluff
280065,NORTH PLATTE,North Platte
280077,FREMONT,Fremont
280081,OMAHA,Omaha
280105,PAPILLION,Papillion
280111,COLUMBUS,Columbus
280125,NORFOLK,Norfolk
280127,LINCOLN,Lincoln
280128,LINCOLN,Lincoln
280129,OMAHA,Omaha
280130,OMAHA,Omaha
280131,OMAHA,Omaha
280132,BELLEVUE,Bellevue
280133,OMAHA,Omaha
280134,KEARNEY,Kearney
280139,GRAND ISLAND,Grand Island
280779,FRIEND,Friend
280780,OSHKOSH,Oshkosh
281300,ALMA,Alma
281301,GENEVA,Geneva
281302,PAWNEE CITY,Pawnee City
281303,LYNCH,Lynch
281304,HEBRON,Hebron
281305,KIMBALL,Kimball
281306,MINDEN,Minden
281307,WAHOO,Wahoo
281308,HENDERSON,Henderson
281309,SYRACUSE,Syracuse
281311,FRANKLIN,Franklin
281312,GENOA,Genoa
281313,GOTHENBURG,Gothenburg
281314,OSCEOLA,Osceola
281315,SUPERIOR,Superior
281316,RED CLOUD,Red Cloud
281318,BRIDGEPORT,Bridgeport
281319,FAIRBURY,Fairbury
281320,AURORA,Aurora
281322,WEST POINT,West Point
281323,SCHUYLER,Schuyler
281324,AUBURN,Auburn
281325,AINSWORTH,Ainsworth
281326,NELIGH,Neligh
281327,COZAD,Cozad
281328,CENTRAL CITY,Central City
281329,O' NEILL,O'Neill
281331,CREIGHTON,Creighton
281332,DAVID CITY,David City
281333,BASSETT,Bassett
281334,ALBION,Albion
281335,CALLAWAY,Callaway
281336,YORK,York
281338,ST PAUL,St. Paul
281339,SEWARD,Seward
281340,BENKELMAN,Benkelman
281341,CHADRON,Chadron
281342,NEBRASKA CITY,Nebraska City
281343,ATKINSON,Atkinson
281344,VALENTINE,Valentine
281345,WAYNE,Wayne
281346,PLAINVIEW,Plainview
281347,OSMOND,Osmond
281348,CAMBRIDGE,Cambridge
281349,PENDER,Pender
281350,TECUMSEH,Tecumseh
281351,IMPERIAL,Imperial
281352,FALLS CITY,Falls City
281353,ORD,Ord
281354,CRETE,Crete
281355,OGALLALA,Ogallala
281356,GRANT,Grant
281357,SIDNEY,Sidney
281358,GORDON,Gordon
281359,BLAIR,Blair
281360,ALLIANCE,Alliance
281361,LEXINGTON,Lexington
281362,HOLDREGE,Holdrege
281363,MCCOOK,McCook
281364,BEATRICE,Beatrice
281365,BROKEN BOW,Broken Bow
282000,LINCOLN,Lincoln
282001,OMAHA,Omaha
282003,OMAHA,Omaha
283025,LINCOLN,Lincoln
283300,BOYS TOWN,Boys Town
283301,OMAHA,Omaha
284003,LINCOLN,Lincoln
284009,OMAHA,Omaha
290001,RENO,Reno
290003,LAS VEGAS,Las Vegas
290005,NORTH LAS VEGAS,North Las Vegas
290007,LAS VEGAS,Las Vegas
290008,ELKO,Elko
290009,RENO,Reno
290012,HENDERSON,Henderson
290019,CARSON CITY,Carson City
290021,LAS VEGAS,Las Vegas
290032,SPARKS,Sparks
290039,LAS VEGAS,Las Vegas
290041,LAS VEGAS,Las Vegas
290042,LAS VEGAS,Las Vegas
290045,HENDERSON,Henderson
290046,LAS VEGAS,Las Vegas
290047,LAS VEGAS,Las Vegas
290049,RENO,Reno
290053,LAS VEGAS,Las Vegas
290054,LAS VEGAS,Las Vegas
290057,HENDERSON,Henderson
290058,NORTH LAS VEGAS,North Las Vegas
290062,HENDERSON,Henderson
290063,HENDERSON,Henderson
291300,HAWTHORNE,Hawthorne
291301,INCLINE VILLAGE,Incline Village
291302,ELY,Ely
291303,BATTE MTN,Battle Mountain
291304,LOVELOCK,Lovelock
291306,GARDNERVILLE,Gardnerville
291307,MESQUITE,Mesquite
291308,WINNEMUCCA,Winnemucca
291309,BOULDER CITY,Boulder City
291311,PAHRUMP,Pahrump
291312,CALIENTE,Caliente
291313,FALLON,Fallon
291314,YERINGTON,Yerington
292002,LAS VEGAS,Las Vegas
292003,LAS VEGAS,Las Vegas
292004,SPARKS,Sparks
292006,LAS VEGAS,Las Vegas
292007,LAS VEGAS,Las Vegas
292009,LAS VEGAS,Las Vegas
293026,LAS VEGAS,Las Vegas
293032,HENDERSON,Henderson
293033,LAS VEGAS,Las Vegas
293034,LAS VEGAS,Las Vegas
293035,HENDERSON,Henderson
294000,SPARKS,Sparks
294002,LAS VEGAS,Las Vegas
294012,HENDERSON,Henderson
294013,LAS VEGAS,Las Vegas
294015,RENO,Reno
294016,LAS VEGAS,Las Vegas
300001,CONCORD,Concord
300003,LEBANON,Lebanon
300005,LACONIA,Laconia
300011,NASHUA,Nashua
300012,MANCHESTER,Manchester
300014,ROCHESTER,Rochester
300017,DERRY,Derry
300018,DOVER,Dover
300019,KEENE,Keene
300020,NASHUA,Nashua
300023,EXETER,Exeter
300029,PORTSMOUTH,Portsmouth
300034,MANCHESTER,Manchester
301300,COLEBROOK,Colebrook
301301,WOODSVILLE,Woodsville
301302,LITTLETON,Littleton
301303,LANCASTER,Lancaster
301304,NEW LONDON,New London
301305,LEBANON,Lebanon
301306,FRANKLIN,Franklin
301307,NORTH CONWAY,North Conway
301308,CLAREMONT,Claremont
301309,PETERBOROUGH,Peterborough
301310,BERLIN,Berlin
301311,PLYMOUTH,Plymouth
301312,WOLFEBORO,Wolfeboro
303026,SALEM,Salem
303027,CONCORD,Concord
304000,CONCORD,Concord
310001,HACKENSACK,Hackensack
310002,NEWARK,Newark
310003,NORTH BERGEN,North Bergen
310005,FLEMINGTON,Flemington
310006,PASSAIC,Passaic
310008,TEANECK,Teaneck
310009,BELLEVILLE,Belleville
310010,PLAINSBORO,Plainsboro
310011,CAPE MAY COURT HOUSE,Cape May Court House
310012,PARAMUS,Paramus
310014,CAMDEN,Camden
310015,MORRISTOWN,Morristown
310016,JERSEY CITY,Jersey City
310017,POMPTON PLAINS,Pompton Plains
310019,PATERSON,Paterson
310022,VOORHEES,Voorhees
310024,RAHWAY,Rahway
310025,BAYONNE,Bayonne
310027,ELIZABETH,Elizabeth
310028,NEWTON,Newton
310029,CAMDEN,Camden
310031,BROWNS MILLS,Browns Mills
310032,VINELAND,Vineland
310034,RED BANK,Red Bank
310038,NEW BRUNSWICK,New Brunswick
310039,PERTH AMBOY,Perth Amboy
310040,HOBOKEN,Hoboken
310041,TOMS RIVER,Toms River
310044,PENNINGTON,Pennington
310045,ENGLEWOOD,Englewood
310047,SOMERS POINT,Somers Point
310048,SOMERVILLE,Somerville
310050,DENVILLE,Denville
310051,SUMMIT,Summit
310052,BRICK,Brick
310054,MONTCLAIR,Montclair
310057,MOUNT HOLLY,Mount Holly
310058,PARAMUS,Paramus
310060,PHILLIPSBURG,Phillipsburg
310061,WILLINGBORO,Willingboro
310064,ATLANTIC CITY,Atlantic City
310069,MULLICA HILL,Mullica Hill
310070,NEW BRUNSWICK,New Brunswick
310073,NEPTUNE,Neptune
310074,JERSEY CITY,Jersey City
310075,LONG BRANCH,Long Branch
310076,LIVINGSTON,Livingston
310083,EAST ORANGE,East Orange
310084,LAKEWOOD,Lakewood
310086,STRATFORD,Stratford
310092,TRENTON,Trenton
310096,NEWARK,Newark
310108,EDISON,Edison
310110,HAMILTON,Hamilton
310111,FREEHOLD,Freehold
310112,HOLMDEL,Holmdel
310113,MANAHAWKIN,Manahawkin
310115,HACKETTSTOWN,Hackettstown
310118,SECAUCUS,Secaucus
310119,NEWARK,Newark
310130,WESTWOOD,Westwood
312014,PEAPACK,Peapack
312017,LAKEWOOD,Lakewood
312018,ELIZABETH,Elizabeth
312019,ROCHELLE PARK,Rochelle Park
312020,DOVER,Dover
312022,WILLINGBORO,Willingboro
312023,ATLANTIC CITY,Atlantic City
312024,NEWARK,Newark
312025,PERTH AMBOY,Perth Amboy
313025,WEST ORANGE,West Orange
313027,LAWRENCEVILLE,Lawrenceville
313029,TOMS RIVER,Toms River
313032,MARLTON,Marlton
313035,TINTON FALLS,Tinton Falls
313036,VINELAND,Vineland
313038,MADISON,Madison
313300,NEW BRUNSWICK,New Brunswick
313302,MARLTON,Marlton
314001,SUMMIT,Summit
314005,HAMMONTON,Hammonton
314011,PISCATAWAY,Piscataway
314012,BELLE MEAD,Belle Mead
314013,TRENTON,Trenton
314016,GREYSTONE PARK,Greystone Park
314018,BLACKWOOD,Blackwood
314019,WYCKOFF,Wyckoff
314020,CEDAR GROVE,Cedar Grove
314021,WESTAMPTON,Westampton
314022,TOMS RIVER,Toms River
314023,PEMBERTON,Pemberton
314024,SECAUCUS,Secaucus
314027,BERKELEY HEIGHTS,Berkeley Heights
320001,ALBUQUERQUE,Albuquerque
320002,SANTA FE,Santa Fe
320004,ALAMOGORDO,Alamogordo
320005,FARMINGTON,Farmington
320006,ROSWELL,Roswell
320009,ALBUQUERQUE,Albuquerque
320011,ESPANOLA,Espanola
320017,ALBUQUERQUE,Albuquerque
320018,LAS CRUCES,Las Cruces
320021,ALBUQUERQUE,Albuquerque
320022,CLOVIS,Clovis
320030,ARTESIA,Artesia
320033,LOS ALAMOS,Los Alamos
320063,CARLSBAD,Carlsbad
320065,HOBBS,Hobbs
320074,ALBUQUERQUE,Albuquerque
320084,PORTALES,Portales
320085,LAS CRUCES,Las Cruces
320086,ROSWELL,Roswell
320090,SANTA FE,Santa Fe
320091,LAS CRUCES,Las Cruces
320779,SANTA ROSA,Santa Rosa
321300,T OR C,Truth or Consequences
321301,SOCORRO,Socorro
321302,TUCUMCARI,Tucumcari
321304,CLAYTON,Clayton
321305,LOVINGTON,Lovington
321306,RUIDOSO,Ruidoso
321307,RATON,Raton
321308,GRANTS,Grants
321309,DEMING,Deming
321310,TAOS,Taos
321311,SILVER CITY,Silver City
321312,LAS VEGAS,Las Vegas
321313,GALLUP,Gallup
322002,ALBUQUERQUE,Albuquerque
322003,ALBUQUERQUE,Albuquerque
322004,LAS CRUCES,Las Cruces
323026,ROSWELL,Roswell
323027,ALBUQUERQUE,Albuquerque
323028,ALBUQUERQUE,Albuquerque
323032,LAS CRUCES,Las Cruces
323033,RIO RANCHO,Rio Rancho
324010,LAS CRUCES,Las Cruces
324012,SANTA TERESA,Santa Teresa
324013,ALBUQUERQUE,Albuquerque
324014,ALBUQUERQUE,Albuquerque
324015,ALBUQUERQUE,Albuquerque
330005,BUFFALO,Buffalo
330006,YONKERS,Yonkers
330009,BRONX,Bronx
330011,BINGHAMTON,Binghamton
330013,ALBANY,Albany
330014,JAMAICA,Jamaica
330019,BROOKLYN,Brooklyn
330023,POUGHKEEPSIE,Poughkeepsie
330024,NEW YORK,New York
330027,EAST MEADOW,East Meadow
330028,STATEN ISLAND,Staten Island
330030,NEWARK,Newark
330033,NORWICH,Norwich
330043,BAY SHORE,Bay Shore
330044,UTICA,Utica
330045,HUNTINGTON,Huntington
330046,NEW YORK,New York
330047,AMSTERDAM,Amsterdam
330049,RHINEBECK,Rhinebeck
330055,FLUSHING,Flushing
330056,BROOKLYN,Brooklyn
330057,ALBANY,Albany
330058,GENEVA,Geneva
330059,BRONX,Bronx
330065,NIAGARA FALLS,Niagara Falls
330073,BATAVIA,Batavia
330074,CANANDAIGUA,Canandaigua
330078,BUFFALO,Buffalo
330079,SARANAC LAKE,Saranac Lake
330080,BRONX,Bronx
330085,ONEONTA,Oneonta
330086,MOUNT VERNON,Mount Vernon
330090,ELMIRA,Elmira
330094,HUDSON,Hudson
330096,WELLSVILLE,Wellsville
330100,NEW YORK,New York
330101,NEW YORK,New York
330102,KENMORE,Kenmore
330103,OLEAN,Olean
330104,NYACK,Nyack
330106,MANHASSET,Manhasset
330107,RIVERHEAD,Riverhead
330111,SPRINGVILLE,Springville
330115,ONEIDA,Oneida
330119,NEW YORK,New York
330125,ROCHESTER,Rochester
330126,MIDDLETOWN,Middletown
330127,BRONX,Bronx
330128,ELMHURST,Elmhurst
330135,PORT JERVIS,Port Jervis
330136,COOPERSTOWN,Cooperstown
330140,SYRACUSE,Syracuse
330141,PATCHOGUE,Patchogue
330151,HORNELL,Hornell
330153,SCHENECTADY,Schenectady
330154,NEW YORK,New York
330157,WATERTOWN,Watertown
330158,SUFFERN,Suffern
330160,STATEN ISLAND,Staten Island
330162,MOUNT KISCO,Mount Kisco
330164,ROCHESTER,Rochester
330169,BROOKLYN,Brooklyn
330175,CORTLAND,Cortland
330180,TROY,Troy
330181,GLEN COVE,Glen Cove
330182,ROSLYN,Roslyn
330184,NEW ROCHELLE,New Rochelle
330185,PORT JEFFERSON,Port Jefferson
330188,LEWISTON,Lewiston
330191,GLENS FALLS,Glens Falls
330193,FLUSHING,Flushing
330194,BROOKLYN,Brooklyn
330195,NEW HYDE PARK,New Hyde Park
330196,BROOKLYN,Brooklyn
330197,POTSDAM,Potsdam
330198,OCEANSIDE,Oceanside
330199,NEW YORK,New York
330202,BROOKLYN,Brooklyn
330203,SYRACUSE,Syracuse
330204,NEW YORK,New York
330205,WARWICK,Warwick
330208,YONKERS,Yonkers
330214,NEW YORK,New York
330215,ROME,Rome
330218,OSWEGO,Oswego
330219,BUFFALO,Buffalo
330221,BROOKLYN,Brooklyn
330222,SARATOGA SPRINGS,Saratoga Springs
330224,KINGSTON,Kingston
330226,ROCHESTER,Rochester
330229,DUNKIRK,Dunkirk
330231,JAMAICA,Jamaica
330233,BROOKLYN,Brooklyn
330234,VALHALLA,Valhalla
330235,AUBURN,Auburn
330238,DANSVILLE,Dansville
330239,JAMESTOWN,Jamestown
330240,NEW YORK,New York
330241,SYRACUSE,Syracuse
330246,PORT JEFFERSON,Port Jefferson
330250,PLATTSBURGH,Plattsburgh
330259,ROCKVILLE CENTRE,Rockville Centre
330261,SLEEPY HOLLOW,Sleepy Hollow
330264,NEWBURGH,Newburgh
330265,CLIFTON SPRINGS,Clifton Springs
330267,CORTLANDT MANOR,Cortlandt Manor
330270,NEW YORK,New York
330273,CARMEL,Carmel
330276,GLOVERSVILLE,Gloversville
330277,CORNING,Corning
330279,BUFFALO,Buffalo
330285,ROCHESTER,Rochester
330286,WEST ISLIP,West Islip
330304,WHITE PLAINS,White Plains
330307,ITHACA,Ithaca
330331,PLAINVIEW,Plainview
330332,BETHPAGE,Bethpage
330350,BROOKLYN,Brooklyn
330354,BUFFALO,Buffalo
330386,HARRIS,Harris
330393,STONY BROOK,Stony Brook
330394,BINGHAMTON,Binghamton
330395,FAR ROCKAWAY,Far Rockaway
330396,BROOKLYN,Brooklyn
330399,BRONX,Bronx
330401,SMITHTOWN,Smithtown
330405,WEST HAVERSTRAW,West Haverstraw
330406,SCHENECTADY,Schenectady
330410,NEW YORK,New York
330411,ROCHESTER,Rochester
330799,STAR LAKE,Star Lake
330800,BATH,Bath
330801,WESTFIELD,Westfield
331301,CUBA,Cuba
331302,ELIZABETHTOWN,Elizabethtown
331303,CALLICOON,Callicoon
331304,MARGARETVILLE,Margaretville
331305,DELHI,Delhi
331309,ALEXANDRIA BAY,Alexandria Bay
331310,ELLENVILLE,Ellenville
331311,LITTLE FALLS,Little Falls
331312,WALTON,Walton
331313,MONTOUR FALLS,Montour Falls
331314,PENN YAN,Penn Yan
331315,GOUVERNEUR,Gouverneur
331316,HAMILTON,Hamilton
331317,LOWVILLE,Lowville
331318,CARTHAGE,Carthage
331319,MEDINA,Medina
331320,COBLESKILL,Cobleskill
331321,MALONE,Malone
331322,MASSENA,Massena
331323,WARSAW,Warsaw
331324,OGDENSBURG,Ogdensburg
332006,BRONX,Bronx
332008,NEW YORK,New York
333030,WHITE PLAINS,White Plains
333301,VALHALLA,Valhalla
334001,SYRACUSE,Syracuse
334002,KATONAH,Katonah
334003,OGDENSBURG,Ogdensburg
334004,QUEENS VILLAGE,Queens Village
334009,NEW YORK,New York
334012,BINGHAMTON,Binghamton
334013,WEST BRENTWOOD,West Brentwood
334015,ORANGEBURG,Orangeburg
334020,ROCHESTER,Rochester
334021,UTICA,Utica
334022,BUFFALO,Buffalo
334026,AMITYVILLE,Amityville
334027,AMITYVILLE,Amityville
334043,STATEN ISLAND,Staten Island
334045,ELMIRA,Elmira
334046,ALBANY,Albany
334048,NEW YORK,New York
334049,SARATOGA SPRINGS,Saratoga Springs
334052,BUFFALO,Buffalo
334053,BRONX,Bronx
334054,NEW YORK,New York
334060,NEW YORK,New York
334061,NEW HAMPTON,New Hampton
334063,BROOKLYN,Brooklyn
334064,DIX HILLS,Dix Hills
334065,WEST SENECA,West Seneca
334066,ORANGEBURG,Orangeburg
334067,BELLEROSE,Bellerose
334068,OGDENSBURG,Ogdensburg
340001,CONCORD,Concord
340002,ASHEVILLE,Asheville
340003,MOUNT AIRY,Mount Airy
340004,HIGH POINT,High Point
340008,LAURINBURG,Laurinburg
340010,GOLDSBORO,Goldsboro
340013,RUTHERFORDTON,Rutherfordton
340014,WINSTON-SALEM,Winston-Salem
340015,SALISBURY,Salisbury
340016,SYLVA,Sylva
340017,HENDERSONVILLE,Hendersonville
340020,SANFORD,Sanford
340021,SHELBY,Shelby
340023,HENDERSONVILLE,Hendersonville
340024,CLINTON,Clinton
340027,KINSTON,Kinston
340028,FAYETTEVILLE,Fayetteville
340030,DURHAM,Durham
340032,GASTONIA,Gastonia
340039,STATESVILLE,Statesville
340040,GREENVILLE,Greenville
340041,LENOIR,Lenoir
340042,JACKSONVILLE,Jacksonville
340047,WINSTON-SALEM,Winston-Salem
340049,DURHAM,Durham
340050,LUMBERTON,Lumberton
340051,BOONE,Boone
340053,CHARLOTTE,Charlotte
340060,EDEN,Eden
340061,CHAPEL HILL,Chapel Hill
340064,NORTH WILKESBORO,North Wilkesboro
340068,WHITEVILLE,Whiteville
340069,RALEIGH,Raleigh
340070,BURLINGTON,Burlington
340071,DUNN,Dunn
340075,MORGANTON,Morganton
340084,WADESBORO,Wadesboro
340085,THOMASVILLE,Thomasville
340087,MARION,Marion
340090,SMITHFIELD,Smithfield
340091,GREENSBORO,Greensboro
340096,LEXINGTON,Lexington
340097,ELKIN,Elkin
340098,CHARLOTTE,Charlotte
340099,AHOSKIE,Ahoskie
340107,TARBORO,Tarboro
340109,ELIZABETH CITY,Elizabeth City
340113,CHARLOTTE,Charlotte
340114,RALEIGH,Raleigh
340115,PINEHURST,Pinehurst
340116,HICKORY,Hickory
340119,ALBEMARLE,Albemarle
340120,KENANSVILLE,Kenansville
340123,ASHEBORO,Asheboro
340126,WILSON,Wilson
340127,OXFORD,Oxford
340129,MOORESVILLE,Mooresville
340130,MONROE,Monroe
340131,NEW BERN,New Bern
340132,HENDERSON,Henderson
340141,WILMINGTON,Wilmington
340142,MOREHEAD CITY,Morehead City
340143,HICKORY,Hickory
340145,LINCOLNTON,Lincolnton
340147,ROCKY MOUNT,Rocky Mount
340148,WINSTON-SALEM,Winston-Salem
340151,ROANOKE RAPIDS,Roanoke Rapids
340155,DURHAM,Durham
340158,SUPPLY,Supply
340159,ROXBORO,Roxboro
340166,CHARLOTTE,Charlotte
340168,WILMINGTON,Wilmington
340171,MATTHEWS,Matthews
340173,CARY,Cary
340183,HUNTERSVILLE,Huntersville
340184,CLYDE,Clyde
340188,RAEFORD,Raeford
340190,CHARLOTTE,Charlotte
340195,CHARLOTTE,Charlotte
341303,TROY,Troy
341304,WINDSOR,Windsor
341305,BRYSON CITY,Bryson City
341307,BURGAW,Burgaw
341311,SILER CITY,Siler City
341314,PLYMOUTH,Plymouth
341315,ELIZABETHTOWN,Elizabethtown
341316,HIGHLANDS,Highlands
341317,DANBURY,Danbury
341318,EDENTON,Edenton
341319,BREVARD,Brevard
341320,SPARTA,Sparta
341322,COLUMBUS,Columbus
341323,LINVILLE,Linville
341324,NAGS HEAD,Nags Head
341325,JEFFERSON,Jefferson
341326,FRANKLIN,Franklin
341327,SOUTHPORT,Southport
341328,MURPHY,Murphy
341329,SPRUCE PINE,Spruce Pine
342012,GREENSBORO,Greensboro
342013,ROCKY MOUNT,Rocky Mount
342014,FAYETTEVILLE,Fayetteville
342015,CHARLOTTE,Charlotte
342018,DURHAM,Durham
342020,GREENSBORO,Greensboro
343025,ASHEVILLE,Asheville
343026,CHARLOTTE,Charlotte
343027,WINSTON-SALEM,Winston-Salem
343028,APEX,Apex
344004,BUTNER,Butner
344007,WINSTON SALEM,Winston Salem
344014,RALEIGH,Raleigh
344016,JACKSONVILLE,Jacksonville
344023,BLACK MOUNTAIN,Black Mountain
344025,MORGANTON,Morganton
344026,GOLDSBORO,Goldsboro
344029,ERWIN,Erwin
344030,LELAND,Leland
344032,RALEIGH,Raleigh
344033,GREENVILLE,Greenville
344034,LINVILLE,Linville
344035,GARNER,Garner
344036,STATESVILLE,Statesville
344037,GREENVILLE,Greenville
350002,BISMARCK,Bismarck
350006,MINOT,Minot
350011,FARGO,Fargo
350015,BISMARCK,Bismarck
350019,GRAND FORKS,Grand Forks
350070,FARGO,Fargo
350779,MCVILLE,McVille
351300,TIOGA,Tioga
351301,STANLEY,Stanley
351302,WATFORD CITY,Watford City
351303,GARRISON,Garrison
351304,TURTLE LAKE,Turtle Lake
351305,KENMARE,Kenmare
351306,COOPERSTOWN,Cooperstown
351307,BOTTINEAU,Bottineau
351309,MAYVILLE,Mayville
351310,HAZEN,Hazen
351311,LISBON,Lisbon
351312,NORTHWOOD,Northwood
351313,BOWMAN,Bowman
351314,ELGIN,Elgin
351315,OAKES,Oakes
351316,ROLLA,Rolla
351318,CARRINGTON,Carrington
351319,CAVALIER,Cavalier
351320,GRAFTON,Grafton
351321,WISHEK,Wishek
351322,ASHLEY,Ashley
351323,LANGDON,Langdon
351324,VALLEY CITY,Valley City
351325,CROSBY,Crosby
351326,PARK RIVER,Park River
351327,HARVEY,Harvey
351328,LINTON,Linton
351329,HILLSBORO,Hillsboro
351330,HETTINGER,Hettinger
351331,CANDO,Cando
351332,RUGBY,Rugby
351333,DEVILS LAKE,Devils Lake
351334,WILLISTON,Williston
351335,JAMESTOWN,Jamestown
351336,DICKINSON,Dickinson
352004,FARGO,Fargo
352005,MANDAN,Mandan
353026,FARGO,Fargo
353027,GRAND FORKS,Grand Forks
354003,JAMESTOWN,Jamestown
354004,FARGO,Fargo
360001,CINCINNATI,Cincinnati
360002,ASHLAND,Ashland
360003,CINCINNATI,Cincinnati
360006,COLUMBUS,Columbus
360008,PORTSMOUTH,Portsmouth
360009,LIMA,Lima
360010,DOVER,Dover
360011,MARION,Marion
360012,WESTERVILLE,Westerville
360013,SIDNEY,Sidney
360014,ATHENS,Athens
360016,CINCINNATI,Cincinnati
360017,COLUMBUS,Columbus
360020,AKRON,Akron
360025,SANDUSKY,Sandusky
360026,XENIA,Xenia
360027,AKRON,Akron
360029,BOWLING GREEN,Bowling Green
360032,SAINT MARYS,Saint Marys
360035,COLUMBUS,Columbus
360036,WOOSTER,Wooster
360039,ZANESVILLE,Zanesville
360040,MOUNT VERNON,Mount Vernon
360041,PARMA,Parma
360046,OXFORD,Oxford
360048,TOLEDO,Toledo
360051,DAYTON,Dayton
360054,GALLIPOLIS,Gallipolis
360056,FAIRFIELD,Fairfield
360058,COLDWATER,Coldwater
360059,CLEVELAND,Cleveland
360064,YOUNGSTOWN,Youngstown
360065,NORWALK,Norwalk
360066,LIMA,Lima
360068,TOLEDO,Toledo
360070,CANTON,Canton
360071,VAN WERT,Van Wert
360072,LANCASTER,Lancaster
360075,CHARDON,Chardon
360076,FRANKLIN,Franklin
360077,CLEVELAND,Cleveland
360078,RAVENNA,Ravenna
360079,KETTERING,Kettering
360082,EUCLID,Euclid
360084,CANTON,Canton
360085,COLUMBUS,Columbus
360086,SPRINGFIELD,Springfield
360087,CLEVELAND,Cleveland
360089,TIFFIN,Tiffin
360091,MEDINA,Medina
360092,MARYSVILLE,Marysville
360095,FINDLAY,Findlay
360096,EAST LIVERPOOL,East Liverpool
360098,CONCORD,Concord
360107,BELLEVUE,Bellevue
360109,COSHOCTON,Coshocton
360112,TOLEDO,Toledo
360118,MANSFIELD,Mansfield
360121,BRYAN,Bryan
360123,WESTLAKE,Westlake
360125,ASHTABULA,Ashtabula
360131,ALLIANCE,Alliance
360132,HAMILTON,Hamilton
360133,DAYTON,Dayton
360134,CINCINNATI,Cincinnati
360137,CLEVELAND,Cleveland
360143,GARFIELD HEIGHTS,Garfield Heights
360144,WARRENSVILLE HEIGHTS,Warrensville Heights
360145,ELYRIA,Elyria
360147,MARIETTA,Marietta
360150,CUYAHOGA FALLS,Cuyahoga Falls
360152,COLUMBUS,Columbus
360155,MIDDLEBURG HEIGHTS,Middleburg Heights
360156,FREMONT,Fremont
360159,CHILLICOTHE,Chillicothe
360161,WARREN,Warren
360163,CINCINNATI,Cincinnati
360170,CIRCLEVILLE,Circleville
360172,LORAIN,Lorain
360174,TROY,Troy
360175,WILMINGTON,Wilmington
360179,CINCINNATI,Cincinnati
360180,CLEVELAND,Cleveland
360185,SALEM,Salem
360189,LONDON,London
360197,BELLEFONTAINE,Bellefontaine
360203,CAMBRIDGE,Cambridge
360210,DELAWARE,Delaware
360211,STEUBENVILLE,Steubenville
360218,NEWARK,Newark
360230,MAYFIELD HEIGHTS,Mayfield Heights
360234,CINCINNATI,Cincinnati
360236,BATAVIA,Batavia
360239,MIAMISBURG,Miamisburg
360242,COLUMBUS,Columbus
360245,ROCK CREEK,Rock Creek
360259,OREGON,Oregon
360263,LIMA,Lima
360266,NEW ALBANY,New Albany
360270,DEFIANCE,Defiance
360276,BOARDMAN,Boardman
360348,DUBLIN,Dublin
360351,AKRON,Akron
360352,YOUNGSTOWN,Youngstown
360354,WEST CHESTER,West Chester
360355,SPRINGFIELD,Springfield
360358,CANAL WINCHESTER,Canal Winchester
360359,BEACHWOOD,Beachwood
360360,BEAVER CREEK,Beaver Creek
360361,PORTSMOUTH,Portsmouth
360364,AVON,Avon
360365,ONTARIO,Ontario
360367,BEACHWOOD,Beachwood
360368,TROY,Troy
360374,MASON,Mason
360375,DUBLIN,Dublin
361300,PAULDING,Paulding
361301,HICKSVILLE,Hicksville
361302,DENNISON,Dennison
361303,LODI,Lodi
361304,GREENFIELD,Greenfield
361306,OBERLIN,Oberlin
361307,GENEVA,Geneva
361308,CONNEAUT,Conneaut
361309,NAPOLEON,Napoleon
361310,WILLARD,Willard
361311,CADIZ,Cadiz
361312,URBANA,Urbana
361313,MOUNT GILEAD,Mount Gilead
361314,PORT CLINTON,Port Clinton
361315,KENTON,Kenton
361316,BUCYRUS,Bucyrus
361318,FOSTORIA,Fostoria
361319,MARIETTA,Marietta
361320,JACKSON,Jackson
361321,BARNESVILLE,Barnesville
361322,BLUFFTON,Bluffton
361323,ORRVILLE,Orrville
361324,SHELBY,Shelby
361325,GALION,Galion
361326,SEAMAN,Seaman
361327,MONTPELIER,Montpelier
361328,DEFIANCE,Defiance
361329,UPPER SANDUSKY,Upper Sandusky
361330,LOGAN,Logan
361331,WASHINGTON CH,Washington Court House
361332,HILLSBORO,Hillsboro
361333,WAUSEON,Wauseon
361334,WAVERLY,Waverly
361335,GREENVILLE,Greenville
361337,MILLERSBURG,Millersburg
362015,BEDFORD,Bedford
362016,CANTON,Canton
362019,CINCINNATI,Cincinnati
362020,LIMA,Lima
362022,COLUMBUS,Columbus
362023,BOARDMAN,Boardman
362026,CLEVELAND,Cleveland
362027,AKRON,Akron
362028,MIAMISBURG,Miamisburg
362029,WARRENSVILLE HTS,Warrensville Heights
362031,NEWARK,Newark
362033,DAYTON,Dayton
362036,SYLVANIA,Sylvania
362037,COLUMBUS,Columbus
363033,DAYTON,Dayton
363034,CINCINNATI,Cincinnati
363035,AKRON,Akron
363036,BEACHWOOD,Beachwood
363037,COLUMBUS,Columbus
363038,AVON,Avon
363039,AVON,Avon
363040,TOLEDO,Toledo
363041,CINCINNATI,Cincinnati
363042,WESTERVILLE,Westerville
363043,TOLEDO,Toledo
363045,LIBERTY TOWNSHIP,Liberty Township
363046,MIAMISBURG,Miamisburg
363047,BLUE ASH,Blue Ash
363048,LANCASTER,Lancaster
363049,YOUNGSTOWN,Youngstown
363300,CINCINNATI,Cincinnati
363302,CLEVELAND,Cleveland
363303,AKRON,Akron
363304,CLEVELAND,Cleveland
363305,COLUMBUS,Columbus
363306,DAYTON,Dayton
363308,DAYTON,Dayton
363309,TOLEDO,Toledo
364007,COLUMBUS,Columbus
364011,NORTHFIELD,Northfield
364014,TOLEDO,Toledo
364015,ATHENS,Athens
364029,WILLOUGHBY,Willoughby
364031,MASSILLON,Massillon
364035,CINCINNATI,Cincinnati
364036,MAUMEE,Maumee
364038,YOUNGSTOWN,Youngstown
364040,SPRINGFIELD,Springfield
364041,COLUMBUS,Columbus
364044,MASON,Mason
364047,MIDDLE POINT,Middle Point
364048,DAYTON,Dayton
364049,DUBLIN,Dublin
364051,WEST CHESTER,West Chester
364052,LORAIN,Lorain
364053,BEACHWOOD,Beachwood
364054,GENEVA,Geneva
364055,TIFFIN,Tiffin
364056,CINCINNATI,Cincinnati
364057,CINCINNATI,Cincinnati
364058,COLUMBUS,Columbus
364059,HUDSON,Hudson
364060,YOUNGSTOWN,Youngstown
364061,COLUMBUS,Columbus
364062,COLUMBUS,Columbus
364064,CANTON,Canton
364065,CINCINNATI,Cincinnati
364066,SYLVANIA,Sylvania
364067,UNIVERSITY HEIGHTS,University Heights
364069,CAMBRIDGE,Cambridge
370001,TULSA,Tulsa
370002,WOODWARD,Woodward
370004,MIAMI,Miami
370006,PONCA CITY,Ponca City
370008,NORMAN,Norman
370013,OKLAHOMA CITY,Oklahoma City
370014,DURANT,Durant
370015,PRYOR,Pryor
370016,ENID,Enid
370018,BARTLESVILLE,Bartlesville
370019,ELK CITY,Elk City
370020,ADA,Ada
370022,ALTUS,Altus
370023,DUNCAN,Duncan
370025,MUSKOGEE,Muskogee
370026,ENID,Enid
370028,OKLAHOMA CITY,Oklahoma City
370034,MCALESTER,McAlester
370037,OKLAHOMA CITY,Oklahoma City
370039,CLAREMORE,Claremore
370047,ARDMORE,Ardmore
370049,STILLWATER,Stillwater
370054,CHICKASHA,Chickasha
370056,LAWTON,Lawton
370078,TULSA,Tulsa
370083,ANTLERS,Antlers
370089,TAHLEQUAH,Tahlequah
370091,TULSA,Tulsa
370093,OKLAHOMA CITY,Oklahoma City
370094,MIDWEST CITY,Midwest City
370097,LAWTON,Lawton
370099,CUSHING,Cushing
370100,HUGO,Hugo
370106,OKLAHOMA CITY,Oklahoma City
370112,SALLISAW,Sallisaw
370113,GROVE,Grove
370114,TULSA,Tulsa
370149,SHAWNEE,Shawnee
370158,PURCELL,Purcell
370166,WAGONER,Wagoner
370183,HENRYETTA,Henryetta
370192,OKLAHOMA CITY,Oklahoma City
370199,OKLAHOMA CITY,Oklahoma City
370201,OKLAHOMA CITY,Oklahoma City
370202,TULSA,Tulsa
370203,OKLAHOMA CITY,Oklahoma City
370206,OKLAHOMA CITY,Oklahoma City
370210,TULSA,Tulsa
370211,YUKON,Yukon
370212,OKLAHOMA CITY,Oklahoma City
370214,LINDSAY,Lindsay
370215,OKLAHOMA CITY,Oklahoma City
370216,TULSA,Tulsa
370218,TULSA,Tulsa
370220,OKLAHOMA CITY,Oklahoma City
370222,OKLAHOMA CITY,Oklahoma City
370225,EDMOND,Edmond
370227,OWASSO,Owasso
370228,OWASSO,Owasso
370229,SEMINOLE,Seminole
370234,OKLAHOMA CITY,Oklahoma City
370235,BROKEN ARROW,Broken Arrow
370236,EDMOND,Edmond
370237,VINITA,Vinita
370240,OKLAHOMA CITY,Oklahoma City
370243,PAULS VALLEY,Pauls Valley
370245,CLINTON,Clinton
370247,ARDMORE,Ardmore
370779,PERRY,Perry
370780,BLACKWELL,Blackwell
370781,BUFFALO,Buffalo
370783,HOBART,Hobart
370784,CLINTON,Clinton
370785,STILWELL,Stilwell
371300,ATOKA,Atoka
371301,PRAGUE,Prague
371302,WATONGA,Watonga
371303,CHEYENNE,Cheyenne
371304,TISHOMINGO,Tishomingo
371305,NOWATA,Nowata
371306,MARIETTA,Marietta
371307,BOISE CITY,Boise City
371309,PAWHUSKA,Pawhuska
371310,HEALDTON,Healdton
371311,WAURIKA,Waurika
371312,SAPULPA,Sapulpa
371313,KINGFISHER,Kingfisher
371314,ANADARKO,Anadarko
371316,STROUD,Stroud
371317,GUTHRIE,Guthrie
371318,FAIRFAX,Fairfax
371319,COALGATE,Coalgate
371320,CLEVELAND,Cleveland
371321,HOLDENVILLE,Holdenville
371322,BEAVER,Beaver
371323,WEATHERFORD,Weatherford
371325,CORDELL,Cordell
371326,MADILL,Madill
371327,OKEENE,Okeene
371328,SULPHUR,Sulphur
371329,FAIRVIEW,Fairview
371330,MANGUM,Mangum
371331,DRUMRIGHT,Drumright
371332,SEILING,Seiling
371334,CARNEGIE,Carnegie
371335,STIGLER,Stigler
371336,SHATTUCK,Shattuck
371337,POTEAU,Poteau
371338,HOLLIS,Hollis
371340,GUYMON,Guymon
371341,ALVA,Alva
371342,IDABEL,Idabel
372004,OKLAHOMA CITY,Oklahoma City
372005,OKLAHOMA CITY,Oklahoma City
372007,TULSA,Tulsa
372009,OKLAHOMA CITY,Oklahoma City
372012,MIDWEST CITY,Midwest City
372018,TULSA,Tulsa
372022,MUSKOGEE,Muskogee
373025,OKLAHOMA CITY,Oklahoma City
373033,OKLAHOMA CITY,Oklahoma City
373034,BROKEN ARROW,Broken Arrow
373035,TULSA,Tulsa
373036,MIDWEST CITY,Midwest City
373037,TULSA,Tulsa
373038,OKLAHOMA CITY,Oklahoma City
373039,OWASSO,Owasso
373300,NORMAN,Norman
373303,BETHANY,Bethany
374000,NORMAN,Norman
374001,FORT SUPPLY,Fort Supply
374006,MCALESTER,McAlester
374008,LAWTON,Lawton
374012,TULSA,Tulsa
374016,ADA,Ada
374017,MIAMI,Miami
374020,TULSA,Tulsa
374021,TULSA,Tulsa
374023,OKLAHOMA CITY,Oklahoma City
374025,OKLAHOMA CITY,Oklahoma City
374026,TULSA,Tulsa
374027,NORMAN,Norman
380001,THE DALLES,The Dalles
380002,GRANTS PASS,Grants Pass
380004,PORTLAND,Portland
380005,ASHLAND,Ashland
380007,PORTLAND,Portland
380009,PORTLAND,Portland
380014,CORVALLIS,Corvallis
380017,PORTLAND,Portland
380018,MEDFORD,Medford
380020,SPRINGFIELD,Springfield
380021,HILLSBORO,Hillsboro
380022,ALBANY,Albany
380025,GRESHAM,Gresham
380027,ROSEBURG,Roseburg
380029,SILVERTON,Silverton
380037,NEWBERG,Newberg
380038,OREGON CITY,Oregon City
380047,BEND,Bend
380050,KLAMATH FALLS,Klamath Falls
380051,SALEM,Salem
380052,ONTARIO,Ontario
380056,STAYTON,Stayton
380060,PORTLAND,Portland
380061,PORTLAND,Portland
380071,MCMINNVILLE,McMinnville
380075,MEDFORD,Medford
380082,MILWAUKIE,Milwaukie
380089,TUALATIN,Tualatin
380090,COOS BAY,Coos Bay
380091,CLACKAMAS,Clackamas
380102,SPRINGFIELD,Springfield
380103,HILLSBORO,Hillsboro
381301,COTTAGE GROVE,Cottage Grove
381302,LINCOLN CITY,Lincoln City
381303,SEASIDE,Seaside
381304,BANDON,Bandon
381305,JOHN DAY,John Day
381306,ENTERPRISE,Enterprise
381307,BURNS,Burns
381308,DALLAS,Dallas
381309,LAKEVIEW,Lakeview
381310,HEPPNER,Heppner
381311,REEDSPORT,Reedsport
381312,COQUILLE,Coquille
381313,PRINEVILLE,Prineville
381314,NEWPORT,Newport
381315,BAKER CITY,Baker City
381316,FLORENCE,Florence
381317,TILLAMOOK,Tillamook
381318,HOOD RIVER,Hood River
381319,PENDLETON,Pendleton
381320,ASTORIA,Astoria
381321,LA GRANDE,La Grande
381322,GOLD BEACH,Gold Beach
381323,LEBANON,Lebanon
381324,MADRAS,Madras
381325,HERMISTON,Hermiston
382004,PORTLAND,Portland
383300,PORTLAND,Portland
384008,SALEM,Salem
384012,PORTLAND,Portland
390001,SCRANTON,Scranton
390002,MC KEESPORT,McKeesport
390003,BLOOMSBURG,Bloomsburg
390004,CAMP HILL,Camp Hill
390006,DANVILLE,Danville
390009,ERIE,Erie
390012,LANSDALE,Lansdale
390013,LEWISBURG,Lewisburg
390016,NEW CASTLE,New Castle
390025,PHILADELPHIA,Philadelphia
390026,PHILADELPHIA,Philadelphia
390027,PHILADELPHIA,Philadelphia
390028,PITTSBURGH,Pittsburgh
390030,POTTSVILLE,Pottsville
390032,NATRONA,Natrona
390035,QUAKERTOWN,Quakertown
390036,BEAVER,Beaver
390037,SEWICKLEY,Sewickley
390039,SOMERSET,Somerset
390041,UNIONTOWN,Uniontown
390042,WASHINGTON,Washington
390044,WEST READING,West Reading
390045,WILLIAMSPORT,Williamsport
390046,YORK,York
390048,LEWISTOWN,Lewistown
390049,BETHLEHEM,Bethlehem
390050,PITTSBURGH,Pittsburgh
390056,HUNTINGDON,Huntingdon
390057,SELLERSVILLE,Sellersville
390058,CARLISLE,Carlisle
390062,ROARING SPRING,Roaring Spring
390063,ERIE,Erie
390065,GETTYSBURG,Gettysburg
390066,LEBANON,Lebanon
390067,HARRISBURG,Harrisburg
390068,LITITZ,Lititz
390070,BRISTOL,Bristol
390073,ALTOONA,Altoona
390079,SAYRE,Sayre
390086,DUBOIS,Dubois
390090,PITTSBURGH,Pittsburgh
390091,SENECA,Seneca
390093,CLARION,Clarion
390096,READING,Reading
390097,MEADOWBROOK,Meadowbrook
390100,LANCASTER,Lancaster
390101,YORK,York
390102,PITTSBURGH,Pittsburgh
390107,PITTSBURGH,Pittsburgh
390110,JOHNSTOWN,Johnstown
390111,PHILADELPHIA,Philadelphia
390112,WINDBER,Windber
390113,MEADVILLE,Meadville
390114,PITTSBURGH,Pittsburgh
390115,PHILADELPHIA,Philadelphia
390117,EVERETT,Everett
390123,POTTSTOWN,Pottstown
390125,HONESDALE,Honesdale
390127,PHOENIXVILLE,Phoenixville
390133,ALLENTOWN,Allentown
390137,WILKES-BARRE,Wilkes-Barre
390138,WAYNESBORO,Waynesboro
390139,BRYN MAWR,Bryn Mawr
390142,PHILADELPHIA,Philadelphia
390145,GREENSBURG,Greensburg
390147,MONONGAHELA,Monongahela
390150,WAYNESBURG,Waynesburg
390151,CHAMBERSBURG,Chambersburg
390153,PAOLI,Paoli
390156,DARBY,Darby
390160,CANONSBURG,Canonsburg
390162,EASTON,Easton
390163,KITTANNING,Kittanning
390164,PITTSBURGH,Pittsburgh
390168,BUTLER,Butler
390173,INDIANA,Indiana
390174,PHILADELPHIA,Philadelphia
390178,GREENVILLE,Greenville
390179,WEST CHESTER,West Chester
390183,COALDALE,Coaldale
390184,CONNELLSVILLE,Connellsville
390185,HAZLETON,Hazleton
390195,WYNNEWOOD,Wynnewood
390196,PHILADELPHIA,Philadelphia
390198,ERIE,Erie
390199,PUNXSUTAWNEY,Punxsutawney
390201,EAST STROUDSBURG,East Stroudsburg
390203,DOYLESTOWN,Doylestown
390204,PHILADELPHIA,Philadelphia
390211,SHARON,Sharon
390217,MOUNT PLEASANT,Mount Pleasant
390219,LATROBE,Latrobe
390222,MEDIA,Media
390223,PHILADELPHIA,Philadelphia
390225,EPHRATA,Ephrata
390226,PHILADELPHIA,Philadelphia
390228,PITTSBURGH,Pittsburgh
390231,ABINGTON,Abington
390233,HANOVER,Hanover
390237,SCRANTON,Scranton
390256,HERSHEY,Hershey
390258,LANGHORNE,Langhorne
390265,JEFFERSON HILLS,Jefferson Hills
390266,GROVE CITY,Grove City
390267,MONROEVILLE,Monroeville
390268,STATE COLLEGE,State College
390270,WILKES BARRE,Wilkes Barre
390272,NORRISTOWN,Norristown
390278,EAGLEVILLE,Eagleville
390304,PHILADELPHIA,Philadelphia
390307,TRANSFER,Transfer
390316,WYOMISSING,Wyomissing
390322,BENSALEM,Bensalem
390323,WASHINGTON,Washington
390324,ROYERSFORD,Royersford
390325,YORK,York
390327,YORK,York
390328,MONROEVILLE,Monroeville
390329,EAST NORRITON,East Norriton
390330,STROUDSBURG,Stroudsburg
390331,PHILADELPHIA,Philadelphia
390332,ORWIGSBURG,Orwigsburg
390333,GREENSBURG,Greensburg
390334,WEXFORD,Wexford
390335,LEHIGHTON,Lehighton
390336,ENOLA,Enola
390337,MUNCY,Muncy
390338,DICKSON CITY,Dickson City
390339,LANCASTER,Lancaster
390430,MACUNGIE,Macungie
390431,WEST GROVE,West Grove
391300,JERSEY SHORE,Jersey Shore
391301,MUNCY,Muncy
391302,MEYERSDALE,Meyersdale
391303,MCCONNELLSBURG,McConnellsburg
391304,RENOVO,Renovo
391305,TROY,Troy
391306,MONTROSE,Montrose
391307,TYRONE,Tyrone
391308,CORRY,Corry
391309,SUSQUEHANNA,Susquehanna
391312,BROOKVILLE,Brookville
391313,COUDERSPORT,Coudersport
391314,TITUSVILLE,Titusville
391315,SAINT MARYS,Saint Marys
391316,WELLSBORO,Wellsboro
391317,HASTINGS,Hastings
391318,KANE,Kane
391319,WARREN,Warren
392025,WILKES-BARRE,Wilkes-Barre
392027,LAWNCREST,Lawncrest
392028,OAKDALE,Oakdale
392031,JOHNSTOWN,Johnstown
392033,BETHLEHEM,Bethlehem
392036,LATROBE,Latrobe
392037,ERIE,Erie
392039,HARRISBURG,Harrisburg
392043,BEAVER,Beaver
392044,PITTSBURGH,Pittsburgh
392045,MC KEESPORT,McKeesport
392050,PHILADELPHIA,Philadelphia
393025,MALVERN,Malvern
393026,READING,Reading
393027,PITTSBURGH,Pittsburgh
393030,SCRANTON,Scranton
393031,MECHANICSBURG,Mechanicsburg
393035,CENTER VALLEY,Center Valley
393036,WILKES BARRE TOWNSHI,Wilkes Barre Townshi
393037,YORK,York
393038,PHILADELPHIA,Philadelphia
393039,PLEASANT GAP,Pleasant Gap
393040,ALTOONA,Altoona
393045,SEWICKLEY,Sewickley
393046,ERIE,Erie
393047,DANVILLE,Danville
393053,HUMMELSTOWN,Hummelstown
393054,LANCASTER,Lancaster
393055,LANGHORNE,Langhorne
393056,HARRISBURG,Harrisburg
393302,PITTSBURGH,Pittsburgh
393303,PHILADELPHIA,Philadelphia
393304,PITTSBURGH,Pittsburgh
393307,PHILADELPHIA,Philadelphia
393309,PHILADELPHIA,Philadelphia
394001,NORRISTOWN,Norristown
394004,DANVILLE,Danville
394008,PHILADELPHIA,Philadelphia
394012,CLARKS SUMMIT,Clarks Summit
394014,WERNERSVILLE,Wernersville
394016,NORTH WARREN,North Warren
394020,MT GRETNA,Mt. Gretna
394023,PHILADELPHIA,Philadelphia
394026,TORRANCE,Torrance
394027,PHILADELPHIA,Philadelphia
394033,NORRISTOWN,Norristown
394034,AMBLER,Ambler
394038,DOYLESTOWN,Doylestown
394040,CENTRE HALL,Centre Hall
394043,CLARION,Clarion
394047,OREFIELD,Orefield
394049,FORT WASHINGTON,Fort Washington
394050,SHIPPENSBURG,Shippensburg
394051,HARRISBURG,Harrisburg
394052,READING,Reading
394053,PHILADELPHIA,Philadelphia
394055,LANCASTER,Lancaster
394056,READING,Reading
394057,PHILADELPHIA,Philadelphia
394058,BERWICK,Berwick
394059,MOOSIC,Moosic
394061,KINGSTON,Kingston
394062,WEST CHESTER,West Chester
394063,DANVILLE,Danville
394064,WEST MIFFLIN,West Mifflin
400001,SAN JUAN,San Juan
400003,PONCE,Ponce
400004,SAN JUAN,San Juan
400005,HUMACAO,Humacao
400006,SAN JUAN,San Juan
400007,HUMACAO,Humacao
400010,CASTANER,Castaner
400011,HUMACAO,Humacao
400012,SAN JUAN,San Juan
400013,CAYEY,Cayey
400014,MAYAGUEZ,Mayaguez
400015,RIO PIEDRAS,Rio Piedras
400016,SAN JUAN,San Juan
400018,AIBONITO,Aibonito
400019,SAN JUAN,San Juan
400021,SAN GERMAN,San German
400022,PONCE,Ponce
400032,BAYAMON,Bayamon
400044,PONCE,Ponce
400048,GUAYAMA,Guayama
400061,RIO PIEDRAS,Rio Piedras
400079,AGUADILLA,Aguadilla
400087,ARECIBO,Arecibo
400098,SAN JUAN,San Juan
400102,BAYAMON,Bayamon
400103,MAYAGUEZ,Mayaguez
400104,CAGUAS,Caguas
400105,BAYAMON,Bayamon
400106,SAN JUAN,San Juan
400109,BAYAMON,Bayamon
400110,YAUCO,Yauco
400111,MOCA,Moca
400112,CAROLINA,Carolina
400113,PONCE,Ponce
400114,MANATI,Manati
400115,VEGA BAJA,Vega Baja
400117,ARECIBO,Arecibo
400118,MANATI,Manati
400120,CAGUAS,Caguas
400122,GUAYNABO,Guaynabo
400123,MAYAGUEZ,Mayaguez
400124,SAN JUAN,San Juan
400127,SAN JUAN,San Juan
400130,BDA NUEVA,Utuado
400131,FAJARDO,Fajardo
400132,CAROLINA,Carolina
400134,SAN JUAN,San Juan
400135,SAN JUAN,San Juan
400137,DORADO,Dorado
400138,BAYAMON,Bayamon
400139,SAN JUAN,San Juan
400141,FAJARDO,Fajardo
403025,SAN JUAN,San Juan
403026,MANATI,Manati
403027,SAN JUAN,San Juan
403028,BAYAMON,Bayamon
403301,SAN JUAN,San Juan
404004,CIDRA,Cidra
404005,RIO PIEDRAS,Rio Piedras
404007,CABO ROJO,Cabo Rojo
404009,AIBONITO,Aibonito
410004,PROVIDENCE,Providence
410005,NORTH PROVIDENCE,North Providence
410006,NEWPORT,Newport
410007,PROVIDENCE,Providence
410008,WAKEFIELD,Wakefield
410009,WARWICK,Warwick
410010,PROVIDENCE,Providence
410011,WOONSOCKET,Woonsocket
410012,PROVIDENCE,Providence
410013,WESTERLY,Westerly
412001,CRANSTON,Cranston
413025,NORTH SMITHFIELD,North Smithfield
413026,JOHNSTON,Johnston
414000,PROVIDENCE,Providence
414003,EAST PROVIDENCE,East Providence
420002,ROCK HILL,Rock Hill
420004,CHARLESTON,Charleston
420005,DILLON,Dillon
420007,SPARTANBURG,Spartanburg
420009,SENECA,Seneca
420010,HARTSVILLE,Hartsville
420011,PICKENS,Pickens
420015,EASLEY,Easley
420018,COLUMBIA,Columbia
420019,CHESTER,Chester
420020,GEORGETOWN,Georgetown
420023,GREENVILLE,Greenville
420026,COLUMBIA,Columbia
420027,ANDERSON,Anderson
420030,WALTERBORO,Walterboro
420033,SPARTANBURG,Spartanburg
420036,LANCASTER,Lancaster
420037,SIMPSONVILLE,Simpsonville
420038,CLINTON,Clinton
420043,GAFFNEY,Gaffney
420048,CAMDEN,Camden
420049,CONWAY,Conway
420051,FLORENCE,Florence
420053,NEWBERRY,Newberry
420055,MULLINS,Mullins
420065,CHARLESTON,Charleston
420067,BEAUFORT,Beaufort
420070,SUMTER,Sumter
420071,GREENWOOD,Greenwood
420072,VARNVILLE,Varnville
420073,WEST COLUMBIA,West Columbia
420078,GREENVILLE,Greenville
420079,CHARLESTON,Charleston
420080,HILTON HEAD ISLAND,Hilton Head Island
420082,AIKEN,Aiken
420085,MYRTLE BEACH,Myrtle Beach
420086,COLUMBIA,Columbia
420087,CHARLESTON,Charleston
420089,MOUNT PLEASANT,Mount Pleasant
420091,FLORENCE,Florence
420098,MURRELLS INLET,Murrells Inlet
420101,HARDEEVILLE,Hardeeville
420102,GREENVILLE,Greenville
420103,GREER,Greer
420104,MOUNT PLEASANT,Mount Pleasant
420105,LORIS,Loris
420106,COLUMBIA,Columbia
420107,CHERAW,Cheraw
420108,UNION,Union
420109,MANNING,Manning
420110,SUMMERVILLE,Summerville
421300,FAIRFAX,Fairfax
421301,ABBEVILLE,Abbeville
421304,EDGEFIELD,Edgefield
422004,SPARTANBURG,Spartanburg
422005,MOUNT PLEASANT,Mount Pleasant
422006,COLUMBIA,Columbia
422007,FLORENCE,Florence
422008,TRAVELERS REST,Travelers Rest
422009,GREENVILLE,Greenville
423025,COLUMBIA,Columbia
423026,FLORENCE,Florence
423027,NORTH CHARLESTON,North Charleston
423028,ROCK HILL,Rock Hill
423029,ANDERSON,Anderson
423030,GREENWOOD,Greenwood
423031,SPARTANBURG,Spartanburg
423032,BLUFFTON,Bluffton
423033,MURRELLS INLET,Murrells Inlet
423034,ELGIN,Elgin
423035,GREENVILLE,Greenville
423036,CAYCE,Cayce
423037,FORT MILL,Fort Mill
423300,GREENVILLE,Greenville
424002,CONWAY,Conway
424005,COLUMBIA,Columbia
424006,CHARLESTON,Charleston
424007,TRAVELERS REST,Travelers Rest
424008,WEST COLUMBIA,West Columbia
424010,GREER,Greer
424011,ANDERSON,Anderson
424013,ORANGEBURG,Orangeburg
424014,LANCASTER,Lancaster
424015,SUMTER,Sumter
430005,WATERTOWN,Watertown
430008,BROOKINGS,Brookings
430012,YANKTON,Yankton
430014,ABERDEEN,Aberdeen
430015,PIERRE,Pierre
430016,SIOUX FALLS,Sioux Falls
430027,SIOUX FALLS,Sioux Falls
430048,SPEARFISH,Spearfish
430077,RAPID CITY,Rapid City
430089,DAKOTA DUNES,Dakota Dunes
430090,SIOUX FALLS,Sioux Falls
430091,RAPID CITY,Rapid City
430093,RAPID CITY,Rapid City
430095,SIOUX FALLS,Sioux Falls
430097,ABERDEEN,Aberdeen
430779,SCOTLAND,Scotland
431300,MADISON,Madison
431301,FAULKTON,Faulkton
431302,GETTYSBURG,Gettysburg
431305,ARMOUR,Armour
431306,PLATTE,Platte
431307,CLEAR LAKE,Clear Lake
431308,EUREKA,Eureka
431309,BURKE,Burke
431310,FLANDREAU,Flandreau
431311,WEBSTER,Webster
431312,BRITTON,Britton
431313,FREEMAN,Freeman
431314,MARTIN,Martin
431315,WAGNER,Wagner
431316,REDFIELD,Redfield
431318,BOWDLE,Bowdle
431319,PHILIP,Philip
431320,DEADWOOD,Deadwood
431321,STURGIS,Sturgis
431322,HOT SPRINGS,Hot Springs
431323,CUSTER,Custer
431324,WESSINGTON SPRINGS,Wessington Springs
431325,MOBRIDGE,Mobridge
431326,MILBANK,Milbank
431327,TYNDALL,Tyndall
431328,VIBORG,Viborg
431329,CHAMBERLAIN,Chamberlain
431330,PARKSTON,Parkston
431331,DELL RAPIDS,Dell Rapids
431332,DE SMET,De Smet
431333,CANTON,Canton
431334,WINNER,Winner
431335,HURON,Huron
431336,VERMILLION,Vermillion
431337,MILLER,Miller
431338,GREGORY,Gregory
431339,SISSETON,Sisseton
431340,MITCHELL,Mitchell
432002,SIOUX FALLS,Sioux Falls
432003,RAPID CITY,Rapid City
433027,SIOUX FALLS,Sioux Falls
433300,SIOUX FALLS,Sioux Falls
434003,YANKTON,Yankton
440002,JACKSON,Jackson
440003,GALLATIN,Gallatin
440006,NASHVILLE,Nashville
440007,MANCHESTER,Manchester
440008,LEXINGTON,Lexington
440009,CROSSVILLE,Crossville
440011,MARYVILLE,Maryville
440012,BRISTOL,Bristol
440015,KNOXVILLE,Knoxville
440016,HUNTINGDON,Huntingdon
440017,KINGSPORT,Kingsport
440018,ELIZABETHTON,Elizabethton
440020,PULASKI,Pulaski
440029,FRANKLIN,Franklin
440030,MORRISTOWN,Morristown
440031,HARRIMAN,Harriman
440032,ROGERSVILLE,Rogersville
440033,LA FOLLETTE,La Follette
440034,OAK RIDGE,Oak Ridge
440035,CLARKSVILLE,Clarksville
440039,NASHVILLE,Nashville
440046,DICKSON,Dickson
440048,MEMPHIS,Memphis
440049,MEMPHIS,Memphis
440050,GREENEVILLE,Greeneville
440053,MURFREESBORO,Murfreesboro
440056,JEFFERSON CITY,Jefferson City
440057,TAZEWELL,Tazewell
440058,WINCHESTER,Winchester
440059,COOKEVILLE,Cookeville
440060,MILAN,Milan
440061,MARTIN,Martin
440063,JOHNSON CITY,Johnson City
440065,SPRINGFIELD,Springfield
440068,ATHENS,Athens
440072,DYERSBURG,Dyersburg
440073,COLUMBIA,Columbia
440081,SEVIERVILLE,Sevierville
440082,NASHVILLE,Nashville
440084,SWEETWATER,Sweetwater
440091,CHATTANOOGA,Chattanooga
440102,FAYETTEVILLE,Fayetteville
440104,CHATTANOOGA,Chattanooga
440109,SAVANNAH,Savannah
440110,LENOIR CITY,Lenoir City
440111,NASHVILLE,Nashville
440120,POWELL,Powell
440125,KNOXVILLE,Knoxville
440130,UNION CITY,Union City
440131,COVINGTON,Covington
440132,PARIS,Paris
440137,SHELBYVILLE,Shelbyville
440144,TULLAHOMA,Tullahoma
440148,SMITHVILLE,Smithville
440150,HERMITAGE,Hermitage
440151,MCMINNVILLE,McMinnville
440152,MEMPHIS,Memphis
440153,NEWPORT,Newport
440156,CHATTANOOGA,Chattanooga
440161,NASHVILLE,Nashville
440173,KNOXVILLE,Knoxville
440175,LAWRENCEBURG,Lawrenceburg
440176,KINGSPORT,Kingsport
440183,MEMPHIS,Memphis
440184,JOHNSON CITY,Johnson City
440185,CLEVELAND,Cleveland
440187,LIVINGSTON,Livingston
440192,SPARTA,Sparta
440193,LEBANON,Lebanon
440194,HENDERSONVILLE,Hendersonville
440197,NASHVILLE,Nashville
440200,WOODBURY,Woodbury
440218,NASHVILLE,Nashville
440227,SMYRNA,Smyrna
440228,BARTLETT,Bartlett
440231,MURFREESBORO,Murfreesboro
440238,BROWNSVILLE,Brownsville
440779,ASHLAND CITY,Ashland City
440780,WAYNESBORO,Waynesboro
441300,CENTERVILLE,Centerville
441301,HARTSVILLE,Hartsville
441303,WAVERLY,Waverly
441304,MOUNTAIN CITY,Mountain City
441305,LAFAYETTE,Lafayette
441306,PIKEVILLE,Pikeville
441307,CARTHAGE,Carthage
441309,LEWISBURG,Lewisburg
441310,DAYTON,Dayton
441313,SNEEDVILLE,Sneedville
441314,RIPLEY,Ripley
441316,CAMDEN,Camden
441320,BOLIVAR,Bolivar
441322,ERIN,Erin
441323,ONEIDA,Oneida
441325,LINDEN,Linden
442007,CHATTANOOGA,Chattanooga
442010,MEMPHIS,Memphis
442011,NASHVILLE,Nashville
442014,MEMPHIS,Memphis
442015,POWELL,Powell
442016,BRISTOL,Bristol
442017,MEMPHIS,Memphis
442018,JACKSON,Jackson
443025,CHATTANOOGA,Chattanooga
443027,KINGSPORT,Kingsport
443028,NASHVILLE,Nashville
443029,MEMPHIS,Memphis
443030,MARTIN,Martin
443031,MEMPHIS,Memphis
443032,CHATTANOOGA,Chattanooga
443033,JOHNSON CITY,Johnson City
443034,GERMANTOWN,Germantown
443035,FRANKLIN,Franklin
443036,JACKSON,Jackson
443037,KNOXVILLE,Knoxville
443038,NASHVILLE,Nashville
443039,KNOXVILLE,Knoxville
443302,MEMPHIS,Memphis
443303,KNOXVILLE,Knoxville
444001,MEMPHIS,Memphis
444002,CHATTANOOGA,Chattanooga
444003,OAK RIDGE,Oak Ridge
444004,MEMPHIS,Memphis
444005,MARTIN,Martin
444007,FRANKLIN,Franklin
444008,BOLIVAR,Bolivar
444010,JACKSON,Jackson
444014,NASHVILLE,Nashville
444019,CLARKSVILLE,Clarksville
444021,COLUMBIA,Columbia
444023,JACKSON,Jackson
444024,MEMPHIS,Memphis
444025,MEMPHIS,Memphis
444026,CHATTANOOGA,Chattanooga
444027,KINGSPORT,Kingsport
444029,COLUMBIA,Columbia
444030,NASHVILLE,Nashville
444031,KNOXVILLE,Knoxville
444032,KNOXVILLE,Knoxville
444033,MEMPHIS,Memphis
450002,EL PASO,El Paso
450007,KERRVILLE,Kerrville
450010,WICHITA FALLS,Wichita Falls
450011,BRYAN,Bryan
450015,DALLAS,Dallas
450018,GALVESTON,Galveston
450021,DALLAS,Dallas
450023,VICTORIA,Victoria
450024,EL PASO,El Paso
450028,BROWNSVILLE,Brownsville
450029,LAREDO,Laredo
450032,LONGVIEW,Longview
450033,HARLINGEN,Harlingen
450034,BEAUMONT,Beaumont
450035,HOUSTON,Houston
450039,FORT WORTH,Fort Worth
450040,LUBBOCK,Lubbock
450042,WACO,Waco
450044,DALLAS,Dallas
450046,CORPUS CHRISTI,Corpus Christi
450051,DALLAS,Dallas
450054,TEMPLE,Temple
450055,SWEETWATER,Sweetwater
450056,AUSTIN,Austin
450058,SAN ANTONIO,San Antonio
450064,ARLINGTON,Arlington
450068,HOUSTON,Houston
450072,LAKE JACKSON,Lake Jackson
450076,HOUSTON,Houston
450079,IRVING,Irving
450080,MOUNT PLEASANT,Mount Pleasant
450082,BEEVILLE,Beeville
450083,TYLER,Tyler
450087,NORTH RICHLAND HILLS,North Richland Hills
450090,GAINESVILLE,Gainesville
450092,EAGLE PASS,Eagle Pass
450097,PASADENA,Pasadena
450101,WACO,Waco
450102,TYLER,Tyler
450104,SEGUIN,Seguin
450107,EL PASO,El Paso
450108,FLORESVILLE,Floresville
450119,EDINBURG,Edinburg
450124,AUSTIN,Austin
450128,WESLACO,Weslaco
450132,ODESSA,Odessa
450133,MIDLAND,Midland
450135,FORT WORTH,Fort Worth
450137,FORT WORTH,Fort Worth
450144,ANDREWS,Andrews
450147,VICTORIA,Victoria
450148,CLEBURNE,Cleburne
450152,KILLEEN,Killeen
450154,DEL RIO,Del Rio
450155,HEREFORD,Hereford
450162,LUBBOCK,Lubbock
450163,KINGSVILLE,Kingsville
450165,JOURDANTON,Jourdanton
450176,MISSION,Mission
450184,HOUSTON,Houston
450193,HOUSTON,Houston
450194,JACKSONVILLE,Jacksonville
450196,PARIS,Paris
450203,WEATHERFORD,Weatherford
450209,AMARILLO,Amarillo
450210,CARTHAGE,Carthage
450211,LUFKIN,Lufkin
450213,SAN ANTONIO,San Antonio
450222,CONROE,Conroe
450229,ABILENE,Abilene
450231,AMARILLO,Amarillo
450235,GONZALES,Gonzales
450236,SULPHUR SPRINGS,Sulphur Springs
450237,SAN ANTONIO,San Antonio
450241,JACKSBORO,Jacksboro
450253,BELLVILLE,Bellville
450272,SAN MARCOS,San Marcos
450289,HOUSTON,Houston
450292,KAUFMAN,Kaufman
450324,DENISON,Denison
450330,RICHMOND,Richmond
450346,BEAUMONT,Beaumont
450347,HUNTSVILLE,Huntsville
450351,STEPHENVILLE,Stephenville
450352,GREENVILLE,Greenville
450358,HOUSTON,Houston
450369,CHILDRESS,Childress
450370,COLUMBUS,Columbus
450372,WAXAHACHIE,Waxahachie
450379,DALLAS,Dallas
450388,SAN ANTONIO,San Antonio
450389,ATHENS,Athens
450395,LIVINGSTON,Livingston
450399,BROWNFIELD,Brownfield
450400,MEXIA,Mexia
450403,MCKINNEY,McKinney
450419,AZLE,Azle
450422,DALLAS,Dallas
450424,BAYTOWN,Baytown
450431,AUSTIN,Austin
450447,CORSICANA,Corsicana
450451,GLEN ROSE,Glen Rose
450460,WOODVILLE,Woodville
450462,DALLAS,Dallas
450465,BAY CITY,Bay City
450469,SHERMAN,Sherman
450475,HENDERSON,Henderson
450484,LUFKIN,Lufkin
450489,LAMESA,Lamesa
450508,NACOGDOCHES,Nacogdoches
450518,PORT ARTHUR,Port Arthur
450537,RICHARDSON,Richardson
450539,PLAINVIEW,Plainview
450563,GRAPEVINE,Grapevine
450565,MINERAL WELLS,Mineral Wells
450571,SAN ANGELO,San Angelo
450573,JASPER,Jasper
450584,VERNON,Vernon
450587,BROWNWOOD,Brownwood
450596,GRANBURY,Granbury
450597,CUERO,Cuero
450604,FREDERICKSBURG,Fredericksburg
450610,HOUSTON,Houston
450617,WEBSTER,Webster
450634,DENTON,Denton
450638,HOUSTON,Houston
450639,BEDFORD,Bedford
450641,NOCONA,Nocona
450643,LAREDO,Laredo
450644,HOUSTON,Houston
450647,DALLAS,Dallas
450651,PLANO,Plano
450653,BIG SPRING,Big Spring
450654,RIO GRANDE CITY,Rio Grande City
450656,NACOGDOCHES,Nacogdoches
450658,FAIRFIELD,Fairfield
450659,HOUSTON,Houston
450661,ODESSA,Odessa
450662,BROWNSVILLE,Brownsville
450668,EL PASO,El Paso
450669,LEWISVILLE,Lewisville
450670,TOMBALL,Tomball
450672,FORT WORTH,Fort Worth
450674,HOUSTON,Houston
450675,ARLINGTON,Arlington
450677,BURLESON,Burleson
450678,DALLAS,Dallas
450684,HUMBLE,Humble
450686,LUBBOCK,Lubbock
450688,MESQUITE,Mesquite
450690,TYLER,Tyler
450694,EL CAMPO,El Campo
450698,LITTLEFIELD,Littlefield
450702,LONGVIEW,Longview
450709,NASSAU BAY,Nassau Bay
450711,MCALLEN,McAllen
450713,AUSTIN,Austin
450718,ROUND ROCK,Round Rock
450723,DALLAS,Dallas
450730,CARROLLTON,Carrollton
450742,ROWLETT,Rowlett
450743,DENTON,Denton
450747,PALESTINE,Palestine
450755,LEVELLAND,Levelland
450771,PLANO,Plano
450774,HOUSTON,Houston
450775,KINGWOOD,Kingwood
450779,FORT WORTH,Fort Worth
450788,CORPUS CHRISTI,Corpus Christi
450801,TEXARKANA,Texarkana
450804,HOUSTON,Houston
450808,AUSTIN,Austin
450809,AUSTIN,Austin
450820,SUGAR LAND,Sugar Land
450822,IRVING,Irving
450825,EDINBURG,Edinburg
450828,ALICE,Alice
450831,PASADENA,Pasadena
450833,ENNIS,Ennis
450834,BRYAN,Bryan
450840,ALLEN,Allen
450844,HOUSTON,Houston
450847,KATY,Katy
450848,SUGAR LAND,Sugar Land
450851,DALLAS,Dallas
450853,FRISCO,Frisco
450855,HARLINGEN,Harlingen
450856,SAN ANTONIO,San Antonio
450860,SUGAR LAND,Sugar Land
450862,THE WOODLANDS,The Woodlands
450864,TYLER,Tyler
450865,AUSTIN,Austin
450867,AUSTIN,Austin
450869,EDINBURG,Edinburg
450872,ARLINGTON,Arlington
450874,IRVING,Irving
450875,AMARILLO,Amarillo
450876,LUBBOCK,Lubbock
450880,FORT WORTH,Fort Worth
450883,TROPHY CLUB,Trophy Club
450885,FRISCO,Frisco
450888,SOUTHLAKE,Southlake
450889,DALLAS,Dallas
450890,PLANO,Plano
450891,PLANO,Plano
450893,DENTON,Denton
451300,FRIONA,Friona
451301,BIG LAKE,Big Lake
451303,GROESBECK,Groesbeck
451304,ELDORADO,Eldorado
451305,CALDWELL,Caldwell
451306,JUNCTION,Junction
451307,IRAAN,Iraan
451308,DENVER CITY,Denver City
451309,MCCAMEY,McCamey
451310,BALLINGER,Ballinger
451311,SWEENY,Sweeny
451312,EAGLE LAKE,Eagle Lake
451313,ROTAN,Rotan
451314,KERMIT,Kermit
451316,MADISONVILLE,Madisonville
451317,REFUGIO,Refugio
451318,ASPERMONT,Aspermont
451319,JACKSONVILLE,Jacksonville
451320,ANAHUAC,Anahuac
451322,NAVASOTA,Navasota
451323,LAMPASAS,Lampasas
451324,SONORA,Sonora
451325,EDEN,Eden
451328,WINNIE,Winnie
451329,RANKIN,Rankin
451330,HONDO,Hondo
451331,DALHART,Dalhart
451332,PALACIOS,Palacios
451333,STANTON,Stanton
451334,WHEELER,Wheeler
451335,MUENSTER,Muenster
451337,LOCKNEY,Lockney
451338,VAN HORN,Van Horn
451339,THROCKMORTON,Throckmorton
451340,SHAMROCK,Shamrock
451341,HASKELL,Haskell
451342,COLORADO CITY,Colorado City
451343,ELECTRA,Electra
451344,SPEARMAN,Spearman
451346,YOAKUM,Yoakum
451347,COLEMAN,Coleman
451348,BRADY,Brady
451349,TULIA,Tulia
451350,DIMMITT,Dimmitt
451351,TAHOKA,Tahoka
451352,QUANAH,Quanah
451353,CRANE,Crane
451354,OLNEY,Olney
451355,WELLINGTON,Wellington
451356,PORT LAVACA,Port Lavaca
451358,SEMINOLE,Seminole
451359,PERRYTON,Perryton
451361,HEMPHILL,Hemphill
451362,HENRIETTA,Henrietta
451363,EDNA,Edna
451364,KENEDY,Kenedy
451365,BURNET,Burnet
451366,MORTON,Morton
451367,PITTSBURG,Pittsburg
451369,BORGER,Borger
451370,BONHAM,Bonham
451371,LULING,Luling
451372,MULESHOE,Muleshoe
451373,MONAHANS,Monahans
451374,TAYLOR,Taylor
451375,LIBERTY,Liberty
451376,HALLETTSVILLE,Hallettsville
451377,PECOS,Pecos
451378,ALPINE,Alpine
451379,GATESVILLE,Gatesville
451380,QUITMAN,Quitman
451381,WINNSBORO,Winnsboro
451382,COMANCHE,Comanche
451384,SNYDER,Snyder
451385,CLIFTON,Clifton
451386,DUMAS,Dumas
451387,UVALDE,Uvalde
451389,FORT STOCKTON,Fort Stockton
451390,CARRIZO SPRINGS,Carrizo Springs
451391,PEARSALL,Pearsall
451392,HAMILTON,Hamilton
451393,CROCKETT,Crockett
451394,KNOX CITY,Knox City
451395,HILLSBORO,Hillsboro
451396,LLANO,Llano
451398,PAMPA,Pampa
451399,SEYMOUR,Seymour
452016,SAN ANTONIO,San Antonio
452018,FORT WORTH,Fort Worth
452022,PLANO,Plano
452023,HOUSTON,Houston
452028,ARLINGTON,Arlington
452029,ABILENE,Abilene
452032,WEBSTER,Webster
452034,AUSTIN,Austin
452038,AUSTIN,Austin
452039,HOUSTON,Houston
452041,SHERMAN,Sherman
452044,CARROLLTON,Carrollton
452046,HOUSTON,Houston
452059,SAN ANTONIO,San Antonio
452060,AMARILLO,Amarillo
452061,TEXARKANA,Texarkana
452062,LULING,Luling
452068,WICHITA FALLS,Wichita Falls
452073,SAN ANTONIO,San Antonio
452075,WEBSTER,Webster
452079,EL PASO,El Paso
452080,SUGAR LAND,Sugar Land
452083,BEAUMONT,Beaumont
452086,CORPUS CHRISTI,Corpus Christi
452090,SAN ANTONIO,San Antonio
452091,LONGVIEW,Longview
452094,VICTORIA,Victoria
452095,MC ALLEN,McAllen
452100,MESQUITE,Mesquite
452101,HARLINGEN,Harlingen
452102,LUBBOCK,Lubbock
452105,TEMPLE,Temple
452106,NEW BRAUNFELS,New Braunfels
452107,CONROE,Conroe
452108,DALLAS,Dallas
452111,DENTON,Denton
452114,STAFFORD,Stafford
452118,KATY,Katy
452121,ODESSA,Odessa
453025,HOUSTON,Houston
453029,HUMBLE,Humble
453031,SAN ANTONIO,San Antonio
453035,SAN ANTONIO,San Antonio
453036,DALLAS,Dallas
453040,ARLINGTON,Arlington
453042,FORT WORTH,Fort Worth
453047,PLANO,Plano
453048,BEAUMONT,Beaumont
453053,TEXARKANA,Texarkana
453054,WICHITA FALLS,Wichita Falls
453056,TYLER,Tyler
453057,MIDLAND,Midland
453059,CONROE,Conroe
453072,TYLER,Tyler
453091,WESLACO,Weslaco
453092,BROWNSVILLE,Brownsville
453300,FORT WORTH,Fort Worth
453301,CORPUS CHRISTI,Corpus Christi
453302,DALLAS,Dallas
453304,HOUSTON,Houston
453306,LUBBOCK,Lubbock
453309,HOUSTON,Houston
453310,AUSTIN,Austin
453311,GALVESTON,Galveston
453313,EL PASO,El Paso
453314,DALLAS,Dallas
453315,SAN ANTONIO,San Antonio
453316,PLANO,Plano
453317,PROSPER,Prosper
453318,DALLAS,Dallas
453319,AUSTIN,Austin
453321,EDINBURG,Edinburg
454000,BIG SPRING,Big Spring
454006,TERRELL,Terrell
454008,WICHITA FALLS,Wichita Falls
454009,RUSK,Rusk
454011,SAN ANTONIO,San Antonio
454012,ARLINGTON,Arlington
454018,WICHITA FALLS,Wichita Falls
454026,HOUSTON,Houston
454050,GREENVILLE,Greenville
454064,SAN ANGELO,San Angelo
454065,DESOTO,DeSoto
454076,HOUSTON,Houston
454079,FORT WORTH,Fort Worth
454084,AUSTIN,Austin
454088,HARLINGEN,Harlingen
454093,LUBBOCK,Lubbock
454094,DALLAS,Dallas
454100,EL PASO,El Paso
454101,PLAINVIEW,Plainview
454103,KINGWOOD,Kingwood
454104,DENTON,Denton
454107,HOUSTON,Houston
454108,HOUSTON,Houston
454109,EL PASO,El Paso
454110,MIDLAND,Midland
454114,BELTON,Belton
454117,LONGVIEW,Longview
454118,CYPRESS,Cypress
454119,CARROLLTON,Carrollton
454121,AUSTIN,Austin
454122,ABILENE,Abilene
454123,LUFKIN,Lufkin
454124,FORT WORTH,Fort Worth
454126,DE SOTO,DeSoto
454127,GEORGETOWN,Georgetown
454128,FORT WORTH,Fort Worth
454129,GEORGETOWN,Georgetown
454131,RICHMOND,Richmond
454132,SAN ANTONIO,San Antonio
454133,AUSTIN,Austin
454135,HOUSTON,Houston
454136,KATY,Katy
454139,HOUSTON,Houston
454141,HARLINGEN,Harlingen
454144,CONROE,Conroe
454146,EL PASO,El Paso
454147,PASADENA,Pasadena
454148,ARLINGTON,Arlington
454149,GARLAND,Garland
454150,WACO,Waco
454151,CLEAR LAKE CITY,Clear Lake City
454152,TEMPLE,Temple
454153,SHERMAN,Sherman
454154,AMARILLO,Amarillo
454155,CORPUS CHRISTI,Corpus Christi
454156,SUGAR LAND,Sugar Land
454157,LUBBOCK,Lubbock
454158,CONROE,Conroe
454159,SAN ANTONIO,San Antonio
454161,FRISCO,Frisco
460001,PROVO,Provo
460003,SALT LAKE CITY,Salt Lake City
460004,OGDEN,Ogden
460005,OGDEN,Ogden
460006,SALT LAKE CITY,Salt Lake City
460007,CEDAR CITY,Cedar City
460009,SALT LAKE CITY,Salt Lake City
460010,MURRAY,Murray
460011,PRICE,Price
460013,PAYSON,Payson
460014,TOOELE,Tooele
460015,LOGAN,Logan
460017,BRIGHAM CITY,Brigham City
460019,ROOSEVELT,Roosevelt
460021,ST GEORGE,St. George
460023,AMERICAN FORK,American Fork
460026,RICHFIELD,Richfield
460030,VERNAL,Vernal
460039,TREMONTON,Tremonton
460041,LAYTON,Layton
460042,BOUNTIFUL,Bountiful
460043,OREM,Orem
460044,SANDY,Sandy
460047,SALT LAKE CITY,Salt Lake City
460051,WEST JORDAN,West Jordan
460052,OREM,Orem
460054,NORTH LOGAN,North Logan
460057,PARK CITY,Park City
460058,RIVERTON,Riverton
460060,DRAPER,Draper
460061,LAYTON,Layton
460062,SPANISH FORK,Spanish Fork
460063,BOUNTIFUL,Bountiful
461300,DELTA,Delta
461301,FILLMORE,Fillmore
461302,MOAB,Moab
461303,MOUNT PLEASANT,Mount Pleasant
461304,NEPHI,Nephi
461305,MILFORD,Milford
461306,GUNNISON,Gunnison
461307,HEBER CITY,Heber City
461308,MONTICELLO,Monticello
461309,KANAB,Kanab
461310,BLANDING,Blanding
461333,PANGUITCH,Panguitch
461335,BEAVER,Beaver
462004,MURRAY,Murray
462005,PROVO,Provo
463025,SANDY,Sandy
463027,SOUTH OGDEN,South Ogden
463301,SALT LAKE CITY,Salt Lake City
464001,PROVO,Provo
464012,SALT LAKE CITY,Salt Lake City
464013,SALT LAKE CITY,Salt Lake City
464014,OREM,Orem
464016,ST GEORGE,St. George
470001,BERLIN,Berlin
470003,BURLINGTON,Burlington
470005,RUTLAND,Rutland
470011,BRATTLEBORO,Brattleboro
470012,BENNINGTON,Bennington
470024,SAINT ALBANS,Saint Albans
471300,TOWNSHEND,Townshend
471301,RANDOLPH,Randolph
471302,WINDSOR,Windsor
471303,SAINT JOHNSBURY,Saint Johnsbury
471304,NEWPORT,Newport
471305,MORRISVILLE,Morrisville
471306,SPRINGFIELD,Springfield
471307,MIDDLEBURY,Middlebury
474001,BRATTLEBORO,Brattleboro
474004,BERLIN,Berlin
480001,ST THOMAS,St. Thomas
480002,ST CROIX,St. Croix
490002,LEBANON,Lebanon
490004,HARRISONBURG,Harrisonburg
490005,WINCHESTER,Winchester
490007,NORFOLK,Norfolk
490009,CHARLOTTESVILLE,Charlottesville
490013,SOUTH BOSTON,South Boston
490017,PORTSMOUTH,Portsmouth
490018,FISHERSVILLE,Fishersville
490019,CULPEPER,Culpeper
490020,HOPEWELL,Hopewell
490021,LYNCHBURG,Lynchburg
490022,FREDERICKSBURG,Fredericksburg
490023,WARRENTON,Warrenton
490024,ROANOKE,Roanoke
490032,RICHMOND,Richmond
490033,FRONT ROYAL,Front Royal
490037,ONANCOCK,Onancock
490038,MARION,Marion
490040,ALEXANDRIA,Alexandria
490041,NEWPORT NEWS,Newport News
490042,CHRISTIANSBURG,Christiansburg
490043,LEESBURG,Leesburg
490044,SUFFOLK,Suffolk
490045,MANASSAS,Manassas
490046,NORFOLK,Norfolk
490048,SALEM,Salem
490050,ARLINGTON,Arlington
490052,NEWPORT NEWS,Newport News
490053,ABINGDON,Abingdon
490057,VIRGINIA BEACH,Virginia Beach
490059,RICHMOND,Richmond
490060,RICHLANDS,Richlands
490063,FALLS CHURCH,Falls Church
490066,WILLIAMSBURG,Williamsburg
490067,PETERSBURG,Petersburg
490069,MECHANICSVILLE,Mechanicsville
490075,DANVILLE,Danville
490077,CHARLOTTESVILLE,Charlottesville
490084,TAPPAHANNOCK,Tappahannock
490088,BEDFORD,Bedford
490089,ROCKY MOUNT,Rocky Mount
490090,FARMVILLE,Farmville
490092,FRANKLIN,Franklin
490093,HAMPTON,Hampton
490094,RICHMOND,Richmond
490097,EMPORIA,Emporia
490098,SOUTH HILL,South Hill
490101,FAIRFAX,Fairfax
490104,PETERSBURG,Petersburg
490107,RESTON,Reston
490110,BLACKSBURG,Blacksburg
490111,WYTHEVILLE,Wytheville
490112,RICHMOND,Richmond
490113,WOODBRIDGE,Woodbridge
490114,BIG STONE GAP,Big Stone Gap
490115,GALAX,Galax
490116,PULASKI,Pulaski
490117,TAZEWELL,Tazewell
490118,RICHMOND,Richmond
490119,VIRGINIA BEACH,Virginia Beach
490120,CHESAPEAKE,Chesapeake
490122,ALEXANDRIA,Alexandria
490126,LOW MOOR,Low Moor
490127,GRUNDY,Grundy
490130,GLOUCESTER,Gloucester
490136,MIDLOTHIAN,Midlothian
490140,STAFFORD,Stafford
490141,FREDERICKSBURG,Fredericksburg
490143,WILLIAMSBURG,Williamsburg
490144,HAYMARKET,Haymarket
490145,DULLES,Dulles
490148,SUFFOLK,Suffolk
490149,SMITHFIELD,Smithfield
491300,HOT SPRINGS,Hot Springs
491302,PEARISBURG,Pearisburg
491303,CLINTWOOD,Clintwood
491304,LEXINGTON,Lexington
491305,WOODSTOCK,Woodstock
491307,LURAY,Luray
491308,KILMARNOCK,Kilmarnock
491309,PENNINGTON GAP,Pennington Gap
491310,STUART,Stuart
492001,NORFOLK,Norfolk
492007,NORFOLK,Norfolk
492008,NEWPORT NEWS,Newport News
492009,RICHMOND,Richmond
492010,LYNCHBURG,Lynchburg
492012,ALEXANDRIA,Alexandria
493027,YORKTOWN,Yorktown
493028,RICHMOND,Richmond
493029,CHARLOTTESVILLE,Charlottesville
493031,PETERSBURG,Petersburg
493032,FREDERICKSBURG,Fredericksburg
493033,ALDIE,Aldie
493034,BRISTOL,Bristol
493036,RICHMOND,Richmond
493300,NEW KENT,New Kent
493301,NORFOLK,Norfolk
494010,FALLS CHURCH,Falls Church
494017,DANVILLE,Danville
494021,STAUNTON,Staunton
494022,PETERSBURG,Petersburg
494023,FALLS CHURCH,Falls Church
494025,VIRGINIA BEACH,Virginia Beach
494029,MARION,Marion
494032,WILLIAMSBURG,Williamsburg
494033,CATAWBA,Catawba
500002,WALLA WALLA,Walla Walla
500003,MOUNT VERNON,Mount Vernon
500005,SEATTLE,Seattle
500007,ANACORTES,Anacortes
500008,SEATTLE,Seattle
500011,BURIEN,Burien
500014,EVERETT,Everett
500015,AUBURN,Auburn
500016,WENATCHEE,Wenatchee
500019,CENTRALIA,Centralia
500021,LAKEWOOD,Lakewood
500024,OLYMPIA,Olympia
500025,SEATTLE,Seattle
500026,EDMONDS,Edmonds
500027,SEATTLE,Seattle
500030,BELLINGHAM,Bellingham
500031,ABERDEEN,Aberdeen
500033,MOSES LAKE,Moses Lake
500036,YAKIMA,Yakima
500037,TOPPENISH,Toppenish
500039,SILVERDALE,Silverdale
500041,LONGVIEW,Longview
500044,SPOKANE,Spokane
500050,VANCOUVER,Vancouver
500051,BELLEVUE,Bellevue
500052,SEATTLE,Seattle
500053,KENNEWICK,Kennewick
500054,SPOKANE,Spokane
500058,RICHLAND,Richland
500060,ARLINGTON,Arlington
500064,SEATTLE,Seattle
500072,PORT ANGELES,Port Angeles
500077,SPOKANE,Spokane
500079,PUYALLUP,Puyallup
500084,MONROE,Monroe
500088,RENTON,Renton
500108,TACOMA,Tacoma
500119,SPOKANE,Spokane
500124,KIRKLAND,Kirkland
500129,TACOMA,Tacoma
500138,SEATTLE,Seattle
500139,OLYMPIA,Olympia
500141,FEDERAL WAY,Federal Way
500150,VANCOUVER,Vancouver
500151,GIG HARBOR,Gig Harbor
500152,ISSAQUAH,Issaquah
500154,COVINGTON,Covington
500779,RITZVILLE,Ritzville
501301,POMEROY,Pomeroy
501302,DAYTON,Dayton
501303,SOUTH BEND,South Bend
501304,ELMA,Elma
501305,DAVENPORT,Davenport
501307,ODESSA,Odessa
501308,GRAND COULEE,Grand Coulee
501309,CHEWELAH,Chewelah
501310,NEWPORT,Newport
501312,PROSSER,Prosser
501313,LEAVENWORTH,Leavenworth
501314,ILWACO,Ilwaco
501315,WHITE SALMON,White Salmon
501316,GOLDENDALE,Goldendale
501317,EPHRATA,Ephrata
501318,OTHELLO,Othello
501319,MORTON,Morton
501320,QUINCY,Quincy
501321,TONASKET,Tonasket
501322,REPUBLIC,Republic
501323,PORT TOWNSEND,Port Townsend
501324,BREWSTER,Brewster
501325,FORKS,Forks
501326,COLVILLE,Colville
501327,COLFAX,Colfax
501328,OMAK,Omak
501329,SEDRO WOOLLEY,Sedro Woolley
501330,SUNNYSIDE,Sunnyside
501331,PULLMAN,Pullman
501332,CLARKSTON,Clarkston
501333,ELLENSBURG,Ellensburg
501334,CHELAN,Chelan
501335,ENUMCLAW,Enumclaw
501336,SHELTON,Shelton
501337,PASCO,Pasco
501338,SNOQUALMIE,Snoqualmie
501339,COUPEVILLE,Coupeville
501340,FRIDAY HARBOR,Friday Harbor
502002,SEATTLE,Seattle
503025,SPOKANE,Spokane
503026,TACOMA,Tacoma
503027,LYNNWOOD,Lynnwood
503300,SEATTLE,Seattle
503301,TACOMA,Tacoma
503302,SPOKANE,Spokane
504002,KIRKLAND,Kirkland
504004,MEDICAL LAKE,Medical Lake
504008,RICHLAND,Richland
504009,SEATTLE,Seattle
504012,MARYSVILLE,Marysville
504013,VANCOUVER,Vancouver
504014,SPOKANE,Spokane
504015,LACEY,Lacey
504016,TACOMA,Tacoma
510001,MORGANTOWN,Morgantown
510002,RONCEVERTE,Ronceverte
510006,BRIDGEPORT,Bridgeport
510007,HUNTINGTON,Huntington
510008,MARTINSBURG,Martinsburg
510012,POINT PLEASANT,Point Pleasant
510013,GLEN DALE,Glen Dale
510022,CHARLESTON,Charleston
510023,WEIRTON,Weirton
510024,MORGANTOWN,Morgantown
510029,SOUTH CHARLESTON,South Charleston
510030,ELKINS,Elkins
510038,WESTON,Weston
510046,PRINCETON,Princeton
510048,LOGAN,Logan
510050,WHEELING,Wheeling
510055,HUNTINGTON,Huntington
510058,PARKERSBURG,Parkersburg
510062,BECKLEY,Beckley
510070,BECKLEY,Beckley
510072,NEW MARTINSVILLE,New Martinsville
510086,WELCH,Welch
510091,CHARLESTON,Charleston
510093,WHITEHALL,Whitehall
510094,WILLIAMSON,Williamson
511300,PHILIPPI,Philippi
511301,WEBSTER SPRINGS,Webster Springs
511303,GRANTSVILLE,Grantsville
511304,SISTERSVILLE,Sistersville
511306,SPENCER,Spencer
511307,GRAFTON,Grafton
511308,GASSAWAY,Gassaway
511309,BERKELEY SPRINGS,Berkeley Springs
511310,HINTON,Hinton
511311,ROMNEY,Romney
511312,KINGWOOD,Kingwood
511313,MADISON,Madison
511314,BUCKEYE,Buckeye
511315,KEYSER,Keyser
511316,PETERSBURG,Petersburg
511317,OAK HILL,Oak Hill
511318,MONTGOMERY,Montgomery
511319,RANSON,Ranson
511320,RIPLEY,Ripley
511321,BUCKHANNON,Buckhannon
511322,SUMMERSVILLE,Summersville
512002,CHARLESTON,Charleston
512003,HUNTINGTON,Huntington
512004,MORGANTOWN,Morgantown
512005,WEIRTON,Weirton
513025,WHEELING,Wheeling
513026,PRINCETON,Princeton
513027,PARKERSBURG,Parkersburg
513028,HUNTINGTON,Huntington
513030,MORGANTOWN,Morgantown
514001,CHARLESTON,Charleston
514008,HUNTINGTON,Huntington
514009,HUNTINGTON,Huntington
514011,CLARKSBURG,Clarksburg
514012,WESTON,Weston
520002,STEVENS POINT,Stevens Point
520004,LA CROSSE,La Crosse
520008,WAUKESHA,Waukesha
520009,APPLETON,Appleton
520011,RICE LAKE,Rice Lake
520019,RHINELANDER,Rhinelander
520021,PLEASANT PRAIRIE,Pleasant Prairie
520028,MONROE,Monroe
520030,WAUSAU,Wausau
520033,WISCONSIN RAPIDS,Wisconsin Rapids
520034,TWO RIVERS,Two Rivers
520035,SHEBOYGAN,Sheboygan
520037,MARSHFIELD,Marshfield
520038,HARTFORD,Hartford
520041,PORTAGE,Portage
520044,SHEBOYGAN,Sheboygan
520045,NEENAH,Neenah
520049,GREEN BAY,Green Bay
520051,MILWAUKEE,Milwaukee
520057,BARABOO,Baraboo
520059,BURLINGTON,Burlington
520062,OCONOMOWOC,Oconomowoc
520063,WEST BEND,West Bend
520066,JANESVILLE,Janesville
520070,EAU CLAIRE,Eau Claire
520071,FORT ATKINSON,Fort Atkinson
520075,GREEN BAY,Green Bay
520076,BEAVER DAM,Beaver Dam
520078,MILWAUKEE,Milwaukee
520083,MADISON,Madison
520087,LA CROSSE,La Crosse
520088,FOND DU LAC,Fond du Lac
520089,MADISON,Madison
520091,WOODRUFF,Woodruff
520095,PRAIRIE DU SAC,Prairie du Sac
520096,RACINE,Racine
520097,GREEN BAY,Green Bay
520098,MADISON,Madison
520100,BELOIT,Beloit
520102,ELKHORN,Elkhorn
520103,MENOMONEE FALLS,Menomonee Falls
520107,MANITOWOC,Manitowoc
520109,MAUSTON,Mauston
520113,MARINETTE,Marinette
520116,WATERTOWN,Watertown
520136,MILWAUKEE,Milwaukee
520138,MILWAUKEE,Milwaukee
520139,WEST ALLIS,West Allis
520160,APPLETON,Appleton
520177,MILWAUKEE,Milwaukee
520189,KENOSHA,Kenosha
520193,GREEN BAY,Green Bay
520194,GLENDALE,Glendale
520196,ALTOONA,Altoona
520198,OSHKOSH,Oshkosh
520202,WESTON,Weston
520205,FRANKLIN,Franklin
520206,SUMMIT,Summit
520207,GRAFTON,Grafton
520208,JANESVILLE,Janesville
520210,EAU CLAIRE,Eau Claire
520212,MINOCQUA,Minocqua
520213,NEW BERLIN,New Berlin
520214,MENOMONEE FALLS,Menomonee Falls
521300,EAGLE RIVER,Eagle River
521302,OSSEO,Osseo
521303,WILD ROSE,Wild Rose
521304,HILLSBORO,Hillsboro
521305,SPARTA,Sparta
521307,DURAND,Durand
521308,AMERY,Amery
521309,FRIENDSHIP,Friendship
521310,OCONTO FALLS,Oconto Falls
521311,STANLEY,Stanley
521312,DARLINGTON,Darlington
521313,TOMAHAWK,Tomahawk
521314,BLOOMER,Bloomer
521315,BARRON,Barron
521316,WHITEHALL,Whitehall
521317,CHILTON,Chilton
521318,OSCEOLA,Osceola
521319,EDGERTON,Edgerton
521320,TOMAH,Tomah
521321,RIPON,Ripon
521322,LANCASTER,Lancaster
521323,NEILLSVILLE,Neillsville
521324,MEDFORD,Medford
521325,PARK FALLS,Park Falls
521326,NEW LONDON,New London
521327,WAUPUN,Waupun
521328,LADYSMITH,Ladysmith
521329,SUPERIOR,Superior
521330,PRAIRIE DU CHIEN,Prairie du Chien
521331,GRANTSBURG,Grantsburg
521332,SPOONER,Spooner
521333,BLACK RIVER FALLS,Black River Falls
521334,WAUPACA,Waupaca
521335,HUDSON,Hudson
521336,HAYWARD,Hayward
521337,SAINT CROIX FALLS,Saint Croix Falls
521338,COLUMBUS,Columbus
521339,MERRILL,Merrill
521340,MENOMONIE,Menomonie
521341,RICHLAND CENTER,Richland Center
521342,SHELL LAKE,Shell Lake
521343,STOUGHTON,Stoughton
521344,BOSCOBEL,Boscobel
521345,NEW RICHMOND,New Richmond
521346,SHAWANO,Shawano
521347,BALDWIN,Baldwin
521348,VIROQUA,Viroqua
521349,RIVER FALLS,River Falls
521350,ANTIGO,Antigo
521351,REEDSBURG,Reedsburg
521352,DODGEVILLE,Dodgeville
521353,CUMBERLAND,Cumberland
521354,PLATTEVILLE,Platteville
521355,BERLIN,Berlin
521356,OCONTO,Oconto
521357,LAKE GENEVA,Lake Geneva
521358,STURGEON BAY,Sturgeon Bay
521359,ASHLAND,Ashland
522005,WATERFORD,Waterford
522006,WEST ALLIS,West Allis
522008,MADISON,Madison
523025,MEQUON,Mequon
523027,WAUKESHA,Waukesha
523028,MADISON,Madison
523029,MILWAUKEE,Milwaukee
523031,GREEN BAY,Green Bay
523032,KENOSHA,Kenosha
523033,FITCHBURG,Fitchburg
523034,WAUSAU,Wausau
523035,CLEVELAND,Cleveland
523300,MILWAUKEE,Milwaukee
523302,NEENAH,Neenah
524000,WAUWATOSA,Wauwatosa
524002,WINNEBAGO,Winnebago
524008,MADISON,Madison
524014,GREEN BAY,Green Bay
524017,WAUSAU,Wausau
524018,OCONOMOWOC,Oconomowoc
524019,MARSHFIELD,Marshfield
524025,FOND DU LAC,Fond du Lac
524026,WAUKESHA,Waukesha
524041,GREEN BAY,Green Bay
524042,MIDDLETON,Middleton
524043,WEST ALLIS,West Allis
524044,MILWAUKEE,Milwaukee
524045,MADISON,Madison
524046,BROWN DEER,Brown Deer
524047,WEST ALLIS,West Allis
530002,GILLETTE,Gillette
530006,SHERIDAN,Sheridan
530008,LANDER,Lander
530012,CASPER,Casper
530014,CHEYENNE,Cheyenne
530015,JACKSON,Jackson
530025,LARAMIE,Laramie
530034,CASPER,Casper
531301,BASIN,Basin
531302,DOUGLAS,Douglas
531303,NEWCASTLE,Newcastle
531304,THERMOPOLIS,Thermopolis
531305,WHEATLAND,Wheatland
531306,WORLAND,Worland
531307,TORRINGTON,Torrington
531308,BUFFALO,Buffalo
531309,LOVELL,Lovell
531310,POWELL,Powell
531311,SUNDANCE,Sundance
531312,CODY,Cody
531313,AFTON,Afton
531314,LUSK,Lusk
531315,KEMMERER,Kemmerer
531316,RAWLINS,Rawlins
531317,SARATOGA,Saratoga
531318,ROCK SPRINGS,Rock Springs
531319,EVANSTON,Evanston
533027,CASPER,Casper
534001,EVANSTON,Evanston
534004,CASPER,Casper
640001,PAGO PAGO,Pago Pago
650001,TAMUNING,Tamuning
650003,DEDEDO,Dededo
660001,GARAPAN,Garapan
670005,KINGWOOD,Kingwood
670006,AUSTIN,Austin
670008,WEBSTER,Webster
670023,MANSFIELD,Mansfield
670025,PLANO,Plano
670031,PASADENA,Pasadena
670034,ROUND ROCK,Round Rock
670041,ROUND ROCK,Round Rock
670043,CEDAR PARK,Cedar Park
670044,ROCKWALL,Rockwall
670047,EL PASO,El Paso
670049,DALLAS,Dallas
670053,SUGAR LAND,Sugar Land
670054,SAN ANTONIO,San Antonio
670055,SAN ANTONIO,San Antonio
670056,KYLE,Kyle
670059,THE WOODLANDS,The Woodlands
670060,SUNNYVALE,Sunnyvale
670062,AUBREY,Aubrey
670067,ARLINGTON,Arlington
670068,FLOWER MOUND,Flower Mound
670069,MCKINNEY,McKinney
670071,ARLINGTON,Arlington
670073,ADDISON,Addison
670075,HOUSTON,Houston
670076,SHERMAN,Sherman
670077,HOUSTON,Houston
670078,SAN ANTONIO,San Antonio
670080,HARKER HEIGHTS,Harker Heights
670082,MC KINNEY,McKinney
670085,FORT WORTH,Fort Worth
670088,COLLEGE STATION,College Station
670090,LANCASTER,Lancaster
670093,CONROE,Conroe
670098,NEW BRAUNFELS,New Braunfels
670102,HOUSTON,Houston
670103,FORT WORTH,Fort Worth
670106,PEARLAND,Pearland
670107,BURLESON,Burleson
670108,MARBLE FALLS,Marble Falls
670109,BAYTOWN,Baytown
670112,SAN ANTONIO,San Antonio
670115,HUMBLE,Humble
670120,EL PASO,El Paso
670121,HURST,Hurst
670122,THE WOODLANDS,The Woodlands
670124,HORIZON CITY,Horizon City
670125,SAN ANTONIO,San Antonio
670128,PFLUGERVILLE,Pflugerville
670131,BUDA,Buda
670132,SOUTHLAKE,Southlake
670134,LUMBERTON,Lumberton
670135,HOUSTON,Houston
670136,AUSTIN,Austin
670260,FRISCO,Frisco
670265,CARROLLTON,Carrollton
670266,HUMBLE,Humble
670267,SPRING,Spring
670285,KINGWOOD,Kingwood
670300,MIDLOTHIAN,Midlothian
670309,MANSFIELD,Mansfield
670314,SUGAR LAND,Sugar Land
670320,HOUSTON,Houston
670321,DALLAS,Dallas
670322,PLANO,Plano
670326,ROUND ROCK,Round Rock
670327,LUBBOCK,Lubbock
670331,TRINITY,Trinity
670333,SAN ANTONIO,San Antonio
670335,SAN ANTONIO,San Antonio
670336,SAN ANTONIO,San Antonio
670340,CELINA,Celina
670342,CYPRESS,Cypress
670345,BELLAIRE,Bellaire
670346,FRISCO,Frisco
670347,DENTON,Denton
670348,RICHARDSON,Richardson
670349,HOUSTON,Houston
670350,PALESTINE,Palestine
670351,HOUSTON,Houston
670779,CROSBYTON,Crosbyton
670780,MARLIN,Marlin
670781,ANSON,Anson
670783,SAN AUGUSTINE,San Augustine
670784,WINTERS,Winters
671300,GRAHAM,Graham
671301,CANADIAN,Canadian
671302,BRECKENRIDGE,Breckenridge
671303,EASTLAND,Eastland
671304,SMITHVILLE,Smithville
673025,ALLEN,Allen
673027,AUSTIN,Austin
673029,RICHARDSON,Richardson
673030,BEAUMONT,Beaumont
673031,DALLAS,Dallas
673032,ROUND ROCK,Round Rock
673034,SHENANDOAH,Shenandoah
673035,FORT WORTH,Fort Worth
673036,DENTON,Denton
673038,KATY,Katy
673039,ABILENE,Abilene
673041,SHERMAN,Sherman
673042,SUGAR LAND,Sugar Land
673043,DALLAS,Dallas
673044,BEDFORD,Bedford
673045,MESQUITE,Mesquite
673046,FRISCO,Frisco
673048,FORT WORTH,Fort Worth
673049,NEW BRAUNFELS,New Braunfels
673050,HOUSTON,Houston
673052,HOUSTON,Houston
673053,CORPUS CHRISTI,Corpus Christi
673054,AUSTIN,Austin
673055,PLANO,Plano
673056,VICTORIA,Victoria
673057,KYLE,Kyle
673058,LAKEWAY,Lakeway
673059,LAREDO,Laredo
673060,ARLINGTON,Arlington
673061,WEBSTER,Webster
673062,WEATHERFORD,Weatherford
673063,LUBBOCK,Lubbock
673065,BRYAN,Bryan
673066,PEARLAND,Pearland
673067,CORPUS CHRISTI,Corpus Christi
673068,SUGAR LAND,Sugar Land
673069,ROUND ROCK,Round Rock
673070,LUBBOCK,Lubbock
673071,KATY,Katy
673072,HOUSTON,Houston
673073,LONGVIEW,Longview
673074,TEMPLE,Temple
673075,EL PASO,El Paso
673076,FLOWER MOUND,Flower Mound
673077,KELLER,Keller
673078,SAN ANGELO,San Angelo
673079,ROBINSON,Robinson
673080,PLANO,Plano
673081,ARLINGTON,Arlington
673083,EL PASO,El Paso
673088,MANSFIELD,Mansfield
673089,HARKER HEIGHTS,Harker Heights
673096,PROSPER,Prosper
713025,LACOMBE,Lacombe
713026,BOGALUSA,Bogalusa
713028,SHREVEPORT,Shreveport
713029,SHREVEPORT,Shreveport
743025,SAN ANTONIO,San Antonio
743027,BAYTOWN,Baytown
743028,CONROE,Conroe
743030,HOUSTON,Houston
743031,MC KINNEY,McKinney
743032,HEATH,Heath
743035,AMARILLO,Amarillo
743038,TEMPLE,Temple
