mrf_id,facility_id,is_current,mrf_url,mrf_page_url,file_name,file_format,file_type,file_size_bytes,is_converted_copy
"cc:00127d03-7027-41c2-8443-7584e20a17ff:f612ce83-a931-4a7a-8f74-a91907e18bfa","cc:00127d03-7027-41c2-8443-7584e20a17ff","true","https://app.box.com/shared/static/33eqnd1567uzfozx8jvnyf0mtkguycri.csv","https://us.flow-prod.boomi.com/f2a4d421-8a52-4b09-8a4c-8476aae2d651/play/ptt?flow-id=55c677ad-57f7-4e47-b22f-19d1bb1871bd&flow-version-id=b8a8e92e-d9f0-4528-8ac1-ea41bc658ef9&hospital-id=34","742019736-1871599829_Connally_Memorial_Medical_Center_standardcharges.csv","csv","spreadsheet","3183591","false"
"cc:00787b6d-808f-4e7f-894c-01d0bf916da1:c387353a-f8fe-4641-bc6e-0c2a17f2440f","cc:00787b6d-808f-4e7f-894c-01d0bf916da1","true","https://stctrprodsnsvc00455826e6.blob.core.windows.net/pt-final-posting-files/35-1611050_HCA-FLORIDA-ENGLEWOOD-HOSPITAL_standardcharges.json?si=pt-json-access-policy&spr=https&sv=2024-11-04&sr=c&sig=o5IofreS%2F7ETlsnhPakPWCwHVVUZRobywQ5wUKGjVuQ%3D","https://www.hcafloridahealthcare.com/patient-resources/patient-financial-resources/pricing-transparency-cms-required-file-of-standard-charges","35-1611050_HCA-FLORIDA-ENGLEWOOD-HOSPITAL_standardcharges.json","json","other","308348823","false"
"cc:0078b539-57e8-428b-bcbf-f762a308dad0:d26d3f36-8511-4402-8b55-827558c1fdf8","cc:0078b539-57e8-428b-bcbf-f762a308dad0","true","https://d188lfxfyq6i9j.cloudfront.net/general-uploads/Patients-Visitors/35-1163135_Jackson-County-Schneck-Memorial-Hospital_standardcharges_040126.csv","https://www.schneckmed.org/patients-visitors/patient-information/billing-insurance","35-1163135_Jackson-County-Schneck-Memorial-Hospital_standardcharges_040126.csv","csv","spreadsheet","14638542","false"
"cc:00809594-14b7-4496-8d7d-06a2a8a416a6:2d6ac8ab-8b88-489f-b8d2-7a6482cc9ded","cc:00809594-14b7-4496-8d7d-06a2a8a416a6","true","https://www.creekhealth.org/wp-content/uploads/2026/05/731357965_Muscogee-Creek-Nation-Department-of-Health_standardcharges.xlsx","https://www.creekhealth.org/price-transparency","731357965_Muscogee-Creek-Nation-Department-of-Health_standardcharges.xlsx","xlsx","spreadsheet","6007634","false"
"cc:0081d8ad-cefb-407b-81a0-f23f961409fb:92bc5963-99e5-4eed-b9e0-02a0a7075d5d","cc:0081d8ad-cefb-407b-81a0-f23f961409fb","true","https://www.benefis.org/app/files/public/f91914a6-d101-43cb-bd9b-662be3027d32/810431871_BenefisCommunityCareInc_standardcharges.csv","https://www.benefis.org/patients-visitors/billing-financial-assistance/price-transparency","810431871_BenefisCommunityCareInc_standardcharges.csv","csv","spreadsheet","1329662","false"
"cc:0088dff4-ea3c-4fca-a631-d27c045f2c1e:fb920de2-214b-4719-9680-ee36ed6d77d7","cc:0088dff4-ea3c-4fca-a631-d27c045f2c1e","true","https://hpt.inmediata.com/?handler=DF&d=BADB2F13-F835-4796-8A1A-E23498DB1F86","https://www.sistemamenonita.com/price-transparency","660938154-1265096044_csf-menonita-yabucoa_standardcharges.json","json","other","1186088","false"
"cc:00bbea0c-bcf8-4629-b98d-930035caf9a9:94a0c89a-cb7b-45f8-90df-ca5908ad6e92","cc:00bbea0c-bcf8-4629-b98d-930035caf9a9","true","https://hospitalpricedisclosure.com/download.aspx?pi=EQGzpo*__*Zt8w*__*tMoFmXcTzQ*-*","https://www.wkhs.com/patients-and-visitors/billing-insurance-and-financial-assistance/pricing-transparency","720400933_willis-knighton-health-system_standardcharges.json","json","other","29254833","false"
"cc:00f9bf71-60cc-471c-ac29-1fdd685ffa9b:e7144e3f-5c61-452a-821e-0d809f98a087","cc:00f9bf71-60cc-471c-ac29-1fdd685ffa9b","true","https://apps.para-hcfs.com/PTT/FinalLinks/Reports.aspx?dbName=dbWashingtonHospitalCA&type=CDMWithoutLabel&fileType=CSV","https://apps.para-hcfs.com/PTT/FinalLinks/Washington_Fremont_V3.aspx","946030667_washington-township-hospital-district_standardcharges.csv","csv","spreadsheet","159525046","false"
"cc:010e5c0d-4147-4e10-86dc-0959d1fd7929:566f8dba-9445-468b-a373-8b4a33a0c343","cc:010e5c0d-4147-4e10-86dc-0959d1fd7929","true","https://app.box.com/shared/static/qz2jfnagmhh0poslzxythqhw2qkr72bf.csv","https://midcoasthealthsystem.org/pricing-transparency/","920865672-1295442713_Mid_Coast_Medical_Center_-_Trinity_standardcharges.csv","csv","spreadsheet","393252","false"
"cc:01389ca3-b73b-49b7-ac1c-152b36cd3b03:d5a91aa1-5338-43b8-b0e5-8ce60e6c8860","cc:01389ca3-b73b-49b7-ac1c-152b36cd3b03","true","https://app.box.com/shared/static/5j98gib3rf92yyux9myeyl4ds49if8wb.csv","https://us.flow-prod.boomi.com/f2a4d421-8a52-4b09-8a4c-8476aae2d651/play/ptt?flow-id=a91f6d2f-a3ad-4257-9185-99463fe7c6a3&flow-version-id=691a537c-ea37-41a1-96ba-24e7272b0047&hospital-id=38","811008596-1457393571_Anson_General_Hospital_standardcharges.csv","csv","spreadsheet","490790","false"
"cc:01a3c9c5-c805-4f82-bbec-a83dffab204e:6366590a-7232-4821-a343-7a7d9c4f99d0","cc:01a3c9c5-c805-4f82-bbec-a83dffab204e","true","https://omh.ny.gov/omhweb/adults/141663311_nysomh_standardcharges.csv","https://omh.ny.gov/omhweb/adults/omh-hospital-pricing-transparency.pdf","141663311_nysomh_standardcharges.csv","csv","spreadsheet","929041","false"
"cc:01d82802-8799-43e8-8a36-cf41fa9adc55:9faaf031-b65a-4958-ab97-ac44971a0bda","cc:01d82802-8799-43e8-8a36-cf41fa9adc55","true","https://www.umc.edu/Healthcare/Patients-and-Visitors/Bill%20Pay/Pricing%20Files/646008520-1154317527_university-of-mississippi-medical-center_standardcharges.csv","https://www.umc.edu/pricing","646008520-1154317527_university-of-mississippi-medical-center_standardcharges.csv","csv","spreadsheet","147786666","false"
"cc:01f3eabb-d976-45de-a5df-e248fa1a7b2a:6686a037-56f8-45f4-a01f-3776fee1a2c1","cc:01f3eabb-d976-45de-a5df-e248fa1a7b2a","true","https://www.marionhealth.com/documents/35-0868130_Marion-General-Hospital_Standard-Charges.csv","https://www.marionhealth.com/patients-visitors/billing-insurance/estimating-my-healthcare-cost/","35-0868130_Marion-General-Hospital_Standard-Charges.csv","csv","spreadsheet","138255682","false"
"cc:02068778-7a03-49e4-9be6-c741f177a20e:583f8de2-39df-4dff-be0a-fa9fcaa89062","cc:02068778-7a03-49e4-9be6-c741f177a20e","true","https://sthpiprd.blob.core.windows.net/machine-readable-files/12726/630477348_usa-health-children%27s-%26-women%27s-hospital_standardcharges.csv","https://www.usahealthsystem.com/price-index","-women's-hospital_standardcharges.csv","csv","spreadsheet","620898173","false"
"cc:0225fd2e-9bea-4a70-96f3-479d4b929d78:12fbbebe-c66e-43f4-86b2-6b5a44cc0fea","cc:0225fd2e-9bea-4a70-96f3-479d4b929d78","true","https://www.asante.org/app/files/public/2f3f70b2-b1fc-450a-930e-3a34df66392b/AsanteThreeRiversMedicalCenter_StandardCharges.zip","https://www.asante.org/patients-visitors/bill-pay/standard-charges/","AsanteThreeRiversMedicalCenter_StandardCharges.zip","zip","unknown","254333426","false"
"cc:0264412e-7473-482e-b4db-13e2a3ccd8ed:ea12e668-1c72-4cf4-bae5-fe863ec16ab4","cc:0264412e-7473-482e-b4db-13e2a3ccd8ed","true","https://edge.sitecorecloud.io/sutterhealt962c-sutterhealt8fce-production57cc-4860/media/Project/SutterHealth/SutterHealth/Files/billing-insurance/costs-and-charges/940562680-1689035628_sutter-maternity-surgery-center-of-santa-cruz_standardcharges.csv","https://www.sutterhealth.org/billing-insurance/costs-and-charges/cost-transparency","940562680-1689035628_sutter-maternity-surgery-center-of-santa-cruz_standardcharges.csv","csv","spreadsheet","12434370","false"
"cc:0283ba66-5c78-40f7-9cfd-459ec6cc3f7d:e3bfaa55-ab4d-4937-9cfd-de8b159bac5a","cc:0283ba66-5c78-40f7-9cfd-459ec6cc3f7d","true","https://www.medstarhealth.org/-/media/project/mho/medstar/billing-and-insurance/2026/521369749_1669549614_national_rehabilitation_hospital_inc_standardcharges.csv","https://www.medstarhealth.org/price-transparency-disclosures","521369749_1669549614_National_Rehabilitation_Hospital_Inc_standardcharges.csv","csv","spreadsheet","5016300","false"
"cc:02a37a22-17be-4209-908f-31bdf8b4d944:b92c0baf-b5c3-45b6-bb50-7be5c4ee0146","cc:02a37a22-17be-4209-908f-31bdf8b4d944","true","https://ucihealth.org/pricetransparency/952226406_uci-health-placentia-linda_standardcharges.json","https://www.ucihealth.org/patients-and-visitors/financial-resources/price-transparency","952226406_uci-health-placentia-linda_standardcharges.json","json","other","66837118","false"
"cc:02e6f4f6-a9e6-414d-8708-d910363ce12e:ccaff30f-19f5-44cd-a52c-f20924e81dba","cc:02e6f4f6-a9e6-414d-8708-d910363ce12e","true","https://stctrprodsnsvc00455826e6.blob.core.windows.net/pt-final-posting-files/62-1026428_HCA-FLORIDA-LARGO-HOSPITAL_standardcharges.json?si=pt-json-access-policy&spr=https&sv=2024-11-04&sr=c&sig=o5IofreS%2F7ETlsnhPakPWCwHVVUZRobywQ5wUKGjVuQ%3D","https://www.hcafloridahealthcare.com/patient-resources/patient-financial-resources/pricing-transparency-cms-required-file-of-standard-charges","62-1026428_HCA-FLORIDA-LARGO-HOSPITAL_standardcharges.json","json","other","496317333","false"
"cc:031c7ac9-7bc8-48b8-b98d-b4b87ce5a27c:3c890992-a426-4752-8b39-155cbf74d330","cc:031c7ac9-7bc8-48b8-b98d-b4b87ce5a27c","true","https://www.brownhealth.org/sites/default/files/2026-04/05-0258806_emma-pendleton-bradley-hospital_standardcharges.csv","https://www.brownhealth.org/patients-visitors/insurance-billing-and-financial-assistance/cost-care-and-price-transparency","05-0258806_emma-pendleton-bradley-hospital_standardcharges.csv","csv","spreadsheet","2766988","false"
"cc:033bf2cf-2826-46d7-b803-aa297650cba7:920c3684-7615-4d42-8a5c-ad4a4075dbda","cc:033bf2cf-2826-46d7-b803-aa297650cba7","true","https://urldefense.com/v3/__https:/hospitalpricedisclosure.com/download.aspx?pi=Otpj5NZ6q61OUt0fcdE6WA*-*__;Kio!!PA8yTw!tmmw67Yvc7ehtMfleRemJMwglCblMCXEoLxYH246xwMAmLPtJFDTqNQSUNJquWFXi_r33hea5Vm-x89eHcmPLHks$","https://urldefense.com/v3/__https:/hospitalpricedisclosure.com/default.aspx?ci=jZlMrXy92UZxgxqL*__*9*_*vqA*-*__;KioqKioq!!PA8yTw!tmmw67Yvc7ehtMfleRemJMwglCblMCXEoLxYH246xwMAmLPtJFDTqNQSUNJquWFXi_r33hea5Vm-x89eHcDnZoEK$","-north-campus_standardcharges.json","json","other","22036762","false"
"cc:035285c1-4968-41db-83ec-98bb0d82c587:a04e105b-0902-447c-8350-607108c80af4","cc:035285c1-4968-41db-83ec-98bb0d82c587","true","https://oaklawnhospital.org/oaklawn-standard-charges.csv.zip","https://oaklawnhospital.org/tools-resources/price-transparency","oaklawn-standard-charges.csv.zip","zip","unknown","9659261","false"
"cc:03780e6f-73f0-4fe7-85ca-4ba5015fa08e:a3374442-8899-4297-8d2c-d13eb85b182d","cc:03780e6f-73f0-4fe7-85ca-4ba5015fa08e","true","https://cdn.accureg.net/trans/smrmc/640468873_Lawrence-County-Hospital_standardcharges.csv","https://pricetransparency.accureg.net/southwestms","640468873_Lawrence-County-Hospital_standardcharges.csv","csv","spreadsheet","8796510","false"
"cc:037eabdc-13bd-44e8-996a-67f9462c6977:9d3b59ec-5c3c-4447-933a-1251e92fefc7","cc:037eabdc-13bd-44e8-996a-67f9462c6977","true","https://www.smcok.com/s/730765084_Share-Medical-Center_standardcharges.csv","https://www.smcok.com/price-transparency","730765084_Share-Medical-Center_standardcharges.csv","csv","spreadsheet","336903","false"
"cc:0382e073-aac8-4bb9-8f25-480b7ee78c02:d2b5692b-d3f5-4e2c-82c1-3eb936939d12","cc:0382e073-aac8-4bb9-8f25-480b7ee78c02","true","https://urldefense.com/v3/__https://hospitalpricedisclosure.com/download.aspx?pi=2VSkC7fOUM8I3j2TiNK4ZA*-*__;Kio!!OwHQNGuS!NNxzc3gzcCDbWC_3aBKJU3Bm28st5mdzWI_DoAkJmDmhsUhsHjB8niD15jvlGIrs7b_d4aR0fJBjowy6rVbgBT4ggzUHXQ$","https://urldefense.com/v3/__https://HospitalPriceDisclosure.com/Default.aspx?ci=RsbcVwMa5jfnDZuYpIqAxQ*-*__;Kio!!OwHQNGuS!NNxzc3gzcCDbWC_3aBKJU3Bm28st5mdzWI_DoAkJmDmhsUhsHjB8niD15jvlGIrs7b_d4aR0fJBjowy6rVbgBT5sJPyOLA$","452694620_texas-health-huguley-hospital-fort-worth-south_standardcharges.json","json","other","20236089","false"
"cc:038d2700-3ecd-42e8-ba5e-42af23065500:ce9b581a-ab46-4c4d-9e60-2fe212143b58","cc:038d2700-3ecd-42e8-ba5e-42af23065500","true","https://s3.amazonaws.com/ycubaa-production-marlin-1-charge-management-public/facilities/f25a1e6a-ed78-4641-a1c6-fcebfa80bf1b/731538589_HOLDENVILLE-GENERAL-HOSPITAL_standardcharges.zip","https://holdenvillehospital.com/price-transparency","731538589_HOLDENVILLE-GENERAL-HOSPITAL_standardcharges.zip","zip","unknown","43400388","false"
"cc:03af61c1-e1a6-433a-a29b-8239c17e06d8:989bd373-77a2-4688-84e9-6ed2e10985e8","cc:03af61c1-e1a6-433a-a29b-8239c17e06d8","true","https://sthpiprd.blob.core.windows.net/machine-readable-files/7854/370661183-1760571699_blessing-hospital_standardcharges.csv","https://search.hospitalpriceindex.com/hpi2/machineReadable/BlessingHospital/7854","370661183-1760571699_blessing-hospital_standardcharges.csv","csv","spreadsheet","319936886","false"
"cc:03c6d470-a31f-4719-82ff-d3724d596d35:20efd638-8f76-4ef0-9f0a-b9d9db72938b","cc:03c6d470-a31f-4719-82ff-d3724d596d35","true","https://mrfs.hyvehealthcare.com/RWJBarnabasHealth/221500556_clara-maass-medical-center_standardcharges.json","https://www.rwjbh.org/clara-maass-medical-center/billing/charges","221500556_clara-maass-medical-center_standardcharges.json","json","other","448301783","false"
"cc:03ea0278-84b2-4f97-b643-3ad989506916:1e255230-5437-4205-a3a3-bdab1ccf9c1d","cc:03ea0278-84b2-4f97-b643-3ad989506916","true","https://www.valleyhealthlink.com/app/files/public/dde5f161-c1d5-4285-b0aa-abb04a4ceb53/Price%20Transparency/540551200_page-memorial-hospital-inc_standardcharges.csv","https://www.valleyhealthlink.com/patient-visitors/for-patients/billing-information/request-a-patient-cost-estimate/price-transparency","Price Transparency_540551200_page-memorial-hospital-inc_standardcharges.csv","csv","spreadsheet","102633318","false"
"cc:0447d185-0cdb-430b-940b-262fcbfefae3:7c439fc9-fb13-4757-8815-61dc1f3e7505","cc:0447d185-0cdb-430b-940b-262fcbfefae3","true","https://edge.sitecorecloud.io/sutterhealt962c-sutterhealt8fce-production57cc-4860/media/Project/SutterHealth/SutterHealth/Files/billing-insurance/costs-and-charges/940562680-1295181477_alta-bates-summit-medical-center-summit-campus_standardcharges.csv","https://www.sutterhealth.org/billing-insurance/costs-and-charges/cost-transparency","940562680-1295181477_alta-bates-summit-medical-center-summit-campus_standardcharges.csv","csv","spreadsheet","17061635","false"
"cc:04674a02-3c57-4f5d-96ec-7de813dbc511:e488ecab-2ca1-4adc-9dd6-b60ec2fa792c","cc:04674a02-3c57-4f5d-96ec-7de813dbc511","true","https://apps.para-hcfs.com/PTT/FinalLinks/Reports.aspx?dbName=dbGRHSGLENWOODMN&type=CDMWithoutLabel&fileType=CSV","https://apps.para-hcfs.com/PTT/FinalLinks/Glacial_Ridge.aspx","416006942_glacial-ridge-hospital-district_standardcharges.csv","csv","spreadsheet","37838551","false"
"cc:049493a3-fc84-4a80-acaa-99f7a8ed77bf:d37178ec-7c16-4b12-9501-c56c71259fe6","cc:049493a3-fc84-4a80-acaa-99f7a8ed77bf","true","https://www.sharonregionalhealthsystem.org/wp-content/uploads/2025/05/332621724_SharonRegional_standardcharges.zip","https://www.sharonregionalhealthsystem.org/","332621724_SharonRegional_standardcharges.zip","zip","unknown","4373732","false"
"cc:04b6d3d9-0c76-4072-b735-0923d003b784:803598ca-c96c-4488-9460-838f834a2d33","cc:04b6d3d9-0c76-4072-b735-0923d003b784","true","https://mrfs.hyvehealthcare.com/USPI/760246499_tops-specialty-hospital%2C-ltd._standardcharges.json","https://tops-hospital.com/Hospital-Pricing-Information","760246499_tops-specialty-hospital,-ltd._standardcharges.json","json","other","66846255","false"
"cc:04dc47d9-9c90-4393-8775-2e6f60ba987f:8729ee74-e1b6-4d06-8e7b-3c9ee70d36ff","cc:04dc47d9-9c90-4393-8775-2e6f60ba987f","true","https://franciscans.childrenshospital.org/sites/default/files/shoppable/042156082_Franciscan_Hospital_for_Children_Standardsharges.csv","https://franciscans.childrenshospital.org/standard-charges-shoppable-services","042156082_Franciscan_Hospital_for_Children_Standardsharges.csv","csv","spreadsheet","336611","false"
"cc:04df5451-0683-43b9-8ecd-99784a390657:6ef056bf-0599-425a-abb5-962fd2083c57","cc:04df5451-0683-43b9-8ecd-99784a390657","true","https://s3.amazonaws.com/ycubaa-production-marlin-1-charge-management-public/facilities/153bd9ca-53c7-4fb3-b3cd-23ab4fd925c4/72-1589022_LawrenceMedicalCenter_StandardCharges_070623.xlsx","https://www.yourcareeverywhere.com/content/medhost/your-care-everywhere/pricing-estimator-page.html?facility_id=153bd9ca-53c7-4fb3-b3cd-23ab4fd925c4","72-1589022_LawrenceMedicalCenter_StandardCharges_070623.xlsx","xlsx","spreadsheet","502954","false"
"cc:04f9f4b1-23aa-4a1c-8a66-e3bd11c6cf25:392cf757-277e-460c-a824-895c7a43a266","cc:04f9f4b1-23aa-4a1c-8a66-e3bd11c6cf25","true","https://hpt.inmediata.com/?handler=DF&d=452547A5-86D8-4E7C-9258-8BD1146EFE45","https://www.sistemamenonita.com/hospital-menonita-humacao","660938154-1578196820_hospital-menonita-humacao-inc_standardcharges.json","json","other","1334931","false"
"cc:05283417-507a-479a-b072-c896c650971b:a6d25221-00f8-489a-87cb-4c0b8e5966e6","cc:05283417-507a-479a-b072-c896c650971b","true","https://www.dlmed.org/documents/810469886_Powell-County-Memorial-Hospital-Association-Inc._standardcharges.csv","https://www.dlmed.org/our-services/patient-financial-services/","810469886_Powell-County-Memorial-Hospital-Association-Inc._standardcharges.csv","csv","spreadsheet","7082522","false"
"cc:053e06e1-a77d-43ac-b68d-5186d5f681dd:f44fbcbc-bbbb-4b8d-8918-d2548de16c1d","cc:053e06e1-a77d-43ac-b68d-5186d5f681dd","true","https://apps.para-hcfs.com/PTT/FinalLinks/Reports.aspx?dbName=dbGAMCGLENDALECA&type=CDMWithoutLabel&fileType=CSV","https://www.adventisthealth.org/patients-and-visitors/price-transparency/","951816017_glendale-adventist-medical-center_standardcharges.csv","csv","spreadsheet","1006722159","false"
"cc:05828cd3-131c-4c81-8d15-61487da20885:fd604e2d-0d17-4cb1-b131-9b262cb97fe2","cc:05828cd3-131c-4c81-8d15-61487da20885","true","https://nchmd.org/wp-content/uploads/590694358_1720085317_naples-community-hospital-inc._standardcharges.json","https://nchmd.org/patients-and-visitors/compare-hospital-pricing/","590694358_1720085317_naples-community-hospital-inc._standardcharges.json","json","other","37315052","false"
"cc:05bbfa9c-28e8-4960-a009-6066292be3aa:87deb81e-5bc2-4fe4-8f90-ffa98a230a53","cc:05bbfa9c-28e8-4960-a009-6066292be3aa","true","https://edge.sitecorecloud.io/sutterhealt962c-sutterhealt8fce-production57cc-4860/media/Project/SutterHealth/SutterHealth/Files/billing-insurance/costs-and-charges/941156621-1366896300_memorial-hospital-los-banos_standardcharges.csv","https://www.sutterhealth.org/billing-insurance/costs-and-charges/cost-transparency","941156621-1366896300_memorial-hospital-los-banos_standardcharges.csv","csv","spreadsheet","9335851","false"
"cc:05e77cf5-f8f7-4440-9e43-17fd9a59f5ea:697c1b52-cbf0-4f67-bcd0-ea905ecf62b1","cc:05e77cf5-f8f7-4440-9e43-17fd9a59f5ea","true","https://www.rmcca.com/Uploads/Public/Documents/822445000_the-health-care-authority-of-city-of-greenville---lv-stabler_standardcharges.csv","https://www.rmcca.com/main/pricing-transparency","822445000_the-health-care-authority-of-city-of-greenville---lv-stabler_standardcharges.csv","csv","spreadsheet","11201904","false"
"cc:06091caf-6c62-47c5-8b76-1a440dbc9e43:3a60c91c-12bc-4244-a2ad-06e13f107ed7","cc:06091caf-6c62-47c5-8b76-1a440dbc9e43","true","https://mrfs.hyvehealthcare.com/TenetHealth/752918966_doctors-hospital-of-manteca%2C-inc._standardcharges.json","https://www.cvdoctorshealthsystem.com/patients/pricing-info-estimates/hospital-pricing-information","752918966_doctors-hospital-of-manteca,-inc._standardcharges.json","json","other","1802975","false"
"cc:061f4f98-5c4b-4780-bd4e-b6373575bec1:3c77aec9-e767-495b-8317-c422786e31ca","cc:061f4f98-5c4b-4780-bd4e-b6373575bec1","true","https://apps.para-hcfs.com/PTT/FinalLinks/Wheatland_V2.aspx#","https://apps.para-hcfs.com/PTT/FinalLinks/Wheatland_V2.aspx","810392231 _wheatland-memorial-healthcare_standardcharges.csv","csv","spreadsheet","15846061","false"
"cc:064a7ea4-f4a7-4f03-b30e-38728684ee59:485f3935-bb34-4880-815f-52dfc87a7c6e","cc:064a7ea4-f4a7-4f03-b30e-38728684ee59","true","https://www.rhirehab.com/media/2612/2026-rhi-machine_readable-file.csv","https://www.rhirehab.com/becoming-our-patient/billing-financial-assistance/price-transparency/","2026-rhi-machine_readable-file.csv","csv","spreadsheet","84999003","false"
"cc:0688a357-03df-4d71-85bc-07310666e284:1d78cf4e-2134-4cf4-8a38-f6bf13b06f70","cc:0688a357-03df-4d71-85bc-07310666e284","true","https://sthpiprd.blob.core.windows.net/machine-readable-files/8046/060646649-1730137753_gaylord-hospital-inc_standardcharges.csv","https://search.hospitalpriceindex.com/hpi2/machineReadable/GaylordHospital/8046","060646649-1730137753_gaylord-hospital-inc_standardcharges.csv","csv","spreadsheet","44364588","false"
"cc:068ee24f-7306-4d4c-8c12-e786b63c9668:952c5c6f-dfef-4a31-82f5-e857d619a9c1","cc:068ee24f-7306-4d4c-8c12-e786b63c9668","true","https://www.mymichigan.org/app/files/public/245b4261-c608-4a1e-a9b9-9bc0ff04d48a/386000029_mymichigan-medical-center-alpena_standardcharges.csv","https://www.mymichigan.org/patients-visitors/billing-insurance/cost-estimates/","386000029_mymichigan-medical-center-alpena_standardcharges.csv","csv","spreadsheet","99149296","false"
"cc:06ae137b-f978-4dfa-b115-1784d155bddd:1e6a3edf-bb48-422d-82e6-e07e650f8ad3","cc:06ae137b-f978-4dfa-b115-1784d155bddd","true","https://www.enloe.org/app/files/public/1eced6f9-2505-4f81-b1cf-2432f2e5af1e/941603784_Enloe%20Medical%20Center_StandardCharges.csv","https://www.enloe.org/for-patients-visitors/billing-insurance/price-transparency","941603784_Enloe Medical Center_StandardCharges.csv","csv","spreadsheet","63335155","false"
"cc:06b244df-3953-4e98-93e9-8b511c39460b:59adeb5e-4661-45ed-8836-2417f3b2a8ef","cc:06b244df-3953-4e98-93e9-8b511c39460b","true","https://www.avera.org/app/files/public/267d9283-4d45-4701-bdde-d8fe51d1ba8a/460024743_avera-specialty-hospital_standardcharges.csv","https://www.avera.org/patients-visitors/price-transparency/","460024743_avera-specialty-hospital_standardcharges.csv","csv","spreadsheet","30489963","false"
"cc:06d1baed-0d6e-45e4-b7e6-e1e88c5c9cc4:a8e3f5ec-8dbe-40e1-9321-4d083ac3119f","cc:06d1baed-0d6e-45e4-b7e6-e1e88c5c9cc4","true","https://www.firelands.com/app/files/public/224793c3-8e12-4ae3-99f0-05a43fbda5a2/344428205_bellevue-hospital_standardcharges.csv","https://www.firelands.com/patients-guests/billing-insurance/price-transparency","344428205_bellevue-hospital_standardcharges.csv","csv","spreadsheet","3588096","false"
"cc:06ddb679-8672-44ad-9102-03be65fdc79d:cbd4446c-8901-4f93-890f-62e098a20560","cc:06ddb679-8672-44ad-9102-03be65fdc79d","true","https://resources.selectmedical.com/Pricing-Transparency/critical-illness-recovery/26-3643089_Select_Specialty_Hospital-Akron_standardcharges.csv","https://www.selectspecialtyhospitals.com/patients-and-caregivers/admissions/price-transparency","26-3643089_Select_Specialty_Hospital-Akron_standardcharges.csv","csv","spreadsheet","231437206","false"
"cc:06ec06de-a4dc-4ca4-977f-befb9f66925a:36bd30d6-2d2b-4ba5-94b8-8b543850b6cd","cc:06ec06de-a4dc-4ca4-977f-befb9f66925a","true","https://hospitalpricedisclosure.com/download.aspx?pi=r5C56pFicSGYmflCJ5*__*QXg*-*&f=p22CpYLrWLxCnt4HoK7iZA*-*","https://www.orlandohealth.com/patients-and-visitors/patient-financial-resources/financial-information-prior-to-care/pricing-transparency-guide","591726273_orlando-health,-inc._standardcharges.json","json","other","90570353","false"
"cc:06f1c35b-cdc3-49b2-a9bf-27220b62ea35:58c99847-2af9-474f-ac88-6406ead02d5a","cc:06f1c35b-cdc3-49b2-a9bf-27220b62ea35","true","https://emilyprogram.com/wp-content/uploads/price-transparency/GA_Consumer.csv","https://emilyprogram.com/trust-compliance/transparency-in-coverage","GA_Consumer.csv","csv","spreadsheet","42996","false"
"cc:0731c824-699a-4a9f-be92-7aec13d7f435:d6c190a5-1561-4c80-82b4-72385307fa3e","cc:0731c824-699a-4a9f-be92-7aec13d7f435","true","https://www.normanregional.com/documents/PFS/736048282_norman-regional-health-system_standardcharges.csv","https://www.normanregional.com/patients-visitors/price-transparency","736048282_norman-regional-health-system_standardcharges.csv","csv","spreadsheet","39141747","false"
"cc:079cdaf9-16cf-4a00-b4f3-dde6b153124b:5613f921-f61b-4e3f-becc-5d08ce2c4e5d","cc:079cdaf9-16cf-4a00-b4f3-dde6b153124b","true","https://hospitalpricedisclosure.com/Download.aspx?pxi=nw7gio04VXlkHqrkg*__*Attg*-*&f=iFd*_*cEPwhQHJy3lVvHy9uQ*-*","https://hospitalpricedisclosure.com/Default.aspx?ci=RsbcVwMa5jfnDZuYpIqAxQ*-*","840438224_adventhealth-avista_standardcharges.json","json","other","39900808","false"
"cc:07a9b4c9-9023-4360-9c56-909bed7236c3:a08cd386-c079-4af8-a2fc-8dac913b1d3d","cc:07a9b4c9-9023-4360-9c56-909bed7236c3","true","https://www.tghnorth.org/-/media/files/tgh-north-files/933040761_tampa-general-hospital-brooksville_standardcharges.csv?rev=66ede8b1358246378c9569f8a1851232&hash=A12A7C1D9A8FCB8BA58899EF7B45B73D","https://www.tghnorth.org/patients-visitors/billing-insurance/pricing-information","933040761_tampa-general-hospital-brooksville_standardcharges.csv","csv","spreadsheet","37767454","false"
"cc:07c662c9-fae5-40c2-a2da-574c9825c584:cb7c3ed3-6da7-4c35-8049-96145452755e","cc:07c662c9-fae5-40c2-a2da-574c9825c584","true","https://stctrprodsnsvc00455826e6.blob.core.windows.net/pt-final-posting-files/62-1620866_TRISTAR-HORIZON-MEDICAL-CENTER_standardcharges.json?si=pt-json-access-policy&spr=https&sv=2024-11-04&sr=c&sig=o5IofreS%2F7ETlsnhPakPWCwHVVUZRobywQ5wUKGjVuQ%3D","https://www.tristarhealth.com/patient-resources/patient-financial-resources/pricing-transparency-cms-required-file-of-standard-charges","62-1620866_TRISTAR-HORIZON-MEDICAL-CENTER_standardcharges.json","json","other","280837471","false"
"cc:07feccc3-c91e-438c-ba37-69f6a150837c:8042f85f-7b99-4665-8f1f-a84c5f4a2177","cc:07feccc3-c91e-438c-ba37-69f6a150837c","true","https://www.waynehealthcare.org/documents/finance/34-4428598_Wayne-Healthcare_standardcharges-4.1.26.csv","https://www.waynehealthcare.org/patients-and-visitors/price-transparency","34-4428598_Wayne-Healthcare_standardcharges-4.1.26.csv","csv","spreadsheet","21072738","false"
"cc:08050825-0aaf-46ab-af81-c29afc9a98a6:f210ed82-eba5-443f-94e5-b335cfb6794b","cc:08050825-0aaf-46ab-af81-c29afc9a98a6","true","https://whitfield.pt.panaceainc.com/MRFDownload/whitfield/whitfield","https://whitfieldregionalhospital.com/price-transparency","636002343_tombigbee-healthcare-authority_standardcharges.csv","csv","spreadsheet","37092452","false"
"cc:0880aef2-0c13-4fdb-8a35-8b36228909b0:0582583f-2ce8-4c0b-9f39-29a374baaf04","cc:0880aef2-0c13-4fdb-8a35-8b36228909b0","true","https://ufhealth.pt.panaceainc.com/MRFDownload/ufhealth/uf-shands","https://ufhealth.org/price-transparency","591943502_university-of-florida-health_standardcharges.zip","zip","unknown","12786460","false"
"cc:08cfc9ec-37e4-487f-8d79-7df76fb34b97:9a892686-761f-4f8b-824f-b9ccfc6596ae","cc:08cfc9ec-37e4-487f-8d79-7df76fb34b97","true","https://olmmed.org/app/files/public/494917a8-b204-4018-8c33-3061060ac41e/410855367_Olmsted-Medical-Center_standardcharges.csv","https://www.olmmed.org/disclaimer/","410855367_Olmsted-Medical-Center_standardcharges.csv","csv","spreadsheet","129089550","false"
"cc:08e6d56f-ba74-4ca9-af6d-7d8e99e7792e:3f864633-2d03-4a67-b6a9-b9959fe136d5","cc:08e6d56f-ba74-4ca9-af6d-7d8e99e7792e","true","https://stctrprodsnsvc00455826e6.blob.core.windows.net/pt-final-posting-files/61-1259833_HCA-FLORIDA-FORT-WALTON-DESTIN-HOSPITAL_standardcharges.json?si=pt-json-access-policy&spr=https&sv=2024-11-04&sr=c&sig=o5IofreS%2F7ETlsnhPakPWCwHVVUZRobywQ5wUKGjVuQ%3D","https://www.hcafloridahealthcare.com/patient-resources/patient-financial-resources/pricing-transparency-cms-required-file-of-standard-charges","61-1259833_HCA-FLORIDA-FORT-WALTON-DESTIN-HOSPITAL_standardcharges.json","json","other","370628638","false"
"cc:0951bd9b-0b56-42a6-97b2-3d9692ec54f4:51472525-8cca-4e5d-8e4e-136ab609ff5b","cc:0951bd9b-0b56-42a6-97b2-3d9692ec54f4","true","https://resources.selectmedical.com/Pricing-Transparency/critical-illness-recovery/43-1726282_Select_Specialty_Hospital-Town_Country_standardcharges.csv","https://www.selectspecialtyhospitals.com/patients-and-caregivers/admissions/price-transparency","43-1726282_Select_Specialty_Hospital-Town_Country_standardcharges.csv","csv","spreadsheet","137596359","false"
"cc:0958c2a6-1dc1-4174-b683-33971bf8b8b3:6524a13f-6499-4998-99a3-8f8de3d3afbc","cc:0958c2a6-1dc1-4174-b683-33971bf8b8b3","true","https://stctrprodsnsvc00455826e6.blob.core.windows.net/pt-final-posting-files/74-2499952_DEL-SOL-MEDICAL-CENTER_standardcharges.json?si=pt-json-access-policy&spr=https&sv=2024-11-04&sr=c&sig=o5IofreS%2F7ETlsnhPakPWCwHVVUZRobywQ5wUKGjVuQ%3D","https://www.laspalmasdelsolhealthcare.com/patient-resources/patient-financial-resources/pricing-transparency-cms-required-file-of-standard-charges","74-2499952_DEL-SOL-MEDICAL-CENTER_standardcharges.json","json","other","928378384","false"
"cc:09689e7d-b1c3-46e4-9fb1-a522677eaa5e:b07d1452-1b3b-48e1-839f-5cfda6cca8a4","cc:09689e7d-b1c3-46e4-9fb1-a522677eaa5e","true","https://www.hopkinsmedicine.org/-/media/patient-care/documents/billing-insurance/charge-fees/520591656_the-johns-hopkins-hospital_standardcharges.csv","https://www.hopkinsmedicine.org/patient-care/patients-visitors/billing-insurance/pay-bill/charges-fees","520591656_the-johns-hopkins-hospital_standardcharges.csv","csv","spreadsheet","14677899","false"
"cc:097a10e0-c038-402b-9e5d-44003be824ba:1686cfed-27ca-4d3e-b76b-21ef187c7759","cc:097a10e0-c038-402b-9e5d-44003be824ba","true","https://apps.para-hcfs.com/PTT/FinalLinks/Reports.aspx?dbName=dbSSHCHICAGOIL&type=CDMWithoutLabel&fileType=CSV","https://apps.para-hcfs.com/PTT/FinalLinks/South_Shore_V2.aspx","361799520_south-shore-hospital-corporation_standardcharges.csv","csv","spreadsheet","16615006","false"
"cc:09af7ffb-0215-4adc-8b5a-25699de78ac3:64ec90a3-18f1-4eee-914b-b6e6b54ac735","cc:09af7ffb-0215-4adc-8b5a-25699de78ac3","true","https://www.ccmcms.org/docs/844_BILLINGITEMSLIST_CsvWidev3.0.0_20260521154214.csv","https://www.ccmcms.org/getpage.php?name=Price_Transparency","844_BILLINGITEMSLIST_CsvWidev3.0.0_20260521154214.csv","csv","spreadsheet","3030241","false"
"cc:09df2ae6-761e-4f56-85f4-4940e734d29b:23783eb5-4d49-49a0-9a3e-3b9ec3aca30a","cc:09df2ae6-761e-4f56-85f4-4940e734d29b","true","https://stctrprodsnsvc00455826e6.blob.core.windows.net/pt-final-posting-files/54-1779911_CHIPPENHAM-HOSPITAL_standardcharges.json?si=pt-json-access-policy&spr=https&sv=2024-11-04&sr=c&sig=o5IofreS%2F7ETlsnhPakPWCwHVVUZRobywQ5wUKGjVuQ%3D","https://www.hcavirginia.com/patient-resources/patient-financial-resources/pricing-transparency-cms-required-file-of-standard-charges","54-1779911_CHIPPENHAM-HOSPITAL_standardcharges.json","json","other","454075740","false"
"cc:09f3b5df-82f4-42e5-a40b-b3379511c323:0e070bb4-75d2-4cf7-9754-27caaa564902","cc:09f3b5df-82f4-42e5-a40b-b3379511c323","true","https://dam.upmc.com/-/media/upmc/locations/hospitals/documents/cdm-json-files/250523970_upmc-horizon_standardcharges.csv?la=en&rev=9e985e6272294673850e9afbe4a644d8&hash=FAF366492A4F42BA54C957FE0D135741","https://www.upmc.com/locations/hospitals/horizon/patients-visitors/cdm","250523970_upmc-horizon_standardcharges.csv","csv","spreadsheet","124970374","false"
"cc:0a1c142e-b329-458b-9a99-ceabaec352b1:f22cb849-3d17-4842-86bb-7a0c330b721b","cc:0a1c142e-b329-458b-9a99-ceabaec352b1","true","https://www.massgeneralbrigham.org/content/dam/mgb-global/en/price-transparency/042104691_Marthas-Vineyard-Hospital_StandardCharges.zip","https://mvhospital.org/patients_and_visitor/patient-billing/","042104691_Marthas-Vineyard-Hospital_StandardCharges.zip","zip","unknown","304716","false"
"cc:0a2e2847-ef4e-4e5c-bf5e-bff2dac8d13a:69d48010-b758-4a09-9373-fa09c82cefff","cc:0a2e2847-ef4e-4e5c-bf5e-bff2dac8d13a","true","https://apps.para-hcfs.com/PTT/FinalLinks/StClaire_V2.aspx#","https://apps.para-hcfs.com/PTT/FinalLinks/StClaire_V2.aspx#","610605336_st-claire-medical-center-inc_standardcharges.csv","csv","spreadsheet","81969551","false"
"cc:0a5220f1-f446-4901-b10d-47d3dad89659:a7a0585a-a47e-4fb9-8b96-c228d622f812","cc:0a5220f1-f446-4901-b10d-47d3dad89659","true","https://apps.para-hcfs.com/PTT/FinalLinks/Reports.aspx?dbName=dbMHBBeaumontCombined&type=CDMWithoutLabel&fileType=CSV","https://apps.para-hcfs.com/ParaSite_New/FinalPTT/BHSET.aspx","741303720_baptist-hospitals-of-southeast-texas_standardcharges.csv","csv","spreadsheet","111216071","false"
"cc:0a541a2e-aa77-4d74-8aa3-cfa09d0a1da2:9587a15e-10aa-4a7d-9456-a7233d6eec18","cc:0a541a2e-aa77-4d74-8aa3-cfa09d0a1da2","true","https://images.pricetransparency.healthcare/public-mrfs/banner/900389312_banner-del-e-webb-medical-center_standardcharges.csv","https://www.bannerhealth.com/patients/billing/pricing-resources/hospital-price-transparency","900389312_banner-del-e-webb-medical-center_standardcharges.csv","csv","spreadsheet","97848583","false"
"cc:0a617c4e-e015-4ec2-af80-45f8dfac8d7e:276a7105-a7ef-42f2-9677-4a449f80cdea","cc:0a617c4e-e015-4ec2-af80-45f8dfac8d7e","true","https://www.stbernards.info/app/files/public/fbd5b848-7d77-4957-a92e-11d22b425db5/710290019_st-bernards-hospital-inc_standardcharges.csv","https://www.stbernards.info/patients-visitors/cost-of-care","710290019_st-bernards-hospital-inc_standardcharges.csv","csv","spreadsheet","88632258","false"
"cc:0a756c66-28e2-4bba-a587-996a3fb44757:389f87c5-aed0-461d-9a09-c527a2c82464","cc:0a756c66-28e2-4bba-a587-996a3fb44757","true","https://www.dollychildrens.org/app/files/public/4e9700ea-068a-457c-992a-54bf58efec1f/626002604_east-tennessee-childrens-hospital_standardcharges.csv","https://www.dollychildrens.org/your-visit/billing-insurance","626002604_east-tennessee-childrens-hospital_standardcharges.csv","csv","spreadsheet","27197909","false"
"cc:0b410cd4-46c7-4fcf-b05f-5fdd34b073f8:eb5e913a-152c-4cea-ae08-f08afd80c060","cc:0b410cd4-46c7-4fcf-b05f-5fdd34b073f8","true","https://stctrprodsnsvc00455826e6.blob.core.windows.net/pt-final-posting-files/74-2730328_NORTHEAST-METHODIST_standardcharges.json?si=pt-json-access-policy&spr=https&sv=2024-11-04&sr=c&sig=o5IofreS%2F7ETlsnhPakPWCwHVVUZRobywQ5wUKGjVuQ%3D","https://www.sahealth.com/patient-resources/patient-financial-resources/pricing-transparency-cms-required-file-of-standard-charges","74-2730328_NORTHEAST-METHODIST_standardcharges.json","json","other","806473304","false"
"cc:0b7620de-64ff-4056-86b3-c6709a249d2e:1e31ba8b-4fee-45ef-9083-11cfee98cf15","cc:0b7620de-64ff-4056-86b3-c6709a249d2e","true","https://images.pricetransparency.healthcare/sbhny/131740122_st-barnabas-hospital_standardcharges.csv","https://pricetransparency.healthcare/sbhny/charges/","131740122_st-barnabas-hospital_standardcharges.csv","csv","spreadsheet","98683159","false"
"cc:0b89de61-1d5d-49bc-a07d-9c153deb55ad:015d6a2e-efb9-4834-9d9e-af9e392084d9","cc:0b89de61-1d5d-49bc-a07d-9c153deb55ad","true","https://eatingrecoverycenter.pt.panaceainc.com/MRFDownload/eatingrecoverycenter/texaseatingdisorder","https://www.eatingrecoverycenter.com/price-transparency/","660703496_eating-recovery-center-of-texas-llc_standardcharges.csv","csv","spreadsheet","188201","false"
"cc:0b8e949f-ae88-4164-8685-fec3d63d9ccf:f603729f-6b2e-4538-9f30-fb1c8e609290","cc:0b8e949f-ae88-4164-8685-fec3d63d9ccf","true","https://hospitalpricedisclosure.com/default.aspx?pi=nbqaNrzUYNIPwpnhErObBQ*-*","https://www.oklahomacity-rehab.com/price-transparency","844708341_oklahoma-city-rehabilitation-hospital,-llc_standardcharges.csv","csv","spreadsheet","2387628","false"
"cc:0bc97535-bc14-432c-9d80-53be5dbe88ff:aed50858-2efd-4974-bd5a-99994b72270f","cc:0bc97535-bc14-432c-9d80-53be5dbe88ff","true","https://www.independence.health/documents/content/250965274_Butler-Memorial_standardcharges.csv","https://www.independence.health/patients-visitors/financial-services/price-transparency/","250965274_Butler-Memorial_standardcharges.csv","csv","spreadsheet","198017333","false"
"cc:0c3317d8-8cc9-40ed-9891-c4ad53c213c8:c159de26-01c2-4065-9609-a809a7132193","cc:0c3317d8-8cc9-40ed-9891-c4ad53c213c8","true","https://www.valleyhealthlink.com/app/files/public/1aed120a-b42c-4ad8-a307-c95eb36dd28b/Price%20Transparency/801407200_war-memorial-hospital-inc_standardcharges.csv","https://www.valleyhealthlink.com/patient-visitors/for-patients/billing-information/request-a-patient-cost-estimate/price-transparency","Price Transparency_801407200_war-memorial-hospital-inc_standardcharges.csv","csv","spreadsheet","94870242","false"
"cc:0c9dcf6a-5301-40eb-985c-605593dda5dd:1cf0d987-0250-4e20-be21-c8da4990e30f","cc:0c9dcf6a-5301-40eb-985c-605593dda5dd","true","https://hospitalpricedisclosure.com/Download.aspx?pxi=5CP*__*EW2oEwbzwACrmTca*__*g*-*&f=iFd*_*cEPwhQHJy3lVvHy9uQ*-*","https://hospitalpricedisclosure.com/Default.aspx?ci=RsbcVwMa5jfnDZuYpIqAxQ*-*","840438224_adventhealth-littleton_standardcharges.json","json","other","41029383","false"
"cc:0cb9f5b1-b072-4b5b-bf01-dd275c60758d:f4be7ad6-56a5-4ba4-97e0-aad2895f4f29","cc:0cb9f5b1-b072-4b5b-bf01-dd275c60758d","true","https://www.medstarhealth.org/-/media/project/mho/medstar/billing-and-insurance/2026/521369749_1528061827_national_rehabilitation_hospital_inc_standardcharges.csv","https://www.medstarhealth.org/price-transparency-disclosures","521369749_1528061827_National_Rehabilitation_Hospital_Inc_standardcharges.csv","csv","spreadsheet","10229198","false"
"cc:0cbbf634-6e84-4482-aa9f-c762be0abdb7:4f694dd8-e875-4901-bf61-8a3224dccaa5","cc:0cbbf634-6e84-4482-aa9f-c762be0abdb7","true","https://mrfs.hyvehealthcare.com/RWJBarnabasHealth/221487305_robert-wood-johnson-university-hospital-rahway_standardcharges.json","https://www.rwjbh.org/rwj-university-hospital-rahway/billing/charges","221487305_robert-wood-johnson-university-hospital-rahway_standardcharges.json","json","other","373469695","false"
"cc:0cc6ae3c-adff-4d0d-80e8-35153d6bcf7f:f7fe95dc-77b6-44ae-b1f7-7b9d6af2c861","cc:0cc6ae3c-adff-4d0d-80e8-35153d6bcf7f","true","https://resources.selectmedical.com/Pricing-Transparency/critical-illness-recovery/81-1476363_Select_Specialty_Hospital-Cleveland_Fairhill_standardcharges.csv","https://www.selectspecialtyhospitals.com/patients-and-caregivers/admissions/price-transparency","81-1476363_Select_Specialty_Hospital-Cleveland_Fairhill_standardcharges.csv","csv","spreadsheet","174459905","false"
"cc:0d620ca5-6023-495c-8806-b756096db06a:ed656f89-44f4-42e3-8468-079c43623039","cc:0d620ca5-6023-495c-8806-b756096db06a","true","https://linkprotect.cudasvc.com/url?a=https%3a%2f%2fcfvh.goredde.com%2fEstimator%2fFiles%2f81-0475376_Clark_Fork_Valley_Hospital_standardcharges.csv&c=E,1,3gdRaAniKsYfRqedNKmhUi3oPbxeRufQ_Rpl3mEuoARmIKL2h5K1azsU_pucM_a5sXbOpXZElb3pHKT-1JGdH4NN4kU0I2OhGy8uE9kZ8C_JaI2dq5yupO9L2Q,,&typo=1","https://linkprotect.cudasvc.com/url?a=https%3a%2f%2fcfvh.goredde.com%2fEstimator%2f&c=E,1,DQ8ry0nB4oN6g3KaDFryEm-K68MoXLVeyX5KmZY0v2w64aeHmLoyhA-8DjbfGtKZFIBcZqCMnMVOoKmg_58pMxpnlXGEK8VLqR0-7uvD&typo=1","81-0475376_Clark_Fork_Valley_Hospital_standardcharges.csv","csv","spreadsheet","22984553","false"
"cc:0dbf972a-2efb-47a0-9da5-ddd3f4285e0f:c8a840fb-d771-416d-b979-8d6af6f7490c","cc:0dbf972a-2efb-47a0-9da5-ddd3f4285e0f","true","https://resources.selectmedical.com/pricing-transparency/inpatient-rehabilitation/46-2458436_ohiohealth_rehabilitation_hospital_dublin_standardcharges.csv","https://www.ohiohealth-rehab.com/patients-and-caregivers/admissions/price-transparency/","46-2458436_ohiohealth_rehabilitation_hospital_dublin_standardcharges.csv","csv","spreadsheet","35168127","false"
"cc:0dfd594b-0daf-4e90-939d-ae0acb60d8e1:55a61c01-33e4-4962-90da-f34e5bf479f9","cc:0dfd594b-0daf-4e90-939d-ae0acb60d8e1","true","https://resources.selectmedical.com/Pricing-Transparency/critical-illness-recovery/71-0813112_Select_Specialty_Hospital-Fort_Smith_standardcharges.csv","https://www.selectspecialtyhospitals.com/locations-and-tours/ar/fort-smith/fort-smith/","71-0813112_Select_Specialty_Hospital-Fort_Smith_standardcharges.csv","csv","spreadsheet","3112575","false"
"cc:0e32843a-ac5a-4c5b-923b-376d6d12e10f:8414cea0-bfec-486d-b89b-4f50d1be28f6","cc:0e32843a-ac5a-4c5b-923b-376d6d12e10f","true","https://bidplymouth.org/222667354_beth-israel-deaconess-hospital---plymouth_standardcharges.json","https://bidplymouth.org/patients-visitors/billing-financial-services/price-transparency","222667354_beth-israel-deaconess-hospital---plymouth_standardcharges.json","json","other","19421325","false"
"cc:0e51ea4f-42e2-42c3-a085-ba450f19ffe6:96bac86e-eb22-4c87-92f6-80762a1cdeca","cc:0e51ea4f-42e2-42c3-a085-ba450f19ffe6","true","https://www.avera.org/app/files/public/f4c0aa3d-4558-43d3-a8ee-1294599240ef/460224743_avera-gregory-hospital_standardcharges.csv","https://www.avera.org/patients-visitors/price-transparency/","460224743_avera-gregory-hospital_standardcharges.csv","csv","spreadsheet","3793675","false"
"cc:0e5908aa-e69e-4421-a4da-eeb39011222b:717a12af-b737-41d0-9f2e-eebde58a2934","cc:0e5908aa-e69e-4421-a4da-eeb39011222b","true","https://resources.selectmedical.com/Pricing-Transparency/critical-illness-recovery/25-1813117_Select_Specialty_Hospital-Phoenix_standardcharges.csv","https://www.selectspecialtyhospitals.com/patients-and-caregivers/admissions/price-transparency","25-1813117_Select_Specialty_Hospital-Phoenix_standardcharges.csv","csv","spreadsheet","205562471","false"
"cc:0e7054eb-08da-4909-b4d1-304a0d341e92:e1324722-06de-44bf-9497-1137c6648389","cc:0e7054eb-08da-4909-b4d1-304a0d341e92","true","https://pricetransparency.providence.org/socal/live/951643325_providence-st-jude-medical-center_standardcharges.json","https://www.providence.org/obp/price-transparency","951643325_providence-st-jude-medical-center_standardcharges.json","json","other","200610795","false"
"cc:0ea40697-3196-4618-894a-3c57c543912d:7b04c8ff-2707-4fbd-b2b2-19c1314da611","cc:0ea40697-3196-4618-894a-3c57c543912d","true","https://cdn.accureg.net/trans/prairielakes/460391067_Prairie-Lakes-Health-Care-System-Inc._standardcharges.csv","https://www.prairielakes.com/patients-visitors/billing-insurance/price-transparency","460391067_Prairie-Lakes-Health-Care-System-Inc._standardcharges.csv","csv","spreadsheet","72603933","false"
"cc:0ea62716-ad5e-4e48-af8e-27a8ead6528c:68182f07-0260-45af-8241-e05966d517ac","cc:0ea62716-ad5e-4e48-af8e-27a8ead6528c","true","https://media.ecommunity.com/PricingTransparency/Indianapolis_Endoscopy_Center.csv","https://www.ecommunity.com/central-pricing-office/list-of-standard-charges","Indianapolis_Endoscopy_Center.csv","csv","spreadsheet","2158343259","false"
"cc:0ec9ba82-aef7-4aaf-b07c-3bdd7d22ebd6:cedf7e3a-6676-42e8-9fb7-3355c19bd13a","cc:0ec9ba82-aef7-4aaf-b07c-3bdd7d22ebd6","true","https://mrfs.hyvehealthcare.com/TenetHealth/953561198_amisub-of-south-carolina%2C-inc._standardcharges.json","https://www.piedmontmedicalcenter.com/patients/pricing-info-estimates/hospital-pricing-information","953561198_amisub-of-south-carolina,-inc._standardcharges.json","json","other","3521268","false"
"cc:0f089d0c-900e-4429-bceb-4de05d5748d3:8ca947e4-4edf-4eea-a367-a96ede6de37c","cc:0f089d0c-900e-4429-bceb-4de05d5748d3","true","https://s3.amazonaws.com/ycubaa-production-marlin-1-charge-management-public/facilities/24038e54-d9a2-4236-9081-ad3af29792c7/351121699_PERRY-COUNTY-MEMORIAL-HOSPITAL_standardcharges.zip","https://www.yourcareeverywhere.com/content/medhost/your-care-everywhere/pricing-estimator-page.html?facility_id=24038e54-d9a2-4236-9081-ad3af29792c7","351121699_PERRY-COUNTY-MEMORIAL-HOSPITAL_standardcharges.zip","zip","unknown","67984134","false"
"cc:0f14a46d-5ee6-469b-ac27-080d88a20104:e3bfaa55-ab4d-4937-9cfd-de8b159bac5a","cc:0f14a46d-5ee6-469b-ac27-080d88a20104","true","https://www.medstarhealth.org/-/media/project/mho/medstar/billing-and-insurance/2026/521369749_1669549614_national_rehabilitation_hospital_inc_standardcharges.csv","https://www.medstarhealth.org/price-transparency-disclosures","521369749_1669549614_National_Rehabilitation_Hospital_Inc_standardcharges.csv","csv","spreadsheet","5016300","false"
"cc:0f7e6e2a-2d93-4b68-a766-f831708689eb:4f50d471-871e-44ae-9e70-0ce53e50f13d","cc:0f7e6e2a-2d93-4b68-a766-f831708689eb","true","https://apps.para-hcfs.com/PTT/FinalLinks/Reports.aspx?dbName=dbSFMCMONROELA&type=CDMWithoutLabel&fileType=CSV","https://fmolhs.org/patients-guests/fmolhs-price-transparency","721294751_st-francis-medical-center-inc_standardcharges.csv","csv","spreadsheet","118240240","false"
"cc:0f810a44-7bbd-47eb-96b2-937ae6ba139d:7a33fb1c-23b0-478d-885a-80c1cf6b878c","cc:0f810a44-7bbd-47eb-96b2-937ae6ba139d","true","https://media.ecommunity.com/PricingTransparency/Community_Hospital_Anderson.csv","https://www.ecommunity.com/central-pricing-office/list-of-standard-charges","Community_Hospital_Anderson.csv","csv","spreadsheet","3854661774","false"
"cc:0f8ec227-2efd-4a5c-a270-057e0be188de:269e816b-28b4-4aa3-a600-321f788d0e25","cc:0f8ec227-2efd-4a5c-a270-057e0be188de","true","https://hartfordhealthcare.org/file%20library/price%20data/393859332_manchester-memorial-hospital_standardcharges.csv","https://hartfordhealthcare.org/patients-visitors/patients/price-transparency","393859332_manchester-memorial-hospital_standardcharges.csv","csv","spreadsheet","99080947","false"
"cc:0faf9fae-435b-4be3-a893-70f6b536cf39:9fdb4f11-ed1a-4fb4-b25c-19ce8f48f98a","cc:0faf9fae-435b-4be3-a893-70f6b536cf39","true","https://resources.selectmedical.com/Pricing-Transparency/critical-illness-recovery/91-1773396_Select_Specialty_Hospital-South_Dakota_standardcharges.csv","https://www.selectspecialtyhospitals.com/patients-and-caregivers/admissions/price-transparency/","91-1773396_Select_Specialty_Hospital-South_Dakota_standardcharges.csv","csv","spreadsheet","71503987","false"
"cc:0fda7946-9c24-4f64-8279-2d1bb1d8ea6d:91810366-45b6-43a7-ba95-895c90733d67","cc:0fda7946-9c24-4f64-8279-2d1bb1d8ea6d","true","https://apps.para-hcfs.com/PTT/FinalLinks/Reports.aspx?dbName=dbDRMCDELANOCA&type=CDMWithoutLabel&fileType=CSV","https://www.adventisthealth.org/patients-and-visitors/price-transparency/","611823825_adventist-health-delano_standardcharges.csv","csv","spreadsheet","176810980","false"
"cc:10048fe8-516b-433e-8ec7-6b984d592ab1:890a0bfe-dd7d-484a-b1bb-c7fc0018c6d5","cc:10048fe8-516b-433e-8ec7-6b984d592ab1","true","https://resources.selectmedical.com/pricing-transparency/critical-illness-recovery/48-1196430_Select_Specialty_Hospital-Wichita_standardcharges.csv","https://www.selectspecialtyhospitals.com/patients-and-caregivers/admissions/price-transparency/","48-1196430_Select_Specialty_Hospital-Wichita_standardcharges.csv","csv","spreadsheet","41643668","false"
"cc:100ac139-1cb4-4aba-abf4-042113f74442:3bf590f0-8b03-40de-bfb4-b70845c07e76","cc:100ac139-1cb4-4aba-abf4-042113f74442","true","https://mrfs.hyvehealthcare.com/TenetHealth/462942963_resolute-hospital-company%2C-llc_standardcharges.json","https://www.baptisthealthsystem.com/patients/pricing-info-estimates/hospital-pricing-information","462942963_resolute-hospital-company,-llc_standardcharges.json","json","other","2910961","false"
"cc:1012aac0-332c-42d8-99f9-1a207a5c04d9:f056783e-9cd9-4eb6-a595-4d403215b0e5","cc:1012aac0-332c-42d8-99f9-1a207a5c04d9","true","https://vvh.org/documents/840446259_Valley-View-Hospital_standardcharges.1).csv","https://www.vvh.org/patients-visitors/price-transparency/","840446259_Valley-View-Hospital_standardcharges.1).csv","csv","spreadsheet","34826575","false"
"cc:102059b7-93e5-492e-98f5-481a80fab98f:4f50d471-871e-44ae-9e70-0ce53e50f13d","cc:102059b7-93e5-492e-98f5-481a80fab98f","true","https://apps.para-hcfs.com/PTT/FinalLinks/Reports.aspx?dbName=dbSFMCMONROELA&type=CDMWithoutLabel&fileType=CSV","https://fmolhs.org/patients-guests/fmolhs-price-transparency","721294751_st-francis-medical-center-inc_standardcharges.csv","csv","spreadsheet","118240240","false"
"cc:104cb945-f55e-495e-bd2f-1cb563218587:085f905b-e402-4ddf-af71-21272d6b36ef","cc:104cb945-f55e-495e-bd2f-1cb563218587","true","https://trinityhealth.com/340875691_trinity-west_standardcharges.json","https://www.commonspirit.org/price-transparency","340875691_trinity-west_standardcharges.json","json","other","34465257","false"
"cc:10536d8c-af88-4238-9163-f9d2b4874fb0:82d73bf1-f8cd-4602-8005-38a2061ab452","cc:10536d8c-af88-4238-9163-f9d2b4874fb0","true","https://www.lifebridgehealth.org/sites/default/files/2026-04/52-0486540_Sinai-Hospital-of-Baltimore_standardcharges.csv","https://www.lifebridgehealth.org/patients/price-transparency","52-0486540_Sinai-Hospital-of-Baltimore_standardcharges.csv","csv","spreadsheet","10163932","false"
"cc:1056432c-3b15-4328-914d-97feb06e994f:cd839a6a-5c47-40c7-8d02-a9842b72060d","cc:1056432c-3b15-4328-914d-97feb06e994f","true","https://www.dakotaregional.com/_files/ugd/f0a0c4_0586188b2eb04329a4b2b280013e9916.csv?dn=2%20Copy%20of%20DRMC%20Charge%20Master%20Updates%2012-2024.csv","https://www.dakotaregional.com/about-7","2 Copy of DRMC Charge Master Updates 12-2024.csv","csv","spreadsheet","49549","false"
"cc:105c17b4-fc71-4804-81aa-2858ccaf5b57:09a7fad0-601a-4db9-b06f-0bf91a05c1ea","cc:105c17b4-fc71-4804-81aa-2858ccaf5b57","true","https://url.us.m.mimecastprotect.com/s/32rHC5yrA4hpXZvntyi3fkJCbs?domain=hospitalpricedisclosure.com","https://url.us.m.mimecastprotect.com/s/NykNC31pYXt9ypB8SgfjfQqCce?domain=freemanhealth.com","431240629_freeman-neosho-hospital_standardcharges.json","json","other","2860576","false"
"cc:106ba09e-16fe-4803-a14a-0ae37b3f040a:31c20ad4-e802-4531-bbc1-71d9469005dd","cc:106ba09e-16fe-4803-a14a-0ae37b3f040a","true","https://pricetransparency.providence.org/txnm/live/822913146_covenant-medical-center_standardcharges.json","https://www.providence.org/obp/price-transparency","822913146_covenant-medical-center_standardcharges.json","json","other","205065868","false"
"cc:106e1c41-fc4b-4d42-832d-41cda59275fc:6366590a-7232-4821-a343-7a7d9c4f99d0","cc:106e1c41-fc4b-4d42-832d-41cda59275fc","true","https://omh.ny.gov/omhweb/adults/141663311_nysomh_standardcharges.csv","https://omh.ny.gov/omhweb/adults/omh-hospital-pricing-transparency.pdf","141663311_nysomh_standardcharges.csv","csv","spreadsheet","929041","false"
"cc:10826f8f-3eef-4887-aa25-0faa412052d3:a83f6b2f-db6c-4653-a024-eb6059018dab","cc:10826f8f-3eef-4887-aa25-0faa412052d3","true","https://783f2ce5-aaa6-4179-b159-820a2909766e.usrfiles.com/ugd/783f2c_c5e66d3fd4114f7bb54c6bd65d593345.csv","wchs-wy.org","783f2c_c5e66d3fd4114f7bb54c6bd65d593345.csv","csv","spreadsheet","12892190","false"
"cc:10bfe234-35c8-43af-a861-1d082005ea24:fb41e5c1-91ec-4679-b9aa-7707f05edca8","cc:10bfe234-35c8-43af-a861-1d082005ea24","true","https://memorialhermann.org/-/media/memorial-hermann/org/files/patients-and-visitors/cms-standard-hospital-charges/741152597_memorial-hermann-memorial-city-medical-center_standardcharges.csv","https://memorialhermann.org/patients-visitors/patient-services/financial-care/financial-resources/cms-price-transparency-information","741152597_memorial-hermann-memorial-city-medical-center_standardcharges.csv","csv","spreadsheet","30701945","false"
"cc:10cee331-def5-42d0-a3cf-6adda15ae023:a16ad2c1-24f1-4175-81f3-e98edb7fb8d9","cc:10cee331-def5-42d0-a3cf-6adda15ae023","true","https://apim.services.craneware.com/api-pricing-transparency/api/public/501be18f57d1aba4b9d6da5746e9ff0f/charges/mrf","https://www.centracare.com/patient-resources/estimates/pricing/","410695596_St-Cloud-Hospital-_standardcharges.csv","csv","spreadsheet","61871682","false"
"cc:1126c1f5-d1e8-4f78-af7e-e0d16d1f27bf:e9a8dd1d-37e1-49ee-8ee9-ff266dba8796","cc:1126c1f5-d1e8-4f78-af7e-e0d16d1f27bf","true","https://stctrprodsnsvc00455826e6.blob.core.windows.net/pt-final-posting-files/62-1600397_MOUNTAINVIEW-HOSPITAL-AND-MEDICAL-CENTER_standardcharges.json?si=pt-json-access-policy&spr=https&sv=2024-11-04&sr=c&sig=o5IofreS%2F7ETlsnhPakPWCwHVVUZRobywQ5wUKGjVuQ%3D","https://www.sunrisehealthinfo.com/patient-resources/patient-financial-resources/pricing-transparency-cms-required-file-of-standard-charges","62-1600397_MOUNTAINVIEW-HOSPITAL-AND-MEDICAL-CENTER_standardcharges.json","json","other","474811869","false"
"cc:112eae61-d8cd-47e0-a175-b7d465640625:214ac775-a928-4d1a-ae8d-37ae39124dd6","cc:112eae61-d8cd-47e0-a175-b7d465640625","true","https://stctrprodsnsvc00455826e6.blob.core.windows.net/pt-final-posting-files/74-2499952_LAS-PALMAS-MEDICAL-CENTER_standardcharges.json?si=pt-json-access-policy&spr=https&sv=2024-11-04&sr=c&sig=o5IofreS%2F7ETlsnhPakPWCwHVVUZRobywQ5wUKGjVuQ%3D","https://www.laspalmasdelsolhealthcare.com/patient-resources/patient-financial-resources/pricing-transparency-cms-required-file-of-standard-charges","74-2499952_LAS-PALMAS-MEDICAL-CENTER_standardcharges.json","json","other","954832567","false"
"cc:1137bd11-0056-4dc4-b074-c663009a6e35:e3bfaa55-ab4d-4937-9cfd-de8b159bac5a","cc:1137bd11-0056-4dc4-b074-c663009a6e35","true","https://www.medstarhealth.org/-/media/project/mho/medstar/billing-and-insurance/2026/521369749_1669549614_national_rehabilitation_hospital_inc_standardcharges.csv","https://www.medstarhealth.org/price-transparency-disclosures","521369749_1669549614_National_Rehabilitation_Hospital_Inc_standardcharges.csv","csv","spreadsheet","5016300","false"
"cc:1143035d-ddc7-4ddb-a58a-c7b31016179f:051d9a5f-7e3d-4c41-82b0-251da4eb35e5","cc:1143035d-ddc7-4ddb-a58a-c7b31016179f","true","https://stctrprodsnsvc00455826e6.blob.core.windows.net/pt-final-posting-files/74-2781812_ST.-DAVID'S-SOUTH-AUSTIN-MEDICAL-CENTER_standardcharges.json?si=pt-json-access-policy&spr=https&sv=2024-11-04&sr=c&sig=o5IofreS%2F7ETlsnhPakPWCwHVVUZRobywQ5wUKGjVuQ%3D","https://stdavids.com/about/legal/pricing-transparency-cms-required-file-of-standard-charges.dot","74-2781812_ST.-DAVID'S-SOUTH-AUSTIN-MEDICAL-CENTER_standardcharges.json","json","other","1062913954","false"
"cc:116a192c-5388-4c46-91f9-3026dd772539:d85c69be-9918-45d4-a2f6-07232d5e826f","cc:116a192c-5388-4c46-91f9-3026dd772539","true","https://www.parrishhealthcare.com/documents/596020427_north-brevard-county-hospital-dist-parrish-medical-center_standardcharges.csv","https://www.parrishhealthcare.com/patients-visitors/financial-services/price-transparency","596020427_north-brevard-county-hospital-dist-parrish-medical-center_standardcharges.csv","csv","spreadsheet","70705285","false"
"cc:117377e8-65ec-461e-9dc5-b02870aa84d2:0cc28533-34f5-4b96-812e-a7fe3f507b9f","cc:117377e8-65ec-461e-9dc5-b02870aa84d2","true","https://hospitalpricedisclosure.com/Download.aspx?pxi=5WT9HTDTVJjg8fpR4CruzQ*-*&f=1Uqk9sV2mcxtBmvoqWiwog*-*","https://hospitalpricedisclosure.com/default.aspx?ci=fFJE38ye7xsB8Of*_*qxAfVQ*-*","731089149_integris-southwest-medical-center_standardcharges.csv","csv","spreadsheet","45843563","false"
"cc:118ec463-1d30-4e05-99ee-067701c1777f:53321ed8-fb7d-40f2-9d43-3b47d33ad03a","cc:118ec463-1d30-4e05-99ee-067701c1777f","true","https://georgeregional.com/wp-content/uploads/2026/08/64-6001398_George-Regional-Hospital_standardcharges-5.csv","https://georgeregional.com/price-insurance-and-billing","64-6001398_George-Regional-Hospital_standardcharges.csv","csv","spreadsheet","4613","false"
"cc:11b57d7c-fc98-4677-aca7-56d5cc6a50f4:d6a78a10-e14e-4f56-a7b4-7eab69dafd88","cc:11b57d7c-fc98-4677-aca7-56d5cc6a50f4","true","https://dam.upmc.com/-/media/upmc/locations/hospitals/documents/cdm-json-files/machine-readable-csv-not-json/251778644_upmc-pinnacle-hospitals_standardcharges.csv?rev=8d8cb16272a141a38a0cffd6ff3f1a0e&hash=ED735A19A6F78AF9EC0A7A72B216DAB9","https://www.upmc.com/patients-visitors/paying-bill/pricing-transparency","251778644_upmc-pinnacle-hospitals_standardcharges.csv","csv","spreadsheet","108941822","false"
"cc:11f8d71b-e1c1-4ed8-8ef5-496b387db513:22064ef1-1496-4be6-bf00-08acd3d0fd53","cc:11f8d71b-e1c1-4ed8-8ef5-496b387db513","true","https://www.wth.org/wp-content/uploads/standard-charges/99-4256908-HCH-Standard-Charges.csv","https://www.wth.org/financial-assistance-billing/hospital-charges/","99-4256908-HCH-Standard-Charges.csv","csv","spreadsheet","20865901","false"
"cc:120d11f2-d1b8-490a-94e8-0bc064c2714e:17115738-fb0a-470a-bbc4-86968be19d5e","cc:120d11f2-d1b8-490a-94e8-0bc064c2714e","true","https://www.concordhospital.org/app/files/public/35ce9449-be92-488c-8eaf-85744e8e1b14/851443782_concord-hospital-laconia_standardcharges.csv","https://www.concordhospital.org/patients-visitors/cost-of-care-estimates","851443782_concord-hospital-laconia_standardcharges.csv","csv","spreadsheet","82956518","false"
"cc:12823357-c4df-4484-984e-0d59d89a9ceb:608eab15-52e0-4283-8697-8d32ef0b145d","cc:12823357-c4df-4484-984e-0d59d89a9ceb","true","https://resources.selectmedical.com/Pricing-Transparency/critical-illness-recovery/81-2366365_Select_Specialty_Hospital-Belhaven_standardcharges.csv","https://www.selectspecialtyhospitals.com/patients-and-caregivers/admissions/price-transparency","81-2366365_Select_Specialty_Hospital-Belhaven_standardcharges.csv","csv","spreadsheet","134530812","false"
"cc:128b1a6d-6616-4b3c-8525-a8ecadaf0556:cceb9830-715b-4ec5-bb0d-ef89cf1a3429","cc:128b1a6d-6616-4b3c-8525-a8ecadaf0556","true","https://www.lahey.org/042704686_lahey-hospital-medical-center-burlington_standardcharges.json","https://www.lahey.org/patients-visitors/billing-financial-services/price-transparency","042704686_lahey-hospital-medical-center-burlington_standardcharges.json","json","other","24764786","false"
"cc:12d32c77-05c3-4630-ac84-db3a4b605d0a:caf50070-c1b6-4c17-a431-13dd7dd3c951","cc:12d32c77-05c3-4630-ac84-db3a4b605d0a","true","https://highlanddistricthospital.pg.quadax.revenuemasters.com/cdm-files/310653685_highland-district-hospital_standardcharges.csv","https://highlanddistricthospital.pg.quadax.revenuemasters.com/disclaimer","310653685_highland-district-hospital_standardcharges.csv","csv","spreadsheet","227434158","false"
"cc:12d82a75-f93c-45af-a942-df1efbdc1e62:07df3888-3d58-49a8-9dde-b077d88b058d","cc:12d82a75-f93c-45af-a942-df1efbdc1e62","true","https://www.gshvin.org/clientfiles/getfile/356001532_GoodSamaritan_standardcharges.csv","https://www.gshvin.org/patients-visitors/insurance-billing-and-payment/standard-hospital-charges/","356001532_GoodSamaritan_standardcharges.csv","csv","spreadsheet","157468306","false"
"cc:130a4457-8de2-4468-acf9-c254f5eef4db:d6935a75-5f63-43e7-9626-08988cda12e3","cc:130a4457-8de2-4468-acf9-c254f5eef4db","true","https://stctrprodsnsvc00455826e6.blob.core.windows.net/pt-final-posting-files/62-1560757_TRISTAR-SKYLINE-MEDICAL-CENTER_standardcharges.json?si=pt-json-access-policy&spr=https&sv=2024-11-04&sr=c&sig=o5IofreS%2F7ETlsnhPakPWCwHVVUZRobywQ5wUKGjVuQ%3D","https://www.tristarhealth.com/patient-resources/patient-financial-resources/pricing-transparency-cms-required-file-of-standard-charges","62-1560757_TRISTAR-SKYLINE-MEDICAL-CENTER_standardcharges.json","json","other","370488267","false"
"cc:1342fb19-0ab6-4e3b-9809-2f37d039f3f3:252f35f1-427a-4cde-9393-8a797d5d36e8","cc:1342fb19-0ab6-4e3b-9809-2f37d039f3f3","true","https://www.avera.org/app/files/public/adabfaf5-88dc-4bc8-9cca-aad4515e53b0/460380552_marshall-county-hospital_standardcharges.csv","https://www.avera.org/patients-visitors/price-transparency","460380552_marshall-county-hospital_standardcharges.csv","csv","spreadsheet","2501665","false"
"cc:13430fde-8179-4c70-9a37-4dbdfdfb6476:df1db918-7528-492b-a581-018adc67551f","cc:13430fde-8179-4c70-9a37-4dbdfdfb6476","true","https://resources.selectmedical.com/Pricing-Transparency/critical-illness-recovery/38-3389548_Select_Specialty_Hospital-Ann_Arbor_standardcharges.csv","https://www.selectspecialtyhospitals.com/patients-and-caregivers/admissions/price-transparency","38-3389548_Select_Specialty_Hospital-Ann_Arbor_standardcharges.csv","csv","spreadsheet","95578049","false"
"cc:13973a3b-f4fa-4cae-907e-96c876795baa:c7453126-6a6b-40f1-8637-6578d62eec9a","cc:13973a3b-f4fa-4cae-907e-96c876795baa","true","https://stctrprodsnsvc00455826e6.blob.core.windows.net/pt-final-posting-files/62-1777534_RESTON-HOSPITAL-CENTER_standardcharges.json?si=pt-json-access-policy&spr=https&sv=2024-11-04&sr=c&sig=o5IofreS%2F7ETlsnhPakPWCwHVVUZRobywQ5wUKGjVuQ%3D","https://www.hcavirginia.com/patient-resources/patient-financial-resources/pricing-transparency-cms-required-file-of-standard-charges","62-1777534_RESTON-HOSPITAL-CENTER_standardcharges.json","json","other","335503281","false"
"cc:13a6f635-1a3e-4a5c-97f5-1952300ea0a7:7b6baf1c-2af8-40e5-b429-708ca36b2a1d","cc:13a6f635-1a3e-4a5c-97f5-1952300ea0a7","true","https://resources.selectmedical.com/Pricing-Transparency/inpatient-rehabilitation/22-3486125_Kessler_Institute_for_Rehabilitation-Marlton_standardcharges.csv","https://www.kessler-rehab.com/patients-and-caregivers/admissions/price-transparency","22-3486125_Kessler_Institute_for_Rehabilitation-Marlton_standardcharges.csv","csv","spreadsheet","57579309","false"
"cc:13de15bd-ce6e-4a05-aeaf-2e46f567d967:cdc209b5-07d7-4e3a-b90a-3429b719af8e","cc:13de15bd-ce6e-4a05-aeaf-2e46f567d967","true","https://commonwealthhealth.net/wp-content/uploads/sheets/263632648_wilkes-barre-general-hospital_standardcharges.csv","https://commonwealthhealth.net/patients-visitors/financial-information/pricing-information/","263632648_wilkes-barre-general-hospital_standardcharges.csv","csv","spreadsheet","171155454","false"
"cc:13e723cf-ce4a-4443-bbfd-bea608230a2a:0238a297-7be5-456d-92a0-2c9f4f1669be","cc:13e723cf-ce4a-4443-bbfd-bea608230a2a","true","https://hospitalpricedisclosure.com/download.aspx?ci=S5WFReNwWX5BkPqChnLG0w*-*","https://hospitalpricedisclosure.com/tools.aspx?ci=S5WFReNwWX5BkPqChnLG0w*-*","58-1734026_upson-regional-medical-center_standardcharges.json","json","other","21558977","false"
"cc:143bb1cd-892b-4b73-b2b7-35bb783ddbfd:ec64ca43-bf2a-4208-97d7-a0fd83a21676","cc:143bb1cd-892b-4b73-b2b7-35bb783ddbfd","true","https://stctrprodsnsvc00455826e6.blob.core.windows.net/pt-final-posting-files/74-2781812_ST.-DAVID'S-NORTH-AUSTIN-MEDICAL-CENTER_standardcharges.json?si=pt-json-access-policy&spr=https&sv=2024-11-04&sr=c&sig=o5IofreS%2F7ETlsnhPakPWCwHVVUZRobywQ5wUKGjVuQ%3D","https://stdavids.com/about/legal/pricing-transparency-cms-required-file-of-standard-charges.dot","74-2781812_ST.-DAVID'S-NORTH-AUSTIN-MEDICAL-CENTER_standardcharges.json","json","other","929746826","false"
"cc:14507c5c-f598-438d-b4a9-3bf4e568b02b:470a19df-b843-440f-88c3-01b86b588e42","cc:14507c5c-f598-438d-b4a9-3bf4e568b02b","true","https://www.tghealthsystem.com/documents/720880258_terrebonne-general-health-system_standardcharges[1].csv","https://www.tghealthsystem.com/price-transparency","720880258_terrebonne-general-health-system_standardcharges[1].csv","csv","spreadsheet","147184365","false"
"cc:145e2808-2c96-4383-8562-4b4c14234e40:044cf769-afab-48cd-a9e0-fcc7c2aede41","cc:145e2808-2c96-4383-8562-4b4c14234e40","true","https://sthpiprd.blob.core.windows.net/machine-readable-files/10723/750827446-1528064649_hendrick-medical-center_standardcharges.csv","https://www.hendrickhealth.org/patients-visitors/billing/price-transparency","750827446-1528064649_hendrick-medical-center_standardcharges.csv","csv","spreadsheet","135130848","false"
"cc:145ed249-239e-46d9-b820-713a8b1753b9:7b578a80-914e-4a70-81a3-90434c77d423","cc:145ed249-239e-46d9-b820-713a8b1753b9","true","https://pricetransparency.providence.org/wamt/live/611570502_providence-st-joseph-hospital_standardcharges.json","https://www.providence.org/obp/price-transparency","611570502_providence-st-joseph-hospital_standardcharges.json","json","other","163128226","false"
"cc:14676d8b-d4d9-4d9e-96ce-dde2475a7823:74b7d3b1-90d6-4d29-84df-1344855b9fd7","cc:14676d8b-d4d9-4d9e-96ce-dde2475a7823","true","https://edge.sitecorecloud.io/sutterhealt962c-sutterhealt8fce-production57cc-4860/media/Project/SutterHealth/SutterHealth/Files/billing-insurance/costs-and-charges/940562680-1740413798_sutter-santa-rosa-regional-hospital_standardcharges.csv","https://www.sutterhealth.org/billing-insurance/costs-and-charges/cost-transparency","940562680-1740413798_sutter-santa-rosa-regional-hospital_standardcharges.csv","csv","spreadsheet","14631526","false"
"cc:146cdc53-fffd-4381-8f3f-854f457b5329:7b1f4bc9-243a-4197-853a-0b181e67ea83","cc:146cdc53-fffd-4381-8f3f-854f457b5329","true","https://www.alamedahealthsystem.org/wp-content/uploads/pricing/943302014_alameda-hospital_standardcharges.csv","https://www.alamedahealthsystem.org/price-transparency/","943302014_alameda-hospital_standardcharges.csv","csv","spreadsheet","138049522","false"
"cc:147b80fe-de85-420d-aa00-1b003aeb05fd:3f864633-2d03-4a67-b6a9-b9959fe136d5","cc:147b80fe-de85-420d-aa00-1b003aeb05fd","true","https://stctrprodsnsvc00455826e6.blob.core.windows.net/pt-final-posting-files/61-1259833_HCA-FLORIDA-FORT-WALTON-DESTIN-HOSPITAL_standardcharges.json?si=pt-json-access-policy&spr=https&sv=2024-11-04&sr=c&sig=o5IofreS%2F7ETlsnhPakPWCwHVVUZRobywQ5wUKGjVuQ%3D","https://www.hcafloridahealthcare.com/patient-resources/patient-financial-resources/pricing-transparency-cms-required-file-of-standard-charges","61-1259833_HCA-FLORIDA-FORT-WALTON-DESTIN-HOSPITAL_standardcharges.json","json","other","370628638","false"
"cc:1488cc7d-8afd-4c9f-b0c9-bdf40f0dccbc:eec3d0b6-3027-48b8-a12b-3161991e0ac7","cc:1488cc7d-8afd-4c9f-b0c9-bdf40f0dccbc","true","https://sthpiprd.blob.core.windows.net/machine-readable-files/7805/453215312_portsmouth-hospital-corporation_standardcharges.csv","https://search.hospitalpriceindex.com/hpi2/machineReadable/KingsDaughterMedicalCenterOhio/7805","453215312_portsmouth-hospital-corporation_standardcharges.csv","csv","spreadsheet","70997689","false"
"cc:14b63bcb-afe8-4ff9-847a-1dccc1b812a4:49248d80-0a34-44a4-ba07-775b30084346","cc:14b63bcb-afe8-4ff9-847a-1dccc1b812a4","true","https://www.northoaks.org/documents/2026/451834769_north-oaks-medical-center_standardcharges.csv","https://www.northoaks.org/price-transparency","451834769_north-oaks-medical-center_standardcharges.csv","csv","spreadsheet","76002498","false"
"cc:14dca775-23d2-4c37-ae81-685bd746cf73:95bb3ca4-cc20-433b-bd12-08dd7fbf349b","cc:14dca775-23d2-4c37-ae81-685bd746cf73","true","https://beverlyhospital.org/042121317_beverly-hospital-corporation_standardcharges.json","https://beverlyhospital.org/patients-visitors/billing-financial-services/price-transparency","042121317_beverly-hospital-corporation_standardcharges.json","json","other","23176445","false"
"cc:14e1073d-7799-403f-a178-247517a1061d:8fa94002-2c72-4b38-b245-56a66c05e387","cc:14e1073d-7799-403f-a178-247517a1061d","true","https://apps.para-hcfs.com/PTT/FinalLinks/Reports.aspx?dbName=dbAHWMLOSANGELESCA&type=CDMWithoutLabel&fileType=CSV","https://www.adventisthealth.org/patients-and-visitors/price-transparency","952282647_white-memorial-medical-center_standardcharges.csv","csv","spreadsheet","721377222","false"
"cc:1514ca9e-c8b0-49cc-a33d-5a653445b1e3:ea56ff4c-2d62-4ab5-9d6f-c86f47213316","cc:1514ca9e-c8b0-49cc-a33d-5a653445b1e3","true","https://memorialhermann.org/-/media/memorial-hermann/org/files/patients-and-visitors/cms-standard-hospital-charges/741152597_tirr-memorial-hermann-_standardcharges.csv","https://memorialhermann.org/patients-visitors/patient-services/financial-care/financial-resources/cms-price-transparency-information","741152597_tirr-memorial-hermann-_standardcharges.csv","csv","spreadsheet","6533445","false"
"cc:15246bce-ccc8-41b7-9ea8-8f527ffab35a:2b5acfc6-c8ff-4d49-8a06-e5511ada0893","cc:15246bce-ccc8-41b7-9ea8-8f527ffab35a","true","https://cleverley-pt-eus-app-staging.azurewebsites.net/Download.aspx?pxi=fVMFe8E56VlQn4j7nOY9Gg*-*&f=iFd*_*cEPwhQHJy3lVvHy9uQ*-*","https://cleverley-pt-eus-app-staging.azurewebsites.net/Default.aspx?ci=VH2OXYwReVTiSDRaxGv6Eg*-*","362170143_larabida-childrens-hospital_standardcharges.json","json","other","3413754","false"
"cc:1538f1ec-b243-49e1-a160-f98d95b0cf9f:fc3eda0e-ee8b-4d3d-bc17-5495bd331711","cc:1538f1ec-b243-49e1-a160-f98d95b0cf9f","true","https://apps.para-hcfs.com/PTT/FinalLinks/Reports.aspx?dbName=dbRedlands&type=CDMWithoutLabel&fileType=CSV","https://apps.para-hcfs.com/PTT/FinalLinks/Redlands_V3.aspx","951643347_redlands-community-hospital_standardcharges.csv","csv","spreadsheet","91887509","false"
"cc:154549b8-7454-4ba8-8bac-41a45cb5be76:d1de2f02-ff01-4e7b-8401-c7f029ff25a1","cc:154549b8-7454-4ba8-8bac-41a45cb5be76","true","https://rca.centaurihs.com/ptapp/api/cdm/export/oneclick?recno=a5e93e8d15b2bbb0ce0ad1118574abf834f0ad95725353933ca98f85ca817b2f","https://www.conehealth.com/patients-visitors/patient-financial-services/patient-estimates--charges/","560529994_alamanceregionalmedicalcenter_standardcharges.csv","csv","spreadsheet","292282467","false"
"cc:159b8d62-e3bb-4b0b-8c2f-9cc1efa875bd:d844c597-2d7c-4cf7-b510-a3444fc2f5a9","cc:159b8d62-e3bb-4b0b-8c2f-9cc1efa875bd","true","https://cdn.iuhealth.org/resources/351814660_indiana-university-health-west-hospital-inc._standardcharges.zip","https://iuhealth.org/schedule-an-appointment/price-estimates/standard-charge-listing","351814660_indiana-university-health-west-hospital-inc._standardcharges.zip","zip","unknown","67300864","false"
"cc:15d25d53-0a9e-45ef-823c-ff0b9100fb5e:9b6400d6-4fde-4eae-8f3c-f84e917412fa","cc:15d25d53-0a9e-45ef-823c-ff0b9100fb5e","true","https://storage.googleapis.com/wzukusers/user-36324110/documents/ee810db49c484accb5799b07f5305157/721496226_rehabilitation-hospital-of-jennings_standardcharges.csv","https://rehabhospitalofjennings.com/price-transparency","721496226_rehabilitation-hospital-of-jennings_standardcharges.csv","csv","spreadsheet","577411","false"
"cc:15e1f04b-3a58-4cc5-8d67-a8aec318f63c:44c7b624-6871-479c-8570-ae7cc4aaca22","cc:15e1f04b-3a58-4cc5-8d67-a8aec318f63c","true","https://www.centrahealth.com/sites/default/files/2023-12/540715569_LynchburgGeneralHospital_standardcharges.csv","https://www.centrahealth.com/price-transparency","540715569_LynchburgGeneralHospital_standardcharges.csv","csv","spreadsheet","2146304","false"
"cc:15f5ba10-3393-427f-a9de-f63c3e24040d:4d697165-e377-4c1e-9043-71f90942097c","cc:15f5ba10-3393-427f-a9de-f63c3e24040d","true","https://resources.selectmedical.com/Pricing-Transparency/critical-illness-recovery/20-1047631_Select_Specialty_Hospital-Tulsa_standardcharges.csv","https://www.selectspecialtyhospitals.com/patients-and-caregivers/admissions/price-transparency","20-1047631_Select_Specialty_Hospital-Tulsa_standardcharges.csv","csv","spreadsheet","151641717","false"
"cc:15f9cae6-fa99-43da-9535-f95221dc9ddc:3f7d3e6e-9561-4335-a25c-72e7d826175d","cc:15f9cae6-fa99-43da-9535-f95221dc9ddc","true","https://apps.para-hcfs.com/PTT/FinalLinks/Reports.aspx?dbName=dbBRHRSurg&type=CDMWithoutLabel&fileType=CSV","https://apps.para-hcfs.com/PTT/FinalLinks/Bartlett.aspx#","800143880_bartlett-regional-hospital_standardcharges.csv","csv","spreadsheet","1082314","false"
"cc:1632249d-1cc4-4f52-bdc6-20715967a7e4:41c2f973-ee17-437c-96a6-405cdcd5b9fe","cc:1632249d-1cc4-4f52-bdc6-20715967a7e4","true","https://mrfs.hyvehealthcare.com/TenetHealth/752919774_jfk-memorial-hospital%2C-inc._standardcharges.json","https://www.desertcarenetwork.com/patients/pricing-info-estimates/hospital-pricing-information","752919774_jfk-memorial-hospital,-inc._standardcharges.json","json","other","2323384","false"
"cc:163641c4-d6c1-4dc1-9d61-f8bc6683176c:f6afb4c2-7959-43ee-81be-38656a7ec10d","cc:163641c4-d6c1-4dc1-9d61-f8bc6683176c","true","https://resources.selectmedical.com/Pricing-Transparency/critical-illness-recovery/74-3135196_Select_Specialty_Hospital-Hampton_Roads_standardcharges.csv","https://www.selectspecialtyhospitals.com/patients-and-caregivers/admissions/price-transparency","74-3135196_Select_Specialty_Hospital-Hampton_Roads_standardcharges.csv","csv","spreadsheet","61515647","false"
"cc:16a39d8f-ff99-4c1f-8774-7225973790e7:df529155-dee1-4904-ade1-ff1f9b38b252","cc:16a39d8f-ff99-4c1f-8774-7225973790e7","true","https://mrfs.hyvehealthcare.com/TenetHealth/474131755-1538535158_smsj-tucson-holdings-llc_standardcharges.json","https://www.carondelet.org/patients/pricing-info-estimates/hospital-pricing-information","474131755-1538535158_smsj-tucson-holdings-llc_standardcharges.json","json","other","3150808","false"
"cc:16c11acd-31a0-4169-8d29-4cb2cfff4949:85940321-a2e6-45e5-890d-d6b886dda60b","cc:16c11acd-31a0-4169-8d29-4cb2cfff4949","true","https://www.bridgeporthospital.org/-/media/Files/YNHHS/sc/06-0646554-Bridgeport-Hospital_standard_charges-2.ashx","https://www.bridgeporthospital.org/patients-visitors/billing-insurance/Pricing","06-0646554 Bridgeport Hospital_standard_charges 2.csv","csv","spreadsheet","140969577","false"
"cc:16d13cf3-b6f6-48d5-818f-685b8e0380c3:e9a8dd1d-37e1-49ee-8ee9-ff266dba8796","cc:16d13cf3-b6f6-48d5-818f-685b8e0380c3","true","https://stctrprodsnsvc00455826e6.blob.core.windows.net/pt-final-posting-files/62-1600397_MOUNTAINVIEW-HOSPITAL-AND-MEDICAL-CENTER_standardcharges.json?si=pt-json-access-policy&spr=https&sv=2024-11-04&sr=c&sig=o5IofreS%2F7ETlsnhPakPWCwHVVUZRobywQ5wUKGjVuQ%3D","https://www.sunrisehealthinfo.com/patient-resources/patient-financial-resources/pricing-transparency-cms-required-file-of-standard-charges","62-1600397_MOUNTAINVIEW-HOSPITAL-AND-MEDICAL-CENTER_standardcharges.json","json","other","474811869","false"
"cc:17219866-dfd7-4c8b-be08-f7fc9e3bfb5c:e9df583a-0f1b-4cf4-8569-6a6d3bd5ab11","cc:17219866-dfd7-4c8b-be08-f7fc9e3bfb5c","true","https://mcorgstatic.blob.core.windows.net/cms-price/411906820_mayo-clinic-health-system-lake-city_standardcharges.csv","https://www.mayoclinichealthsystem.org/for-patients-and-visitors/price-transparency","411906820_mayo-clinic-health-system-lake-city_standardcharges.csv","csv","spreadsheet","3547298201","false"
"cc:1742ca88-bdb5-47ec-8e15-3e82a2f833a8:e3bfaa55-ab4d-4937-9cfd-de8b159bac5a","cc:1742ca88-bdb5-47ec-8e15-3e82a2f833a8","true","https://www.medstarhealth.org/-/media/project/mho/medstar/billing-and-insurance/2026/521369749_1669549614_national_rehabilitation_hospital_inc_standardcharges.csv","https://www.medstarhealth.org/price-transparency-disclosures","521369749_1669549614_National_Rehabilitation_Hospital_Inc_standardcharges.csv","csv","spreadsheet","5016300","false"
"cc:1781f50f-aa8f-46ce-81a2-cdbc8c1dff6c:54322a75-1f43-42bf-9efd-12e9960429db","cc:1781f50f-aa8f-46ce-81a2-cdbc8c1dff6c","true","https://vvrmc.slicedhealth.io/pricer/74-2941598-1104830900_ValVerdeRegionalMedicalCenter_standardcharges.CSV","https://vvrmc.slicedhealth.io/home","742941598_val-verde-regional-medical-center_standardcharges.csv","csv","spreadsheet","32574604","false"
"cc:179daac8-66eb-40a5-a554-5cdb199101d2:2f5f2c30-7b6b-4cb4-b1d3-c130eb683fe5","cc:179daac8-66eb-40a5-a554-5cdb199101d2","true","https://www.cityofhope.org/264572436_southeastern-regional-medical-center,-inc.-_standardcharges.json","https://www.cityofhope.org/patients/our-value-and-pricing/pricing-information","264572436_southeastern-regional-medical-center,-inc.-_standardcharges.json","json","other","367009027","false"
"cc:17df1ce0-323b-4685-a564-ae28c089f3f9:df2ada3f-265e-406a-aa38-858fa0be317e","cc:17df1ce0-323b-4685-a564-ae28c089f3f9","true","https://media.ecommunity.com/PricingTransparency/Community_Hospital_East.csv","https://www.ecommunity.com/central-pricing-office/list-of-standard-charges","Community_Hospital_East.csv","csv","spreadsheet","7796524940","false"
"cc:181d0ed1-87b2-4952-8fe5-c547d41dfe0d:7f352b45-a39f-4bca-8274-ec6c3f47a5cc","cc:181d0ed1-87b2-4952-8fe5-c547d41dfe0d","true","https://www.mymichigan.org/app/files/public/b0dd1ec4-599d-4f07-9c95-c487fe4ef23f/380997730_mymichigan-medical-center-saginaw_standardcharges.csv","https://www.mymichigan.org/patients-visitors/billing-insurance/cost-estimates/","380997730_mymichigan-medical-center-saginaw_standardcharges.csv","csv","spreadsheet","93257862","false"
"cc:183c05eb-c5e3-40c7-a4a6-a6a9ac6cdecd:35029f19-0087-491f-b1c1-397c71dc672d","cc:183c05eb-c5e3-40c7-a4a6-a6a9ac6cdecd","true","https://hospitalpricedisclosure.com/Download.aspx?pxi=sIvIxvlGYnjW2*_*3S8glUsQ*-*&f=iFd*_*cEPwhQHJy3lVvHy9uQ*-*","https://hospitalpricedisclosure.com/Default.aspx?ci=RsbcVwMa5jfnDZuYpIqAxQ*-*","364595806_adventhealth-south-overland-park_standardcharges.json","json","other","27757134","false"
"cc:186a26b4-a57f-48dc-9bf6-39827593a5e0:526d3fcc-23cf-4aaa-9735-ce16b58e9e6e","cc:186a26b4-a57f-48dc-9bf6-39827593a5e0","true","https://copperhillsyouthcenter.com/wp-content/uploads/2025/11/Copper-Hills-Active_Charges_with_Prices_519.xlsx","https://copperhillsyouthcenter.com/standard-services","Copper-Hills-Active_Charges_with_Prices_519.xlsx","xlsx","spreadsheet","9147","false"
"cc:189abdf5-4856-464e-ab6d-645e3ff5c719:4bb664c7-716a-4b03-a6dd-388af0976679","cc:189abdf5-4856-464e-ab6d-645e3ff5c719","true","https://stctrprodsnsvc00455826e6.blob.core.windows.net/pt-final-posting-files/62-1762545_WESLEY-MEDICAL-CENTER_standardcharges.json?si=pt-json-access-policy&spr=https&sv=2024-11-04&sr=c&sig=o5IofreS%2F7ETlsnhPakPWCwHVVUZRobywQ5wUKGjVuQ%3D","https://www.wesleymc.com/patient-resources/patient-financial-resources/pricing-transparency-cms-required-file-of-standard-charges","62-1762545_WESLEY-MEDICAL-CENTER_standardcharges.json","json","other","380095325","false"
"cc:18ed9fba-144d-4bd6-967f-b92ee55c7423:7e9d6043-cb70-4f3a-a36a-5d7b849648cc","cc:18ed9fba-144d-4bd6-967f-b92ee55c7423","true","https://healthcare.ascension.org/-/media/project/ascension/healthcare/price-transparency-files/tx-csv/741109643-1093810327_ascension-seton_standardcharges.zip","https://healthcare.ascension.org/price-transparency","741109643-1093810327_ascension-seton_standardcharges.zip","zip","unknown","227780628","false"
"cc:18fce4e0-e16a-48d8-8cb8-e9a2ed0b39d4:bc8e714c-f62b-4e80-8e76-88b2f48cb431","cc:18fce4e0-e16a-48d8-8cb8-e9a2ed0b39d4","true","https://secure.claraprice.net/price-transparency/TAIU-1724338504629/machine-readable","https://secure.claraprice.net/price-transparency/morton-county-ks","480818854_morton-county-health-system_standardcharges.json","json","other","1925463","false"
"cc:1900eea6-6604-4ae1-a113-7a7eaca45f9b:c67337b0-6ebb-444e-91a6-8cd6adef109f","cc:1900eea6-6604-4ae1-a113-7a7eaca45f9b","true","https://stctrprodsnsvc00455826e6.blob.core.windows.net/pt-final-posting-files/59-2047041_HCA-FLORIDA-TRINITY-HOSPITAL_standardcharges.json?si=pt-json-access-policy&spr=https&sv=2024-11-04&sr=c&sig=o5IofreS%2F7ETlsnhPakPWCwHVVUZRobywQ5wUKGjVuQ%3D","https://www.hcafloridahealthcare.com/patient-resources/patient-financial-resources/pricing-transparency-cms-required-file-of-standard-charges","59-2047041_HCA-FLORIDA-TRINITY-HOSPITAL_standardcharges.json","json","other","391604930","false"
"cc:190d985c-406a-4d78-8f7c-05bed7e84377:2997fa7e-b29b-4cd8-ba8a-d2c045d53fa6","cc:190d985c-406a-4d78-8f7c-05bed7e84377","true","https://hpt.trinity-health.org/261720984_st-marys-good-samaritan-hospital_standardcharges.zip","https://www.stmaryshealthcaresystem.org/for-patients/billing-insurance/price-estimates","261720984_st-marys-good-samaritan-hospital_standardcharges.zip","zip","unknown","90385358","false"
"cc:191ddd93-fb51-4550-898b-b1fc1a9fffda:e5ff1d60-c70e-4c79-a3b6-d2640ce5fe7f","cc:191ddd93-fb51-4550-898b-b1fc1a9fffda","true","https://hospitalpricetransparencyfiles.com/little-river-medical-center-inc/812677745_Little-River-Medical-Center-Inc_standardcharges.csv","https://lrmh.org/price-transparency/","812677745_Little-River-Medical-Center-Inc_standardcharges.csv","csv","spreadsheet","541373","false"
"cc:194da0f4-86fb-4078-9054-02afa8b6b3ce:214ac775-a928-4d1a-ae8d-37ae39124dd6","cc:194da0f4-86fb-4078-9054-02afa8b6b3ce","true","https://stctrprodsnsvc00455826e6.blob.core.windows.net/pt-final-posting-files/74-2499952_LAS-PALMAS-MEDICAL-CENTER_standardcharges.json?si=pt-json-access-policy&spr=https&sv=2024-11-04&sr=c&sig=o5IofreS%2F7ETlsnhPakPWCwHVVUZRobywQ5wUKGjVuQ%3D","https://www.laspalmasdelsolhealthcare.com/patient-resources/patient-financial-resources/pricing-transparency-cms-required-file-of-standard-charges","74-2499952_LAS-PALMAS-MEDICAL-CENTER_standardcharges.json","json","other","954832567","false"
"cc:19925fd1-e972-4dd0-a5f0-ee5f0d0c8885:01c1b605-e3a8-444f-9504-9b6e2b1eb6c2","cc:19925fd1-e972-4dd0-a5f0-ee5f0d0c8885","true","https://www.copleyvt.org/03-0179423_Copley-Hospital_standardcharges.csv","https://www.copleyvt.org/for-patients-and-visitors/billing-and-insurance","03-0179423_Copley-Hospital_standardcharges.csv","csv","spreadsheet","4247822","false"
"cc:19c03ef2-22b6-4645-aff4-9e559c46feae:9de36bba-df51-4d42-965c-27050901fc56","cc:19c03ef2-22b6-4645-aff4-9e559c46feae","true","https://mrfs.hyvehealthcare.com/TenetHealth/621861138-1699357368_vhs-acquisition-subsidiary-number-1-inc_standardcharges.json","https://www.abrazohealth.com/patients/pricing-info-estimates/hospital-pricing-information","621861138-1699357368_vhs-acquisition-subsidiary-number-1-inc_standardcharges.json","json","other","52680223","false"
"cc:19c0dcee-d42f-4d29-a270-1b2c504ee959:9d692d06-4a61-4f91-98f8-a7f0d5e7bf76","cc:19c0dcee-d42f-4d29-a270-1b2c504ee959","true","https://pricetransparency.providence.org/norcal/live/814791043_providence-redwood-memorial-hospital_standardcharges.json","https://www.providence.org/obp/price-transparency","814791043_providence-redwood-memorial-hospital_standardcharges.json","json","other","161042565","false"
"cc:19d3b73e-39fe-4cd8-9dda-1b52f23854e6:f16aa0f6-9e40-4fe4-b585-6c8ef9bcc7b4","cc:19d3b73e-39fe-4cd8-9dda-1b52f23854e6","true","https://apps.para-hcfs.com/PTT//FinalLinks/Reports.aspx?dbName=dbStJohnsJacksonWY&type=CDMWithoutLabel&fileType=CSV","https://www.stjohns.health/patients-visitors/billing-information/pricing-rates/","830325788_teton-county-hospital-district_standardcharges.csv","csv","spreadsheet","115751803","false"
"cc:19f96337-d1ad-4e71-9452-273db184f3cd:a8d5183a-48d3-4ec4-9959-5c28a48fddfc","cc:19f96337-d1ad-4e71-9452-273db184f3cd","true","https://apps.para-hcfs.com/PTT/FinalLinks/Reports.aspx?dbName=dbTCCHTEMPLETONCA&type=CDMWithoutLabel&fileType=CSV","https://www.adventisthealth.org/patients-and-visitors/price-transparency","953133241 _twin-cities-community-hospital-inc_standardcharges.csv","csv","spreadsheet","26672759","false"
"cc:19ffed1c-fa79-4cd3-941d-164e1a52aa15:1b7932bf-a03f-44e7-872d-82bb5a6012d2","cc:19ffed1c-fa79-4cd3-941d-164e1a52aa15","true","https://apps.para-hcfs.com/PTT/FinalLinks/Reports.aspx?dbName=dbTHTEHACHAPICA&type=CDMWithoutLabel&fileType=CSV","https://www.adventisthealth.org/patients-and-visitors/price-transparency","812240617_adventist-health-medical-center-tehachapi_standardcharges.csv","csv","spreadsheet","495545801","false"
"cc:1a42f967-aa8a-44b5-84fd-d3ad6cc7ec70:2e480cc0-860a-4ea8-9236-0333822f007a","cc:1a42f967-aa8a-44b5-84fd-d3ad6cc7ec70","true","https://www.uwmedicine.org/sites/stevie/files/mrf/911631806_harborview-medical-center_standardcharges.json","https://www.uwmedicine.org/patient-resources/billing-and-insurance/price-transparency","911631806_harborview-medical-center_standardcharges.json","json","other","62330717","false"
"cc:1a793019-d210-418e-9f9a-d6c28573664c:7dce6217-2e3c-46a0-bb05-2ae74b5ada86","cc:1a793019-d210-418e-9f9a-d6c28573664c","true","https://resources.selectmedical.com/pricing-transparency/critical-illness-recovery/83-3307316_Select_Specialty_Hospital-Fort_Myers_standardcharges.csv","https://www.selectspecialtyhospitals.com/patients-and-caregivers/admissions/price-transparency/","83-3307316_Select_Specialty_Hospital-Fort_Myers_standardcharges.csv","csv","spreadsheet","91204735","false"
"cc:1a7cfbca-19c5-43dc-9bea-2ada0aa9d9ce:befc9843-58bf-491d-a62a-4a415fd9c32a","cc:1a7cfbca-19c5-43dc-9bea-2ada0aa9d9ce","true","https://www.ynhh.org/-/media/Files/YNHHS/sc/06-0646652-Yale_New_Haven_Hospital_Standard_Charges011025-1.ashx","https://www.ynhh.org/patients-visitors/billing-insurance/Pricing","06-0646652 Yale_New_Haven_Hospital_Standard_Charges011025 1.csv","csv","spreadsheet","129638692","false"
"cc:1a81ea3e-8240-4788-8541-f1deed978650:6f256375-1bd4-4e1e-af61-6f41f19722eb","cc:1a81ea3e-8240-4788-8541-f1deed978650","true","https://stctrprodsnsvc00455826e6.blob.core.windows.net/pt-final-posting-files/62-0976863_HCA-FLORIDA-GULF-COAST-HOSPITAL_standardcharges.json?si=pt-json-access-policy&spr=https&sv=2024-11-04&sr=c&sig=o5IofreS%2F7ETlsnhPakPWCwHVVUZRobywQ5wUKGjVuQ%3D","https://www.hcafloridahealthcare.com/patient-resources/patient-financial-resources/pricing-transparency-cms-required-file-of-standard-charges","62-0976863_HCA-FLORIDA-GULF-COAST-HOSPITAL_standardcharges.json","json","other","342267434","false"
"cc:1aa15d0d-971e-4cac-b55e-f863a58040bf:fc73bcd6-90b6-4c50-a783-cdd842fdb8f9","cc:1aa15d0d-971e-4cac-b55e-f863a58040bf","true","https://www.geisinger.org/-/media/onegeisinger/pdfs/ghs/patient-care/patients-and-visitors/billing-and-insurance/hosp-charges-csv/24-0792115_geisinger-jersey-shore-hospital_standardcharges.csv?sc_lang=en&hash=9EE005C2C2A725C3439DF8CF05773BAB","https://www.geisinger.org/patient-care/patients-and-visitors/billing-and-insurance/tools-to-use/shop-services-and-view-hospital-charge-lists","24-0792115_Geisinger-Jersey-Shore-Hospital_standardcharges.csv","csv","spreadsheet","56005329","false"
"cc:1b4b3148-c11c-4862-886b-61c87d84e16e:c63fa1e6-367b-4821-ab97-d148d70a27ea","cc:1b4b3148-c11c-4862-886b-61c87d84e16e","true","https://stctrprodsnsvc00455826e6.blob.core.windows.net/pt-final-posting-files/95-2321136_LOS-ROBLES-HOSPITAL-AND-MEDICAL-CENTER_standardcharges.json?si=pt-json-access-policy&spr=https&sv=2024-11-04&sr=c&sig=o5IofreS%2F7ETlsnhPakPWCwHVVUZRobywQ5wUKGjVuQ%3D","https://losrobleshospital.com/patient-resources/patient-financial-resources/pricing-transparency-cms-required-file-of-standard-charges","95-2321136_LOS-ROBLES-HOSPITAL-AND-MEDICAL-CENTER_standardcharges.json","json","other","540707113","false"
"cc:1b7154d0-964f-449c-8fc9-c7c205c3d5c1:d44395e7-88f4-4808-9093-612ed5ada7b5","cc:1b7154d0-964f-449c-8fc9-c7c205c3d5c1","true","https://hospitalpricedisclosure.com/download.aspx?pi=K1PKLo31nox8yduJLcFWgw*-*&f=p22CpYLrWLxCnt4HoK7iZA*-*","https://www.orlandohealth.com/patients-and-visitors/patient-financial-resources/financial-information-prior-to-care/pricing-transparency-guide","99-4761958_orlando-health-melbourne-hospital_standardcharges.json","json","other","48279722","false"
"cc:1c16fbdb-f1a4-4d92-9894-fccbecb0e210:b4439d1b-ea34-4bfd-b92a-e4b408f95036","cc:1c16fbdb-f1a4-4d92-9894-fccbecb0e210","true","https://www.deltahealthsystem.org/documents/640586958_delta-regional-medical-center_standardcharges.csv","https://www.deltahealthsystem.org/patients-visitors/billing/price-estimate-information/chargemaster-transparency/","640586958_delta-regional-medical-center_standardcharges.csv","csv","spreadsheet","12310604","false"
"cc:1c1c734f-2d32-4a07-bfb5-f367a6d66327:efae6a5e-b02f-40d8-8e08-4dfeec2a6df6","cc:1c1c734f-2d32-4a07-bfb5-f367a6d66327","true","https://mcorgstatic.blob.core.windows.net/cms-price/390813418_mayo-clinic-health-system-barron_standardcharges.csv","https://www.mayoclinichealthsystem.org/for-patients-and-visitors/price-transparency","390813418_mayo-clinic-health-system-barron_standardcharges.csv","csv","spreadsheet","3102134934","false"
"cc:1c34d740-d722-404f-88d9-616e3336929d:10b6d486-8811-4fef-b0eb-e3a5f532c6b5","cc:1c34d740-d722-404f-88d9-616e3336929d","true","https://stctrprodsnsvc00455826e6.blob.core.windows.net/pt-final-posting-files/62-1682198_MEDICAL-CITY-DALLAS_standardcharges.json?si=pt-json-access-policy&spr=https&sv=2024-11-04&sr=c&sig=o5IofreS%2F7ETlsnhPakPWCwHVVUZRobywQ5wUKGjVuQ%3D","https://medicalcityhealthcare.com/about/legal/pricing-transparency-cms-required-file-of-standard-charges.dot","62-1682198_MEDICAL-CITY-DALLAS_standardcharges.json","json","other","1050715330","false"
"cc:1c368b22-f64c-4f98-85f8-47574c3b7309:6f0229c1-b1c9-4a54-a692-af7bce4d1579","cc:1c368b22-f64c-4f98-85f8-47574c3b7309","true","https://mrfs.hyvehealthcare.com/TenetHealth/621861198_vhs-acquisition-subsidiary-number-7-inc_standardcharges.json","https://www.stvincenthospital.com/patients/pricing-info-estimates/hospital-pricing-information","621861198_vhs-acquisition-subsidiary-number-7-inc_standardcharges.json","json","other","35272466","false"
"cc:1c5e99bc-0a8c-4919-8127-ec4b0b8f9f54:223fe580-26e3-4fad-b678-920b3f22b5c4","cc:1c5e99bc-0a8c-4919-8127-ec4b0b8f9f54","true","https://www.medstarhealth.org/-/media/project/mho/medstar/billing-and-insurance/2026/521369749_1366120628_national_rehabilitation_hospital_inc_standardcharges.csv","https://www.medstarhealth.org/price-transparency-disclosures","521369749_1366120628_National_Rehabilitation_Hospital_Inc_standardcharges.csv","csv","spreadsheet","244649","false"
"cc:1c7dc0c2-f612-4451-a0c6-84cf232307a9:e0ffba8d-4415-42b3-a7e9-6bb006d555a9","cc:1c7dc0c2-f612-4451-a0c6-84cf232307a9","true","https://sunhouston.com/files/sun-houston-standardcharges.csv","https://sunhouston.com/price-transparency/","HOU-Price-Transparency-IP-ECT-only-v2.csv","csv","spreadsheet","37662","false"
"cc:1c860e33-8e50-4d23-a609-96c36e4edb51:53f5979d-ee01-4e20-84b9-861145614059","cc:1c860e33-8e50-4d23-a609-96c36e4edb51","true","https://www.parkview.com/-/media/parkview-media/file/price-transparency/350868085_parkview-regional-medical-center_standardcharges.ashx","https://www.parkview.com/patients-and-visitors/billing-and-insurance/request-an-estimate","350868085_parkview-regional-medical-center_standardcharges.csv","csv","spreadsheet","44427882","false"
"cc:1cbcc827-343f-41c6-a8d5-df71698dd619:87d6b95c-f39c-4296-b661-95bde5c95ea7","cc:1cbcc827-343f-41c6-a8d5-df71698dd619","true","https://hospitalpricedisclosure.com/Download.aspx?pxi=BjroEz8c5o*_*7mZ2xptt3iw*-*&f=1Uqk9sV2mcxtBmvoqWiwog*-*","https://hospitalpricedisclosure.com/default.aspx?ci=fFJE38ye7xsB8Of*_*qxAfVQ*-*","731034824_integris-baptist-medical-center_standardcharges.csv","csv","spreadsheet","50598328","false"
"cc:1ce06639-7593-4a49-8760-3a4e316562fa:2b0dd614-39e8-4bf1-804f-7264cc135f56","cc:1ce06639-7593-4a49-8760-3a4e316562fa","true","https://resources.selectmedical.com/pricing-transparency/critical-illness-recovery/25-1816237_Select_Specialty_Hospital-Northern_Kentucky_standardcharges.csv","https://www.selectspecialtyhospitals.com/patients-and-caregivers/admissions/price-transparency/","25-1816237_Select_Specialty_Hospital-Northern_Kentucky_standardcharges.csv","csv","spreadsheet","58677304","false"
"cc:1cf6c8ee-11d3-4ad2-b020-7f3fd7c1e40f:b0cd1a95-49ec-44cf-a712-cc14236568c4","cc:1cf6c8ee-11d3-4ad2-b020-7f3fd7c1e40f","true","https://everestrehab.com/wp-content/uploads/2022/09/88-0797473_Everest-Rehabilitation-Hospital-Orlando_standardcharges.csv","https://everestrehab.com/healthcare/","88-0797473_Everest-Rehabilitation-Hospital-Orlando_standardcharges.csv","csv","spreadsheet","1665906","false"
"cc:1d246aab-6179-4a2a-95e0-1b73b4251393:ff01a110-be28-4137-8728-a94f6ef3c087","cc:1d246aab-6179-4a2a-95e0-1b73b4251393","true","https://www.oswegohealth.org/media/10977d0f2e10411faed0c8448d80a2e6/150532220_oswego-hospital_standardcharges.xlsb","https://www.oswegohealth.org/patients-families/billing-information/price-transparency","150532220_oswego-hospital_standardcharges.xlsb","xlsb","spreadsheet","1707225","false"
"cc:1d2db75a-f972-4c4d-834d-b6673f28a3d8:ea0b5db2-2b95-425d-a705-67fa97fd8c8a","cc:1d2db75a-f972-4c4d-834d-b6673f28a3d8","true","https://pricetransparency.providence.org/wamt/live/364640211_providence-sacred-hrt-med-center-and-childs-hosp_standardcharges.json","https://www.providence.org/obp/price-transparency","364640211_providence-sacred-hrt-med-center-and-childs-hosp_standardcharges.json","json","other","219342480","false"
"cc:1d4144a7-064f-465d-a254-bb030072a143:f6070b9d-08d7-40e0-aacf-4b9d130f3f44","cc:1d4144a7-064f-465d-a254-bb030072a143","true","https://stctrprodsnsvc00455826e6.blob.core.windows.net/pt-final-posting-files/62-0840204_PARKRIDGE-VALLEY-HOSPITAL_standardcharges.json?si=pt-json-access-policy&spr=https&sv=2024-11-04&sr=c&sig=o5IofreS%2F7ETlsnhPakPWCwHVVUZRobywQ5wUKGjVuQ%3D","https://parkridgehealth.com/about/legal/pricing-transparency-cms-required-file-of-standard-charges.dot","62-0840204_PARKRIDGE-VALLEY-HOSPITAL_standardcharges.json","json","other","124856352","false"
"cc:1d53b0e8-5e17-41b7-9dee-586418e55536:f4be7ad6-56a5-4ba4-97e0-aad2895f4f29","cc:1d53b0e8-5e17-41b7-9dee-586418e55536","true","https://www.medstarhealth.org/-/media/project/mho/medstar/billing-and-insurance/2026/521369749_1528061827_national_rehabilitation_hospital_inc_standardcharges.csv","https://www.medstarhealth.org/price-transparency-disclosures","521369749_1528061827_National_Rehabilitation_Hospital_Inc_standardcharges.csv","csv","spreadsheet","10229198","false"
"cc:1d9798ec-9caf-4219-a063-a92b25d2c77b:40e94d9b-2ee4-4887-8a42-b985486e86d9","cc:1d9798ec-9caf-4219-a063-a92b25d2c77b","true","https://www.destinyspringshealthcare.com/_files/ugd/579823_eb7db2b89803407a90b9c18a5c9c739f.csv?dn=81-4160201_Destiny-Springs-Healthcare_standardcharges.csv","https://www.destinyspringshealthcare.com/price-transparency","81-4160201_Destiny-Springs-Healthcare_standardcharges.csv","csv","spreadsheet","12676","false"
"cc:1d97ec4c-e291-4c65-898f-f51e0897523b:a04b7207-56ba-49df-9b93-e3987d3365a0","cc:1d97ec4c-e291-4c65-898f-f51e0897523b","true","https://cdn.iuhealth.org/resources/351955872_indiana-university-health-inc._standardcharges.zip","https://iuhealth.org/schedule-an-appointment/price-estimates/standard-charge-listing","351955872_indiana-university-health-inc._standardcharges.zip","zip","unknown","67370134","false"
"cc:1da024e7-c135-4747-842e-aa09d1ebb568:67d0230f-0e3f-42bc-916f-bbc2d84253fa","cc:1da024e7-c135-4747-842e-aa09d1ebb568","true","https://www.riversidehealthcare.org/sites/default/files/MRF-2026.zip","https://www.riversidehealthcare.org/patients-and-visitors/for-patients/billing-and-insurance","MRF-2026.zip","zip","unknown","2750896","false"
"cc:1da4cc28-2bb6-49e2-8571-ef8b1812c30b:a56dd01b-4363-4c87-9b60-1ebbe1036cb1","cc:1da4cc28-2bb6-49e2-8571-ef8b1812c30b","true","https://stctrprodsnsvc00455826e6.blob.core.windows.net/pt-final-posting-files/36-4764806_HCA-FLORIDA-SOUTH-TAMPA-HOSPITAL_standardcharges.json?si=pt-json-access-policy&spr=https&sv=2024-11-04&sr=c&sig=o5IofreS%2F7ETlsnhPakPWCwHVVUZRobywQ5wUKGjVuQ%3D","https://www.hcafloridahealthcare.com/patient-resources/patient-financial-resources/pricing-transparency-cms-required-file-of-standard-charges","36-4764806_HCA-FLORIDA-SOUTH-TAMPA-HOSPITAL_standardcharges.json","json","other","356197201","false"
"cc:1de86446-3217-4705-80a9-841a739910c3:e3bfaa55-ab4d-4937-9cfd-de8b159bac5a","cc:1de86446-3217-4705-80a9-841a739910c3","true","https://www.medstarhealth.org/-/media/project/mho/medstar/billing-and-insurance/2026/521369749_1669549614_national_rehabilitation_hospital_inc_standardcharges.csv","https://www.medstarhealth.org/price-transparency-disclosures","521369749_1669549614_National_Rehabilitation_Hospital_Inc_standardcharges.csv","csv","spreadsheet","5016300","false"
"cc:1e031906-dd0d-402b-819b-6a3bb864b235:e4711ed6-bc75-48de-88dc-b6754118d8dd","cc:1e031906-dd0d-402b-819b-6a3bb864b235","true","https://pricetransparency.providence.org/socal/live/421672810_providence-little-company-of-mary-med-center-torrance_standardcharges.json","https://www.providence.org/obp/price-transparency","421672810_providence-little-company-of-mary-med-center-torrance_standardcharges.json","json","other","222495611","false"
"cc:1e1a0385-a8f1-49c4-9f0f-a18d2ea64988:3685721c-029f-48e5-9aec-81ee8324f488","cc:1e1a0385-a8f1-49c4-9f0f-a18d2ea64988","true","https://resources.selectmedical.com/pricing-transparency/critical-illness-recovery/25-1813128_Select_Specialty_Hospital-Birmingham_standardcharges.csv","https://www.selectspecialtyhospitals.com/patients-and-caregivers/admissions/price-transparency/","25-1813128_Select_Specialty_Hospital-Birmingham_standardcharges.csv","csv","spreadsheet","144206429","false"
"cc:1e48de43-aeba-494b-bbea-7829fd1cc5df:aef5e457-5268-47d7-a064-93afb4f1705f","cc:1e48de43-aeba-494b-bbea-7829fd1cc5df","true","https://covingtoncountyhospital.com/646001549_covington-county-hospital_standardcharges.csv","https://covingtoncountyhospital.com/pricing-transparency","646001549_covington-county-hospital_standardcharges.csv","csv","spreadsheet","93493711","false"
"cc:1ea9c9db-9d29-4ced-8ebc-ddd3591def17:3f75300d-9fbf-402a-9666-352aa052f9ef","cc:1ea9c9db-9d29-4ced-8ebc-ddd3591def17","true","https://hospitalpricedisclosure.com/Download.aspx?pxi=TeRmqVv6zqH12Bs0PUR7KA*-*&f=iFd*_*cEPwhQHJy3lVvHy9uQ*-*","https://HospitalPriceDisclosure.com/Default.aspx?ci=tWKNrFY5HZER1VRkXeC4JQ*-*","956003843_palomar-medical-center-poway_standardcharges.json","json","other","13891654","false"
"cc:1eab2319-8d9a-472a-985d-06921eacfafb:949e1d3a-a12c-46b6-bad4-cec3a8779bf4","cc:1eab2319-8d9a-472a-985d-06921eacfafb","true","https://edge.sitecorecloud.io/sutterhealt962c-sutterhealt8fce-production57cc-4860/media/Project/SutterHealth/SutterHealth/Files/billing-insurance/costs-and-charges/940562680-1659439834_california-pacific-medical-center-davies-campus_standardcharges.csv","https://www.sutterhealth.org/billing-insurance/costs-and-charges/cost-transparency","940562680-1659439834_california-pacific-medical-center-davies-campus_standardcharges.csv","csv","spreadsheet","18701330","false"
"cc:1eb8ffcb-fecc-4f54-9b99-bbd286e3f1f4:9fa8b516-4926-4ca5-9c86-c1fc622e69b9","cc:1eb8ffcb-fecc-4f54-9b99-bbd286e3f1f4","true","https://apps.para-hcfs.com/PTT/FinalLinks/Reports.aspx?dbName=dbYKDRHBETHELAK&type=CDMWithoutLabel&fileType=CSV","www.ykhc.org","920041414_yukon-kuskokwim-health-corp_standardcharges.csv","csv","spreadsheet","8676019","false"
"cc:1ebb733e-5612-406f-ba8a-c2c5406711e4:6595d0da-9e92-4fd9-9bc5-2a2c8eec2f12","cc:1ebb733e-5612-406f-ba8a-c2c5406711e4","true","https://memorialhermann.org/-/media/memorial-hermann/org/files/patients-and-visitors/cms-standard-hospital-charges/741152597_memorial-hermann-katy-hospital_standardcharges.csv","https://memorialhermann.org/patients-visitors/patient-services/financial-care/financial-resources/cms-price-transparency-information","741152597_memorial-hermann-katy-hospital_standardcharges.csv","csv","spreadsheet","27861605","false"
"cc:1f0c876e-ba3f-4426-96ec-cb27eda5bc10:d2353252-314f-40ae-a3c0-d7f7fa2857e8","cc:1f0c876e-ba3f-4426-96ec-cb27eda5bc10","true","https://resources.selectmedical.com/Pricing-Transparency/inpatient-rehabilitation/61-1725865_California_Rehab_Institute_standardcharges.csv","https://www.californiarehabinstitute.com/patients-and-caregivers/admissions/price-transparency","61-1725865_California_Rehab_Institute_standardcharges.csv","csv","spreadsheet","38682900","false"
"cc:1f1c3eba-ab5e-4213-bd78-46c66ab071d6:1c45fd5e-c833-431a-8ab6-bf60c40c0413","cc:1f1c3eba-ab5e-4213-bd78-46c66ab071d6","true","https://pricetransparency.healthcare/white-rock-medical-center/charges/export","https://pricetransparency.healthcare/white-rock-medical-center/charges/","823626083_pipeline-east-dallas-llc_standardcharges.csv","csv","spreadsheet","50389081","false"
"cc:1f8041ae-c954-4c1e-a70f-153accc0f42e:e3bfaa55-ab4d-4937-9cfd-de8b159bac5a","cc:1f8041ae-c954-4c1e-a70f-153accc0f42e","true","https://www.medstarhealth.org/-/media/project/mho/medstar/billing-and-insurance/2026/521369749_1669549614_national_rehabilitation_hospital_inc_standardcharges.csv","https://www.medstarhealth.org/price-transparency-disclosures","521369749_1669549614_National_Rehabilitation_Hospital_Inc_standardcharges.csv","csv","spreadsheet","5016300","false"
"cc:1f87d9a7-45ef-4a28-bb3b-4b360ebcf7d6:0342fd68-8c48-4aaa-9114-ae3b312e195b","cc:1f87d9a7-45ef-4a28-bb3b-4b360ebcf7d6","true","https://url.usb.m.mimecastprotect.com/s/eW_1Ck6WonFOGVp9HNN4gR?domain=rca.centaurihs.com","https://url.usb.m.mimecastprotect.com/s/4udDC8Xr9vc64VK1C2t3k9?domain=dhrhealth.com/","742802643_womenshospitalatrenaissance_standardcharges.csv","csv","spreadsheet","191538743","false"
"cc:1f892b5a-8d13-49e3-aee9-77b706b65d4b:315a3c02-30d6-436c-9187-45381d865a39","cc:1f892b5a-8d13-49e3-aee9-77b706b65d4b","true","https://www.northeastrehab.com/wp-content/uploads/2026/06/02-0369797_northeast-rehabilitation-hospital_standardcharges_portsmouth.csv","https://www.northeastrehab.com/faqs/our-networks-standard-charges","02-0369797_northeast-rehabilitation-hospital_standardcharges_portsmouth.csv","csv","spreadsheet","8230764","false"
"cc:1facb82d-46fc-4188-ab9c-ebaed389f93d:043ef712-83ba-4467-a103-aaa0eb175801","cc:1facb82d-46fc-4188-ab9c-ebaed389f93d","true","https://nec24.com/wp-content/uploads/2026/03/922974728_Neighbors-Emergency-Center-Lubbock_standardcharges.csv","https://nec24.com/price-transparency","922974728_Neighbors-Emergency-Center-Lubbock_standardcharges.csv","csv","spreadsheet","218398","false"
"cc:1fc0c4d2-b10e-4fed-ab32-4fcb9203eba5:45645aa5-34e9-4f0d-bb2d-fee6e0ea58cd","cc:1fc0c4d2-b10e-4fed-ab32-4fcb9203eba5","true","https://stctrprodsnsvc00455826e6.blob.core.windows.net/pt-final-posting-files/62-1831495_TIMPANOGOS-REGIONAL-HOSPITAL_standardcharges.json?si=pt-json-access-policy&spr=https&sv=2024-11-04&sr=c&sig=o5IofreS%2F7ETlsnhPakPWCwHVVUZRobywQ5wUKGjVuQ%3D","https://www.mountainstar.com/patient-resources/patient-financial-resources/pricing-transparency-cms-required-file-of-standard-charges","62-1831495_TIMPANOGOS-REGIONAL-HOSPITAL_standardcharges.json","json","other","367475762","false"
"cc:1fcc1b9f-1088-43f2-9f33-40df77d97682:6366590a-7232-4821-a343-7a7d9c4f99d0","cc:1fcc1b9f-1088-43f2-9f33-40df77d97682","true","https://omh.ny.gov/omhweb/adults/141663311_nysomh_standardcharges.csv","https://omh.ny.gov/omhweb/adults/omh-hospital-pricing-transparency.pdf","141663311_nysomh_standardcharges.csv","csv","spreadsheet","929041","false"
"cc:1fcc76fd-49e9-4eaf-aa3d-91c06d42e3f0:642fee6f-ca29-498c-93a4-e1e4cd028e83","cc:1fcc76fd-49e9-4eaf-aa3d-91c06d42e3f0","true","https://images.pricetransparency.healthcare/public-mrfs/banner/901074557_banner-university-medical-center-tucson_standardcharges.csv","https://www.bannerhealth.com/patients/billing/pricing-resources/hospital-price-transparency","901074557_banner-university-medical-center-tucson_standardcharges.csv","csv","spreadsheet","146575326","false"
"cc:1fe33493-770b-4207-adac-d4f052725034:b1fc155a-4c5c-4b44-b944-7b0c828d3ae6","cc:1fe33493-770b-4207-adac-d4f052725034","true","https://apps.para-hcfs.com/PTT/FinalLinks/Reports.aspx?dbName=dbNCGHPHILADELPHIAMS&type=CDMWithoutLabel&fileType=CSV","https://apps.para-hcfs.com/PTT/FinalLinks/Neshoba_V3.aspx","646000892_neshoba-county-general-hospital_standardcharges.csv","csv","spreadsheet","46235873","false"
"cc:2019d954-f970-4e2d-8174-86e6e31a00b6:2e4cdde1-091a-41e4-8cf3-06420f7f7a2d","cc:2019d954-f970-4e2d-8174-86e6e31a00b6","true","https://apps.para-hcfs.com/PTT/FinalLinks/Reports.aspx?dbName=dbSMHDTULIATX&type=CDMWithoutLabel&fileType=CSV","https://apps.para-hcfs.com/PTT/FinalLinks/Swisher_V2.aspx","452230827_swisher-memorial-healthcare-system_standardcharges.csv","csv","spreadsheet","26044902","false"
"cc:202ac614-332b-44f5-966a-4b76ecc5a043:0ac4aa32-f65b-4463-8781-4507ae336305","cc:202ac614-332b-44f5-966a-4b76ecc5a043","true","https://hospitalpricedisclosure.com/Download.aspx?pxi=9hCt*__*1vhfhFOMtLQdioowA*-*&f=iFd*_*cEPwhQHJy3lVvHy9uQ*-*","https://hospitalpricedisclosure.com/default.aspx?ci=T5EyO8gUuOWgH1PWaXHIAQ*-*","412002771_trinity-hospitals_standardcharges.json","json","other","21572224","false"
"cc:202c75e0-c3ba-4f97-89ed-de8a5106e5c8:5c03f65b-bf84-4e60-866b-6d40a04b781b","cc:202c75e0-c3ba-4f97-89ed-de8a5106e5c8","true","https://mrfs.hyvehealthcare.com/TenetHealth/474132507_hch-tucson-holdings-llc_standardcharges.json","https://www.carondelet.org/patients/pricing-info-estimates/hospital-pricing-information","474132507_hch-tucson-holdings-llc_standardcharges.json","json","other","2852645","false"
"cc:20568f67-6138-48dc-8d7d-f0e2111bc67b:6da38ea9-d4b8-4ad6-a32f-61c9a2c7b8f5","cc:20568f67-6138-48dc-8d7d-f0e2111bc67b","true","https://www.legacyhealth.org/-/media/files/json/930386823_legacy-unity-adult-ip_standardcharges.json","https://www.legacyhealth.org/patients-and-visitors/paying-for-your-care/estimate-hospital-costs","930386823_legacy-Unity-Adult-IP_standardcharges.json","json","other","68753145","false"
"cc:20bc4106-61aa-41c6-b75e-ff0d9b1ac8d1:8a41daed-9b86-4e4c-9591-f262727f9e70","cc:20bc4106-61aa-41c6-b75e-ff0d9b1ac8d1","true","https://urldefense.com/v3/__https://hospitalpricedisclosure.com/download.aspx?pi=mqh0rA*_*2H3hj0TYzKfVLXg*-*__;KioqKg!!OwHQNGuS!NNxzc3gzcCDbWC_3aBKJU3Bm28st5mdzWI_DoAkJmDmhsUhsHjB8niD15jvlGIrs7b_d4aR0fJBjowy6rVbgBT4c5bwPQA$","https://urldefense.com/v3/__https://HospitalPriceDisclosure.com/Default.aspx?ci=RsbcVwMa5jfnDZuYpIqAxQ*-*__;Kio!!OwHQNGuS!NNxzc3gzcCDbWC_3aBKJU3Bm28st5mdzWI_DoAkJmDmhsUhsHjB8niD15jvlGIrs7b_d4aR0fJBjowy6rVbgBT5sJPyOLA$","590725553_adventhealth-wauchula_standardcharges.json","json","other","4318949","false"
"cc:20db43a7-36e9-4ec3-8f8c-1b1cf78d6014:87d6b95c-f39c-4296-b661-95bde5c95ea7","cc:20db43a7-36e9-4ec3-8f8c-1b1cf78d6014","true","https://hospitalpricedisclosure.com/Download.aspx?pxi=BjroEz8c5o*_*7mZ2xptt3iw*-*&f=1Uqk9sV2mcxtBmvoqWiwog*-*","https://hospitalpricedisclosure.com/default.aspx?ci=fFJE38ye7xsB8Of*_*qxAfVQ*-*","731034824_integris-baptist-medical-center_standardcharges.csv","csv","spreadsheet","50598328","false"
"cc:2124b750-f47c-482a-a03b-c88a4399b8ad:8ecec148-160a-414b-9fe5-91c5edb6e15e","cc:2124b750-f47c-482a-a03b-c88a4399b8ad","true","https://apps.para-hcfs.com/PTT/FinalLinks/Reports.aspx?dbName=dbMMHMETROPOLISIL&type=CDMWithoutLabel&fileType=CSV","https://www.massachealth.org/getpage.php?name=Chargemaster","370857853_massac-memorial-hospital_standardcharges.csv","csv","spreadsheet","30088525","false"
"cc:21351ce1-64e3-43b1-a723-8ba932a27ff9:7f793868-90db-4c30-aa2c-15bc11bfe0ff","cc:21351ce1-64e3-43b1-a723-8ba932a27ff9","true","https://hpt.trinity-health.org/473752176_st-marys-sacred-heart-hospital_standardcharges.zip","https://www.stmaryshealthcaresystem.org/for-patients/billing-insurance/price-estimates","473752176_st-marys-sacred-heart-hospital_standardcharges.zip","zip","unknown","29205284","false"
"cc:217bbe18-c5c5-4ae6-909b-9cff07ee780f:d68ea937-12d9-439a-b10e-764a9d683cc2","cc:217bbe18-c5c5-4ae6-909b-9cff07ee780f","true","https://jpauljones.pt.panaceainc.com/MRFDownload/jpauljones/jpauljones","https://jpauljones.com/services","636004960_j.-paul-jones-hospital_standardcharges.csv","csv","spreadsheet","10894721","false"
"cc:218733b5-7772-44e7-a3b6-b4b82f8f4155:7812534f-8a5d-4ef7-8b79-2732ca32fe35","cc:218733b5-7772-44e7-a3b6-b4b82f8f4155","true","https://apps.para-hcfs.com/PTT/FinalLinks/Reports.aspx?dbName=dbAHBBAKERSFIELDCA&type=CDMWithoutLabel&fileType=CSV","https://www.adventisthealth.org/patients-and-visitors/price-transparency/","952294234_san-joaquin-community-hospital_standardcharges.csv","csv","spreadsheet","1045403643","false"
"cc:21c77f2d-d3d2-4008-8636-e2ee38dde6fa:a20159ec-3b87-4ead-a82f-140ea3fcd340","cc:21c77f2d-d3d2-4008-8636-e2ee38dde6fa","true","https://www.avera.org/app/files/public/30c119ee-35bd-417a-a15e-30ec553ee995/410853163_avera-tyler-hospital_standardcharges.csv","https://www.avera.org/patients-visitors/price-transparency/","410853163_avera-tyler-hospital_standardcharges.csv","csv","spreadsheet","2727824","false"
"cc:2216c7d3-74b6-4d23-8d80-7e93a501fb30:010572a5-f4bd-4d81-a23f-2671dce0de68","cc:2216c7d3-74b6-4d23-8d80-7e93a501fb30","true","https://www.emanatehealth.org/clientfiles/getfile/952413054_emanate-health-foothill-presbyterian-hospital_standardcharges.csv","https://www.emanatehealth.org/patients-visitors/financial-resources-assistance/","952413054_emanate-health-foothill-presbyterian-hospital_standardcharges.csv","csv","spreadsheet","56342875","false"
"cc:22355fa0-cc01-4360-9762-bd9f26381bc5:a0ae9e30-c0eb-4322-871d-611246aa37cb","cc:22355fa0-cc01-4360-9762-bd9f26381bc5","true","https://mrfs.hyvehealthcare.com/RWJBarnabasHealth/221487243_robert-wood-johnson-university-hospital-new-brunswick_standardcharges.json","https://www.rwjbh.org/rwj-university-hospital-new-brunswick/billing/charges","221487243_robert-wood-johnson-university-hospital-new-brunswick_standardcharges.json","json","other","373088038","false"
"cc:2236749b-3b82-484b-a0eb-36e8c4655178:97218c21-e682-4904-8155-10b37d95a5d6","cc:2236749b-3b82-484b-a0eb-36e8c4655178","true","https://pricetransparency.providence.org/norcal/live/852390012_healdsburg-hospital_standardcharges.json","https://www.providence.org/obp/price-transparency","852390012_healdsburg-hospital_standardcharges.json","json","other","157202460","false"
"cc:2282a128-0474-459f-aab5-eabab4f8ce17:492add9a-962d-4e6f-858a-8508799e8d8c","cc:2282a128-0474-459f-aab5-eabab4f8ce17","true","https://www.lasencinashospital.com/sites/default/files/320039155_Aurora%20Las%20Encinas%20LLC_standardcharges.csv","https://www.lasencinashospital.com/price-transparency","320039155_Aurora Las Encinas LLC_standardcharges.csv","csv","spreadsheet","15322","false"
"cc:22dee0a8-6a46-4190-9893-7985e339613c:b87def05-cf34-4959-ba71-cd571221f99e","cc:22dee0a8-6a46-4190-9893-7985e339613c","true","https://mcorgstatic.blob.core.windows.net/cms-price/410944601_mayo-clinic-hospital-rochester_standardcharges.csv","https://www.mayoclinic.org/patient-visitor-guide/billing-insurance/price-estimates/chargemaster","410944601_mayo-clinic-hospital-rochester_standardcharges.csv","csv","spreadsheet","13350569463","false"
"cc:23844057-a2a9-455b-b871-4c10108f4853:67b3c56f-115e-4660-a252-b8ffe1e5885e","cc:23844057-a2a9-455b-b871-4c10108f4853","true","https://phoenix.kpcph.com/wp-content/uploads/sites/5/2024/01/83-4169286_KPC-Promise-Hospital-of-Phoenix_standardcharges.csv","https://phoenix.kpcph.com/cms-price-transparency/","83-4169286_KPC-Promise-Hospital-of-Phoenix_standardcharges.csv","csv","spreadsheet","1050002","false"
"cc:23b272af-635a-4d23-a13f-d372d77d6bd4:92e2152c-03fb-4cfd-b62d-b6f601c44ab0","cc:23b272af-635a-4d23-a13f-d372d77d6bd4","true","https://www.mymichigan.org/app/files/public/8fe1fc1c-9ac6-49ab-a609-d45d86428203/381518643_mymichigan-medical-center-clare_standardcharges.csv","https://www.mymichigan.org/patients-visitors/billing-insurance/cost-estimates/","381518643_mymichigan-medical-center-clare_standardcharges.csv","csv","spreadsheet","97436400","false"
"cc:23fa9bc5-ea0c-46ba-b82c-639135e2db69:6366590a-7232-4821-a343-7a7d9c4f99d0","cc:23fa9bc5-ea0c-46ba-b82c-639135e2db69","true","https://omh.ny.gov/omhweb/adults/141663311_nysomh_standardcharges.csv","https://omh.ny.gov/omhweb/adults/omh-hospital-pricing-transparency.pdf","141663311_nysomh_standardcharges.csv","csv","spreadsheet","929041","false"
"cc:240912ed-8cf9-423e-8553-4f608dcc977f:a54f6414-a217-4a1a-aa24-d5eeac4abb92","cc:240912ed-8cf9-423e-8553-4f608dcc977f","true","https://apps.para-hcfs.com/PTT/FinalLinks/Reports.aspx?dbName=dbAHRREEDLEYCA&type=CDMWithoutLabel&fileType=CSV","https://www.adventisthealth.org/patients-and-visitors/price-transparency","453220509_reedley-community-hospital_standardcharges.csv","csv","spreadsheet","618734199","false"
"cc:241c7757-1d78-4308-94c1-f9ac358ac4da:1495be05-e347-467e-af5b-20a0c471d985","cc:241c7757-1d78-4308-94c1-f9ac358ac4da","true","https://ajh.org/832671600_anna-jaques-hospital_standardcharges.json","https://ajh.org/patients-visitors/billing-financial-services/price-transparency","832671600_anna-jaques-hospital_standardcharges.json","json","other","20450505","false"
"cc:241e8409-5345-4a10-aa4d-c4ca3b12f44e:e5249045-a1de-40d9-99b0-c9318b223c22","cc:241e8409-5345-4a10-aa4d-c4ca3b12f44e","true","https://sthpiprd.blob.core.windows.net/machine-readable-files/11331/854153331_eoh-acquisition-group,-llc_standardcharges.csv","https://carewellhealth.org/pricing-and-transparency/","854153331_eoh-acquisition-group,-llc_standardcharges.csv","csv","spreadsheet","67743181","false"
"cc:24338f01-528d-4383-93bd-f497f798ba41:e56407a8-1677-4521-86b2-f18825542ae2","cc:24338f01-528d-4383-93bd-f497f798ba41","true","https://app.box.com/shared/static/c7w66uts1nll45io318d4vb910u2ysnr.csv","https://us.flow-prod.boomi.com/f2a4d421-8a52-4b09-8a4c-8476aae2d651/play/ptt?flow-id=a91f6d2f-a3ad-4257-9185-99463fe7c6a3&flow-version-id=691a537c-ea37-41a1-96ba-24e7272b0047&hospital-id=12","751328354-1851912752_Lynn_County_Hospital_standardcharges.csv","csv","spreadsheet","250677","false"
"cc:2439acf4-5af4-49dd-a952-adc36f01940a:d0a48766-2d53-4829-922d-445204184e39","cc:2439acf4-5af4-49dd-a952-adc36f01940a","true","https://apim.services.craneware.com/api-pricing-transparency/api/public/20c6d05ed42cc9cface0df3db5e3805f/charges/mrf","https://www.kdmc.org/patients-visitors/billing/pricing-transparency/","640333594_Kings-Daughters-Medical-Center_standardcharges.csv","csv","spreadsheet","31512827","false"
"cc:243b9ace-0e0e-4d57-9d08-133acbfbdd13:78541985-976a-4b83-87ae-e6c80a4f9a4b","cc:243b9ace-0e0e-4d57-9d08-133acbfbdd13","true","https://stctrprodsnsvc00455826e6.blob.core.windows.net/pt-final-posting-files/84-1321373_HCA-HEALTHONE-PRESBYTERIAN-ST-LUKES_standardcharges.json?si=pt-json-access-policy&spr=https&sv=2024-11-04&sr=c&sig=o5IofreS%2F7ETlsnhPakPWCwHVVUZRobywQ5wUKGjVuQ%3D","https://www.healthonecares.com/patient-resources/patient-financial-resources/pricing-transparency-cms-required-file-of-standard-charges","84-1321373_HCA-HEALTHONE-PRESBYTERIAN-ST-LUKES_standardcharges.json","json","other","682091221","false"
"cc:245a0f41-a07c-4c30-b5cd-b95c2db8b249:26075628-f0c5-4eba-bcf1-9dd18091e313","cc:245a0f41-a07c-4c30-b5cd-b95c2db8b249","true","https://hospitalpricedisclosure.com/Download.aspx?pxi=kKeNKqg*__*JaoVT6NgHgOmSw*-*&f=iFd*_*cEPwhQHJy3lVvHy9uQ*-*","https://hospitalpricedisclosure.com/Default.aspx?ci=RsbcVwMa5jfnDZuYpIqAxQ*-*","830976641_adventhealth-ottawa_standardcharges.json","json","other","19397727","false"
"cc:245be224-cfea-490f-b973-9c50683ddcf1:2a9cd1bc-d0e7-4d4a-ab4a-2d517a7261a1","cc:245be224-cfea-490f-b973-9c50683ddcf1","true","https://www.midlandhealth.org/Uploads/Public/Documents/Price%20Transparency/751584559_midland-health_standardcharges%20(9).csv","https://www.midlandhealth.org/main/price-transparency","751584559_midland-health_standardcharges (9).csv","csv","spreadsheet","33223746","false"
"cc:246571e7-f6fc-46a6-bd79-d5860acae9a0:014d6cb5-6a2c-48da-b2ec-59bd2517540b","cc:246571e7-f6fc-46a6-bd79-d5860acae9a0","true","https://sthpiprd.blob.core.windows.net/machine-readable-files/100282/376020408-1659321560_washington-county-hospital_standardcharges.csv","https://search.hospitalpriceindex.com/hpi2/machineReadable/WashingtonCountyHospital/100282","376020408-1659321560_washington-county-hospital_standardcharges.csv","csv","spreadsheet","102847834","false"
"cc:2493b54b-3470-4c34-96a2-e2f50203590a:a63e9808-1269-4a43-8201-454a3988ad75","cc:2493b54b-3470-4c34-96a2-e2f50203590a","true","https://hospitalpricedisclosure.com/Download.aspx?pxi=zkz93A*_*EfGBBA9koWjdYHA*-*&f=iFd*_*cEPwhQHJy3lVvHy9uQ*-*","https://nych.com/about-us/hospital-charges","111635081_maimonides-medical-center_standardcharges.json","json","other","128772035","false"
"cc:24a23f2f-ae1d-4c76-84b0-f219a5934c07:22f38aa1-2e68-4315-9b2b-a7d584e7f98a","cc:24a23f2f-ae1d-4c76-84b0-f219a5934c07","true","https://app.box.com/shared/static/4dn2l7totcoraecuy5snli8d4cjiswh2.csv","https://midcoasthealthsystem.org/pricing-transparency","452750258-1942773874_El_Campo_Memorial_Hospital_standardcharges.csv","csv","spreadsheet","639794","false"
"cc:24a512b4-6758-4cff-959b-210d8515388b:a56b70cd-5a37-4c11-83bb-4b956179b50f","cc:24a512b4-6758-4cff-959b-210d8515388b","true","https://media.ecommunity.com/PricingTransparency/Community_Hospital_Fairbanks.csv","https://www.ecommunity.com/central-pricing-office/list-of-standard-charges","Community_Hospital_Fairbanks.csv","csv","spreadsheet","3273930926","false"
"cc:24aa28b8-2c8f-46d7-9c5f-4f29ec97c83b:391dfdb4-33f2-4dce-a465-29bea8476ada","cc:24aa28b8-2c8f-46d7-9c5f-4f29ec97c83b","true","https://app.box.com/shared/static/drjs5oi3qx7eql136nkcsfzwtzjnywsk.csv","https://midcoasthealthsystem.org/pricing-transparency","452750258-1518465616_El_Campo_Memorial_Hospital_standardcharges.csv","csv","spreadsheet","639793","false"
"cc:24ae346f-c9d7-41b1-9de7-a6e29bc4fe37:b5577673-d89a-455f-9922-a3b289f9040b","cc:24ae346f-c9d7-41b1-9de7-a6e29bc4fe37","true","https://www.barlowhospital.org/documents/951647809_barlow-respiratory-hospital_standardcharges.csv","https://www.barlowhospital.org/price-transparency/","951647809_barlow-respiratory-hospital_standardcharges.csv","csv","spreadsheet","5511841","false"
"cc:24b015e8-af44-45a6-9b98-0bd5fa70d44f:9b1d7fdc-3bb9-40bc-bc64-2b9dcbeb531a","cc:24b015e8-af44-45a6-9b98-0bd5fa70d44f","true","https://www.prohealthcare.org/app/files/public/d2facbca-d85c-4971-8ae6-0bf782d58ddf/39-0910727_ProHealth_Care_Mukwonago_Hospital_StandardCharges.csv","https://www.prohealthcare.org/patients-families/cost-of-care/","39-0910727_ProHealth_Care_Mukwonago_Hospital_StandardCharges.csv","csv","spreadsheet","2292239","false"
"cc:24e00078-4dbd-4716-a975-ddf730328c09:72c6cab0-2b64-4f1c-ae19-76fb51f659dc","cc:24e00078-4dbd-4716-a975-ddf730328c09","true","https://resources.selectmedical.com/Pricing-Transparency/critical-illness-recovery/31-1574892_Select_Specialty_Hospital-Cincinnati_standardcharges.csv","https://www.selectspecialtyhospitals.com/patients-and-caregivers/admissions/price-transparency","31-1574892_Select_Specialty_Hospital-Cincinnati_standardcharges.csv","csv","spreadsheet","94259665","false"
"cc:24e5ab92-628f-46ed-be67-4769446fe251:e3bfaa55-ab4d-4937-9cfd-de8b159bac5a","cc:24e5ab92-628f-46ed-be67-4769446fe251","true","https://www.medstarhealth.org/-/media/project/mho/medstar/billing-and-insurance/2026/521369749_1669549614_national_rehabilitation_hospital_inc_standardcharges.csv","https://www.medstarhealth.org/price-transparency-disclosures","521369749_1669549614_National_Rehabilitation_Hospital_Inc_standardcharges.csv","csv","spreadsheet","5016300","false"
"cc:252a4c5a-b69d-4cf2-84d4-425d854c8928:29bac7b9-9285-42cc-aedd-3801f5ff7a93","cc:252a4c5a-b69d-4cf2-84d4-425d854c8928","true","https://rmc.scvh.org/946000533_regional-medical-center_standardcharges.csv","https://rmc.scvh.org/patients-visitors/patient-services/price-transparency-cost-estimator","946000533_regional-medical-center_standardcharges.csv","csv","spreadsheet","100286975","false"
"cc:256989c3-aa58-4772-b38a-428394010190:2efe670f-855e-4698-90a6-13b92eaa18ad","cc:256989c3-aa58-4772-b38a-428394010190","true","https://dallas.kpcph.com/wp-content/uploads/sites/2/2023/11/83-4250847_KPC-Promise-Hospital-of-Dallas_standardcharges.csv","https://dallas.kpcph.com/cms-price-transparency/","83-4250847_KPC-Promise-Hospital-of-Dallas_standardcharges.csv","csv","spreadsheet","456739","false"
"cc:257494d3-62fa-4e2a-9a3c-dd5b0f8301d2:e3bfaa55-ab4d-4937-9cfd-de8b159bac5a","cc:257494d3-62fa-4e2a-9a3c-dd5b0f8301d2","true","https://www.medstarhealth.org/-/media/project/mho/medstar/billing-and-insurance/2026/521369749_1669549614_national_rehabilitation_hospital_inc_standardcharges.csv","https://www.medstarhealth.org/price-transparency-disclosures","521369749_1669549614_National_Rehabilitation_Hospital_Inc_standardcharges.csv","csv","spreadsheet","5016300","false"
"cc:259ce0d3-a239-4057-9d04-4a0799872ce6:4e0b9033-fd52-46ee-8724-e799e9b798bf","cc:259ce0d3-a239-4057-9d04-4a0799872ce6","true","https://sthpiprd.blob.core.windows.net/machine-readable-files/7917/464648465_prospect-chartercare-rwmc%2C-llc_standardcharges.csv","https://search.hospitalpriceindex.com/hpi2/machineReadable/CharterCAREHealthPartnersatRogerWilliams/7917or","464648465_prospect-chartercare-rwmc,-llc_standardcharges.csv","csv","spreadsheet","75510646","false"
"cc:25b978ad-ac60-4668-bc74-34961d78ad0d:ce77b708-91ba-4a53-9eeb-1bf82be4313b","cc:25b978ad-ac60-4668-bc74-34961d78ad0d","true","https://www.avera.org/app/files/public/48d33560-e289-45a1-941b-6e3abb2841cb/426037582_lakes-regional-hospital_standardcharges.csv","https://www.avera.org/patients-visitors/price-transparency/","426037582_lakes-regional-hospital_standardcharges.csv","csv","spreadsheet","1175575","false"
"cc:25def387-545a-4f54-98c5-b93130f0ea98:6366590a-7232-4821-a343-7a7d9c4f99d0","cc:25def387-545a-4f54-98c5-b93130f0ea98","true","https://omh.ny.gov/omhweb/adults/141663311_nysomh_standardcharges.csv","https://omh.ny.gov/omhweb/adults/omh-hospital-pricing-transparency.pdf","141663311_nysomh_standardcharges.csv","csv","spreadsheet","929041","false"
"cc:262c4995-bfc2-4a6b-9c01-113fe68aa6d4:e125cce8-0598-4f14-a7a9-e35a20bee712","cc:262c4995-bfc2-4a6b-9c01-113fe68aa6d4","true","https://images.pricetransparency.healthcare/bronson-south-haven/381676780_bronson-south-haven-hospital_standardcharges.csv","https://www.bronsonhealth.com/help/billing/standard-charges/","381676780_bronson-south-haven-hospital_standardcharges.csv","csv","spreadsheet","107391606","false"
"cc:2644e2e2-46bc-408c-bcb4-303d64221ac6:0d290c2b-8575-4b90-b129-2b582c868423","cc:2644e2e2-46bc-408c-bcb4-303d64221ac6","true","https://hpt.inmediata.com/?handler=DF&d=F9A4AB6C-35D4-4F85-A10B-F990643E0DE8","https://www.sistemamenonita.com/price-transparency","660938154-1659836542_hospital-menonita-culebra_standardcharges.json","json","other","1186061","false"
"cc:2659892e-3be0-463d-b547-96185f4a4fc9:8273f788-9be0-4935-bcc5-5981d8ccef2e","cc:2659892e-3be0-463d-b547-96185f4a4fc9","true","https://hospitalpricetransparencyfiles.com/hb-magruder-memorial-hospital/344441792_HB-Magruder-Memorial-Hospital_standardcharges.csv","https://www.magruderhospital.com/patients-visitors/financial-information/price-transparency/","344441792_HB-Magruder-Memorial-Hospital_standardcharges.csv","csv","spreadsheet","29145904","false"
"cc:265c53b5-e73d-44fc-80fc-80fda4764225:de83d6a5-8edb-4f5a-b89a-7b8d38a2f625","cc:265c53b5-e73d-44fc-80fc-80fda4764225","true","https://hpt.inmediata.com/?handler=DF&d=5FE4121F-ACEC-4F88-A0C6-BF00539EF534","https://www.sistemamenonita.com/price-transparency","660452520-1477622751_hospital-menonita-cidra_standardcharges.json","json","other","1201012","false"
"cc:2670c1f0-8343-468d-9eff-bb5e693d016a:0e325869-0a42-445b-a0cb-b1eb0531f760","cc:2670c1f0-8343-468d-9eff-bb5e693d016a","true","https://us.flow-prod.boomi.com/f2a4d421-8a52-4b09-8a4c-8476aae2d651/play/ptt?join=bae45653-c062-401b-aaa6-46032d365595&hospital-id=80","https://www.ricelandhealthcare.com/","752922928-1376937003_Riceland_Medical_Center_standardcharges.csv","csv","spreadsheet","1446896","false"
"cc:2698428b-9697-40b7-9595-470472074b8d:34740e78-2106-4498-80b3-727a71e536df","cc:2698428b-9697-40b7-9595-470472074b8d","true","https://clariti-health.com/csp/clariti/machinereadable/v2/571145567_Webster-Surgical-Specialty-Hospital-LLC-dba-Memorial-Hermann-Houston-Physicians-Hospital_standardcharges.csv","https://www.houstonphysicianshospital.com/","571145567_Webster-Surgical-Specialty-Hospital-LLC-dba-Memorial-Hermann-Houston-Physicians-Hospital_standardcharges.csv","csv","spreadsheet","117180641","false"
"cc:26aa64af-7ef2-424d-9ad9-f0a159485939:b480df27-ba8c-4b15-a43f-e8adb46690a8","cc:26aa64af-7ef2-424d-9ad9-f0a159485939","true","https://apps.para-hcfs.com/PTT/FinalLinks/RushCounty_V2.aspx#","https://apps.para-hcfs.com/PTT/FinalLinks/RushCounty_V2.aspx","486075805_rush-county-memorial-hospital_standardcharges.csv","csv","spreadsheet","2199573","false"
"cc:26cd01b4-c89f-4611-8207-6a7078a26657:3a8e325e-b42f-49b8-b2ed-fd4e7030eb81","cc:26cd01b4-c89f-4611-8207-6a7078a26657","true","https://www.malvernbh.com/wp-content/uploads/2020/12/MALVERN-BEHAVIORAL-HEALTH-STANDARD-CHARGES.xlsx","https://www.malvernbh.com/admissions/insurance-payment-information/","MALVERN-BEHAVIORAL-HEALTH-STANDARD-CHARGES.xlsx","xlsx","spreadsheet","13899","false"
"cc:26d12fa1-8a3f-4355-b8b8-707805c333e0:24cd6930-97be-4e09-ad90-8bbbc419d0bc","cc:26d12fa1-8a3f-4355-b8b8-707805c333e0","true","https://www.geisinger.org/-/media/onegeisinger/pdfs/ghs/patient-care/patients-and-visitors/billing-and-insurance/hosp-charges-csv/24-0795959_geisinger-medical-center_standardcharges.csv?sc_lang=en&hash=C181A2E3F06B3A912BF687BC642CD2AA","https://www.geisinger.org/patient-care/patients-and-visitors/billing-and-insurance/tools-to-use/shop-services-and-view-hospital-charge-lists","24-0795959_Geisinger-Medical-Center_standardcharges.csv","csv","spreadsheet","360201294","false"
"cc:27057b99-a85a-451e-813c-a3a897a85ef0:afbeda63-ac61-4a0b-91ba-1cc609a28b63","cc:27057b99-a85a-451e-813c-a3a897a85ef0","true","https://mcorgstatic.blob.core.windows.net/cms-price/411404075_mayo-clinic-health-system-owatonna_standardcharges.csv","https://www.mayoclinichealthsystem.org/for-patients-and-visitors/price-transparency","411404075_mayo-clinic-health-system-owatonna_standardcharges.csv","csv","spreadsheet","2354402758","false"
"cc:2716a7e6-19a5-48a2-9785-09b65adc7e59:1e44ecc4-b785-40e3-b40b-2252545076fd","cc:2716a7e6-19a5-48a2-9785-09b65adc7e59","true","https://apim.services.craneware.com/api-pricing-transparency/api/public/d3b6b861569568a87f28dfbc66463efd/charges/mrf","https://www.archildrens.org/patients-and-visitors/billing-and-insurance/financial-assistance","710236857_Arkansas-Childrens-Hospital_standardcharges (2).csv","csv","spreadsheet","66828950","false"
"cc:2727e97f-3b06-45fc-bd67-c09664d0a98c:0ea5ee58-e99a-4c5c-b200-a424734ef07e","cc:2727e97f-3b06-45fc-bd67-c09664d0a98c","true","https://prairieview.org/uploads/media/480642318_PrairieView_standardcharges_1-2024_txt.txt","https://prairieview.org/admissions/price-transparency","480642318_PrairieView_standardcharges_1-2024_txt.txt","txt","unknown","120112","false"
"cc:2773d045-42d6-4ee5-a1f4-57544b9c72cc:1751eca1-30ca-44b2-a233-1e30e28949e4","cc:2773d045-42d6-4ee5-a1f4-57544b9c72cc","true","https://apps.para-hcfs.com/PTT/FinalLinks/Reports.aspx?dbName=dbOLOTBATONROUGELA&type=CDMWithoutLabel&fileType=CSV","https://www.fmolhs.org/locations/greater-baton-rouge/greater-baton-rouge-patients-and-guests/greater-baton-rouge-pricing-transparency","720423651_our-lady-of-the-lake-hospital-inc_standardcharges.csv","csv","spreadsheet","404368817","false"
"cc:2774049e-8e51-42a5-9709-1307349b2ad8:8e85c830-d5c2-480e-a9f7-02d764a32ce1","cc:2774049e-8e51-42a5-9709-1307349b2ad8","true","https://hchdst.slicedhealth.io/home","https://hchdst.slicedhealth.io/home","75-6002888-1437851235_HemphillCountyHospitalDistrict_standardcharges.CSV","csv","spreadsheet","1828315","false"
"cc:277ce80c-be00-4c07-9b27-e567c496e7e2:b8809fe8-37c3-4e2f-90b0-071f6f3036c8","cc:277ce80c-be00-4c07-9b27-e567c496e7e2","true","https://s3.amazonaws.com/assets.bbmconnect.com/Southwell/453072990_SouthwellMedicalCenter_standardcharges.csv","https://mysouthwell.com/chargemaster/","453072990_SouthwellMedicalCenter_standardcharges.csv","csv","spreadsheet","294879948","false"
"cc:27913717-886e-4782-a080-906b807031a4:d6b8c8dc-b6f4-48b2-89c0-f4e7fc4bfe8b","cc:27913717-886e-4782-a080-906b807031a4","true","https://mrfs.hyvehealthcare.com/TenetHealth/954537720_tenet-hospitals-limited_standardcharges.json","https://www.thehospitalsofprovidence.com/patients/pricing-info-estimates/hospital-pricing-information","954537720_tenet-hospitals-limited_standardcharges.json","json","other","3685618","false"
"cc:27989022-1298-40d5-867b-98a4c766ec86:223a6efe-ae27-4218-964f-397786eed3de","cc:27989022-1298-40d5-867b-98a4c766ec86","true","https://www.ozarkshealthcare.com/app/files/public/52216291-e13f-42f5-83b8-dafd675b6cc8/OZH-Price-Transparency-2026-v4.csv","https://www.ozarkshealthcare.com/patient-financial-services/billing--insurance/cost-of-care/","OZH-Price-Transparency-2026-v4.csv","csv","spreadsheet","101355904","false"
"cc:28519645-a88a-4102-83d2-b53684b3bace:c22f7910-5add-4288-ba9b-4f372f4413df","cc:28519645-a88a-4102-83d2-b53684b3bace","true","https://cdn.accureg.net/trans/memorialhospitalchester/37-6020801_Memorial-Hospital---Chester_standardcharges.csv","https://pricetransparency.accureg.net/memorialhospitalchester","37-6020801_Memorial-Hospital---Chester_standardcharges.csv","csv","spreadsheet","18673488","false"
"cc:285405ab-3b5d-442b-8f2c-b4291ca688d8:7fc06f01-6b0d-4bc0-a519-9081de0355df","cc:285405ab-3b5d-442b-8f2c-b4291ca688d8","true","https://gvhospital.org/images/pdfs-doc/GVH_Chargemaster_machine_readable_worksheet_posted_01_01_26.xlsx","https://gvhospital.org/patient-resources/charge-master","GVH_Chargemaster_machine_readable_worksheet_posted_01_01_26.xlsx","xlsx","spreadsheet","827039","false"
"cc:285a2f68-12a3-470d-929b-d3cb35c3865b:befc9843-58bf-491d-a62a-4a415fd9c32a","cc:285a2f68-12a3-470d-929b-d3cb35c3865b","true","https://www.ynhh.org/-/media/Files/YNHHS/sc/06-0646652-Yale_New_Haven_Hospital_Standard_Charges011025-1.ashx","https://www.ynhh.org/patients-visitors/billing-insurance/Pricing","06-0646652 Yale_New_Haven_Hospital_Standard_Charges011025 1.csv","csv","spreadsheet","129638692","false"
"cc:28d5869e-a3a3-4112-80a0-5b13e59f5e82:85d510b2-4064-4d73-be11-6fc7318f8026","cc:28d5869e-a3a3-4112-80a0-5b13e59f5e82","true","https://resources.selectmedical.com/pricing-transparency/critical-illness-recovery/46-3235750_Select_Specialty_Hospital-Daytona_Beach_standardcharges.csv","https://www.selectspecialtyhospitals.com/patients-and-caregivers/admissions/price-transparency/","46-3235750_Select_Specialty_Hospital-Daytona_Beach_standardcharges.csv","csv","spreadsheet","96876884","false"
"cc:28d91af8-0a33-45af-9bb5-dd00d1a9028e:af7b0b0a-ec3a-404a-8b2b-a79377bbb7b7","cc:28d91af8-0a33-45af-9bb5-dd00d1a9028e","true","https://horizonmedcenter.com/wp-content/uploads/2025/07/991436833_horizon-medical-center-of-mckinney_standardcharges.csv","https://horizonmedcenter.com/price-transparency/","991436833_horizon-medical-center-of-mckinney_standardcharges.csv","csv","spreadsheet","7421","false"
"cc:28f54dbc-9b67-44e9-9eca-4eb0dd7905f6:e0f46256-0fd4-40a0-89a1-cdf5d9e64e47","cc:28f54dbc-9b67-44e9-9eca-4eb0dd7905f6","true","https://hospitalpricedisclosure.com/Download.aspx?pi=01WinMDoS5BLgyO*__*cluecg*-*","https://www.mystfrancis.com/price-transparency","475259919_st-francis-hospital---emory-healthcare_standardcharges.json","json","other","38393151","false"
"cc:2902174d-44c2-472f-825f-bfd7c4efd8e4:c05fa1eb-d3d2-4dea-8b01-678a434ddc87","cc:2902174d-44c2-472f-825f-bfd7c4efd8e4","true","https://stctrprodsnsvc00455826e6.blob.core.windows.net/pt-final-posting-files/62-1762537_SUNRISE-HOSPITAL-AND-MEDICAL-CENTER_standardcharges.json?si=pt-json-access-policy&spr=https&sv=2024-11-04&sr=c&sig=o5IofreS%2F7ETlsnhPakPWCwHVVUZRobywQ5wUKGjVuQ%3D","https://www.sunrisehealthinfo.com/patient-resources/patient-financial-resources/pricing-transparency-cms-required-file-of-standard-charges","62-1762537_SUNRISE-HOSPITAL-AND-MEDICAL-CENTER_standardcharges.json","json","other","814459846","false"
"cc:294c584a-a4e0-4f38-85e7-66b4518f619c:46911726-3b0d-462b-b325-5dc8cf51f9ce","cc:294c584a-a4e0-4f38-85e7-66b4518f619c","true","https://stmlevergreenncus001.blob.core.windows.net/public/916018764_SNOHOMISH-COUNTY-PUBLIC-HOSPITAL-DISTRICT-NO1_standardcharges.csv","https://www.evergreenhealth.com/patients-visitors/after-your-visit/billing-financial/cost-estimate/","916018764_SNOHOMISH-COUNTY-PUBLIC-HOSPITAL-DISTRICT-NO1_standardcharges.csv","csv","spreadsheet","25337523","false"
"cc:29657081-4feb-48f1-af59-ddfb51856b26:eb6ec02d-2519-4be8-88fb-9520dfb971ae","cc:29657081-4feb-48f1-af59-ddfb51856b26","true","https://res.cloudinary.com/dpmykpsih/raw/upload/unity-health-2024-site-471/media/r/3f89af930b37423888e03e500f70d4a0/71-0772737_unity-health-white-county-medical-center_standardcharges.csv","https://www.unity-health.org/patients/pricing","71-0772737_unity-health-white-county-medical-center_standardcharges.csv","csv","spreadsheet","35623281","false"
"cc:29b89c30-5b7d-4f42-915d-60bc9be0402b:77d3bcf4-53c4-41f2-bd0d-c322ffa8e086","cc:29b89c30-5b7d-4f42-915d-60bc9be0402b","true","https://stctrprodsnsvc00455826e6.blob.core.windows.net/pt-final-posting-files/75-2482249_HCA-FLORIDA-WESTSIDE-HOSPITAL_standardcharges.json?si=pt-json-access-policy&spr=https&sv=2024-11-04&sr=c&sig=o5IofreS%2F7ETlsnhPakPWCwHVVUZRobywQ5wUKGjVuQ%3D","https://www.hcafloridahealthcare.com/patient-resources/patient-financial-resources/pricing-transparency-cms-required-file-of-standard-charges","75-2482249_HCA-FLORIDA-WESTSIDE-HOSPITAL_standardcharges.json","json","other","496407865","false"
"cc:29e331a7-9026-4242-8ed3-5d00bd686ba9:10e928e3-ff99-4596-a12b-a9bea484284d","cc:29e331a7-9026-4242-8ed3-5d00bd686ba9","true","https://resources.selectmedical.com/Pricing-Transparency/critical-illness-recovery/37-1494333_Select_Specialty_Hospital_Richmond_standardcharges.csv","https://www.selectspecialtyhospitals.com/patients-and-caregivers/admissions/price-transparency/","37-1494333_Select_Specialty_Hospital_Richmond_standardcharges.csv","csv","spreadsheet","62348574","false"
"cc:29ee0e83-25bc-4abc-bcd7-c4de4fc9cdc0:15b9d60d-98f3-41eb-b4fa-f13a84e2abd5","cc:29ee0e83-25bc-4abc-bcd7-c4de4fc9cdc0","true","https://sthpiprd.blob.core.windows.net/machine-readable-files/8063/911352172-1356528269_multicare-deaconess-hospital_standardcharges.csv","https://search.hospitalpriceindex.com/hpi2/machineReadable/DeaconessHospital/8063","911352172-1356528269_multicare-deaconess-hospital_standardcharges.csv","csv","spreadsheet","1139157133","false"
"cc:29f2f602-4c47-471a-a3c1-2a6775e3137f:caca17df-7c5a-476f-8bcf-4ef5b3ad5126","cc:29f2f602-4c47-471a-a3c1-2a6775e3137f","true","https://stctrprodsnsvc00455826e6.blob.core.windows.net/pt-final-posting-files/59-1479652_HCA-FLORIDA-OCALA-HOSPITAL_standardcharges.json?si=pt-json-access-policy&spr=https&sv=2024-11-04&sr=c&sig=o5IofreS%2F7ETlsnhPakPWCwHVVUZRobywQ5wUKGjVuQ%3D","https://www.hcafloridahealthcare.com/patient-resources/patient-financial-resources/pricing-transparency-cms-required-file-of-standard-charges","59-1479652_HCA-FLORIDA-OCALA-HOSPITAL_standardcharges.json","json","other","411179926","false"
"cc:2a1dbefc-6c60-4157-ac16-289035e71ac2:7569ce18-9b05-431f-be80-17a55a71e69e","cc:2a1dbefc-6c60-4157-ac16-289035e71ac2","true","https://sthpiprd.blob.core.windows.net/machine-readable-files/7946/420680452-1396837951_central-iowa-hospital-corporation_standardcharges.csv","https://search.hospitalpriceindex.com/hpi2/machineReadable/UnityPointHealth-IowaMethodistMedicalCenter/7946","420680452-1396837951_central-iowa-hospital-corporation_standardcharges.csv","csv","spreadsheet","241082603","false"
"cc:2a3a97ec-6868-4ea6-b36e-7ee49a58eb1b:fdebd59f-5bf3-4a64-81a9-d3f94f9cbd93","cc:2a3a97ec-6868-4ea6-b36e-7ee49a58eb1b","true","https://hospitalpricedisclosure.com/Download.aspx?pxi=pOyz38FZVoI0HoHi*__*7e*_*VQ*-*&f=1Uqk9sV2mcxtBmvoqWiwog*-*","https://hospitalpricedisclosure.com/default.aspx?ci=fFJE38ye7xsB8Of*_*qxAfVQ*-*","730731338_integris-grove-hospital_standardcharges.csv","csv","spreadsheet","31983722","false"
"cc:2a77f089-bc6d-4118-ad0d-08c0f89b68f7:53f5979d-ee01-4e20-84b9-861145614059","cc:2a77f089-bc6d-4118-ad0d-08c0f89b68f7","true","https://www.parkview.com/-/media/parkview-media/file/price-transparency/350868085_parkview-regional-medical-center_standardcharges.ashx","https://www.parkview.com/patients-and-visitors/billing-and-insurance/request-an-estimate","350868085_parkview-regional-medical-center_standardcharges.csv","csv","spreadsheet","44427882","false"
"cc:2aceff83-ae75-443d-adde-8a36df351912:bd5445c9-c1b3-4d49-850d-de9c999289c0","cc:2aceff83-ae75-443d-adde-8a36df351912","true","https://www.unchealthcare.org/app/files/public/2e60f576-2b27-4564-9489-e01f8e4b81a8/rex-hospital-inc_standardcharges.csv","https://www.unchealth.org/records-insurance/standard-charges","rex-hospital-inc_standardcharges.csv","csv","spreadsheet","46199192","false"
"cc:2af589ce-fbd3-44ce-af1e-25055ffdbdcf:1bd2d809-26d5-4eba-87c0-0cd98cfb4587","cc:2af589ce-fbd3-44ce-af1e-25055ffdbdcf","true","https://hospitalpricedisclosure.com/download.aspx?pi=R*__*SxOuSCwCrcUCJQhmi*_*5A*-*&f=p22CpYLrWLxCnt4HoK7iZA*-*","https://www.orlandohealth.com/patients-and-visitors/patient-financial-resources/financial-information-prior-to-care/pricing-transparency-guide","800764192_orlando-health-central,-inc._standardcharges.json","json","other","69500918","false"
"cc:2af86b7d-a14a-4d95-8ae9-43099838f6fd:214ac775-a928-4d1a-ae8d-37ae39124dd6","cc:2af86b7d-a14a-4d95-8ae9-43099838f6fd","true","https://stctrprodsnsvc00455826e6.blob.core.windows.net/pt-final-posting-files/74-2499952_LAS-PALMAS-MEDICAL-CENTER_standardcharges.json?si=pt-json-access-policy&spr=https&sv=2024-11-04&sr=c&sig=o5IofreS%2F7ETlsnhPakPWCwHVVUZRobywQ5wUKGjVuQ%3D","https://www.laspalmasdelsolhealthcare.com/patient-resources/patient-financial-resources/pricing-transparency-cms-required-file-of-standard-charges","74-2499952_LAS-PALMAS-MEDICAL-CENTER_standardcharges.json","json","other","954832567","false"
"cc:2afecce0-a37f-4a78-998e-01f33347d39b:186bfb6f-35de-472a-bf6b-56ba510db409","cc:2afecce0-a37f-4a78-998e-01f33347d39b","true","https://rca.centaurihs.com/ptapp/api/cdm/export/oneclick?recno=0f29cfd75455d1ead9097328c3e094a89457e2c3083c52041f6674342300e674","https://www.conehealth.com/patients-visitors/patient-financial-services/patient-estimates--charges/","581588823_TheMosesHConeMemorialHospital_standardcharges.csv","csv","spreadsheet","326252301","false"
"cc:2b1c0528-44ce-4297-b269-e128945d64c7:f629fa93-d1c7-4ac3-bf9c-905acfbef063","cc:2b1c0528-44ce-4297-b269-e128945d64c7","true","https://resources.selectmedical.com/pricing-transparency/critical-illness-recovery/25-1813119_Select_Specialty_Hospital-Nashville_standardcharges.csv","https://www.selectspecialtyhospitals.com/patients-and-caregivers/admissions/price-transparency/","25-1813119_Select_Specialty_Hospital-Nashville_standardcharges.csv","csv","spreadsheet","165408728","false"
"cc:2b384f0e-07f7-44a6-915e-c3fd932beaa8:25bede37-6786-4e57-a8d0-2528c920aa5e","cc:2b384f0e-07f7-44a6-915e-c3fd932beaa8","true","https://www.massgeneralbrigham.org/content/dam/mgb-global/en/price-transparency/270273715_Spaulding-Hospital-Continuing-Medical-Care-Cambridge_StandardCharges.zip","https://spauldingrehab.org/patient-support/insurance-billing/hospital-charge-data","270273715_Spaulding-Hospital-Continuing-Medical-Care-Cambridge_StandardCharges.zip","zip","unknown","13795","false"
"cc:2b40aa3b-46c6-490e-8403-de8a87595e0f:d01d2504-4ac0-4466-b8be-e209e4eb0ea3","cc:2b40aa3b-46c6-490e-8403-de8a87595e0f","true","https://wcmhosp.slicedhealth.io/home","https://wcmhosp.slicedhealth.io/home","43-0795215-1194838821_WashingtonCountyMemorialHospital_standardcharges.CSV","csv","spreadsheet","9080900","false"
"cc:2b54ddab-caef-418f-b321-eb0ec4e2c2f1:9da5b5eb-e2dd-46da-8e6d-6bfb51473da9","cc:2b54ddab-caef-418f-b321-eb0ec4e2c2f1","true","https://mrfs.hyvehealthcare.com/RWJBarnabasHealth/223452412_monmouth-medical-center-southern-campus_standardcharges.json","https://www.rwjbh.org/monmouth-medical-center-southern-campus/billing/charges","223452412_monmouth-medical-center-southern-campus_standardcharges.json","json","other","444390236","false"
"cc:2b5df563-49c6-40ba-aa8c-15ef291a3e63:6a573023-71cd-42b9-a2aa-84a5268e0d1b","cc:2b5df563-49c6-40ba-aa8c-15ef291a3e63","true","https://www.stbernards.info/app/files/public/2f022970-8ec2-407a-a8f6-638a90d7e5ff/731547175_lawrence-memorial-health-foundation-inc_standardcharges.csv","https://www.stbernards.info/patients-visitors/cost-of-care","731547175_lawrence-memorial-health-foundation-inc_standardcharges.csv","csv","spreadsheet","57465353","false"
"cc:2b7c1df1-bd62-43e8-b945-fb6beb2ef515:816567f7-33c7-4f23-a3f0-03f20fa0729e","cc:2b7c1df1-bd62-43e8-b945-fb6beb2ef515","true","https://osshealth.com/uploads/docs/800458999_oss-orthopaedic-hospital_standardcharges_2026-04-09-171951_gboz.csv","https://osshealth.com/locations/oss-orthopaedic-hospital","800458999_oss-orthopaedic-hospital_standardcharges_2026-04-09-171951_gboz.csv","csv","spreadsheet","22971049","false"
"cc:2baa5ac3-cf54-4272-836b-989c49ed3f7e:74cd1bb0-7d58-4a99-acc0-5521a2fee514","cc:2baa5ac3-cf54-4272-836b-989c49ed3f7e","true","https://www.hebrewseniorlife.org/sites/default/files/2026-07/hebrew-rehabilitation-center-hospital-standard-charges.csv","https://www.hebrewseniorlife.org/locations/hebrew-rehabilitation-center/financial-information","hebrew-rehabilitation-center-hospital-standard-charges.csv","csv","spreadsheet","5131756","false"
"cc:2bbe5f7e-57a7-4066-aeb0-617166c1221a:278541d8-4762-409d-8084-e2e27fbf67ac","cc:2bbe5f7e-57a7-4066-aeb0-617166c1221a","true","https://www.earlymc.com/wp-content/uploads/2026/06/CHARGEMASTER-1.xlsx","https://www.earlymc.com/price-transparency/","CHARGEMASTER-1_289608.xlsx","xlsx","spreadsheet","232795","false"
"cc:2bbf5d60-2be2-489f-86e3-5c822c3cb8ed:d3762e14-317a-4648-a69f-13bb88dc245d","cc:2bbf5d60-2be2-489f-86e3-5c822c3cb8ed","true","https://friendmed.org/price-transparency/476000549_zimmermedicalclinic_standardcharges.csv","https://friendmed.org/price-transparency","476000549_zimmermedicalclinic_standardcharges.csv","csv","spreadsheet","243610","false"
"cc:2c1bb58c-5c43-49f3-a431-10497abd957a:3ea72acc-54a0-4736-9b6e-041d8be4b5f7","cc:2c1bb58c-5c43-49f3-a431-10497abd957a","true","https://app.box.com/shared/static/gprtuico4h7eu3oxp8ldmo85jgm74zcu.csv","https://us.flow-prod.boomi.com/f2a4d421-8a52-4b09-8a4c-8476aae2d651/play/ptt?flow-id=a91f6d2f-a3ad-4257-9185-99463fe7c6a3&flow-version-id=691a537c-ea37-41a1-96ba-24e7272b0047&hospital-id=52","756001212-1790702371_Yoakum_County_Hospital_standardcharges.csv","csv","spreadsheet","4219795","false"
"cc:2c405c28-0b97-4576-a0fc-4fa61de9d57e:767eb14b-55fe-4633-8381-54bf7d0a6293","cc:2c405c28-0b97-4576-a0fc-4fa61de9d57e","true","https://thecoreinstitutehospital.com/wp-content/uploads/2026/08/2026-THRIVE-CM-MRF.xlsx","https://thecoreinstitutehospital.com/patients-visitors/billing-options","2026-THRIVE-CM-MRF.xlsx","xlsx","spreadsheet","816048","false"
"cc:2c47e544-e9ac-4111-ac29-ce7bbf502a9b:a9f4dd93-b019-4604-be1c-51ece6f7a1b9","cc:2c47e544-e9ac-4111-ac29-ce7bbf502a9b","true","https://www.christushealth.org/-/media/christus-health/plan-care/files/bill-pay/machine-readable-files/750818167_motherfranceshospitalsouthtyler_standardcharges.ashx","https://www.christushealth.org/plan-care/bill-pay/pricing-transparency","750818167_MotherFrancesHospitalSouthTyler_standardcharges.json","json","other","133237084","false"
"cc:2c8b75a4-0f02-41f1-8fce-c6d746c919f5:b0898902-47e6-45dc-8753-6b84db1d26e7","cc:2c8b75a4-0f02-41f1-8fce-c6d746c919f5","true","https://apps.para-hcfs.com/PTT/FinalLinks/Reports.aspx?dbName=dbGCHGUTHRIECENTERIA&type=CDMWithoutLabel&fileType=CSV","https://apps.para-hcfs.com/PTT/FinalLinks/Guthrie_V3.aspx","426037759_guthrie-county-hospital_standardcharges.csv","csv","spreadsheet","8952180","false"
"cc:2ca3ac30-8c66-4652-9760-1a7b2d6bfe41:c39aed7f-3c5c-49c8-96d3-5f371ac896ef","cc:2ca3ac30-8c66-4652-9760-1a7b2d6bfe41","true","https://resources.selectmedical.com/Pricing-Transparency/critical-illness-recovery/20-1186605_Regency_Hospital_of_Minneapolis_standardcharges.csv","https://www.regencyhospital.com/patients-and-caregivers/admissions/price-transparency","20-1186605_Regency_Hospital_of_Minneapolis_standardcharges.csv","csv","spreadsheet","119740284","false"
"cc:2cd3bcbf-f969-430b-9be6-7316a7a188eb:9da5c878-cd8b-46af-ad0c-4daceba7a18a","cc:2cd3bcbf-f969-430b-9be6-7316a7a188eb","true","https://healthcare.ascension.org/-/media/project/ascension/healthcare/price-transparency-files/tx-csv/741109643-1154612638_ascension-seton_standardcharges.zip","https://healthcare.ascension.org/price-transparency","741109643-1154612638_ascension-seton_standardcharges.zip","zip","unknown","243326961","false"
"cc:2cf08256-ea8c-4137-8424-7354d4be962c:8b4f45f5-3ad2-4098-b786-a91c757f8ed7","cc:2cf08256-ea8c-4137-8424-7354d4be962c","true","https://apps.para-hcfs.com/PTT/FinalLinks/Reports.aspx?dbName=dbMGHMORTONWA&type=CDMWithoutLabel&fileType=CSV","https://apps.para-hcfs.com/PTT/FinalLinks/ArborHealth_V3.aspx#","911033860_lewis-county-hospital-district-no-1_standardcharges.csv","csv","spreadsheet","54700517","false"
"cc:2cf39ce2-d0f8-4d81-ba63-9d50772e780d:6524a13f-6499-4998-99a3-8f8de3d3afbc","cc:2cf39ce2-d0f8-4d81-ba63-9d50772e780d","true","https://stctrprodsnsvc00455826e6.blob.core.windows.net/pt-final-posting-files/74-2499952_DEL-SOL-MEDICAL-CENTER_standardcharges.json?si=pt-json-access-policy&spr=https&sv=2024-11-04&sr=c&sig=o5IofreS%2F7ETlsnhPakPWCwHVVUZRobywQ5wUKGjVuQ%3D","https://www.laspalmasdelsolhealthcare.com/patient-resources/patient-financial-resources/pricing-transparency-cms-required-file-of-standard-charges","74-2499952_DEL-SOL-MEDICAL-CENTER_standardcharges.json","json","other","928378384","false"
"cc:2d296de7-166d-455a-9303-c3dbece589ae:019986ea-51a5-4e53-9843-b888c1ade3dc","cc:2d296de7-166d-455a-9303-c3dbece589ae","true","https://sthpiprd.blob.core.windows.net/machine-readable-files/13739/830234097-1487638417_campbell-county-memorial-hospital_standardcharges.csv","https://www.cchwyo.org/resources/as-our-patient/paying-for-care/","830234097-1487638417_campbell-county-memorial-hospital_standardcharges.csv","csv","spreadsheet","24889609","false"
"cc:2d32a6ce-2930-408e-9d6f-ce9f81570434:a8d8f625-9b56-499e-877c-3f0ff696c3e1","cc:2d32a6ce-2930-408e-9d6f-ce9f81570434","true","https://app.box.com/shared/static/vwcxoca690bq31airo1yvdy6610fhbnt.csv","https://us.flow-prod.boomi.com/f2a4d421-8a52-4b09-8a4c-8476aae2d651/play/ptt?flow-id=55c677ad-57f7-4e47-b22f-19d1bb1871bd&flow-version-id=b8a8e92e-d9f0-4528-8ac1-ea41bc658ef9&hospital-id=34","742019736-1417498585_Connally_Memorial_Medical_Center_standardcharges.csv","csv","spreadsheet","23738","false"
"cc:2d757d81-59be-41df-bcbf-4d02506d98f7:fd528fa3-3cc3-4588-a35c-ac88a6acea05","cc:2d757d81-59be-41df-bcbf-4d02506d98f7","true","https://apps.para-hcfs.com/PTT/FinalLinks/Reports.aspx?dbName=dbFHNMemorialIL&type=CDMWithoutLabel&fileType=CSV","https://www.mercyhealthsystem.org/patientsvisitors/billing-information/chargemaster","362181997_freeport-memorial-hospital_standardcharges.csv","csv","spreadsheet","103213020","false"
"cc:2d8c551d-7532-45d1-9d24-bf87f3b02d39:03d1cea8-442d-427b-bc28-7b37cfd4eb8b","cc:2d8c551d-7532-45d1-9d24-bf87f3b02d39","true","https://resources.selectmedical.com/pricing-transparency/critical-illness-recovery/81-2297468_Select_Specialty_Hospital-Tucson_East_standardcharges.csv","https://www.selectspecialtyhospitals.com/patients-and-caregivers/admissions/price-transparency/","81-2297468_Select_Specialty_Hospital-Tucson_East_standardcharges.csv","csv","spreadsheet","86937912","false"
"cc:2d8d0fca-369c-4af5-ac05-ec45e837f97b:c7ad9161-b1ec-4d25-b622-9fc666f79568","cc:2d8d0fca-369c-4af5-ac05-ec45e837f97b","true","https://memorialhermann.org/-/media/memorial-hermann/org/files/patients-and-visitors/cms-standard-hospital-charges/741152597_mhhs-opid-bellaire_standardcharges.csv","https://memorialhermann.org/patients-visitors/patient-services/financial-care/financial-resources/cms-price-transparency-information","741152597_mhhs-opid-bellaire_standardcharges.csv","csv","spreadsheet","2917691","false"
"cc:2dbd6291-479a-40a8-8a58-87b908815b38:f2dbb060-fc57-437e-905e-5e54103a8e46","cc:2dbd6291-479a-40a8-8a58-87b908815b38","true","https://mrfs.hyvehealthcare.com/TenetHealth/752804737_saint-francis-hospital---bartlett%2C-inc._standardcharges.json","https://www.saintfrancishealthsystem.com/patients/pricing-info-estimates/hospital-pricing-information","752804737_saint-francis-hospital---bartlett,-inc._standardcharges.json","json","other","2887078","false"
"cc:2dc0a115-9029-4872-8c26-940f5825d06c:5493e5b0-f97d-49c2-ba29-33d1a6b064a9","cc:2dc0a115-9029-4872-8c26-940f5825d06c","true","https://urldefense.com/v3/__https://hospitalpricedisclosure.com/download.aspx?pi=8TD412ABjMMB7Z3bph2isQ*-*__;Kio!!OwHQNGuS!NNxzc3gzcCDbWC_3aBKJU3Bm28st5mdzWI_DoAkJmDmhsUhsHjB8niD15jvlGIrs7b_d4aR0fJBjowy6rVbgBT6X4QFNpw$","https://urldefense.com/v3/__https://HospitalPriceDisclosure.com/Default.aspx?ci=RsbcVwMa5jfnDZuYpIqAxQ*-*__;Kio!!OwHQNGuS!NNxzc3gzcCDbWC_3aBKJU3Bm28st5mdzWI_DoAkJmDmhsUhsHjB8niD15jvlGIrs7b_d4aR0fJBjowy6rVbgBT5sJPyOLA$","831869297_texas-health-hospital-mansfield_standardcharges.json","json","other","21368315","false"
"cc:2dc5e635-5297-4b00-8d89-08ea6f98cf7d:a8caf1c5-2d62-4bcd-a36f-08f34aa589ca","cc:2dc5e635-5297-4b00-8d89-08ea6f98cf7d","true","https://stctrprodsnsvc00455826e6.blob.core.windows.net/pt-final-posting-files/62-1113737_TRISTAR-CENTENNIAL-MEDICAL-CENTER_standardcharges.json?si=pt-json-access-policy&spr=https&sv=2024-11-04&sr=c&sig=o5IofreS%2F7ETlsnhPakPWCwHVVUZRobywQ5wUKGjVuQ%3D","https://www.tristarhealth.com/patient-resources/patient-financial-resources/pricing-transparency-cms-required-file-of-standard-charges","62-1113737_TRISTAR-CENTENNIAL-MEDICAL-CENTER_standardcharges.json","json","other","654308152","false"
"cc:2dcf91c0-d49a-4dee-8636-acbb35680d10:23089467-3607-47d4-95b9-973598a13d03","cc:2dcf91c0-d49a-4dee-8636-acbb35680d10","true","https://mcorgstatic.blob.core.windows.net/cms-price/411236756_mayo-clinic-health-system-waseca_standardcharges.csv","https://www.mayoclinichealthsystem.org/for-patients-and-visitors/price-transparency","411236756_mayo-clinic-health-system-waseca_standardcharges.csv","csv","spreadsheet","3265021168","false"
"cc:2dd335db-88f7-4b04-8ce4-2fb0c69e648a:241f23b8-2cb5-46cc-9c19-466e1b76505b","cc:2dd335db-88f7-4b04-8ce4-2fb0c69e648a","true","https://mckenziehealth.slicedhealth.io/pricer/00-0000000-1497750608_McKenzieHealthSystem_standardcharges.CSV","https://www.mckenziehealth.org/patients-visitors/billing-insurance","000000000-1497750608_mckenzie-health-system_standardcharges.csv","csv","spreadsheet","11056236","false"
"cc:2dec2e12-4965-4102-85db-99396103c9cd:43b43b92-f9ee-4d3a-9041-62a8d0f5a967","cc:2dec2e12-4965-4102-85db-99396103c9cd","true","https://pricetransparency.healthcare/southern-ohio-medical-center/charges/export","https://www.somc.org/patients-visitors/pricing-cost-estimates/","310678022_southern-ohio-medical-center_standardcharges.csv","csv","spreadsheet","286231551","false"
"cc:2e0838a9-9e07-4c13-b31b-fedd567c496c:4454ddcd-b9a4-41b1-9d5c-5ae1e17dd587","cc:2e0838a9-9e07-4c13-b31b-fedd567c496c","true","https://hospital-pediatrico.vercel.app/machine.json","https://hopu.pr.gov/transparencia-de-precios","machine_986856.json","json","other","513986","false"
"cc:2e0eb8fd-591f-4e22-beee-cdabc675c938:836e51a7-d96b-4217-bbfa-43d5f85f08ca","cc:2e0eb8fd-591f-4e22-beee-cdabc675c938","true","https://resources.selectmedical.com/Pricing-Transparency/inpatient-rehabilitation/82-3481322_banner_rehab_hospital-west_standardcharges.csv","https://www.banner-rehabhospitals.com/patients-and-caregivers/admissions/price-transparency","82-3481322_banner_rehab_hospital-west_standardcharges.csv","csv","spreadsheet","57626963","false"
"cc:2e2a70d3-f0a3-4a38-baf2-c541ecd71d63:56d72f7f-3abb-4d8a-b8d7-c1c0d04951f6","cc:2e2a70d3-f0a3-4a38-baf2-c541ecd71d63","true","https://apps.para-hcfs.com/PTT/FinalLinks/Reports.aspx?dbName=dbAHSHSAINTHELENACA&type=CDMWithoutLabel&fileType=CSV","https://www.adventisthealth.org/patients-and-visitors/price-transparency","941279779_st-helena-hospital_standardcharges.csv","csv","spreadsheet","204302959","false"
"cc:2e8dae14-7021-47fd-b092-13cc96609236:3722695c-bdc2-4c51-9173-72ab7da21d14","cc:2e8dae14-7021-47fd-b092-13cc96609236","true","https://rca.centaurihs.com/ptapp/api/cdm/export/oneclick?recno=6edf78aad4fa620b74412a8d9137863312db433f8b3984653428521e9d7f8fba","https://www.conehealth.com/patients-visitors/patient-financial-services/patient-estimates--charges/","581588823_wesleylonghospital_standardcharges.csv","csv","spreadsheet","326252305","false"
"cc:2eb867a9-19ab-4c14-a75a-098d715c657c:55e0cc60-7bec-4b86-a4c1-1df345975952","cc:2eb867a9-19ab-4c14-a75a-098d715c657c","true","https://www.avera.org/app/files/public/985ab805-8b07-4669-a6de-6f9fa35484d3/460230199_avera-st-marys-hospital_standardcharges.csv","https://www.avera.org/patients-visitors/price-transparency/","460230199_avera-st-marys-hospital_standardcharges.csv","csv","spreadsheet","11007214","false"
"cc:2ed4ea97-c8b6-45ec-8d43-ed8a2be8e79f:17a8893c-825c-4e9d-b8fb-ef781a110ea8","cc:2ed4ea97-c8b6-45ec-8d43-ed8a2be8e79f","true","https://resources.selectmedical.com/Pricing-Transparency/inpatient-rehabilitation/46-2458436_OhioHealth_Rehabilitation_Hospital_standardcharges.csv","https://www.ohiohealth-rehab.com/patients-and-caregivers/admissions/price-transparency","46-2458436_OhioHealth_Rehabilitation_Hospital_standardcharges.csv","csv","spreadsheet","65697184","false"
"cc:2eec15be-7196-4079-9a87-9b758af452c3:3aa6e5cc-2d11-448c-8061-fec60590a11e","cc:2eec15be-7196-4079-9a87-9b758af452c3","true","https://mrfs.hyvehealthcare.com/USPI/202501360-1275593337_community-hospital-llc_standardcharges.csv","https://communityhospitalokc.com/about/hospital-pricing-information","202501360-1275593337_community-hospital-llc_standardcharges.csv","csv","spreadsheet","108658866","false"
"cc:2eff530b-6bf1-450e-84af-07825f33d80b:9ce0d82e-126b-45ea-8d33-fa47ab5c4d1d","cc:2eff530b-6bf1-450e-84af-07825f33d80b","true","https://baycare.org/-/media/project/baycare/consumer-portal/billing-and-insurance/pricing-files-compressed/590724462_WinterHavenHospital_standardcharges.zip","https://baycare.org/billing-and-insurance","590724462_WinterHavenHospital_standardcharges.zip","zip","unknown","7767997","false"
"cc:2f3e0395-4c66-4997-b209-ed7aa5788d3e:e1ad9c46-2e07-47dd-8181-1b6970429f89","cc:2f3e0395-4c66-4997-b209-ed7aa5788d3e","true","https://www.saintfrancis.com/finance/sfh-cms-hpt","https://www.saintfrancis.com/patients-and-guests/billing-and-insurance/standard-hospital-charges","730700090_saint-francis-hospital,-inc_standardcharges.json","json","other","34889316","false"
"cc:2f4a63ee-6260-4166-8529-e25992451251:f12469cc-3619-4361-b152-15815b9c72f5","cc:2f4a63ee-6260-4166-8529-e25992451251","true","https://www.avera.org/app/files/public/14ca39ed-760e-484f-8e7e-19bb3f14df01/460225483_avera-sacred-heart-hospital_standardcharges.csv","https://www.avera.org/patients-visitors/price-transparency/","460225483_avera-sacred-heart-hospital_standardcharges.csv","csv","spreadsheet","3881703","false"
"cc:2f515855-9453-4b46-8870-13410b475ba6:99180429-165d-45b4-a23a-cef7c39d69ec","cc:2f515855-9453-4b46-8870-13410b475ba6","true","https://www.infirmaryhealth.org/documents/price%20transparency%20files/630891904_Thomas-Hospital_standardcharges-2.csv","https://www.infirmaryhealth.org/patients-visitors/community/cms-price-transparency-patient-estimates/","630891904_Thomas-Hospital_standardcharges-2.csv","csv","spreadsheet","166753057","false"
"cc:2f78d703-1f89-493e-88ec-8cb65cfe7fc0:6d6fe037-8724-4706-8fb6-bddef6eb06ea","cc:2f78d703-1f89-493e-88ec-8cb65cfe7fc0","true","https://www.avera.org/app/files/public/ea25130d-fb76-4a5e-b172-c715eb46b09c/420932564_hegg-health-center_standardcharges.csv","https://www.avera.org/patients-visitors/price-transparency/","420932564_hegg-health-center_standardcharges.csv","csv","spreadsheet","4046055","false"
"cc:2fff8b36-eda9-4c1b-8269-793c7c467889:9c033a44-0c6a-44d0-915d-0737cf4392ed","cc:2fff8b36-eda9-4c1b-8269-793c7c467889","true","https://www.denversprings.com/docs/bhdenverspringslibraries/3q26/611777176_denver-springs_standardcharges.csv","https://denversprings.com/resources/accepted-insurance/#price-list","611777176_denver-springs_standardcharges.csv","csv","spreadsheet","176883","false"
"cc:300a0d35-0669-4f4e-bdc2-eef8fcd08d23:343b0779-48bd-4bdb-bd3e-5358a5f56a6a","cc:300a0d35-0669-4f4e-bdc2-eef8fcd08d23","true","https://southwestgeneral.pt.panaceainc.com/MRFDownload/southwestgeneral/southwestgeneral","https://www.swgeneral.com/financial-tools/standard-charge-lists/","340753531_southwest-general-health-center_standardcharges.csv","csv","spreadsheet","451826550","false"
"cc:3010dd5e-b051-4afc-affc-686194cac031:99c1a021-6306-4e02-abe8-8399f1b5ebc9","cc:3010dd5e-b051-4afc-affc-686194cac031","true","https://www.medstarhealth.org/-/media/project/mho/medstar/billing-and-insurance/2026/521369749_1326496456_national_rehabilitation_hospital_inc_standardcharges.csv","https://www.medstarhealth.org/price-transparency-disclosures","521369749_1326496456_National_Rehabilitation_Hospital_Inc_standardcharges.csv","csv","spreadsheet","1058357","false"
"cc:306f3b39-1a20-45a7-b462-65e297add7e7:bc47d362-f60d-41a5-ae9c-bc473e8363a4","cc:306f3b39-1a20-45a7-b462-65e297add7e7","true","https://greeleycounty.slicedhealth.io/home","https://greeley.health/","300078435_greeley-county-health-services_standardcharges.csv","csv","spreadsheet","11900445","false"
"cc:30a0b1da-0760-404b-872f-698f3c33fd8e:1bcc8db2-9e9b-4589-9ae7-ff72bfae1e45","cc:30a0b1da-0760-404b-872f-698f3c33fd8e","true","https://mrfs.hyvehealthcare.com/TenetHealth/452662980-1154618742_vhs-harlingen-hospital-company-llc_standardcharges.json","https://www.valleybaptist.net/patients/pricing-info-estimates/hospital-pricing-information","452662980-1154618742_vhs-harlingen-hospital-company-llc_standardcharges.json","json","other","3331318","false"
"cc:30b11472-ce6a-42ca-a5e6-fdedc006a0c2:97888133-5b15-4819-8b76-50d1161e1be1","cc:30b11472-ce6a-42ca-a5e6-fdedc006a0c2","true","https://www.mymichigan.org/app/files/public/d0da34a3-e899-48e2-8028-7713e4382cbb/380833014_mymichigan-medical-center-midland_standardcharges.csv","https://www.mymichigan.org/patients-visitors/billing-insurance/cost-estimates/","380833014_mymichigan-medical-center-midland_standardcharges.csv","csv","spreadsheet","102606337","false"
"cc:30d27a1d-a8cd-4a34-8652-66f2ae8711d4:880d5bd0-99bb-44d7-935e-0e68f17f3d8a","cc:30d27a1d-a8cd-4a34-8652-66f2ae8711d4","true","https://intermountainhealthcare.org/-/media/files/intermountain-health/locations/hospital-prices/942854057_primary-childrens-hospital_standardcharges.ashx","https://intermountainhealthcare.org/locations/primary-childrens-salt-lake-city/about/standard-charges","942854057_primary-childrens-hospital_standardcharges.zip","zip","unknown","5372261","false"
"cc:30d8c755-6c89-4230-9bed-0cd08f12fd3b:62c07848-32eb-4829-abdf-8658116b0735","cc:30d8c755-6c89-4230-9bed-0cd08f12fd3b","true","https://sthpiprd.blob.core.windows.net/machine-readable-files/8531/941698406_american-hospital-management-corporation_standardcharges.csv","https://search.hospitalpriceindex.com/hpi2/machineReadable/MadRiverCommunityHospital/8531","941698406_american-hospital-management-corporation_standardcharges.csv","csv","spreadsheet","34724913","false"
"cc:3100720d-444d-4178-8a15-cd34117e4e52:e705adeb-b376-4d54-9d13-e4ed2738f829","cc:3100720d-444d-4178-8a15-cd34117e4e52","true","https://hpt.inmediata.com/?handler=DF&d=8083F179-FCAD-4D71-A3E3-567D35C48F26","https://www.sistemamenonita.com/price-transparency","660452520-1316310691_hospital-menonita-comerio_standardcharges.json","json","other","1200869","false"
"cc:31030201-e923-467c-bfbd-f2b49fb5059f:f4be7ad6-56a5-4ba4-97e0-aad2895f4f29","cc:31030201-e923-467c-bfbd-f2b49fb5059f","true","https://www.medstarhealth.org/-/media/project/mho/medstar/billing-and-insurance/2026/521369749_1528061827_national_rehabilitation_hospital_inc_standardcharges.csv","https://www.medstarhealth.org/price-transparency-disclosures","521369749_1528061827_National_Rehabilitation_Hospital_Inc_standardcharges.csv","csv","spreadsheet","10229198","false"
"cc:31195e2b-4363-4ff2-8b0c-64f0e5576c40:365184a0-a0ff-4847-beb0-10bc91f871ea","cc:31195e2b-4363-4ff2-8b0c-64f0e5576c40","true","https://www.wth.org/wp-content/uploads/standard-charges/82-5187448_VH_Standard_Charges.csv","https://www.wth.org/financial-assistance-billing/hospital-charges/","82-5187448_VH_Standard_Charges.csv","csv","spreadsheet","15808917","false"
"cc:316fc925-b0a7-46b9-b552-1741090a9728:ab9e9df2-52e9-4683-928f-7de01f14e72c","cc:316fc925-b0a7-46b9-b552-1741090a9728","true","https://stctrprodsnsvc00455826e6.blob.core.windows.net/pt-final-posting-files/65-0252846_HCA-FLORIDA-FAWCETT-HOSPITAL_standardcharges.json?si=pt-json-access-policy&spr=https&sv=2024-11-04&sr=c&sig=o5IofreS%2F7ETlsnhPakPWCwHVVUZRobywQ5wUKGjVuQ%3D","https://www.hcafloridahealthcare.com/patient-resources/patient-financial-resources/pricing-transparency-cms-required-file-of-standard-charges","65-0252846_HCA-FLORIDA-FAWCETT-HOSPITAL_standardcharges.json","json","other","385049824","false"
"cc:319d8b7e-8ab3-43d0-b33c-96f7aa8e2b12:977466b9-4614-48a3-a2ae-cf1d24956707","cc:319d8b7e-8ab3-43d0-b33c-96f7aa8e2b12","true","https://apps.para-hcfs.com/PTT/FinalLinks/Reports.aspx?dbName=dbLincolnHospitalWA&type=CDMWithoutLabel&fileType=CSV","https://apps.para-hcfs.com/PTT/FinalLinks/Lincoln_V2.aspx","910758051_lincoln-county-hospital-district-3_standardcharges.csv","csv","spreadsheet","28022274","false"
"cc:31b41b1c-bfd0-4b35-8188-e97c841a44c9:9deeaf40-0fcf-43f7-8b55-03b2fed0c500","cc:31b41b1c-bfd0-4b35-8188-e97c841a44c9","true","https://hospitalpricedisclosure.com/Download.aspx?pxi=t46O2wnjRVhoOnpQfKDTmA*-*&f=iFd*_*cEPwhQHJy3lVvHy9uQ*-*","https://swmconline.com/understanding-your-healthcare-costs","621757662_southwestern-medical-center_standardcharges.json","json","other","5156210","false"
"cc:31d11c97-bf3b-4fc0-b082-3c9adb098ca5:25139a8c-6df5-4085-94f4-0e2bfc8a661d","cc:31d11c97-bf3b-4fc0-b082-3c9adb098ca5","true","https://www.fbmcdallas.com/wp-content/uploads/465515662_first-baptist-medical-center_standardcharges.csv","https://www.fbmcdallas.com/financing-options/ ","465515662_first-baptist-medical-center_standardcharges.csv","csv","spreadsheet","675906","false"
"cc:320d933c-85b5-4948-ba93-c675196bc719:fd604e2d-0d17-4cb1-b131-9b262cb97fe2","cc:320d933c-85b5-4948-ba93-c675196bc719","true","https://nchmd.org/wp-content/uploads/590694358_1720085317_naples-community-hospital-inc._standardcharges.json","https://nchmd.org/patients-and-visitors/compare-hospital-pricing/","590694358_1720085317_naples-community-hospital-inc._standardcharges.json","json","other","37315052","false"
"cc:3252d376-451a-4840-8e23-076cad6692c9:59f3776a-4bf4-4c2a-9b4d-f7acbeb74b01","cc:3252d376-451a-4840-8e23-076cad6692c9","true","https://apim.services.craneware.com/api-pricing-transparency/api/public/6210e35c7dd76235f41710d21894e7d1/charges/mrf","https://www.centracare.com/patient-resources/estimates/pricing/","920754820_CentraCare-Health---Benson-LLC_standardcharges.csv","csv","spreadsheet","5987318","false"
"cc:3256710c-da85-416f-a023-46a6965879a0:6d1f3fa4-d393-44a4-9818-80800f5beb89","cc:3256710c-da85-416f-a023-46a6965879a0","true","https://sanjuanhealth.goredde.com/Estimator/Files/87-6000616_San_Juan_Health_Blanding_Clinic_standardcharges.csv","https://sanjuanhealth.goredde.com/estimator","87-6000616_San_Juan_Health_Blanding_Clinic_standardcharges.csv","csv","spreadsheet","177999013","false"
"cc:32698fc9-2597-4020-a7c6-fcf459938da4:235c236c-e9d6-4dfe-9e07-103e141063ee","cc:32698fc9-2597-4020-a7c6-fcf459938da4","true","https://media.ecommunity.com/PricingTransparency/Howard_Community_Surgery_Center.csv","https://www.ecommunity.com/central-pricing-office/list-of-standard-charges","Howard_Community_Surgery_Center.csv","csv","spreadsheet","1939224684","false"
"cc:327c4af4-6a40-40ef-ab12-6eb06ef9d35c:e36111eb-3e75-4584-9fb4-4f5f8988525a","cc:327c4af4-6a40-40ef-ab12-6eb06ef9d35c","true","https://www.firsthealth.org/app/files/public/c8161d8d-00da-4f34-ba95-fcc9c470cf2e/561936354_1740208081_firsthealth-of-the-carolinas-inc._standardcharges.csv","https://www.firsthealth.org/patients-visitors/price-transparency/","561936354_1740208081_firsthealth-of-the-carolinas-inc._standardcharges.csv","csv","spreadsheet","17840524","false"
"cc:32b29779-099a-414a-a2f9-18ebea901af2:9c9d147a-1f45-4cb0-a8e4-52b165b187df","cc:32b29779-099a-414a-a2f9-18ebea901af2","true","https://www.geisinger.org/-/media/onegeisinger/pdfs/ghs/patient-care/patients-and-visitors/billing-and-insurance/hosp-charges-csv/23-2193572_geisinger-bloomsburg-hospital_standardcharges.csv?sc_lang=en&hash=2B6D24A6A9B1011527851B19132E47C2","https://www.geisinger.org/patient-care/patients-and-visitors/billing-and-insurance/tools-to-use/shop-services-and-view-hospital-charge-lists","23-2193572_Geisinger-Bloomsburg-Hospital_standardcharges.csv","csv","spreadsheet","137484176","false"
"cc:32c97b1a-3305-4e7f-b731-8bd87afda27f:2ccae43f-55ca-4dcd-9552-9ee999ffd15c","cc:32c97b1a-3305-4e7f-b731-8bd87afda27f","true","https://www.hopkinsmedicine.org/-/media/patient-care/documents/billing-insurance/charge-fees/450562642_sibley-memorial-hospital_standardcharges.csv","https://www.hopkinsmedicine.org/patient-care/patients-visitors/billing-insurance/pay-bill/charges-fees","450562642_sibley-memorial-hospital_standardcharges.csv","csv","spreadsheet","22229031","false"
"cc:32e9d6a6-0566-4712-b682-e69b838c7e6e:acb76515-b37f-40c9-b6a7-0955a02b9fed","cc:32e9d6a6-0566-4712-b682-e69b838c7e6e","true","https://sthpiprd.blob.core.windows.net/machine-readable-files/7983/410724029-1477525566_riverview-health-association_standardcharges.csv","https://search.hospitalpriceindex.com/hpi2/hospital/riverviewhospital/7983or","410724029-1477525566_riverview-health-association_standardcharges.csv","csv","spreadsheet","118075634","false"
"cc:33310749-0faf-4daf-8073-3132ed548eeb:9c6673e1-dd34-4248-b874-a4bd45d9741b","cc:33310749-0faf-4daf-8073-3132ed548eeb","true","https://memorialhermann.org/-/media/memorial-hermann/org/files/patients-and-visitors/cms-standard-hospital-charges/741152597_memorial-hermann-northeast-hospital_standardcharges.csv","https://memorialhermann.org/patients-visitors/patient-services/financial-care/financial-resources/cms-price-transparency-information","741152597_memorial-hermann-northeast-hospital_standardcharges.csv","csv","spreadsheet","25842922","false"
"cc:3339ca81-395a-4d86-8fca-7149f6a5c3d0:3152a917-0a3f-4f6e-87ef-faf50b2f5930","cc:3339ca81-395a-4d86-8fca-7149f6a5c3d0","true","https://hpt.inmediata.com/?handler=DF&d=D453A1E0-F7A3-4E44-8EF8-53F9812F2EED","https://www.sistemamenonita.com/price-transparency","661021071-1235856253_hospital-menonita-ponce_standardcharges.json","json","other","1443125","false"
"cc:337762dd-5190-447c-a0c1-ce65ef143913:f0a4b1e3-4ccb-4df2-b948-e1dc2247db2f","cc:337762dd-5190-447c-a0c1-ce65ef143913","true","https://apps.para-hcfs.com/PTT/FinalLinks/Reports.aspx?dbName=dbSPMCWALSENBURGCO&type=CDMWithoutLabel&fileType=CSV","https://linkprotect.cudasvc.com/url?a=https%3a%2f%2fapps.para-hcfs.com%2fPTT%2fFinalLinks%2fSpanishPeaks_V2.aspx&c=E,1,lWdk2Njeq9yLCj--ea0H2FWJ8ZPFS08rkRWnO6HggDW1KBvV2cxhsj2qZrPPquz48LMPqUyslt3zgTVNqqfjgXUyEwqlrtWVMkpQLEzGJqW2AuwRwg,,&typo=1","848027322_huerfano-county-hospital-district_standardcharges.csv","csv","spreadsheet","54801185","false"
"cc:33a1b32d-b6a0-4db4-9903-2e9201242914:84554b67-46fc-4b12-9451-53ee371ea23e","cc:33a1b32d-b6a0-4db4-9903-2e9201242914","true","https://apim.services.craneware.com/api-pricing-transparency/api/public/fc339dd35c58584a4313b267cb170a7d/charges/mrf","https://www.henrymayo.com/patients-visitors/billing-insurance-and-financial-assistance/cost-of-care","952821104_Henry-Mayo-Newhall-Hospital_standardcharges.zip","zip","unknown","2663340","false"
"cc:33a60767-96e8-4425-ba2f-65aa1a41c17d:68a4dfeb-7945-4307-9692-acd66a2af301","cc:33a60767-96e8-4425-ba2f-65aa1a41c17d","true","https://intensivespecialty.com/wp-content/uploads/2026/04/83-4071258_ShreveportCampus_IntensiveSpecialtyHospital_Standardcharges.csv","https://intensivespecialty.com/price-transparency","83-4071258_ShreveportCampus_IntensiveSpecialtyHospital_Standardcharges.csv","csv","spreadsheet","1946465","false"
"cc:33ab4d84-3e94-4d41-bb9b-6c31a2e81be5:f4be7ad6-56a5-4ba4-97e0-aad2895f4f29","cc:33ab4d84-3e94-4d41-bb9b-6c31a2e81be5","true","https://www.medstarhealth.org/-/media/project/mho/medstar/billing-and-insurance/2026/521369749_1528061827_national_rehabilitation_hospital_inc_standardcharges.csv","https://www.medstarhealth.org/price-transparency-disclosures","521369749_1528061827_National_Rehabilitation_Hospital_Inc_standardcharges.csv","csv","spreadsheet","10229198","false"
"cc:33b2fcc3-8b7f-453f-b93f-8585e9e39e95:f59ecd23-ba3e-4dd7-b025-7b452fcf71ab","cc:33b2fcc3-8b7f-453f-b93f-8585e9e39e95","true","https://apps.para-hcfs.com/PTT/FinalLinks/Reports.aspx?dbName=dbAHTTULARECA&type=CDMWithoutLabel&fileType=CSV","https://www.adventisthealth.org/patients-and-visitors/price-transparency","946002897_adventist-health-tulare_standardcharges.csv","csv","spreadsheet","428119793","false"
"cc:33b38d91-0b9c-4e8c-8855-b2e061426310:6eefba73-05fe-4150-8e18-bde8c9f8a81d","cc:33b38d91-0b9c-4e8c-8855-b2e061426310","true","https://www.holzer.org/app/files/public/14bb1d43-8efb-465e-acb9-648e3da6c96f/2026_311724085_holzer-medical-center-jackson_standard-charges.json.csv","https://www.holzer.org/patients-visitors/billing-insurance-pricing/price-transparency","2026_311724085_holzer-medical-center-jackson_standard-charges.json.csv","csv","spreadsheet","26952603","false"
"cc:33f405ac-11c1-4b5e-b74e-8358245f9a2f:1c7a78ea-b705-4957-a760-7c10fede01e1","cc:33f405ac-11c1-4b5e-b74e-8358245f9a2f","true","https://resources.selectmedical.com/Pricing-Transparency/critical-illness-recovery/20-5457719_Regency_Hospital_of_Cleveland_East_standardcharges.csv","https://www.regencyhospital.com/patients-and-caregivers/admissions/price-transparency","20-5457719_Regency_Hospital_of_Cleveland_East_standardcharges.csv","csv","spreadsheet","181216721","false"
"cc:3407833d-8bda-4048-b307-24688cb8d66e:9ba44a4a-4bbc-47d7-9a55-cc9516be0d40","cc:3407833d-8bda-4048-b307-24688cb8d66e","true","https://www.cmmc.health/wp-content/uploads/Average-Charges-by-Patient-Group-20251121.csv","https://www.cmmc.health/patients-visitors/cost-of-care/price-transparency","Average-Charges-by-Patient-Group-20251121.csv","csv","spreadsheet","883688","false"
"cc:341f6853-683e-4a82-a5b9-f17553eaf887:ebe2d8c1-9b5a-4521-9649-ba27d8509480","cc:341f6853-683e-4a82-a5b9-f17553eaf887","true","https://www.alamedahealthsystem.org/wp-content/uploads/pricing/943302014_fairmont-hospital_standardcharges.csv","https://www.alamedahealthsystem.org/price-transparency/","943302014_fairmont-hospital_standardcharges.csv","csv","spreadsheet","10927358","false"
"cc:3427df8f-b178-4179-b04d-8f4d93d9b141:e3bfaa55-ab4d-4937-9cfd-de8b159bac5a","cc:3427df8f-b178-4179-b04d-8f4d93d9b141","true","https://www.medstarhealth.org/-/media/project/mho/medstar/billing-and-insurance/2026/521369749_1669549614_national_rehabilitation_hospital_inc_standardcharges.csv","https://www.medstarhealth.org/price-transparency-disclosures","521369749_1669549614_National_Rehabilitation_Hospital_Inc_standardcharges.csv","csv","spreadsheet","5016300","false"
"cc:342c3032-ef12-404d-a91f-9cd81d289f47:86791b81-5723-41d1-b708-492b02f49df7","cc:342c3032-ef12-404d-a91f-9cd81d289f47","true","https://russellmc.pt.panaceainc.com/MRFDownload/russellmc/russellmc","https://russellcares.com/price-transparency","630385130_russell-hospital-corporation_standardcharges.csv","csv","spreadsheet","44754471","false"
"cc:3472438c-d5c1-4c8d-8df1-0ee9544e64cd:b7fdc2bd-d78a-43f0-b4fb-8e323ea75b92","cc:3472438c-d5c1-4c8d-8df1-0ee9544e64cd","true","https://hospitalpricedisclosure.com/Download.aspx?pxi=WJKzY1WfxL9tY*__*rvbuKxvw*-*&f=iFd*_*cEPwhQHJy3lVvHy9uQ*-*","https://hospitalpricedisclosure.com/Default.aspx?ci=N8xgythvokKuG2YIaxWkZg%2A-%2A","310929576_knox-community-hospital_standardcharges.json","json","other","21765323","false"
"cc:349706d1-ea0d-40a6-9568-d44b199548c2:b9102b70-652f-47c0-a242-5dd00130a4e1","cc:349706d1-ea0d-40a6-9568-d44b199548c2","true","https://drive.google.com/file/d/1i8VLp6mat3yGdE69gCIK7aN2J3gClE_E/view","https://sites.google.com/view/svhealthcaredistrict/price-transparency","68-0008034_SurpriseValley_StandardCharges-1 (1).csv","csv","spreadsheet","8736986","false"
"cc:34a008c3-0b76-4ae9-9e2b-e428595c16b1:8f4e89dd-0b43-4b95-8f24-ced654f72440","cc:34a008c3-0b76-4ae9-9e2b-e428595c16b1","true","https://hpt.trinity-health.org/520738041-1245655638_holy-cross-germantown-hospital_standardcharges.zip","https://www.holycrosshealth.org/for-patients/billing-financial-assistance-and-insurance/charge-estimates","520738041-1245655638_holy-cross-germantown-hospital_standardcharges.zip","zip","unknown","105387817","false"
"cc:34c0604e-905f-4d53-b42a-3a74668b3850:e5d83249-4af3-4d05-96af-46ce66a8c4c9","cc:34c0604e-905f-4d53-b42a-3a74668b3850","true","https://sunkentucky.com/files/sun-lexington-standardcharges.csv","https://sunkentucky.com/price-transparency/","sun-lexington-standardcharges.csv","csv","spreadsheet","76740","false"
"cc:350d78cf-4a5b-4afc-8155-e1d43280ae31:60cc2eb1-0ebc-438c-9b1b-187cbeea0b02","cc:350d78cf-4a5b-4afc-8155-e1d43280ae31","true","https://apps.para-hcfs.com/PTT/FinalLinks/Reports.aspx?dbName=dbMSHMCCHICAGOIL&type=CDMWithoutLabel&fileType=CSV","https://www.sinaichicago.org/en/patients-visitors/pricing/","361509000_mount-sinai-hospital-medical-center_standardcharges.csv","csv","spreadsheet","324248502","false"
"cc:3523626d-ca0a-4f3b-8329-81862256fda0:71cbb7ad-5ffc-4fdb-99f0-8c8dc6b6c204","cc:3523626d-ca0a-4f3b-8329-81862256fda0","true","https://sthpiprd.blob.core.windows.net/machine-readable-files/13057/810600548_river-hospital-inc_standardcharges.csv","https://www.riverhospital.org/patient-resources/pricing-transparency","810600548_river-hospital-inc_standardcharges.csv","csv","spreadsheet","319817298","false"
"cc:355e9691-b5b7-4d26-8bce-1f04c1028c06:ab9ec9f0-d4e7-4f01-bb82-7e719efe3010","cc:355e9691-b5b7-4d26-8bce-1f04c1028c06","true","https://www.burke.org/app/files/public/96a8c644-3453-4c30-9c21-aad5871e9bca/131739937_burke-rehabilitation-hospital_standardcharges.csv","https://www.burke.org/patients-visitors/pricing-cost-estimates","131739937_burke-rehabilitation-hospital_standardcharges.csv","csv","spreadsheet","4722796","false"
"cc:359384a3-b807-4451-9347-69342426361d:042ffac3-f3c5-4d46-89c6-bd3261fdc9eb","cc:359384a3-b807-4451-9347-69342426361d","true","https://fcphd.org/910879683_Ferry-County-Health_standardcharges.csv","https://fcphd.org/hospital.html","910879683_Ferry-County-Health_standardcharges.csv","csv","spreadsheet","7690618","false"
"cc:35b4b3da-4054-424d-ad90-57f345130316:e1de293c-4da5-468c-9c01-2ddfd50f8ee9","cc:35b4b3da-4054-424d-ad90-57f345130316","true","https://sthpiprd.blob.core.windows.net/machine-readable-files/8733/390808498_richland-hospital_standardcharges.csv","https://www.richlandhospital.com/patients-visitors/healthcare-pricing-information","390808498_richland-hospital_standardcharges.csv","csv","spreadsheet","100566122","false"
"cc:35e7028d-424e-4d07-a515-4453f14509cd:f947ad21-d390-4540-917b-f5649f4b4b24","cc:35e7028d-424e-4d07-a515-4453f14509cd","true","https://resources.selectmedical.com/Pricing-Transparency/critical-illness-recovery/26-3231685_Select_Specialty_Hospital-Downriver_standardcharges.csv","https://www.selectspecialtyhospitals.com/patients-and-caregivers/admissions/price-transparency","26-3231685_Select_Specialty_Hospital-Downriver_standardcharges.csv","csv","spreadsheet","156202945","false"
"cc:3607bf5b-c1c7-4e97-b110-8f6f9930ac69:14b108eb-5ffb-4b61-aa28-54d8f8643052","cc:3607bf5b-c1c7-4e97-b110-8f6f9930ac69","true","https://resources.selectmedical.com/Pricing-Transparency/critical-illness-recovery/16-1647691_Regency_Hospital_of_Porter_standardcharges.csv","https://www.regencyhospital.com/patients-and-caregivers/admissions/price-transparency","16-1647691_Regency_Hospital_of_Porter_standardcharges.csv","csv","spreadsheet","97935720","false"
"cc:362bfb3b-6fff-469f-a4a4-a05441ca8140:7ad3cd9c-10b3-4be5-b3e7-920b40793f75","cc:362bfb3b-6fff-469f-a4a4-a05441ca8140","true","https://edge.sitecorecloud.io/sutterhealt962c-sutterhealt8fce-production57cc-4860/media/Project/SutterHealth/SutterHealth/Files/billing-insurance/costs-and-charges/940562680-1952634008_sutter-lakeside-hospital_standardcharges.csv","https://www.sutterhealth.org/billing-insurance/costs-and-charges/cost-transparency","940562680-1952634008_sutter-lakeside-hospital_standardcharges.csv","csv","spreadsheet","4894522","false"
"cc:369007c5-35cd-40e8-8d35-22a52c910434:c330ee5e-e9ad-4587-b15e-ca571af0752f","cc:369007c5-35cd-40e8-8d35-22a52c910434","true","https://apps.para-hcfs.com/PTT/FinalLinks/Reports.aspx?dbName=dbJHCCOLUMBIAKY&type=CDMWithoutLabel&fileType=CSV","https://www.tjregionalhealth.org/patients-visitors/billing-insurance-pricing/price-lists","610461767_t-j-health-columbia-inc_standardcharges.csv","csv","spreadsheet","33417903","false"
"cc:369fdb8f-ad6a-48fa-a09d-64c62fd81520:757386f0-0442-47d7-8c79-46e62030f118","cc:369fdb8f-ad6a-48fa-a09d-64c62fd81520","true","https://d3crna64wemw02.cloudfront.net/asset/339713052848/document_ej79pildt52ol8kh9agq2i0b3p/571098556_musc-lancaster-medical-center_standardcharges","https://muschealth.org/patients-visitors/billing/costs-price-transparency","571098556_musc-lancaster-medical-center_standardcharges","","unknown","40041930","false"
"cc:36c13af0-7a48-4115-8985-791decb8f785:4cf218e8-9508-4b53-9d41-483f6aca1a39","cc:36c13af0-7a48-4115-8985-791decb8f785","true","https://www.pcmhosp.com/_files/ugd/715aec_bcdff3c73b64415b8485139001e17eb7.csv?dn=430794461_putnam-county-memorial-hospital_standardcharges.csv.csv","https://www.pcmhosp.com/","430794461_putnam-county-memorial-hospital_standardcharges.csv.csv","csv","spreadsheet","4932593","false"
"cc:36cc3f01-f3d8-4762-9d2b-577086257201:8854b1fc-5592-455c-9db7-4972200b07e4","cc:36cc3f01-f3d8-4762-9d2b-577086257201","true","https://www.forresthealth.org/app/files/public/fb8adc30-36e7-4976-85a7-b3f82806f47a/646001587_Pearl-River-County-Hospital_standardcharges.csv","https://www.forresthealth.org/patients-visitors/billing-financial-information/price-transparency","646001587_Pearl-River-County-Hospital_standardcharges.csv","csv","spreadsheet","1599636","false"
"cc:36f133bc-eed5-4ee5-ac45-6e8006886b95:df1046e9-41f1-498e-9ca7-22dfcf9623d7","cc:36f133bc-eed5-4ee5-ac45-6e8006886b95","true","https://dbhdd.georgia.gov/media/25826/download","https://dbhdd.georgia.gov/be-caring/state-hospital-price-transparency","943473160_georgia-regional-hospital---savannah_standardcharges_0.csv","csv","spreadsheet","69835","false"
"cc:370305d4-54ee-47b2-b2c5-95cff196f41e:9f553931-bf13-45c4-b56b-2e326abed7b7","cc:370305d4-54ee-47b2-b2c5-95cff196f41e","true","https://mrfs.hyvehealthcare.com/TenetHealth/621811285-1447898622_vhs-of-arrowhead%2C-inc_standardcharges.json","https://www.abrazohealth.com/patients/pricing-info-estimates/hospital-pricing-information","621811285-1447898622_vhs-of-arrowhead,-inc_standardcharges.json","json","other","55235025","false"
"cc:37229491-bc43-458d-922b-4a03f41ecd23:254dbb17-93e6-4738-af61-45d72c18e765","cc:37229491-bc43-458d-922b-4a03f41ecd23","true","https://roxboroughmemorial.com/wp-content/uploads/2026/04/454246163_RoxboroughMemorialHospital_standardcharges.JSON","https://roxboroughmemorial.com/financial-assistance","454246163_RoxboroughMemorialHospital_standardcharges.json","json","other","30114306","false"
"cc:3774750b-ece7-46fc-8705-e1de353ef89c:3e77ea6e-abb4-421b-8e97-ce7c1ebc912b","cc:3774750b-ece7-46fc-8705-e1de353ef89c","true","https://sthpiprd.blob.core.windows.net/machine-readable-files/10968/596012065_broward-health-imperial-point_standardcharges.csv","https://search.hospitalpriceindex.com/hpi2/hospital/BrowardHealthImperialPoint/10968","596012065_broward-health-imperial-point_standardcharges.csv","csv","spreadsheet","244442327","false"
"cc:3796685b-0a09-4d94-884e-b9918d03db73:64a1fd8b-940f-4dc2-9eff-a0d3473f7314","cc:3796685b-0a09-4d94-884e-b9918d03db73","true","https://cdn.iuhealth.org/resources/352090919_indiana-university-health-paoli-inc._standardcharges.zip","https://iuhealth.org/schedule-an-appointment/price-estimates/standard-charge-listing","352090919_indiana-university-health-paoli-inc._standardcharges.zip","zip","unknown","64127359","false"
"cc:37b7c8e7-2c7d-4de2-9a77-8a757727dd2d:3017f915-55aa-4b36-ba6b-8500858ec619","cc:37b7c8e7-2c7d-4de2-9a77-8a757727dd2d","true","https://www.marshfieldclinic.org/mPatientResources/Documents/810977948_marshfield-medical-center--eau-claire_standardcharges.zip","https://www.marshfieldclinic.org/patient-resources/billing/cms-hospital-transparency-requirement","810977948_marshfield-medical-center--eau-claire_standardcharges.zip","zip","unknown","37865773","false"
"cc:37bd1c3d-2ad0-41eb-8315-6acedae33e54:edbfd955-1f47-4266-a1d1-0169253135cd","cc:37bd1c3d-2ad0-41eb-8315-6acedae33e54","true","https://uhsfilecdn.eskycity.net/bh/621837606_compass_standardcharges.csv","https://compassinterventioncenter.net/standard-services/","621837606_compass_standardcharges.csv","csv","spreadsheet","10138","false"
"cc:37fe3c22-31bc-4b4c-92e3-b16dbf2b5c74:4f50d471-871e-44ae-9e70-0ce53e50f13d","cc:37fe3c22-31bc-4b4c-92e3-b16dbf2b5c74","true","https://apps.para-hcfs.com/PTT/FinalLinks/Reports.aspx?dbName=dbSFMCMONROELA&type=CDMWithoutLabel&fileType=CSV","https://fmolhs.org/patients-guests/fmolhs-price-transparency","721294751_st-francis-medical-center-inc_standardcharges.csv","csv","spreadsheet","118240240","false"
"cc:382c157f-4360-4b56-b368-75af21d82a3d:e8a9e3e3-d461-4a6f-8ffc-319d83ffdc4b","cc:382c157f-4360-4b56-b368-75af21d82a3d","true","https://apps.para-hcfs.com/PTT/FinalLinks/Reports.aspx?dbName=dbOLOLLAFAYETTELA&type=CDMWithoutLabel&fileType=CSV","https://www.fmolhs.org/patients-guests/fmolhs-price-transparency","720423635_our-lady-of-lourdes-reg-med-center_standardcharges.csv","csv","spreadsheet","291087105","false"
"cc:384f1e83-7c4d-4015-b109-c5bc92a63db2:d294d1aa-1153-4261-b6b8-b168901c5dc9","cc:384f1e83-7c4d-4015-b109-c5bc92a63db2","true","https://sthpiprd.blob.core.windows.net/machine-readable-files/10967/596012065_broward-health-coral-springs_standardcharges.csv","https://search.hospitalpriceindex.com/hpi2/hospital/BrowardHealthCoralSprings/10967","596012065_broward-health-coral-springs_standardcharges.csv","csv","spreadsheet","326893283","false"
"cc:388fa96f-10e3-477a-a58a-7571cc1a43d3:4d6c3901-3b77-47a6-a011-bfaeb131a9a0","cc:388fa96f-10e3-477a-a58a-7571cc1a43d3","true","https://www.lifebridgehealth.org/sites/default/files/2026-04/52-1372665_Northwest-Hospital-Center_standardcharges.csv","https://www.lifebridgehealth.org/patients/price-transparency","52-1372665_Northwest-Hospital-Center_standardcharges.csv","csv","spreadsheet","3123769","false"
"cc:389592d4-3818-4ad1-a605-3e7393f9339f:e9a8dd1d-37e1-49ee-8ee9-ff266dba8796","cc:389592d4-3818-4ad1-a605-3e7393f9339f","true","https://stctrprodsnsvc00455826e6.blob.core.windows.net/pt-final-posting-files/62-1600397_MOUNTAINVIEW-HOSPITAL-AND-MEDICAL-CENTER_standardcharges.json?si=pt-json-access-policy&spr=https&sv=2024-11-04&sr=c&sig=o5IofreS%2F7ETlsnhPakPWCwHVVUZRobywQ5wUKGjVuQ%3D","https://www.sunrisehealthinfo.com/patient-resources/patient-financial-resources/pricing-transparency-cms-required-file-of-standard-charges","62-1600397_MOUNTAINVIEW-HOSPITAL-AND-MEDICAL-CENTER_standardcharges.json","json","other","474811869","false"
"cc:38b840d6-2762-4dd0-a66d-8757d9e70fa2:4f1bd3ef-b50c-42bd-a969-74d0c7c80a5e","cc:38b840d6-2762-4dd0-a66d-8757d9e70fa2","true","https://mrfs.hyvehealthcare.com/TenetHealth/760714523-1740959949_vhs-san-antonio-partners-llc_standardcharges.json","https://www.baptisthealthsystem.com/patients/pricing-info-estimates/hospital-pricing-information","760714523-1740959949_vhs-san-antonio-partners-llc_standardcharges.json","json","other","3526643","false"
"cc:38dcca4a-c956-441e-96e5-1d2da4a7a6cc:15e0cd1b-fcf1-4c8e-8de4-ad1e0836b441","cc:38dcca4a-c956-441e-96e5-1d2da4a7a6cc","true","https://www.massgeneralbrigham.org/content/dam/mgb-global/en/price-transparency/042103591_Massachusetts-Eye-and-Ear_StandardCharges.zip","https://www.masseyeandear.org/billing/charge-listing","042103591_Massachusetts-Eye-and-Ear_StandardCharges.zip","zip","unknown","295665","false"
"cc:38e114ff-3972-48c1-a57b-95c5f8320e81:37f72de5-8f24-4c37-8847-1a6354247f7e","cc:38e114ff-3972-48c1-a57b-95c5f8320e81","true","https://assets.contentstack.io/v3/assets/blt3055f692fe7bf193/bltb25190fc19091aa7/381405141_1740230648_oakwood-healthcare-inc_standardcharges-1.csv","https://corewellhealth.org/billing/price-estimates","381405141_1740230648_oakwood-healthcare-inc_standardcharges-1.csv","csv","spreadsheet","33301324","false"
"cc:3915e800-de0e-446b-b26b-26e17654d3c8:39bb8dce-5fec-41eb-aeb2-82073e65eb8c","cc:3915e800-de0e-446b-b26b-26e17654d3c8","true","https://apps.para-hcfs.com/PTT/FinalLinks/Reports.aspx?dbName=dbSRHCHICAGOIL&type=CDMWithoutLabel&fileType=CSV","https://www.sinaichicago.org/en/patients-visitors/pricing/","362179802_schwab-rehabilitation-hospital-and-care-network_standardcharges.csv","csv","spreadsheet","3293557","false"
"cc:391b8d0b-9ee3-47a9-ac01-9381f3c116a7:92d90ba1-c195-4c03-b91f-eb166fe14f53","cc:391b8d0b-9ee3-47a9-ac01-9381f3c116a7","true","https://resources.selectmedical.com/Pricing-Transparency/critical-illness-recovery/25-1885943_Select_Specialty_Hospital-Harrisburg_standardcharges.csv","https://www.selectspecialtyhospitals.com/patients-and-caregivers/admissions/price-transparency","25-1885943_Select_Specialty_Hospital-Harrisburg_standardcharges.csv","csv","spreadsheet","166751899","false"
"cc:3922b18b-558e-4790-8d75-6ff6b08bfd92:06984e83-8921-4071-bcbb-37fd6ad09df4","cc:3922b18b-558e-4790-8d75-6ff6b08bfd92","true","https://apps.para-hcfs.com/PTT/FinalLinks/Reports.aspx?dbName=dbPMCPETERSBURGAK&type=CDMWithoutLabel&fileType=CSV","https://apps.para-hcfs.com/PTT/FinalLinks/Petersburg_V3.aspx","926001607_the-petersburg-medical-center_standardcharges.csv","csv","spreadsheet","1350540","false"
"cc:3937d575-950a-4474-85b4-d75e17aacf0d:d39bd7c3-7219-45c1-95de-53e13de25d49","cc:3937d575-950a-4474-85b4-d75e17aacf0d","true","https://mrfs.hyvehealthcare.com/TenetHealth/760714523-1831868033_vhs-san-antonio-partners-llc_standardcharges.json","https://www.baptisthealthsystem.com/patients/pricing-info-estimates/hospital-pricing-information","760714523-1831868033_vhs-san-antonio-partners-llc_standardcharges.json","json","other","3526646","false"
"cc:396097ad-c7bb-4be1-9de6-17728f4ffc5e:a1dfe194-605c-4428-bb84-a382d67f2033","cc:396097ad-c7bb-4be1-9de6-17728f4ffc5e","true","https://mcorgstatic.blob.core.windows.net/cms-price/410797368_mayo-clinic-health-system-st-james_standardcharges.csv","https://www.mayoclinichealthsystem.org/for-patients-and-visitors/price-transparency","410797368_mayo-clinic-health-system-st-james_standardcharges.csv","csv","spreadsheet","3063034792","false"
"cc:39a7fc8f-96c5-4609-aacc-49698d2820ec:27478e6d-432d-4162-a2cc-cba7bc1d22c5","cc:39a7fc8f-96c5-4609-aacc-49698d2820ec","true","https://cmt-pr.com/PriceTransparency/Data/Humacao/660465905_Hima-San-Pablo-Humacao_standardcharges.json","https://himasanpablo.com/price-transparency/","660465905_Hima-San-Pablo-Humacao_standardcharges.json","json","other","172716866","false"
"cc:39add6ac-7a21-4df2-a7b8-7a62e2bec636:0cb26361-c425-4e48-900b-d96ec47b4dc1","cc:39add6ac-7a21-4df2-a7b8-7a62e2bec636","true","https://dam.upmc.com/-/media/upmc/locations/hospitals/documents/cdm-json-files/250965480_upmc-presbyterian-shadyside_standardcharges.csv?la=en&rev=43db47a4167a468285c99ca520d55919&hash=335CEC051E16A10A8A3EEABD6AE79944","https://www.upmc.com/locations/hospitals/presbyterian/patients-visitors/patient-information/cdm","250965480_upmc-presbyterian-shadyside_standardcharges.csv","csv","spreadsheet","309136592","false"
"cc:3a06df28-2d82-4a34-8f3a-104cc7f9a94a:0af75232-2d82-4790-8f72-61983edef10d","cc:3a06df28-2d82-4a34-8f3a-104cc7f9a94a","true","https://apps.para-hcfs.com/PTT/FinalLinks/Reports.aspx?dbName=dbGVHGUNNISONCO&type=CDMWithoutLabel&fileType=CSV","https://apps.para-hcfs.com/PTT/FinalLinks/Gunnison_V2.aspx","846008116_gunnison-valley-hospital_standardcharges.csv","csv","spreadsheet","36142012","false"
"cc:3a1afe13-78e4-4080-8739-69226dafa7b7:3bfdbd0c-b91d-4a82-b6fd-b8e05751c98b","cc:3a1afe13-78e4-4080-8739-69226dafa7b7","true","https://baystatehealth.canto.com/direct/document/9mbno6q5r534b6hsjqngtc1v2e/5K1Dd9MOsvrv8GzWqh3GmAZK3bU/original?content-type=text%2Fcsv&name=042103575_baystate-franklin-medical-center_standardcharges.csv","https://www.baystatehealth.org/patients-and-visitors/healthcare-prices-and-billing/hospital-standard-charges","042103575_baystate-franklin-medical-center_standardcharges.csv","csv","spreadsheet","311933607","false"
"cc:3a26e6bf-a1cb-42dc-8448-7fe6906c8e1f:3f06a95f-4a36-40a5-8fc0-efe1a63a48ae","cc:3a26e6bf-a1cb-42dc-8448-7fe6906c8e1f","true","https://www.northbay.org/upload/941458282_northbay-vacavalley-hospital_standardcharges.json","https://www.northbay.org/patients-visitors/price-transparency.html","941458282_northbay-vacavalley-hospital_standardcharges.json","json","other","22010486","false"
"cc:3a3a9d9c-adab-4001-9d71-f45867a6cf99:ae0b5959-ec6d-4cb6-8414-cf01392ccb42","cc:3a3a9d9c-adab-4001-9d71-f45867a6cf99","true","https://www.henryford.com/-/media/files/henry-ford/patients-visitors/price-transparency-06-26/381357020-1134144801_henry-ford-health-system_standardcharges.csv","https://www.henryford.com/visitors/billing/cost-of-care/hospital-standard-charges","381357020-1134144801_henry-ford-health-system_standardcharges.csv","csv","spreadsheet","1297510394","false"
"cc:3a571e23-4209-443d-a54d-7d447aa678c4:cb132bb8-b139-4612-b6f7-4d1b8730b1eb","cc:3a571e23-4209-443d-a54d-7d447aa678c4","true","https://resources.selectmedical.com/Pricing-Transparency/critical-illness-recovery/73-1678377_Select_Specialty_Hospital-Alle_Kiski_standardcharges.csv","https://www.selectspecialtyhospitals.com/patients-and-caregivers/admissions/price-transparency","73-1678377_Select_Specialty_Hospital-Alle_Kiski_standardcharges.csv","csv","spreadsheet","77476901","false"
"cc:3a9f367c-7769-4d5a-a178-00348b4041d2:ffb9ca10-3d77-4bd1-b565-c850e9f64514","cc:3a9f367c-7769-4d5a-a178-00348b4041d2","true","https://sterlingtonrehab.com/wp-content/uploads/2026/07/STERLNGTON-REHAB-STANDARD-CHARGES-1in.csv","https://sterlingtonrehab.com/price-transparency","STERLNGTON-REHAB-STANDARD-CHARGES-1in.csv","csv","spreadsheet","28966070","false"
"cc:3ae1ca96-723b-4421-a85f-d6563a7a23ce:952556f0-2ab9-4e74-be3a-256eabf946f1","cc:3ae1ca96-723b-4421-a85f-d6563a7a23ce","true","https://mrfs.hyvehealthcare.com/TenetHealth/621861200_vhs-acquisition-subsidiary-number-9-inc_standardcharges.json","https://www.mwmc.com/patients/pricing-info-estimates/hospital-pricing-information","621861200_vhs-acquisition-subsidiary-number-9-inc_standardcharges.json","json","other","36776145","false"
"cc:3afe4313-49f6-4c34-b9d9-09c6dace95d2:959c2647-5e60-481c-903e-dea407231103","cc:3afe4313-49f6-4c34-b9d9-09c6dace95d2","true","https://res.cloudinary.com/dpmykpsih/raw/upload/southeast-georgia-site-441/media/r/3973089e73b74845a679c5863cedd135/581911751_southeast-georgia-health-system-brunswick-campus_standardcharg.csv","https://www.sghs.org/patients-visitors/billing-information/understanding-health-care-pricing/","581911751_southeast-georgia-health-system-brunswick-campus_standardcharg.csv","csv","spreadsheet","43834226","false"
"cc:3b280996-8bcf-4869-9dc5-f76133d57b7b:351e044a-1e6a-4817-8db2-db97b8d7bcd6","cc:3b280996-8bcf-4869-9dc5-f76133d57b7b","true","https://dch.pt.panaceainc.com/MRFDownload/dch/rmc","https://www.dchsystem.com/patient-visitor/understanding-the-cost-of-your-care/chargemaster/list-of-charges/","636000271_the-dch-healthcare-authority_standardcharges.csv","csv","spreadsheet","275110186","false"
"cc:3b3ee277-75e3-45b1-b000-00dae1020f2f:50727767-a1cb-4877-bd1c-9518964935e6","cc:3b3ee277-75e3-45b1-b000-00dae1020f2f","true","https://www.concordhospital.org/app/files/public/1bba764e-2c94-41f7-92c0-d03f4198f472/222594672_concord-hospital-inc._standardcharges.csv","https://www.concordhospital.org/patients-visitors/cost-of-care-estimates","222594672_concord-hospital-inc._standardcharges.csv","csv","spreadsheet","199646043","false"
"cc:3b4f900d-ad94-4084-9d24-55abeb73b4b1:10b6d486-8811-4fef-b0eb-e3a5f532c6b5","cc:3b4f900d-ad94-4084-9d24-55abeb73b4b1","true","https://stctrprodsnsvc00455826e6.blob.core.windows.net/pt-final-posting-files/62-1682198_MEDICAL-CITY-DALLAS_standardcharges.json?si=pt-json-access-policy&spr=https&sv=2024-11-04&sr=c&sig=o5IofreS%2F7ETlsnhPakPWCwHVVUZRobywQ5wUKGjVuQ%3D","https://medicalcityhealthcare.com/about/legal/pricing-transparency-cms-required-file-of-standard-charges.dot","62-1682198_MEDICAL-CITY-DALLAS_standardcharges.json","json","other","1050715330","false"
"cc:3b57de85-2b9e-4619-b723-82e63ebbe25c:572fe873-0001-4ac2-838d-e82d7ff5720f","cc:3b57de85-2b9e-4619-b723-82e63ebbe25c","true","https://sthpiprd.blob.core.windows.net/machine-readable-files/11039/383743546_post-acute-medical-at-san-antonio-llc_standardcharges.csv","https://search.hospitalpriceindex.com/hpi2/machineReadable/pamWarmSpringsSanAntonio/11039","383743546_post-acute-medical-at-san-antonio-llc_standardcharges.csv","csv","spreadsheet","125561042","false"
"cc:3b88c438-6326-4e6d-a11f-cb42713c7069:7fff8df7-36ba-4bbd-9606-8e83e4986907","cc:3b88c438-6326-4e6d-a11f-cb42713c7069","true","https://griffinhealth.pt.panaceainc.com/MRFDownload/griffinhealth/griffinhealth","https://www.griffinhealth.org/griffin-hospital/billing-insurance/cms-hospital-price-transparency/","60647014_griffin-hospital_standardcharges.csv","csv","spreadsheet","167861099","false"
"cc:3c182c33-e629-43c8-957c-6af833f74fba:c67337b0-6ebb-444e-91a6-8cd6adef109f","cc:3c182c33-e629-43c8-957c-6af833f74fba","true","https://stctrprodsnsvc00455826e6.blob.core.windows.net/pt-final-posting-files/59-2047041_HCA-FLORIDA-TRINITY-HOSPITAL_standardcharges.json?si=pt-json-access-policy&spr=https&sv=2024-11-04&sr=c&sig=o5IofreS%2F7ETlsnhPakPWCwHVVUZRobywQ5wUKGjVuQ%3D","https://www.hcafloridahealthcare.com/patient-resources/patient-financial-resources/pricing-transparency-cms-required-file-of-standard-charges","59-2047041_HCA-FLORIDA-TRINITY-HOSPITAL_standardcharges.json","json","other","391604930","false"
"cc:3c4dbd32-1db4-4fc0-a293-e922891f4266:5bab658f-3224-4e93-b1ba-90eccdf2af0a","cc:3c4dbd32-1db4-4fc0-a293-e922891f4266","true","https://stctrprodsnsvc00455826e6.blob.core.windows.net/pt-final-posting-files/62-0840204_PARKRIDGE-MEDICAL-CENTER_standardcharges.json?si=pt-json-access-policy&spr=https&sv=2024-11-04&sr=c&sig=o5IofreS%2F7ETlsnhPakPWCwHVVUZRobywQ5wUKGjVuQ%3D","https://parkridgehealth.com/about/legal/pricing-transparency-cms-required-file-of-standard-charges.dot","62-0840204_PARKRIDGE-MEDICAL-CENTER_standardcharges.json","json","other","595600184","false"
"cc:3c5ea899-33ad-4ac1-a00a-e015cdee9eb6:7a76ca72-d7a0-4d16-9dbd-7463ab2feeb7","cc:3c5ea899-33ad-4ac1-a00a-e015cdee9eb6","true","https://lcmchealthfiles.blob.core.windows.net/mrf/PricingTransparency-Touro%20Hospital-2026-07-01%2008_50_10.csv","https://www.lcmchealth.org/for-patients/financial-assistance/price-transparency/","PricingTransparency-Touro Hospital-2026-07-01 08_50_10.csv","csv","spreadsheet","1816630757","false"
"cc:3c7d488d-dda0-4c03-b5ef-9d47009c59ee:e2944628-bc40-4753-a7bb-2c92beba1b95","cc:3c7d488d-dda0-4c03-b5ef-9d47009c59ee","true","https://georgeregional.com/wp-content/uploads/2026/08/32-0222103_Greene-County-Hospital_standardcharges.csv","https://georgeregional.com/price-insurance-and-billing","32-0222103_Greene-County-Hospital_standardcharges.csv","csv","spreadsheet","3128","false"
"cc:3c8b4ba5-f549-40f3-af39-dd1ab93ede8f:9fb91598-1ee2-4a41-a781-f13552806dbc","cc:3c8b4ba5-f549-40f3-af39-dd1ab93ede8f","true","https://apps.para-hcfs.com/PTT/FinalLinks/Reports.aspx?dbName=dbCCMCCOMANCHETX&type=CDMWithoutLabel&fileType=CSV","https://apps.para-hcfs.com/PTT/FinalLinks/Comanche_V2.aspx","273993262_comanche-county-medical-center-company_standardcharges.csv","csv","spreadsheet","56492647","false"
"cc:3ca9cb4c-fdaa-43ea-9f8b-4463bdadc9e7:7f39225b-61f2-4bee-9758-07bbdd67a505","cc:3ca9cb4c-fdaa-43ea-9f8b-4463bdadc9e7","true","https://skyrehab.com/wp-content/uploads/sites/17/2025/08/030501856_southern-kentucky-rehab-hospital_standardcharges.csv","https://skyrehab.com/about-us/price-transparency/","030501856_southern-kentucky-rehab-hospital_standardcharges.csv","csv","spreadsheet","10611129","false"
"cc:3cbb8d14-1df9-4b09-a6b5-b69de1725e66:ae0b5a92-cdd7-406a-8531-b0fdd7271416","cc:3cbb8d14-1df9-4b09-a6b5-b69de1725e66","true","https://stctrprodsnsvc00455826e6.blob.core.windows.net/pt-final-posting-files/32-0583104_HCA-FLORIDA-UNIVERSITY-HOSPITAL_standardcharges.json?si=pt-json-access-policy&spr=https&sv=2024-11-04&sr=c&sig=o5IofreS%2F7ETlsnhPakPWCwHVVUZRobywQ5wUKGjVuQ%3D","https://www.hcafloridahealthcare.com/patient-resources/patient-financial-resources/pricing-transparency-cms-required-file-of-standard-charges","32-0583104_HCA-FLORIDA-UNIVERSITY-HOSPITAL_standardcharges.json","json","other","289952318","false"
"cc:3ce5b791-13ec-4833-a6f1-12cecb609870:6366590a-7232-4821-a343-7a7d9c4f99d0","cc:3ce5b791-13ec-4833-a6f1-12cecb609870","true","https://omh.ny.gov/omhweb/adults/141663311_nysomh_standardcharges.csv","https://omh.ny.gov/omhweb/adults/omh-hospital-pricing-transparency.pdf","141663311_nysomh_standardcharges.csv","csv","spreadsheet","929041","false"
"cc:3d76ce2f-3bfe-49a0-a4b7-b36439ce97a8:84001016-23a2-42a5-ac44-990c18ba79a6","cc:3d76ce2f-3bfe-49a0-a4b7-b36439ce97a8","true","https://www.montefioreslc.org/141340054_st-lukes-cornwall-hospital_standardcharges.csv","https://www.montefioreslc.org/patients/billing-insurance-information","141340054_st-lukes-cornwall-hospital_standardcharges.csv","csv","spreadsheet","564196408","false"
"cc:3d8ccc7a-8dfc-4272-bf70-c1853622a6f5:920c3684-7615-4d42-8a5c-ad4a4075dbda","cc:3d8ccc7a-8dfc-4272-bf70-c1853622a6f5","true","https://urldefense.com/v3/__https:/hospitalpricedisclosure.com/download.aspx?pi=Otpj5NZ6q61OUt0fcdE6WA*-*__;Kio!!PA8yTw!tmmw67Yvc7ehtMfleRemJMwglCblMCXEoLxYH246xwMAmLPtJFDTqNQSUNJquWFXi_r33hea5Vm-x89eHcmPLHks$","https://urldefense.com/v3/__https:/hospitalpricedisclosure.com/default.aspx?ci=jZlMrXy92UZxgxqL*__*9*_*vqA*-*__;KioqKioq!!PA8yTw!tmmw67Yvc7ehtMfleRemJMwglCblMCXEoLxYH246xwMAmLPtJFDTqNQSUNJquWFXi_r33hea5Vm-x89eHcDnZoEK$","-north-campus_standardcharges.json","json","other","22036762","false"
"cc:3dbfec74-b30c-4d33-9803-80ff90ded3cb:a04b7207-56ba-49df-9b93-e3987d3365a0","cc:3dbfec74-b30c-4d33-9803-80ff90ded3cb","true","https://cdn.iuhealth.org/resources/351955872_indiana-university-health-inc._standardcharges.zip","https://iuhealth.org/schedule-an-appointment/price-estimates/standard-charge-listing","351955872_indiana-university-health-inc._standardcharges.zip","zip","unknown","67370134","false"
"cc:3e40d7e2-12fb-4dfe-9836-b7f3f96eb573:aa2be3a9-6608-4146-b2d6-de83ba6677dc","cc:3e40d7e2-12fb-4dfe-9836-b7f3f96eb573","true","https://baptisthealth.net/-/media/Documents/Patient-Resources/Patient-Pricing/Apr-2026/650232993_homestead-hospital_standardcharges.zip","https://baptisthealth.net/patient-resources/billing-and-financial-assistance/patient-pricing","650232993_homestead-hospital_standardcharges.zip","zip","unknown","22238421","false"
"cc:3e9aef5f-e14c-4191-9c40-543365750b6a:6930cf86-fa97-4d0a-9f8b-bfdb62424619","cc:3e9aef5f-e14c-4191-9c40-543365750b6a","true","https://hospitalpricedisclosure.com/Download.aspx?pxi=pVP5UiW3I*__*Y*_*TJMcttiiiA*-*&f=1Uqk9sV2mcxtBmvoqWiwog*-*","https://hospitalpricedisclosure.com/default.aspx?ci=fFJE38ye7xsB8Of*_*qxAfVQ*-*","730584411_integris-miami-hospital_standardcharges.csv","csv","spreadsheet","33394919","false"
"cc:3ea517b8-b8bd-440a-ad44-0f0092633185:a600da6c-f4ed-476a-b8e1-d64f11a97e32","cc:3ea517b8-b8bd-440a-ad44-0f0092633185","true","https://urldefense.com/v3/__https://hospitalpricedisclosure.com/download.aspx?pi=d*_*lm2eEAvwpfGr5UZZffMA*-*__;KioqKg!!OwHQNGuS!NNxzc3gzcCDbWC_3aBKJU3Bm28st5mdzWI_DoAkJmDmhsUhsHjB8niD15jvlGIrs7b_d4aR0fJBjowy6rVbgBT4p207vEQ$","https://urldefense.com/v3/__https://HospitalPriceDisclosure.com/Default.aspx?ci=RsbcVwMa5jfnDZuYpIqAxQ*-*__;Kio!!OwHQNGuS!NNxzc3gzcCDbWC_3aBKJU3Bm28st5mdzWI_DoAkJmDmhsUhsHjB8niD15jvlGIrs7b_d4aR0fJBjowy6rVbgBT5sJPyOLA$","208488713_adventhealth-wesley-chapel_standardcharges.json","json","other","25428266","false"
"cc:3eae2db3-6ad5-4934-be2d-fc05f51dc9d8:86c9ff6e-c5d6-4f66-abfc-2f44a90704c7","cc:3eae2db3-6ad5-4934-be2d-fc05f51dc9d8","true","https://www.avera.org/app/files/public/1e3c55a9-2dbc-464c-87ba-19e0db01977a/460224743_avera-flandreau-hospital_standardcharges.csv","https://www.avera.org/patients-visitors/price-transparency/","460224743_avera-flandreau-hospital_standardcharges.csv","csv","spreadsheet","2724991","false"
"cc:3eb3cda9-e2a3-4524-8832-986253e9366f:821518cc-dd51-4883-9dbe-18bf5cd08b3d","cc:3eb3cda9-e2a3-4524-8832-986253e9366f","true","https://winchesterhospital.org/042104434_winchester-hospital_standardcharges.json","https://winchesterhospital.org/patients-visitors/billing-financial-services/price-transparency","042104434_winchester-hospital_standardcharges.json","json","other","24545433","false"
"cc:3ec5a6e1-dc4b-49a7-af0c-38ec9463b5a9:0914a7b6-9f40-4ace-9792-8438ccaf59bc","cc:3ec5a6e1-dc4b-49a7-af0c-38ec9463b5a9","true","https://www.mhs.net/-/media/files/standard-charges/596014973memorialregionalhospitalstandardchargescsv.zip","https://www.mhs.net/patients-and-visitors/billing/charges","596014973memorialregionalhospitalstandardchargescsv.zip","zip","unknown","105447748","false"
"cc:3ec74fa1-a9cf-4c44-88ad-07667c173320:633e9272-da8a-4d5b-b33c-d985b170bf2f","cc:3ec74fa1-a9cf-4c44-88ad-07667c173320","true","https://holycrossmedicalcenter.org/wp-content/uploads/2026/06/850289839_holy-cross-hospital-a-div-of-taos-health-systems_standardcharges.csv","https://holycrossmedicalcenter.org/patient-visitor-information/billing-and-payments/cost-of-services-and-price-transparency","850289839_holy-cross-hospital-a-div-of-taos-health-systems_standardcharges.csv","csv","spreadsheet","10454875","false"
"cc:3eeb735d-ea42-4c5f-8d2e-9a2f1ccad785:2244b4b9-5f7d-4566-bcb2-da19d1a4143a","cc:3eeb735d-ea42-4c5f-8d2e-9a2f1ccad785","true","https://www.stbernards.info/app/files/public/4589b01b-482d-4b7e-838a-3c633b628526/273970823_five-rivers-medical-center-inc_standardcharges.csv","https://www.stbernards.info/patients-visitors/cost-of-care","273970823_five-rivers-medical-center-inc_standardcharges.csv","csv","spreadsheet","51734445","false"
"cc:3f226c03-cc13-444c-ac89-404003c14aeb:14750fcf-b0a5-4182-9cff-486e21ccb15f","cc:3f226c03-cc13-444c-ac89-404003c14aeb","true","https://stctrprodsnsvc00455826e6.blob.core.windows.net/pt-final-posting-files/62-1801360_HCA-HOUSTON-HEALTHCARE-CLEAR-LAKE_standardcharges.json?si=pt-json-access-policy&spr=https&sv=2024-11-04&sr=c&sig=o5IofreS%2F7ETlsnhPakPWCwHVVUZRobywQ5wUKGjVuQ%3D","https://www.hcahoustonhealthcare.com/patient-resources/patient-financial-resources/pricing-transparency-cms-required-file-of-standard-charges","62-1801360_HCA-HOUSTON-HEALTHCARE-CLEAR-LAKE_standardcharges.json","json","other","1179641092","false"
"cc:3f34deda-988b-4f24-a854-d0550807f751:9abec10e-27d3-42d8-8c7e-955ecd5189b9","cc:3f34deda-988b-4f24-a854-d0550807f751","true","https://images.pricetransparency.healthcare/public-mrfs/banner/830249710_platte-county-hospital_standardcharges.csv","https://www.bannerhealth.com/patients/billing/pricing-resources/hospital-price-transparency","830249710_platte-county-hospital_standardcharges.csv","csv","spreadsheet","52972103","false"
"cc:3f3c39de-1b38-4d89-aea1-b4b75dd55a9c:108f6e26-9803-44cd-93a3-cb1444eca86a","cc:3f3c39de-1b38-4d89-aea1-b4b75dd55a9c","true","https://www.mauryregional.com/clientfiles/getfile/621590713_marshall-medical-center_standardcharges.csv","https://www.mauryregional.com/billing-and-insurance/understanding-charges/price-transparency/","621590713_marshall-medical-center_standardcharges.csv","csv","spreadsheet","176636550","false"
"cc:3fa069d6-b702-4eb0-8adf-9b2cbdfd274a:e3bfaa55-ab4d-4937-9cfd-de8b159bac5a","cc:3fa069d6-b702-4eb0-8adf-9b2cbdfd274a","true","https://www.medstarhealth.org/-/media/project/mho/medstar/billing-and-insurance/2026/521369749_1669549614_national_rehabilitation_hospital_inc_standardcharges.csv","https://www.medstarhealth.org/price-transparency-disclosures","521369749_1669549614_National_Rehabilitation_Hospital_Inc_standardcharges.csv","csv","spreadsheet","5016300","false"
"cc:3fdd2a4b-cc53-481e-a366-82f28220aaf8:3a54dc2f-73b3-4cbe-beef-096658fe4b60","cc:3fdd2a4b-cc53-481e-a366-82f28220aaf8","true","https://stctrprodsnsvc00455826e6.blob.core.windows.net/pt-final-posting-files/87-0333048_MOUNTAIN-VIEW-HOSPITAL_standardcharges.json?si=pt-json-access-policy&spr=https&sv=2024-11-04&sr=c&sig=o5IofreS%2F7ETlsnhPakPWCwHVVUZRobywQ5wUKGjVuQ%3D","https://www.mountainstar.com/patient-resources/patient-financial-resources/pricing-transparency-cms-required-file-of-standard-charges","87-0333048_MOUNTAIN-VIEW-HOSPITAL_standardcharges.json","json","other","344621484","false"
"cc:3ff474ed-2207-4d85-abb6-5113f65a4dec:9545ad29-4ee6-4046-b1c3-0fe6a4789227","cc:3ff474ed-2207-4d85-abb6-5113f65a4dec","true","https://commonwealthhealth.net/wp-content/uploads/sheets/452672023_moses-taylor-hospital_standardcharges.csv","https://commonwealthhealth.net/patients-visitors/financial-information/pricing-information/","452672023_moses-taylor-hospital_standardcharges.csv","csv","spreadsheet","145466391","false"
"cc:3ff85b05-6a19-41bf-a905-018ad7a00f8e:31819cc4-5017-4823-908f-39fac2f9101c","cc:3ff85b05-6a19-41bf-a905-018ad7a00f8e","true","https://hospitalpricedisclosure.com/Download.aspx?pxi=yH*__*IHP8lFSh*__*1*__*uy0umYNg*-*&f=iFd*_*cEPwhQHJy3lVvHy9uQ*-*","https://hospitalpricedisclosure.com/Default.aspx?ci=RsbcVwMa5jfnDZuYpIqAxQ*-*","480637331_adventhealth-shawnee-mission_standardcharges.json","json","other","30418603","false"
"cc:40016651-3660-4915-bfe4-71e5abe16a48:681d4848-dccd-4f31-a1de-9ef6f9aa4468","cc:40016651-3660-4915-bfe4-71e5abe16a48","true","https://machine-readable-files.com/easthoustonhospital/475587037_AD-Hospital-East-LLC_standardcharges.csv","https://ezcost.info/easthoustonhospital","475587037_AD-Hospital-East-LLC_standardcharges.csv","csv","spreadsheet","1976158","false"
"cc:40e0a073-d93e-4359-917c-553543de5933:0e325869-0a42-445b-a0cb-b1eb0531f760","cc:40e0a073-d93e-4359-917c-553543de5933","true","https://us.flow-prod.boomi.com/f2a4d421-8a52-4b09-8a4c-8476aae2d651/play/ptt?join=bae45653-c062-401b-aaa6-46032d365595&hospital-id=80","https://www.ricelandhealthcare.com/","752922928-1376937003_Riceland_Medical_Center_standardcharges.csv","csv","spreadsheet","1446896","false"
"cc:40f7d21e-090e-45c8-898c-3bcfc56ff5f5:055226d5-a806-4776-882d-1ef29ade5293","cc:40f7d21e-090e-45c8-898c-3bcfc56ff5f5","true","https://renown.pt.panaceainc.com/MRFDownload/renown/rehabilitation-hospital","https://www.renown.org/Patients-and-Visitors/Billing/Pricing-Transparency","460517825-1518937820_renown-south-meadows-medical-center_standardcharges.csv","csv","spreadsheet","161640651","false"
"cc:40ff1bcf-5c8c-410c-ad91-39eeccc09ade:36bd30d6-2d2b-4ba5-94b8-8b543850b6cd","cc:40ff1bcf-5c8c-410c-ad91-39eeccc09ade","true","https://hospitalpricedisclosure.com/download.aspx?pi=r5C56pFicSGYmflCJ5*__*QXg*-*&f=p22CpYLrWLxCnt4HoK7iZA*-*","https://www.orlandohealth.com/patients-and-visitors/patient-financial-resources/financial-information-prior-to-care/pricing-transparency-guide","591726273_orlando-health,-inc._standardcharges.json","json","other","90570353","false"
"cc:4124283c-5676-4f09-9b34-d298b265a900:74767865-4dad-4934-9ae4-b9c244ff6c08","cc:4124283c-5676-4f09-9b34-d298b265a900","true","https://resources.selectmedical.com/Pricing-Transparency/critical-illness-recovery/52-2110603_Select_Specialty_Hospital-Johnstown_standardcharges.csv","https://www.selectspecialtyhospitals.com/patients-and-caregivers/admissions/price-transparency","52-2110603_Select_Specialty_Hospital-Johnstown_standardcharges.csv","csv","spreadsheet","138418020","false"
"cc:41340147-2fa5-455e-8be4-021f1619f2f3:c1dd28b6-caa6-42bc-97db-bc72279263f5","cc:41340147-2fa5-455e-8be4-021f1619f2f3","true","https://hbspr.org/660571457_HOSPITAL-COMUNITARIO-BUEN-SAMARITANO_standardcharges.csv","https://hbspr.org/price-transparency/","660571457_HOSPITAL-COMUNITARIO-BUEN-SAMARITANO_standardcharges.csv","csv","spreadsheet","2486700","false"
"cc:41412b0b-94ff-457a-8543-02ab53c461b4:dd0f929f-2553-452c-9d0f-ad914a9a1ac4","cc:41412b0b-94ff-457a-8543-02ab53c461b4","true","https://mountainviewbh.org/wp-content/uploads/2026/05/471528432_MountainView-Behavioral-Hospital_standardcharges.csv","https://mountainviewbh.org/price-transparency","471528432_MountainView-Behavioral-Hospital_standardcharges.csv","csv","spreadsheet","8344","false"
"cc:4158463c-f32a-4057-9555-9d7b6b49714c:e3bfaa55-ab4d-4937-9cfd-de8b159bac5a","cc:4158463c-f32a-4057-9555-9d7b6b49714c","true","https://www.medstarhealth.org/-/media/project/mho/medstar/billing-and-insurance/2026/521369749_1669549614_national_rehabilitation_hospital_inc_standardcharges.csv","https://www.medstarhealth.org/price-transparency-disclosures","521369749_1669549614_National_Rehabilitation_Hospital_Inc_standardcharges.csv","csv","spreadsheet","5016300","false"
"cc:421bee53-148a-4567-84ea-50db5126a539:35b4efad-a7e8-4ba9-b48a-74451345b036","cc:421bee53-148a-4567-84ea-50db5126a539","true","https://csdam.widen.net/content/awlxee7uli/original/%20840405257-1881337392_catholic-health-initiatives-colorado_standardcharges.csv","https://www.mountain.commonspirit.org/price-transparency","840405257-1881337392_catholic-health-initiatives-colorado_standardcharges.csv","csv","spreadsheet","472124004","false"
"cc:422bf8ab-5528-46cd-8aaf-4df376a98c65:253f6d52-55c1-480a-a3dc-c1fd99bcd79f","cc:422bf8ab-5528-46cd-8aaf-4df376a98c65","true","https://www.pchd.net/wp-content/uploads/2026/04/826000431_power-county-hospital-district_standardcharges.csv","https://www.pchd.net/notices-releases","826000431_power-county-hospital-district_standardcharges.csv","csv","spreadsheet","4463695","false"
"cc:4230eee6-8197-4fa3-be59-95238c5f9c2c:6366590a-7232-4821-a343-7a7d9c4f99d0","cc:4230eee6-8197-4fa3-be59-95238c5f9c2c","true","https://omh.ny.gov/omhweb/adults/141663311_nysomh_standardcharges.csv","https://omh.ny.gov/omhweb/adults/omh-hospital-pricing-transparency.pdf","141663311_nysomh_standardcharges.csv","csv","spreadsheet","929041","false"
"cc:42434acd-3755-4d78-8280-cec886142107:f0933794-1a6e-471e-bc97-b92bd35ae03e","cc:42434acd-3755-4d78-8280-cec886142107","true","https://apim.services.craneware.com/api-pricing-transparency/api/public/ebdcd27316bbcd47fb02c60d601d05cc/charges/mrf","https://www.ouhealth.com/ou-health-patients-families/insurance-billing/billing-ou-health-hospitals-ers/hospital-charges-pricing-transparency/","821883948_OU-Health---University-of-Oklahoma-Medical-Center_standardcharges.zip","zip","unknown","27791301","false"
"cc:42904a10-489d-4454-a30e-5a506b04a62f:9bcd0291-5710-48aa-affc-db58e0d4d1b1","cc:42904a10-489d-4454-a30e-5a506b04a62f","true","https://amgihm.com/wp-content/uploads/2023/04/68-0562493_Lafayette-Physical-Rehabilitation-Hospital_standardcharges.csv","https://amgihm.com/patient-notices/price-transparency/","68-0562493_Lafayette-Physical-Rehabilitation-Hospital_standardcharges.csv","csv","spreadsheet","33565520","false"
"cc:4296469b-e792-4052-81d7-257c69e3faad:a0055afd-492c-41be-868b-b4cf4a4d00ad","cc:4296469b-e792-4052-81d7-257c69e3faad","true","https://images.pricetransparency.healthcare/public-mrfs/banner/900054201_banner-desert-medical-center_standardcharges.csv","https://www.bannerhealth.com/patients/billing/pricing-resources/hospital-price-transparency","900054201_banner-desert-medical-center_standardcharges.csv","csv","spreadsheet","118138504","false"
"cc:42af2512-20f3-4f37-8811-e1b95be5f767:1d1ba578-d1c0-4216-afe7-b384439449b4","cc:42af2512-20f3-4f37-8811-e1b95be5f767","true","https://apps.para-hcfs.com/PTT/FinalLinks/Reports.aspx?dbName=dbWCHWOOSTEROH&type=CDM","https://www.woosterhospital.org/patients-visitors/for-patients/package-pricing","346003129_city-of-wooster-_standardchargesCDM.csv","csv","spreadsheet","158451105","false"
"cc:42d48538-d358-4019-b74e-dff1a4b2d165:fe32e5d8-fb6b-496c-bf84-d5d20024dde9","cc:42d48538-d358-4019-b74e-dff1a4b2d165","true","https://stctrprodsnsvc00455826e6.blob.core.windows.net/pt-final-posting-files/62-1650573_ST-MARK'S-HOSPITAL_standardcharges.json?si=pt-json-access-policy&spr=https&sv=2024-11-04&sr=c&sig=o5IofreS%2F7ETlsnhPakPWCwHVVUZRobywQ5wUKGjVuQ%3D","https://www.mountainstar.com/patient-resources/patient-financial-resources/pricing-transparency-cms-required-file-of-standard-charges","62-1650573_ST-MARK'S-HOSPITAL_standardcharges.json","json","other","532431320","false"
"cc:42e7cd44-04b9-45ff-a838-0341f06d47eb:e94fdcfb-06e2-497e-9e18-cb8f79ced277","cc:42e7cd44-04b9-45ff-a838-0341f06d47eb","true","http://www.auxiliomutuo.com/pdf/300-CMS-SPECIFICIFIED-SHOPPABLE-SERVICES-SIN-CARGOS-PRIVADOS.xlsx","https://www.auxiliomutuo.com/facturacion-cobros","300-CMS-SPECIFICIFIED-SHOPPABLE-SERVICES-SIN-CARGOS-PRIVADOS.xlsx","xlsx","spreadsheet","34085","false"
"cc:430d71da-8c21-44a3-b83d-fdfe6e49f849:09cb245e-c2b5-4711-96f8-21dff00b8069","cc:430d71da-8c21-44a3-b83d-fdfe6e49f849","true","https://resources.selectmedical.com/pricing-transparency/critical-illness-recovery/14-1842263_Select_Specialty_Hospital-Augusta_standardcharges.csv","https://www.selectspecialtyhospitals.com/patients-and-caregivers/admissions/price-transparency/","14-1842263_Select_Specialty_Hospital-Augusta_standardcharges.csv","csv","spreadsheet","90210678","false"
"cc:43129cf1-ff07-4cea-a0de-6f355db739ba:3096e3db-2562-405c-8f89-64a8b6b248a1","cc:43129cf1-ff07-4cea-a0de-6f355db739ba","true","https://www.mymichigan.org/app/files/public/bec484d2-1281-4b72-875f-b322b91bde7d/381671120_mymichigan-medical-center-standish_standardcharges.csv","https://www.mymichigan.org/patients-visitors/billing-insurance/cost-estimates/","381671120_mymichigan-medical-center-standish_standardcharges.csv","csv","spreadsheet","129682781","false"
"cc:432a72a1-9e2f-4d36-a8c7-1ed07fb38f66:f0b7de4a-44bc-4253-9686-e1806f0d0b87","cc:432a72a1-9e2f-4d36-a8c7-1ed07fb38f66","true","https://healthcare.ascension.org/-/media/project/ascension/healthcare/price-transparency-files/tx-csv/741109643-1750499273_ascension-seton_standardcharges.zip","https://healthcare.ascension.org/price-transparency","741109643-1750499273_ascension-seton_standardcharges.zip","zip","unknown","256933835","false"
"cc:4335b142-440a-4db6-b78d-dc6c0c2ec598:31902694-b4d6-4759-8318-4b31df7418f9","cc:4335b142-440a-4db6-b78d-dc6c0c2ec598","true","https://www.mycmh.org/documents/951683892_community-memorial-healthcare-ojai_standardcharges.csv.csv","https://www.mycmh.org/patients-visitors/billing-insurance/price-transparency/","951683892_community-memorial-healthcare-ojai_standardcharges.csv.csv","csv","spreadsheet","27642005","false"
"cc:433d2beb-02eb-4a56-a202-eb9bd3db38ef:bf7e84af-0866-4a20-ab34-58f252ae297f","cc:433d2beb-02eb-4a56-a202-eb9bd3db38ef","true","https://stctrprodsnsvc00455826e6.blob.core.windows.net/pt-final-posting-files/54-2092552_RESEARCH-MEDICAL-CENTER_standardcharges.json?si=pt-json-access-policy&spr=https&sv=2024-11-04&sr=c&sig=o5IofreS%2F7ETlsnhPakPWCwHVVUZRobywQ5wUKGjVuQ%3D","https://www.hcamidwest.com/patient-resources/patient-financial-resources/pricing-transparency-cms-required-file-of-standard-charges","54-2092552_RESEARCH-MEDICAL-CENTER_standardcharges.json","json","other","669981104","false"
"cc:43412490-e3df-476c-aed3-3f87b11b014c:2df42464-f3d7-4057-9558-0825df258691","cc:43412490-e3df-476c-aed3-3f87b11b014c","true","https://apps.para-hcfs.com/PTT/FinalLinks/Reports.aspx?dbName=dbWGHMOUNTCARMELIL&type=CDMWithoutLabel&fileType=CSV","https://apps.para-hcfs.com/PTT/FinalLinks/Wabash_General_Hospital.aspx","453088767_wabash-general-hospital-district_standardcharges.csv","csv","spreadsheet","31792478","false"
"cc:434fa916-54e9-492d-b3f0-b2c9ee364c57:c6a623a1-3b22-4dfb-af96-ae3e1e221308","cc:434fa916-54e9-492d-b3f0-b2c9ee364c57","true","https://stctrprodsnsvc00455826e6.blob.core.windows.net/pt-final-posting-files/59-1978725_HCA-FLORIDA-LAKE-MONROE-HOSPITAL_standardcharges.json?si=pt-json-access-policy&spr=https&sv=2024-11-04&sr=c&sig=o5IofreS%2F7ETlsnhPakPWCwHVVUZRobywQ5wUKGjVuQ%3D","https://www.hcafloridahealthcare.com/patient-resources/patient-financial-resources/pricing-transparency-cms-required-file-of-standard-charges","59-1978725_HCA-FLORIDA-LAKE-MONROE-HOSPITAL_standardcharges.json","json","other","416333513","false"
"cc:43508943-8d35-4cf9-a893-41c8427edc03:97ca2124-c819-4f57-b3f2-2c2f593a1b23","cc:43508943-8d35-4cf9-a893-41c8427edc03","true","https://HospitalPriceDisclosure.com/download.aspx?ci=djj9uXI2o8BV*_*ZNUwGkb7g*-*","https://HospitalPriceDisclosure.com/Default.aspx?ci=djj9uXI2o8BV*_*ZNUwGkb7g*-*","61-0458376_pikeville-medical-center_standardcharges.json","json","other","27524820","false"
"cc:439f9c41-793d-4a69-9784-b875ce69c670:7b5a3bba-ae1f-420f-a727-37320fc6807b","cc:439f9c41-793d-4a69-9784-b875ce69c670","true","https://mineralcommunityhospital.com/wp-content/uploads/2024/07/810421823_Mineral-Community-Hospital_standardcharges07.2024.csv","https://mineralcommunityhospital.com/price-transparency/","810421823_Mineral-Community-Hospital_standardcharges07.2024.csv","csv","spreadsheet","575165","false"
"cc:43a2d873-7f71-481d-871d-52b07c4e46ab:7d5ae0d4-3538-4035-a393-c5ae6dde3696","cc:43a2d873-7f71-481d-871d-52b07c4e46ab","true","https://www.cheshiremed.org/02-0354549_Cheshire Medical Center_standardcharges.zip","https://www.cheshiremed.org/patients-visitors/charges-for-services","02-0354549_Cheshire Medical Center_standardcharges.zip","zip","unknown","12956206","false"
"cc:443631ff-6681-48c3-96ed-88670e050ec1:d75e821c-fc15-467d-807c-771f39f8120e","cc:443631ff-6681-48c3-96ed-88670e050ec1","true","https://mcorgstatic.blob.core.windows.net/cms-price/390806374_mayo-clinic-health-system-franciscan-healthcare-la-crosse_standardcharges.csv","https://www.mayoclinichealthsystem.org/for-patients-and-visitors/price-transparency","390806374_mayo-clinic-health-system-franciscan-healthcare-la-crosse_standardcharges.csv","csv","spreadsheet","5342258252","false"
"cc:443e19f6-ebd2-472e-8d6c-986cba927b8f:f36cd749-4f88-47b1-932b-8bb8a023ffb3","cc:443e19f6-ebd2-472e-8d6c-986cba927b8f","true","https://s3.amazonaws.com/assets.bbmconnect.com/Southwell/453072990_TiftRegionalMedicalCenter_standardcharges.csv","https://mysouthwell.com/chargemaster/","453072990_TiftRegionalMedicalCenter_standardcharges.csv","csv","spreadsheet","202881459","false"
"cc:446dac6f-bf02-427b-b226-057b1eabe2ab:506e73a2-ef12-4e3e-b1cd-afa41c7977e9","cc:446dac6f-bf02-427b-b226-057b1eabe2ab","true","https://a71eba20.delivery.rocketcdn.me/wp-content/uploads/2020/10/MPTF-Skilled-Nursing-Memory-Care-12-23-20.xlsx","https://mptf.com/help-paying-your-bill/","MPTF-Skilled-Nursing-Memory-Care-12-23-20.xlsx","xlsx","spreadsheet","85399","false"
"cc:4495279e-5667-46c3-8b06-beef5c387d68:9e7d6382-9777-4f8c-a50e-6d63a9281da2","cc:4495279e-5667-46c3-8b06-beef5c387d68","true","https://mrfs.hyvehealthcare.com/RWJBarnabasHealth/221487243_robert-wood-johnson-university-hospital-somerset_standardcharges.json","https://www.rwjbh.org/rwj-university-hospital-somerset/billing/charges","221487243_robert-wood-johnson-university-hospital-somerset_standardcharges.json","json","other","361353027","false"
"cc:44c915e8-c20a-4b68-aa4b-05550b39bcce:2feaa3e0-99df-4b52-a446-82c2b6609bdf","cc:44c915e8-c20a-4b68-aa4b-05550b39bcce","true","https://resources.selectmedical.com/Pricing-Transparency/critical-illness-recovery/73-1674792_Select_Specialty_Hospital-Madison_standardcharges.csv","https://www.selectspecialtyhospitals.com/patients-and-caregivers/admissions/price-transparency","73-1674792_Select_Specialty_Hospital-Madison_standardcharges.csv","csv","spreadsheet","98088016","false"
"cc:44dc2059-4659-4582-9932-aa7f99834885:8974f2ba-9bc1-4f7c-b26d-c44e520c498d","cc:44dc2059-4659-4582-9932-aa7f99834885","true","https://request.cooperhealth.org/financial/210662542_Cooper-University-Hospital-Cape-Regional_standardcharges.csv","https://www.cooperhealth.org/patients-and-visitors/financial-and-insurance-information/pricing-and-transparency","210662542_Cooper-University-Hospital-Cape-Regional_standardcharges.csv","csv","spreadsheet","70459948","false"
"cc:45121a74-09d9-4615-b6a3-ae0e2acbe76d:68e1a4f0-0fe7-4093-b8ec-c2f3dcac95e8","cc:45121a74-09d9-4615-b6a3-ae0e2acbe76d","true","https://edge.sitecorecloud.io/sutterhealt962c-sutterhealt8fce-production57cc-4860/media/Project/SutterHealth/SutterHealth/Files/billing-insurance/costs-and-charges/940562680-1043670334_mills-peninsula-medical-center_standardcharges.csv","https://www.sutterhealth.org/billing-insurance/costs-and-charges/cost-transparency","940562680-1043670334_mills-peninsula-medical-center_standardcharges.csv","csv","spreadsheet","18532236","false"
"cc:454396be-9463-412d-b081-4f3707576d2b:65c9a5ca-820a-48db-9ccd-78a049a5e9b8","cc:454396be-9463-412d-b081-4f3707576d2b","true","https://edge.sitecorecloud.io/sutterhealt962c-sutterhealt8fce-production57cc-4860/media/Project/SutterHealth/SutterHealth/Files/billing-insurance/costs-and-charges/352182617-1336333954_sutter-north-valley-surgical-hospital_standardcharges.csv","https://www.sutterhealth.org/billing-insurance/costs-and-charges/cost-transparency","352182617-1336333954_sutter-north-valley-surgical-hospital_standardcharges.csv","csv","spreadsheet","7067339","false"
"cc:455133c5-5b61-4c1f-a864-31c75ed6befc:c68b0240-be93-42de-a2f0-0b76e0e5d937","cc:455133c5-5b61-4c1f-a864-31c75ed6befc","true","https://www.allinahealth.org/-/media/allina-health/files/customer-service/billing-and-insurance/price-transparency/ambulatory-surgery-centers-2026/oisc-asc.csv","https://www.allinahealth.org/customer-service/billing-and-insurance","OISC ASC.csv","csv","spreadsheet","6157854","false"
"cc:455c7f54-f7dc-4215-8c57-e5926b4ae965:475dca89-ca25-4bed-af63-a684a0fe1a50","cc:455c7f54-f7dc-4215-8c57-e5926b4ae965","true","https://resources.selectmedical.com/Pricing-Transparency/critical-illness-recovery/88-2131410_inova_specialty_hospital_standardcharges.csv","https://www.selectspecialtyhospitals.com/patients-and-caregivers/admissions/price-transparency","88-2131410_inova_specialty_hospital_standardcharges.csv","csv","spreadsheet","61548093","false"
"cc:455f4d07-ffc7-48dd-8088-593a8f5236aa:8d3fc25f-9add-47da-a9bb-61a8456c7b5b","cc:455f4d07-ffc7-48dd-8088-593a8f5236aa","true","https://mcorgstatic.blob.core.windows.net/cms-price/390813418_mayo-clinic-health-system-eau-claire_standardcharges.csv","https://www.mayoclinichealthsystem.org/for-patients-and-visitors/price-transparency","390813418_mayo-clinic-health-system-eau-claire_standardcharges.csv","csv","spreadsheet","5961022315","false"
"cc:4597551b-b374-44f3-a5f5-0bc9f8ab220f:844f5c74-3927-4ed4-8373-038e541464be","cc:4597551b-b374-44f3-a5f5-0bc9f8ab220f","true","https://www.jupitermed.com/documents/content/59-1460239_jupiter-medical-center_standardcharges.csv","https://www.jupitermed.com/patients-visitors/for-patients/billing-financial-information/hospital-pricing/","59-1460239_jupiter-medical-center_standardcharges.csv","csv","spreadsheet","2168046","false"
"cc:45ab538a-7282-41d3-baa1-7851cededdf3:9dc7752d-ed76-4635-beba-f2bafd31325f","cc:45ab538a-7282-41d3-baa1-7851cededdf3","true","https://cdn.prod.website-files.com/68c05c692466940d7ed50fbf/69330f8e59d18e9b2ba9eb1a_39-3678305_CoralVitaHospitalOfRichardson_standardcharges%20.csv.zip","https://www.coralvita.ai/billing-information","69330f8e59d18e9b2ba9eb1a_39-3678305_CoralVitaHospitalOfRichardson_standardcharges.csv.zip","zip","unknown","1033517","false"
"cc:46157eff-d1c2-4f83-99f7-83d5dee076e8:12014cde-d67f-4b56-816a-337f74849b25","cc:46157eff-d1c2-4f83-99f7-83d5dee076e8","true","https://sthpiprd.blob.core.windows.net/machine-readable-files/8225/956002748_san-bernardino-county_standardcharges.csv","https://search.hospitalpriceindex.com/hpi2/machineReadable/ArrowheadRegionalMedicalCenter/8225","956002748_san-bernardino-county_standardcharges.csv","csv","spreadsheet","194873016","false"
"cc:461e38a8-5ddd-4c0f-81eb-bbcaeab9e472:f431189d-7565-429b-8aaf-796d8686d612","cc:461e38a8-5ddd-4c0f-81eb-bbcaeab9e472","true","https://www.mercyhealthsystem.org/media/746a49b969c0419999927c17b09544a3/362167847-javonbeahospital-standardcharges.json","https://www.mercyhealthsystem.org/patientsvisitors/billing-information/chargemaster","362167847-javonbeahospital-standardcharges.json","json","other","25068003","false"
"cc:46437d96-4d15-40c4-83c9-d87167bd0323:5e46dbba-6a02-4eff-ade7-d3eeb9960b8b","cc:46437d96-4d15-40c4-83c9-d87167bd0323","true","https://resources.selectmedical.com/pricing-transparency/critical-illness-recovery/36-4575640_Acuity_Specialty_Hospital-Ohio_Valley_Weirton_standardcharges.csv","https://www.selectspecialtyhospitals.com/patients-and-caregivers/admissions/price-transparency/","36-4575640_Acuity_Specialty_Hospital-Ohio_Valley_Weirton_standardcharges.csv","csv","spreadsheet","95601119","false"
"cc:467e2c14-1b87-4f6a-b8af-3a00515ea0f2:6366590a-7232-4821-a343-7a7d9c4f99d0","cc:467e2c14-1b87-4f6a-b8af-3a00515ea0f2","true","https://omh.ny.gov/omhweb/adults/141663311_nysomh_standardcharges.csv","https://omh.ny.gov/omhweb/adults/omh-hospital-pricing-transparency.pdf","141663311_nysomh_standardcharges.csv","csv","spreadsheet","929041","false"
"cc:4687553a-7f30-4045-9e7b-97b3a8e7ddee:e0166bca-a06a-4ae0-a5b3-bd6fecb27f5f","cc:4687553a-7f30-4045-9e7b-97b3a8e7ddee","true","https://mrfs.hyvehealthcare.com/USPI/364399746_arizona-spine-and-joint-hospital-llc_standardcharges.json","https://azspineandjoint.com/Hospital-Pricing-Information","364399746_arizona-spine-and-joint-hospital-llc_standardcharges.json","json","other","1255589","false"
"cc:46b7dcc6-eb7f-4972-8863-8c6c1f326522:af89d377-ca97-4bf4-b7bb-a8ad3cb3f2d7","cc:46b7dcc6-eb7f-4972-8863-8c6c1f326522","true","https://www.coachellavalleybehavioral.com/wp-content/uploads/pricing/2026/621/37-1882420_Indio-Behavioral-Hospital-LLC_standardcharges.csv","https://www.coachellavalleybehavioral.com/admissions/insurance-payment/price-transparency/","37-1882420_Indio-Behavioral-Hospital-LLC_standardcharges.csv","csv","spreadsheet","563932","false"
"cc:46d33787-1626-411d-8ed5-2265b535d77f:76725810-0d03-403f-9054-7f8f48d57922","cc:46d33787-1626-411d-8ed5-2265b535d77f","true","https://mrfs.hyvehealthcare.com/RWJBarnabasHealth/223452311_newark-beth-israel-medical-center_standardcharges.json","https://www.rwjbh.org/newark-beth-israel-medical-center/billing/charges","223452311_newark-beth-israel-medical-center_standardcharges.json","json","other","448689347","false"
"cc:46e8113f-d6bf-43b6-8750-8d9ceb1250a2:96e2c1fb-3564-418f-ac96-57e8396ebc2c","cc:46e8113f-d6bf-43b6-8750-8d9ceb1250a2","true","https://stctrprodsnsvc00455826e6.blob.core.windows.net/pt-final-posting-files/46-4027347_MEDICAL-CITY-ALLIANCE_standardcharges.json?si=pt-json-access-policy&spr=https&sv=2024-11-04&sr=c&sig=o5IofreS%2F7ETlsnhPakPWCwHVVUZRobywQ5wUKGjVuQ%3D","https://medicalcityhealthcare.com/about/legal/pricing-transparency-cms-required-file-of-standard-charges.dot","46-4027347_MEDICAL-CITY-ALLIANCE_standardcharges.json","json","other","686454019","false"
"cc:472a8049-71e2-483c-a568-c81472483388:fbb8f1c3-1730-436a-9e0c-f0999e891025","cc:472a8049-71e2-483c-a568-c81472483388","true","https://sthpiprd.blob.core.windows.net/machine-readable-files/9371/911352172-1841258639_multicare-capital-medical-center_standardcharges.csv","https://search.hospitalpriceindex.com/hpi2/machineReadable/CapitalMedicalCenter/9371","911352172-1841258639_multicare-capital-medical-center_standardcharges.csv","csv","spreadsheet","1165333163","false"
"cc:475ac089-14f8-4054-829f-c9d2979c3e49:5689b6c5-5337-473a-a681-0ae4b29c1ad7","cc:475ac089-14f8-4054-829f-c9d2979c3e49","true","https://apps.para-hcfs.com/PTT/FinalLinks/Reports.aspx?dbName=dbBASJUNEAUAK&type=CDMWithoutLabel&fileType=CSV","https://www.bartletthospital.org/patients-visitors/financial-services/physician-billing/price-estimator-tool/","301381789_bartlett-regional-hospital_standardcharges.csv","csv","spreadsheet","25632","false"
"cc:4766f48e-59f4-4b57-92f6-6d7c67585375:e5fc4ccb-9ac9-4226-bcc3-2178ad2f484e","cc:4766f48e-59f4-4b57-92f6-6d7c67585375","true","https://apim.services.craneware.com/api-pricing-transparency/api/public/d7df6109199b6b48b52eabda3a11726d/charges/mrf","https://www.cdmpricing.com/d7df6109199b6b48b52eabda3a11726d","131740126_St-Johns-Riverside-Hospital_standardcharges.zip","zip","unknown","1961054","false"
"cc:477434ee-8d18-4071-90ae-4a58dd3f6f63:bfa80c6b-e312-4b88-8ebb-4839982b8d42","cc:477434ee-8d18-4071-90ae-4a58dd3f6f63","true","https://www.providenceswedishrehabhospital.com/docs/irfprovidenceswedishrehabilitationhospitallibraries/mar2026/823936455_northwest-washington-rehabilitation-hospital--llc_standardcharges.csv.zip","https://www.providenceswedishrehabhospital.com/patient-experience/financial-assistance","823936455_northwest-washington-rehabilitation-hospital--llc_standardcharges.csv.zip","zip","unknown","1716500","false"
"cc:4782e20e-a501-4e06-8ec2-dca63ab85b8c:179542b6-ea57-4940-a5ee-dad51c8af1a4","cc:4782e20e-a501-4e06-8ec2-dca63ab85b8c","true","https://lakecharlesmemorialhospital.pg.revenuemasters.com/cdm-files/720551963_lake-charles-memorial-hospital_standardcharges.csv","https://lakecharlesmemorialhospital.pg.revenuemasters.com/disclaimer?","720551963_lake-charles-memorial-hospital_standardcharges.csv","csv","spreadsheet","83175626","false"
"cc:47bd681d-ba34-4b78-b78e-aaa4097a8e3a:24e4a605-9c9e-4208-99f5-269eff6e89a6","cc:47bd681d-ba34-4b78-b78e-aaa4097a8e3a","true","https://apps.para-hcfs.com/PTT/FinalLinks/Reports.aspx?dbName=dbCMHAURORAIL&type=CDMWithoutLabel&fileType=CSV","https://www.rush.edu/patients-visitors/billing/cost-care","362170840_copley-memorial-hospital-inc_standardcharges.csv","csv","spreadsheet","37980029","false"
"cc:47dc286c-065a-4180-8af4-2f28ab6cbc90:40bd712b-4469-49d7-b5e4-cf9128214bee","cc:47dc286c-065a-4180-8af4-2f28ab6cbc90","true","https://och.scvh.org/946000533_o-connor-hospital_standardcharges.csv","https://och.scvh.org/about-us/price-transparency-cost-estimator","946000533_o-connor-hospital_standardcharges.csv","csv","spreadsheet","100286961","false"
"cc:485817d4-e09a-48a7-8da9-5360ae8b4c66:147598d8-061d-4dc0-9b36-dc489c083de5","cc:485817d4-e09a-48a7-8da9-5360ae8b4c66","true","https://hospitalpricetransparencyfiles.com/sutton-county-hospital-district/752152933_Sutton-County-Hospital-District_standardcharges.csv","https://ezcost.info/Lillian-M-Hudspeth-Memorial-Hospital","752152933_Sutton-County-Hospital-District_standardcharges.csv","csv","spreadsheet","738820","false"
"cc:48e2ca50-ff7d-4d0e-9061-20faf61ecf4e:b3399117-3b2e-493c-8de1-4e85178c9350","cc:48e2ca50-ff7d-4d0e-9061-20faf61ecf4e","true","https://apps.para-hcfs.com/PTT/FinalLinks/Reports.aspx?dbName=dbNMHTWOLFPOINTMT&type=CDMWithoutLabel&fileType=CSV","https://apps.para-hcfs.com/PTT/FinalLinks/Northeast_Montana_V3.aspx","810226578_northeast-montana-health-services-inc_standardcharges.csv","csv","spreadsheet","8373966","false"
"cc:491136c3-bc5c-4df3-9117-1e35892b1d98:179542b6-ea57-4940-a5ee-dad51c8af1a4","cc:491136c3-bc5c-4df3-9117-1e35892b1d98","true","https://lakecharlesmemorialhospital.pg.revenuemasters.com/cdm-files/720551963_lake-charles-memorial-hospital_standardcharges.csv","https://lakecharlesmemorialhospital.pg.revenuemasters.com/disclaimer?","720551963_lake-charles-memorial-hospital_standardcharges.csv","csv","spreadsheet","83175626","false"
"cc:49741db9-f0f3-45e3-bc4e-ad081366fcb6:2152e9e3-0f7a-4e28-88ee-fa5f11e94ccb","cc:49741db9-f0f3-45e3-bc4e-ad081366fcb6","true","https://www.benefis.org/app/files/public/8308febc-0504-42a4-b188-dfeace80a80f/810232122_BenefisSeniorServices_standardcharges.csv","https://www.benefis.org/patients-visitors/billing-financial-assistance/price-transparency","810232122_BenefisSeniorServices_standardcharges.csv","csv","spreadsheet","8765440","false"
"cc:49755746-803f-4526-a6d3-cfac6c86f923:6977413e-1131-4480-a87d-f94a92302d6e","cc:49755746-803f-4526-a6d3-cfac6c86f923","true","https://mrfs.hyvehealthcare.com/USPI/770011624_fresno-surgery-center-lp_standardcharges.json","https://fresnosurgicalhospital.com/Hospital-Pricing-Information","770011624_fresno-surgery-center-lp_standardcharges.json","json","other","18439171","false"
"cc:499193b0-3364-4793-92e6-227a64d9c0ed:0914a7b6-9f40-4ace-9792-8438ccaf59bc","cc:499193b0-3364-4793-92e6-227a64d9c0ed","true","https://www.mhs.net/-/media/files/standard-charges/596014973memorialregionalhospitalstandardchargescsv.zip","https://www.mhs.net/patients-and-visitors/billing/charges","596014973memorialregionalhospitalstandardchargescsv.zip","zip","unknown","105447748","false"
"cc:49b3a0a4-b74c-4881-a986-9e343928aca1:f4be7ad6-56a5-4ba4-97e0-aad2895f4f29","cc:49b3a0a4-b74c-4881-a986-9e343928aca1","true","https://www.medstarhealth.org/-/media/project/mho/medstar/billing-and-insurance/2026/521369749_1528061827_national_rehabilitation_hospital_inc_standardcharges.csv","https://www.medstarhealth.org/price-transparency-disclosures","521369749_1528061827_National_Rehabilitation_Hospital_Inc_standardcharges.csv","csv","spreadsheet","10229198","false"
"cc:49cbd04d-af2e-4270-8670-20c8fc558d1a:22aa46a4-3cf8-4bc2-aff6-4b319d12fb16","cc:49cbd04d-af2e-4270-8670-20c8fc558d1a","true","https://www.massgeneralbrigham.org/content/dam/mgb-global/en/price-transparency/020260334_Wentworth-Douglass-Hospital_StandardCharges.zip","https://www.wdhospital.org/wdh/patients-and-visitors/billing-and-insurance/cms-required-hospital-charge-data","020260334_Wentworth-Douglass-Hospital_StandardCharges.zip","zip","unknown","852236","false"
"cc:49d5a3d7-1400-495b-96a4-5f996c1fa59b:a0e28435-458a-44c8-9c73-1c285ec51968","cc:49d5a3d7-1400-495b-96a4-5f996c1fa59b","true","https://www.concordhospital.org/app/files/public/911628f2-b8ab-4ee6-ae92-d935613cd93f/201184756_concord-endoscopy-center-llc_standardcharges.csv","https://www.concordhospital.org/patients-visitors/cost-of-care-estimates","201184756_concord-endoscopy-center-llc_standardcharges.csv","csv","spreadsheet","8810","false"
"cc:4a101982-c3f2-49f1-b7b9-65ea5618807a:c63fa1e6-367b-4821-ab97-d148d70a27ea","cc:4a101982-c3f2-49f1-b7b9-65ea5618807a","true","https://stctrprodsnsvc00455826e6.blob.core.windows.net/pt-final-posting-files/95-2321136_LOS-ROBLES-HOSPITAL-AND-MEDICAL-CENTER_standardcharges.json?si=pt-json-access-policy&spr=https&sv=2024-11-04&sr=c&sig=o5IofreS%2F7ETlsnhPakPWCwHVVUZRobywQ5wUKGjVuQ%3D","https://losrobleshospital.com/patient-resources/patient-financial-resources/pricing-transparency-cms-required-file-of-standard-charges","95-2321136_LOS-ROBLES-HOSPITAL-AND-MEDICAL-CENTER_standardcharges.json","json","other","540707113","false"
"cc:4a20de20-f0ec-43e7-a065-64ee2ee0da24:09ffe86d-f49f-4102-8f30-411d3916d926","cc:4a20de20-f0ec-43e7-a065-64ee2ee0da24","true","https://stctrprodsnsvc00455826e6.blob.core.windows.net/pt-final-posting-files/62-1113740_HCA-FLORIDA-ST.-LUCIE-HOSPITAL_standardcharges.json?si=pt-json-access-policy&spr=https&sv=2024-11-04&sr=c&sig=o5IofreS%2F7ETlsnhPakPWCwHVVUZRobywQ5wUKGjVuQ%3D","https://www.hcafloridahealthcare.com/patient-resources/patient-financial-resources/pricing-transparency-cms-required-file-of-standard-charges","62-1113740_HCA-FLORIDA-ST.-LUCIE-HOSPITAL_standardcharges.json","json","other","413044982","false"
"cc:4a29b9e6-96f7-495b-98b7-a23f625b6f76:2d6ac8ab-8b88-489f-b8d2-7a6482cc9ded","cc:4a29b9e6-96f7-495b-98b7-a23f625b6f76","true","https://www.creekhealth.org/wp-content/uploads/2026/05/731357965_Muscogee-Creek-Nation-Department-of-Health_standardcharges.xlsx","https://www.creekhealth.org/price-transparency","731357965_Muscogee-Creek-Nation-Department-of-Health_standardcharges.xlsx","xlsx","spreadsheet","6007634","false"
"cc:4a4382c5-1aad-4a09-a9d5-3b2755a5cd9b:ba6e2169-d49d-407b-a8e6-c5a42fb43f65","cc:4a4382c5-1aad-4a09-a9d5-3b2755a5cd9b","true","https://www.nm.org/site_data/370960170_northwestern-memorial-hospital_standardcharges.json","https://www.nm.org/patients-and-visitors/billing-and-insurance/price-transparency","370960170_northwestern-memorial-hospital_standardcharges.json","json","other","5019534101","false"
"cc:4aa1c72a-a077-45cd-9ba2-e394e846c569:39cd7708-3246-480e-8ce2-206939f80096","cc:4aa1c72a-a077-45cd-9ba2-e394e846c569","true","https://resources.selectmedical.com/Pricing-Transparency/critical-illness-recovery/25-1866522_Select_Specialty_Hospital-Charleston_standardcharges.csv","https://www.selectspecialtyhospitals.com/patients-and-caregivers/admissions/price-transparency","25-1866522_Select_Specialty_Hospital-Charleston_standardcharges.csv","csv","spreadsheet","127473286","false"
"cc:4ac9dabb-52fa-41a5-aab1-3c0d4fc5db17:1e8c7f33-e3e8-4205-b881-81c12caa043f","cc:4ac9dabb-52fa-41a5-aab1-3c0d4fc5db17","true","https://mauihealth.org/clientfiles/getfile/811559375-lanaicommunityhospital-standardcharges.csv","https://www.mauihealth.org/patients-and-visitors/billing-information/hospital-charges/","811559375-lanaicommunityhospital-standardcharges.csv","csv","spreadsheet","74349743","false"
"cc:4acf6c88-8d71-486e-9b50-c633454ecf11:21819a79-296a-490a-bf42-014f24c78c5f","cc:4acf6c88-8d71-486e-9b50-c633454ecf11","true","https://www.theneuromedicalcenter.com/wp-content/uploads/2024/08/chargemaster-for-NMC-V2.xlsx","https://www.theneuromedicalcenter.com/patient-pricing-information/","chargemaster-for-NMC-V2.xlsx","xlsx","spreadsheet","509442","false"
"cc:4adc91b1-d2cf-46d3-b1c5-de450c8a986c:111c21b1-b71a-4214-a36f-82c937494680","cc:4adc91b1-d2cf-46d3-b1c5-de450c8a986c","true","https://hospitalpricetransparencyfiles.com/medical-services-inc/391536207_Medical-Services-Inc_standardcharges.csv","https://www.tamarackhealth.org/patients-visitors/billing-insurance-resources/price-transparency","391536207_Medical-Services-Inc_standardcharges.csv","csv","spreadsheet","4096384","false"
"cc:4af4dbd7-adf5-4736-886e-9a21cc293887:269e816b-28b4-4aa3-a600-321f788d0e25","cc:4af4dbd7-adf5-4736-886e-9a21cc293887","true","https://hartfordhealthcare.org/file%20library/price%20data/393859332_manchester-memorial-hospital_standardcharges.csv","https://hartfordhealthcare.org/patients-visitors/patients/price-transparency","393859332_manchester-memorial-hospital_standardcharges.csv","csv","spreadsheet","99080947","false"
"cc:4b2caff9-6672-4a36-b353-07f474670265:d6c190a5-1561-4c80-82b4-72385307fa3e","cc:4b2caff9-6672-4a36-b353-07f474670265","true","https://www.normanregional.com/documents/PFS/736048282_norman-regional-health-system_standardcharges.csv","https://www.normanregional.com/patients-visitors/price-transparency","736048282_norman-regional-health-system_standardcharges.csv","csv","spreadsheet","39141747","false"
"cc:4b6187b7-932c-49c4-9f73-d0b608c40019:53f5979d-ee01-4e20-84b9-861145614059","cc:4b6187b7-932c-49c4-9f73-d0b608c40019","true","https://www.parkview.com/-/media/parkview-media/file/price-transparency/350868085_parkview-regional-medical-center_standardcharges.ashx","https://www.parkview.com/patients-and-visitors/billing-and-insurance/request-an-estimate","350868085_parkview-regional-medical-center_standardcharges.csv","csv","spreadsheet","44427882","false"
"cc:4b65d3ba-1bf0-4d9c-9a35-18196a0a04a5:7e95daab-883e-4323-874c-7d22427f3fc0","cc:4b65d3ba-1bf0-4d9c-9a35-18196a0a04a5","true","https://www.medstarhealth.org/-/media/project/mho/medstar/billing-and-insurance/2026/521369749_1144118571_national_rehabilitation_hospital_inc_standardcharges.csv","https://www.medstarhealth.org/price-transparency-disclosures","521369749_1144118571_National_Rehabilitation_Hospital_Inc_standardcharges.csv","csv","spreadsheet","244626","false"
"cc:4b7a41f7-30db-48c1-8255-c87bd8bc7b39:a229d3a6-7030-4c22-90e1-d7c2801505df","cc:4b7a41f7-30db-48c1-8255-c87bd8bc7b39","true","https://apps.para-hcfs.com/PTT/FinalLinks/Reports.aspx?dbName=dbHCHCHICAGOIL&type=CDMWithoutLabel&fileType=CSV","https://www.sinaichicago.org/en/patients-visitors/pricing/","362170133_holy-cross-hospital_standardcharges.csv","csv","spreadsheet","266746642","false"
"cc:4bef5a9b-d8e4-488d-814a-1004e19e6fdf:a1d8454e-345c-4231-8cf5-3fd74d6b2b39","cc:4bef5a9b-d8e4-488d-814a-1004e19e6fdf","true","https://memorialhermann.org/-/media/memorial-hermann/org/files/patients-and-visitors/cms-standard-hospital-charges/263896170_memorial-hermann-katy-rehab_standardcharges.csv","https://memorialhermann.org/patients-visitors/patient-services/financial-care/financial-resources/cms-price-transparency-information","263896170_memorial-hermann-katy-rehab_standardcharges.csv","csv","spreadsheet","6275675","false"
"cc:4c024a10-ed4b-41e1-879d-c2948c0f6109:29cd979b-a4cc-40c7-9233-dc59d88d1c78","cc:4c024a10-ed4b-41e1-879d-c2948c0f6109","true","https://hpt.inmediata.com/?handler=DF&d=EE534A1F-48E7-4318-AE24-59B72A87BCA7","https://www.sistemamenonita.com/price-transparency","660219758-1578633483_hospital-menonita-coamo_standardcharges.json","json","other","1200821","false"
"cc:4c1a081b-3542-43b5-a76b-f3ac89477485:53fe3a5f-0c76-4a91-8831-0cc0089e9106","cc:4c1a081b-3542-43b5-a76b-f3ac89477485","true","https://mcorgstatic.blob.core.windows.net/cms-price/411404075_mayo-clinic-health-system-albert-lea-and-austin_standardcharges.csv","https://www.mayoclinichealthsystem.org/for-patients-and-visitors/price-transparency","411404075_mayo-clinic-health-system-albert-lea-and-austin_standardcharges.csv","csv","spreadsheet","4712626908","false"
"cc:4c425945-70b5-45dc-b74c-ee6295ac7f26:df7a6027-f4a7-46a1-b59c-1e6de54c44f1","cc:4c425945-70b5-45dc-b74c-ee6295ac7f26","true","https://apps.para-hcfs.com/PTT/FinalLinks/Reports.aspx?dbName=dbAMCPORTLANDOR&type=CDMWithoutLabel&fileType=CSV","https://www.adventisthealth.org/patients-and-visitors/price-transparency","930429015_portland-adventist-medical-center_standardcharges.csv","csv","spreadsheet","76475036","false"
"cc:4c5e4283-398a-4690-8ef9-ca2b4802f4bd:1a0978ae-522e-4b78-91c9-11f6e36f1f5b","cc:4c5e4283-398a-4690-8ef9-ca2b4802f4bd","true","https://tccada.com/wp-content/uploads/CMS-Price-Transparency-Dee-1.csv","https://tccada.com/price-transparency","WilliamJMcCord-Services.csv","csv","spreadsheet","2536","false"
"cc:4ca372f0-0960-4fee-83fc-df3f963682cf:e4f2b041-f622-4e7d-bb58-302addafe6d4","cc:4ca372f0-0960-4fee-83fc-df3f963682cf","true","https://cedarhillsbehavioral.com/wp-content/uploads/2026/04/88-2644926_CedarHillsBehavioral_standardcharges.csv","https://cedarhillsbehavioral.com/price-transparency","88-2644926_CedarHillsBehavioral_standardcharges.csv","csv","spreadsheet","11094","false"
"cc:4cb85e82-b5f0-419d-90ab-0d04f82f31cd:5a8b5999-2182-4904-a125-7197d94e1c5e","cc:4cb85e82-b5f0-419d-90ab-0d04f82f31cd","true","https://decaturmorganhospital.net/images/price-transparency/460928982_decatur-morgan-hospital-west_standardcharges.csv","https://decaturmorganhospital.net/patients-visitors/price-transparency","460928982_decatur-morgan-hospital-west_standardcharges.csv","csv","spreadsheet","23746137","false"
"cc:4d117751-3157-4ba7-a031-23be0ba1c265:18d4ffb6-edc1-47ba-9f83-be5e2e5f2e49","cc:4d117751-3157-4ba7-a031-23be0ba1c265","true","https://apps.para-hcfs.com/PTT/FinalLinks/Reports.aspx?dbName=dbSouthLincolnKemmererWY&type=CDMWithoutLabel&fileType=CSV","https://apps.para-hcfs.com/PTT/FinalLinks/South_Lincoln_V3.aspx","830128950_south-lincoln-hospital-district_standardcharges.csv","csv","spreadsheet","21310726","false"
"cc:4d1e23e1-eba2-4b55-921e-0412c72eb189:31819cc4-5017-4823-908f-39fac2f9101c","cc:4d1e23e1-eba2-4b55-921e-0412c72eb189","true","https://hospitalpricedisclosure.com/Download.aspx?pxi=yH*__*IHP8lFSh*__*1*__*uy0umYNg*-*&f=iFd*_*cEPwhQHJy3lVvHy9uQ*-*","https://hospitalpricedisclosure.com/Default.aspx?ci=RsbcVwMa5jfnDZuYpIqAxQ*-*","480637331_adventhealth-shawnee-mission_standardcharges.json","json","other","30418603","false"
"cc:4d48219a-3ba4-4fbe-9e99-5c82d6ec5b7b:5dce8d1c-f752-4115-8eed-5c04031e82a2","cc:4d48219a-3ba4-4fbe-9e99-5c82d6ec5b7b","true","https://mcorgstatic.blob.core.windows.net/cms-price/411236756_mayo-clinic-health-system-mankato_standardcharges.csv","https://www.mayoclinichealthsystem.org/for-patients-and-visitors/price-transparency","411236756_mayo-clinic-health-system-mankato_standardcharges.csv","csv","spreadsheet","5729580103","false"
"cc:4d72b4cf-3e0f-42aa-a4a9-87fdbb1165aa:23783eb5-4d49-49a0-9a3e-3b9ec3aca30a","cc:4d72b4cf-3e0f-42aa-a4a9-87fdbb1165aa","true","https://stctrprodsnsvc00455826e6.blob.core.windows.net/pt-final-posting-files/54-1779911_CHIPPENHAM-HOSPITAL_standardcharges.json?si=pt-json-access-policy&spr=https&sv=2024-11-04&sr=c&sig=o5IofreS%2F7ETlsnhPakPWCwHVVUZRobywQ5wUKGjVuQ%3D","https://www.hcavirginia.com/patient-resources/patient-financial-resources/pricing-transparency-cms-required-file-of-standard-charges","54-1779911_CHIPPENHAM-HOSPITAL_standardcharges.json","json","other","454075740","false"
"cc:4d77d0fe-2159-4a76-b709-caa37e79a7a7:aa07515a-ab61-43de-9c04-c14c8580e95a","cc:4d77d0fe-2159-4a76-b709-caa37e79a7a7","true","https://mcorgstatic.blob.core.windows.net/cms-price/390813418_mayo-clinic-health-system-bloomer_standardcharges.csv","https://www.mayoclinichealthsystem.org/for-patients-and-visitors/price-transparency","390813418_mayo-clinic-health-system-bloomer_standardcharges.csv","csv","spreadsheet","3558322507","false"
"cc:4da122e0-cde8-40c8-b244-5d447dfefffc:b64ec242-00ed-4788-b438-dca4afb05490","cc:4da122e0-cde8-40c8-b244-5d447dfefffc","true","https://beauregard.slicedhealth.io/pricer/720491106_hospital-service-district-no.-2-of-the-parish-of-b_standardcharges.csv","https://linkprotect.cudasvc.com/url?a=https%3a%2f%2fbeauregard.slicedhealth.io%2fhome&c=E,1,9m_dTg9ZtwV5dCSymSBq2sCT-nNj378nuvSq9HNVeXjaDyfcD_ecGcsctHLfgWyFhmRiltTrlNL6e0m0Rq4EtmGYewSER70_DYuc3OqWEBvBt2hCCjc_JnjoHak,&typo=1","720491106_hospital-service-district-no.-2-of-the-parish-of-b_standardcharges.csv","csv","spreadsheet","18796829","false"
"cc:4db43f9e-8621-4231-a8c4-06cb7f13262c:3639043e-0b4c-41a7-b526-c28ebcb40000","cc:4db43f9e-8621-4231-a8c4-06cb7f13262c","true","https://www.drumrighthospital.com/docs/DRH_FINAL_MRF_2026.csv","https://www.drumrighthospital.com/getpage.php?name=Chargemaster&sub=Patients%20%26%20Visitors","DRH_FINAL_MRF_2026.csv","csv","spreadsheet","9285782","false"
"cc:4e3e355f-0f98-4d6f-9ea8-0031543decaa:2e869c4b-b459-44a5-8a30-ec184b8c1069","cc:4e3e355f-0f98-4d6f-9ea8-0031543decaa","true","https://res.cloudinary.com/dpmykpsih/raw/upload/unity-health-2024-site-471/media/r/5e83fe13c17a47a1a71b1dd6b1fd9ba2/86-2564877_unity-health-jacksonville_standardcharges.csv","https://www.unity-health.org/patients/pricing","86-2564877_unity-health-jacksonville_standardcharges.csv","csv","spreadsheet","31458593","false"
"cc:4e5e623a-93e7-4890-b607-89a24257d936:d06f8a4e-8df5-4394-b64d-0ad6f8df86ed","cc:4e5e623a-93e7-4890-b607-89a24257d936","true","https://www.doylestownhealth.org/-/media/files/doylestown-health/billing/231352174-_doylestown-hospital_standardcharges.csv","https://www.doylestownhealth.org/patients-and-visitors/billing-and-finance","231352174 _doylestown-hospital_standardcharges.csv","csv","spreadsheet","43996074","false"
"cc:4e5e935c-b23e-4bac-b2ba-6765c14df955:dea1c72e-b01a-4177-b513-c4d3314f945c","cc:4e5e935c-b23e-4bac-b2ba-6765c14df955","true","https://healthcare.ascension.org/-/media/project/ascension/healthcare/price-transparency-files/tx-csv/741109643-1356446686_ascension-seton_standardcharges.zip","https://healthcare.ascension.org/price-transparency","741109643-1356446686_ascension-seton_standardcharges.zip","zip","unknown","68456675","false"
"cc:4ec62546-e57b-440e-b266-7ac36017d94d:8f20350a-7a71-493f-9908-500b4c6e3268","cc:4ec62546-e57b-440e-b266-7ac36017d94d","true","https://www.saintmarysregional.com/docs/ahsaintmaryregionalhealthlibraries/hcl/mrf3q26/62-171866_st--mary's-regional-health-system_standardcharges.csv","https://www.saintmarysregional.com/hospital-charges-listing","62-171866_st--mary's-regional-health-system_standardcharges.csv","csv","spreadsheet","9601415","false"
"cc:4ef6cdea-974e-48ad-946b-32a9c9c4f8ea:a765cb92-51e7-43e4-a722-3b6a376f8679","cc:4ef6cdea-974e-48ad-946b-32a9c9c4f8ea","true","https://pagosaspringsmedicalcenter.pg.revenuemasters.com/cdm-files/840866061_pagosa-springs-medical-center_standardcharges.csv","https://pagosaspringsmedicalcenter.pg.revenuemasters.com/disclaimer?","840866061_pagosa-springs-medical-center_standardcharges.csv","csv","spreadsheet","22497039","false"
"cc:4ef8bf38-91db-4480-a414-420e1b667602:e6180106-9fdb-4f97-9336-3c0e8328675d","cc:4ef8bf38-91db-4480-a414-420e1b667602","true","https://stctrprodsnsvc00455826e6.blob.core.windows.net/pt-final-posting-files/62-1410313_DOMINION-HOSPITAL_standardcharges.json?si=pt-json-access-policy&spr=https&sv=2024-11-04&sr=c&sig=o5IofreS%2F7ETlsnhPakPWCwHVVUZRobywQ5wUKGjVuQ%3D","https://www.hcavirginia.com/patient-resources/patient-financial-resources/pricing-transparency-cms-required-file-of-standard-charges","62-1410313_DOMINION-HOSPITAL_standardcharges.json","json","other","49603933","false"
"cc:4efbe861-1907-4f40-807c-1176f24817ee:e3affaca-7d4e-4431-8707-4b4c96410926","cc:4efbe861-1907-4f40-807c-1176f24817ee","true","https://mrfs.hyvehealthcare.com/RWJBarnabasHealth/223452306_community-medical-center_standardcharges.json","https://www.rwjbh.org/community-medical-center/billing/charges","223452306_community-medical-center_standardcharges.json","json","other","448899460","false"
"cc:4f02019e-8e90-4b9f-98f8-12d5fc7b7962:d9445a78-8201-49b6-b8a7-7fc94a7b4a2d","cc:4f02019e-8e90-4b9f-98f8-12d5fc7b7962","true","https://apps.para-hcfs.com/PTT/FinalLinks/Reports.aspx?dbName=dbDCHWASHINGTONIN&type=CDMWithoutLabel&fileType=CSV","https://apps.para-hcfs.com/PTT/FinalLinks/Daviess_V2.aspx","356001322_daviess-county-hospital_standardcharges.csv","csv","spreadsheet","51529409","false"
"cc:4f191076-6e1d-43f9-87ca-11ab087ace75:36bd30d6-2d2b-4ba5-94b8-8b543850b6cd","cc:4f191076-6e1d-43f9-87ca-11ab087ace75","true","https://hospitalpricedisclosure.com/download.aspx?pi=r5C56pFicSGYmflCJ5*__*QXg*-*&f=p22CpYLrWLxCnt4HoK7iZA*-*","https://www.orlandohealth.com/patients-and-visitors/patient-financial-resources/financial-information-prior-to-care/pricing-transparency-guide","591726273_orlando-health,-inc._standardcharges.json","json","other","90570353","false"
"cc:4f37fd6f-a2a5-40da-a08b-77de5e3a619d:dbab7bd9-5d72-480b-82d2-d97c99d96e98","cc:4f37fd6f-a2a5-40da-a08b-77de5e3a619d","true","https://www.saintcroixhealth.org/documents/financial-information/390890676_St-Croix-Regional-Medical-Center_standardcharges.csv","https://www.saintcroixhealth.org/patients-visitors/insurance-billing/price-transparency","390890676_St-Croix-Regional-Medical-Center_standardcharges.csv","csv","spreadsheet","46902572","false"
"cc:4ffd3ea8-c581-4c75-9f0e-5b49e4b262d6:c5a3cf83-a33d-44b7-a86b-3916d3ca02d5","cc:4ffd3ea8-c581-4c75-9f0e-5b49e4b262d6","true","https://healthcare.ascension.org/-/media/project/ascension/healthcare/price-transparency-files/tx-csv/741109643-1619115383_ascension-seton_standardcharges.zip","https://healthcare.ascension.org/price-transparency","741109643-1619115383_ascension-seton_standardcharges.zip","zip","unknown","185082750","false"
"cc:500fe538-c650-41b5-8f12-1f6874ef0351:00658e44-aacf-4cb8-9e13-dd278c503b2d","cc:500fe538-c650-41b5-8f12-1f6874ef0351","true","https://sthpiprd.blob.core.windows.net/machine-readable-files/10970/596012065_broward-health-north_standardcharges.csv","https://search.hospitalpriceindex.com/hpi2/hospital/BrowardHealthNorth/10970","596012065_broward-health-north_standardcharges.csv","csv","spreadsheet","3990303864","false"
"cc:508b96b8-a7a8-45f5-ab6e-e3974776b1c6:87311822-3800-4dc7-a37b-d2741dd5a74b","cc:508b96b8-a7a8-45f5-ab6e-e3974776b1c6","true","https://www.hopkinsmedicine.org/-/media/patient-care/documents/billing-insurance/charge-fees/521341890_johns-hopkins-bayview-medical-center_standardcharges.csv","https://www.hopkinsmedicine.org/patient-care/patients-visitors/billing-insurance/pay-bill/charges-fees","521341890_johns-hopkins-bayview-medical-center_standardcharges.csv","csv","spreadsheet","6056242","false"
"cc:50a6fd99-aace-4961-aa9b-3cdd19ed8080:236f6d5f-f4a1-4225-bbc4-9d5a311450a0","cc:50a6fd99-aace-4961-aa9b-3cdd19ed8080","true","https://www.massgeneralbrigham.org/content/dam/mgb-global/en/price-transparency/042768256_Brigham-and-Womens-Faulkner-Hospital_StandardCharges.zip","https://www.brighamandwomensfaulkner.org/patients-and-families/cms-required-hospital-charge-data","042768256_Brigham-and-Womens-Faulkner-Hospital_StandardCharges.zip","zip","unknown","998107","false"
"cc:50b25fd5-a54d-4e11-8eb1-20ebfe990059:bf7e84af-0866-4a20-ab34-58f252ae297f","cc:50b25fd5-a54d-4e11-8eb1-20ebfe990059","true","https://stctrprodsnsvc00455826e6.blob.core.windows.net/pt-final-posting-files/54-2092552_RESEARCH-MEDICAL-CENTER_standardcharges.json?si=pt-json-access-policy&spr=https&sv=2024-11-04&sr=c&sig=o5IofreS%2F7ETlsnhPakPWCwHVVUZRobywQ5wUKGjVuQ%3D","https://www.hcamidwest.com/patient-resources/patient-financial-resources/pricing-transparency-cms-required-file-of-standard-charges","54-2092552_RESEARCH-MEDICAL-CENTER_standardcharges.json","json","other","669981104","false"
"cc:50d30f2e-0620-4455-83b4-769175623fb0:9196eb76-5dc3-43f2-9e8a-e457d9c58b76","cc:50d30f2e-0620-4455-83b4-769175623fb0","true","https://edge.sitecorecloud.io/sutterhealt962c-sutterhealt8fce-production57cc-4860/media/Project/SutterHealth/SutterHealth/Files/billing-insurance/costs-and-charges/940562680-1639523004_alta-bates-summit-medical-center-alta-bates-campus_standardcharges.csv","https://www.sutterhealth.org/billing-insurance/costs-and-charges/cost-transparency","940562680-1639523004_alta-bates-summit-medical-center-alta-bates-campus_standardcharges.csv","csv","spreadsheet","20347331","false"
"cc:50fba13d-2cf6-46dc-9f24-0bf4f58326b4:873c70e6-e242-4493-bbe0-0825a1e7f3f9","cc:50fba13d-2cf6-46dc-9f24-0bf4f58326b4","true","https://hospitalpricedisclosure.com/Download.aspx?pxi=xqaC6yKVnYmTn8rcdghdug*-*&f=iFd*_*cEPwhQHJy3lVvHy9uQ*-*","https://hospitalpricedisclosure.com/Default.aspx?ci=RsbcVwMa5jfnDZuYpIqAxQ*-*","742225672_adventhealth-rollins-brook_standardcharges.json","json","other","10305247","false"
"cc:5165845a-79b3-4832-ad8c-47549857b92f:c188c578-79c6-4300-bcd2-40efbb4addcb","cc:5165845a-79b3-4832-ad8c-47549857b92f","true","https://www.dropbox.com/scl/fi/45opwnb1jtasjmmchia8r/381456056_Scheurer-Health_standardcharges.csv?rlkey=moiwe9sf4hie91st3t2maikle&dl=1","https://www.scheurer.org/patients-and-visitors/billing-services/","381456056_Scheurer-Health_standardcharges.csv","csv","spreadsheet","158521771","false"
"cc:518b08b5-a00c-40d1-99d2-662c1e5a6237:61844a06-b7d4-45ac-805c-6c9010460c47","cc:518b08b5-a00c-40d1-99d2-662c1e5a6237","true","https://cdn.iuhealth.org/resources/237042323_indiana-university-health-bedford-inc._standardcharges.zip","https://iuhealth.org/schedule-an-appointment/price-estimates/standard-charge-listing","237042323_indiana-university-health-bedford-inc._standardcharges.zip","zip","unknown","61863461","false"
"cc:518b5bba-82e9-4104-b0ff-c066894a0614:c93c027b-a936-4860-a83c-08d2b7f11a54","cc:518b5bba-82e9-4104-b0ff-c066894a0614","true","https://app.box.com/shared/static/rqqnsnd7fdg3lzq9fi3yi7a69euaidlr.csv","https://midcoasthealthsystem.org/pricing-transparency","452750258-1427334077_El_Campo_Memorial_Hospital_standardcharges.csv","csv","spreadsheet","639802","false"
"cc:51f1cad4-fff1-4b22-bb62-de439d7b8926:37673c5f-bc5b-4f70-85d6-bf92079cc632","cc:51f1cad4-fff1-4b22-bb62-de439d7b8926","true","https://resources.selectmedical.com/Pricing-Transparency/critical-illness-recovery/25-1880780_Select_Specialty_Hospital-Jackson_standardcharges.csv","https://www.selectspecialtyhospitals.com/patients-and-caregivers/admissions/price-transparency","25-1880780_Select_Specialty_Hospital-Jackson_standardcharges.csv","csv","spreadsheet","145678692","false"
"cc:51f328ee-01f4-48a6-901d-0ea480c8fe22:a16fb968-e596-451b-b9b0-72e837911043","cc:51f328ee-01f4-48a6-901d-0ea480c8fe22","true","https://stctrprodsnsvc00455826e6.blob.core.windows.net/pt-final-posting-files/59-2822337_HCA-FLORIDA-SOUTH-SHORE-HOSPITAL_standardcharges.json?si=pt-json-access-policy&spr=https&sv=2024-11-04&sr=c&sig=o5IofreS%2F7ETlsnhPakPWCwHVVUZRobywQ5wUKGjVuQ%3D","https://www.hcafloridahealthcare.com/patient-resources/patient-financial-resources/pricing-transparency-cms-required-file-of-standard-charges","59-2822337_HCA-FLORIDA-SOUTH-SHORE-HOSPITAL_standardcharges.json","json","other","505602553","false"
"cc:522f36be-8241-4e27-a645-08943b9cf052:b6c42df6-0c2a-4cc4-91c1-84b5ff6aabb7","cc:522f36be-8241-4e27-a645-08943b9cf052","true","https://app.box.com/shared/static/i1dsu3un3req5ngtt2j686h53e4e6p9d.csv","https://us.flow-prod.boomi.com/f2a4d421-8a52-4b09-8a4c-8476aae2d651/play/ptt?flow-id=55c677ad-57f7-4e47-b22f-19d1bb1871bd&flow-version-id=b8a8e92e-d9f0-4528-8ac1-ea41bc658ef9&hospital-id=34","742019736-1659812725_Connally_Memorial_Medical_Center_standardcharges.csv","csv","spreadsheet","23743","false"
"cc:5241db6c-2734-4c34-8cd0-ad11f9b820b2:68ea8ff3-1c37-43ce-9f96-675be49311da","cc:5241db6c-2734-4c34-8cd0-ad11f9b820b2","true","https://stmaryshospitalkankakee.org/wp-content/uploads/2026/04/992195090_StMarysHospital_standardcharges.JSON","https://stmaryshospitalkankakee.org/price-transparency","992195090_StMarysHospital_standardcharges.JSON","json","other","58505551","false"
"cc:52770268-e60c-49a0-8f92-86d7e051c03a:b87def05-cf34-4959-ba71-cd571221f99e","cc:52770268-e60c-49a0-8f92-86d7e051c03a","true","https://mcorgstatic.blob.core.windows.net/cms-price/410944601_mayo-clinic-hospital-rochester_standardcharges.csv","https://www.mayoclinic.org/patient-visitor-guide/billing-insurance/price-estimates/chargemaster","410944601_mayo-clinic-hospital-rochester_standardcharges.csv","csv","spreadsheet","13350569463","false"
"cc:52c2a3ef-cf7f-4c13-8c96-664a6d4994ad:0f011617-e688-48ea-acdf-8c6ce5749e99","cc:52c2a3ef-cf7f-4c13-8c96-664a6d4994ad","true","https://hospitalpricetransparencyfiles.com/hendry-county-hospital-authority/596002318_Hendry-County-Hospital-Authority_standardcharges.csv","https://www.ezcost.info/Hendry-Regional-Medical-Center","596002318_Hendry-County-Hospital-Authority_standardcharges.csv","csv","spreadsheet","2404069","false"
"cc:52e19e63-ac1d-489a-871a-f1ee32ac3d09:61881de5-ab43-4a0e-b011-6451a2135f30","cc:52e19e63-ac1d-489a-871a-f1ee32ac3d09","true","https://pricetransparency.healthcare/beloit-memorial-hospital/charges/export","https://www.beloithealthsystem.org/patients-visitors/insurance-billing","391028081_beloit-memorial-hospital_standardcharges.csv","csv","spreadsheet","186327485","false"
"cc:5307df7a-89d3-44b2-b9ec-3b4d3bcb1ea4:5ca3f196-459a-4289-ba0f-b38c2e312b68","cc:5307df7a-89d3-44b2-b9ec-3b4d3bcb1ea4","true","https://resources.selectmedical.com/pricing-transparency/critical-illness-recovery/34-1880514_Select_Specialty_Hospital-Youngstown_standardcharges.csv","https://www.selectspecialtyhospitals.com/patients-and-caregivers/admissions/price-transparency/","34-1880514_Select_Specialty_Hospital-Youngstown_standardcharges.csv","csv","spreadsheet","66184996","false"
"cc:53a1946a-3265-4b87-bc40-a1ec69ac205c:03e4d817-6bc8-4b53-8b12-3f21af382f11","cc:53a1946a-3265-4b87-bc40-a1ec69ac205c","true","https://whiteriverhealth.slicedhealth.io/pricer/71-0411459-1710943881_WhiteRiverHealth_standardcharges.CSV","https://whiteriverhealth.slicedhealth.io/home","710411459-1710943881_white-river-health_standardcharges.csv","csv","spreadsheet","44197075","false"
"cc:53d89688-f8c9-4328-be26-4235fdc5ebd4:95bb3ca4-cc20-433b-bd12-08dd7fbf349b","cc:53d89688-f8c9-4328-be26-4235fdc5ebd4","true","https://beverlyhospital.org/042121317_beverly-hospital-corporation_standardcharges.json","https://beverlyhospital.org/patients-visitors/billing-financial-services/price-transparency","042121317_beverly-hospital-corporation_standardcharges.json","json","other","23176445","false"
"cc:53e922da-a2c0-45d1-b8ce-02840fffcbbc:a5ad07db-3d73-49f4-ac18-c35d0e525f07","cc:53e922da-a2c0-45d1-b8ce-02840fffcbbc","true","https://www.nchospital.org/_files/ugd/213ab8_26142faef5d6441bbad2c2f7a557dc33.csv?dn=480579743_ness-county-hospital_standardcharges.csv","https://www.nchospital.org/price-transparency","480579743_ness-county-hospital_standardcharges.csv","csv","spreadsheet","5208637","false"
"cc:53ee7df9-f504-4897-92ee-d01e7e095bf7:8c52329b-f11d-4aeb-9b34-caa0231b73e5","cc:53ee7df9-f504-4897-92ee-d01e7e095bf7","true","https://stctrprodsnsvc00455826e6.blob.core.windows.net/pt-final-posting-files/62-1682207_MEDICAL-CITY-MCKINNEY_standardcharges.json?si=pt-json-access-policy&spr=https&sv=2024-11-04&sr=c&sig=o5IofreS%2F7ETlsnhPakPWCwHVVUZRobywQ5wUKGjVuQ%3D","https://medicalcityhealthcare.com/about/legal/pricing-transparency-cms-required-file-of-standard-charges.dot","62-1682207_MEDICAL-CITY-MCKINNEY_standardcharges.json","json","other","1104633587","false"
"cc:53f5cc82-4c01-4c13-9190-f5d9fe2ddf20:7811871d-7f0a-4e1c-a487-3f5d47691284","cc:53f5cc82-4c01-4c13-9190-f5d9fe2ddf20","true","https://resources.selectmedical.com/Pricing-Transparency/critical-illness-recovery/25-1813126_Select_Specialty_Hospital-Dallas_Downtown_standardcharges.csv","https://www.selectspecialtyhospitals.com/patients-and-caregivers/admissions/price-transparency","25-1813126_Select_Specialty_Hospital-Dallas_Downtown_standardcharges.csv","csv","spreadsheet","168474578","false"
"cc:53fae429-bc73-4a06-ac70-ad3975cf8320:84da1145-e39e-4378-92c6-36e47715e046","cc:53fae429-bc73-4a06-ac70-ad3975cf8320","true","https://cdn.accureg.net/trans/lakeregional/237339737_Lake-Regional-Health-System_standardcharges.csv","https://pricetransparency.accureg.net/lakeregional","237339737_Lake-Regional-Health-System_standardcharges.csv","csv","spreadsheet","94369912","false"
"cc:540fbb40-9928-44c4-a05e-c9829049ee7e:8b3d60f6-1907-4a1b-acc9-63f47bbf03a5","cc:540fbb40-9928-44c4-a05e-c9829049ee7e","true","https://caromonthealth.org/media/jsqhhnji/560619359_caromont-regional-medical-center_standardcharges.csv","https://caromonthealth.org/patients-visitors/care-cost-estimate/","560619359_caromont-regional-medical-center_standardcharges.csv","csv","spreadsheet","136376733","false"
"cc:54140580-cb7a-4ea7-95d2-183541c4ba01:4a207a69-ebe9-43f4-83f4-da95c98c8209","cc:54140580-cb7a-4ea7-95d2-183541c4ba01","true","https://www.renobehavioral.com/sites/default/files/reno/CMS%20Machine%20Readable%20HOS%208.2026.csv","https://www.renobehavioral.com/resources","CMS Machine Readable HOS 8.2026.csv","csv","spreadsheet","15465","false"
"cc:5422a614-1d49-42d4-9a02-acb0182f7e0a:54c9ebd7-367c-4af5-b0d5-51dcbba77ba4","cc:5422a614-1d49-42d4-9a02-acb0182f7e0a","true","https://edge.sitecorecloud.io/sutterhealt962c-sutterhealt8fce-production57cc-4860/media/Project/SutterHealth/SutterHealth/Files/billing-insurance/costs-and-charges/940562680-1194171371_alta-bates-summit-medical-center-hawthorne-campus_standardcharges.csv","https://www.sutterhealth.org/billing-insurance/costs-and-charges/cost-transparency","940562680-1194171371_alta-bates-summit-medical-center-hawthorne-campus_standardcharges.csv","csv","spreadsheet","17061683","false"
"cc:549aff9a-e5cd-472a-ac42-991ca4f057be:8f0f4350-1d99-4ff6-8adc-ca51b04b441a","cc:549aff9a-e5cd-472a-ac42-991ca4f057be","true","https://secure.claraprice.net/price-transparency/great-plains-health-ne","https://www.gphealth.org/patients-visitors/estimates-billing-price-transparency","470662290_great-plains-health_standardcharges.json","json","other","63388619","false"
"cc:551edd1b-32d0-45af-a19f-0252d2bb81d8:39033908-ef37-41af-8f12-a3c0f8c67367","cc:551edd1b-32d0-45af-a19f-0252d2bb81d8","true","https://files.trueaccess.care/broadlawns/426005830_eastuniversity_standardcharges.csv","https://www.broadlawns.org/patients-and-visitors/billing-financial/price-list-and-cost-estimates","426005830_eastuniversity_standardcharges.csv","csv","spreadsheet","730228","false"
"cc:553625b2-2f72-482d-a967-dc160e4f82ac:bb930460-ec9a-42d9-8bba-86a7132928d3","cc:553625b2-2f72-482d-a967-dc160e4f82ac","true","https://drive.google.com/uc?export=download&id=1VUa4VxokzPDeW9ol4aZ-fxbC8ehdLpjh","https://serenityhospital.com/general","NEWcsvprice-transparency-tall-csv machine readable.csv","csv","spreadsheet","45532","false"
"cc:55589715-143c-44f4-8d9f-5661039949e7:4bb664c7-716a-4b03-a6dd-388af0976679","cc:55589715-143c-44f4-8d9f-5661039949e7","true","https://stctrprodsnsvc00455826e6.blob.core.windows.net/pt-final-posting-files/62-1762545_WESLEY-MEDICAL-CENTER_standardcharges.json?si=pt-json-access-policy&spr=https&sv=2024-11-04&sr=c&sig=o5IofreS%2F7ETlsnhPakPWCwHVVUZRobywQ5wUKGjVuQ%3D","https://www.wesleymc.com/patient-resources/patient-financial-resources/pricing-transparency-cms-required-file-of-standard-charges","62-1762545_WESLEY-MEDICAL-CENTER_standardcharges.json","json","other","380095325","false"
"cc:55909b8c-e503-479c-bd55-d24e15ccf501:7555dc46-c37f-4319-97cd-060773977be4","cc:55909b8c-e503-479c-bd55-d24e15ccf501","true","https://memorialhermann.org/-/media/memorial-hermann/org/files/patients-and-visitors/cms-standard-hospital-charges/741152597_mhhs-opid-cypress-ccc_standardcharges.ashx","https://memorialhermann.org/patients-visitors/patient-services/financial-care/financial-resources/cms-price-transparency-information","741152597_mhhs-opid-cypress-ccc_standardcharges.csv","csv","spreadsheet","36141352","false"
"cc:55f2748f-12ee-49df-bf8e-10d0d2de0d28:397cb842-89db-4387-b528-ea37d8226398","cc:55f2748f-12ee-49df-bf8e-10d0d2de0d28","true","https://mrfs.hyvehealthcare.com/TenetHealth/591223933_palm-beach-gardens-community-hospital%2C-inc._standardcharges.json","https://www.palmbeachhealthnetwork.com/patients/pricing-info-estimates/hospital-pricing-information","591223933_palm-beach-gardens-community-hospital,-inc._standardcharges.json","json","other","2933775","false"
"cc:560277a7-56b8-4c0a-a10f-9c6d57e40735:e5fc4ccb-9ac9-4226-bcc3-2178ad2f484e","cc:560277a7-56b8-4c0a-a10f-9c6d57e40735","true","https://apim.services.craneware.com/api-pricing-transparency/api/public/d7df6109199b6b48b52eabda3a11726d/charges/mrf","https://www.cdmpricing.com/d7df6109199b6b48b52eabda3a11726d","131740126_St-Johns-Riverside-Hospital_standardcharges.zip","zip","unknown","1961054","false"
"cc:56139678-6cf3-4f56-9bdb-0fd185471809:724bb9a5-9b47-44e7-a7e0-fb398ae2b4c5","cc:56139678-6cf3-4f56-9bdb-0fd185471809","true","https://www.rrmc.org/app/files/public/47f0fe40-cd79-42f2-bd09-793a36563ae6/Patient%20and%20Visitors/030183483_RutlandRegionalMedicalCenter_standardcharges.csv","https://www.rrmc.org/patient-visitors/billing-insurance/pricing-estimates/","030183483_RutlandRegionalMedicalCenter_standardcharges.csv","csv","spreadsheet","33644184","false"
"cc:562a368f-6b59-4eea-83cd-96854fa94771:195246f9-f7ca-499f-906b-a1b744d9fdce","cc:562a368f-6b59-4eea-83cd-96854fa94771","true","https://resources.selectmedical.com/Pricing-Transparency/critical-illness-recovery/75-2999825_Select_Specialty_Hospital-Savannah_standardcharges.csv","https://www.selectspecialtyhospitals.com/patients-and-caregivers/admissions/price-transparency","75-2999825_Select_Specialty_Hospital-Savannah_standardcharges.csv","csv","spreadsheet","91932861","false"
"cc:562dd75e-23a8-49ce-b707-0bc8352c16c3:8c81ea4a-b2d2-4cc2-800b-50199f5b8519","cc:562dd75e-23a8-49ce-b707-0bc8352c16c3","true","https://www.mymichigan.org/app/files/public/a7d06688-3093-4e8f-a162-194e082d5bcf/381437919_mymichigan-medical-center-alma_standardcharges.csv","https://www.mymichigan.org/patients-visitors/billing-insurance/cost-estimates/","381437919_mymichigan-medical-center-alma_standardcharges.csv","csv","spreadsheet","94032342","false"
"cc:5647c4b3-d5b3-47bc-b177-2729760576df:96d85cda-78cd-4841-b2b1-4d2204eb2c12","cc:5647c4b3-d5b3-47bc-b177-2729760576df","true","https://nec24.com/wp-content/uploads/2026/03/832041052_Neighbors-Emergency-Center-Crosby_standardcharges.csv","https://nec24.com/price-transparency","832041052_Neighbors-Emergency-Center-Crosby_standardcharges.csv","csv","spreadsheet","218391","false"
"cc:566bb91d-7f26-4713-986b-82f7809db57a:478d0da3-c628-4cf2-81ce-45411aa50168","cc:566bb91d-7f26-4713-986b-82f7809db57a","true","https://www.massgeneralbrigham.org/content/dam/mgb-global/en/price-transparency/043071419_Spaulding-Rehabilitation-Hospital-Cape-Cod_StandardCharges.zip","https://spauldingrehab.org/patient-support/insurance-billing/hospital-charge-data","043071419_Spaulding-Rehabilitation-Hospital-Cape-Cod_StandardCharges.zip","zip","unknown","20683","false"
"cc:5677c439-f384-45af-9a63-31dca5bdaf6c:84dc6524-4d5e-4ff7-98d0-fe56df637332","cc:5677c439-f384-45af-9a63-31dca5bdaf6c","true","https://www.dmh.org/_files/ugd/753cbe_612bfadd8b314ba78d4741a244d074e2.csv?dn=591205441_desoto-memorial-hospital_standardcharges.csv","https://www.dmh.org/chargemaster","591205441_desoto-memorial-hospital_standardcharges.csv","csv","spreadsheet","15065466","false"
"cc:567f030e-8c5a-4e6f-b2a3-6007cbb8337b:5115ba3b-dca4-4dce-93fa-ee8be84aea26","cc:567f030e-8c5a-4e6f-b2a3-6007cbb8337b","true","https://edge.sitecorecloud.io/sutterhealt962c-sutterhealt8fce-production57cc-4860/media/Project/SutterHealth/SutterHealth/Files/billing-insurance/costs-and-charges/940562680-1730238007_california-pacific-medical-center-mission-bernal-campus_standardcharges.csv","https://www.sutterhealth.org/billing-insurance/costs-and-charges/cost-transparency","940562680-1730238007_california-pacific-medical-center-mission-bernal-campus_standardcharges.csv","csv","spreadsheet","16311844","false"
"cc:56b146b2-065f-4a3a-9060-afab5fd72841:0ee6f3b2-2d18-4a76-9062-48a2ca0f510a","cc:56b146b2-065f-4a3a-9060-afab5fd72841","true","https://urldefense.com/v3/__https://hospitalpricedisclosure.com/download.aspx?pi=Q96z2NEzAwW5K4ztFskjzg*-*__;Kio!!OwHQNGuS!NNxzc3gzcCDbWC_3aBKJU3Bm28st5mdzWI_DoAkJmDmhsUhsHjB8niD15jvlGIrs7b_d4aR0fJBjowy6rVbgBT6zjnTGtA$","https://urldefense.com/v3/__https://HospitalPriceDisclosure.com/Default.aspx?ci=RsbcVwMa5jfnDZuYpIqAxQ*-*__;Kio!!OwHQNGuS!NNxzc3gzcCDbWC_3aBKJU3Bm28st5mdzWI_DoAkJmDmhsUhsHjB8niD15jvlGIrs7b_d4aR0fJBjowy6rVbgBT5sJPyOLA$","473793197_adventhealth-new-smyrna-beach_standardcharges.json","json","other","19961819","false"
"cc:56f03939-6e45-4b42-8ffd-9e7de1255b87:8c958648-696e-42ad-bcfa-a626fa9db41a","cc:56f03939-6e45-4b42-8ffd-9e7de1255b87","true","https://cvmc.goredde.com/Estimator/Files/87-0419324_Central_Valley_Medical_Center_standardcharges.csv","https://cvmc.goredde.com/Estimator/","87-0419324_Central_Valley_Medical_Center_standardcharges.csv","csv","spreadsheet","227231425","false"
"cc:571a6a05-fe72-43a4-8c77-2c595a88138b:26f3921f-e945-4eac-b666-8ef563d2fb7d","cc:571a6a05-fe72-43a4-8c77-2c595a88138b","true","https://www.independence.health/documents/content/251010039_Butler-Clarion_standardcharges.csv","https://www.independence.health/patients-visitors/financial-services/price-transparency/","251010039_Butler-Clarion_standardcharges.csv","csv","spreadsheet","61945456","false"
"cc:571e5bc5-deb0-4687-b528-b3add3eb93c2:2a428b3c-2fe6-4e9e-a4a4-21edce3c9c14","cc:571e5bc5-deb0-4687-b528-b3add3eb93c2","true","https://bidmc.org/042103881_beth-israel-deaconess-medical-center_standardcharges.json","https://bidmc.org/patients-visitors/billing-financial-services/price-transparency","042103881_beth-israel-deaconess-medical-center_standardcharges.json","json","other","28109168","false"
"cc:572cbfd4-1e13-4c2b-971d-c751465c49fc:085f905b-e402-4ddf-af71-21272d6b36ef","cc:572cbfd4-1e13-4c2b-971d-c751465c49fc","true","https://trinityhealth.com/340875691_trinity-west_standardcharges.json","https://www.commonspirit.org/price-transparency","340875691_trinity-west_standardcharges.json","json","other","34465257","false"
"cc:5734f0a5-f291-4673-815c-bf60a69da2a7:6366590a-7232-4821-a343-7a7d9c4f99d0","cc:5734f0a5-f291-4673-815c-bf60a69da2a7","true","https://omh.ny.gov/omhweb/adults/141663311_nysomh_standardcharges.csv","https://omh.ny.gov/omhweb/adults/omh-hospital-pricing-transparency.pdf","141663311_nysomh_standardcharges.csv","csv","spreadsheet","929041","false"
"cc:573d15d7-b491-4ea4-86ff-d775b1e4c52d:dcdc22ab-bfd2-438e-8f72-eb1c3b283f72","cc:573d15d7-b491-4ea4-86ff-d775b1e4c52d","true","https://www.huhealthcare.com/app/files/public/2468f97e-c2b9-47d0-bc38-6237cb34b215/53-0196961_HowardUniversityHospital_StandardCharges.csv","https://www.huhealthcare.com/patients-visitors/financial-services/price-transparency/","87-3454381_HowardUniversityHospital_StandardCharges.csv","csv","spreadsheet","18190345","false"
"cc:57871c6e-52d9-461c-be09-e13f25837335:c0d0ccf3-bdd0-4158-bff4-ffed0d93d7bc","cc:57871c6e-52d9-461c-be09-e13f25837335","true","https://jcrhc.org/wp-content/uploads/426037868_jackson-county-regional-health-center_standardcharges.csv","https://jcrhc.org/price-transparency/","426037868_jackson-county-regional-health-center_standardcharges.csv","csv","spreadsheet","89636511","false"
"cc:5789a702-d5ed-453a-ac5e-8f004cfcefe3:06f1061a-31ce-4626-a0d4-2eafde418974","cc:5789a702-d5ed-453a-ac5e-8f004cfcefe3","true","https://hospitalpricedisclosure.com/Download.aspx?pxi=5rzWpHs2q7FEzGgDlBE98w*-*&f=iFd*_*cEPwhQHJy3lVvHy9uQ*-*","https://urldefense.com/v3/__https:/hospitalpricedisclosure.com/Default.aspx?ci=jZlMrXy92UZxgxqL*__*9*_*vqA*-*__;KioqKioq!!PA8yTw!tkJLvPRQ3LgNcfhzq33DISZznMtl8hy0k5ohbzJBY6b8OgbrnqJcw5owCHbgGzslntBdlFI8mGahmFDLexT999wpj00$","383647394_phoebe-worth-medical-center_standardcharges.json","json","other","5438624","false"
"cc:57b7bc52-c58a-4445-b6f8-e0e432abcfed:a077e77e-46b3-4ce2-a3a5-4d8624d5c7cf","cc:57b7bc52-c58a-4445-b6f8-e0e432abcfed","true","https://resources.selectmedical.com/Pricing-Transparency/HBOP/27-4586141_BSW-Institute-for-Rehabilitation-Dallas_standardcharges.csv","https://www.bswrehab.com/patients-and-caregivers/admissions/price-transparency","27-4586141_BSW-Institute-for-Rehabilitation-Dallas_standardcharges.csv","csv","spreadsheet","46070858","false"
"cc:57d4bfef-19a6-4a72-9c4b-80ccaadd30f5:10ddbacc-aacb-4e40-83bb-0cd9a09dffc9","cc:57d4bfef-19a6-4a72-9c4b-80ccaadd30f5","true","https://www.medstarhealth.org/-/media/project/mho/medstar/billing-and-insurance/2026/521369749_1578639761_national_rehabilitation_hospital_inc_standardcharges.csv","https://www.medstarhealth.org/price-transparency-disclosures","521369749_1578639761_National_Rehabilitation_Hospital_Inc_standardcharges.csv","csv","spreadsheet","1094325","false"
"cc:57da6cb2-c1a3-4068-b76d-fca1f8109686:8ceecfd2-0958-4068-a951-0e126f1f40d7","cc:57da6cb2-c1a3-4068-b76d-fca1f8109686","true","https://apps.para-hcfs.com/PTT/FinalLinks/Reports.aspx?dbName=dbBMHECBlackfootID&type=CDMWithoutLabel&fileType=CSV","https://apps.para-hcfs.com/PTT/FinalLinks/Bingham_V2.aspx","205126945_bingham-memorial-hospital_standardcharges.csv","csv","spreadsheet","23598385","false"
"cc:585d9482-bc9d-4894-9a45-4ed7274ab1c0:a1dfe0a0-40f4-4d00-837d-cbe196a16917","cc:585d9482-bc9d-4894-9a45-4ed7274ab1c0","true","https://parkview.com/-/media/parkview-media/file/price-transparency/341048666_parkview-montpelier-hospital_standardcharges.ashx","https://www.parkview.com/patients-and-visitors/billing-and-insurance/request-an-estimate","341048666_parkview-montpelier-hospital_standardcharges.csv","csv","spreadsheet","4961228","false"
"cc:5868b699-1e4b-4017-acab-4d2a844f32f8:b5dd1d50-dd0d-41ed-b8a6-fd14faa123da","cc:5868b699-1e4b-4017-acab-4d2a844f32f8","true","https://apim.services.craneware.com/api-pricing-transparency/api/public/148a86449ee5cbd3c965583655c10047/charges/mrf","https://www.centracare.com/patient-resources/estimates/pricing/","384089454_Carris-Health---Redwood-LLC_standardcharges.csv","csv","spreadsheet","9055223","false"
"cc:5868d589-244e-4482-8c3b-74e0b94b8cef:94706452-dc81-48b1-bc93-ce843f8b6c52","cc:5868d589-244e-4482-8c3b-74e0b94b8cef","true","https://hospitalpricedisclosure.com/download.aspx?pi=u2RAQgdfsMbGN*__*Ecx*_*Fsvg*-*","https://hospitalpricedisclosure.com/default.aspx?ci=G*__*Z8NUFPd0POQzXwg*__*32OA*-*","586002830_john-d-archbold-memorial-hospital-inc-brooks_standardcharges.json","json","other","6333203","false"
"cc:587710ba-c81f-4805-b2e2-acdcd6815203:f25ee1a8-34d3-4b88-889a-55af00c73f2b","cc:587710ba-c81f-4805-b2e2-acdcd6815203","true","https://www.challiance.org/File%20Library/Uploads/PriceTransparency20262320.csv","https://challiance.org/patients-visitors/prices","PriceTransparency20262320.csv","csv","spreadsheet","278296353","false"
"cc:58b96820-a3a3-44d6-bf60-7714283a7bc9:214e655c-5c9c-43ec-bd92-e1d03059936a","cc:58b96820-a3a3-44d6-bf60-7714283a7bc9","true","https://www.owensborohealth.org/sites/default/files/documents/473944197_owensboro-health-muhlenberg-community-hospital_standardcharges.zip","https://www.owensborohealth.org/patient-visitor/billing/pricing-information","473944197_owensboro-health-muhlenberg-community-hospital_standardcharges.zip","zip","unknown","38771771","false"
"cc:58e26c9e-1675-4758-92be-c469676ac427:a40b80d4-b194-4250-855f-6bd693b75944","cc:58e26c9e-1675-4758-92be-c469676ac427","true","https://saltlake.kpcph.com/wp-content/uploads/sites/7/2023/11/83-4141873_KPC-Promise-Hospital-of-Salt-Lake_standardcharges.csv","https://saltlake.kpcph.com/cms-price-transparency/","83-4141873_KPC-Promise-Hospital-of-Salt-Lake_standardcharges.csv","csv","spreadsheet","1540585","false"
"cc:58e7da9b-cc38-4f11-a4d4-be34a4454b1a:5010d332-2837-4aaf-804c-e16bfadb485e","cc:58e7da9b-cc38-4f11-a4d4-be34a4454b1a","true","https://app.box.com/shared/static/10ncvcq7o1uqyy5554uqom1d51syuo8q.csv","https://us.flow-prod.boomi.com/f2a4d421-8a52-4b09-8a4c-8476aae2d651/play/ptt?flow-id=a91f6d2f-a3ad-4257-9185-99463fe7c6a3&flow-version-id=691a537c-ea37-41a1-96ba-24e7272b0047&hospital-id=72","756003935-1386401834_Titus_Regional_Medical_Center_standardcharges.csv","csv","spreadsheet","255179","false"
"cc:58e92fb7-2c93-4de4-b5bd-7ea202a66903:9475625d-18b6-483a-8963-a13006f83d80","cc:58e92fb7-2c93-4de4-b5bd-7ea202a66903","true","https://tgcaz.org/resources/86-0223720_TheGuidanceCenter_standardcharges.csv","https://tgcaz.org/resources.php","86-0223720_TheGuidanceCenter_standardcharges.csv","csv","spreadsheet","4852","false"
"cc:590376a6-a75f-4bd2-a9d9-2bc690c86cbe:045d458c-b96b-4210-8748-b97a2e79a161","cc:590376a6-a75f-4bd2-a9d9-2bc690c86cbe","true","https://resources.selectmedical.com/Pricing-Transparency/inpatient-rehabilitation/26-3694972_SSM_Select_Rehab_Richmond_Heights_standardcharges.csv","https://www.ssm-rehab.com/patients-and-caregivers/admissions/price-transparency","26-3694972_SSM_Select_Rehab_Richmond_Heights_standardcharges.csv","csv","spreadsheet","104699418","false"
"cc:5946f7fd-e156-4c37-8c9d-3d5a011872fb:95bb3ca4-cc20-433b-bd12-08dd7fbf349b","cc:5946f7fd-e156-4c37-8c9d-3d5a011872fb","true","https://beverlyhospital.org/042121317_beverly-hospital-corporation_standardcharges.json","https://beverlyhospital.org/patients-visitors/billing-financial-services/price-transparency","042121317_beverly-hospital-corporation_standardcharges.json","json","other","23176445","false"
"cc:5967a9a5-b938-4b8b-99ab-b72fcf7da440:ceeb42c6-1753-44f1-aa11-e4da2b51dd99","cc:5967a9a5-b938-4b8b-99ab-b72fcf7da440","true","https://www.infirmaryhealth.org/documents/price%20transparency%20files/203713023_Infirmary-Long-Term-Acute-Care-Hospital_standardcharges(1).csv","https://www.infirmaryhealth.org/patients-visitors/community/cms-price-transparency-patient-estimates/","203713023_Infirmary-Long-Term-Acute-Care-Hospital_standardcharges(1).csv","csv","spreadsheet","47079389","false"
"cc:5982325c-4c51-4a69-a828-fb82c229db87:a46a6430-282f-4818-8355-f99d4cfd10aa","cc:5982325c-4c51-4a69-a828-fb82c229db87","true","https://stctrprodsnsvc00455826e6.blob.core.windows.net/pt-final-posting-files/75-2387418_Corpus-Christi-Medical-Center---Bay-Area_standardcharges.json?si=pt-json-access-policy&spr=https&sv=2024-11-04&sr=c&sig=o5IofreS%2F7ETlsnhPakPWCwHVVUZRobywQ5wUKGjVuQ%3D","https://www.ccmedicalcenter.com/patient-resources/patient-financial-resources/pricing-transparency-cms-required-file-of-standard-charges","75-2387418_Corpus-Christi-Medical-Center---Bay-Area_standardcharges.json","json","other","681309923","false"
"cc:5a28aba5-e26e-4fe5-b5ee-bca9d1abd524:3c6b8024-d8f7-4f3b-b1af-4ec4a257535d","cc:5a28aba5-e26e-4fe5-b5ee-bca9d1abd524","true","https://www.bryanhealth.com/app/files/public/79d3dbd6-f8d1-4946-aa44-d139d3802826/820906268_merrick-medical-center_standardcharges.csv","https://www.bryanhealth.com/patients-visitors/pricing-insurance-financial-assistance-billing/price-estimates/","820906268_merrick-medical-center_standardcharges.csv","csv","spreadsheet","713915","false"
"cc:5a2966a8-54c4-4872-ac2e-cc754a8c21a2:9f29b2a7-10d8-4be5-86cc-b881e094633d","cc:5a2966a8-54c4-4872-ac2e-cc754a8c21a2","true","https://media.ecommunity.com/PricingTransparency/CHN_JMH_Ventures_PT.csv","https://www.ecommunity.com/central-pricing-office/list-of-standard-charges","CHN_JMH_Ventures_PT.csv","csv","spreadsheet","408453643","false"
"cc:5a34b9fd-b7fa-45f4-b596-12a447543312:bc61d7eb-2168-4f32-93a1-fc362d0c599d","cc:5a34b9fd-b7fa-45f4-b596-12a447543312","true","https://www.firelands.com/app/files/public/f431cc81-07d8-4f2b-a027-dab8621d088d/341401659%20_firelands-regional-medical-center_standardcharges.csv","https://www.firelands.com/patients-guests/billing-insurance/price-transparency/","341401659 _firelands-regional-medical-center_standardcharges.csv","csv","spreadsheet","19280368","false"
"cc:5a47e43e-8ee6-4381-8d53-37d53c644f6a:69ddbb8f-726a-4411-bf47-6820ceef0ebf","cc:5a47e43e-8ee6-4381-8d53-37d53c644f6a","true","https://stctrprodsnsvc00455826e6.blob.core.windows.net/pt-final-posting-files/82-1349955_HCA-HOUSTON-HEALTHCARE-TOMBALL_standardcharges.json?si=pt-json-access-policy&spr=https&sv=2024-11-04&sr=c&sig=o5IofreS%2F7ETlsnhPakPWCwHVVUZRobywQ5wUKGjVuQ%3D","https://www.hcahoustonhealthcare.com/patient-resources/patient-financial-resources/pricing-transparency-cms-required-file-of-standard-charges","82-1349955_HCA-HOUSTON-HEALTHCARE-TOMBALL_standardcharges.json","json","other","607561025","false"
"cc:5a6ebf92-6bfa-47f7-96c7-305bff8b0db0:d4cf572f-36a3-4adb-b770-bcd7593990eb","cc:5a6ebf92-6bfa-47f7-96c7-305bff8b0db0","true","https://www.hebrewhealthcare.org/060646672_hebrew-home-and-hospital,-inc_standardcharges.csv","https://www.hebrewhealthcare.org/price-transparency","060646672_hebrew-home-and-hospital,-inc_standardcharges.csv","csv","spreadsheet","8616","false"
"cc:5aac9267-b7d2-42a8-bb6a-bc9ccea5546c:37f60cab-04d6-4b1e-b377-2c549562bdbc","cc:5aac9267-b7d2-42a8-bb6a-bc9ccea5546c","true","https://rca.centaurihs.com/ptapp/#137db597daba65e49980212b8de4297e038c1b814e1a92fe58c0f1c7a0bc78c3","http://gcdmc.org/","88-0198997_grovercdilsmedicalcenter_standardcharges.csv","csv","spreadsheet","1969368","false"
"cc:5ae04274-c61a-4ec1-a173-9003d480d5ad:6357db69-ac29-4b17-9147-5ffa4fea6572","cc:5ae04274-c61a-4ec1-a173-9003d480d5ad","true","https://www.trhealth.com/wp-content/uploads/2024/01/TRH_CMS_Price_Transparency_12.30.25.csv","https://www.trhealth.com/","TRH_CMS_Price_Transparency_12.30.25.csv","csv","spreadsheet","283570","false"
"cc:5aeba910-3ecc-446b-8b7f-88a422e0e55b:f09a825e-951c-4e26-9086-85cba52be716","cc:5aeba910-3ecc-446b-8b7f-88a422e0e55b","true","https://www.mycmh.org/documents/951683892_community-memorial-healthcare-ventura_standardcharges.csv.csv","https://www.mycmh.org/patients-visitors/billing-insurance/price-transparency/","951683892_community-memorial-healthcare-ventura_standardcharges.csv.csv","csv","spreadsheet","70115477","false"
"cc:5aee0030-7cde-4a70-b7f3-d427f601a5c9:3dbebbf5-ceda-4e93-a796-a0720ac4d93c","cc:5aee0030-7cde-4a70-b7f3-d427f601a5c9","true","https://www.hendricks.org/upload/docs/Billing/351361243_hendricks-regional-health_standardcharges.csv","https://www.hendricks.org/about/pricing","351361243_hendricks-regional-health_standardcharges.csv","csv","spreadsheet","7345657","false"
"cc:5af35110-202d-4686-8eb6-267647094b15:875d36d6-560e-4d1e-92c8-030cd9d1baae","cc:5af35110-202d-4686-8eb6-267647094b15","true","https://app.box.com/shared/static/9mtys0qbxrki4w39ird1s4mnf0j8bxki.csv","https://midcoasthealthsystem.org/pricing-transparency","760698013-1780786699_Palacios_Community_Medical_Center_standardcharges.csv","csv","spreadsheet","2178280","false"
"cc:5af70d8a-1037-43c5-bcc5-df0c333c0dd2:7d087773-d63f-4c0b-8182-e0a8a41e4079","cc:5af70d8a-1037-43c5-bcc5-df0c333c0dd2","true","https://media.ecommunity.com/PricingTransparency/Community_Hospital_South.csv","https://www.ecommunity.com/central-pricing-office/list-of-standard-charges","Community_Hospital_South.csv","csv","spreadsheet","2283661372","false"
"cc:5af8cf95-2c02-40e1-8f1d-2b8ae6820e68:c99bdd1a-3329-4002-95da-63913297041c","cc:5af8cf95-2c02-40e1-8f1d-2b8ae6820e68","true","https://www.mhsystem.org/wp-content/uploads/2023/09/314379509_marietta-memorial-hospital_standardcharges.csv","https://www.mhsystem.org/patientprices","314379509_marietta-memorial-hospital_standardcharges.csv","csv","spreadsheet","34701316","false"
"cc:5aff0695-7979-4073-bfd4-5a6025e5e1cf:a05c15d1-7224-4ca0-a71f-7bbb2e665532","cc:5aff0695-7979-4073-bfd4-5a6025e5e1cf","true","https://stctrprodsnsvc00455826e6.blob.core.windows.net/pt-final-posting-files/84-1321505_SPALDING-AT-PSL_standardcharges.json?si=pt-json-access-policy&spr=https&sv=2024-11-04&sr=c&sig=o5IofreS%2F7ETlsnhPakPWCwHVVUZRobywQ5wUKGjVuQ%3D","https://www.healthonecares.com/patient-resources/patient-financial-resources/pricing-transparency-cms-required-file-of-standard-charges","84-1321505_SPALDING-AT-PSL_standardcharges.json","json","other","145322280","false"
"cc:5b0e0409-66f0-4e6d-9b02-7f5cadc37018:aa1691f1-de79-4e2c-86bd-d11fd320403f","cc:5b0e0409-66f0-4e6d-9b02-7f5cadc37018","true","https://ligacancerpr.org/wp-content/uploads/2024/07/2024-Final-Price-Transparency-Hospital-Oncologico-Rev-07-8-24.xls","https://ligacancerpr.org/hospital-pricing/","2024-Final-Price-Transparency-Hospital-Oncologico-Rev-07-8-24.xls","xls","spreadsheet","417792","false"
"cc:5b3005f0-c5e3-4737-8a99-463908e3833f:5cf68679-5f84-4a3f-a6e0-2f890621cb96","cc:5b3005f0-c5e3-4737-8a99-463908e3833f","true","https://www.mauryregional.com/clientfiles/getfile/626002623_maury-regional-medical-center_standardcharges.csv","https://www.mauryregional.com/billing-and-insurance/understanding-charges/price-transparency/","626002623_maury-regional-medical-center_standardcharges.csv","csv","spreadsheet","219380402","false"
"cc:5b364fa2-83e8-4776-9454-6d31f082cfea:1aedc915-3066-47eb-8f84-b7cb4f8e6939","cc:5b364fa2-83e8-4776-9454-6d31f082cfea","true","https://ukhspricetransparency.blob.core.windows.net/ukhs-price-transparency/48-0577664_TheUniversityOfKansasHealthSystemOlatheCampus_standardcharges.csv","https://www.kansashealthsystem.com/patient-visitor/financial/patient-bills/services-fees/charge-descriptions","48-0577664_TheUniversityOfKansasHealthSystemOlatheCampus_standardcharges.csv","csv","spreadsheet","397859258","false"
"cc:5b82b11e-815f-4118-b558-5913b82cb3f6:3636e261-3d43-4dd9-956a-776f3e16a470","cc:5b82b11e-815f-4118-b558-5913b82cb3f6","true","https://www.kedren.org/wp-content/uploads/2026/06/95-2459796_kedren_health_standardcharges.csv","https://www.kedren.org/hospital-price-transparency","95-2459796_kedren_health_standardcharges.csv","csv","spreadsheet","297382","false"
"cc:5bc95764-fab1-4b8c-a9fa-a580f7c07c1a:96ecb0da-2a4d-4fcc-a784-a81dd24276a9","cc:5bc95764-fab1-4b8c-a9fa-a580f7c07c1a","true","https://www.wphospital.org/clientfiles/getfile/131740130_white-plains-hospital_standardcharges.csv","https://www.wphospital.org/patients-visitors/patients/billing-information/standard-charges","131740130_white-plains-hospital_standardcharges.csv","csv","spreadsheet","147120478","false"
"cc:5be264fb-f871-4731-b8a7-684157b210f8:ea6c2136-c21a-42fa-9255-f4059bb3002a","cc:5be264fb-f871-4731-b8a7-684157b210f8","true","https://milwaukeehospital.com/csv-download/873057851_milwaukee-hospital-llc_standardchargesin","https://milwaukeehospital.com/price-transparency","873057851_milwaukee-hospital-llc_standardchargesin.csv","csv","spreadsheet","284783","false"
"cc:5c136566-9ad6-43ef-9117-02f2b0850d91:4f758f06-5a71-4bb6-a808-0fc0ec903831","cc:5c136566-9ad6-43ef-9117-02f2b0850d91","true","https://mrfs.hyvehealthcare.com/TenetHealth/760354630_th-healthcare%2C-ltd_standardcharges.json","https://www.nacmedicalcenter.com/patients/pricing-info-estimates/hospital-pricing-information","760354630_th-healthcare,-ltd_standardcharges.json","json","other","2989142","false"
"cc:5c315f49-4a55-4c13-9164-4ce8e3dd51c7:80abeb11-ae4a-4976-8ced-1f7240f33af4","cc:5c315f49-4a55-4c13-9164-4ce8e3dd51c7","true","https://mrfs.hyvehealthcare.com/USPI/731612939_tpg-hospital-llc_standardcharges.csv","https://nwsurgicalokc.com/about/hospital-pricing-information","731612939_tpg-hospital-llc_standardcharges.csv","csv","spreadsheet","85797721","false"
"cc:5c414592-ca38-48bf-b7a7-6f58e1dfea84:cc2d5a8a-3fd9-4b23-9cfd-b990ea19d598","cc:5c414592-ca38-48bf-b7a7-6f58e1dfea84","true","https://www.forresthealth.org/app/files/public/0cfb4638-f79b-4f2f-8c4e-b11bce581837/273156796_Walthall-General-Hospital_standardcharges.csv","http://www.forresthealth.org/patients-visitors/forrest-health-price-transparency/","273156796_Walthall-General-Hospital_standardcharges.csv","csv","spreadsheet","99397412","false"
"cc:5c6ce46d-166f-479a-8d0b-7d6a1d756567:9ce22146-7db6-42e8-80ce-794b6ee19a68","cc:5c6ce46d-166f-479a-8d0b-7d6a1d756567","true","https://www.in.gov/fssa/dmha/files/356000158-Neurodiagnostic-Institute_standardcharges.csv","https://www.in.gov/fssa/dmha/state-psychiatric-hospitals/state-psychiatric-hospitals-billing-information/","356000158-Neurodiagnostic-Institute_standardcharges.csv","csv","spreadsheet","4353","false"
"cc:5c85f1be-4510-47ee-9118-eae82df1287c:a861a8e8-519a-47e3-a6a9-8e6b1ddb6446","cc:5c85f1be-4510-47ee-9118-eae82df1287c","true","https://edge.sitecorecloud.io/sutterhealt962c-sutterhealt8fce-production57cc-4860/media/Project/SutterHealth/SutterHealth/Files/billing-insurance/costs-and-charges/941156621-1952350944_sutter-center-for-psychiatry_standardcharges.csv","https://www.sutterhealth.org/billing-insurance/costs-and-charges/cost-transparency","941156621-1952350944_sutter-center-for-psychiatry_standardcharges.csv","csv","spreadsheet","6706300","false"
"cc:5cba88e8-96eb-48e3-b3b4-87de5442fb9a:23de4177-938d-4a53-a5d3-c7a13f035b57","cc:5cba88e8-96eb-48e3-b3b4-87de5442fb9a","true","https://hospitalpricedisclosure.com/default.aspx?pi=PUMN8AXfu*__*zHLTm4o5ODEA*-*","https://www.tampa-rehabhospital.com/price-transparency","883071771_florida-rehabilitation-hospital-at-tampa,-llc_standardcharges.csv","csv","spreadsheet","467943","false"
"cc:5cc923b2-dcbd-4775-90e1-ebe80f212e28:0aa578c1-72b8-42b8-8694-497b940473a5","cc:5cc923b2-dcbd-4775-90e1-ebe80f212e28","true","https://www.ridgeviewmedical.org/app/files/public/a0e85442-7934-46a5-92c3-5375599465e9/311667875_ridgeview-medical-center_standardcharges.csv","https://www.ridgeviewmedical.org/patients-visitors/financial/request-estimate","311667875_ridgeview-medical-center_standardcharges.csv","csv","spreadsheet","560797124","false"
"cc:5cfc3755-c9b0-4579-82fd-f0c7e415d757:076eb5b4-1ca5-466d-bfc0-79c2d88e0939","cc:5cfc3755-c9b0-4579-82fd-f0c7e415d757","true","https://www.cottagehospital.org/uploads/files/020223321_cottage_hospital_standardcharges%282%29.csv","https://www.cottagehospital.org/price-transparency-","020223321_cottage_hospital_standardcharges(2).csv","csv","spreadsheet","5985947","false"
"cc:5d0034c2-b12f-41ca-af8c-40b54d55752c:fb6f5e94-2593-4872-8ed2-510fb6d8b8e3","cc:5d0034c2-b12f-41ca-af8c-40b54d55752c","true","https://horizonhealth.slicedhealth.io/pricer/00-0000000-1629280367_HorizonHealth_standardcharges.CSV","https://www.myhorizonhealth.org/patients-visitors/billing-insurance/charges","37-0860281-1629280367_HorizonHealth_standardcharges.CSV","csv","spreadsheet","20910031","false"
"cc:5d183035-46d6-44f4-a9df-57f1a150bb45:ea0b5db2-2b95-425d-a705-67fa97fd8c8a","cc:5d183035-46d6-44f4-a9df-57f1a150bb45","true","https://pricetransparency.providence.org/wamt/live/364640211_providence-sacred-hrt-med-center-and-childs-hosp_standardcharges.json","https://www.providence.org/obp/price-transparency","364640211_providence-sacred-hrt-med-center-and-childs-hosp_standardcharges.json","json","other","219342480","false"
"cc:5d1ccae2-91be-44c7-835a-d59df9795442:cbcf8f67-97ff-4e68-95e2-5e043793a445","cc:5d1ccae2-91be-44c7-835a-d59df9795442","true","https://sthpiprd.blob.core.windows.net/machine-readable-files/7906/274658935_martin-luther-king%2C-jr-los-angeles-mlkla-healthcare-corporation_standardcharges.csv","https://search.hospitalpriceindex.com/hpi2/machineReadable/MartinLutherKingJrCommunityHospital/7906","274658935_martin-luther-king,-jr-los-angeles-mlkla-healthcare-corporation_standardcharges.csv","csv","spreadsheet","272282123","false"
"cc:5d1f0bab-1440-4929-839d-c874f4edb8cb:fcb334a2-fe08-41f2-8c2f-bf1b9d7bbe2c","cc:5d1f0bab-1440-4929-839d-c874f4edb8cb","true","https://hospitalpricedisclosure.com/download.aspx?pi=WCPVLClkHEiOwGO6Nkv94g*-*","https://urldefense.com/v3/__https:/hospitalpricedisclosure.com/Default.aspx?ci=qkN*__*yGpwRznxBGXhgGG8pw*-*__;KioqKg!!J-3uQMwJ!LaoEoHnI9JBBWTXj5PaCWIVYhxf1o2AKtD8ifVPjYF5Dv_lNs9Cx8yhMqsM6qNCV3ZKPJyzXB6X0B1lqTi4104jf4Q%24","840370617%20_wray-community-district-hospital_standardcharges.csv","csv","spreadsheet","1800640","false"
"cc:5d7642aa-fcfc-4ff3-9da8-ef0bf01a5e33:bae09182-0a48-41eb-a57c-38c521d5e0e6","cc:5d7642aa-fcfc-4ff3-9da8-ef0bf01a5e33","true","https://umrhospital.com/wp-content/uploads/2021/01/CMS-Price-Transparency-01012021.xlsx","https://umrhospital.com/pricing-transparency/","CMS-Price-Transparency-01012021.xlsx","xlsx","spreadsheet","116192","false"
"cc:5d7d4a18-6b29-47b3-ab61-eb0fd4d743fd:ce3e77bd-fc7d-4979-a2b0-d3d414cad1c9","cc:5d7d4a18-6b29-47b3-ab61-eb0fd4d743fd","true","https://resources.selectmedical.com/Pricing-Transparency/critical-illness-recovery/38-4031103_Select_Specialty_Hospital-Spectrum_Health_standardcharges.csv","https://www.selectspecialtyhospitals.com/patients-and-caregivers/admissions/price-transparency","38-4031103_Select_Specialty_Hospital-Spectrum_Health_standardcharges.csv","csv","spreadsheet","149339434","false"
"cc:5d9aff36-df56-4115-81c3-03a5f9ff84eb:4203656a-a8a1-4c1a-be8c-d0805188349f","cc:5d9aff36-df56-4115-81c3-03a5f9ff84eb","true","https://www.hopkinsmedicine.org/-/media/patient-care/documents/billing-insurance/charge-fees/522093120_johns-hopkins-howard-county-medical-center_standardcharges.csv","https://www.hopkinsmedicine.org/patient-care/patients-visitors/billing-insurance/pay-bill/charges-fees","522093120_johns-hopkins-howard-county-medical-center_standardcharges.csv","csv","spreadsheet","6125460","false"
"cc:5d9d7f68-a1aa-4364-bd80-8c1153d69521:3336f297-e827-4a74-a871-06e51097ee89","cc:5d9d7f68-a1aa-4364-bd80-8c1153d69521","true","https://apps.para-hcfs.com/PTT/FinalLinks/Reports.aspx?dbName=dbSCHHUGOTONKS&type=CDMWithoutLabel&fileType=CSV","https://apps.para-hcfs.com/PTT/FinalLinks/Stevens_V2.aspx","481009034_stevens-county-hospital_standardcharges.csv","csv","spreadsheet","8035313","false"
"cc:5de9cd77-c808-4ef1-bd9a-57aba270211e:53fe3a5f-0c76-4a91-8831-0cc0089e9106","cc:5de9cd77-c808-4ef1-bd9a-57aba270211e","true","https://mcorgstatic.blob.core.windows.net/cms-price/411404075_mayo-clinic-health-system-albert-lea-and-austin_standardcharges.csv","https://www.mayoclinichealthsystem.org/for-patients-and-visitors/price-transparency","411404075_mayo-clinic-health-system-albert-lea-and-austin_standardcharges.csv","csv","spreadsheet","4712626908","false"
"cc:5dfbfc78-3228-48b7-9941-b0b6ee33abba:af4aaa10-a978-47c2-9536-92555bdbd451","cc:5dfbfc78-3228-48b7-9941-b0b6ee33abba","true","https://www.childrenshospital.org/sites/default/files/cms-hpt/comp-2026/04-2774441_Boston-Childrens-Longwood_StandardCharges.zip","https://www.childrenshospital.org/patients-families/about-boston-childrens/financial-billing-matters/resources-self-service/charges","04-2774441_Boston-Childrens-Longwood_StandardCharges.zip","zip","unknown","4227055","false"
"cc:5e39d51a-197c-49c2-a007-cb4f3f585a95:1ed00f9e-c3f3-4026-8887-ae1a01851f4c","cc:5e39d51a-197c-49c2-a007-cb4f3f585a95","true","https://url.us.m.mimecastprotect.com/s/nm_sC4xqW3t9DBojSxhJf4d1dX?domain=hospitalpricedisclosure.com","https://url.us.m.mimecastprotect.com/s/NykNC31pYXt9ypB8SgfjfQqCce?domain=freemanhealth.com","431704371_freeman-health-system---freeman-west_standardcharges.json","json","other","9042749","false"
"cc:5ec5cff2-9252-4838-b1ef-b88eb1a39f5a:f666f7cc-32e9-4a9e-833a-97e5f7d9f960","cc:5ec5cff2-9252-4838-b1ef-b88eb1a39f5a","true","https://hospitalpricedisclosure.com/download.aspx?pi=2JQmGw3qRMBD9GIH*__*qzLhg*-*","https://hospitalpricedisclosure.com/default.aspx?ci=G*__*Z8NUFPd0POQzXwg*__*32OA*-*","581646537_john-d-archbold-memorial-hospital-inc-grady_standardcharges.json","json","other","7969745","false"
"cc:5ed4659f-f545-4a32-8220-1963d409d545:d9aaa104-7267-4c8c-93a9-abd033b15b2a","cc:5ed4659f-f545-4a32-8220-1963d409d545","true","https://www.pioneershospital.org/wp-content/uploads/2026/04/pioneers-medical-center_standardcharges.csv","https://www.pioneershospital.org/pricingtransparency","pioneers-medical-center_standardcharges.csv","csv","spreadsheet","36843375","false"
"cc:5ee6c1af-1a21-4350-969b-486d1ce2f009:1ed00f9e-c3f3-4026-8887-ae1a01851f4c","cc:5ee6c1af-1a21-4350-969b-486d1ce2f009","true","https://url.us.m.mimecastprotect.com/s/nm_sC4xqW3t9DBojSxhJf4d1dX?domain=hospitalpricedisclosure.com","https://url.us.m.mimecastprotect.com/s/NykNC31pYXt9ypB8SgfjfQqCce?domain=freemanhealth.com","431704371_freeman-health-system---freeman-west_standardcharges.json","json","other","9042749","false"
"cc:5eee5009-638f-48c6-8bee-fad0d0bf3323:6366590a-7232-4821-a343-7a7d9c4f99d0","cc:5eee5009-638f-48c6-8bee-fad0d0bf3323","true","https://omh.ny.gov/omhweb/adults/141663311_nysomh_standardcharges.csv","https://omh.ny.gov/omhweb/adults/omh-hospital-pricing-transparency.pdf","141663311_nysomh_standardcharges.csv","csv","spreadsheet","929041","false"
"cc:5f2f2579-6058-4669-a6c9-81864e606152:d5f7f5ce-f2ec-442c-9df0-57ee7f2524e0","cc:5f2f2579-6058-4669-a6c9-81864e606152","true","https://lhcgroup.wpenginepowered.com/wp-content/uploads/82-2231824_LHCG%20CXXI,%20LLC%20dba%20Christus%20Dubuis%20Hospital%20of%20Beaumont_standardcharges.xlsx","https://lhcgroup.com/locations/christus-dubuis-hospital-of-beaumont/","82-2231824_LHCG CXXI, LLC dba Christus Dubuis Hospital of Beaumont_standardcharges.xlsx","xlsx","spreadsheet","949578","false"
"cc:5f31ee57-b604-4129-8492-b725c2bbf668:81b3d478-c015-492c-a1c6-76769491be25","cc:5f31ee57-b604-4129-8492-b725c2bbf668","true","https://www.adventisthealthcare.com/app/files/public/d73a12fc-fecc-4674-9a62-03326b134182/52-1532556_AdventistHealthCareWhiteOakMedicalCenter_StandardCharges.csv","https://www.adventisthealthcare.com/patients-visitors/billing-financial/price-transparency/","52-1532556_AdventistHealthCareWhiteOakMedicalCenter_StandardCharges.csv","csv","spreadsheet","2205315","false"
"cc:5f365851-8962-422c-8cd4-a7d1b59ee9af:33c663e4-f23e-47b1-b5e8-34b38e94ca7b","cc:5f365851-8962-422c-8cd4-a7d1b59ee9af","true","https://www.wth.org/wp-content/uploads/standard-charges/58-1884314_CH_Standard_Charges.csv","https://www.wth.org/financial-assistance-billing/hospital-charges/","58-1884314_CH_Standard_Charges.csv","csv","spreadsheet","18566701","false"
"cc:5fbe16de-e89d-42b8-bd61-f942653c5a7b:836459c9-7455-4a1a-9a1d-bf23f6c96e72","cc:5fbe16de-e89d-42b8-bd61-f942653c5a7b","true","https://southernwindshospital.com/standard_charges.csv","https://southernwindshospital.com/price-guide","standard_charges.csv","csv","spreadsheet","30839","false"
"cc:5fc1a733-8a81-4179-83c3-ba6e56078533:c200ff90-420a-4ef0-9ef7-ae3c999775b8","cc:5fc1a733-8a81-4179-83c3-ba6e56078533","true","https://www.northwesthealth.com/Uploads/Public/Documents/charge-masters/charge-masters-2024/263635210_siloam-springs-regional-hospital_standardcharges.csv","https://www.northwesthealth.com/pricing-information","263635210_siloam-springs-regional-hospital_standardcharges.csv","csv","spreadsheet","71328697","false"
"cc:5fe8f10f-d873-4ed0-a44e-90c618846a59:996f0160-3c2e-438e-a5c2-aaabdaf5f0da","cc:5fe8f10f-d873-4ed0-a44e-90c618846a59","true","https://stctrprodsnsvc00455826e6.blob.core.windows.net/pt-final-posting-files/95-4176924_HCA-FLORIDA-LAKE-CITY-HOSPITAL_standardcharges.json?si=pt-json-access-policy&spr=https&sv=2024-11-04&sr=c&sig=o5IofreS%2F7ETlsnhPakPWCwHVVUZRobywQ5wUKGjVuQ%3D","https://www.hcafloridahealthcare.com/patient-resources/patient-financial-resources/pricing-transparency-cms-required-file-of-standard-charges","95-4176924_HCA-FLORIDA-LAKE-CITY-HOSPITAL_standardcharges.json","json","other","244366261","false"
"cc:6079a6a5-f65c-4236-9236-4b9002565152:596d269f-03b6-4d27-8f4c-1aba4d7ae78c","cc:6079a6a5-f65c-4236-9236-4b9002565152","true","https://mcorgstatic.blob.core.windows.net/cms-price/411404075_mayo-clinic-health-system-red-wing_standardcharges.csv","https://www.mayoclinichealthsystem.org/for-patients-and-visitors/price-transparency","411404075_mayo-clinic-health-system-red-wing_standardcharges.csv","csv","spreadsheet","3594441921","false"
"cc:6082d261-0971-4174-966b-f78f876c16eb:faa204b4-0110-42b5-8cb4-21642b4ddf52","cc:6082d261-0971-4174-966b-f78f876c16eb","true","https://www.avera.org/app/files/public/2b9aa38c-4c89-40ef-b4b6-f3c7b8c158ac/460024743_avera-mckennan-hospital_standardcharges.csv","https://www.avera.org/patients-visitors/price-transparency/","460024743_avera-mckennan-hospital_standardcharges.csv","csv","spreadsheet","32248729","false"
"cc:60a92ac7-2608-4304-bb58-857c3d152552:f7b01f3c-4777-44f7-8310-d2ae57b0f688","cc:60a92ac7-2608-4304-bb58-857c3d152552","true","https://www.emergencyhospitals.care/wp-content/uploads/2025/10/474866295_DeerbrookEmergencyHospital_standardcharges.csv","https://www.emergencyhospitals.care/locations-ehs/humble-emergency-hospital/","474866295_DeerbrookEmergencyHospital_standardcharges.csv","csv","spreadsheet","887443","false"
"cc:60b3f187-a39c-49c2-85a0-757a79e5f287:8cb7c9e4-51ed-4288-a68e-cd19a43204ef","cc:60b3f187-a39c-49c2-85a0-757a79e5f287","true","https://apps.para-hcfs.com/PTT/FinalLinks/Reports.aspx?dbName=dbSVRMSANLUISOBISPOCA&type=CDMWithoutLabel&fileType=CSV","https://www.adventisthealth.org/patients-and-visitors/price-transparency","900942222_sierra-vista-hospital-inc_standardcharges.csv","csv","spreadsheet","28644482","false"
"cc:60e8e2dc-8846-4d4e-ba8b-d5655537aa2e:b3c41afb-2f73-47e6-960a-c81b1efac843","cc:60e8e2dc-8846-4d4e-ba8b-d5655537aa2e","true","https://mrfs.hyvehealthcare.com/TenetHealth/752522262_amisub-(sfh)%2C-inc._standardcharges.json","https://www.saintfrancishealthsystem.com/patients/pricing-info-estimates/hospital-pricing-information","752522262_amisub-(sfh),-inc._standardcharges.json","json","other","3626104","false"
"cc:60f74c55-672b-4bcd-b5fa-41260bc458bf:45a98784-30d7-4f60-8034-3e9b99317475","cc:60f74c55-672b-4bcd-b5fa-41260bc458bf","true","https://edge.sitecorecloud.io/sutterhealt962c-sutterhealt8fce-production57cc-4860/media/Project/SutterHealth/SutterHealth/Files/billing-insurance/costs-and-charges/941156621-1699129601_memorial-medical-center_standardcharges.csv","https://www.sutterhealth.org/billing-insurance/costs-and-charges/cost-transparency","941156621-1699129601_memorial-medical-center_standardcharges.csv","csv","spreadsheet","19322184","false"
"cc:6111ab72-0be6-4ac7-9bec-94b0e48ba8e9:6366590a-7232-4821-a343-7a7d9c4f99d0","cc:6111ab72-0be6-4ac7-9bec-94b0e48ba8e9","true","https://omh.ny.gov/omhweb/adults/141663311_nysomh_standardcharges.csv","https://omh.ny.gov/omhweb/adults/omh-hospital-pricing-transparency.pdf","141663311_nysomh_standardcharges.csv","csv","spreadsheet","929041","false"
"cc:61149f48-eb59-441b-91ce-53cb704e004b:e3bfaa55-ab4d-4937-9cfd-de8b159bac5a","cc:61149f48-eb59-441b-91ce-53cb704e004b","true","https://www.medstarhealth.org/-/media/project/mho/medstar/billing-and-insurance/2026/521369749_1669549614_national_rehabilitation_hospital_inc_standardcharges.csv","https://www.medstarhealth.org/price-transparency-disclosures","521369749_1669549614_National_Rehabilitation_Hospital_Inc_standardcharges.csv","csv","spreadsheet","5016300","false"
"cc:611fe399-5716-46cf-8c17-424831460678:24cd6930-97be-4e09-ad90-8bbbc419d0bc","cc:611fe399-5716-46cf-8c17-424831460678","true","https://www.geisinger.org/-/media/onegeisinger/pdfs/ghs/patient-care/patients-and-visitors/billing-and-insurance/hosp-charges-csv/24-0795959_geisinger-medical-center_standardcharges.csv?sc_lang=en&hash=C181A2E3F06B3A912BF687BC642CD2AA","https://www.geisinger.org/patient-care/patients-and-visitors/billing-and-insurance/tools-to-use/shop-services-and-view-hospital-charge-lists","24-0795959_Geisinger-Medical-Center_standardcharges.csv","csv","spreadsheet","360201294","false"
"cc:612515d4-7d36-46e6-b584-8085a580ab2c:e5bc7ac1-7d0b-4cc1-98ae-1cc5d30dfe86","cc:612515d4-7d36-46e6-b584-8085a580ab2c","true","https://vhchealth.pt.panaceainc.com/MRFDownload/vhchealth/virginiahospitalcenter","https://www.vhchealth.org/patients-visitors/billing-financial-assistance/price-transparency/","540505989_virginia-hospital-center-arlington-health-system_standardcharges.csv","csv","spreadsheet","444730141","false"
"cc:61407423-eee7-4ac2-9777-f6c539209400:8c55084f-b21b-44dc-aeb2-830d6fa6a502","cc:61407423-eee7-4ac2-9777-f6c539209400","true","https://apps.para-hcfs.com/PTT/FinalLinks/Reports.aspx?dbName=dbAHCKAILUAHI&type=CDMWithoutLabel&fileType=CSV","https://www.adventisthealth.org/patients-and-visitors/price-transparency","990107330_castle-medical-center_standardcharges.csv","csv","spreadsheet","307148350","false"
"cc:61577285-bd15-4c57-badc-cf1c5fd8eaae:0a95692a-0709-47a7-8ed4-647675bedc38","cc:61577285-bd15-4c57-badc-cf1c5fd8eaae","true","https://hpt.inmediata.com/?handler=DF&d=105CE5E7-9A34-405E-B612-E1037793BF02","https://hpt.inmediata.com/index?h=105CE5E7-9A34-405E-B612-E1037793BF02","660183310_Hospital-Damas,-Inc._standardcharges.json","json","other","8797037","false"
"cc:61681363-66c9-47fa-a440-e0eeacd81daf:bb50f552-7361-4448-a221-c8d2b41586cd","cc:61681363-66c9-47fa-a440-e0eeacd81daf","true","https://resources.selectmedical.com/Pricing-Transparency/inpatient-rehabilitation/93-1340330_Select_Medical_Rehab_Hospital-Tucson_standardcharges.csv?pcid=mopytdwsfkaj519w","https://www.banner-rehabhospitals.com/patients-and-caregivers/admissions/price-transparency/","93-1340330_Select_Medical_Rehab_Hospital-Tucson_standardcharges.csv","csv","spreadsheet","57627885","false"
"cc:6170839e-fe05-4d58-a064-90a0e70ad6e0:865ba6ff-ea9a-4eea-b78c-f61e08381584","cc:6170839e-fe05-4d58-a064-90a0e70ad6e0","true","https://resources.selectmedical.com/Pricing-Transparency/critical-illness-recovery/73-1674792_Select_Medical_Rehabilitation_Hospital_of_Madison_standardcharges.csv","https://www.selectspecialtyhospitals.com/patients-and-caregivers/admissions/price-transparency","73-1674792_Select_Medical_Rehabilitation_Hospital_of_Madison_standardcharges.csv","csv","spreadsheet","30585879","false"
"cc:6179630c-a2a8-491b-bc6f-133050c832c1:29829cb1-d279-4a19-99d9-3e6545910793","cc:6179630c-a2a8-491b-bc6f-133050c832c1","true","https://dschd.org/wp-content/uploads/2026/03/2026_HRMC_Standard_Charges_Validated_20260331.csv","https://dschd.org/price-transparency","2026_HRMC_Standard_Charges_Validated_20260331.csv","csv","spreadsheet","984204","false"
"cc:6195d060-e371-4488-9086-e5c826dd873c:174f2069-24a3-425d-bd77-f7b796048ded","cc:6195d060-e371-4488-9086-e5c826dd873c","true","https://ricemedicalcenter.slicedhealth.io/home","https://ricemedicalcenter.slicedhealth.io/home","27-0565499-1881624864_RiceMedicalCenter_standardcharges.CSV","csv","spreadsheet","13266931","false"
"cc:61cb5e26-b0bb-43f9-b6c2-e0b554a4d92d:d1e3e36e-b017-44d6-a250-eb54e5a039f8","cc:61cb5e26-b0bb-43f9-b6c2-e0b554a4d92d","true","https://machine-readable-files.com/advanceddiagnosticsspecialty/475587037_Advanced-Houston-Specialty-Hospital-LLC_standardcharges.csv","https://ezcost.info/easthoustonhospital","475587037_Advanced-Houston-Specialty-Hospital-LLC_standardcharges.csv","csv","spreadsheet","1976174","false"
"cc:61d6691b-b198-4bbb-8e10-8b532a745c9b:7ac51311-3a00-4327-b2cb-4d16de350352","cc:61d6691b-b198-4bbb-8e10-8b532a745c9b","true","https://www.bryanhealth.com/app/files/public/d58e511a-0235-4f70-8b0a-1956b594912b/873486516_kearney-regional-medical-center_standardcharges.csv","https://www.bryanhealth.com/patients-visitors/pricing-insurance-financial-assistance-billing/price-estimates/","873486516_kearney-regional-medical-center_standardcharges.csv","csv","spreadsheet","1441792","false"
"cc:62027531-314d-4dfb-b515-882d068cb1a2:0e043d5c-5e2d-490c-964a-2ffb43e35179","cc:62027531-314d-4dfb-b515-882d068cb1a2","true","https://hopedalemc.com/docs/370808925_hopedale-medical-foundation_standardcharges.csv","http://hopedalemc.com/price-transparency","370808925_hopedale-medical-foundation_standardcharges.csv","csv","spreadsheet","9898713","false"
"cc:62074fcb-2f1a-473c-837a-a976062d715a:59087fee-30e7-4274-8c24-16a42303a146","cc:62074fcb-2f1a-473c-837a-a976062d715a","true","https://www.alamedahealthsystem.org/wp-content/uploads/pricing/943302014_john-george-psychiatric-hospital_standardcharges.csv","https://www.alamedahealthsystem.org/price-transparency/","943302014_john-george-psychiatric-hospital_standardcharges.csv","csv","spreadsheet","7347646","false"
"cc:6226d458-1dbc-4508-bbf5-bc0275caef6d:0c37fc5c-1b05-46ce-be0e-850c7f8fe3f3","cc:6226d458-1dbc-4508-bbf5-bc0275caef6d","true","https://cdn.iuhealth.org/resources/263162145_indiana-university-health-arnett-inc._standardcharges.zip","https://iuhealth.org/schedule-an-appointment/price-estimates/standard-charge-listing","263162145_indiana-university-health-arnett-inc._standardcharges.zip","zip","unknown","64899455","false"
"cc:622cb6ab-f5b1-478a-97f3-37d5201816ba:48f49877-838f-48df-bdb6-1d0828eaa253","cc:622cb6ab-f5b1-478a-97f3-37d5201816ba","true","https://parkview.com/-/media/parkview-media/file/price-transparency/351967665_parkview-whitley-hospital_standardcharges.ashx","https://www.parkview.com/patients-and-visitors/billing-and-insurance/request-an-estimate","351967665_parkview-whitley-hospital_standardcharges.csv","csv","spreadsheet","36666299","false"
"cc:6264f074-d836-42b4-8cb7-57e5c2fa24de:36bd30d6-2d2b-4ba5-94b8-8b543850b6cd","cc:6264f074-d836-42b4-8cb7-57e5c2fa24de","true","https://hospitalpricedisclosure.com/download.aspx?pi=r5C56pFicSGYmflCJ5*__*QXg*-*&f=p22CpYLrWLxCnt4HoK7iZA*-*","https://www.orlandohealth.com/patients-and-visitors/patient-financial-resources/financial-information-prior-to-care/pricing-transparency-guide","591726273_orlando-health,-inc._standardcharges.json","json","other","90570353","false"
"cc:627aa017-4eda-418d-94de-30b306108436:83f161a3-84a9-4385-bd59-e32198bd8ed0","cc:627aa017-4eda-418d-94de-30b306108436","true","https://www.mymichigan.org/app/files/public/a1ddfa53-1c40-4ef6-b827-2026912f8d25/382602147-MyMichigan-Medical-Center-Sault-StandardCharges.csv","https://www.mymichigan.org/patients-visitors/billing-insurance/cost-estimates/","382602147-MyMichigan-Medical-Center-Sault-StandardCharges.csv","csv","spreadsheet","68882196","false"
"cc:62af5ebb-cc7b-415c-b2fc-31342f6faa60:6a479f03-8438-4722-a01f-fcefcc4258a6","cc:62af5ebb-cc7b-415c-b2fc-31342f6faa60","true","https://www.emanatehealth.org/clientfiles/getfile/956006469_emanate-health-inter-community-hospital_standardcharges.csv","https://www.emanatehealth.org/patients-visitors/financial-resources-assistance/","956006469_emanate-health-inter-community-hospital_standardcharges.csv","csv","spreadsheet","61414184","false"
"cc:62bc4967-1bb3-41f7-a21a-e36a2cc99d16:8ddc85d5-5a16-465f-a58f-fc40f2f1e4fb","cc:62bc4967-1bb3-41f7-a21a-e36a2cc99d16","true","https://www.kidspeace.org/wp-content/uploads/2026/03/V3.0.0_Tall_CSV_Format_Template_KidsPeace232654910.csv","https://www.kidspeace.org/kidspeace-hospital-rates","V3.0.0_Tall_CSV_Format_Template_KidsPeace232654910.csv","csv","spreadsheet","9213","false"
"cc:62c348ac-f006-4f84-b5a0-67e067ce7876:00708122-b7ee-4519-9a57-196affbb5605","cc:62c348ac-f006-4f84-b5a0-67e067ce7876","true","https://www.allinahealth.org/-/media/allina-health/files/customer-service/billing-and-insurance/price-transparency/363261413_united-hospital_standardcharges.csv","https://www.allinahealth.org/customer-service/billing-and-insurance","363261413_United-Hospital_standardcharges.csv","csv","spreadsheet","234757644","false"
"cc:62ce4282-95dd-4869-b9af-082f59cd4554:f66c2258-b1fd-473a-b124-3f2fc5e55948","cc:62ce4282-95dd-4869-b9af-082f59cd4554","true","https://mrfs.hyvehealthcare.com/TenetHealth/621811285-1326022765_vhs-of-arrowhead%2C-inc_standardcharges.json","https://www.abrazohealth.com/patients/pricing-info-estimates/hospital-pricing-information","621811285-1326022765_vhs-of-arrowhead,-inc_standardcharges.json","json","other","55235023","false"
"cc:62f42eaf-fcef-4e47-829f-884cec81cf4f:cff00439-5786-4bfa-8f5e-b4492ca60e50","cc:62f42eaf-fcef-4e47-829f-884cec81cf4f","true","https://resources.selectmedical.com/Pricing-Transparency/critical-illness-recovery/25-1855473_Select_Specialty_Hospital-Des_Moines_standardcharges.csv","https://www.selectspecialtyhospitals.com/patients-and-caregivers/admissions/price-transparency","25-1855473_Select_Specialty_Hospital-Des_Moines_standardcharges.csv","csv","spreadsheet","93738517","false"
"cc:6334f401-6638-467d-a4f5-486fb8bb9a38:2d6ac8ab-8b88-489f-b8d2-7a6482cc9ded","cc:6334f401-6638-467d-a4f5-486fb8bb9a38","true","https://www.creekhealth.org/wp-content/uploads/2026/05/731357965_Muscogee-Creek-Nation-Department-of-Health_standardcharges.xlsx","https://www.creekhealth.org/price-transparency","731357965_Muscogee-Creek-Nation-Department-of-Health_standardcharges.xlsx","xlsx","spreadsheet","6007634","false"
"cc:6340ed41-4cbb-4873-9786-4055ff49ec09:956bbf7b-83ab-4a6d-9b91-cf19d09a060f","cc:6340ed41-4cbb-4873-9786-4055ff49ec09","true","https://www.claycountyhospital.com/docs/636002184_clay-county-hospital_standardcharges.csv.csv","https://www.claycountyhospital.com/getpage.php?name=Hospital_Pricing","636002184_clay-county-hospital_standardcharges.csv.csv","csv","spreadsheet","4511368","false"
"cc:6350af63-7728-4dc0-83ca-82e9aa4a9e36:c760de79-94e1-488e-963a-8f3360238d97","cc:6350af63-7728-4dc0-83ca-82e9aa4a9e36","true","https://mountnittany.org/wp-content/uploads/2024/07/240795682_Mount-Nittany-Health_standardcharges-2.csv","https://mountnittany.org/","240795682_Mount-Nittany-Health_standardcharges-2.csv","csv","spreadsheet","47565100","false"
"cc:6355710d-9a42-4b1d-9e8e-8e9a3a7fdb34:341df86f-b585-41fe-8b86-37e65c8c8138","cc:6355710d-9a42-4b1d-9e8e-8e9a3a7fdb34","true","https://www.forresthealth.org/app/files/public/8d2f7a3e-0fc7-4c8d-8d7b-beea29bd321d/646001587_Perry-County-Hospital_standardcharges.csv","http://www.forresthealth.org/patients-visitors/forrest-health-price-transparency/","646001587_Perry-County-Hospital_standardcharges.csv","csv","spreadsheet","81565541","false"
"cc:636ce16e-da13-4616-a35f-9191db7ea9b2:1e734bdf-e490-406e-a9a1-a42c8ef7fe71","cc:636ce16e-da13-4616-a35f-9191db7ea9b2","true","https://www.vistahospitals.com/s/Vista-Specialty-Hospital-La-Mirada_Standard-Charges.csv","https://www.vistahospitals.com/pricing-transparency","812657111_BridgePointContinuingCareHospitalWestJefferson_standardcharges.csv","csv","spreadsheet","840093","false"
"cc:63bf1631-b747-4035-a0b4-4729ca28bb5c:e5fc4ccb-9ac9-4226-bcc3-2178ad2f484e","cc:63bf1631-b747-4035-a0b4-4729ca28bb5c","true","https://apim.services.craneware.com/api-pricing-transparency/api/public/d7df6109199b6b48b52eabda3a11726d/charges/mrf","https://www.cdmpricing.com/d7df6109199b6b48b52eabda3a11726d","131740126_St-Johns-Riverside-Hospital_standardcharges.zip","zip","unknown","1961054","false"
"cc:63c6e334-e6dd-43f3-9ccc-84f93eafa5ba:9f79df6c-8758-40bd-bd5a-6b3863d70b9d","cc:63c6e334-e6dd-43f3-9ccc-84f93eafa5ba","true","https://apps.para-hcfs.com/PTT/FinalLinks/Reports.aspx?dbName=dbPMCBIGTIMBERMT&type=CDMWithoutLabel&fileType=CSV","https://apps.para-hcfs.com/PTT/FinalLinks/Pioneer_V2.aspx","475437700_pioneer-medical-center_standardcharges.csv","csv","spreadsheet","36070395","false"
"cc:63cef1c4-d1bb-4b73-bae7-7db24a4e4f27:14f1c5ea-e65b-4cf4-beec-94d112e0b8de","cc:63cef1c4-d1bb-4b73-bae7-7db24a4e4f27","true","https://irp.cdn-website.com/5b92682e/files/uploaded/446000696_nevada-city-hospital_standardcharges-c765fd9d.csv","https://www.nrmchealth.com/pricing-transparency","446000696_nevada-city-hospital_standardcharges-c765fd9d.csv","csv","spreadsheet","13587183","false"
"cc:63e3ffce-4a90-4180-82e2-6190b5c507a9:6366590a-7232-4821-a343-7a7d9c4f99d0","cc:63e3ffce-4a90-4180-82e2-6190b5c507a9","true","https://omh.ny.gov/omhweb/adults/141663311_nysomh_standardcharges.csv","https://omh.ny.gov/omhweb/adults/omh-hospital-pricing-transparency.pdf","141663311_nysomh_standardcharges.csv","csv","spreadsheet","929041","false"
"cc:6410d2f4-43ef-4497-905b-3f9814f479dc:770ed085-4795-4c8c-82ac-df0c3e70b8e3","cc:6410d2f4-43ef-4497-905b-3f9814f479dc","true","https://assets.contentstack.io/v3/assets/blt3055f692fe7bf193/bltcd581c1d8141c819/381405141_1487605168_oakwood-healthcare-inc_standardcharges-1.csv","https://corewellhealth.org/billing/price-estimates","381405141_1487605168_oakwood-healthcare-inc_standardcharges-1.csv","csv","spreadsheet","31983099","false"
"cc:641e9d3b-056f-40ed-93bc-7c7d45088f2f:f3786744-801a-457f-b4fd-d76ea89188ff","cc:641e9d3b-056f-40ed-93bc-7c7d45088f2f","true","https://www.marywashingtonhealthcare.com/documents/540519577_mary-washington-hospital_standardcharges.csv","https://www.marywashingtonhealthcare.com/patients-visitors/cost-estimates/","540519577_mary-washington-hospital_standardcharges.csv","csv","spreadsheet","6513244","false"
"cc:642523cb-d2f7-4992-a18c-268c1b78e7ca:6dfd74f0-f8bb-4faa-b902-154cf98f2057","cc:642523cb-d2f7-4992-a18c-268c1b78e7ca","true","https://sthpiprd.blob.core.windows.net/machine-readable-files/7853/371396010_blessing-care-corporation_standardcharges.csv","https://search.hospitalpriceindex.com/hpi2/machineReadable/IlliniCommunityHospital/7853","371396010_blessing-care-corporation_standardcharges.csv","csv","spreadsheet","21382263","false"
"cc:643ef092-b234-4101-a4e8-3ccba24426c7:c2d06e58-a925-488b-a00a-001fbb788991","cc:643ef092-b234-4101-a4e8-3ccba24426c7","true","https://www.stlukes-stl.com/content/dam/stlukes/resources/PricingTransparencyStLukesHospital-3310-20260325215738.csv","https://www.stlukes-stl.com/pay/price-estimator","PricingTransparencyStLukesHospital-3310-20260325215738.csv","csv","spreadsheet","152618740","false"
"cc:644fc732-a454-473f-a55c-37599fe2599d:f008b73e-c5de-4455-ae1d-042ffc3a2a6c","cc:644fc732-a454-473f-a55c-37599fe2599d","true","https://fairfaxmed.com/wp-content/uploads/2026/03/STANDARD-CHARGES-DOWNLOAD-2026-01-01.csv","https://fairfaxmed.com/price-transparency","STANDARD-CHARGES-DOWNLOAD-2026-01-01.csv","csv","spreadsheet","482848","false"
"cc:64a30113-425a-4283-a581-eb03af9f7ba1:2d6ac8ab-8b88-489f-b8d2-7a6482cc9ded","cc:64a30113-425a-4283-a581-eb03af9f7ba1","true","https://www.creekhealth.org/wp-content/uploads/2026/05/731357965_Muscogee-Creek-Nation-Department-of-Health_standardcharges.xlsx","https://www.creekhealth.org/price-transparency","731357965_Muscogee-Creek-Nation-Department-of-Health_standardcharges.xlsx","xlsx","spreadsheet","6007634","false"
"cc:64de4961-3535-4c3d-9128-5172152e56bb:c41578aa-45a1-468f-b72e-f46688f5ecad","cc:64de4961-3535-4c3d-9128-5172152e56bb","true","https://mrfs.hyvehealthcare.com/RWJBarnabasHealth/223601678_trinitas-regional-medical-center_standardcharges.json","https://www.rwjbh.org/trinitas-regional-medical-center/billing/charges/","223601678_trinitas-regional-medical-center_standardcharges.json","json","other","218457793","false"
"cc:64ef699c-e4ed-4080-ab07-0d1a8bea1c53:cc8b4ec3-d241-4bcd-90d3-b0de4f34fe7b","cc:64ef699c-e4ed-4080-ab07-0d1a8bea1c53","true","https://www.losgh.org/financial%20policies/chargemaster-20260619.csv","https://www.losgh.org/patients_financial.php","chargemaster-20260619.csv","csv","spreadsheet","385719","false"
"cc:64fa250f-6c0b-4c58-8ee2-629def181d7e:5a7c7ebe-7e13-46f3-a7d6-44ea63428c00","cc:64fa250f-6c0b-4c58-8ee2-629def181d7e","true","https://www.medstarhealth.org/-/media/project/mho/medstar/billing-and-insurance/2026/521369749_1982478129_national_rehabilitation_hospital_inc_standardcharges.csv","https://www.medstarhealth.org/price-transparency-disclosures","521369749_1982478129_National_Rehabilitation_Hospital_Inc_standardcharges.csv","csv","spreadsheet","244635","false"
"cc:64faa1a3-d949-49e8-8f7a-da297ac5ca1b:056dce31-3c2f-4bfc-a536-373b4a346bd7","cc:64faa1a3-d949-49e8-8f7a-da297ac5ca1b","true","https://sunkentucky.com/files/sun-kentucky-standardcharges.csv","https://sunkentucky.com/price-transparency","sun-kentucky-standardcharges.csv","csv","spreadsheet","111628","false"
"cc:64ff7c85-9f95-45d3-8b90-b33d40f72241:06682b0e-cb7a-42cc-a240-384542c370df","cc:64ff7c85-9f95-45d3-8b90-b33d40f72241","true","https://apps.para-hcfs.com/PTT/FinalLinks/Reports.aspx?dbName=dbDameron&type=CDMWithoutLabel&fileType=CSV","https://apps.para-hcfs.com/PTT/FinalLinks/Dameron_Hospital.aspx","941201197_dameron-hospital-association_standardcharges.csv","csv","spreadsheet","205886801","false"
"cc:65485623-2283-421c-86a2-d199920b07f5:e3bfaa55-ab4d-4937-9cfd-de8b159bac5a","cc:65485623-2283-421c-86a2-d199920b07f5","true","https://www.medstarhealth.org/-/media/project/mho/medstar/billing-and-insurance/2026/521369749_1669549614_national_rehabilitation_hospital_inc_standardcharges.csv","https://www.medstarhealth.org/price-transparency-disclosures","521369749_1669549614_National_Rehabilitation_Hospital_Inc_standardcharges.csv","csv","spreadsheet","5016300","false"
"cc:65491e56-ce10-4224-92de-5090563a4560:d1e27e9c-ce19-4cc2-94a0-022e56827008","cc:65491e56-ce10-4224-92de-5090563a4560","true","https://hospitalpricedisclosure.com/download.aspx?pi=aBYLhQo5r4Du5fp8OqOidQ*-*","https://hospitalpricedisclosure.com/tools.aspx?pi=aBYLhQo5r4Du5fp8OqOidQ*-*","751301362_university-medical-center_standardcharges.json","json","other","39700451","false"
"cc:6583584b-f2aa-4860-a57f-3a6d54c96123:1751eca1-30ca-44b2-a233-1e30e28949e4","cc:6583584b-f2aa-4860-a57f-3a6d54c96123","true","https://apps.para-hcfs.com/PTT/FinalLinks/Reports.aspx?dbName=dbOLOTBATONROUGELA&type=CDMWithoutLabel&fileType=CSV","https://www.fmolhs.org/locations/greater-baton-rouge/greater-baton-rouge-patients-and-guests/greater-baton-rouge-pricing-transparency","720423651_our-lady-of-the-lake-hospital-inc_standardcharges.csv","csv","spreadsheet","404368817","false"
"cc:65855a3f-036f-4bb6-8136-842e5a89cb1e:4f582b30-f403-4965-88d6-4868a9139f6d","cc:65855a3f-036f-4bb6-8136-842e5a89cb1e","true","https://file.lacounty.gov/SDSInter/dhs/1157356_956000927_RanchoLosAmigosNationalRehab.CenterCenter_standardcharges.csv","https://dhs.lacounty.gov/patient-information/get-coverage/hospital-price-transparency/","1157356_956000927_RanchoLosAmigosNationalRehab.CenterCenter_standardcharges.csv","csv","spreadsheet","51057031","false"
"cc:658aa2b5-64cd-4f08-83d0-5c62193003d3:84b86e45-aa5b-492f-9959-f3c166b8f00a","cc:658aa2b5-64cd-4f08-83d0-5c62193003d3","true","https://www.avera.org/app/files/public/78e84abe-92bd-4ee6-846a-d026f88e1b6e/460224743_avera-milbank-hospital_standardcharges.csv","https://www.avera.org/patients-visitors/price-transparency/","460224743_avera-milbank-hospital_standardcharges.csv","csv","spreadsheet","4267090","false"
"cc:65a1fcc6-3aeb-46d2-9a38-f3884f68b314:f11b4a1b-83d2-4444-b481-e0eaab788043","cc:65a1fcc6-3aeb-46d2-9a38-f3884f68b314","true","https://apim.services.craneware.com/api-pricing-transparency/api/public/101527cba4e89fb2e982b5ed19f92364/charges/mrf","https://www.cdmpricing.com/101527cba4e89fb2e982b5ed19f92364","111631837_Wyckoff-Heights-Medical-Center_standardcharges.csv","csv","spreadsheet","193680227","false"
"cc:65ad6ae4-ec66-440e-a934-2b137f84c65a:d4aff852-3d3b-434d-a198-d6f4fd2a3a23","cc:65ad6ae4-ec66-440e-a934-2b137f84c65a","true","https://cdn.iuhealth.org/resources/815174295_indiana-university-health-frankfort-inc._standardcharges.zip","https://iuhealth.org/schedule-an-appointment/price-estimates/standard-charge-listing","815174295_indiana-university-health-frankfort-inc._standardcharges.zip","zip","unknown","58375767","false"
"cc:66120240-438e-4b08-b569-f89796fc12cd:071b13fd-a5ba-43ab-95f7-b4cdb40b9978","cc:66120240-438e-4b08-b569-f89796fc12cd","true","https://apps.para-hcfs.com/PTT/FinalLinks/Reports.aspx?dbName=dbVentura&type=CDMWithoutLabel&fileType=CSV","https://hca.venturacounty.gov/how-to/how-to-get-help-paying-for-your-care","956000944_county-of-ventura_standardcharges.csv","csv","spreadsheet","136371317","false"
"cc:663836a0-dcdc-4cc9-a40c-b01408aaf165:909a0b5d-e166-4a5e-a2ae-ad76b8dff8a1","cc:663836a0-dcdc-4cc9-a40c-b01408aaf165","true","https://stctrprodsnsvc00455826e6.blob.core.windows.net/pt-final-posting-files/59-3283127_HCA-FLORIDA-MEMORIAL-HOSPITAL_standardcharges.json?si=pt-json-access-policy&spr=https&sv=2024-11-04&sr=c&sig=o5IofreS%2F7ETlsnhPakPWCwHVVUZRobywQ5wUKGjVuQ%3D","https://www.hcafloridahealthcare.com/patient-resources/patient-financial-resources/pricing-transparency-cms-required-file-of-standard-charges","59-3283127_HCA-FLORIDA-MEMORIAL-HOSPITAL_standardcharges.json","json","other","522179192","false"
"cc:663f00a0-8d5c-40b9-982f-408e9a399041:22310bc8-43ad-42c9-82a0-54812b6a14fd","cc:663f00a0-8d5c-40b9-982f-408e9a399041","true","https://hospitalpricedisclosure.com/download.aspx?pi=MSUeBlEDa5IuGv7pgRxC7A*-*","https://hospitalpricedisclosure.com/default.aspx?pi=MSUeBlEDa5IuGv7pgRxC7A*-*","1225083074_upper-allegheny-health-system_standardcharges.json","json","other","112045269","false"
"cc:66edc19b-554b-45de-a43a-df6b27760dd5:071b13fd-a5ba-43ab-95f7-b4cdb40b9978","cc:66edc19b-554b-45de-a43a-df6b27760dd5","true","https://apps.para-hcfs.com/PTT/FinalLinks/Reports.aspx?dbName=dbVentura&type=CDMWithoutLabel&fileType=CSV","https://hca.venturacounty.gov/how-to/how-to-get-help-paying-for-your-care","956000944_county-of-ventura_standardcharges.csv","csv","spreadsheet","136371317","false"
"cc:66f04951-c82e-4da3-ba94-9bf124a8369b:815f78fe-68d1-4ba7-bd7d-bd1352a304b8","cc:66f04951-c82e-4da3-ba94-9bf124a8369b","true","https://bayoucityhospital.com/csv-download/331929227_humble-er-hospital-llc_standardchargesin","https://bayoucityhospital.com/price-transparency","331929227_humble-er-hospital-llc_standardchargesin.csv","csv","spreadsheet","402829","false"
"cc:66fc8835-be46-4b96-9b7d-22e9264d69b4:343b0779-48bd-4bdb-bd3e-5358a5f56a6a","cc:66fc8835-be46-4b96-9b7d-22e9264d69b4","true","https://southwestgeneral.pt.panaceainc.com/MRFDownload/southwestgeneral/southwestgeneral","https://www.swgeneral.com/financial-tools/standard-charge-lists/","340753531_southwest-general-health-center_standardcharges.csv","csv","spreadsheet","451826550","false"
"cc:671c69fb-8d2e-4067-a00a-f83ab338a025:db32bf4a-2695-4438-bd24-6582e9d9fa8e","cc:671c69fb-8d2e-4067-a00a-f83ab338a025","true","https://us.flow-prod.boomi.com/f2a4d421-8a52-4b09-8a4c-8476aae2d651/play/ptt?join=bae45653-c062-401b-aaa6-46032d365595&hospital-id=80","https://www.ricelandhealthcare.com/","752922928-1316623481_Riceland_Medical_Center_standardcharges.csv","csv","spreadsheet","1224496","false"
"cc:672ef15f-4603-4e3d-b88d-ebdb8ee9ccd4:bd0b5fb8-9c78-483f-a945-09cb41a3f4a9","cc:672ef15f-4603-4e3d-b88d-ebdb8ee9ccd4","true","https://stctrprodsnsvc00455826e6.blob.core.windows.net/pt-final-posting-files/62-1321255_TRISTAR-HENDERSONVILLE-MEDICAL-CENTER_standardcharges.json?si=pt-json-access-policy&spr=https&sv=2024-11-04&sr=c&sig=o5IofreS%2F7ETlsnhPakPWCwHVVUZRobywQ5wUKGjVuQ%3D","https://www.tristarhealth.com/patient-resources/patient-financial-resources/pricing-transparency-cms-required-file-of-standard-charges","62-1321255_TRISTAR-HENDERSONVILLE-MEDICAL-CENTER_standardcharges.json","json","other","292134275","false"
"cc:67430675-3a23-4977-b9fd-0c6b3c96b822:c27fe34f-222b-4170-b24a-a0e0fb60c8f0","cc:67430675-3a23-4977-b9fd-0c6b3c96b822","true","https://hospitalpricedisclosure.com/download.aspx?pi=aoYxoUPTxKbYJUPeM0nw6A*-*","https://hospitalpricedisclosure.com/default.aspx?pi=aoYxoUPTxKbYJUPeM0nw6A*-*","621762468_sagewest-health-care_standardcharges.json","json","other","5651461","false"
"cc:675452c0-eae8-4d71-8867-0a00fbdda48a:36509d1d-25b0-4885-8272-a734a0228a3f","cc:675452c0-eae8-4d71-8867-0a00fbdda48a","true","https://www.umc.edu/Healthcare/Patients-and-Visitors/Bill%20Pay/Pricing%20Files/646008520-1386630705_university-of-mississippi-medical-center_standardcharges.csv","https://www.umc.edu/pricing","646008520-1386630705_university-of-mississippi-medical-center_standardcharges.csv","csv","spreadsheet","45764388","false"
"cc:675577c0-4753-4bc3-b1d9-d8a59289f634:86a40144-d78f-4743-b28c-ace74feb4426","cc:675577c0-4753-4bc3-b1d9-d8a59289f634","true","https://www.unchealthcare.org/app/files/public/ab801b20-1bc0-40c8-aeb0-d303c51b1078/wayne-memorial-hospital_standardcharges.csv","https://www.unchealth.org/records-insurance/standard-charges","wayne-memorial-hospital_standardcharges.csv","csv","spreadsheet","24428112","false"
"cc:67d27d8a-4d31-458b-a6ef-af98217d00f5:c1eba935-6eb1-493a-b35c-261654dc5500","cc:67d27d8a-4d31-458b-a6ef-af98217d00f5","true","https://labettehealth.pt.panaceainc.com/MRFDownload/labettehealth/labettehealth","www.labettehealth.com","486099245_labette-county-medical-center_standardcharges.csv","csv","spreadsheet","119263725","false"
"cc:67d988be-75dc-4d3e-87cb-5c4f1b955d2c:58bd0669-a6dc-4c52-9a8c-6933e543b7b5","cc:67d988be-75dc-4d3e-87cb-5c4f1b955d2c","true","https://sthpiprd.blob.core.windows.net/machine-readable-files/7982/340726081_ashtabula-county-medical-center_standardcharges.csv","https://search.hospitalpriceindex.com/hpi2/machineReadable/ashtabulamedicalcenter/7982or","340726081_ashtabula-county-medical-center_standardcharges.csv","csv","spreadsheet","77639679","false"
"cc:67ef0a43-eeae-4f05-9de8-65530ef1f119:a08cd386-c079-4af8-a2fc-8dac913b1d3d","cc:67ef0a43-eeae-4f05-9de8-65530ef1f119","true","https://www.tghnorth.org/-/media/files/tgh-north-files/933040761_tampa-general-hospital-brooksville_standardcharges.csv?rev=66ede8b1358246378c9569f8a1851232&hash=A12A7C1D9A8FCB8BA58899EF7B45B73D","https://www.tghnorth.org/patients-visitors/billing-insurance/pricing-information","933040761_tampa-general-hospital-brooksville_standardcharges.csv","csv","spreadsheet","37767454","false"
"cc:680a0a4f-f87b-48a4-83a5-10b13ed0a3a8:09ffe86d-f49f-4102-8f30-411d3916d926","cc:680a0a4f-f87b-48a4-83a5-10b13ed0a3a8","true","https://stctrprodsnsvc00455826e6.blob.core.windows.net/pt-final-posting-files/62-1113740_HCA-FLORIDA-ST.-LUCIE-HOSPITAL_standardcharges.json?si=pt-json-access-policy&spr=https&sv=2024-11-04&sr=c&sig=o5IofreS%2F7ETlsnhPakPWCwHVVUZRobywQ5wUKGjVuQ%3D","https://www.hcafloridahealthcare.com/patient-resources/patient-financial-resources/pricing-transparency-cms-required-file-of-standard-charges","62-1113740_HCA-FLORIDA-ST.-LUCIE-HOSPITAL_standardcharges.json","json","other","413044982","false"
"cc:6812f4f8-a091-49b8-ac11-503cef5307dc:a5eecaec-152c-4851-bae5-1ae1bf072800","cc:6812f4f8-a091-49b8-ac11-503cef5307dc","true","https://www.tidelandshealth.org/app/files/public/f92d5519-ca51-4a2e-8894-a58e9971b2d8/043633263_WaccamawCommunityHospital_standardcharges.csv","https://www.tidelandshealth.org/patients-visitors/standard-charges","043633263_WaccamawCommunityHospital_standardcharges.csv","csv","spreadsheet","11719445","false"
"cc:68372b82-5d91-468a-af5e-4219f6ac3f41:8f0f4350-1d99-4ff6-8adc-ca51b04b441a","cc:68372b82-5d91-468a-af5e-4219f6ac3f41","true","https://secure.claraprice.net/price-transparency/great-plains-health-ne","https://www.gphealth.org/patients-visitors/estimates-billing-price-transparency","470662290_great-plains-health_standardcharges.json","json","other","63388619","false"
"cc:687336ce-282f-4311-af2d-8f41bb4fff84:71945fb6-50cb-40da-8ddc-2d0b494c8827","cc:687336ce-282f-4311-af2d-8f41bb4fff84","true","https://pathrehab.com/wp-content/uploads/2024/03/Pathway-charge-master-03-13-24.xlsx","https://pathrehab.com/price-transparency/","Pathway-charge-master-03-13-24.xlsx","xlsx","spreadsheet","183490","false"
"cc:68c26712-bd7d-4855-9622-0d2b926ecb88:644b4a62-849b-4cf4-a48f-3b5d9be5ef6f","cc:68c26712-bd7d-4855-9622-0d2b926ecb88","true","https://www.rmmhonline.com/uploads/8/1/4/1/81415636/roger_mills_mem_hosp.csv","https://www.rmmhonline.com/price-transparency.html","roger_mills_mem_hosp.csv","csv","spreadsheet","277805","false"
"cc:68ea233b-8d52-462e-9573-48d67821ebc6:a6172337-5d89-4851-81c5-4e5ea691eacd","cc:68ea233b-8d52-462e-9573-48d67821ebc6","true","https://www.northportbehavioral.com/wp-content/uploads/pricing/2026/646/88-0599082_North-Port-Behavioral-Hospital-LLC_standardcharges.csv","https://www.northportbehavioral.com/admissions/insurance-payment/rates-pricing/","88-0599082_North-Port-Behavioral-Hospital-LLC_standardcharges.csv","csv","spreadsheet","616095","false"
"cc:69b4066f-723d-43c2-a104-802e886087e3:fbdba814-ea80-4f95-b252-2b20d4951cdd","cc:69b4066f-723d-43c2-a104-802e886087e3","true","https://www.holzer.org/app/files/public/b7a1cde4-98b6-4d77-a298-0ef6114d2e40/2026_314379491_holzer-medical-center_standard-charges.json.csv","https://www.holzer.org/patients-visitors/billing-insurance-pricing/price-transparency","2026_314379491_holzer-medical-center_standard-charges.json.csv","csv","spreadsheet","28021373","false"
"cc:69d3f846-acb0-4463-9920-970a41752294:56c6d52a-d177-48c7-8143-96a2bf61a391","cc:69d3f846-acb0-4463-9920-970a41752294","true","https://www.allinahealth.org/-/media/allina-health/files/customer-service/billing-and-insurance/price-transparency/363261413_mercy-hospital_standardcharges.csv","https://www.allinahealth.org/customer-service/billing-and-insurance","363261413_Mercy-Hospital_standardcharges.csv","csv","spreadsheet","200829417","false"
"cc:69e0c547-c7e3-4b00-b736-7b1dd2851f7f:44bd331b-96b4-440f-ab32-a4406dbaecc5","cc:69e0c547-c7e3-4b00-b736-7b1dd2851f7f","true","https://www.sih.net/-/media/files/patients-and-visitors/price-transparency/json/2026/370618939_1093801797_southernillinoishospitalservices_standardcharges.json","https://www.sih.net/patients-and-visitors/financial-resources/price-transparency#files","370618939_1093801797_southernillinoishospitalservices_standardcharges.json","json","other","370689773","false"
"cc:69e5f48e-8bde-49ed-aeb1-e862063b6b9c:5c2950d3-af06-4b0e-9e83-a040d9ccc1fd","cc:69e5f48e-8bde-49ed-aeb1-e862063b6b9c","true","https://hospitalpricedisclosure.com/Download.aspx?pxi=G*__*XU8rVXauSQ2GEs2XSTUA*-*&f=iFd*_*cEPwhQHJy3lVvHy9uQ*-*","https://urldefense.com/v3/__https:/hospitalpricedisclosure.com/Default.aspx?ci=jZlMrXy92UZxgxqL*__*9*_*vqA*-*__;KioqKioq!!PA8yTw!tkJLvPRQ3LgNcfhzq33DISZznMtl8hy0k5ohbzJBY6b8OgbrnqJcw5owCHbgGzslntBdlFI8mGahmFDLexT999wpj00$","581955479_phoebe-sumter-medical-center_standardcharges.json","json","other","21148598","false"
"cc:6a1c6a24-11b6-47a8-8db4-20480844c22c:24174fa9-0fc4-4b5e-be54-e3f7a9a02cb9","cc:6a1c6a24-11b6-47a8-8db4-20480844c22c","true","https://www.massgeneralbrigham.org/content/dam/mgb-global/en/price-transparency/042551124_Spaulding-Rehabilitation-Hospital-Boston_StandardCharges.zip","https://spauldingrehab.org/patient-support/insurance-billing/hospital-charge-data","042551124_Spaulding-Rehabilitation-Hospital-Boston_StandardCharges.zip","zip","unknown","54623","false"
"cc:6a1e1319-9efd-48aa-9cd2-1b85db9fee9a:24cd6930-97be-4e09-ad90-8bbbc419d0bc","cc:6a1e1319-9efd-48aa-9cd2-1b85db9fee9a","true","https://www.geisinger.org/-/media/onegeisinger/pdfs/ghs/patient-care/patients-and-visitors/billing-and-insurance/hosp-charges-csv/24-0795959_geisinger-medical-center_standardcharges.csv?sc_lang=en&hash=C181A2E3F06B3A912BF687BC642CD2AA","https://www.geisinger.org/patient-care/patients-and-visitors/billing-and-insurance/tools-to-use/shop-services-and-view-hospital-charge-lists","24-0795959_Geisinger-Medical-Center_standardcharges.csv","csv","spreadsheet","360201294","false"
"cc:6a500688-8ef0-4f2f-a7bc-07395c2a0c32:1455f6c4-9ca8-4a5c-9604-1314241d1309","cc:6a500688-8ef0-4f2f-a7bc-07395c2a0c32","true","https://mrfs.hyvehealthcare.com/RWJBarnabasHealth/221487148_children's-specialized-hospital_standardcharges.json","https://www.rwjbh.org/childrens-specialized-hospital/patients-visitors/billing-financial-and-insurance-information/charges","221487148_children's-specialized-hospital_standardcharges.json","json","other","5034952","false"
"cc:6ad27a82-cb2f-4223-85fc-2394596fabcc:37bb39fb-aff4-4efc-867f-6166a674fa5a","cc:6ad27a82-cb2f-4223-85fc-2394596fabcc","true","https://www.marshfieldclinic.org/mPatientResources/Documents/810977948_marshfield-medical-center--ladysmith_standardcharges.zip","https://www.marshfieldclinic.org/patient-resources/billing/cms-hospital-transparency-requirement","810977948_marshfield-medical-center--ladysmith_standardcharges.zip","zip","unknown","41818440","false"
"cc:6b1b9ee0-aea0-44b9-96f8-148d0ad79415:a0ae9e30-c0eb-4322-871d-611246aa37cb","cc:6b1b9ee0-aea0-44b9-96f8-148d0ad79415","true","https://mrfs.hyvehealthcare.com/RWJBarnabasHealth/221487243_robert-wood-johnson-university-hospital-new-brunswick_standardcharges.json","https://www.rwjbh.org/rwj-university-hospital-new-brunswick/billing/charges","221487243_robert-wood-johnson-university-hospital-new-brunswick_standardcharges.json","json","other","373088038","false"
"cc:6b3c3d13-81fe-40ed-83b7-1274700a931e:6a9751eb-8dc4-472b-b3f1-3328a2782ac5","cc:6b3c3d13-81fe-40ed-83b7-1274700a931e","true","https://www.wth.org/wp-content/uploads/standard-charges/62-1604972_Pathways_Standard_Charges.csv","https://www.wth.org/financial-assistance-billing/hospital-charges/","62-1604972_Pathways_Standard_Charges.csv","csv","spreadsheet","138673","false"
"cc:6ba3e59e-3056-486c-8927-0a66a6f7c1b1:6b41d716-9caf-4ca0-84a3-73d6c81ced9b","cc:6ba3e59e-3056-486c-8927-0a66a6f7c1b1","true","https://resources.selectmedical.com/pricing-transparency/inpatient-rehabilitation/26-3694972_SSM_Select_Rehab_Bridgeton_standardcharges.csv","https://www.ssm-rehab.com/patients-and-caregivers/admissions/price-transparency/","26-3694972_SSM_Select_Rehab_Bridgeton_standardcharges.csv","csv","spreadsheet","57415322","false"
"cc:6c08f583-81f7-4227-8174-2b7e833b5704:a793f4f3-276d-4608-a2d9-f77b407eb344","cc:6c08f583-81f7-4227-8174-2b7e833b5704","true","https://pellahealth.slicedhealth.io/home","https://www.pellahealth.org/patients-visitors/billing-information/price-transparency","420842204_pella-regional-health-center_standardcharges.csv","csv","spreadsheet","31496365","false"
"cc:6c700c9d-da62-4d5b-b96f-22b706f59989:db32bf4a-2695-4438-bd24-6582e9d9fa8e","cc:6c700c9d-da62-4d5b-b96f-22b706f59989","true","https://us.flow-prod.boomi.com/f2a4d421-8a52-4b09-8a4c-8476aae2d651/play/ptt?join=bae45653-c062-401b-aaa6-46032d365595&hospital-id=80","https://www.ricelandhealthcare.com/","752922928-1316623481_Riceland_Medical_Center_standardcharges.csv","csv","spreadsheet","1224496","false"
"cc:6c7d2348-bbfe-4054-9d5b-4387a94a27e8:4310c781-8d3c-43e3-87be-95a8bb1bc9eb","cc:6c7d2348-bbfe-4054-9d5b-4387a94a27e8","true","https://www.grh.org/clientfiles/GetFile/08-2026_930505325_grande-ronde-hospital_standardcharges.csv","https://www.grh.org/patients-visitors/price-transparency","08-2026_930505325_grande-ronde-hospital_standardcharges.csv","csv","spreadsheet","96211268","false"
"cc:6cb1fa6a-1185-4d22-beee-9c764955d659:10ddbacc-aacb-4e40-83bb-0cd9a09dffc9","cc:6cb1fa6a-1185-4d22-beee-9c764955d659","true","https://www.medstarhealth.org/-/media/project/mho/medstar/billing-and-insurance/2026/521369749_1578639761_national_rehabilitation_hospital_inc_standardcharges.csv","https://www.medstarhealth.org/price-transparency-disclosures","521369749_1578639761_National_Rehabilitation_Hospital_Inc_standardcharges.csv","csv","spreadsheet","1094325","false"
"cc:6ce3b938-8b18-4b75-8d3e-59431735be34:a6011e96-7bcc-41ea-953b-9b8395ddaba2","cc:6ce3b938-8b18-4b75-8d3e-59431735be34","true","https://stctrprodsnsvc00455826e6.blob.core.windows.net/pt-final-posting-files/62-1768105_GRAND-STRAND-MEDICAL-CENTER_standardcharges.json?si=pt-json-access-policy&spr=https&sv=2024-11-04&sr=c&sig=o5IofreS%2F7ETlsnhPakPWCwHVVUZRobywQ5wUKGjVuQ%3D","https://www.mygrandstrandhealth.com/patient-resources/patient-financial-resources/pricing-transparency-cms-required-file-of-standard-charges","62-1768105_GRAND-STRAND-MEDICAL-CENTER_standardcharges.json","json","other","421988913","false"
"cc:6d29db20-d4b5-4675-a25b-67c258562ed4:504260ee-f46a-472c-b87e-a92f2f8429db","cc:6d29db20-d4b5-4675-a25b-67c258562ed4","true","https://edge.sitecorecloud.io/sutterhealt962c-sutterhealt8fce-production57cc-4860/media/Project/SutterHealth/SutterHealth/Files/billing-insurance/costs-and-charges/941156621-1366686248_sutter-solano-medical-center_standardcharges.csv","https://www.sutterhealth.org/billing-insurance/costs-and-charges/cost-transparency","941156621-1366686248_sutter-solano-medical-center_standardcharges.csv","csv","spreadsheet","11201091","false"
"cc:6dc37282-5882-4399-84d9-8a642212b405:99c1a021-6306-4e02-abe8-8399f1b5ebc9","cc:6dc37282-5882-4399-84d9-8a642212b405","true","https://www.medstarhealth.org/-/media/project/mho/medstar/billing-and-insurance/2026/521369749_1326496456_national_rehabilitation_hospital_inc_standardcharges.csv","https://www.medstarhealth.org/price-transparency-disclosures","521369749_1326496456_National_Rehabilitation_Hospital_Inc_standardcharges.csv","csv","spreadsheet","1058357","false"
"cc:6dd53aff-bd48-4a5f-9320-a4db99406f13:ee66274d-1a72-4f8d-a2a0-38f47d6837e3","cc:6dd53aff-bd48-4a5f-9320-a4db99406f13","true","https://sthpiprd.blob.core.windows.net/machine-readable-files/7954/421019872_northwest-iowa-hospital-corporation_standardcharges.csv","https://search.hospitalpriceindex.com/hpi2/machineReadable/UnityPointHealth-St.LukesRegionalMedicalCenter/7954","421019872_northwest-iowa-hospital-corporation_standardcharges.csv","csv","spreadsheet","185056019","false"
"cc:6dde5e2e-a277-4007-886b-8752da4cd89a:6e2bd270-13d4-4517-8daa-61de2e790f41","cc:6dde5e2e-a277-4007-886b-8752da4cd89a","true","https://hospitalpricedisclosure.com/Download.aspx?pxi=GHTQ44J*_*E3x3DAwvDCwqZA*-*&f=iFd*_*cEPwhQHJy3lVvHy9uQ*-*","https://hospitalpricedisclosure.com/default.aspx?pi=GHTQ44J*_*E3x3DAwvDCwqZA*-*","810286525 _stillwater-billings-clinic_standardcharges.json","json","other","7626523","false"
"cc:6de9ae97-cc11-4111-b709-b217f0e5a3a5:726ebcfc-45c3-431a-925b-2528aa22b5f0","cc:6de9ae97-cc11-4111-b709-b217f0e5a3a5","true","https://sites.bmhcc.org/-/media/Pricing-Documents/TN/620123940_spence-and-becky-wilson-baptist-childrens-hospital_standardcharges.zip","https://www.baptistonline.org/estimate-my-costs","620123940_spence-and-becky-wilson-baptist-childrens-hospital_standardcharges.zip","zip","unknown","168717498","false"
"cc:6dfc7fdd-1ac2-49d2-ac04-2bb57e3727b6:37b73032-7e33-4370-ae89-6dd1c3871bff","cc:6dfc7fdd-1ac2-49d2-ac04-2bb57e3727b6","true","https://rca.centaurihs.com/ptapp/api/cdm/export/oneclick?recno=1fdfd78732386629c553815a8ac295d0d82eb5599b62d9f8e65f0916d7954f3c","https://yalobushageneral.com/locations/hospital/","640405624_Yalobusha_GeneraL_Hospital_standardcharges.csv","csv","spreadsheet","5294817","false"
"cc:6e0d7f15-5ad6-49d2-9f2f-fa5ecce998ca:f2bc31df-b2b0-456a-a258-3b515b0c35e0","cc:6e0d7f15-5ad6-49d2-9f2f-fa5ecce998ca","true","https://www.lmhealth.org/LMHealth.org/media/314379519_licking-memorial-hospital_standardcharges.zip","https://www.lmhealth.org/Patients-Visitors/Before-You-Arrive/Patient-Pricing","314379519_licking-memorial-hospital_standardcharges.zip","zip","unknown","37940194","false"
"cc:6e34d111-4be6-42da-92a8-a261f37a8f9e:7712719d-681f-4088-9b8e-5ccdf814a1ac","cc:6e34d111-4be6-42da-92a8-a261f37a8f9e","true","https://www.allinahealth.org/-/media/allina-health/files/customer-service/billing-and-insurance/price-transparency/ambulatory-surgery-centers-2026/brooklyn-park-asc.csv","https://www.allinahealth.org/customer-service/billing-and-insurance","Brooklyn Park ASC.csv","csv","spreadsheet","6157881","false"
"cc:6ecf9b0d-a325-4ed7-b8c0-f115911e790b:4ca7f05b-1289-45e2-a389-be06f0b703b7","cc:6ecf9b0d-a325-4ed7-b8c0-f115911e790b","true","https://sanjuanhealth.goredde.com/Estimator/Files/87-6000616_San_Juan_Health_Spanish_Valley_Clinic_standardcharges.csv","https://sanjuanhealth.goredde.com/estimator","87-6000616_San_Juan_Health_Spanish_Valley_Clinic_standardcharges.csv","csv","spreadsheet","177999013","false"
"cc:6ee0a8cb-7a48-4463-8595-907e21380a50:bb76d2db-ba61-4161-8072-7421111969ab","cc:6ee0a8cb-7a48-4463-8595-907e21380a50","true","https://lcmchealthfiles.blob.core.windows.net/mrf/PricingTransparency-Manning%20Family%20Chidrens-2026-06-24%2014_05_54.csv","https://www.lcmchealth.org/for-patients/financial-assistance/price-transparency/","PricingTransparency-Manning Family Chidrens-2026-06-24 14_05_54.csv","csv","spreadsheet","1234282881","false"
"cc:6ee34bd3-3092-418b-865c-6bb2577ea9b2:b890112e-8610-40f7-a97b-bf6e37f6bc5e","cc:6ee34bd3-3092-418b-865c-6bb2577ea9b2","true","https://mcorgstatic.blob.core.windows.net/cms-price/860800150_mayo-clinic-arizona_standardcharges.csv","https://www.mayoclinic.org/patient-visitor-guide/billing-insurance/price-estimates/chargemaster","860800150_mayo-clinic-arizona_standardcharges.csv","csv","spreadsheet","21529997739","false"
"cc:6f2a44c9-76ea-4d5f-bde4-e5d604a3cf29:2e480cc0-860a-4ea8-9236-0333822f007a","cc:6f2a44c9-76ea-4d5f-bde4-e5d604a3cf29","true","https://www.uwmedicine.org/sites/stevie/files/mrf/911631806_harborview-medical-center_standardcharges.json","https://www.uwmedicine.org/patient-resources/billing-and-insurance/price-transparency","911631806_harborview-medical-center_standardcharges.json","json","other","62330717","false"
"cc:6f5a6a47-04db-47e9-bc22-5486d23ca87e:134ed8fd-88ad-4039-957f-ef7f0c47c630","cc:6f5a6a47-04db-47e9-bc22-5486d23ca87e","true","https://www.slhn.org/-/media/sluhn/billing/pdf/standard-charges/231352181_grand-view-hospital_standardcharges.ashx","https://www.slhn.org/billing/patient-billing/price-transparency","231352181_grand-view-hospital_standardcharges.csv","csv","spreadsheet","438757028","false"
"cc:6fa75cae-7481-47fb-8ae7-97b1129ff4e7:4e2a2155-3566-4964-b31a-acd46d9208f0","cc:6fa75cae-7481-47fb-8ae7-97b1129ff4e7","true","https://apim.services.craneware.com/api-pricing-transparency/api/public/a16f9943c0c5339d45cf998407ed7372/charges/mrf","https://www.capecodhealth.org/patients-visitors/paying-for-care/understanding-pricing/estimate-the-cost-of-care","042103600_Cape-Cod-Hospital_standardcharges.csv","csv","spreadsheet","140099263","false"
"cc:6fbaa753-927c-4d16-8b67-657dafa40dbb:87da27e2-89a8-4044-b96c-472cb634ccdc","cc:6fbaa753-927c-4d16-8b67-657dafa40dbb","true","https://sthpiprd.blob.core.windows.net/machine-readable-files/7804/610444716_ashland-hospital-corporation_standardcharges.csv","https://search.hospitalpriceindex.com/hpi2/machineReadable/KingsDaughterMedicalCenterKentucky/7804","610444716_ashland-hospital-corporation_standardcharges.csv","csv","spreadsheet","76410916","false"
"cc:6fc0ea6d-4ece-4b12-a041-5e87a5814afb:fc837556-9d3c-42b8-99d8-1ecb7c898da5","cc:6fc0ea6d-4ece-4b12-a041-5e87a5814afb","true","https://sthpiprd.blob.core.windows.net/machine-readable-files/11428/370661215_kirby-medical-center_standardcharges.csv","https://search.hospitalpriceindex.com/hpi2/machineReadable/KirbyMedicalCenter/11428","370661215_kirby-medical-center_standardcharges.csv","csv","spreadsheet","105732918","false"
"cc:6fc18d09-d091-45b5-bc8e-8c71d0bee54b:e8a9e3e3-d461-4a6f-8ffc-319d83ffdc4b","cc:6fc18d09-d091-45b5-bc8e-8c71d0bee54b","true","https://apps.para-hcfs.com/PTT/FinalLinks/Reports.aspx?dbName=dbOLOLLAFAYETTELA&type=CDMWithoutLabel&fileType=CSV","https://www.fmolhs.org/patients-guests/fmolhs-price-transparency","720423635_our-lady-of-lourdes-reg-med-center_standardcharges.csv","csv","spreadsheet","291087105","false"
"cc:701492be-55aa-4f64-bc5b-cae597dd645c:8778b3b7-4a1a-406c-a8d7-fa35d303ca66","cc:701492be-55aa-4f64-bc5b-cae597dd645c","true","https://www.laketaylor.org/wp-content/uploads/2024/01/541453192_LakeTaylorTransitionalCareHospital_Standardcharges.csv","https://www.laketaylor.org/pricing-transparency/","541453192_LakeTaylorTransitionalCareHospital_Standardcharges.csv","csv","spreadsheet","58642","false"
"cc:701cf3f2-74a2-472b-8dff-893263dc803b:4bc8a4c3-1d9e-4230-a48f-b0a81052d3de","cc:701cf3f2-74a2-472b-8dff-893263dc803b","true","https://dbhdd.georgia.gov/media/25816/download","https://dbhdd.georgia.gov/be-caring/state-hospital-price-transparency","943473160_central-state-hospital_standardcharges_0.csv","csv","spreadsheet","76486","false"
"cc:7059a1b9-5b1b-4273-b3f5-8ebeb809612a:4dd20a66-f42f-42bc-8e37-878072abe3a2","cc:7059a1b9-5b1b-4273-b3f5-8ebeb809612a","true","https://resources.selectmedical.com/Pricing-Transparency/critical-illness-recovery/26-3231685_Select_Specialty_Hospital-Northwest_Detroit_standardcharges.csv","https://www.selectspecialtyhospitals.com/patients-and-caregivers/admissions/price-transparency","26-3231685_Select_Specialty_Hospital-Northwest_Detroit_standardcharges.csv","csv","spreadsheet","158094689","false"
"cc:705e06e8-77d2-4f21-b9bc-cfc502891035:bc879e72-58bc-4afc-adc9-ed226eebdf5f","cc:705e06e8-77d2-4f21-b9bc-cfc502891035","true","https://ozarkhealth.net/sites/default/files/pdf/710407683_ozark-health-inc_standardcharges.csv","https://www.ozarkhealth.net/price-transparency","710407683_ozark-health-inc_standardcharges.csv","csv","spreadsheet","54696262","false"
"cc:7063cadb-32d4-4bdd-966a-7161a932b892:e3bfaa55-ab4d-4937-9cfd-de8b159bac5a","cc:7063cadb-32d4-4bdd-966a-7161a932b892","true","https://www.medstarhealth.org/-/media/project/mho/medstar/billing-and-insurance/2026/521369749_1669549614_national_rehabilitation_hospital_inc_standardcharges.csv","https://www.medstarhealth.org/price-transparency-disclosures","521369749_1669549614_National_Rehabilitation_Hospital_Inc_standardcharges.csv","csv","spreadsheet","5016300","false"
"cc:70c41db3-e387-4c17-b3ed-f01cd858701f:b2f09c0e-9e8b-42ff-ae05-896176cba043","cc:70c41db3-e387-4c17-b3ed-f01cd858701f","true","https://u.pcloud.link/publink/show?code=XZGROv5ZjUSOUtoG5HQgkhG8chdyGFASOdK7","https://www.simedical.org/price-transparancy/","939_BILLINGITEMSLIST_CsvTallv3.0.0_20260519154312.csv","csv","spreadsheet","4634694","false"
"cc:70d7061d-d203-4542-a307-1efbeb38152f:b5f0356a-d926-4973-bd65-54959f02d917","cc:70d7061d-d203-4542-a307-1efbeb38152f","true","https://www.philiphealthservices.com/wp-content/uploads/2026/02/Philip-Health-Services-Inc_standardcharges-8.csv.zip","https://www.philiphealthservices.com/about-us/pricing-transparency","Philip-Health-Services-Inc_standardcharges-8.csv.zip","zip","unknown","329893","false"
"cc:70e95fdd-6abc-4015-809c-52f479d96ee0:f34e4a3c-4c48-49cc-a693-0bf49887be60","cc:70e95fdd-6abc-4015-809c-52f479d96ee0","true","https://memorialhermann.org/-/media/memorial-hermann/org/files/patients-and-visitors/cms-standard-hospital-charges/741152597_memorial-hermann-sugar-land-hospital_standardcharges.csv","https://memorialhermann.org/patients-visitors/patient-services/financial-care/financial-resources/cms-price-transparency-information","741152597_memorial-hermann-sugar-land-hospital_standardcharges.csv","csv","spreadsheet","28879356","false"
"cc:71406728-5ff4-48b4-b428-a7f6278bd563:a5f69745-3b29-44f1-b1d1-38456a648e0d","cc:71406728-5ff4-48b4-b428-a7f6278bd563","true","https://cdn.iuhealth.org/resources/350867958_indiana-university-health-ball-memorial-hospital-inc._standardcharges.zip","https://iuhealth.org/schedule-an-appointment/price-estimates/standard-charge-listing","350867958_indiana-university-health-ball-memorial-hospital-inc._standardcharges.zip","zip","unknown","65132010","false"
"cc:7150fa99-fcd2-4336-95e0-8fb6e4376d7c:a8caf1c5-2d62-4bcd-a36f-08f34aa589ca","cc:7150fa99-fcd2-4336-95e0-8fb6e4376d7c","true","https://stctrprodsnsvc00455826e6.blob.core.windows.net/pt-final-posting-files/62-1113737_TRISTAR-CENTENNIAL-MEDICAL-CENTER_standardcharges.json?si=pt-json-access-policy&spr=https&sv=2024-11-04&sr=c&sig=o5IofreS%2F7ETlsnhPakPWCwHVVUZRobywQ5wUKGjVuQ%3D","https://www.tristarhealth.com/patient-resources/patient-financial-resources/pricing-transparency-cms-required-file-of-standard-charges","62-1113737_TRISTAR-CENTENNIAL-MEDICAL-CENTER_standardcharges.json","json","other","654308152","false"
"cc:71620157-3480-4974-ad58-784580d14acd:fc8b5e81-4923-4916-a1b2-8e30d422468e","cc:71620157-3480-4974-ad58-784580d14acd","true","https://url.usb.m.mimecastprotect.com/s/e83DCjAWnminNLv8CjIh0i?domain=rca.centaurihs.com","https://url.usb.m.mimecastprotect.com/s/4udDC8Xr9vc64VK1C2t3k9?domain=dhrhealth.com/","742802643_rehabcenteratrenaissance_standardcharges.csv","csv","spreadsheet","191538753","false"
"cc:7181d478-6138-44af-a26c-d07f536fa6ff:a9a02184-0cf0-406a-b884-b445a40a8afe","cc:7181d478-6138-44af-a26c-d07f536fa6ff","true","https://www.ccghospital.com/_files/ugd/ce403d_f7d290420a6b4d73b459c987ea568cb9.csv?dn=731235996_coal-county-general-hospital_standardcharges.csv.csv","https://www.ccghospital.com/price-transparency","731235996_coal-county-general-hospital_standardcharges.csv.csv","csv","spreadsheet","3047626","false"
"cc:71ab3d18-1ccb-4d21-b29a-ff1d0a50c3e9:9771e8cc-1c63-4288-83ea-3ba7d0ffac1f","cc:71ab3d18-1ccb-4d21-b29a-ff1d0a50c3e9","true","https://hpt.trinity-health.org/580566223_St-Marys-Health-Care-System_standardcharges.zip","https://www.stmaryshealthcaresystem.org/for-patients/billing-insurance/price-estimates","580566223_St-Marys-Health-Care-System_standardcharges.zip","zip","unknown","81479894","false"
"cc:71e3580a-1631-42db-8c61-86ec409e1fdb:91debca3-bcee-430e-8039-1e084ebdaf45","cc:71e3580a-1631-42db-8c61-86ec409e1fdb","true","https://mrfs.hyvehealthcare.com/TenetHealth/621809851_vhs-of-phoenix-inc_standardcharges.json","https://www.abrazohealth.com/patients/pricing-info-estimates/hospital-pricing-information","621809851_vhs-of-phoenix-inc_standardcharges.json","json","other","58901700","false"
"cc:71fbc173-221e-41c5-85dd-8306bb4a7610:13d0b2fa-257c-486b-8ad5-714c2518d052","cc:71fbc173-221e-41c5-85dd-8306bb4a7610","true","https://hpt.inmediata.com/?handler=DF&d=C0BB830F-0D4C-4FF2-830B-A42A3E0BDAB5","https://www.sistemamenonita.com/price-transparency","660452520-1750317764_hospital-menonita-cayey_standardcharges.json","json","other","1394666","false"
"cc:720c7f48-82fa-4a41-bf3f-d8bdc004eb94:76d6a967-d49f-43ad-9876-ef8acf30a457","cc:720c7f48-82fa-4a41-bf3f-d8bdc004eb94","true","https://mchodessa.com/documents/ector-county-hospital-district/752302928_ector-county-hospital-district_standardcharges.csv","https://www.mchodessa.com/patients-visitors/billing-financial-assistance/standard-charges/","752302928_ector-county-hospital-district_standardcharges.csv","csv","spreadsheet","43445952","false"
"cc:7231df8a-0e1e-4d46-927c-7284df645e42:ec9eae78-6bdb-469e-8d89-8dfbc430e086","cc:7231df8a-0e1e-4d46-927c-7284df645e42","true","https://apps.para-hcfs.com/PTT/FinalLinks/Reports.aspx?dbName=dbRUMCCHICAGOIL&type=CDMWithoutLabel&fileType=CSV","https://www.rush.edu/patients-visitors/billing/cost-care","362174823_rush-university-medical-center_standardcharges.csv","csv","spreadsheet","65538769","false"
"cc:724146a2-dbb5-4d8e-8c28-4b3357f68c86:315a3c02-30d6-436c-9187-45381d865a39","cc:724146a2-dbb5-4d8e-8c28-4b3357f68c86","true","https://www.northeastrehab.com/wp-content/uploads/2026/06/02-0369797_northeast-rehabilitation-hospital_standardcharges_portsmouth.csv","https://www.northeastrehab.com/faqs/our-networks-standard-charges","02-0369797_northeast-rehabilitation-hospital_standardcharges_portsmouth.csv","csv","spreadsheet","8230764","false"
"cc:72567552-0cc3-45ed-9b60-4f7e65deef57:df97b8a0-65fd-461a-9aca-183164b7d56e","cc:72567552-0cc3-45ed-9b60-4f7e65deef57","true","https://resources.selectmedical.com/Pricing-Transparency/critical-illness-recovery/16-1647691_Regency_Hospital_of_NW_Indiana_standardcharges.csv","https://www.regencyhospital.com/patients-and-caregivers/admissions/price-transparency","16-1647691_Regency_Hospital_of_NW_Indiana_standardcharges.csv","csv","spreadsheet","102912216","false"
"cc:72a79650-8fdc-46dd-a761-95db462dfc30:f5f94592-0a4f-4058-96ef-ef4d1feceb8b","cc:72a79650-8fdc-46dd-a761-95db462dfc30","true","https://www.umc.edu/Healthcare/Patients-and-Visitors/Bill%20Pay/Pricing%20Files/646008520-1558798603_university-of-mississippi-medical-center_standcharges.csv","https://www.umc.edu/pricing","646008520-1558798603_university-of-mississippi-medical-center_standcharges.csv","csv","spreadsheet","18964772","false"
"cc:72bc251c-42fc-4e95-a8fc-82261cebe421:a4263014-1194-4562-a6fb-43f0d32b6ab1","cc:72bc251c-42fc-4e95-a8fc-82261cebe421","true","https://stctrprodsnsvc00455826e6.blob.core.windows.net/pt-final-posting-files/74-2730328_METHODIST-HOSPITAL_standardcharges.json?si=pt-json-access-policy&spr=https&sv=2024-11-04&sr=c&sig=o5IofreS%2F7ETlsnhPakPWCwHVVUZRobywQ5wUKGjVuQ%3D","https://www.sahealth.com/patient-resources/patient-financial-resources/pricing-transparency-cms-required-file-of-standard-charges","74-2730328_METHODIST-HOSPITAL_standardcharges.json","json","other","1311944481","false"
"cc:72f959ea-8697-4021-bb2a-6143f471e8e2:a06d3597-7e55-4207-87a3-ee5b68785772","cc:72f959ea-8697-4021-bb2a-6143f471e8e2","true","https://nec24.com/wp-content/uploads/2026/03/320579508_Neighbors-Emergency-Center-Baytown_standardcharges.csv","https://nec24.com/price-transparency","320579508_Neighbors-Emergency-Center-Baytown_standardcharges.csv","csv","spreadsheet","218397","false"
"cc:738fe3fc-959e-402f-94d5-d741cec3e01f:d35f0d46-b52f-4830-a8bc-8ac390514fcf","cc:738fe3fc-959e-402f-94d5-d741cec3e01f","true","https://mrfs.hyvehealthcare.com/TenetHealth/760714523-1467129700_vhs-san-antonio-partners-llc_standardcharges.json","https://www.baptisthealthsystem.com/patients/pricing-info-estimates/hospital-pricing-information","760714523-1467129700_vhs-san-antonio-partners-llc_standardcharges.json","json","other","3526640","false"
"cc:73c0bc01-789d-4772-a5cd-db7f1861d0f7:214a10ce-84e2-4a1e-bc42-0d51cc70da7b","cc:73c0bc01-789d-4772-a5cd-db7f1861d0f7","true","https://media.ecommunity.com/PricingTransparency/Community_Howard_Regional_Health.csv","https://www.ecommunity.com/central-pricing-office/list-of-standard-charges","Community_Howard_Regional_Health.csv","csv","spreadsheet","3160717477","false"
"cc:73cf54b6-629d-4176-b03b-2cf01aedad1d:2a6c67e3-c950-4371-91e9-6ed1d5481f91","cc:73cf54b6-629d-4176-b03b-2cf01aedad1d","true","https://stctrprodsnsvc00455826e6.blob.core.windows.net/pt-final-posting-files/61-0947837_HCA-FLORIDA-NORTHSIDE-HOSPITAL_standardcharges.json?si=pt-json-access-policy&spr=https&sv=2024-11-04&sr=c&sig=o5IofreS%2F7ETlsnhPakPWCwHVVUZRobywQ5wUKGjVuQ%3D","https://www.hcafloridahealthcare.com/patient-resources/patient-financial-resources/pricing-transparency-cms-required-file-of-standard-charges","61-0947837_HCA-FLORIDA-NORTHSIDE-HOSPITAL_standardcharges.json","json","other","403096462","false"
"cc:73e5cb7a-0e17-40f2-8cb0-648f152c97f7:b9985e92-e8eb-4e42-bc41-0450ebbe5903","cc:73e5cb7a-0e17-40f2-8cb0-648f152c97f7","true","https://resources.selectmedical.com/Pricing-Transparency/critical-illness-recovery/57-1124822_Regency_Hospital_of_Florence_StandardCharges.csv","https://www.regencyhospital.com/patients-and-caregivers/admissions/price-transparency","57-1124822_Regency_Hospital_of_Florence_StandardCharges.csv","csv","spreadsheet","165021602","false"
"cc:740f88d7-24bd-489a-b412-17f1d79d3eb2:bd0b5fb8-9c78-483f-a945-09cb41a3f4a9","cc:740f88d7-24bd-489a-b412-17f1d79d3eb2","true","https://stctrprodsnsvc00455826e6.blob.core.windows.net/pt-final-posting-files/62-1321255_TRISTAR-HENDERSONVILLE-MEDICAL-CENTER_standardcharges.json?si=pt-json-access-policy&spr=https&sv=2024-11-04&sr=c&sig=o5IofreS%2F7ETlsnhPakPWCwHVVUZRobywQ5wUKGjVuQ%3D","https://www.tristarhealth.com/patient-resources/patient-financial-resources/pricing-transparency-cms-required-file-of-standard-charges","62-1321255_TRISTAR-HENDERSONVILLE-MEDICAL-CENTER_standardcharges.json","json","other","292134275","false"
"cc:742c8e25-5094-4f0e-b012-74b29d49ac8c:e613823c-a228-43bd-bf1b-2dd6487b003d","cc:742c8e25-5094-4f0e-b012-74b29d49ac8c","true","https://mrfs.hyvehealthcare.com/TenetHealth/621861138-1326022732_vhs-acquisition-subsidiary-number-1-inc_standardcharges.json","https://www.abrazohealth.com/patients/pricing-info-estimates/hospital-pricing-information","621861138-1326022732_vhs-acquisition-subsidiary-number-1-inc_standardcharges.json","json","other","2796394","false"
"cc:744ec0c5-9784-43a7-8f29-0b7686ad0d43:9fdf7c8a-cd19-467b-82e1-8ce315efc479","cc:744ec0c5-9784-43a7-8f29-0b7686ad0d43","true","https://www.salinasvalleyhealth.com/documents/946004020_SalinasValleyMemorialHealthcareSystem_standardcharges.csv","https://www.salinasvalleyhealth.com/standard-charges/","946004020_SalinasValleyMemorialHealthcareSystem_standardcharges.csv","csv","spreadsheet","102374724","false"
"cc:74613875-f612-4769-a124-d2dc9faf383d:d19be790-ce84-4285-818c-397c47e7ac3d","cc:74613875-f612-4769-a124-d2dc9faf383d","true","https://www.bryanhealth.com/app/files/public/9842650c-a0de-44db-a986-624a6e336a94/470841285_crete-area-medical-center_standardcharges.csv","https://www.bryanhealth.com/patients-visitors/pricing-insurance-financial-assistance-billing/price-estimates/","470841285_crete-area-medical-center_standardcharges.csv","csv","spreadsheet","7946969","false"
"cc:74a89e77-9ba7-4dbc-9b25-b198a5145372:f4be7ad6-56a5-4ba4-97e0-aad2895f4f29","cc:74a89e77-9ba7-4dbc-9b25-b198a5145372","true","https://www.medstarhealth.org/-/media/project/mho/medstar/billing-and-insurance/2026/521369749_1528061827_national_rehabilitation_hospital_inc_standardcharges.csv","https://www.medstarhealth.org/price-transparency-disclosures","521369749_1528061827_National_Rehabilitation_Hospital_Inc_standardcharges.csv","csv","spreadsheet","10229198","false"
"cc:74f5bc68-b2d4-43a0-860c-b6ff960d8098:a8611e85-d719-4c44-9c7f-16d4388b50c7","cc:74f5bc68-b2d4-43a0-860c-b6ff960d8098","true","https://www.lorettohospital.org/documents/362200248_LorettoHospital_StandardCharges.csv","https://www.lorettohospital.org/patients-visitors/financial-assistance/price-transparency/","362200248_LorettoHospital_StandardCharges.csv","csv","spreadsheet","131651","false"
"cc:750c93e2-ec88-478f-bed0-354a961e6d02:b2c3ea5b-f0f8-4ee6-b952-91daa23f50ab","cc:750c93e2-ec88-478f-bed0-354a961e6d02","true","https://apps.para-hcfs.com/PTT/FinalLinks/Reports.aspx?dbName=dbRushOakPark&type=CDMWithoutLabel&fileType=CSV","https://www.rush.edu/patients-visitors/billing/cost-care","362183812_rush-oak-park-hospital-inc_standardcharges.csv","csv","spreadsheet","34279641","false"
"cc:752e47de-e173-442c-a0e5-dbd0e177378e:a8fd30f9-7740-44fd-9de0-7d7bfba9fe74","cc:752e47de-e173-442c-a0e5-dbd0e177378e","true","https://mrfs.hyvehealthcare.com/TenetHealth/272845064_vhs-childrens-hospital-of-michigan-inc_standardcharges.json","https://www.childrensdmc.org/patients/pricing-info-estimates/hospital-pricing-information","272845064_vhs-childrens-hospital-of-michigan-inc_standardcharges.json","json","other","3165689","false"
"cc:753de459-7935-476d-8c94-7c81ea58c21a:c807129f-0a58-468c-a609-f0d4b4e17725","cc:753de459-7935-476d-8c94-7c81ea58c21a","true","https://www.reaganhealth.com/docs/75-6003050_ReaganHospitalDistrict_StandardCharges.csv?sub=Price%20Transparency","https://www.reaganhealth.com/getpage.php?name=Hospital_Standard_Charges","75-6003050_ReaganHospitalDistrict_StandardCharges.csv","csv","spreadsheet","330610","false"
"cc:754c89e6-dbd1-4b15-8f01-68517935323d:8c5f6122-07cb-4154-923c-d9495e93ea2f","cc:754c89e6-dbd1-4b15-8f01-68517935323d","true","https://hpt.inmediata.com/?handler=DF&d=D8136AB7-2C71-41A1-A648-15D62355ACC0","https://www.sistemamenonita.com/price-transparency","660876852-1639696289_hospital-menonita-guayama_standardcharges.json","json","other","1316745","false"
"cc:7566445e-8226-4ae3-9a43-02744a08108a:dbd7f332-687f-47da-ad7f-e516f1d2b302","cc:7566445e-8226-4ae3-9a43-02744a08108a","true","https://stctrprodsnsvc00455826e6.blob.core.windows.net/pt-final-posting-files/82-1969974_MEMORIAL-HEALTH-UNIVERSITY-MEDICAL-CENTER_standardcharges.json?si=pt-json-access-policy&spr=https&sv=2024-11-04&sr=c&sig=o5IofreS%2F7ETlsnhPakPWCwHVVUZRobywQ5wUKGjVuQ%3D","https://www.memorialhealth.com/patient-resources/patient-financial-resources/pricing-transparency-cms-required-file-of-standard-charges","82-1969974_MEMORIAL-HEALTH-UNIVERSITY-MEDICAL-CENTER_standardcharges.json","json","other","480636815","false"
"cc:7590e8bf-24b3-4652-bebe-1e7aeff350ac:f4162a5d-8614-4dab-9247-93f003993362","cc:7590e8bf-24b3-4652-bebe-1e7aeff350ac","true","https://apps.para-hcfs.com/PTT/FinalLinks/Reports.aspx?dbName=dbBRHRMedOnc&type=CDMWithoutLabel&fileType=CSV","https://www.bartletthospital.org/patients-visitors/financial-services/physician-billing/price-estimator-tool/","810754039_bartlett-regional-hospital_standardcharges.csv","csv","spreadsheet","123777","false"
"cc:75ab15d8-53df-47df-9ef5-57d18ceb6fbe:cb341df5-a484-4c3b-b6ac-3c2dbb388885","cc:75ab15d8-53df-47df-9ef5-57d18ceb6fbe","true","https://resources.selectmedical.com/Pricing-Transparency/critical-illness-recovery/87-0789607_Select_Specialty_Hospital-Evansville_standardcharges.csv","https://www.selectspecialtyhospitals.com/patients-and-caregivers/admissions/price-transparency","87-0789607_Select_Specialty_Hospital-Evansville_standardcharges.csv","csv","spreadsheet","106356510","false"
"cc:75c04ae1-9b75-486c-95f8-515617107880:b7f6f5f3-f768-4be8-8358-074425e7502a","cc:75c04ae1-9b75-486c-95f8-515617107880","true","https://mrfs.hyvehealthcare.com/RWJBarnabasHealth/222783298_jersey-city-medical-center_standardcharges.json","https://www.rwjbh.org/jersey-city-medical-center/billing/charges","222783298_jersey-city-medical-center_standardcharges.json","json","other","399020097","false"
"cc:75f3b2bd-a2fa-456f-8a05-f9b230a32c91:28a4ed00-e633-41e2-b0e8-4f258c45e427","cc:75f3b2bd-a2fa-456f-8a05-f9b230a32c91","true","https://www.mercyhealthsystem.org/media/2d1cbb17b353441aab7c37d9b22f6c99/311551871-mercyharvardhospital-standardchargers.json","https://www.mercyhealthsystem.org/patientsvisitors/billing-information/chargemaster","311551871-mercyharvardhospital-standardchargers.json","json","other","14455867","false"
"cc:76353c25-0cf7-4256-a28c-de096a921a22:e17891f2-691d-4536-96b3-67e3ac4998b7","cc:76353c25-0cf7-4256-a28c-de096a921a22","true","https://brooksrehab.org/wp-content/uploads/2025/09/2025-Price-Transparency-Final-v9_02_25.csv","https://brooksrehab.org/patient-billing-practices/price-transparency/","2025-Price-Transparency-Final-v9_02_25.csv","csv","spreadsheet","44799182","false"
"cc:76366c73-9532-446a-8f03-cba19602ae52:49c06fcd-e021-4449-a39f-cd8582c37e64","cc:76366c73-9532-446a-8f03-cba19602ae52","true","https://www.in.gov/fssa/dmha/files/356000158-Madison-State-Hospital_standardcharges.csv","https://www.in.gov/fssa/dmha/state-psychiatric-hospitals/state-psychiatric-hospitals-billing-information/","356000158-Madison-State-Hospital_standardcharges.csv","csv","spreadsheet","4341","false"
"cc:76453287-c9ea-4a60-94be-fcd044e88fc2:3efec1ac-cf89-46c4-bb81-953a64d0a0c6","cc:76453287-c9ea-4a60-94be-fcd044e88fc2","true","https://www.lsuhospitals.org/lak/docs/726000749_Lallie-Kemp-Regional-Medical-Center_standardcharges.csv","https://www.lsuhospitals.org/lak/pricetransparency.aspx","726000749_Lallie-Kemp-Regional-Medical-Center_standardcharges.csv","csv","spreadsheet","17750172","false"
"cc:76668c4f-6ebb-4cc2-9568-01b06420f611:08e0ff95-2e22-4b35-800e-931d5da134c6","cc:76668c4f-6ebb-4cc2-9568-01b06420f611","true","https://www.bryanhealth.com/app/files/public/7bc02f30-8db7-4319-a386-a6260e5f399b/470376552_bryan-medical-center-west-campus_standardcharges.csv","https://www.bryanhealth.com/patients-visitors/pricing-insurance-financial-assistance-billing/price-estimates","470376552_bryan-medical-center-west-campus_standardcharges.csv","csv","spreadsheet","23324763","false"
"cc:766ce6a5-1b47-48c8-8b8a-58c4376a7c87:8c711421-cd6f-42de-be28-c94be3152233","cc:766ce6a5-1b47-48c8-8b8a-58c4376a7c87","true","https://memorialhermann.org/-/media/memorial-hermann/org/files/patients-and-visitors/cms-standard-hospital-charges/741152597_memorial-hermann-orthopedic-and-spine-hospital_standardcharges.csv","https://memorialhermann.org/patients-visitors/patient-services/financial-care/financial-resources/cms-price-transparency-information","741152597_memorial-hermann-orthopedic-and-spine-hospital_standardcharges.csv","csv","spreadsheet","36141356","false"
"cc:768ae088-9304-4380-94dc-ce437b3eeebd:6366590a-7232-4821-a343-7a7d9c4f99d0","cc:768ae088-9304-4380-94dc-ce437b3eeebd","true","https://omh.ny.gov/omhweb/adults/141663311_nysomh_standardcharges.csv","https://omh.ny.gov/omhweb/adults/omh-hospital-pricing-transparency.pdf","141663311_nysomh_standardcharges.csv","csv","spreadsheet","929041","false"
"cc:768e684f-03fe-45dd-94cf-7ed9265b3e7c:4aeb8c75-4971-4a58-90ac-7ea46922803f","cc:768e684f-03fe-45dd-94cf-7ed9265b3e7c","true","https://baycare.org/-/media/project/baycare/consumer-portal/billing-and-insurance/pricing-files-compressed/590624462_mortonplantnorthbayhospital_standardcharges.zip","https://baycare.org/billing-and-insurance","590624462_MortonPlantNorthBayHospital_standardcharges.zip","zip","unknown","6984520","false"
"cc:76c77cc4-01df-446c-a14c-611a756ffb6b:40069abb-4a6d-4841-9ef3-136830ccdd9c","cc:76c77cc4-01df-446c-a14c-611a756ffb6b","true","https://stmlevergreenncus001.blob.core.windows.net/public/910844563_KING-COUNTY-PUBLIC-HOSPITAL-DISTRICT-NO2_standardcharges.csv","https://www.evergreenhealth.com/patients-visitors/after-your-visit/billing-financial/cost-estimate/","910844563_KING-COUNTY-PUBLIC-HOSPITAL-DISTRICT-NO2_standardcharges.csv","csv","spreadsheet","61653341","false"
"cc:76e1b151-9cf7-445a-a334-764b48d77851:6c7cf1cf-ebd5-4d34-8a6c-fa2671ed9203","cc:76e1b151-9cf7-445a-a334-764b48d77851","true","https://www.allinahealth.org/-/media/allina-health/files/customer-service/billing-and-insurance/price-transparency/ambulatory-surgery-centers-2026/green-way-asc.csv","https://www.allinahealth.org/customer-service/billing-and-insurance","Green Way ASC.csv","csv","spreadsheet","6157856","false"
"cc:76f36229-b90a-4a91-bb34-154f99d7a21a:b0e4a725-ba9e-4974-8730-1041a5b8352d","cc:76f36229-b90a-4a91-bb34-154f99d7a21a","true","https://www.hoagorthopedicinstitute.com/documents/compliance/611588294_hoag-orthopedic-institute-llc_standardcharges.csv","www.hoagorthopedicinstitute.com/for-patients/billing-and-insurance/","611588294_hoag-orthopedic-institute-llc_standardcharges.csv","csv","spreadsheet","20100906","false"
"cc:776b6122-3dd3-4d91-bda1-fbdcdbce1f32:fe279b69-baea-48ae-8a1e-b2aad33ae5ca","cc:776b6122-3dd3-4d91-bda1-fbdcdbce1f32","true","https://sthpiprd.blob.core.windows.net/machine-readable-files/11019/752559845-1992707228_shannon-medical-center_standardcharges.csv","https://search.hospitalpriceindex.com/hpi2/machineReadable/ShannonMedicalCenter/11019","752559845-1992707228_shannon-medical-center_standardcharges.csv","csv","spreadsheet","495658965","false"
"cc:77745e0a-0b9f-4e64-9c92-0645578ed15b:a99988f1-26b0-4bb6-b7ef-c1f54f89f5bf","cc:77745e0a-0b9f-4e64-9c92-0645578ed15b","true","https://mrfs.hyvehealthcare.com/TenetHealth/953561198-1457382483_amisub-of-south-carolina%2C-inc._standardcharges.json","https://www.piedmontmedicalcenter.com/patients/pricing-info-estimates/hospital-pricing-information","953561198-1457382483_amisub-of-south-carolina,-inc._standardcharges.json","json","other","64487528","false"
"cc:77889fd1-579e-412a-9fc8-fae413f355af:df3edc94-7fdc-4959-9b7c-384cd05405ac","cc:77889fd1-579e-412a-9fc8-fae413f355af","true","https://www.universityhealthkc.org/clientfiles/getfile/440661018_university-health-truman-medical-center_standardcharges.csv","https://www.universityhealthkc.org/patients-visitors/billing-information/understanding-costs/","440661018_university-health-truman-medical-center_standardcharges.csv","csv","spreadsheet","76499461","false"
"cc:778fb234-b8e6-4f4d-8e07-786b141c86bd:75531be4-ac67-44eb-9dcf-1663564fc331","cc:778fb234-b8e6-4f4d-8e07-786b141c86bd","true","https://mrfs.hyvehealthcare.com/TenetHealth/882346023_florida-coast-medical-and-surgical-center%2C-inc._standardcharges.json","https://www.palmbeachhealthnetwork.com/patients/pricing-info-estimates/hospital-pricing-information","882346023_florida-coast-medical-and-surgical-center,-inc._standardcharges.json","json","other","88867062","false"
"cc:77a8d7b6-7334-436f-9bda-55284e62cb77:b58952e5-73a2-4806-bb68-f460ddf793d7","cc:77a8d7b6-7334-436f-9bda-55284e62cb77","true","https://mrfs.hyvehealthcare.com/TenetHealth/752918809_san-ramon-regional-medical-center%2C-llc_standardcharges.json","https://www.sanramonmedctr.com/patients/pricing-info-estimates/hospital-pricing-information","752918809_san-ramon-regional-medical-center,-llc_standardcharges.json","json","other","1803325","false"
"cc:77c4f904-d019-462a-b88c-f4f0f0cd45ee:8a409c63-d8f7-468e-a1b2-aafb4b700d56","cc:77c4f904-d019-462a-b88c-f4f0f0cd45ee","true","https://hospitalpricedisclosure.com/Download.aspx?pxi=PnMmi0OJplyABzmiE7PkYQ*-*&f=1Uqk9sV2mcxtBmvoqWiwog*-*","https://hospitalpricedisclosure.com/default.aspx?ci=fFJE38ye7xsB8Of*_*qxAfVQ*-*","731605613_integris-canadian-valley-hospital_standardcharges.csv","csv","spreadsheet","44658588","false"
"cc:77c54594-d77d-48d1-9d8a-e18350bacced:5894a53e-d196-4186-aea8-07d348d42a99","cc:77c54594-d77d-48d1-9d8a-e18350bacced","true","http://searhc.org/wp-content/uploads/2026/04/Mt-Edgecumbe-Medical-Center-Standard-Charges.xlsx","https://searhc.org/patient-resources/billing-financing/#price-transparency","Mt-Edgecumbe-Medical-Center-Standard-Charges.xlsx","xlsx","spreadsheet","602580","false"
"cc:77db740e-4bec-4ac6-8bf4-bee1220d9500:4097c3b3-3ef1-44a5-96e4-6deea38e697e","cc:77db740e-4bec-4ac6-8bf4-bee1220d9500","true","https://mrfs.hyvehealthcare.com/TenetHealth/760714523-1831970532_vhs-san-antonio-partners%2C-llc_standardcharges.json","https://www.baptisthealthsystem.com/patients/pricing-info-estimates/hospital-pricing-information","760714523-1831970532_vhs-san-antonio-partners,-llc_standardcharges.json","json","other","3228804","false"
"cc:77e97f64-32c7-4264-b449-1d14bfbf38f9:03b5e6d6-f955-4a8a-a000-e52ae77cbf81","cc:77e97f64-32c7-4264-b449-1d14bfbf38f9","true","https://nwdhospital.com/wp-content/uploads/2024/05/NWDH-ChargeMaster_2024.01_V1.csv","https://nwdhospital.com/financial-policy/","NWDH-ChargeMaster_2024.01_V1.csv","csv","spreadsheet","319389","false"
"cc:7800136b-28ef-4fa1-a71e-58b66ddbd6ab:5606eea0-130a-4247-9980-c62e4e000a16","cc:7800136b-28ef-4fa1-a71e-58b66ddbd6ab","true","https://edge.sitecorecloud.io/sutterhealt962c-sutterhealt8fce-production57cc-4860/media/Project/SutterHealth/SutterHealth/Files/billing-insurance/costs-and-charges/942988520-1457367062_sutter-coast-hospital_standardcharges.csv","https://www.sutterhealth.org/billing-insurance/costs-and-charges/cost-transparency","942988520-1457367062_sutter-coast-hospital_standardcharges.csv","csv","spreadsheet","5545839","false"
"cc:781dce99-c410-418d-be92-081afd7c1fed:9789dcb6-fdab-4dc0-9abf-7920607f9eaa","cc:781dce99-c410-418d-be92-081afd7c1fed","true","https://mcorgstatic.blob.core.windows.net/cms-price/390813418_mayo-clinic-health-system-menomonie_standardcharges.csv","https://www.mayoclinichealthsystem.org/for-patients-and-visitors/price-transparency","390813418_mayo-clinic-health-system-menomonie_standardcharges.csv","csv","spreadsheet","3404399318","false"
"cc:781e3266-d74e-4d1a-a245-e6f52065e652:9506e667-cac9-4e42-9fa2-30a3dfa591ae","cc:781e3266-d74e-4d1a-a245-e6f52065e652","true","https://renown.pt.panaceainc.com/MRFDownload/renown/regional-medical-center","https://www.renown.org/Patients-and-Visitors/Billing/Pricing-Transparency","880213754_renown-regional-medical-center_standardcharges.csv","csv","spreadsheet","311177165","false"
"cc:781f9a58-89a6-4fc8-a36b-04fa0975e895:0c79e638-498a-46fa-b34d-98613e6bdacf","cc:781f9a58-89a6-4fc8-a36b-04fa0975e895","true","https://www.calverthealthmedicine.org/price-transparency-file","https://www.calverthealthmedicine.org/Charge-Master-Dictionary-Price-Transparency","520619000_CalvertHealth Medical Center_standardcharges.csv","csv","spreadsheet","11316607","false"
"cc:78441b02-c862-4b95-8ce2-7ce75d5cde27:00751679-9198-4bcf-9524-c7b8b6273bb7","cc:78441b02-c862-4b95-8ce2-7ce75d5cde27","true","https://www.prohealthcare.org/app/files/public/3f15931d-a043-44c4-b00e-e7d71d997f78/39-0910727_ProHealth_Care_Waukesha_Hospital_StandardCharges.csv","https://www.prohealthcare.org/patients-families/cost-of-care","39-0910727_ProHealth_Care_Waukesha_Hospital_StandardCharges.csv","csv","spreadsheet","154529545","false"
"cc:7893c22b-ae03-48c5-8bba-e53e4cfa8c02:0cc28533-34f5-4b96-812e-a7fe3f507b9f","cc:7893c22b-ae03-48c5-8bba-e53e4cfa8c02","true","https://hospitalpricedisclosure.com/Download.aspx?pxi=5WT9HTDTVJjg8fpR4CruzQ*-*&f=1Uqk9sV2mcxtBmvoqWiwog*-*","https://hospitalpricedisclosure.com/default.aspx?ci=fFJE38ye7xsB8Of*_*qxAfVQ*-*","731089149_integris-southwest-medical-center_standardcharges.csv","csv","spreadsheet","45843563","false"
"cc:78c097de-2e72-4276-8e93-8b051351edae:8624e644-f6c5-4c26-b356-8ce6e2339340","cc:78c097de-2e72-4276-8e93-8b051351edae","true","https://dbhdd.georgia.gov/media/25821/download","https://dbhdd.georgia.gov/be-caring/state-hospital-price-transparency","943473160_west-central-georgia-regional-hospital_standardcharges_0.csv","csv","spreadsheet","69562","false"
"cc:78c3d931-157e-4284-b902-dbdf79f9f214:737fce05-4506-4635-b360-81a3031c7eff","cc:78c3d931-157e-4284-b902-dbdf79f9f214","true","https://pricetransparency.providence.org/norcal/live/814791043_providence-queen-of-the-valley-medical-center_standardcharges.json","https://www.providence.org/obp/price-transparency","814791043_providence-queen-of-the-valley-medical-center_standardcharges.json","json","other","188950942","false"
"cc:790716d4-d4ef-4731-a9f0-e8b142800d4c:c848e31c-ed2a-4bf5-b498-82de6e775c1c","cc:790716d4-d4ef-4731-a9f0-e8b142800d4c","true","https://resources.selectmedical.com/Pricing-Transparency/inpatient-rehabilitation/85-3995159_Rush_Specialty_Hospital_Inpatient_Rehabilitation_standardcharges.csv","https://www.rushspecialtyhospital.com/patients-and-caregivers/admissions/price-transparency/","85-3995159_Rush_Specialty_Hospital_Inpatient_Rehabilitation_standardcharges.csv","csv","spreadsheet","35222634","false"
"cc:79198caf-74b8-4b72-9e8f-75fee217cf03:dc5ba95d-939b-4bb1-901d-8bfd0475c028","cc:79198caf-74b8-4b72-9e8f-75fee217cf03","true","https://www.thechristhospital.com/stfiles/31-0538525_TheChristHospitalHealthNetwork_StandardCharges.csv","https://www.thechristhospital.com/patient-resources/patient-financial-services/pricing-and-estimates/price-list-and-cost","31-0538525_TheChristHospitalHealthNetwork_StandardCharges.csv","csv","spreadsheet","1317628684","false"
"cc:7999bf4c-53ce-47f0-9c03-c2c82efa9e39:3a88c209-9b2c-41cf-9af2-1e9d5c7b6d8f","cc:7999bf4c-53ce-47f0-9c03-c2c82efa9e39","true","https://batonrouge.kpcph.com/wp-content/uploads/sites/8/2023/12/83-4190159_KPC-Promise-Hospital-of-Baton-Rouge_standardcharges.csv","https://batonrouge.kpcph.com/cms-price-transparency/","83-4190159_KPC-Promise-Hospital-of-Baton-Rouge_standardcharges.csv","csv","spreadsheet","29043223","false"
"cc:79c59de9-08f4-46ed-9cc9-8e7a38ea74b2:bdac4e32-6953-47ec-a1ed-0cc863bfad11","cc:79c59de9-08f4-46ed-9cc9-8e7a38ea74b2","true","https://hospital-asem.vercel.app/machine.json","https://www.asem.pr.gov/","machine_336212.json","json","other","35342964","false"
"cc:79cecc86-b551-415f-9411-291e70dcca97:74ecea01-753a-4bfe-95cc-5bf8a9b62f6a","cc:79cecc86-b551-415f-9411-291e70dcca97","true","https://mrfs.hyvehealthcare.com/TenetHealth/452663071_vhs-brownsville-hospital-company-llc_standardcharges.json","https://www.valleybaptist.net/patients/pricing-info-estimates/hospital-pricing-information","452663071_vhs-brownsville-hospital-company-llc_standardcharges.json","json","other","56094240","false"
"cc:79d5a540-c74a-4d74-8f0d-819d6246fcf3:fbd49481-118e-45c6-8c5f-d51fc1143854","cc:79d5a540-c74a-4d74-8f0d-819d6246fcf3","true","https://apps.para-hcfs.com/PTT/FinalLinks/Reports.aspx?dbName=dbFMDHGLASGOWMT&type=CDMWithoutLabel&fileType=CSV","https://www.fmdh.org/patients-visitor-information/financial-resources/price-transparency-information","810231786_frances-mahon-deaconess-hospital_standardcharges.csv","csv","spreadsheet","28741037","false"
"cc:79e3b519-0825-4d94-aa8d-699a6c530701:9714b387-d333-4588-8d61-3f5d78a3372e","cc:79e3b519-0825-4d94-aa8d-699a6c530701","true","https://www.mymichigan.org/app/files/public/fb45cd90-7a45-40a1-b7eb-8e2e315d2dfd/381443395_mymichigan-medical-center-tawas_standardcharges.csv","https://www.mymichigan.org/patients-visitors/billing-insurance/cost-estimates/","381443395_mymichigan-medical-center-tawas_standardcharges.csv","csv","spreadsheet","89480307","false"
"cc:7a0a74eb-3e39-43b7-bc37-f70f432531c1:71ec8054-af52-4215-bc7f-5de2f22a8e98","cc:7a0a74eb-3e39-43b7-bc37-f70f432531c1","true","https://www.pennstatehealth.org/sites/default/files/Finance/Apr-2026/251854772_the-milton-s.-hershey-medical-center_standardcharges.csv","https://www.pennstatehealth.org/patients-visitors/billing-medical-records/hospital-price-transparency","251854772_the-milton-s.-hershey-medical-center_standardcharges.csv","csv","spreadsheet","123472386","false"
"cc:7a2427f0-7e72-4345-9ed2-40597dcb9bbd:f81937e2-5fdf-457a-b207-cf2cf5aef194","cc:7a2427f0-7e72-4345-9ed2-40597dcb9bbd","true","https://mrfs.hyvehealthcare.com/TenetHealth/954537720-1538522412_tenet-hospitals-limited_standardcharges.json","https://www.thehospitalsofprovidence.com/patients/pricing-info-estimates/hospital-pricing-information","954537720-1538522412_tenet-hospitals-limited_standardcharges.json","json","other","3733474","false"
"cc:7a46e718-8fe8-4605-9a1c-ccbcbb8d307d:36bd30d6-2d2b-4ba5-94b8-8b543850b6cd","cc:7a46e718-8fe8-4605-9a1c-ccbcbb8d307d","true","https://hospitalpricedisclosure.com/download.aspx?pi=r5C56pFicSGYmflCJ5*__*QXg*-*&f=p22CpYLrWLxCnt4HoK7iZA*-*","https://www.orlandohealth.com/patients-and-visitors/patient-financial-resources/financial-information-prior-to-care/pricing-transparency-guide","591726273_orlando-health,-inc._standardcharges.json","json","other","90570353","false"
"cc:7a68a343-1a21-4fb3-9513-c03147775cef:f6ff2aae-5843-4acf-99b8-5b511f932cbf","cc:7a68a343-1a21-4fb3-9513-c03147775cef","true","https://www.grundycountyhospital.org/media/7b2751302d554257b5c0e1b088f4cc72/426006485_grundy-county-memorial-hospital_standardcharges.csv","https://www.grundycountyhospital.org/patients-visitors/payment-insurance/price-transparency/","426006485_grundy-county-memorial-hospital_standardcharges.csv","csv","spreadsheet","11788857","false"
"cc:7a7f0c74-686d-4904-9251-6fb8c2dbad2f:5f0514a8-4399-4c7e-b7a5-5ae24b67b846","cc:7a7f0c74-686d-4904-9251-6fb8c2dbad2f","true","https://apps.para-hcfs.com/PTT/FinalLinks/Reports.aspx?dbName=dbJCHFAIRFIELDIA&type=CDMWithoutLabel&fileType=CSV","https://linkprotect.cudasvc.com/url?a=https%3a%2f%2fapps.para-hcfs.com%2fPTT%2fFinalLinks%2fJefferson_County_V2.aspx&c=E,1,a80mBIf8ltepsFixMytgftjrhBEptQuumEAihO7eDSRLYzX1jDgtp2F3U3ARuqrdbx9zZoGNL4OWCllgVheuPA3XJxU96zA7qO6SwjqmZ-RYNaq3LUi4Xg,,&typo=1","426005842_jefferson-county-hospital_standardcharges.csv","csv","spreadsheet","90587785","false"
"cc:7a94c5e0-1579-4cb8-9685-07a0018d3337:37390b98-ed1e-4801-bec6-164b8457b74c","cc:7a94c5e0-1579-4cb8-9685-07a0018d3337","true","https://www.medstarhealth.org/-/media/project/mho/medstar/billing-and-insurance/2026/521369749_1154117505_national_rehabilitation_hospital_inc_standardcharges.csv","https://www.medstarhealth.org/price-transparency-disclosures","521369749_1154117505_National_Rehabilitation_Hospital_Inc_standardcharges.csv","csv","spreadsheet","676035","false"
"cc:7acf081f-5d7c-4432-a425-7d694d4e7231:28163bab-3baf-4c83-864c-2b76b4b917c9","cc:7acf081f-5d7c-4432-a425-7d694d4e7231","true","https://www.wth.org/wp-content/uploads/standard-charges/62-6010402_JH_standard_Charges.csv","https://www.wth.org/financial-assistance-billing/hospital-charges/","62-6010402_JH_standard_Charges.csv","csv","spreadsheet","22246903","false"
"cc:7b17654d-7379-4279-886a-b3d3a16816b6:2e94e7df-788b-46b1-9c83-c1e562469bac","cc:7b17654d-7379-4279-886a-b3d3a16816b6","true","https://www.brunswickhospitalcenter.org/_files/ugd/742343_0d63d23019ba40caaaab356c4f3ddb3a.xlsx?dn=110589550_BrunswickHospital_ChargeMaster_Standardchargesworking.xlsx","https://www.brunswickhospitalcenter.org/pricing-transparency","110589550_BrunswickHospital_ChargeMaster_Standardchargesworking.xlsx","xlsx","spreadsheet","178611","false"
"cc:7b297ca6-d751-481b-89c2-de61a27ac981:e849d834-06b7-43ee-be7e-09b938e08dbc","cc:7b297ca6-d751-481b-89c2-de61a27ac981","true","https://www.hopkinsmedicine.org/-/media/patient-care/documents/billing-insurance/charge-fees/590683252_johns-hopkins-all-children-_s-hospital_standardcharges.csv","https://www.hopkinsmedicine.org/patient-care/patients-visitors/billing-insurance/pay-bill/charges-fees","590683252_johns-hopkins-all-children-_s-hospital_standardcharges.csv","csv","spreadsheet","18601305","false"
"cc:7b37f6f6-4bd7-41e3-be66-697bb117501e:58250430-85ef-4a79-87dc-6b474f498f24","cc:7b37f6f6-4bd7-41e3-be66-697bb117501e","true","https://apim.services.craneware.com/api-pricing-transparency/api/public/30e503ebb1af329423bf2825174aa646/charges/mrf","https://www.bartonhealth.org/patients-family/billing-financial-services/hospital-pricing/","946050274_Barton-Memorial-Hospital_standardcharges.csv","csv","spreadsheet","36595574","false"
"cc:7b443c40-9226-49e5-aed3-1f653a078c2e:d34e8746-bc0a-4a22-91de-ed5061b0aaf4","cc:7b443c40-9226-49e5-aed3-1f653a078c2e","true","https://mauihealth.org/clientfiles/getfile/811559375-mauimemorial-standardcharges.csv","https://www.mauihealth.org/patients-and-visitors/billing-information/hospital-charges/","811559375-mauimemorial-standardcharges.csv","csv","spreadsheet","60913219","false"
"cc:7b4939d7-39e0-4b14-8ae4-0cdd1f3a0e26:d3cfc6b4-2d69-4245-83a3-4d9c70a62025","cc:7b4939d7-39e0-4b14-8ae4-0cdd1f3a0e26","true","https://hpt.inmediata.com/?handler=DF&d=AE3FE372-D961-4751-8DE2-2C4F0E2347A9","https://www.sistemamenonita.com/price-transparency","660219758-1851320394_hospital-menonita-aibonito_standardcharges.json","json","other","1186806","false"
"cc:7b781e44-3ada-4fbd-bf3e-d26affcd4648:8391d330-fdd8-4e80-bef2-cffcb4c070b8","cc:7b781e44-3ada-4fbd-bf3e-d26affcd4648","true","https://stctrprodsnsvc00455826e6.blob.core.windows.net/pt-final-posting-files/80-0935610_HCA-FLORIDA-PASADENA-HOSPITAL_standardcharges.json?si=pt-json-access-policy&spr=https&sv=2024-11-04&sr=c&sig=o5IofreS%2F7ETlsnhPakPWCwHVVUZRobywQ5wUKGjVuQ%3D","https://www.hcafloridahealthcare.com/patient-resources/patient-financial-resources/pricing-transparency-cms-required-file-of-standard-charges","80-0935610_HCA-FLORIDA-PASADENA-HOSPITAL_standardcharges.json","json","other","364667753","false"
"cc:7b9a82f7-0991-4ba6-a6be-45c75fb6dc40:e387685e-c381-4235-877c-bd62b8d184aa","cc:7b9a82f7-0991-4ba6-a6be-45c75fb6dc40","true","https://sthpiprd.blob.core.windows.net/machine-readable-files/7847/350892672_reid-health_standardcharges.csv","https://search.hospitalpriceindex.com/hpi2/machineReadable/reidhospital/7847","350892672_reid-health_standardcharges.csv","csv","spreadsheet","377090005","false"
"cc:7bec48c8-760a-46c9-a110-8ad1d0bd3193:c05fa1eb-d3d2-4dea-8b01-678a434ddc87","cc:7bec48c8-760a-46c9-a110-8ad1d0bd3193","true","https://stctrprodsnsvc00455826e6.blob.core.windows.net/pt-final-posting-files/62-1762537_SUNRISE-HOSPITAL-AND-MEDICAL-CENTER_standardcharges.json?si=pt-json-access-policy&spr=https&sv=2024-11-04&sr=c&sig=o5IofreS%2F7ETlsnhPakPWCwHVVUZRobywQ5wUKGjVuQ%3D","https://www.sunrisehealthinfo.com/patient-resources/patient-financial-resources/pricing-transparency-cms-required-file-of-standard-charges","62-1762537_SUNRISE-HOSPITAL-AND-MEDICAL-CENTER_standardcharges.json","json","other","814459846","false"
"cc:7c1ea362-6dd2-4121-b651-9bb7b36868d3:49a733e9-0fb6-428b-bda0-78e367329bf1","cc:7c1ea362-6dd2-4121-b651-9bb7b36868d3","true","https://apps.para-hcfs.com/PTT/FinalLinks/Reports.aspx?dbName=dbBRHROPPsych&type=CDMWithoutLabel&fileType=CSV","https://www.bartletthospital.org/patients-visitors/financial-services/physician-billing/price-estimator-tool/","920118538_bartlett-regional-hospital_standardcharges.csv","csv","spreadsheet","93473","false"
"cc:7c4dd0db-072c-413b-8ee8-b5a4246bd90d:0f01565f-913d-49fc-a1e3-6745ffeff6b3","cc:7c4dd0db-072c-413b-8ee8-b5a4246bd90d","true","https://mcorgstatic.blob.core.windows.net/cms-price/411404075_mayo-clinic-health-system-cannon-falls_standardcharges.csv","https://www.mayoclinichealthsystem.org/for-patients-and-visitors/price-transparency","411404075_mayo-clinic-health-system-cannon-falls_standardcharges.csv","csv","spreadsheet","3664189446","false"
"cc:7c8ee6e1-d0a9-4a5b-97d8-57099ce2eaea:8d73a4a3-7bbd-4674-ad21-73c6b0c747af","cc:7c8ee6e1-d0a9-4a5b-97d8-57099ce2eaea","true","https://media.huntingtonhealth.org/951644036_HUNTINGTON-HOSPITAL_standardcharges.csv","https://www.huntingtonhealth.org/price-transparency/","951644036_HUNTINGTON-HOSPITAL_standardcharges.csv","csv","spreadsheet","296926796","false"
"cc:7cb75a0f-59af-4e41-9840-2df74f61abed:36bd30d6-2d2b-4ba5-94b8-8b543850b6cd","cc:7cb75a0f-59af-4e41-9840-2df74f61abed","true","https://hospitalpricedisclosure.com/download.aspx?pi=r5C56pFicSGYmflCJ5*__*QXg*-*&f=p22CpYLrWLxCnt4HoK7iZA*-*","https://www.orlandohealth.com/patients-and-visitors/patient-financial-resources/financial-information-prior-to-care/pricing-transparency-guide","591726273_orlando-health,-inc._standardcharges.json","json","other","90570353","false"
"cc:7d1523da-26d3-4788-a74e-666166f4a8db:b57b3ec6-1114-467e-8579-a1f0d2450d6f","cc:7d1523da-26d3-4788-a74e-666166f4a8db","true","https://www.in.gov/fssa/dmha/files/356000158-Evansville-State-Hospital_standardcharges.csv","https://www.in.gov/fssa/dmha/state-psychiatric-hospitals/state-psychiatric-hospitals-billing-information/","356000158-Evansville-State-Hospital_standardcharges.csv","csv","spreadsheet","4355","false"
"cc:7d2e8d35-609d-4e4b-95d9-4528caac20e7:a43e7a6b-70b3-4470-b14b-d49888e83ee7","cc:7d2e8d35-609d-4e4b-95d9-4528caac20e7","true","https://resources.selectmedical.com/pricing-transparency/HBOP/20-8077072_BSW-Institute-for-Rehabilitation-Fort-Worth_standardcharges.csv","https://www.bswrehab.com/patients-and-caregivers/admissions/price-transparency/","20-8077072_BSW-Institute-for-Rehabilitation-Fort-Worth_standardcharges.csv","csv","spreadsheet","45979414","false"
"cc:7d971d5b-4794-4749-897e-344bcd77bfb6:74604368-9874-438a-9307-94cd59f356e7","cc:7d971d5b-4794-4749-897e-344bcd77bfb6","true","https://apim.services.craneware.com/api-pricing-transparency/api/public/f961a5b495c6b41f2fca90c83cc92dcf/charges/mrf","https://www.cdmpricing.com/f961a5b495c6b41f2fca90c83cc92dcf","956005217_Antelope-Valley-Medical-Center_standardcharges.csv","csv","spreadsheet","187857624","false"
"cc:7d9fb832-096c-4f72-aeae-df1095f197dd:77e2bc99-2c7a-45cb-92d9-c7e8394c50f2","cc:7d9fb832-096c-4f72-aeae-df1095f197dd","true","https://www.alicepeckday.org/02-0222791_Alice%20Peck%20Day%20Memorial_standardcharges.csv","https://www.alicepeckday.org/patients/billing-financial-assistance","02-0222791_Alice Peck Day Memorial_standardcharges.csv","csv","spreadsheet","34665298","false"
"cc:7dd96ab1-7d07-4946-882f-5ea0f798349a:a9e6fcec-06f0-4066-b2c0-1ca69437414d","cc:7dd96ab1-7d07-4946-882f-5ea0f798349a","true","https://www.allinahealth.org/-/media/allina-health/files/customer-service/billing-and-insurance/price-transparency/363261413_new-ulm-medical-center_standardcharges.csv","https://www.allinahealth.org/customer-service/billing-and-insurance","363261413_New-Ulm-Medical-Center_standardcharges.csv","csv","spreadsheet","100420520","false"
"cc:7ddc831e-cb9c-441d-b6f7-05de89956653:d8dff64b-050a-4d31-b8f6-c457c0e1a21e","cc:7ddc831e-cb9c-441d-b6f7-05de89956653","true","https://www.sentara.com/Documents/s/sentara-martha-jefferson-hospital_standardcharges-1729376","https://www.sentara.com/billing/estimating-hospital-charges","540261840_sentara-martha-jefferson-hospital_standardcharges.csv","csv","spreadsheet","30566546","false"
"cc:7dfade08-da04-4f9f-ad88-de0472d5de58:bff19387-208c-4c83-bdcc-3f7d5ea161c4","cc:7dfade08-da04-4f9f-ad88-de0472d5de58","true","https://sheridanhospital.com/wp-content/uploads/2026/04/381369796_sheridan-community-hospital_standardcharges.csv","https://www.sheridanhospital.com/patient-portal","381369796_sheridan-community-hospital_standardcharges.csv","csv","spreadsheet","68769805","false"
"cc:7e34484a-2a4f-4da2-a3dd-85e895480f0c:d39d4c25-420b-4445-81ca-f7c0b79eda94","cc:7e34484a-2a4f-4da2-a3dd-85e895480f0c","true","https://24hrer.com/wp-content/uploads/2026/03/842589283_St-Michaels_-Elite-Hospital_Standardcharges.csv","https://www.24hrer.com/patients/pricing-transparency","842589283_St-Michaels_-Elite-Hospital_Standardcharges.csv","csv","spreadsheet","182484","false"
"cc:7e3cc687-951c-47db-b28c-4f49356174ed:1447aec6-973e-4753-98d4-52c20f7bec5c","cc:7e3cc687-951c-47db-b28c-4f49356174ed","true","https://stctrprodsnsvc00455826e6.blob.core.windows.net/pt-final-posting-files/59-1479652_HCA-FLORIDA-WEST-MARION-HOSPITAL_standardcharges.json?si=pt-json-access-policy&spr=https&sv=2024-11-04&sr=c&sig=o5IofreS%2F7ETlsnhPakPWCwHVVUZRobywQ5wUKGjVuQ%3D","https://www.hcafloridahealthcare.com/patient-resources/patient-financial-resources/pricing-transparency-cms-required-file-of-standard-charges","59-1479652_HCA-FLORIDA-WEST-MARION-HOSPITAL_standardcharges.json","json","other","407454998","false"
"cc:7e9425ac-45eb-46e1-8c82-43ef926c3da5:30d7e5c2-d1f7-41ed-b441-67f79dc431d0","cc:7e9425ac-45eb-46e1-8c82-43ef926c3da5","true","https://www.thibodaux.com/documents/84-2046902%20_thibodaux-regional-medical-center_standardcharges.json","https://www.thibodaux.com/patients-visitors/hospital-charges-estimates","84-2046902 _thibodaux-regional-medical-center_standardcharges.json","json","other","22431798","false"
"cc:7ea5793b-c4a8-4a78-a283-7a872a6d05cc:018398ae-0813-4538-b327-36f387dab1de","cc:7ea5793b-c4a8-4a78-a283-7a872a6d05cc","true","https://assets.contentstack.io/v3/assets/blt3055f692fe7bf193/bltec3bc61e8a709f01/381459362_1811044878_william-beaumont-hospital-royal-oak_standardcharges.csv","https://corewellhealth.org/billing/price-estimates","381459362_1811044878_william-beaumont-hospital-royal-oak_standardcharges.csv","csv","spreadsheet","39356574","false"
"cc:7eac4074-b868-42d7-a87d-37c3a4ac9fdd:76725810-0d03-403f-9054-7f8f48d57922","cc:7eac4074-b868-42d7-a87d-37c3a4ac9fdd","true","https://mrfs.hyvehealthcare.com/RWJBarnabasHealth/223452311_newark-beth-israel-medical-center_standardcharges.json","https://www.rwjbh.org/newark-beth-israel-medical-center/billing/charges","223452311_newark-beth-israel-medical-center_standardcharges.json","json","other","448689347","false"
"cc:7ecc7b6a-384b-4fb0-8fab-9529830be28f:e36111eb-3e75-4584-9fb4-4f5f8988525a","cc:7ecc7b6a-384b-4fb0-8fab-9529830be28f","true","https://www.firsthealth.org/app/files/public/c8161d8d-00da-4f34-ba95-fcc9c470cf2e/561936354_1740208081_firsthealth-of-the-carolinas-inc._standardcharges.csv","https://www.firsthealth.org/patients-visitors/price-transparency/","561936354_1740208081_firsthealth-of-the-carolinas-inc._standardcharges.csv","csv","spreadsheet","17840524","false"
"cc:7eead078-f8b1-4fb2-9bd0-76bbbf21842b:b1ff68a2-3264-4e56-987a-6b6497c5df7d","cc:7eead078-f8b1-4fb2-9bd0-76bbbf21842b","true","https://www.newlondonhospital.org/02-0222171_New London Hospital_standardcharges.zip","https://www.newlondonhospital.org/patients-visitors/charges-services","02-0222171_New London Hospital_standardcharges.zip","zip","unknown","10267847","false"
"cc:7ef0cc51-f91e-4a06-a557-4f83170e7e41:d895fe25-7712-405b-b979-7f6b22423e6c","cc:7ef0cc51-f91e-4a06-a557-4f83170e7e41","true","https://exeterhospital.org/222674014_exeter-hospital-standardcharges.json","https://exeterhospital.org/patients-visitors/billing-financial-services/price-transparency","222674014_exeter-hospital-standardcharges.json","json","other","6494980","false"
"cc:7f769561-9e0e-4257-80f0-97efbaf50fcf:2a4f8c28-3e93-47ca-8b08-bad23c005189","cc:7f769561-9e0e-4257-80f0-97efbaf50fcf","true","https://assets.contentstack.io/v3/assets/blt3055f692fe7bf193/blt114612f17d54fc57/382156872_lakeland-hospitals-at-niles-and-st-joseph-inc_standardcharges-1.csv","https://corewellhealth.org/billing/price-estimates","382156872_lakeland-hospitals-at-niles-and-st-joseph-inc_standardcharges-1.csv","csv","spreadsheet","13910671","false"
"cc:7f78be6e-dbed-444b-88dc-f2c17a25ff45:e1ed1bac-7011-4a01-a73b-360c655f5491","cc:7f78be6e-dbed-444b-88dc-f2c17a25ff45","true","https://mrfs.hyvehealthcare.com/TenetHealth/954537720-1972709970_tenet-hospitals-limited_standardcharges.json","https://www.thehospitalsofprovidence.com/patients/pricing-info-estimates/hospital-pricing-information","954537720-1972709970_tenet-hospitals-limited_standardcharges.json","json","other","3336474","false"
"cc:7f833cfb-999e-4768-b1bb-09df884bbfa2:fb75ea6a-03ad-48b5-8c7d-c35eef337eef","cc:7f833cfb-999e-4768-b1bb-09df884bbfa2","true","https://www.summahealth.org/-/media/project/summahealth/website/page-content/patients-visitors/insurance-billing/261375072_summa-health-system_standardcharges.json","https://www.summahealth.org/patientvisitor/insuranceandbilling/cms-pricing-transparency","261375072_summa-health-system_standardcharges.json","json","other","74934898","false"
"cc:809e32a9-1cba-423a-92f5-4c7b9e4768af:a6aa1b45-a95c-49ae-b601-d492c00b6fc2","cc:809e32a9-1cba-423a-92f5-4c7b9e4768af","true","https://www.harrishealth.org/SiteCollectionDocuments/financials/charge%20description%20master/2026/741536936_Harris-Health-Ben-Taub-Hospital_StandardCharges.zip","https://www.harrishealth.org/access-care-hh/Pages/default.aspx","741536936_Harris-Health-Ben-Taub-Hospital_StandardCharges.zip","zip","unknown","1994462","false"
"cc:8116fce6-f2b7-4063-9337-eb35376298cd:9ae7624c-9f5a-48d1-8d3d-4674a4ee64ac","cc:8116fce6-f2b7-4063-9337-eb35376298cd","true","https://www.avera.org/app/files/public/611b19cb-b403-4845-b370-8ac340480d3f/460380552_avera-marshall-hospital_standardcharges.csv","https://www.avera.org/patients-visitors/price-transparency/","460380552_avera-marshall-hospital_standardcharges.csv","csv","spreadsheet","11285835","false"
"cc:8149b425-0204-4878-972a-9ee702e885d7:e5e80edb-7582-4e4b-a777-54cd10b9ca94","cc:8149b425-0204-4878-972a-9ee702e885d7","true","https://elite24er.com/wp-content/uploads/2026/04/38-3813467_Elite-Care-Emergency-Room_standardcharges.csv","https://elite24er.com/patients/pricing-transparency","38-3813467_Elite-Care-Emergency-Room_standardcharges.csv","csv","spreadsheet","2540803","false"
"cc:818c1f64-bdf5-4285-bcec-abdc97e07672:58712a1b-4814-4c1c-9358-798e7ce230ba","cc:818c1f64-bdf5-4285-bcec-abdc97e07672","true","https://www.cornerstonebossier.com/s/332491096_CornerstonePostAcuteCareofBossier_standardcharges.csv","https://www.cornerstonebossier.com/price-transparency","332491096_CornerstonePostAcuteCareofBossier_standardcharges.csv","csv","spreadsheet","1191116","false"
"cc:81a7e3f7-45c5-439c-8883-68f02ce612ca:10e718a4-da6a-43e7-9c73-dcd8bacf44b1","cc:81a7e3f7-45c5-439c-8883-68f02ce612ca","true","https://cdn.iuhealth.org/resources/822736786_indiana-university-health-jay-inc._standardcharges.zip","https://iuhealth.org/schedule-an-appointment/price-estimates/standard-charge-listing","822736786_indiana-university-health-jay-inc._standardcharges.zip","zip","unknown","61225828","false"
"cc:81cd9b39-7f72-4dfe-9187-d1457c4ad739:1da6b295-c6e8-4351-a1cd-0485c789c5aa","cc:81cd9b39-7f72-4dfe-9187-d1457c4ad739","true","https://www.cchealth.org/home/showpublisheddocument/29234/639130559546500000","https://www.cchealth.org/get-care/medical-center-services","946000509_contra-costa-regional-medical-center_standardcharges.csv","csv","spreadsheet","2364896","false"
"cc:82a2d41e-bf24-4902-8de0-b7f7c81b14fd:cdbe443a-e325-4eb6-adf6-19d1f0c5b097","cc:82a2d41e-bf24-4902-8de0-b7f7c81b14fd","true","https://www.avera.org/app/files/public/33083bd4-0d43-4161-8b74-740eb128cdf4/460239781_platte-healthcare_standardcharges.csv","https://www.avera.org/patients-visitors/price-transparency/","460239781_platte-healthcare_standardcharges.csv","csv","spreadsheet","2967238","false"
"cc:82c40897-1c13-41ad-9c88-a3beb18a4cad:12870c15-036f-4fbc-9430-33f46617c62a","cc:82c40897-1c13-41ad-9c88-a3beb18a4cad","true","https://resurrectionmedicalcenter.com/wp-content/uploads/2026/04/992392397_ResurrectionMedicalCenter_StandardCharges.JSON","https://resurrectionmedicalcenter.com/price-transparency","992392397_ResurrectionMedicalCenter_StandardCharges.JSON","json","other","45927335","false"
"cc:82ede5b4-4de1-41cb-84de-f9b6ce78d916:01115d3b-578d-4dee-96db-937f5059beed","cc:82ede5b4-4de1-41cb-84de-f9b6ce78d916","true","https://lakebutlerhospital.com/wp-content/uploads/2026/04/593218382_medlink-management-services-inc.-_standardcharges.csv","https://lakebutlerhospital.com/patients-visitors/financial-resources","593218382_medlink-management-services-inc.-_standardcharges.csv","csv","spreadsheet","5515889","false"
"cc:82f62d13-7b4e-4b4f-af90-1c9f65da5169:b9af2305-6d2d-478b-8519-2acc85322fd1","cc:82f62d13-7b4e-4b4f-af90-1c9f65da5169","true","https://www.mdh.org/documents/376016777_mcdonough-county-hospital-district_standardcharges.csv","https://www.mdh.org/patients-visitors/financial-services","376016777_mcdonough-county-hospital-district_standardcharges.csv","csv","spreadsheet","144999553","false"
"cc:82fc4641-47fb-44a9-9957-877cdff32686:1a3d7fca-aa55-45d8-9a9d-59972b13626b","cc:82fc4641-47fb-44a9-9957-877cdff32686","true","https://cdn.ketteringhealth.org/wp-content/uploads/2026/03/310621866_1316966518_kettering-medical-center-_standardcharges.json","https://ketteringhealth.org/billing-insurance/patient-pricing","310621866_1316966518_kettering-medical-center-_standardcharges.json","json","other","61244397","false"
"cc:82ffbe6c-e22f-4b6b-a6b3-7cb1c8e47361:519f4c89-51b7-40a6-863b-eaf35c6edfa1","cc:82ffbe6c-e22f-4b6b-a6b3-7cb1c8e47361","true","https://mrfs.hyvehealthcare.com/TenetHealth/752694137_desert-regional-medical-center%2C-inc._standardcharges.json","https://www.desertcarenetwork.com/patients/pricing-info-estimates/hospital-pricing-information","752694137_desert-regional-medical-center,-inc._standardcharges.json","json","other","2683086","false"
"cc:82ffe383-2940-4844-8226-bdeb6a2c9c66:043205c1-82cb-4908-b813-1a11b2f58f65","cc:82ffe383-2940-4844-8226-bdeb6a2c9c66","true","https://resources.selectmedical.com/Pricing-Transparency/critical-illness-recovery/25-1813126_Select_Specialty_Hospital-Dallas_standardcharges.csv","https://www.selectspecialtyhospitals.com/patients-and-caregivers/admissions/price-transparency","25-1813126_Select_Specialty_Hospital-Dallas_standardcharges.csv","csv","spreadsheet","213132120","false"
"cc:830781e4-ee4a-4f6a-800a-96b30eee4a8a:790f266f-183d-43ab-aee9-79cad3dd4b89","cc:830781e4-ee4a-4f6a-800a-96b30eee4a8a","true","https://dbhdd.georgia.gov/media/25811/download","https://dbhdd.georgia.gov/be-caring/state-hospital-price-transparency","943473160_georgia-regional-hospital---atlanta_standardcharges.csv","csv","spreadsheet","81412","false"
"cc:8317416f-8232-49a5-9d09-28a7003b1950:bbb5a08b-ba6f-4293-b5b8-8ed2905c66ca","cc:8317416f-8232-49a5-9d09-28a7003b1950","true","https://pricetransparency.providence.org/norcal/live/814791043_providence-santa-rosa-memorial-hospital_standardcharges.json","https://www.providence.org/obp/price-transparency","814791043_providence-santa-rosa-memorial-hospital_standardcharges.json","json","other","189005348","false"
"cc:832814de-f8c6-401b-a8f1-9f05c0fa0acf:0181d9eb-1a2e-4631-b01e-9a7ef322a60f","cc:832814de-f8c6-401b-a8f1-9f05c0fa0acf","true","https://www.hillsborohospital.com/docs/1100_BILLINGITEMSLIST_CsvTallv2.0.0_20241114211737.csv","https://www.hillsborohospital.com/getpage.php?name=Patient_Payment_Estimator&sub=Patients%20%26%20Visitors","1100_BILLINGITEMSLIST_CsvTallv2.0.0_20241114211737.csv","csv","spreadsheet","5860491","false"
"cc:832f69ec-1680-4528-9d78-062fe1989bce:10ddbacc-aacb-4e40-83bb-0cd9a09dffc9","cc:832f69ec-1680-4528-9d78-062fe1989bce","true","https://www.medstarhealth.org/-/media/project/mho/medstar/billing-and-insurance/2026/521369749_1578639761_national_rehabilitation_hospital_inc_standardcharges.csv","https://www.medstarhealth.org/price-transparency-disclosures","521369749_1578639761_National_Rehabilitation_Hospital_Inc_standardcharges.csv","csv","spreadsheet","1094325","false"
"cc:835d4d2b-5b32-448f-bf95-990874972988:39c2a5f8-1599-4b25-8b75-350fea184a5b","cc:835d4d2b-5b32-448f-bf95-990874972988","true","https://resources.selectmedical.com/pricing-transparency/critical-illness-recovery/83-3761916_LTACH_Morgantown_standardcharges.csv","https://www.selectspecialtyhospitals.com/patients-and-caregivers/admissions/price-transparency/","83-3761916_LTACH_Morgantown_standardcharges.csv","csv","spreadsheet","76888321","false"
"cc:837b33c6-942c-4129-853d-93277f0d1985:c8501201-3735-4559-a06c-9a3804f4ed48","cc:837b33c6-942c-4129-853d-93277f0d1985","true","https://scvmc.scvh.org/946000533_santa-clara-valley-medical-center_standardcharges.csv","https://www.scvh.org/hospitals-clinics/patient-services/price-transparency-cost-estimator","946000533_santa-clara-valley-medical-center_standardcharges.csv","csv","spreadsheet","100286994","false"
"cc:8380912a-e465-45b9-93fe-b0a892c89c20:436276a4-0897-482d-b3f8-54e5d335bd99","cc:8380912a-e465-45b9-93fe-b0a892c89c20","true","https://machine-readable-files.com/north-central-health-care/930801810_North-Central-Health-Care_standardcharges.csv","https://ezcost.info/North-Central-Health-Care","930801810_North-Central-Health-Care_standardcharges.csv","csv","spreadsheet","181008","false"
"cc:83aef9b4-f634-4d82-9dcd-0e383d7da5e8:9c7d0bf8-c056-4a30-ba78-e901edc3e20f","cc:83aef9b4-f634-4d82-9dcd-0e383d7da5e8","true","https://www.blythedale.org/documents/13-1739922blythedale-children-s-hospitalstandardcharges","https://www.blythedale.org/price-transparency-shoppable-services","13-1739922_blythedale-children-s-hospital_standardcharges.csv","csv","spreadsheet","32927","false"
"cc:84437bc2-669f-4790-b88e-0efaa9fe78ad:9007e079-d27e-4426-99ca-fdf7c435ffc5","cc:84437bc2-669f-4790-b88e-0efaa9fe78ad","true","https://www.jchealthcare.com/830249721_johnson-county-healthcare-center_standardcharges.csv","https://www.jchealthcare.com/for-patients/financial-information/","830249721_johnson-county-healthcare-center_standardcharges.csv","csv","spreadsheet","11857386","false"
"cc:84669727-8187-47ae-934f-8d89ee79f020:1efb25a0-ec1d-4524-8a8a-3021c187a436","cc:84669727-8187-47ae-934f-8d89ee79f020","true","https://middlesexhealth.pt.panaceainc.com/MRFDownload/middlesexhealth/middlesexhealth","https://middlesexhealth.org/about-middlesex-health/quality-and-compliance/compliance/price-transparency","060646718-1760454334_middlesex-hospital_standardcharges.zip","zip","unknown","5555453","false"
"cc:84688eda-0e88-4c79-becb-4715ecb6ad7b:051d9a5f-7e3d-4c41-82b0-251da4eb35e5","cc:84688eda-0e88-4c79-becb-4715ecb6ad7b","true","https://stctrprodsnsvc00455826e6.blob.core.windows.net/pt-final-posting-files/74-2781812_ST.-DAVID'S-SOUTH-AUSTIN-MEDICAL-CENTER_standardcharges.json?si=pt-json-access-policy&spr=https&sv=2024-11-04&sr=c&sig=o5IofreS%2F7ETlsnhPakPWCwHVVUZRobywQ5wUKGjVuQ%3D","https://stdavids.com/about/legal/pricing-transparency-cms-required-file-of-standard-charges.dot","74-2781812_ST.-DAVID'S-SOUTH-AUSTIN-MEDICAL-CENTER_standardcharges.json","json","other","1062913954","false"
"cc:8497b09b-697e-4e11-91b5-bda7202d7a59:2d24178c-b512-4767-88ef-619ff163c2d2","cc:8497b09b-697e-4e11-91b5-bda7202d7a59","true","https://www.ridgeviewmedical.org/app/files/public/1371d2a8-937c-41cb-948c-b77c33f21755/311667875_ridgeview-le-sueur-medical-center_standardcharges.csv","https://www.ridgeviewmedical.org/patients-visitors/financial/request-estimate","311667875_ridgeview-le-sueur-medical-center_standardcharges.csv","csv","spreadsheet","294008327","false"
"cc:84d44e6f-89aa-453b-8e59-8917a125bc1d:b8b122cd-3b35-4bd9-a3b8-13270fd9a14a","cc:84d44e6f-89aa-453b-8e59-8917a125bc1d","true","https://edge.sitecorecloud.io/sutterhealt962c-sutterhealt8fce-production57cc-4860/media/Project/SutterHealth/SutterHealth/Files/billing-insurance/costs-and-charges/940562680-1740348929_california-pacific-medical-center-van-ness-campus_standardcharges.csv","https://www.sutterhealth.org/billing-insurance/costs-and-charges/cost-transparency","940562680-1740348929_california-pacific-medical-center-van-ness-campus_standardcharges.csv","csv","spreadsheet","23541768","false"
"cc:84f4b960-8273-4e53-b8ce-73304b1010eb:3cbba2e9-2c1a-4764-8cf0-0561c0e61bf3","cc:84f4b960-8273-4e53-b8ce-73304b1010eb","true","https://www.centracare.com/app/files/public/5d4c35c7-00b0-4900-9d9e-72d97d5112d0/611514974_centracare-surgery-center-llc_standardcharges.csv","https://www.centracare.com/patient-resources/estimates/pricing/ ","611514974_centracare-surgery-center-llc_standardcharges.csv","csv","spreadsheet","5896625","false"
"cc:84ff42de-532c-4b39-b228-29287b434673:75e1e38c-c05a-473a-826e-b8ba68cb77bd","cc:84ff42de-532c-4b39-b228-29287b434673","true","https://stctrprodsnsvc00455826e6.blob.core.windows.net/pt-final-posting-files/61-1272888_TRICITIES-HOSPITAL_standardcharges.json?si=pt-json-access-policy&spr=https&sv=2024-11-04&sr=c&sig=o5IofreS%2F7ETlsnhPakPWCwHVVUZRobywQ5wUKGjVuQ%3D","https://www.hcavirginia.com/patient-resources/patient-financial-resources/pricing-transparency-cms-required-file-of-standard-charges","61-1272888_TRICITIES-HOSPITAL_standardcharges.json","json","other","275698573","false"
"cc:85239487-bf70-4b16-81c6-7df1b262d517:bd508a93-83b8-4916-80f7-fffe1d6e6f87","cc:85239487-bf70-4b16-81c6-7df1b262d517","true","https://ufhealth.pt.panaceainc.com/MRFDownload/ufhealth/uf-jax","https://ufhealth.org/price-transparency","592142859_university-of-florida-health-in-jacksonville_standardcharges.zip","zip","unknown","22995138","false"
"cc:859fc560-f98e-4c42-8839-8cbbdb8a6d4f:0a650671-f7bd-4ab8-8e06-a763a3222b66","cc:859fc560-f98e-4c42-8839-8cbbdb8a6d4f","true","https://www.pihhealth.org/app/files/public/fd7abbe3-6682-49bd-a123-56540116af71/951903935_pih-health-downey-hospital_standardcharges.csv","https://www.pihhealth.org/patients-visitors/billing-financial-assistance/cms-hospital-pricing/","951903935_pih-health-downey-hospital_standardcharges.csv","csv","spreadsheet","131076","false"
"cc:85c4f844-6508-4d6c-a71f-b0c3ebba3cde:dc5ba95d-939b-4bb1-901d-8bfd0475c028","cc:85c4f844-6508-4d6c-a71f-b0c3ebba3cde","true","https://www.thechristhospital.com/stfiles/31-0538525_TheChristHospitalHealthNetwork_StandardCharges.csv","https://www.thechristhospital.com/patient-resources/patient-financial-services/pricing-and-estimates/price-list-and-cost","31-0538525_TheChristHospitalHealthNetwork_StandardCharges.csv","csv","spreadsheet","1317628684","false"
"cc:85d3bd0f-eaf9-44fc-9277-22b60369fbde:68907073-575a-4aef-94b7-cff118d1c3bd","cc:85d3bd0f-eaf9-44fc-9277-22b60369fbde","true","https://stctrprodsnsvc00455826e6.blob.core.windows.net/pt-final-posting-files/06-1760818_SPOTSYLVANIA-REGIONAL-MEDICAL-CENTER_standardcharges.json?si=pt-json-access-policy&spr=https&sv=2024-11-04&sr=c&sig=o5IofreS%2F7ETlsnhPakPWCwHVVUZRobywQ5wUKGjVuQ%3D","https://www.hcavirginia.com/patient-resources/patient-financial-resources/pricing-transparency-cms-required-file-of-standard-charges","06-1760818_SPOTSYLVANIA-REGIONAL-MEDICAL-CENTER_standardcharges.json","json","other","245457793","false"
"cc:85edbf19-24df-46de-8c52-84b8996f3287:d47c585d-4613-4352-9b8e-1e6da59f9ddb","cc:85edbf19-24df-46de-8c52-84b8996f3287","true","https://www.harshacenter.com/s/261091197_harsha-behavioral-center_standardcharges-t8tx.csv","https://www.harshacenter.com/price-transparency","261091197_harsha-behavioral-center_standardcharges.csv","csv","spreadsheet","20553","false"
"cc:85f6137f-75f5-4a92-ab1f-fb11bd10aae7:ee99408a-7581-418b-9e83-6be306ad8b3c","cc:85f6137f-75f5-4a92-ab1f-fb11bd10aae7","true","https://www.benefis.org/app/files/public/d4e44cae-c234-492f-afe7-479455e94fe2/473448483_BenefisCommunityHospitalsIncTMC_standardcharges.csv","https://www.benefis.org/patients-visitors/billing-financial-assistance/price-transparency","473448483_BenefisCommunityHospitalsIncTMC_standardcharges.csv","csv","spreadsheet","6218207","false"
"cc:85fa30a6-610b-41c9-9f46-c589c0d4b70f:cceb9830-715b-4ec5-bb0d-ef89cf1a3429","cc:85fa30a6-610b-41c9-9f46-c589c0d4b70f","true","https://www.lahey.org/042704686_lahey-hospital-medical-center-burlington_standardcharges.json","https://www.lahey.org/patients-visitors/billing-financial-services/price-transparency","042704686_lahey-hospital-medical-center-burlington_standardcharges.json","json","other","24764786","false"
"cc:860a9c90-f79d-4912-ad3f-c57874d97e15:658ca8b4-ebd9-4e61-8e5c-8ed029a3d2e4","cc:860a9c90-f79d-4912-ad3f-c57874d97e15","true","https://www.phs.org/tools-resources/patient/standard-charges/850105601_plains-regional-medical-center_standardcharges","https://www.phs.org/tools-resources/patient/standard-charges","plains regional medical center_standardcharges.csv","csv","spreadsheet","27635081","false"
"cc:86484aeb-326e-425a-b1f6-6c716e3077d0:fc71a4b9-8b4e-4194-9dc7-c18821f71a78","cc:86484aeb-326e-425a-b1f6-6c716e3077d0","true","https://stctrprodsnsvc00455826e6.blob.core.windows.net/pt-final-posting-files/62-0840204_PARKRIDGE-EAST-HOSPITAL_standardcharges.json?si=pt-json-access-policy&spr=https&sv=2024-11-04&sr=c&sig=o5IofreS%2F7ETlsnhPakPWCwHVVUZRobywQ5wUKGjVuQ%3D","https://www.parkridgehealth.com/patient-resources/patient-financial-resources/pricing-transparency-cms-required-file-of-standard-charges","62-0840204_PARKRIDGE-EAST-HOSPITAL_standardcharges.json","json","other","486589100","false"
"cc:866c2fcf-f3f5-4ee4-9f46-e7c7b8f3b508:8b5e2195-0f68-4c82-9020-d658028081cb","cc:866c2fcf-f3f5-4ee4-9f46-e7c7b8f3b508","true","https://resources.selectmedical.com/pricing-transparency/inpatient-rehabilitation/99-4578503_SSM_Health_Rehabilitation_Hospital-Oklahoma_City_standardcharges.csv","https://www.ssm-rehab.com/patients-and-caregivers/admissions/price-transparency/","99-4578503_SSM_Health_Rehabilitation_Hospital-Oklahoma_City_standardcharges.csv","csv","spreadsheet","45501395","false"
"cc:869af06d-ac8f-4a67-a453-df67c20f04d9:f2b840ed-22b4-4b49-9d67-d2a28c67808b","cc:869af06d-ac8f-4a67-a453-df67c20f04d9","true","https://lcmchealthfiles.blob.core.windows.net/mrf/East%20Jefferson%20General%20Hospital-PricingTransparency-2026-07-01%2009_31_23.csv","https://www.lcmchealth.org/for-patients/financial-assistance/price-transparency/","East Jefferson General Hospital-PricingTransparency-2026-07-01 09_31_23.csv","csv","spreadsheet","1451476327","false"
"cc:86e83573-9f00-438a-901f-69daf16169f6:3112bdc0-8ac8-47d0-9ce3-3ceb369f25bc","cc:86e83573-9f00-438a-901f-69daf16169f6","true","https://images.pricetransparency.healthcare/bronson-battle-creek/382776791_bronson-battle-creek-hospital_standardcharges.csv","https://www.bronsonhealth.com/help/billing/standard-charges","382776791_bronson-battle-creek-hospital_standardcharges.csv","csv","spreadsheet","129292150","false"
"cc:87224566-ff35-45cd-8da9-ce8cbaebe159:604e2775-b0a8-4f39-8358-58c37cf4aae9","cc:87224566-ff35-45cd-8da9-ce8cbaebe159","true","https://apps.para-hcfs.com/PTT/FinalLinks/Reports.aspx?dbName=dbOakBendRichmondTX&type=CDMWithoutLabel&fileType=CSV","https://oakbendmedcenter.org/fannin-surgical-hospital-campus-pricing-transparency","760339462_oakbend-medical-center_standardcharges.csv","csv","spreadsheet","13384430","false"
"cc:8732219c-b596-42b8-84b2-760d9d653f47:c0f4ed74-40ba-4282-a6e1-68db9b0d4f6a","cc:8732219c-b596-42b8-84b2-760d9d653f47","true","https://www.avera.org/app/files/public/7aa7f6a3-0114-4d9f-8a0e-2db3ad03c7dd/460224743_avera-merrill-pioneer-hospital_standardcharges.csv","https://www.avera.org/patients-visitors/price-transparency/","460224743_avera-merrill-pioneer-hospital_standardcharges.csv","csv","spreadsheet","2930931","false"
"cc:87487f94-320e-42ec-8971-8855377f00cb:8688c558-9fff-48b1-95b4-85843ced9ef8","cc:87487f94-320e-42ec-8971-8855377f00cb","true","https://lvhn.pt.panaceainc.com/MRFDownload/lvhn/schuylkill","https://www.lvhn.org/get-price-quote","231352202-1235138405_lehigh-valley-hospital-schuylkill_standardcharges.json","json","other","436128558","false"
"cc:877e8143-c0d2-4c79-820e-652692411864:94a0c89a-cb7b-45f8-90df-ca5908ad6e92","cc:877e8143-c0d2-4c79-820e-652692411864","true","https://hospitalpricedisclosure.com/download.aspx?pi=EQGzpo*__*Zt8w*__*tMoFmXcTzQ*-*","https://www.wkhs.com/patients-and-visitors/billing-insurance-and-financial-assistance/pricing-transparency","720400933_willis-knighton-health-system_standardcharges.json","json","other","29254833","false"
"cc:8787485a-16a1-4264-82a1-1c1dd99e6445:21e5ee18-0d2c-4745-9e56-9e801d74406f","cc:8787485a-16a1-4264-82a1-1c1dd99e6445","true","https://greatriver.pt.panaceainc.com/MRFDownload/greatriver/great-river-health","https://www.greatriverhealth.org/patients-visitors/billing-financial-services/price-transparency/","420680407_southeast-iowa-regional-medical-center-inc.csv","csv","spreadsheet","188775640","false"
"cc:87ad5f61-fbe1-43a4-bec9-1f80b3aacee9:59220d1e-5130-48db-b179-fb0ecc2029ce","cc:87ad5f61-fbe1-43a4-bec9-1f80b3aacee9","true","https://stctrprodsnsvc00455826e6.blob.core.windows.net/pt-final-posting-files/62-1801359_HCA-HOUSTON-HEALTHCARE-SOUTHEAST_standardcharges.json?si=pt-json-access-policy&spr=https&sv=2024-11-04&sr=c&sig=o5IofreS%2F7ETlsnhPakPWCwHVVUZRobywQ5wUKGjVuQ%3D","https://www.hcahoustonhealthcare.com/patient-resources/patient-financial-resources/pricing-transparency-cms-required-file-of-standard-charges","62-1801359_HCA-HOUSTON-HEALTHCARE-SOUTHEAST_standardcharges.json","json","other","1908249804","false"
"cc:87adde60-6053-489d-a244-1d1e716e80e5:b87def05-cf34-4959-ba71-cd571221f99e","cc:87adde60-6053-489d-a244-1d1e716e80e5","true","https://mcorgstatic.blob.core.windows.net/cms-price/410944601_mayo-clinic-hospital-rochester_standardcharges.csv","https://www.mayoclinic.org/patient-visitor-guide/billing-insurance/price-estimates/chargemaster","410944601_mayo-clinic-hospital-rochester_standardcharges.csv","csv","spreadsheet","13350569463","false"
"cc:87dbe5a6-8cc7-41f2-9b2e-e1a800481f11:3dbebbf5-ceda-4e93-a796-a0720ac4d93c","cc:87dbe5a6-8cc7-41f2-9b2e-e1a800481f11","true","https://www.hendricks.org/upload/docs/Billing/351361243_hendricks-regional-health_standardcharges.csv","https://www.hendricks.org/about/pricing","351361243_hendricks-regional-health_standardcharges.csv","csv","spreadsheet","7345657","false"
"cc:87f778b8-9f1e-4315-b184-f95c725bae56:fb478cf9-6ed1-45f2-8ab2-36d6d52f6bc0","cc:87f778b8-9f1e-4315-b184-f95c725bae56","true","https://resources.selectmedical.com/Pricing-Transparency/critical-illness-recovery/25-1885943_Select_Specialty_Hospital-York_standardcharges.csv","https://www.selectspecialtyhospitals.com/patients-and-caregivers/admissions/price-transparency","25-1885943_Select_Specialty_Hospital-York_standardcharges.csv","csv","spreadsheet","164883514","false"
"cc:88146455-ceff-4701-b38e-48515d394bda:d84a5ca7-0ee9-4e50-b486-ae7ce95cc5bf","cc:88146455-ceff-4701-b38e-48515d394bda","true","https://www.iberiamedicalcenter.com/_files/ugd/3d8695_d3d3f8794b6848be8b20bd93b0dea4c3.csv?dn=726014963_iberia-general-hospital-%26-medical-center_standardcharges.csv","https://www.iberiamedicalcenter.com/cms-hospital-price-transparency","-medical-center_standardcharges.csv","csv","spreadsheet","232351456","false"
"cc:885c1568-9b5e-4349-92e5-b6fed589d33f:9180f73a-8a6f-4f32-b1f7-cee806dc2a17","cc:885c1568-9b5e-4349-92e5-b6fed589d33f","true","https://www.gillettechildrens.org/assets/uploads/documents/2026-Gillette-Childrens-Specialty-Healthcare-standardcharges-v2.csv","https://www.gillettechildrens.org/your-visit/patient-services-and-resources/understand-costs-insurance-and-the-gillette-assistance-program/understand-gillette-costs","2026-Gillette-Childrens-Specialty-Healthcare-standardcharges-v2.csv","csv","spreadsheet","20160512","false"
"cc:8885d41b-2ba6-408e-b5e2-d3b6c793b9b1:2295c826-436c-4358-bf83-1ead93fbb965","cc:8885d41b-2ba6-408e-b5e2-d3b6c793b9b1","true","https://stctrprodsnsvc00455826e6.blob.core.windows.net/pt-final-posting-files/74-2730328_METROPOLITAN-METHODIST_standardcharges.json?si=pt-json-access-policy&spr=https&sv=2024-11-04&sr=c&sig=o5IofreS%2F7ETlsnhPakPWCwHVVUZRobywQ5wUKGjVuQ%3D","https://www.sahealth.com/patient-resources/patient-financial-resources/pricing-transparency-cms-required-file-of-standard-charges","74-2730328_METROPOLITAN-METHODIST_standardcharges.json","json","other","782995024","false"
"cc:888e9fc1-9cb6-4462-b6d3-85ddb5a8158d:68a7cd8b-d3d8-4e78-85ca-aa01e39bc518","cc:888e9fc1-9cb6-4462-b6d3-85ddb5a8158d","true","https://sanluis.pt.panaceainc.com/MRFDownload/sanluis/slvconejos","https://www.sanluisvalleyhealth.org/patient-center/price-transparency/","840255530_san-luis-valley-health_standardcharges.csv","csv","spreadsheet","38030940","false"
"cc:88a6839b-0af3-4b1a-8ef9-478a69a04d0d:1a77713c-cff5-47eb-8c04-25671a58489b","cc:88a6839b-0af3-4b1a-8ef9-478a69a04d0d","true","https://resources.selectmedical.com/Pricing-Transparency/critical-illness-recovery/25-1885943_Select_Specialty_Hospital-Camp_Hill_standardcharges.csv","https://www.selectspecialtyhospitals.com/patients-and-caregivers/admissions/price-transparency","25-1885943_Select_Specialty_Hospital-Camp_Hill_standardcharges.csv","csv","spreadsheet","163980320","false"
"cc:88b2f67b-b97d-4366-b407-aaa72d408ec0:7416458e-8543-4b32-ae06-c9ce425e7c9b","cc:88b2f67b-b97d-4366-b407-aaa72d408ec0","true","https://edge.sitecorecloud.io/sutterhealt962c-sutterhealt8fce-production57cc-4860/media/Project/SutterHealth/SutterHealth/Files/billing-insurance/costs-and-charges/941156621-1821442864_sutter-tracy-community-hospital_standardcharges.csv","https://www.sutterhealth.org/billing-insurance/costs-and-charges/cost-transparency","941156621-1821442864_sutter-tracy-community-hospital_standardcharges.csv","csv","spreadsheet","16504137","false"
"cc:88c9fc79-8066-487b-82fb-bc81e75919b6:485f1bb7-c47c-4436-b75e-c0255d5dddd0","cc:88c9fc79-8066-487b-82fb-bc81e75919b6","true","https://mid-valley.goredde.com/Estimator/Files/91-0750229_Mid-Valley_Hospital_standardcharges.csv","https://mid-valley.goredde.com/Estimator/Location.aspx","91-0750229_Mid-Valley_Hospital_standardcharges.csv","csv","spreadsheet","140302930","false"
"cc:88d7a52a-38eb-46ad-9425-25f4821fc932:8aa8dcf9-f9a3-473d-abe6-33dfa542e6f5","cc:88d7a52a-38eb-46ad-9425-25f4821fc932","true","https://baptisthealth.net/-/media/Documents/Patient-Resources/Patient-Pricing/Apr-2026/590910342_baptist-hospital-of-miami_standardcharges.zip","https://baptisthealth.net/patient-resources/billing-and-financial-assistance/patient-pricing","590910342_baptist-hospital-of-miami_standardcharges.zip","zip","unknown","25902897","false"
"cc:88dc5f98-b914-45c2-b475-fc9ad3100b1d:14963dc1-c2f3-476a-a29d-94dd6c26c59c","cc:88dc5f98-b914-45c2-b475-fc9ad3100b1d","true","https://kyleer.com/wp-content/uploads/2026/04/47-2248964_KyleERLLC_standardcharges.csv","https://www.kyleer.com/","47-2248964_KyleERLLC_standardcharges.csv","csv","spreadsheet","98952","false"
"cc:88e817f0-e651-4144-872a-5f37a7725097:720662fd-227c-42e2-8186-864ff612b93d","cc:88e817f0-e651-4144-872a-5f37a7725097","true","https://www.shorewoodbehavioral.com/wp-content/uploads/pricing/2026/643/92-2120910_Madison-BH-LLC_standardcharges.csv","https://www.shorewoodbehavioral.com/admissions/insurance-payment/rates-pricing/","92-2120910_Madison-BH-LLC_standardcharges.csv","csv","spreadsheet","1398449","false"
"cc:893a2abf-71b3-48f8-bbf0-a32e515aba9f:32da71ed-46c0-4562-8003-04fb7e93fb98","cc:893a2abf-71b3-48f8-bbf0-a32e515aba9f","true","https://apps.para-hcfs.com/PTT/FinalLinks/Reports.aspx?dbName=dbMRHOOMAHANE&type=CDMWithoutLabel&fileType=CSV","https://apps.para-hcfs.com/PTT/FinalLinks/Madonna_Omaha_V2.aspx","470439599_madonna-rehabilitation-hospital_standardcharges.csv","csv","spreadsheet","9332337","false"
"cc:894ca68e-525c-4c7a-9b73-bdb4b6022590:95d8b82a-7cbe-428f-a639-77347262a35e","cc:894ca68e-525c-4c7a-9b73-bdb4b6022590","true","https://www.henryford.com/-/media/files/henry-ford/patients-visitors/price-transparency-06-26/382791823_henry-ford-wyandotte-hospital_standardcharges.csv","https://www.henryford.com/visitors/billing/cost-of-care/hospital-standard-charges","382791823_henry-ford-wyandotte-hospital_standardcharges.csv","csv","spreadsheet","878580801","false"
"cc:89a6c54b-9d41-4d2c-b9c6-e6d5431eceda:ee66274d-1a72-4f8d-a2a0-38f47d6837e3","cc:89a6c54b-9d41-4d2c-b9c6-e6d5431eceda","true","https://sthpiprd.blob.core.windows.net/machine-readable-files/7954/421019872_northwest-iowa-hospital-corporation_standardcharges.csv","https://search.hospitalpriceindex.com/hpi2/machineReadable/UnityPointHealth-St.LukesRegionalMedicalCenter/7954","421019872_northwest-iowa-hospital-corporation_standardcharges.csv","csv","spreadsheet","185056019","false"
"cc:89a7ce2f-888a-4cb0-be4e-55f1476c263a:1cce5dcf-0514-454a-81f6-9d0715cae7cc","cc:89a7ce2f-888a-4cb0-be4e-55f1476c263a","true","https://edge.sitecorecloud.io/sutterhealt962c-sutterhealt8fce-production57cc-4860/media/Project/SutterHealth/SutterHealth/Files/billing-insurance/costs-and-charges/941156621-1811946734_sutter-medical-center-sacramento_standardcharges.csv","https://www.sutterhealth.org/billing-insurance/costs-and-charges/cost-transparency","941156621-1811946734_sutter-medical-center-sacramento_standardcharges.csv","csv","spreadsheet","16401920","false"
"cc:89dc6b82-8169-4395-8566-bcb36fe99286:afd3c3c7-88dc-44e0-a552-4371ccdf21f4","cc:89dc6b82-8169-4395-8566-bcb36fe99286","true","https://resources.selectmedical.com/Pricing-Transparency/critical-illness-recovery/75-1962822_Select_Specialty_Hospital-Battle_Creek_standardcharges.csv","https://www.selectspecialtyhospitals.com/patients-and-caregivers/admissions/price-transparency","75-1962822_Select_Specialty_Hospital-Battle_Creek_standardcharges.csv","csv","spreadsheet","94483595","false"
"cc:8a0ca91c-908e-4a36-9de1-ed7233ef82af:bfbca56a-db2b-454a-ac75-74c8e97f37a7","cc:8a0ca91c-908e-4a36-9de1-ed7233ef82af","true","https://www.genesisbh.com/_files/ugd/b56b0c_c0d15f58c9994b4896a6cf935e007450.csv?dn=NIPrice.csv","https://www.genesisbh.com/program-costs","NIPrice_550907.csv","csv","spreadsheet","19732","false"
"cc:8a2987dd-2809-4ef5-aa45-7b8a32e225d1:21a8b796-5031-4689-8bee-fd1404082687","cc:8a2987dd-2809-4ef5-aa45-7b8a32e225d1","true","https://saintfrancisevanston.org/wp-content/uploads/2026/04/992441755_SaintFrancisHospital_standardcharges.JSON","https://saintfrancisevanston.org/price-transparency","992441755_SaintFrancisHospital_standardcharges.JSON","json","other","36771046","false"
"cc:8af75470-2d7b-4421-9649-b9f1dff05620:bcf41769-ac14-460b-be54-702bce756eea","cc:8af75470-2d7b-4421-9649-b9f1dff05620","true","https://www.northwesthealth.com/Uploads/Public/Documents/charge-masters/charge-masters-2024/205896848_willow-creek-womens-hospital_standardcharges.csv","https://www.northwesthealth.com/pricing-information","205896848_willow-creek-womens-hospital_standardcharges.csv","csv","spreadsheet","105313678","false"
"cc:8b21a844-a2ca-463c-b169-779d54ac8ebc:8dc7d2a8-20ec-43ec-8818-009b1c101107","cc:8b21a844-a2ca-463c-b169-779d54ac8ebc","true","https://baptisthealth.net/-/media/Documents/Patient-Resources/Patient-Pricing/Apr-2026/522438452_west-kendall-baptist-hospital_standardcharges.zip","https://baptisthealth.net/patient-resources/billing-and-financial-assistance/patient-pricing","522438452_west-kendall-baptist-hospital_standardcharges.zip","zip","unknown","22815681","false"
"cc:8b2b3d87-126a-49d4-a9c9-1d3df4c0dccd:ce39e7f8-4415-4f26-aa7f-7e4cfbc4751d","cc:8b2b3d87-126a-49d4-a9c9-1d3df4c0dccd","true","https://www.tanner.org/upload/docs/PDFs/FinancialAssistance/582453303_Willowbrooke-at-Tanner_standardcharges.csv?v=1788364087816","https://www.tanner.org/patients-and-visitors/billing-and-financial-resources/price-transparency","582453303_Willowbrooke-at-Tanner_standardcharges.csv","csv","spreadsheet","53575915","false"
"cc:8b37cf8e-0ec1-42a2-98ce-beb71bad862d:5ea18bde-a9d6-40c0-b0f3-6034838f33a7","cc:8b37cf8e-0ec1-42a2-98ce-beb71bad862d","true","https://app.box.com/shared/static/npiri08mm5198d43ohoejdugqp66mibf.csv","https://midcoasthealthsystem.org/pricing-transparency","274005511-1477857332_Bellville_Medical_Center_standardcharges.csv","csv","spreadsheet","4610440","false"
"cc:8b3c72db-dd6b-429a-a21a-d32d5b107c1f:fafa2a5f-dd34-401d-8231-2677025ac6ef","cc:8b3c72db-dd6b-429a-a21a-d32d5b107c1f","true","https://www.valleyhealthlink.com/app/files/public/1931fd3b-8313-4e69-983a-8fd4a3083eef/Price%20Transparency/540488103_warren-memorial-hospital-inc_standardcharges.csv","https://www.valleyhealthlink.com/patient-visitors/for-patients/billing-information/request-a-patient-cost-estimate/price-transparency","Price Transparency_540488103_warren-memorial-hospital-inc_standardcharges.csv","csv","spreadsheet","74628965","false"
"cc:8b5e1828-b90f-4510-8046-2a3c59fba6a7:b07a2360-e8fb-4c5a-a07d-7eab25d88427","cc:8b5e1828-b90f-4510-8046-2a3c59fba6a7","true","https://healthcare.ascension.org/-/media/project/ascension/healthcare/price-transparency-files/tx-csv/741109643-1578780870_ascension-seton_standardcharges.zip","https://healthcare.ascension.org/price-transparency","741109643-1578780870_ascension-seton_standardcharges.zip","zip","unknown","192611418","false"
"cc:8b82637d-3087-43a6-b20d-77688a3b5452:f071698e-8ef8-41a1-9ed0-0cfc608c5370","cc:8b82637d-3087-43a6-b20d-77688a3b5452","true","https://www.camc.org/sites/default/files/CSH/550526191_charleston-surgical-hospital%2C-llc_standardcharges.csv","https://www.camc.org/patients-and-visitors/billing-insurance-and-financial-assistance/price-transparency","550526191_charleston-surgical-hospital,-llc_standardcharges.csv","csv","spreadsheet","3421483","false"
"cc:8be093e5-3b5a-49e2-8d3b-fa0277ae31a4:f25ee1a8-34d3-4b88-889a-55af00c73f2b","cc:8be093e5-3b5a-49e2-8d3b-fa0277ae31a4","true","https://www.challiance.org/File%20Library/Uploads/PriceTransparency20262320.csv","https://challiance.org/patients-visitors/prices","PriceTransparency20262320.csv","csv","spreadsheet","278296353","false"
"cc:8be9c8ea-37b9-4c72-b413-e41dba46c0d2:07dfed42-9d5c-4769-9d1c-ed494ed84236","cc:8be9c8ea-37b9-4c72-b413-e41dba46c0d2","true","https://medcenterhealth.org/download/42770/?tmstv=1777746465","https://medcenterhealth.org/price-transparency","610920842_The-Medical-Center-at-Russellville_20260501.0.zip","zip","unknown","22638132","false"
"cc:8bf9681d-cb7e-4d6e-99b9-de716a998035:020e04f8-d3b1-4569-bc9f-f621289bd555","cc:8bf9681d-cb7e-4d6e-99b9-de716a998035","true","https://www.allinahealth.org/-/media/allina-health/files/customer-service/billing-and-insurance/price-transparency/363261413_allina-health-faribault-medical-center_standardcharges.csv","https://www.allinahealth.org/customer-service/billing-and-insurance","363261413_Allina-Health-Faribault-Medical-Center_standardcharges.csv","csv","spreadsheet","153499008","false"
"cc:8c04587e-9952-4b5c-9f07-1b6c35458ccf:a8337769-9169-4e0b-bf43-afa283421a4a","cc:8c04587e-9952-4b5c-9f07-1b6c35458ccf","true","https://dallasregionalmedicalcenter.com/wp-content/uploads/2026/04/472177648_DallasRegionalMedicalCenter_standardcharges.JSON","https://dallasregionalmedicalcenter.com/about-us/price-transparency","472177648_DallasRegionalMedicalCenter_standardcharges.JSON","json","other","47896946","false"
"cc:8c1b804e-1754-450e-8875-367bc95459a6:757ee033-666f-4078-b7ef-b297422c9776","cc:8c1b804e-1754-450e-8875-367bc95459a6","true","https://pricetransparency.providence.org/socal/live/951684082_providence-st-johns-health-center_standardcharges.json","https://www.providence.org/obp/price-transparency","951684082_providence-st-johns-health-center_standardcharges.json","json","other","220477680","false"
"cc:8c2053c9-5635-4bd7-bc8e-933f6bea7c47:3d402fc8-b931-43c4-8190-a2edf1bc9264","cc:8c2053c9-5635-4bd7-bc8e-933f6bea7c47","true","https://apps.para-hcfs.com/PTT/FinalLinks/Reports.aspx?dbName=dbCMHSODASPRINGSID&type=CDMWithoutLabel&fileType=CSV","https://cariboumc.org/price-transparency","863190906_caribou-medical-center-inc_standardcharges.csv","csv","spreadsheet","59311845","false"
"cc:8c4e1d61-705c-41b1-9ddc-a957886a81aa:f1bbab32-0b92-4732-a522-8d8038aa0bed","cc:8c4e1d61-705c-41b1-9ddc-a957886a81aa","true","https://cdn.accureg.net/trans/lincoln/84-0484566_Lincoln-Health_standardcharges.csv","https://pricetransparency.accureg.net/lincoln","84-0484566_Lincoln-Health_standardcharges.csv","csv","spreadsheet","8975182","false"
"cc:8c4fb634-31b8-419e-bcf6-8ffba3c38849:80ccbddd-87f8-4405-8fee-263b204444cc","cc:8c4fb634-31b8-419e-bcf6-8ffba3c38849","true","https://healthcare.ascension.org/-/media/project/ascension/healthcare/price-transparency-files/tx-csv/741109643-1003833013_ascension-seton_standardcharges.zip","https://healthcare.ascension.org/price-transparency","741109643-1003833013_ascension-seton_standardcharges.zip","zip","unknown","69353233","false"
"cc:8c519070-1e42-43f5-a8e0-32ff7efb177d:f662192c-ea55-4ca0-9e06-fcda8e80f7d6","cc:8c519070-1e42-43f5-a8e0-32ff7efb177d","true","https://sthpiprd.blob.core.windows.net/machine-readable-files/8209/150559686_claxton-hepburn-medical-center_standardcharges.csv","https://search.hospitalpriceindex.com/hpi2/machineReadable/ClaxtonHepburnMedicalCenter/8209","150559686_claxton-hepburn-medical-center_standardcharges.csv","csv","spreadsheet","245359077","false"
"cc:8c5a54de-29ff-4732-9b3a-a343a005ffa6:dd27cb7f-dc26-4619-a573-125b13541f25","cc:8c5a54de-29ff-4732-9b3a-a343a005ffa6","true","https://www.medstarhealth.org/-/media/project/mho/medstar/billing-and-insurance/2026/521369749_1982453999_national_rehabilitation_hospital_inc_standardcharges.csv","https://www.medstarhealth.org/price-transparency-disclosures","521369749_1982453999_National_Rehabilitation_Hospital_Inc_standardcharges.csv","csv","spreadsheet","244657","false"
"cc:8c5b617b-63c3-47ec-a79f-08a257fd2b98:b0a0feee-3896-4769-8a7f-ddd3a89fa472","cc:8c5b617b-63c3-47ec-a79f-08a257fd2b98","true","https://pricetransparency.healthcare/llu-ch/charges/export","https://pricetransparency.healthcare/llu-ch/charges/","463214504_loma-linda-university-childrens-hospital_standardcharges.csv","csv","spreadsheet","220218070","false"
"cc:8c727308-263e-44b1-be3e-de38f2a37ea4:fe279b69-baea-48ae-8a1e-b2aad33ae5ca","cc:8c727308-263e-44b1-be3e-de38f2a37ea4","true","https://sthpiprd.blob.core.windows.net/machine-readable-files/11019/752559845-1992707228_shannon-medical-center_standardcharges.csv","https://search.hospitalpriceindex.com/hpi2/machineReadable/ShannonMedicalCenter/11019","752559845-1992707228_shannon-medical-center_standardcharges.csv","csv","spreadsheet","495658965","false"
"cc:8c871cd6-29d6-47bb-8e78-083dd236c9b8:105f579c-2d3e-4599-be73-cba1ad417fc5","cc:8c871cd6-29d6-47bb-8e78-083dd236c9b8","true","https://www.kdads.ks.gov/home/showpublisheddocument/1768/638581901446870000","https://www.kdads.ks.gov/state-hospitals/larned-state-hospital-lsh/lsh-business-services-patient-accounts","Larned State Hospital Charges.xlsx","xlsx","spreadsheet","284859","false"
"cc:8c88d94e-3b1a-43fb-b9e0-09e8a9d14516:1e4b3d51-84ac-4163-a17b-e3ae39318be8","cc:8c88d94e-3b1a-43fb-b9e0-09e8a9d14516","true","https://www.marshfieldclinic.org/mPatientResources/Documents/810977948_marshfield-medical-center--minocqua_standardcharges.zip","https://www.marshfieldclinic.org/patient-resources/billing/cms-hospital-transparency-requirement","810977948_marshfield-medical-center--minocqua_standardcharges.zip","zip","unknown","37593037","false"
"cc:8ce068a5-bf63-425a-8181-7908af47e19c:270c0c16-3e5a-4ac2-b5e2-c73f576834e6","cc:8ce068a5-bf63-425a-8181-7908af47e19c","true","https://lcmchealthfiles.blob.core.windows.net/mrf/Lakeview%20Hospital-PricingTransparency-2026-07-01%2009_37_57.csv","https://www.lcmchealth.org/for-patients/financial-assistance/price-transparency/","Lakeview Hospital-PricingTransparency-2026-07-01 09_37_57.csv","csv","spreadsheet","1451476226","false"
"cc:8d255335-6695-4dcf-8a29-cc57e0d93d35:239e3dec-6b12-4682-8e1e-f8e48da8020a","cc:8d255335-6695-4dcf-8a29-cc57e0d93d35","true","https://stctrprodsnsvc00455826e6.blob.core.windows.net/pt-final-posting-files/82-1635538_HCA-HOUSTON-HEALTHCARE-MEDICAL-CENTER_standardcharges.json?si=pt-json-access-policy&spr=https&sv=2024-11-04&sr=c&sig=o5IofreS%2F7ETlsnhPakPWCwHVVUZRobywQ5wUKGjVuQ%3D","https://www.hcahoustonhealthcare.com/patient-resources/patient-financial-resources/pricing-transparency-cms-required-file-of-standard-charges","82-1635538_HCA-HOUSTON-HEALTHCARE-MEDICAL-CENTER_standardcharges.json","json","other","606868134","false"
"cc:8d397cba-7bfa-4848-9432-4b41df6e56cf:75f09bd7-ac0f-41de-91e1-595ae83a1063","cc:8d397cba-7bfa-4848-9432-4b41df6e56cf","true","https://www.westpinesbehavioral.com/wp-content/uploads/pricing/2026/644/87-3232965_Acadia-SCL-Health-JV-LLC_standardcharges.csv","https://www.westpinesbehavioral.com/admissions/insurance-payment/rates-pricing","87-3232965_Acadia-SCL-Health-JV-LLC_standardcharges.csv","csv","spreadsheet","929815","false"
"cc:8d437cdb-66ea-4589-b8e5-1f5a1128964d:10ddbacc-aacb-4e40-83bb-0cd9a09dffc9","cc:8d437cdb-66ea-4589-b8e5-1f5a1128964d","true","https://www.medstarhealth.org/-/media/project/mho/medstar/billing-and-insurance/2026/521369749_1578639761_national_rehabilitation_hospital_inc_standardcharges.csv","https://www.medstarhealth.org/price-transparency-disclosures","521369749_1578639761_National_Rehabilitation_Hospital_Inc_standardcharges.csv","csv","spreadsheet","1094325","false"
"cc:8d593899-cec8-40e8-97d3-95996f7ed7b5:f4be7ad6-56a5-4ba4-97e0-aad2895f4f29","cc:8d593899-cec8-40e8-97d3-95996f7ed7b5","true","https://www.medstarhealth.org/-/media/project/mho/medstar/billing-and-insurance/2026/521369749_1528061827_national_rehabilitation_hospital_inc_standardcharges.csv","https://www.medstarhealth.org/price-transparency-disclosures","521369749_1528061827_National_Rehabilitation_Hospital_Inc_standardcharges.csv","csv","spreadsheet","10229198","false"
"cc:8d5d67ab-91a7-4ab4-8571-ff85dff6223a:254dbb17-93e6-4738-af61-45d72c18e765","cc:8d5d67ab-91a7-4ab4-8571-ff85dff6223a","true","https://roxboroughmemorial.com/wp-content/uploads/2026/04/454246163_RoxboroughMemorialHospital_standardcharges.JSON","https://roxboroughmemorial.com/financial-assistance","454246163_RoxboroughMemorialHospital_standardcharges.json","json","other","30114306","false"
"cc:8d5dc56b-9cf7-4b06-bbb5-00f2fcd97418:04b30e07-73ea-4aaf-95c4-ed8875cf8e3d","cc:8d5dc56b-9cf7-4b06-bbb5-00f2fcd97418","true","https://www.owensborohealth.org/sites/default/files/documents/853033915_owensboro-health-twin-lakes-medical-center_standardcharges.zip","https://www.owensborohealth.org/patient-visitor/billing/pricing-information","853033915_owensboro-health-twin-lakes-medical-center_standardcharges.zip","zip","unknown","29582306","false"
"cc:8d6369ca-97e2-426f-94ed-2ccb46dade00:ebe2c2a7-f4d9-451c-b624-f581cc71f4e5","cc:8d6369ca-97e2-426f-94ed-2ccb46dade00","true","https://www.allinahealth.org/-/media/allina-health/files/customer-service/billing-and-insurance/price-transparency/ambulatory-surgery-centers-2026/lakeville-asc.csv","https://www.allinahealth.org/customer-service/billing-and-insurance","Lakeville ASC.csv","csv","spreadsheet","6157874","false"
"cc:8d650970-beb8-429c-a2de-2366357876e8:8224d121-5fa8-4fa5-bcd3-16907205435e","cc:8d650970-beb8-429c-a2de-2366357876e8","true","https://www.pihhealth.org/app/files/public/b40ab9f0-ce34-431c-b6d6-774526e25a2b/951934652_pih-health-whittier-hospital_standardcharges.csv","https://www.pihhealth.org/patients-visitors/billing-financial-assistance/cms-hospital-pricing/","951934652_pih-health-whittier-hospital_standardcharges.csv","csv","spreadsheet","127039","false"
"cc:8d6907c2-3a73-41e8-b220-5a3743eace2c:fa18d3b1-b8b2-48f8-bf5f-851cd56e8c3e","cc:8d6907c2-3a73-41e8-b220-5a3743eace2c","true","https://iredell.pt.panaceainc.com/MRFDownload/iredell/iredell","https://www.iredellhealth.org/patients-and-visitors/billing-and-insurance/price-transparency","560591303-1417944224_iredell-memorial-hospital-incorporated_standardcharges.csv","csv","spreadsheet","440505180","false"
"cc:8da0dfb0-ddf4-417a-ad8c-19d1760dd180:e9ef21c6-2567-44ea-8b9c-91ce58e29b11","cc:8da0dfb0-ddf4-417a-ad8c-19d1760dd180","true","https://www.tanner.org/upload/docs/PDFs/FinancialAssistance/581790149_Tanner-Medical-Center---Carrollton_standardcharges.csv","https://www.tanner.org/patients-and-visitors/billing-and-financial-resources/price-transparency","581790149_Tanner-Medical-Center---Carrollton_standardcharges.csv","csv","spreadsheet","84218748","false"
"cc:8de1499d-62db-48a4-8483-a84a332e69a0:1c7053a9-3f2e-4c03-9a8d-10d6ab991155","cc:8de1499d-62db-48a4-8483-a84a332e69a0","true","https://mrfs.hyvehealthcare.com/TenetHealth/760714523-1518634864_vhs-san-antonio-partners-llc_standardcharges.json","https://www.baptisthealthsystem.com/patients/pricing-info-estimates/hospital-pricing-information","760714523-1518634864_vhs-san-antonio-partners-llc_standardcharges.json","json","other","3525892","false"
"cc:8dee6c36-1c1d-4366-b2a4-94c7a2dd528b:57723290-ca13-4ec2-8fde-c6e41ba08424","cc:8dee6c36-1c1d-4366-b2a4-94c7a2dd528b","true","https://apps.para-hcfs.com/PTT/FinalLinks/Reports.aspx?dbName=dbAHSSONORACA&type=CDMWithoutLabel&fileType=CSV","https://www.adventisthealth.org/patients-and-visitors/price-transparency","941415069_sonora-community-hospital_standardcharges.csv","csv","spreadsheet","405254590","false"
"cc:8e0ca27d-3d2f-4177-a2db-be528c89c238:49e0e0e7-7561-4ade-a47c-f56e6b216e73","cc:8e0ca27d-3d2f-4177-a2db-be528c89c238","true","https://s3.amazonaws.com/ycubaa-production-marlin-1-charge-management-public/facilities/98653bdc-9a2b-4fae-a56c-78b209247c4f/472367677_LAKELAND-COMMUNITY-HOSPITAL_standardcharges.zip","https://lakelandcommunityhospital.com/billing-finances","472367677_LAKELAND-COMMUNITY-HOSPITAL_standardcharges.zip","zip","unknown","57010963","false"
"cc:8e3707b9-7391-452e-8378-7c7be81fece7:6fe6c3cd-a120-4615-8999-4b54f0acfc64","cc:8e3707b9-7391-452e-8378-7c7be81fece7","true","https://mrfs.hyvehealthcare.com/TenetHealth/752922687_delray-medical-center%2C-inc._standardcharges.json","https://www.palmbeachhealthnetwork.com/patients/pricing-info-estimates/hospital-pricing-information","752922687_delray-medical-center,-inc._standardcharges.json","json","other","3320916","false"
"cc:8e58de17-ecd9-4be4-8e69-9f9e5efbbb1c:f9d50bac-68be-4eaf-84fb-1f579137576c","cc:8e58de17-ecd9-4be4-8e69-9f9e5efbbb1c","true","https://sthpiprd.blob.core.windows.net/machine-readable-files/11821/562014989_onslow-memorial-hospital%2C-inc_standardcharges.csv","https://search.hospitalpriceindex.com/hpi2/shoppables/onslowmemorialhospital/11821/all","562014989_onslow-memorial-hospital,-inc_standardcharges.csv","csv","spreadsheet","218513569","false"
"cc:8e594980-482b-47ea-8e72-1de7f2155a15:2ae38ff1-8ef2-4ff1-80e9-924627c0b8e4","cc:8e594980-482b-47ea-8e72-1de7f2155a15","true","https://hpt.inmediata.com/?handler=DF&d=8EECD88F-6380-4251-A2B7-B39971B3142B","https://www.sistemamenonita.com/price-transparency","660776102-1003185455_hospital-menonita-caguas_standardcharges.json","json","other","1245165","false"
"cc:8e9e7778-a066-4b20-a48a-77a9873e44e0:158adf7b-f720-4a27-ae0e-2128dceac19e","cc:8e9e7778-a066-4b20-a48a-77a9873e44e0","true","https://resources.selectmedical.com/Pricing-Transparency/critical-illness-recovery/85-3995159_Rush_Specialty_Hospital_Standardcharges.csv","https://www.rushspecialtyhospital.com/patients-and-caregivers/admissions/price-transparency/","85-3995159_Rush_Specialty_Hospital_Standardcharges.csv","csv","spreadsheet","21374046","false"
"cc:8eaec524-005f-43f7-8fe5-7526abe78b4c:695ad87e-7663-4d1e-987a-08c5123c1473","cc:8eaec524-005f-43f7-8fe5-7526abe78b4c","true","https://kensingtonhospital.org/assets/docs/231381447_KensingtonHospital_standardcharges.xlsx","https://kensingtonhospital.org/","231381447_KensingtonHospital_standardcharges.xlsx","xlsx","spreadsheet","195261","false"
"cc:8ee65be1-3611-4559-90da-fbd9f2acc271:ae51112f-e04e-420b-9dd5-7e63462a86f8","cc:8ee65be1-3611-4559-90da-fbd9f2acc271","true","https://stctrprodsnsvc00455826e6.blob.core.windows.net/pt-final-posting-files/61-1269295_HCA-FLORIDA-ORANGE-PARK-HOSPITAL_standardcharges.json?si=pt-json-access-policy&spr=https&sv=2024-11-04&sr=c&sig=o5IofreS%2F7ETlsnhPakPWCwHVVUZRobywQ5wUKGjVuQ%3D","https://www.hcafloridahealthcare.com/patient-resources/patient-financial-resources/pricing-transparency-cms-required-file-of-standard-charges","61-1269295_HCA-FLORIDA-ORANGE-PARK-HOSPITAL_standardcharges.json","json","other","480729313","false"
"cc:8f2c1ee7-f7da-4712-ac30-31b1e526800a:9ee85de5-50ad-4d63-b9ba-3f65eed651c5","cc:8f2c1ee7-f7da-4712-ac30-31b1e526800a","true","https://us.flow-prod.boomi.com/f2a4d421-8a52-4b09-8a4c-8476aae2d651/play/ptt?join=bae45653-c062-401b-aaa6-46032d365595&hospital-id=80","https://www.ricelandhealthcare.com/","752922928-1295781227_Riceland_Medical_Center_standardcharges.csv","csv","spreadsheet","1455378","false"
"cc:8f7b06a9-16b8-4d6e-8384-0a4bb05e044d:ac17bd07-977e-42d8-b77f-cb1ef66da708","cc:8f7b06a9-16b8-4d6e-8384-0a4bb05e044d","true","https://stctrprodsnsvc00455826e6.blob.core.windows.net/pt-final-posting-files/62-1113737_TRISTAR-SUMMIT-MEDICAL-CENTER_standardcharges.json?si=pt-json-access-policy&spr=https&sv=2024-11-04&sr=c&sig=o5IofreS%2F7ETlsnhPakPWCwHVVUZRobywQ5wUKGjVuQ%3D","https://www.tristarhealth.com/patient-resources/patient-financial-resources/pricing-transparency-cms-required-file-of-standard-charges","62-1113737_TRISTAR-SUMMIT-MEDICAL-CENTER_standardcharges.json","json","other","366104176","false"
"cc:8fcd0878-899d-4505-a7a8-37fa2ceec9ab:2bbe8532-2dd9-43bb-b92f-b543c095d82d","cc:8fcd0878-899d-4505-a7a8-37fa2ceec9ab","true","https://files.trueaccess.care/broadlawns/426005830_drake_standardcharges.csv","https://www.broadlawns.org/patients-and-visitors/billing-financial/price-list-and-cost-estimates","426005830_drake_standardcharges.csv","csv","spreadsheet","734261","false"
"cc:8fed024f-1c0d-4343-a00a-4b8b4e5e71ba:da149daf-5de4-4e23-8fed-5f37d764c272","cc:8fed024f-1c0d-4343-a00a-4b8b4e5e71ba","true","https://www.cottagehealth.org/app/files/public/e1b4f204-aecf-402f-87dd-437c9d401c58/951644629_SantaBarbaraCottageHospital_standardcharges.csv","https://www.cottagehealth.org/billing/cost-of-care-estimates/","951644629_SantaBarbaraCottageHospital_standardcharges.csv","csv","spreadsheet","415685078","false"
"cc:902a71e7-a273-43a6-8ce9-4c92695ede6d:352edf48-29f1-4e20-8a65-d8d9dc483cb4","cc:902a71e7-a273-43a6-8ce9-4c92695ede6d","true","https://resources.selectmedical.com/Pricing-Transparency/critical-illness-recovery/25-1813120_Select_Specialty_Hospital-Memphis_East_standardcharges.csv","https://www.selectspecialtyhospitals.com/patients-and-caregivers/admissions/price-transparency","25-1813120_Select_Specialty_Hospital-Memphis_East_standardcharges.csv","csv","spreadsheet","80077657","false"
"cc:902ac1ab-8ce4-408d-82a6-31397f335b86:eb04d037-84b6-4f52-a488-83e31d12bafd","cc:902ac1ab-8ce4-408d-82a6-31397f335b86","true","https://apps.para-hcfs.com/PTT/FinalLinks/Reports.aspx?dbName=dbAHHMWILLITSCA&type=CDMWithoutLabel&fileType=CSV","https://www.adventisthealth.org/patients-and-visitors/price-transparency","680108919_willits-hospital-inc_standardcharges.csv","csv","spreadsheet","184404958","false"
"cc:904351bd-a6b8-4ee5-a788-1c77c2e8702a:3f8303a4-de8a-415d-8214-147c037833e7","cc:904351bd-a6b8-4ee5-a788-1c77c2e8702a","true","https://resources.selectmedical.com/Pricing-Transparency/critical-illness-recovery/36-4575640_Acuity_Specialty_Hospital-Ohio_Valley_Wheeling_standardcharges.csv","https://www.selectspecialtyhospitals.com/patients-and-caregivers/admissions/price-transparency","36-4575640_Acuity_Specialty_Hospital-Ohio_Valley_Wheeling_standardcharges.csv","csv","spreadsheet","96451836","false"
"cc:90667acf-4f89-4a0f-9285-1c88a85e4091:32cde9c0-d1c7-411e-896c-0eb5884294c9","cc:90667acf-4f89-4a0f-9285-1c88a85e4091","true","https://apim.services.craneware.com/api-pricing-transparency/api/public/fced1b027663304287bb4202be34dcd6/charges/mrf","https://www.ncspecialty.com/patient-resources/patient-info/patient-price-transparency","562109998_North-Carolina-Specialty-Hospital_standardcharges.csv","csv","spreadsheet","22789942","false"
"cc:9067dad0-811f-40e1-a905-8378a3248b3a:7ea95b9f-c550-479b-b588-b991589d678b","cc:9067dad0-811f-40e1-a905-8378a3248b3a","true","https://pricetransparency.providence.org/wamt/live/910655392_kadlec-regional-medical-center_standardcharges.json","https://www.providence.org/obp/price-transparency","910655392_kadlec-regional-medical-center_standardcharges.json","json","other","177975479","false"
"cc:909bc12a-5065-40ba-a11b-670a41aa43fe:7812534f-8a5d-4ef7-8b79-2732ca32fe35","cc:909bc12a-5065-40ba-a11b-670a41aa43fe","true","https://apps.para-hcfs.com/PTT/FinalLinks/Reports.aspx?dbName=dbAHBBAKERSFIELDCA&type=CDMWithoutLabel&fileType=CSV","https://www.adventisthealth.org/patients-and-visitors/price-transparency/","952294234_san-joaquin-community-hospital_standardcharges.csv","csv","spreadsheet","1045403643","false"
"cc:90b774a0-9bd0-479e-853d-103b17b5f708:c6a623a1-3b22-4dfb-af96-ae3e1e221308","cc:90b774a0-9bd0-479e-853d-103b17b5f708","true","https://stctrprodsnsvc00455826e6.blob.core.windows.net/pt-final-posting-files/59-1978725_HCA-FLORIDA-LAKE-MONROE-HOSPITAL_standardcharges.json?si=pt-json-access-policy&spr=https&sv=2024-11-04&sr=c&sig=o5IofreS%2F7ETlsnhPakPWCwHVVUZRobywQ5wUKGjVuQ%3D","https://www.hcafloridahealthcare.com/patient-resources/patient-financial-resources/pricing-transparency-cms-required-file-of-standard-charges","59-1978725_HCA-FLORIDA-LAKE-MONROE-HOSPITAL_standardcharges.json","json","other","416333513","false"
"cc:90c1e9c4-2633-465b-976c-656f535e4627:b5329822-ec98-4ae0-8cb9-793e4b9cb223","cc:90c1e9c4-2633-465b-976c-656f535e4627","true","https://b0609c06-fe30-4819-b2b4-e545e7f8b563.usrfiles.com/ugd/377c03_27950844a1a94632b9e908909e70b32c.csv","https://www.myomc.org/policies-terms-bylaws/price-transparency","377c03_27950844a1a94632b9e908909e70b32c.csv","csv","spreadsheet","3221288","false"
"cc:90d19a1f-b1b9-492c-8b02-79209a3a73aa:9951a724-bc9d-4d48-8f81-d6e3cb066daa","cc:90d19a1f-b1b9-492c-8b02-79209a3a73aa","true","https://nebh.org/042103612_new-england-baptist-hospital_standardcharges.json","https://nebh.org/patients-visitors/billing-financial-services/price-transparency","042103612_new-england-baptist-hospital_standardcharges.json","json","other","17872101","false"
"cc:90e1b687-7193-4198-927d-c63b7a314e58:214ac775-a928-4d1a-ae8d-37ae39124dd6","cc:90e1b687-7193-4198-927d-c63b7a314e58","true","https://stctrprodsnsvc00455826e6.blob.core.windows.net/pt-final-posting-files/74-2499952_LAS-PALMAS-MEDICAL-CENTER_standardcharges.json?si=pt-json-access-policy&spr=https&sv=2024-11-04&sr=c&sig=o5IofreS%2F7ETlsnhPakPWCwHVVUZRobywQ5wUKGjVuQ%3D","https://www.laspalmasdelsolhealthcare.com/patient-resources/patient-financial-resources/pricing-transparency-cms-required-file-of-standard-charges","74-2499952_LAS-PALMAS-MEDICAL-CENTER_standardcharges.json","json","other","954832567","false"
"cc:914e9755-c611-456c-9071-6b9f95aa84c6:8587c83c-c201-437e-b7b0-b83fe2ade3b1","cc:914e9755-c611-456c-9071-6b9f95aa84c6","true","https://apim.services.craneware.com/api-pricing-transparency/api/public/e5a4e40451be555f35c2ffce7fee51ce/charges/mrf","https://www.capecodhealth.org/patients-visitors/paying-for-care/understanding-pricing/estimate-the-cost-of-care","042220716_Falmouth-Hospital_standardcharges.csv","csv","spreadsheet","109224210","false"
"cc:9151b521-54cf-4032-b5ca-38ffcb1f6340:3d53ee15-d131-48fd-bc9b-09f6e73f3288","cc:9151b521-54cf-4032-b5ca-38ffcb1f6340","true","https://www.marshallmedical.org/documents/standard_charges/941450151_marshall-medical-center_standardcharges.csv","https://www.marshallmedical.org/patients-visitors/patient-information/insurance-billing-information/","941450151_marshall-medical-center_standardcharges.csv","csv","spreadsheet","71064372","false"
"cc:91bd6f63-28b3-47e4-aae7-bb8916a7b34d:f6583070-65e8-4c21-994d-fd5a26f51707","cc:91bd6f63-28b3-47e4-aae7-bb8916a7b34d","true","https://stctrprodsnsvc00455826e6.blob.core.windows.net/pt-final-posting-files/45-0503116_OVERLAND-PARK-REGIONAL-MEDICAL-CENTER_standardcharges.json?si=pt-json-access-policy&spr=https&sv=2024-11-04&sr=c&sig=o5IofreS%2F7ETlsnhPakPWCwHVVUZRobywQ5wUKGjVuQ%3D","https://www.hcamidwest.com/patient-resources/patient-financial-resources/pricing-transparency-cms-required-file-of-standard-charges","45-0503116_OVERLAND-PARK-REGIONAL-MEDICAL-CENTER_standardcharges.json","json","other","516767323","false"
"cc:91cf7ac8-8144-4976-a9a6-457be40fceae:00ed2dc4-9357-445b-8d7e-cb5c6df7d082","cc:91cf7ac8-8144-4976-a9a6-457be40fceae","true","https://stctrprodsnsvc00455826e6.blob.core.windows.net/pt-final-posting-files/62-1619857_HCA-Houston-Healthcare-North-Cypress_standardcharges.json?si=pt-json-access-policy&spr=https&sv=2024-11-04&sr=c&sig=o5IofreS%2F7ETlsnhPakPWCwHVVUZRobywQ5wUKGjVuQ%3D","https://hcahoustonhealthcare.com/about/legal/pricing-transparency-cms-required-file-of-standard-charges.dot","62-1619857_HCA-Houston-Healthcare-North-Cypress_standardcharges.json","json","other","541051052","false"
"cc:91f43c62-be25-48a4-b052-ed6bd8d5e20d:56d72f7f-3abb-4d8a-b8d7-c1c0d04951f6","cc:91f43c62-be25-48a4-b052-ed6bd8d5e20d","true","https://apps.para-hcfs.com/PTT/FinalLinks/Reports.aspx?dbName=dbAHSHSAINTHELENACA&type=CDMWithoutLabel&fileType=CSV","https://www.adventisthealth.org/patients-and-visitors/price-transparency","941279779_st-helena-hospital_standardcharges.csv","csv","spreadsheet","204302959","false"
"cc:9222a4d2-add2-40ef-868c-c51d26f59fe4:10b94227-6aed-4a60-a78e-20f1577f5900","cc:9222a4d2-add2-40ef-868c-c51d26f59fe4","true","https://www.vvh.org/documents/880446259_Valley_View_Hospital_Standard_Primary%20Care%20Charges.csv","https://www.vvh.org/patients-visitors/price-transparency","880446259_Valley_View_Hospital_Standard_Primary Care Charges.csv","csv","spreadsheet","109497","false"
"cc:924219e3-b405-4727-870b-442cf53eecd3:a3274d60-f00a-46a6-869c-fcddca465154","cc:924219e3-b405-4727-870b-442cf53eecd3","true","https://apps.para-hcfs.com/PTT/FinalLinks/Reports.aspx?dbName=dbAHLMLODICA&type=CDMWithoutLabel&fileType=CSV","https://www.adventisthealth.org/patients-and-visitors/price-transparency","941044474_lodi-memorial-hospital-association-inc_standardcharges.csv","csv","spreadsheet","531780002","false"
"cc:9248a44e-3be5-482e-b491-a58a10a5d962:b627b464-7b1e-4cfe-af7c-a9eff3afba82","cc:9248a44e-3be5-482e-b491-a58a10a5d962","true","https://www.mainegeneral.org/app/files/public/25019946-0c62-4b95-b92c-d21835f81872/043369653_maine-general-medical-center_standardcharges.csv","https://www.mainegeneral.org/patients-visitors/medical-fees-and-cost-of-care","043369653_maine-general-medical-center_standardcharges.csv","csv","spreadsheet","104823013","false"
"cc:92acb62c-dd81-4a67-acf5-9e037243ecb2:12d5e8d3-b5d3-488f-89fa-61929e1b762e","cc:92acb62c-dd81-4a67-acf5-9e037243ecb2","true","https://www.allinahealth.org/-/media/allina-health/files/customer-service/billing-and-insurance/price-transparency/ambulatory-surgery-centers-2026/west-health-asc.csv","https://www.allinahealth.org/customer-service/billing-and-insurance","West Health ASC_399657.csv","csv","spreadsheet","6157851","false"
"cc:92e8e71e-4350-4c96-880a-e15dadde614d:900ff2d7-0276-4874-baeb-9c11c0c37c46","cc:92e8e71e-4350-4c96-880a-e15dadde614d","true","https://res.cloudinary.com/dpmykpsih/raw/upload/unity-health-2024-site-471/media/r/4db437455c3f4cedb5639557cd0164f0/86-1835149_unity-health-newport_standardcharges.csv","https://www.unity-health.org/patients/pricing","86-1835149_unity-health-newport_standardcharges.csv","csv","spreadsheet","20120223","false"
"cc:931e0477-4c34-4353-a051-771cdaaf4b0b:cbaf810f-f4b0-47bb-97aa-a3ebf3a723b2","cc:931e0477-4c34-4353-a051-771cdaaf4b0b","true","https://pricetransparency.online/wp-content/uploads/2026/01/720637478_west-ascension-parish-hospital_standardcharges-1.csv","http://pricetransparency.online/westaph-price-estimator/","720637478_west-ascension-parish-hospital_standardcharges-1.csv","csv","spreadsheet","1381267","false"
"cc:933b1a22-5bab-4d27-8df8-142b4bbba458:08e99de0-d5f2-435b-be4a-cce3efb7daeb","cc:933b1a22-5bab-4d27-8df8-142b4bbba458","true","https://urldefense.com/v3/__https://hospitalpricedisclosure.com/download.aspx?pi=o5XNLZjVLU0SslATESFp8g*-*__;Kio!!OwHQNGuS!NNxzc3gzcCDbWC_3aBKJU3Bm28st5mdzWI_DoAkJmDmhsUhsHjB8niD15jvlGIrs7b_d4aR0fJBjowy6rVbgBT5SgyVEwg$","https://urldefense.com/v3/__https://HospitalPriceDisclosure.com/Default.aspx?ci=RsbcVwMa5jfnDZuYpIqAxQ*-*__;Kio!!OwHQNGuS!NNxzc3gzcCDbWC_3aBKJU3Bm28st5mdzWI_DoAkJmDmhsUhsHjB8niD15jvlGIrs7b_d4aR0fJBjowy6rVbgBT5sJPyOLA$","590898901_adventhealth-north-pinellas_standardcharges.json","json","other","25506771","false"
"cc:9342529a-cb48-4c2e-ac62-b33cd6f62a86:1f2ddf72-b1a1-4232-9dfd-6f29771348f7","cc:9342529a-cb48-4c2e-ac62-b33cd6f62a86","true","https://www.adventisthealthcare.com/app/files/public/90def31e-c6c7-43b7-b30f-6eb68b9d2844/20-1486678_AdventistHealthCareRehabilitation_StandardCharges.csv","https://www.adventisthealthcare.com/patients-visitors/billing-financial/price-transparency/","20-1486678_AdventistHealthCareRehabilitation_StandardCharges.csv","csv","spreadsheet","7536336","false"
"cc:934f1063-8c75-467f-944c-b1ca1b5d28c1:bb3e06e1-ce72-43bb-9adc-36a42b3308da","cc:934f1063-8c75-467f-944c-b1ca1b5d28c1","true","https://www.kernmedical.com/documents/475618278_Kern-Medical-Center_standardcharges[5].csv","https://www.kernmedical.com/patients-visitors/pricing-transparency/","475618278_Kern-Medical-Center_standardcharges[5].csv","csv","spreadsheet","23177852","false"
"cc:936d0339-b33a-4b8b-9d30-fb47a50d0a7f:be41d9d3-1a64-4614-b3c3-ab815e89bbb4","cc:936d0339-b33a-4b8b-9d30-fb47a50d0a7f","true","https://stctrprodsnsvc00455826e6.blob.core.windows.net/pt-final-posting-files/61-1269294_HCA-FLORIDA-NORTH-FLORIDA-HOSPITAL_standardcharges.json?si=pt-json-access-policy&spr=https&sv=2024-11-04&sr=c&sig=o5IofreS%2F7ETlsnhPakPWCwHVVUZRobywQ5wUKGjVuQ%3D","https://www.hcafloridahealthcare.com/patient-resources/patient-financial-resources/pricing-transparency-cms-required-file-of-standard-charges","61-1269294_HCA-FLORIDA-NORTH-FLORIDA-HOSPITAL_standardcharges.json","json","other","406079042","false"
"cc:93777e5b-be4a-4752-9bf1-135a1abdcf2c:71ec8054-af52-4215-bc7f-5de2f22a8e98","cc:93777e5b-be4a-4752-9bf1-135a1abdcf2c","true","https://www.pennstatehealth.org/sites/default/files/Finance/Apr-2026/251854772_the-milton-s.-hershey-medical-center_standardcharges.csv","https://www.pennstatehealth.org/patients-visitors/billing-medical-records/hospital-price-transparency","251854772_the-milton-s.-hershey-medical-center_standardcharges.csv","csv","spreadsheet","123472386","false"
"cc:9391d94f-89cd-49a6-8f18-d6a712eb6cb0:085f905b-e402-4ddf-af71-21272d6b36ef","cc:9391d94f-89cd-49a6-8f18-d6a712eb6cb0","true","https://trinityhealth.com/340875691_trinity-west_standardcharges.json","https://www.commonspirit.org/price-transparency","340875691_trinity-west_standardcharges.json","json","other","34465257","false"
"cc:93d8d111-b513-43b0-aaa8-74b28de01a35:6421bcf6-6b1b-41e6-b4b1-cd432e9a5da7","cc:93d8d111-b513-43b0-aaa8-74b28de01a35","true","https://apps.para-hcfs.com/PTT/FinalLinks/Reports.aspx?dbName=dbHHMHHOLLISTERCA&type=CDMWithoutLabel&fileType=CSV","https://apps.para-hcfs.com/PTT/FinalLinks/Hazel_V2.aspx","946034863_hazel-hawkins-memorial-hospital_standardcharges.csv","csv","spreadsheet","160672526","false"
"cc:93ea2808-57b2-44ee-95df-51ebd0c056d8:c79f5f97-3bcd-4793-aa5e-a4a63365e7b9","cc:93ea2808-57b2-44ee-95df-51ebd0c056d8","true","https://overlandpark.kpcph.com/wp-content/uploads/sites/3/2023/12/83-4307959_KPC-Promise-Hospital-of-Overland-Park_standardcharges.csv","https://overlandpark.kpcph.com/cms-price-transparency/","83-4307959_KPC-Promise-Hospital-of-Overland-Park_standardcharges.csv","csv","spreadsheet","1654880","false"
"cc:943803e9-886d-40bb-9fcd-b7945c5e75ff:a58a6af4-61f0-40bc-9576-077a42c39404","cc:943803e9-886d-40bb-9fcd-b7945c5e75ff","true","https://mrfs.hyvehealthcare.com/TenetHealth/954537720-1700801909_tenet-hospitals-limited_standardcharges.json","https://www.thehospitalsofprovidence.com/patients/pricing-info-estimates/hospital-pricing-information","954537720-1700801909_tenet-hospitals-limited_standardcharges.json","json","other","4440293","false"
"cc:9461a5b0-7193-4219-bc91-06f11c5c145d:ba2a4f40-39e8-4775-a783-840e6729644f","cc:9461a5b0-7193-4219-bc91-06f11c5c145d","true","https://cdn.accureg.net/trans/northwesternmedical/03-0278425_Northwestern-Medical-Center_standardcharges.csv","https://www.northwesternmedicalcenter.org/patients-visitors/price-transparency","03-0278425_Northwestern-Medical-Center_standardcharges.csv","csv","spreadsheet","22568155","false"
"cc:946723a9-3f76-4ad1-8db7-566d0da43370:c7b5e5f7-2b9a-4536-85df-d8b2b9ab6766","cc:946723a9-3f76-4ad1-8db7-566d0da43370","true","https://resources.selectmedical.com/Pricing-Transparency/inpatient-rehabilitation/26-2501389_Select_Rehabilitation_Hospital_of_Denton_standardcharges.csv","https://www.selectrehabilitationhospital.com/patients-and-caregivers/admissions/price-transparency","26-2501389_Select_Rehabilitation_Hospital_of_Denton_standardcharges.csv","csv","spreadsheet","66429380","false"
"cc:9472c012-3f68-44be-86f4-991fa86cab8f:a6011e96-7bcc-41ea-953b-9b8395ddaba2","cc:9472c012-3f68-44be-86f4-991fa86cab8f","true","https://stctrprodsnsvc00455826e6.blob.core.windows.net/pt-final-posting-files/62-1768105_GRAND-STRAND-MEDICAL-CENTER_standardcharges.json?si=pt-json-access-policy&spr=https&sv=2024-11-04&sr=c&sig=o5IofreS%2F7ETlsnhPakPWCwHVVUZRobywQ5wUKGjVuQ%3D","https://www.mygrandstrandhealth.com/patient-resources/patient-financial-resources/pricing-transparency-cms-required-file-of-standard-charges","62-1768105_GRAND-STRAND-MEDICAL-CENTER_standardcharges.json","json","other","421988913","false"
"cc:949199cc-5121-407f-9d01-be87a55af79c:a06b5d4f-373f-4267-8f0e-4dc600e1b1af","cc:949199cc-5121-407f-9d01-be87a55af79c","true","https://stctrprodsnsvc00455826e6.blob.core.windows.net/pt-final-posting-files/62-1801363_HCA-HOUSTON-HEALTHCARE-WEST_standardcharges.json?si=pt-json-access-policy&spr=https&sv=2024-11-04&sr=c&sig=o5IofreS%2F7ETlsnhPakPWCwHVVUZRobywQ5wUKGjVuQ%3D","https://hcahoustonhealthcare.com/about/legal/pricing-transparency-cms-required-file-of-standard-charges.dot","62-1801363_HCA-HOUSTON-HEALTHCARE-WEST_standardcharges.json","json","other","668486538","false"
"cc:94ad2078-bc69-4938-8488-b1a0b339c945:239faf7e-ef00-49dc-b349-1dceeab84216","cc:94ad2078-bc69-4938-8488-b1a0b339c945","true","https://www.in.gov/fssa/dmha/files/356000158-Evansville-Psychiatric-Childrens-Hospital_standardcharges.csv","https://www.in.gov/fssa/dmha/state-psychiatric-hospitals/state-psychiatric-hospitals-billing-information/","356000158-Evansville-Psychiatric-Childrens-Hospital_standardcharges.csv","csv","spreadsheet","4407","false"
"cc:94dc73ae-fb46-443a-95bc-eedd80eba006:979b072a-a6b0-44f4-b2aa-530a4b1289ef","cc:94dc73ae-fb46-443a-95bc-eedd80eba006","true","https://sthpiprd.blob.core.windows.net/machine-readable-files/10273/223548695-1073516183_capital-health-system-inc_standardcharges.csv","https://search.hospitalpriceindex.com/hpi2/machineReadable/CapitalHealthRegionalMedicalCenterHopewell/10273","223548695-1073516183_capital-health-system-inc_standardcharges.csv","csv","spreadsheet","240109417","false"
"cc:94f4afbb-9e58-45d5-9118-70fef1e00810:6ac80630-cc38-4a48-adbd-2b3a7b0778da","cc:94f4afbb-9e58-45d5-9118-70fef1e00810","true","https://munisingmemorial.org/wp-content/uploads/2026/03/2026-standard-charges-json.json","https://munisingmemorial.org/patient-transparency-tools","2026-standard-charges-json.json","json","other","6327744","false"
"cc:95080cff-0c77-4aa7-8909-2d40a8dd511e:f7010921-400d-47b5-ad31-e9a6e0326db6","cc:95080cff-0c77-4aa7-8909-2d40a8dd511e","true","https://mrfs.hyvehealthcare.com/ClallamCounty/916001709_clallam-county-public-hospital-district-2-dba-olympic-medical-center_standardcharges.json","https://mrfs.hyvehealthcare.com/ClallamCounty/","916001709_clallam-county-public-hospital-district-2-dba-olympic-medical-center_standardcharges.json","json","other","120711884","false"
"cc:950d9f94-8401-4e53-baad-75886d30b6b2:b19799ae-3c24-4056-bf0e-a6a6bc6a691c","cc:950d9f94-8401-4e53-baad-75886d30b6b2","true","https://burnettmedicalcenter.com/wp-content/uploads/2025/03/390938661_BurnettMedicalCenter_standardcharges.csv","https://burnettmedicalcenter.com/patients-visitors/price-transparency/","390938661_BurnettMedicalCenter_standardcharges.csv","csv","spreadsheet","9937488","false"
"cc:95880234-6da2-4b47-a24a-a8e2d8c7a8f0:b30467e7-095e-40bb-a346-e193ea5eaaed","cc:95880234-6da2-4b47-a24a-a8e2d8c7a8f0","true","https://hospitalpricedisclosure.com/Download.aspx?pxi=FCYVM3GwKb5jEUXrhemJLg*-*&f=iFd*_*cEPwhQHJy3lVvHy9uQ*-*","https://hospitalpricedisclosure.com/Default.aspx?ci=RsbcVwMa5jfnDZuYpIqAxQ*-*","824372339_adventhealth-ocala_standardcharges.json","json","other","24593331","false"
"cc:95abae0e-ad4a-4c6b-9970-9056b461ec0e:20bdbcf9-7f92-44d6-8447-b6fd231bebb2","cc:95abae0e-ad4a-4c6b-9970-9056b461ec0e","true","https://senecarh.com/csv/StandardCharges2024-11-13.csv","https://senecarh.com/price-transparency/","StandardCharges2024-11-13.csv","csv","spreadsheet","163498","false"
"cc:95b40545-881a-46ae-90c1-655aa23ecd0c:4f372d14-3122-4964-895e-fa89431671f9","cc:95b40545-881a-46ae-90c1-655aa23ecd0c","true","https://resources.selectmedical.com/Pricing-Transparency/inpatient-rehabilitation/82-1064183_Dignity_Health_Rehab_Hospital_standardcharges.csv","https://www.dignityhealthrehab.com/patients-and-caregivers/admissions/price-transparency","82-1064183_Dignity_Health_Rehab_Hospital_standardcharges.csv","csv","spreadsheet","35787579","false"
"cc:95b7d40f-71a3-40a4-aa17-e2fdf5dc97c1:a5724723-d951-4536-bcf3-9284cfc7893e","cc:95b7d40f-71a3-40a4-aa17-e2fdf5dc97c1","true","https://weismanchildrens.com/wp-content/uploads/2025/12/WCRH-Chargemaster.xlsx","https://weismanchildrens.com/price-transparency","WCRH-Chargemaster.xlsx","xlsx","spreadsheet","37587","false"
"cc:95d51f91-0e7b-48f0-a229-efe876443c19:8ceecfd2-0958-4068-a951-0e126f1f40d7","cc:95d51f91-0e7b-48f0-a229-efe876443c19","true","https://apps.para-hcfs.com/PTT/FinalLinks/Reports.aspx?dbName=dbBMHECBlackfootID&type=CDMWithoutLabel&fileType=CSV","https://apps.para-hcfs.com/PTT/FinalLinks/Bingham_V2.aspx","205126945_bingham-memorial-hospital_standardcharges.csv","csv","spreadsheet","23598385","false"
"cc:95e518d3-028c-4450-a93d-5de74697fc7a:29e3e60f-8531-4bec-8639-f3868a083914","cc:95e518d3-028c-4450-a93d-5de74697fc7a","true","https://www.marshfieldclinic.org/mPatientResources/Documents/810977948_marshfield-medical-center--marshfield_standardcharges.zip","https://www.marshfieldclinic.org/patient-resources/billing/cms-hospital-transparency-requirement","810977948_marshfield-medical-center--marshfield_standardcharges.zip","zip","unknown","37786685","false"
"cc:9619fbdd-b4a0-4edb-9889-be175243705e:34e0da18-8c54-4b91-9d37-286b77dda006","cc:9619fbdd-b4a0-4edb-9889-be175243705e","true","https://app.box.com/shared/static/c8ywwwtioyyk897jyfo2x29payrwemoz.csv","https://us.flow-prod.boomi.com/f2a4d421-8a52-4b09-8a4c-8476aae2d651/play/ptt?flow-id=a91f6d2f-a3ad-4257-9185-99463fe7c6a3&flow-version-id=691a537c-ea37-41a1-96ba-24e7272b0047&hospital-id=38","811008596-1891737920_Anson_General_Hospital_standardcharges.csv","csv","spreadsheet","85655","false"
"cc:963cc240-a93c-4feb-9d13-1dfb4e9ba384:84752324-0ab2-49a4-ba3d-bba7a59d693c","cc:963cc240-a93c-4feb-9d13-1dfb4e9ba384","true","https://www.slhduluth.com/410714079_1801835970_aspirus-st.-lukes-hospital_standardcharges.json","https://www.slhduluth.com/patients-visitors/financial-services/price-transparency","410714079_1801835970_aspirus-st-lukes-hospital_standardcharges.json","json","other","197752227","false"
"cc:9641cb62-86bb-446b-b175-73279e010adb:9e3e40c4-f399-461e-bfdc-56979cbdc487","cc:9641cb62-86bb-446b-b175-73279e010adb","true","https://stctrprodsnsvc00455826e6.blob.core.windows.net/pt-final-posting-files/59-1525468_HCA-FLORIDA-WEST-HOSPITAL_standardcharges.json?si=pt-json-access-policy&spr=https&sv=2024-11-04&sr=c&sig=o5IofreS%2F7ETlsnhPakPWCwHVVUZRobywQ5wUKGjVuQ%3D","https://www.hcafloridahealthcare.com/patient-resources/patient-financial-resources/pricing-transparency-cms-required-file-of-standard-charges","59-1525468_HCA-FLORIDA-WEST-HOSPITAL_standardcharges.json","json","other","435748293","false"
"cc:966ecdc3-c30c-47e0-bc06-baca46a8f160:822d530a-6aca-408c-b897-7207e83af089","cc:966ecdc3-c30c-47e0-bc06-baca46a8f160","true","https://hospitalpricetransparencyfiles.com/crossett-health-foundation/710236870_Crossett-Health-Foundation_standardcharges.csv","https://www.acmconline.org/patient-information","710236870_Crossett-Health-Foundation_standardcharges.csv","csv","spreadsheet","4513630","false"
"cc:969eb448-046f-4bca-b5a7-b6e8142dfd7e:26aa3088-8f23-486b-82e2-9b4fcc99564e","cc:969eb448-046f-4bca-b5a7-b6e8142dfd7e","true","https://hospitalpricedisclosure.com/Download.aspx?pxi=A7H2v*_*svHhuGAp2wfaahGA*-*&f=iFd*_*cEPwhQHJy3lVvHy9uQ*-*","https://hospitalpricedisclosure.com/Default.aspx?ci=RsbcVwMa5jfnDZuYpIqAxQ*-*","590724459_adventhealth-orlando_standardcharges.json","json","other","36565578","false"
"cc:96af3345-b6a3-4d49-8921-95d699c6301a:977dd0af-921a-4295-a6d7-2bc9aa432722","cc:96af3345-b6a3-4d49-8921-95d699c6301a","true","https://eatingrecoverycenter.pt.panaceainc.com/MRFDownload/eatingrecoverycenter/coloradoeatingdisorder","https://www.eatingrecoverycenter.com/price-transparency/","261175128-1194579474_eating-recovery-center-llc_standardcharges.csv","csv","spreadsheet","2382588","false"
"cc:96bf1a15-3eec-49fa-b0d8-618f1c81409c:604e2775-b0a8-4f39-8358-58c37cf4aae9","cc:96bf1a15-3eec-49fa-b0d8-618f1c81409c","true","https://apps.para-hcfs.com/PTT/FinalLinks/Reports.aspx?dbName=dbOakBendRichmondTX&type=CDMWithoutLabel&fileType=CSV","https://oakbendmedcenter.org/fannin-surgical-hospital-campus-pricing-transparency","760339462_oakbend-medical-center_standardcharges.csv","csv","spreadsheet","13384430","false"
"cc:96cb6a7d-65b1-4f41-81c7-eaebd177d9f2:7f94f7af-ec78-4547-a234-a42fa28713d9","cc:96cb6a7d-65b1-4f41-81c7-eaebd177d9f2","true","https://www.cottagehealth.org/app/files/public/a792bfdb-ac7c-422b-b0e1-5d279bea0701/951644629_CottageRehabilitationHospital_standardcharges.csvl_standardcharges.csv","https://www.cottagehealth.org/billing/cost-of-care-estimates/","951644629_CottageRehabilitationHospital_standardcharges.csv","csv","spreadsheet","415685007","false"
"cc:96cdfa8b-e889-4a17-9452-5f55109c591a:600ae742-6b3d-4fa3-b893-b524624fe20f","cc:96cdfa8b-e889-4a17-9452-5f55109c591a","true","https://hpt.inmediata.com/index?h=69BCA845-DFF2-4C05-9642-19096BA9ABFF","https://www.cardiovascular.pr.gov/transparencia-de-precios","660437312_Corporacion-del-Centro-Cardiovascular-de-Puerto-Rico-y-del-Caribe_standardcharges.json","json","other","11351621","false"
"cc:96d72af6-862d-48db-a739-ec8900148e72:1fe77af3-d1b9-49c4-81b7-0a0cb980bdef","cc:96d72af6-862d-48db-a739-ec8900148e72","true","https://cdn.iuhealth.org/resources/262772226_indiana-university-health-tipton-hospital-inc._standardcharges.zip","https://iuhealth.org/schedule-an-appointment/price-estimates/standard-charge-listing","262772226_indiana-university-health-tipton-hospital-inc._standardcharges.zip","zip","unknown","63866057","false"
"cc:9726582e-89d4-459d-991d-8ac1e8333410:e3bfaa55-ab4d-4937-9cfd-de8b159bac5a","cc:9726582e-89d4-459d-991d-8ac1e8333410","true","https://www.medstarhealth.org/-/media/project/mho/medstar/billing-and-insurance/2026/521369749_1669549614_national_rehabilitation_hospital_inc_standardcharges.csv","https://www.medstarhealth.org/price-transparency-disclosures","521369749_1669549614_National_Rehabilitation_Hospital_Inc_standardcharges.csv","csv","spreadsheet","5016300","false"
"cc:972d8b14-1984-433e-a6e1-39dda557009b:b2baebec-ab97-4631-9957-80a37e149a90","cc:972d8b14-1984-433e-a6e1-39dda557009b","true","https://www.carthagehospital.com/156022079_Carthage-Area-Hospital-Inc_standardcharges_2026.csv","https://www.carthagehospital.com/pricing/","156022079_Carthage-Area-Hospital-Inc_standardcharges_2026.csv","csv","spreadsheet","972373","false"
"cc:972f681e-8a92-4ddc-bb65-66f7d8999c8e:eb6ec02d-2519-4be8-88fb-9520dfb971ae","cc:972f681e-8a92-4ddc-bb65-66f7d8999c8e","true","https://res.cloudinary.com/dpmykpsih/raw/upload/unity-health-2024-site-471/media/r/3f89af930b37423888e03e500f70d4a0/71-0772737_unity-health-white-county-medical-center_standardcharges.csv","https://www.unity-health.org/patients/pricing","71-0772737_unity-health-white-county-medical-center_standardcharges.csv","csv","spreadsheet","35623281","false"
"cc:97310e9f-6d09-4fd6-89f7-bddba6260aae:328d4fdb-1174-44c5-ab18-423687a72c81","cc:97310e9f-6d09-4fd6-89f7-bddba6260aae","true","https://resources.selectmedical.com/Pricing-Transparency/inpatient-rehabilitation/82-3481322_Banner_Rehab_Hospital-East_standardcharges.csv","https://www.banner-rehabhospitals.com/patients-and-caregivers/admissions/price-transparency","82-3481322_Banner_Rehab_Hospital-East_standardcharges.csv","csv","spreadsheet","57627864","false"
"cc:97c48041-0074-41ca-9ae6-6bea6ec1b528:3c2112b4-1363-42ed-9d58-f560e5ecb175","cc:97c48041-0074-41ca-9ae6-6bea6ec1b528","true","https://drive.google.com/uc?export=download&id=1oINGlpvPtLAz7RScXHi9DSSvMY__R8YZ","https://drive.google.com/file/d/1oINGlpvPtLAz7RScXHi9DSSvMY__R8YZ/view?usp=sharing","2026.csv","csv","spreadsheet","4513553","false"
"cc:97dc815c-74d0-4080-adf7-569c993f0bd7:33d81155-c76c-4a83-b5a7-7b31f23821eb","cc:97dc815c-74d0-4080-adf7-569c993f0bd7","true","https://baptisthealth.net/-/media/Documents/Patient-Resources/Patient-Pricing/Apr-2026/821682066_fishermens-health-inc_standardcharges.zip","https://baptisthealth.net/patient-resources/billing-and-financial-assistance/patient-pricing","821682066_fishermens-health-inc_standardcharges.zip","zip","unknown","24665869","false"
"cc:97e51fb2-cfaf-4034-bc61-e42559930057:1cf8c443-8d9f-4eb4-8bb9-5e08d7d69960","cc:97e51fb2-cfaf-4034-bc61-e42559930057","true","https://urldefense.com/v3/__https://hospitalpricedisclosure.com/download.aspx?pi=khYTsLQBEOlR3OFzhxmu6g*-*__;Kio!!OwHQNGuS!NNxzc3gzcCDbWC_3aBKJU3Bm28st5mdzWI_DoAkJmDmhsUhsHjB8niD15jvlGIrs7b_d4aR0fJBjowy6rVbgBT72xtXg0Q$","https://urldefense.com/v3/__https://HospitalPriceDisclosure.com/Default.aspx?ci=RsbcVwMa5jfnDZuYpIqAxQ*-*__;Kio!!OwHQNGuS!NNxzc3gzcCDbWC_3aBKJU3Bm28st5mdzWI_DoAkJmDmhsUhsHjB8niD15jvlGIrs7b_d4aR0fJBjowy6rVbgBT5sJPyOLA$","591113901_adventhealth-tampa_standardcharges.json","json","other","30357029","false"
"cc:9826c6ab-2576-4dad-9f22-e8dab5b0bddd:74cd1bb0-7d58-4a99-acc0-5521a2fee514","cc:9826c6ab-2576-4dad-9f22-e8dab5b0bddd","true","https://www.hebrewseniorlife.org/sites/default/files/2026-07/hebrew-rehabilitation-center-hospital-standard-charges.csv","https://www.hebrewseniorlife.org/locations/hebrew-rehabilitation-center/financial-information","hebrew-rehabilitation-center-hospital-standard-charges.csv","csv","spreadsheet","5131756","false"
"cc:9840b7bc-5a82-4248-b8a2-d5b6f7662a9c:99a574d1-8b7f-48f0-82da-09fa44b7a568","cc:9840b7bc-5a82-4248-b8a2-d5b6f7662a9c","true","https://riohealth.com/dA/36d658e9ed/fileAsset/62-1656022_rio-grande-regional-hospital_standardcharges.json","https://riohealth.com/about/legal/pricing-transparency-cms-required-file-of-standard-charges.dot","62-1656022_rio-grande-regional-hospital_standardcharges.json","json","other","630969424","false"
"cc:987e6b10-cd94-4c29-ad64-ae8a9d0fd909:739be141-a26e-48fe-a15d-6786ae4f76e9","cc:987e6b10-cd94-4c29-ad64-ae8a9d0fd909","true","https://www.southwoodshealth.com/wp-content/uploads/2026/04/421562638_surgery-center-at-southwoods_standardcharges.csv","https://www.southwoodshealth.com/pricing-transparency","421562638_surgery-center-at-southwoods_standardcharges.csv","csv","spreadsheet","12083890","false"
"cc:988add74-e3e0-4474-9b7f-f9a83413e0ff:5e196653-a117-41a8-96fe-1ae5948be45a","cc:988add74-e3e0-4474-9b7f-f9a83413e0ff","true","https://ernesthealth.com/pricing/2026/272805509_advanced-care-hospital-of-southern-new-mexico_standard-charges.json","https://achsnm.ernesthealth.com/price-transparency/","272805509_advanced-care-hospital-of-southern-new-mexico_standard-charges.json","json","other","4538225","false"
"cc:990d3f55-0e5a-48fd-80ce-d0fecd6efda8:c93e19ab-8a23-4e72-a468-61bc9a19c7d2","cc:990d3f55-0e5a-48fd-80ce-d0fecd6efda8","true","https://drive.google.com/file/d/1rLqvnCYCAUdHHwPPLgUvIWLqaYdaFjdv/view","https://www.townsenmemorial.com/pricing-transparency","364867804_TownsenMemorialHospital_StandardCharges.csv","csv","spreadsheet","2853592","false"
"cc:990f817a-57a6-40d5-a469-5a9ccb889ce1:bcecca96-9fb1-4e00-a223-cbefe3d96034","cc:990f817a-57a6-40d5-a469-5a9ccb889ce1","true","https://resources.selectmedical.com/pricing-transparency/critical-illness-recovery/83-3331871_Select_Specialty_Hospital-Miami_Lakes_standardcharges.csv","https://www.selectspecialtyhospitals.com/patients-and-caregivers/admissions/price-transparency/","83-3331871_Select_Specialty_Hospital-Miami_Lakes_standardcharges.csv","csv","spreadsheet","96300491","false"
"cc:9934ca05-a787-4469-8eba-e801a85ac04a:4fb33152-6308-41d8-b206-caa98df48f7a","cc:9934ca05-a787-4469-8eba-e801a85ac04a","true","https://www.lmh.org/app/files/public/6bdda36c-7b12-4f68-8cb8-0df37d3da1e4/48-6033703_The-Lawrence-Memorial-Hospital_standardcharges.csv","https://www.lmh.org/patients-visitors/understanding-your-hospital-costs","48-6033703_The-Lawrence-Memorial-Hospital_standardcharges.csv","csv","spreadsheet","88709621","false"
"cc:9937cf26-e5bb-4975-9114-8f945993f576:24c6c4d4-a290-478b-bad9-6163a31c2ea6","cc:9937cf26-e5bb-4975-9114-8f945993f576","true","https://mrfs.hyvehealthcare.com/RWJBarnabasHealth/223452412_monmouth-medical-center_standardcharges.json","https://www.rwjbh.org/monmouth-medical-center/billing/charges","223452412_monmouth-medical-center_standardcharges.json","json","other","445153911","false"
"cc:993adcc1-ed89-4722-b0e4-64f6b65a11e5:7be5f7e1-d3de-4fcd-a635-d5c1ada14419","cc:993adcc1-ed89-4722-b0e4-64f6b65a11e5","true","https://pricetransparency.providence.org/alaska/live/260115489_st-elias-specialty-hospital_standardcharges.json","https://www.providence.org/obp/price-transparency","260115489_st-elias-specialty-hospital_standardcharges.json","json","other","163338601","false"
"cc:99450e04-4285-40db-949c-ba1e683eef5a:32c4a379-5f0c-4550-adc3-ee03a7752642","cc:99450e04-4285-40db-949c-ba1e683eef5a","true","https://apps.para-hcfs.com/PTT/FinalLinks/Reports.aspx?dbName=dbUkiahValleyCA&type=CDMWithoutLabel&fileType=CSV","https://www.adventisthealth.org/patients-and-visitors/price-transparency","941639901_ukiah-adventist-hospital_standardcharges.csv","csv","spreadsheet","249805716","false"
"cc:997d91c8-c36e-48a0-a414-c3c56f42676c:2579c884-5f58-4498-a972-1d2ef87fe943","cc:997d91c8-c36e-48a0-a414-c3c56f42676c","true","https://renown.pt.panaceainc.com/MRFDownload/renown/south-meadows-medical-center","https://www.renown.org/Patients-and-Visitors/Billing/Pricing-Transparency","460517825-1720058027_renown-south-meadows-medical-center_standardcharges.csv","csv","spreadsheet","296253056","false"
"cc:997ef59c-3dee-465e-81c6-fda252b52ec4:77f20289-35b3-4e08-b6ea-b976a9a15100","cc:997ef59c-3dee-465e-81c6-fda252b52ec4","true","https://resources.selectmedical.com/Pricing-Transparency/critical-illness-recovery/20-0226432_Regency_Hospital_of_Springdale_standardcharges.csv","https://www.regencyhospital.com/patients-and-caregivers/admissions/price-transparency","20-0226432_Regency_Hospital_of_Springdale_standardcharges.csv","csv","spreadsheet","145838411","false"
"cc:99a20fbb-7902-44b2-871f-f2b844c10e83:f4be7ad6-56a5-4ba4-97e0-aad2895f4f29","cc:99a20fbb-7902-44b2-871f-f2b844c10e83","true","https://www.medstarhealth.org/-/media/project/mho/medstar/billing-and-insurance/2026/521369749_1528061827_national_rehabilitation_hospital_inc_standardcharges.csv","https://www.medstarhealth.org/price-transparency-disclosures","521369749_1528061827_National_Rehabilitation_Hospital_Inc_standardcharges.csv","csv","spreadsheet","10229198","false"
"cc:99d36a1b-b122-4b5e-80b4-de23f8b1fda6:29dbb85c-06a8-4890-92c9-6bb8e2626050","cc:99d36a1b-b122-4b5e-80b4-de23f8b1fda6","true","https://mrfs.hyvehealthcare.com/TenetHealth/752932824_good-samaritan-medical-center%2C-inc._standardcharges.json","https://www.palmbeachhealthnetwork.com/patients/pricing-info-estimates/hospital-pricing-information","752932824_good-samaritan-medical-center,-inc._standardcharges.json","json","other","3248611","false"
"cc:99e2441a-98b3-4169-8cbe-38d37e12dfcb:f5a564c6-1d1a-4ff4-b6ca-d4d160da5cb5","cc:99e2441a-98b3-4169-8cbe-38d37e12dfcb","true","https://sthpiprd.blob.core.windows.net/machine-readable-files/10969/596012065_broward-health-medical-center_standardcharges.csv","https://search.hospitalpriceindex.com/hpi2/machineReadable/BrowardHealthMedicalCenter/10969","596012065_broward-health-medical-center_standardcharges.csv","csv","spreadsheet","3935757603","false"
"cc:99e35a1f-565e-4d65-b842-ecd090b5ccfc:77660c06-e0b1-40ad-86c8-e4953fbe4a29","cc:99e35a1f-565e-4d65-b842-ecd090b5ccfc","true","https://www.lifebridgehealth.org/sites/default/files/2026-04/52-0607913_Levindale-Hebrew-Geriatric-Center-Hospital_standardcharges_0.csv","https://www.lifebridgehealth.org/patients/price-transparency","52-0607913_Levindale-Hebrew-Geriatric-Center-Hospital_standardcharges_0.csv","csv","spreadsheet","472351","false"
"cc:9a01776d-b086-4d86-bb60-f31b38066fc8:e5955c1c-c195-47a2-8981-fa21ce4a6122","cc:9a01776d-b086-4d86-bb60-f31b38066fc8","true","https://apalacheecenter.org/wp-content/uploads/2026/03/591162148_Eastside-Psychiatric-Hospital_standardcharges44.csv","https://apalacheecenter.org/title_xxix","591162148_Eastside-Psychiatric-Hospital_standardcharges44.csv","csv","spreadsheet","22955","false"
"cc:9a1ddae1-163d-47bb-968d-691e6fc8588e:a04b7207-56ba-49df-9b93-e3987d3365a0","cc:9a1ddae1-163d-47bb-968d-691e6fc8588e","true","https://cdn.iuhealth.org/resources/351955872_indiana-university-health-inc._standardcharges.zip","https://iuhealth.org/schedule-an-appointment/price-estimates/standard-charge-listing","351955872_indiana-university-health-inc._standardcharges.zip","zip","unknown","67370134","false"
"cc:9a4d71cb-8377-4a76-9a8d-542bf4a289dd:8ba61fa7-8914-4f30-b3c7-a05a109f93b8","cc:9a4d71cb-8377-4a76-9a8d-542bf4a289dd","true","https://www.maryrutan.org/media/42319e350c4244218295200023f73fad/341407259_mary-rutan-hospital_standardcharges.json","https://www.maryrutan.org/patient-resources/billing","341407259_mary-rutan-hospital_standardcharges.json","json","other","22395016","false"
"cc:9a5ffcf6-43fc-4da3-bcde-484ad1bcefeb:40daf2b0-4384-4e00-b37c-7b685e420e5a","cc:9a5ffcf6-43fc-4da3-bcde-484ad1bcefeb","true","https://www.avera.org/app/files/public/613f57be-d5e6-4ac9-84b7-e886a47e46a2/420680370_avera-holy-family-hospital_standardcharges.csv","https://www.avera.org/patients-visitors/price-transparency/","420680370_avera-holy-family-hospital_standardcharges.csv","csv","spreadsheet","5180358","false"
"cc:9a88283b-16c8-4ffd-a531-f9f3fb4e4557:9ca4c499-1c60-429c-aa34-f34c2541c885","cc:9a88283b-16c8-4ffd-a531-f9f3fb4e4557","true","https://www.genesisbh.com/_files/ugd/b56b0c_9253d13a96c44836bb04be1039e5d2df.csv?dn=LafPrice.csv","https://www.genesisbh.com/program-costs","LafPrice_341362.csv","csv","spreadsheet","19733","false"
"cc:9a94b67d-b85f-4635-8d45-5a3b3bbea45a:5e55a6f2-3d7c-436f-8be8-e9f9c0354bc3","cc:9a94b67d-b85f-4635-8d45-5a3b3bbea45a","true","https://www.northwesthealth.com/Uploads/Public/Documents/charge-masters/charge-masters-2024/205896848_northwest-medical-center-springdale_standardcharges.csv","https://www.northwesthealth.com/pricing-information","205896848_northwest-medical-center-springdale_standardcharges.csv","csv","spreadsheet","131393163","false"
"cc:9a9b15ab-b2d8-476a-8ab5-08ed8e7c0eae:22e5a0ba-1594-413b-b75a-270046c01fec","cc:9a9b15ab-b2d8-476a-8ab5-08ed8e7c0eae","true","https://www.sojournseneca.com/_files/ugd/15a07d_37307f34b4784ec89338e79c427314ce.csv?dn=sjourn_standard_charges.csv","https://www.sojournseneca.com/price-transparency","sjourn_standard_charges.csv","csv","spreadsheet","6839","false"
"cc:9ab92ba8-97e6-407e-9580-6cab7dfa0e93:95b8fe97-0f14-47dc-9dd6-dc65c92aa548","cc:9ab92ba8-97e6-407e-9580-6cab7dfa0e93","true","https://www.avera.org/app/files/public/552f58d0-bf09-4093-b27e-8b2b093f53ab/460224598_avera-st-lukes-hospital_standardcharges.csv","https://www.avera.org/patients-visitors/price-transparency/","460224598_avera-st-lukes-hospital_standardcharges.csv","csv","spreadsheet","13805471","false"
"cc:9acbddef-9b68-45ce-8023-ce23e428c2a1:d6593474-92c0-4411-9906-d8ed012e2dbb","cc:9acbddef-9b68-45ce-8023-ce23e428c2a1","true","https://sthpiprd.blob.core.windows.net/machine-readable-files/100290/752559845-1497606438_shannon-medical-center-big-spring_standardcharges.csv","https://search.hospitalpriceindex.com/hpi2/machineReadable/ShannonMedicalCenterBigSpring/100290","752559845-1497606438_shannon-medical-center-big-spring_standardcharges.csv","csv","spreadsheet","495658100","false"
"cc:9adf676a-4d33-45cb-adb6-a20071b94130:b5f4377a-0ca8-4836-9639-6e2e84c92a5c","cc:9adf676a-4d33-45cb-adb6-a20071b94130","true","https://images.pricetransparency.healthcare/public-mrfs/banner/830279242_banner-wyoming-medical-center_standardcharges.csv","https://www.bannerhealth.com/patients/billing/pricing-resources/hospital-price-transparency","830279242_banner-wyoming-medical-center_standardcharges.csv","csv","spreadsheet","62475191","false"
"cc:9b5a6b14-bd93-4b75-8087-b5d21779f330:98a15504-b498-401c-bb2d-92693f09d08c","cc:9b5a6b14-bd93-4b75-8087-b5d21779f330","true","https://mrfs.hyvehealthcare.com/TenetHealth/954537720-1215969787_tenet-hospitals-limited_standardcharges.json","https://www.thehospitalsofprovidence.com/patients/pricing-info-estimates/hospital-pricing-information","954537720-1215969787_tenet-hospitals-limited_standardcharges.json","json","other","3685612","false"
"cc:9b86ea18-f2e8-4074-9cfe-74f0f455b562:b6d36555-c876-4fe2-9f81-303bb6049f0f","cc:9b86ea18-f2e8-4074-9cfe-74f0f455b562","true","https://sanjorgechildrenshospital.com/wp-content/uploads/2022/01/660646725_San_Jorge_Childrens_Hospital_standardcharges.csv","https://www.sanjorgechildrenshospital.com/price-transparency/","660646725_San_Jorge_Childrens_Hospital_standardcharges.csv","csv","spreadsheet","680823","false"
"cc:9b9c068f-525c-4b96-9b73-69e09f80d4bb:a6f519f7-81aa-40bd-a2cf-d33e9ce5dc4f","cc:9b9c068f-525c-4b96-9b73-69e09f80d4bb","true","https://resources.selectmedical.com/Pricing-Transparency/critical-illness-recovery/45-0497740_Select_Specialty_Hospital-NE_New_Jersey_standardcharges.csv","https://www.selectspecialtyhospitals.com/patients-and-caregivers/admissions/price-transparency","45-0497740_Select_Specialty_Hospital-NE_New_Jersey_standardcharges.csv","csv","spreadsheet","131377413","false"
"cc:9ba64bc3-e761-4251-b8b5-73501e7bbf1b:501f3b9a-b048-4a72-aa38-f5ec55020c14","cc:9ba64bc3-e761-4251-b8b5-73501e7bbf1b","true","https://www.hghospital.org/media/992e13fa295b42e4853c1d277e9a1981/886000088_humboldt-general-hospital_standardcharges-1.csv","https://www.hghospital.org/patients-visitors/billing-information","886000088_Humboldt-General-Hospital_standardcharges.csv","csv","spreadsheet","17574677","false"
"cc:9bbc1681-6dbd-4e5b-8233-965be3c02c29:fc0ab679-95c8-48f4-a7c1-c85b4418c20e","cc:9bbc1681-6dbd-4e5b-8233-965be3c02c29","true","https://apps.para-hcfs.com/PTT/FinalLinks/Reports.aspx?dbName=dbMCDHFORTBRAGGCA&type=CDMWithoutLabel&fileType=CSV","https://www.adventisthealth.org/patients-and-visitors/price-transparency/","952627981_adventist-health-mendocino-coast_standardcharges.csv","csv","spreadsheet","90112013","false"
"cc:9bfb0ef5-f29b-4265-af3d-25ed93dfa991:7b32282e-10c7-4a35-9c5c-86c5f398c9e2","cc:9bfb0ef5-f29b-4265-af3d-25ed93dfa991","true","https://hospitalpricedisclosure.com/Download.aspx?pxi=Ltb8cqfMm9D6g79o7zvF0A*-*&f=1Uqk9sV2mcxtBmvoqWiwog*-*","https://hospitalpricedisclosure.com/default.aspx?ci=fFJE38ye7xsB8Of*_*qxAfVQ*-*","451027361_integris-edmond_standardcharges.csv","csv","spreadsheet","46670003","false"
"cc:9c0086e1-257d-4a4f-af82-7fa9b69e912d:3495e733-0bbe-4c24-b046-60a3b7476e5b","cc:9c0086e1-257d-4a4f-af82-7fa9b69e912d","true","https://www.avera.org/app/files/public/589ce456-2d0d-4c19-84d6-c333e65f7b62/460224604_avera-queen-of-peace-hospital_standardcharges.csv","https://www.avera.org/patients-visitors/price-transparency/","460224604_avera-queen-of-peace-hospital_standardcharges.csv","csv","spreadsheet","11939618","false"
"cc:9c090f28-0589-4856-9946-613657a3d199:a04b7207-56ba-49df-9b93-e3987d3365a0","cc:9c090f28-0589-4856-9946-613657a3d199","true","https://cdn.iuhealth.org/resources/351955872_indiana-university-health-inc._standardcharges.zip","https://iuhealth.org/schedule-an-appointment/price-estimates/standard-charge-listing","351955872_indiana-university-health-inc._standardcharges.zip","zip","unknown","67370134","false"
"cc:9c167b25-3f88-4f81-a2db-428799660484:7eeeb5d6-8427-403b-9fbb-a27319f2c078","cc:9c167b25-3f88-4f81-a2db-428799660484","true","https://baycare.org/-/media/project/baycare/consumer-portal/billing-and-insurance/pricing-files-compressed/592043026stanthonyshospitalstandardcharges.zip","https://baycare.org/billing-and-insurance","592043026StAnthonysHospitalstandardcharges.zip","zip","unknown","7259344","false"
"cc:9c1d21ef-3cc0-4013-8c2a-140d8fbcb961:fc53960b-ea5f-4b62-b59b-c3b93346f484","cc:9c1d21ef-3cc0-4013-8c2a-140d8fbcb961","true","https://dallasmedcenter.com/wp-content/uploads/2026/04/271459658_DallasMedicalCenter_standardcharges.JSON","https://dallasmedcenter.com/price-transparency","271459658_DallasMedicalCenter_standardcharges.json","json","other","42462527","false"
"cc:9c2e257c-e51d-426b-a4a2-c6b2288fa350:c0e9ad43-a757-4153-81e6-a1040c155d41","cc:9c2e257c-e51d-426b-a4a2-c6b2288fa350","true","https://cdn.ketteringhealth.org/wp-content/uploads/2026/03/310621866_1043233984_kettering-medical-center-_standardcharges.json","https://ketteringhealth.org/billing-insurance/patient-pricing","310621866_1043233984_kettering-medical-center-_standardcharges.json","json","other","62887300","false"
"cc:9c3340e7-75bb-4b7f-9924-fd464e32e9c3:08fab1a6-3dd3-4bfc-a010-d5c4ecb9c34b","cc:9c3340e7-75bb-4b7f-9924-fd464e32e9c3","true","https://www.avera.org/app/files/public/2ee985f1-c8f5-4aff-9e24-196f8b6c838b/470463911_avera-st-anthonys-hospital_standardcharges.csv","https://www.avera.org/patients-visitors/price-transparency/","470463911_avera-st-anthonys-hospital_standardcharges.csv","csv","spreadsheet","1698369","false"
"cc:9c3cbd70-355a-4b6e-8f94-12bed1bbdd8e:f25ee1a8-34d3-4b88-889a-55af00c73f2b","cc:9c3cbd70-355a-4b6e-8f94-12bed1bbdd8e","true","https://www.challiance.org/File%20Library/Uploads/PriceTransparency20262320.csv","https://challiance.org/patients-visitors/prices","PriceTransparency20262320.csv","csv","spreadsheet","278296353","false"
"cc:9c6f0165-084b-462b-8071-d50666f6671e:94a0c89a-cb7b-45f8-90df-ca5908ad6e92","cc:9c6f0165-084b-462b-8071-d50666f6671e","true","https://hospitalpricedisclosure.com/download.aspx?pi=EQGzpo*__*Zt8w*__*tMoFmXcTzQ*-*","https://www.wkhs.com/patients-and-visitors/billing-insurance-and-financial-assistance/pricing-transparency","720400933_willis-knighton-health-system_standardcharges.json","json","other","29254833","false"
"cc:9c7dcc88-678d-409b-bfb4-83accf0e3aac:6cc5021e-110a-4edd-9a9d-3d9c31fbe277","cc:9c7dcc88-678d-409b-bfb4-83accf0e3aac","true","https://resources.selectmedical.com/Pricing-Transparency/critical-illness-recovery/01-0804233_Select_Specialty_Hospital-Quad_Cities_standardcharges.csv","https://www.selectspecialtyhospitals.com/patients-and-caregivers/admissions/price-transparency","01-0804233_Select_Specialty_Hospital-Quad_Cities_standardcharges.csv","csv","spreadsheet","95284954","false"
"cc:9ca31c35-3c3c-4f82-add1-537ed1e23e93:61b6e72f-5553-4b50-93fc-96844be5cfe5","cc:9ca31c35-3c3c-4f82-add1-537ed1e23e93","true","https://resources.selectmedical.com/pricing-transparency/critical-illness-recovery/25-18222461_Select_Specialty_Hospital-Durham_standardcharges.csv","https://www.selectspecialtyhospitals.com/patients-and-caregivers/admissions/price-transparency/","25-18222461_Select_Specialty_Hospital-Durham_standardcharges.csv","csv","spreadsheet","159027156","false"
"cc:9cc283a7-be09-4e22-9bbb-023b254ec687:3621696a-3587-496f-b815-1f05d55f14bb","cc:9cc283a7-be09-4e22-9bbb-023b254ec687","true","https://www.allinahealth.org/-/media/allina-health/files/customer-service/billing-and-insurance/price-transparency/363261413stfrancisregionalmedicalcenterstandardcharges.csv","https://www.allinahealth.org/customer-service/billing-and-insurance","363261413StFrancisRegionalMedicalCenterstandardcharges.csv","csv","spreadsheet","175111242","false"
"cc:9cda69fe-1e5f-4efb-9c46-62836209b5f7:2d9c7731-35d0-42b0-a851-5ba9be4f6169","cc:9cda69fe-1e5f-4efb-9c46-62836209b5f7","true","https://files.trueaccess.care/broadlawns/426005830_broadlawnsclinic_standardcharges.csv","https://www.broadlawns.org/patients-and-visitors/billing-financial/price-list-and-cost-estimates","426005830_broadlawnsclinic_standardcharges.csv","csv","spreadsheet","2756601","false"
"cc:9cdaed28-2d74-45d5-a6c5-123dcc6ab8ff:36bd30d6-2d2b-4ba5-94b8-8b543850b6cd","cc:9cdaed28-2d74-45d5-a6c5-123dcc6ab8ff","true","https://hospitalpricedisclosure.com/download.aspx?pi=r5C56pFicSGYmflCJ5*__*QXg*-*&f=p22CpYLrWLxCnt4HoK7iZA*-*","https://www.orlandohealth.com/patients-and-visitors/patient-financial-resources/financial-information-prior-to-care/pricing-transparency-guide","591726273_orlando-health,-inc._standardcharges.json","json","other","90570353","false"
"cc:9ce05170-2f5b-4621-9b25-c311637fdf53:b909bace-2510-469b-9881-1cd240049cd4","cc:9ce05170-2f5b-4621-9b25-c311637fdf53","true","https://apps.para-hcfs.com/PTT/FinalLinks/Reports.aspx?dbName=dbHNJHNEWBERRYMI&type=CDMWithoutLabel&fileType=CSV","https://apps.para-hcfs.com/PTT/FinalLinks/Helen_Newberry_Joy.aspx","382873485_helen-newberry-joy-hospital_standardcharges.csv","csv","spreadsheet","24454565","false"
"cc:9ce11d02-309a-4b5a-b884-a3ea83a03a0c:ff20f76b-372b-44f8-a9ea-22ed5bc7a295","cc:9ce11d02-309a-4b5a-b884-a3ea83a03a0c","true","https://hpt.inmediata.com/?handler=DF&d=705F7FFE-7296-4D32-ACA4-D2A405854AF2","https://www.sistemamenonita.com/price-transparency","660452520-1417027335_hospital-menonita-aguas-buenas_standardcharges.json","json","other","1201256","false"
"cc:9cf02716-3f9d-4e75-bfb9-2f8779e0eab4:11a60463-6d14-4ed2-ba0a-5b385f12002a","cc:9cf02716-3f9d-4e75-bfb9-2f8779e0eab4","true","https://dam.upmc.com/-/media/upmc/locations/hospitals/documents/cdm-json-files/250965451_upmc-passavant_standardcharges.csv?la=en&rev=a6411c7523944e34a8394ccdc727a966&hash=D6F079CE6B68021734C23FB0844A1DAC","https://www.upmc.com/locations/hospitals/passavant/patients-visitors/passavant-patient-info/cdm","250965451_upmc-passavant_standardcharges.csv","csv","spreadsheet","156077720","false"
"cc:9cf34c95-d1a4-49bf-8f9d-80010bd71b2e:45b01a5c-ab13-43cd-9839-3d53e7b53735","cc:9cf34c95-d1a4-49bf-8f9d-80010bd71b2e","true","https://nec24.com/wp-content/uploads/2026/03/832329088_Neighbors-Emergency-Center-Kingwood_standardcharges.csv","https://nec24.com/price-transparency","832329088_Neighbors-Emergency-Center-Kingwood_standardcharges.csv","csv","spreadsheet","218405","false"
"cc:9cf95449-34a9-45cb-9ec9-577d2e3ffe1e:eb603d36-ce2f-4e52-8446-1e87480a015f","cc:9cf95449-34a9-45cb-9ec9-577d2e3ffe1e","true","https://lcmchealthfiles.blob.core.windows.net/mrf/PricingTransparency-University%20Medical%20Center%20New%20Orleans-2026-07-01%2008_49_10.csv","https://www.lcmchealth.org/for-patients/financial-assistance/price-transparency/","PricingTransparency-University Medical Center New Orleans-2026-07-01 08_49_10.csv","csv","spreadsheet","1787953076","false"
"cc:9cff8703-b82f-4e79-aa86-700374b934a9:def53005-43ec-493a-8b34-fb12940d4c59","cc:9cff8703-b82f-4e79-aa86-700374b934a9","true","https://mrfs.hyvehealthcare.com/TenetHealth/752922710_west-boca-medical-center%2C-inc._standardcharges.json","https://www.palmbeachhealthnetwork.com/patients/pricing-info-estimates/hospital-pricing-information","752922710_west-boca-medical-center,-inc._standardcharges.json","json","other","3279391","false"
"cc:9d2c76ca-6297-4c37-aa1a-994d5affb1da:1a5a1e34-40d3-4ff3-aafb-cc0c6d82925e","cc:9d2c76ca-6297-4c37-aa1a-994d5affb1da","true","https://www.premierhealth.com/docs/default-source/default-document-library/310537504_miami-valley-hospital_standardcharges.json?sfvrsn=97c2bb5c_10","https://www.premierhealth.com/patient-and-visitor-guide/patient-guide/costs-and-insurance/pricing","310537504_miami-valley-hospital_standardcharges.json","json","other","60863888","false"
"cc:9d3a521d-17f8-4bfe-bf43-d3b1edc7dfeb:58a3f196-347a-46ba-a93f-0742be30514e","cc:9d3a521d-17f8-4bfe-bf43-d3b1edc7dfeb","true","https://app.box.com/shared/static/gejz3pq8klidbkuoj1miathpv56qhyp5.csv","https://us.flow-prod.boomi.com/f2a4d421-8a52-4b09-8a4c-8476aae2d651/play/ptt?flow-id=a91f6d2f-a3ad-4257-9185-99463fe7c6a3&flow-version-id=691a537c-ea37-41a1-96ba-24e7272b0047&hospital-id=12","751328354-1821066820_Lynn_County_Hospital_standardcharges.csv","csv","spreadsheet","1226103","false"
"cc:9d666fc5-08db-4b89-912c-9e7736f45cb8:ca136b60-672c-4340-8f83-798db34c5f68","cc:9d666fc5-08db-4b89-912c-9e7736f45cb8","true","https://www.valleyhealthlink.com/app/files/public/75c2ad76-0ace-489c-9fcc-0144062d0eb9/Price%20Transparency/540505979_winchester-medical-center-inc_standardcharges.csv","https://www.valleyhealthlink.com/patient-visitors/for-patients/billing-information/request-a-patient-cost-estimate/price-transparency","Price Transparency_540505979_winchester-medical-center-inc_standardcharges.csv","csv","spreadsheet","115404461","false"
"cc:9d71feee-2adb-4c36-bd29-e996a69b4077:61c65627-de6c-474c-a8a7-bf41f1e1a5f0","cc:9d71feee-2adb-4c36-bd29-e996a69b4077","true","https://oceanshealthcare.com/wp-content/uploads/2026/06/203890581_Oceans-Behavioral-Hosptial-of-Baton-Rouge_standardcharges.csv","https://oceanshealthcare.com/financial-guidance/#price-transparency","203890581_Oceans-Behavioral-Hosptial-of-Baton-Rouge-South_standardcharges.csv","csv","spreadsheet","49843","false"
"cc:9e252f84-98de-46ab-943a-f8d2e8850633:df7edf57-1467-4a67-944e-4ba5d61c134d","cc:9e252f84-98de-46ab-943a-f8d2e8850633","true","https://rca.centaurihs.com/ptapp/#8bd0a45af1f0f9b2a7d56f47dc7f9363623b9324d22929343acea9cf6fac83b9","https://lbjtmc.org/price-transparency/","521974611_lbjtropicalmedicalcenter_standardcharges.csv","csv","spreadsheet","7838164","false"
"cc:9e3ce94f-39b3-409f-8517-40f7415caa73:6366590a-7232-4821-a343-7a7d9c4f99d0","cc:9e3ce94f-39b3-409f-8517-40f7415caa73","true","https://omh.ny.gov/omhweb/adults/141663311_nysomh_standardcharges.csv","https://omh.ny.gov/omhweb/adults/omh-hospital-pricing-transparency.pdf","141663311_nysomh_standardcharges.csv","csv","spreadsheet","929041","false"
"cc:9e3df88d-901d-4180-8116-08287689dddf:a2b94121-fec0-40c1-b2ae-5f1a0ae5648d","cc:9e3df88d-901d-4180-8116-08287689dddf","true","https://stctrprodsnsvc00455826e6.blob.core.windows.net/pt-final-posting-files/62-1619857_HCA-HOUSTON-HEALTHCARE-KINGWOOD_standardcharges.json?si=pt-json-access-policy&spr=https&sv=2024-11-04&sr=c&sig=o5IofreS%2F7ETlsnhPakPWCwHVVUZRobywQ5wUKGjVuQ%3D","https://hcahoustonhealthcare.com/about/legal/pricing-transparency-cms-required-file-of-standard-charges.dot","62-1619857_HCA-HOUSTON-HEALTHCARE-KINGWOOD_standardcharges.json","json","other","859862280","false"
"cc:9e4a57f8-065c-4786-90c0-525d52c3b13f:e3bfaa55-ab4d-4937-9cfd-de8b159bac5a","cc:9e4a57f8-065c-4786-90c0-525d52c3b13f","true","https://www.medstarhealth.org/-/media/project/mho/medstar/billing-and-insurance/2026/521369749_1669549614_national_rehabilitation_hospital_inc_standardcharges.csv","https://www.medstarhealth.org/price-transparency-disclosures","521369749_1669549614_National_Rehabilitation_Hospital_Inc_standardcharges.csv","csv","spreadsheet","5016300","false"
"cc:9e63015b-0c88-48a1-8467-726c25ce9883:618a9e54-4305-43cb-9f36-29959beb230c","cc:9e63015b-0c88-48a1-8467-726c25ce9883","true","https://www.firsthealth.org/app/files/public/0cef8c9c-6caa-4ddb-84cd-ac1cfc32b5be/561936354_1336167675_firsthealth-of-the-carolinas-inc_standardcharges.csv","https://www.firsthealth.org/patients-visitors/price-transparency/","561936354_1336167675_firsthealth-of-the-carolinas-inc_standardcharges.csv","csv","spreadsheet","9515544","false"
"cc:9e7ae78d-cbe3-47f5-96e6-bcfee495faf3:ee16d694-70c8-4bf7-a53e-2761a4219515","cc:9e7ae78d-cbe3-47f5-96e6-bcfee495faf3","true","https://nec24.com/wp-content/uploads/2026/03/832040998_Neighbors-Emergency-Center-Pasadena_standardcharges.csv","https://nec24.com/price-transparency","832040998_Neighbors-Emergency-Center-Pasadena_standardcharges.csv","csv","spreadsheet","218404","false"
"cc:9ea5d6e1-8a36-4a4a-ace0-f7dfcbb6b451:1455f6c4-9ca8-4a5c-9604-1314241d1309","cc:9ea5d6e1-8a36-4a4a-ace0-f7dfcbb6b451","true","https://mrfs.hyvehealthcare.com/RWJBarnabasHealth/221487148_children's-specialized-hospital_standardcharges.json","https://www.rwjbh.org/childrens-specialized-hospital/patients-visitors/billing-financial-and-insurance-information/charges","221487148_children's-specialized-hospital_standardcharges.json","json","other","5034952","false"
"cc:9eb65c77-b895-4797-80d0-dfd537b27f63:ec64ca43-bf2a-4208-97d7-a0fd83a21676","cc:9eb65c77-b895-4797-80d0-dfd537b27f63","true","https://stctrprodsnsvc00455826e6.blob.core.windows.net/pt-final-posting-files/74-2781812_ST.-DAVID'S-NORTH-AUSTIN-MEDICAL-CENTER_standardcharges.json?si=pt-json-access-policy&spr=https&sv=2024-11-04&sr=c&sig=o5IofreS%2F7ETlsnhPakPWCwHVVUZRobywQ5wUKGjVuQ%3D","https://stdavids.com/about/legal/pricing-transparency-cms-required-file-of-standard-charges.dot","74-2781812_ST.-DAVID'S-NORTH-AUSTIN-MEDICAL-CENTER_standardcharges.json","json","other","929746826","false"
"cc:9edb5597-2121-4ee0-9ba8-853c66050df4:a2c9975c-19ff-4090-b28e-356e0133f2be","cc:9edb5597-2121-4ee0-9ba8-853c66050df4","true","https://www.mercyhealthsystem.org/media/b4c6946ad680436c8454a3cb9f8ba21c/201673011-crystallakehospital-standardcharges.json","https://www.mercyhealthsystem.org/patientsvisitors/billing-information/chargemaster","201673011-crystallakehospital-standardcharges.json","json","other","23542359","false"
"cc:9ee98463-c5c5-4a35-aa6a-20b244a06f88:6ee10cf3-442d-4421-8ad5-3e77ffc5a078","cc:9ee98463-c5c5-4a35-aa6a-20b244a06f88","true","https://resources.selectmedical.com/Pricing-Transparency/HBOP/99-4825936_BSW-Institute-for-Rehabilitation-Temple_standardcharges.csv","https://www.bswrehab.com/patients-and-caregivers/admissions/price-transparency","99-4825936_BSW-Institute-for-Rehabilitation-Temple_standardcharges.csv","csv","spreadsheet","45728506","false"
"cc:9f00c46e-7c8e-4a58-9ba9-6980adb8cfb6:4cd7e7b5-0d5d-4fda-bccd-b35fac634d16","cc:9f00c46e-7c8e-4a58-9ba9-6980adb8cfb6","true","https://cdn.accureg.net/trans/lapaz/860260959_La-Paz-Regional-Hospital_standardcharges.csv","https://www.lapazhospital.org/getpage.php?name=Hospital_Pricing_Information&sub=Payment%2FInsurance","860260959_La-Paz-Regional-Hospital_standardcharges.csv","csv","spreadsheet","13260776","false"
"cc:9f03a74d-7436-4439-b2c3-590679ae929a:a8caf1c5-2d62-4bcd-a36f-08f34aa589ca","cc:9f03a74d-7436-4439-b2c3-590679ae929a","true","https://stctrprodsnsvc00455826e6.blob.core.windows.net/pt-final-posting-files/62-1113737_TRISTAR-CENTENNIAL-MEDICAL-CENTER_standardcharges.json?si=pt-json-access-policy&spr=https&sv=2024-11-04&sr=c&sig=o5IofreS%2F7ETlsnhPakPWCwHVVUZRobywQ5wUKGjVuQ%3D","https://www.tristarhealth.com/patient-resources/patient-financial-resources/pricing-transparency-cms-required-file-of-standard-charges","62-1113737_TRISTAR-CENTENNIAL-MEDICAL-CENTER_standardcharges.json","json","other","654308152","false"
"cc:9f093030-fd46-494f-9ef1-1c4f48fce72c:09aff33c-9558-4b71-9fe1-02937699fd6f","cc:9f093030-fd46-494f-9ef1-1c4f48fce72c","true","https://www.gmc.org/documents/Chargemaster-complete-by-Price-Schedule-FY-27.csv","https://www.gmc.org/patients-families/gmc-price-transparency/","Chargemaster-complete-by-Price-Schedule-FY-27.csv","csv","spreadsheet","1414938","false"
"cc:9f2024de-a52b-4fcf-83e5-9ee8adef8de6:2b478dbe-2ee9-440e-8877-b967f593b32d","cc:9f2024de-a52b-4fcf-83e5-9ee8adef8de6","true","https://resources.selectmedical.com/Pricing-Transparency/critical-illness-recovery/38-3329100_Select_Specialty_Hospital-Flint_standardcharges.csv","https://www.selectspecialtyhospitals.com/patients-and-caregivers/admissions/price-transparency","38-3329100_Select_Specialty_Hospital-Flint_standardcharges.csv","csv","spreadsheet","157139582","false"
"cc:9f44cb8f-5666-415c-9390-88edf39bdb26:694393fe-eb5e-4a30-8e98-ffe4a1fd94d1","cc:9f44cb8f-5666-415c-9390-88edf39bdb26","true","https://apps.para-hcfs.com/PTT/FinalLinks/Reports.aspx?dbName=dbHOTRRMCSALIDACO&type=CDMWithoutLabel&fileType=CSV","https://apps.para-hcfs.com/PTT/FinalLinks/HeartRockiesRegional.aspx","840631509_salida-hospital-district_standardcharges.csv","csv","spreadsheet","80941342","false"
"cc:9f8e89a4-593b-47da-8e8f-2c5b88dd29e0:69074c49-2e2b-4ba1-b6c1-49bb991894e4","cc:9f8e89a4-593b-47da-8e8f-2c5b88dd29e0","true","https://media.ecommunity.com/PricingTransparency/North_Campus_Surgery_Center.csv","https://www.ecommunity.com/central-pricing-office/list-of-standard-charges","North_Campus_Surgery_Center.csv","csv","spreadsheet","2335631016","false"
"cc:9f9b660c-362a-448f-a740-9226140ba831:e4a5af4b-0dbd-4da7-a307-0875706bd556","cc:9f9b660c-362a-448f-a740-9226140ba831","true","https://app.box.com/shared/static/9v87buwijbk9uy1c87e8h1gb93ce9z4d.csv","https://us.flow-prod.boomi.com/f2a4d421-8a52-4b09-8a4c-8476aae2d651/play/ptt?flow-id=a91f6d2f-a3ad-4257-9185-99463fe7c6a3&flow-version-id=691a537c-ea37-41a1-96ba-24e7272b0047&hospital-id=12","751328354-1306970439_Lynn_County_Hospital_standardcharges.csv","csv","spreadsheet","252318","false"
"cc:9fbb1416-464b-4dbb-8650-07afee1edca8:4a79a9ee-096b-4e9e-a8c8-fd847ec64b2d","cc:9fbb1416-464b-4dbb-8650-07afee1edca8","true","https://www.avera.org/app/files/public/39440a2e-2d60-4ac7-bf8d-2664d68da7ae/460226738_avera-st-benedicts-hospital_standardcharges.csv","https://www.avera.org/patients-visitors/price-transparency/","460226738_avera-st-benedicts-hospital_standardcharges.csv","csv","spreadsheet","4305267","false"
"cc:9fc48f58-f8c4-49a4-9172-82c342895a14:a8c9386d-f42b-4f45-a7f9-4455178693ef","cc:9fc48f58-f8c4-49a4-9172-82c342895a14","true","https://lompocvalleymedicalcenter.pg.revenuemasters.com/cdm-files/956001880_lompoc-valley-medical-center_standardcharges.csv","https://lompocvalleymedicalcenter.pg.revenuemasters.com/disclaimer?","956001880_lompoc-valley-medical-center_standardcharges.csv","csv","spreadsheet","5832931","false"
"cc:9fc616b2-d59f-4edb-9c2e-09a31e9375c2:e0eb71c4-350d-4ed7-a638-c2b345399121","cc:9fc616b2-d59f-4edb-9c2e-09a31e9375c2","true","https://www.adventisthealthcare.com/app/files/public/91919297-0df2-4ab4-b788-71160672291c/84-2670875_AdventistHealthCareFortWashingtonMedicalCenter_StandardCharges.csv","https://www.adventisthealthcare.com/patients-visitors/billing-financial/price-transparency","84-2670875_AdventistHealthCareFortWashingtonMedicalCenter_StandardCharges.csv","csv","spreadsheet","1519171","false"
"cc:9fd6d17e-fb95-452b-b20e-0c93bb20fc94:69eda534-ed03-4c41-a4ab-fc64d506a146","cc:9fd6d17e-fb95-452b-b20e-0c93bb20fc94","true","https://resources.selectmedical.com/Pricing-Transparency/critical-illness-recovery/43-1742017_Select_Specialty_Hospital-Canton_standardcharges.csv","https://www.selectspecialtyhospitals.com/patients-and-caregivers/admissions/price-transparency","43-1742017_Select_Specialty_Hospital-Canton_standardcharges.csv","csv","spreadsheet","120722845","false"
"cc:9fddd728-8341-4acd-9ec6-66f973936e95:e4778d88-9c36-48eb-9d7c-b82148e57f52","cc:9fddd728-8341-4acd-9ec6-66f973936e95","true","https://apps.para-hcfs.com/PTT/FinalLinks/Reports.aspx?dbName=dbAHCLCLEARLAKECA&type=CDMWithoutLabel&fileType=CSV","https://www.adventisthealth.org/patients-and-visitors/price-transparency","680395149_adventist-health-clearlake-hospital-inc_standardcharges.csv","csv","spreadsheet","95287589","false"
"cc:a0161c13-0682-4ac1-85f4-ac5f088d81a1:de1f67de-13d0-4154-bb2f-2689b9cdbafa","cc:a0161c13-0682-4ac1-85f4-ac5f088d81a1","true","https://sthpiprd.blob.core.windows.net/machine-readable-files/8291/750827446-1528064649_hendrick-medical-center_standardcharges.csv","https://www.hendrickhealth.org/patients-visitors/billing/price-transparency","750827446-1528064649_hendrick-medical-center_standardcharges.csv","csv","spreadsheet","135130848","false"
"cc:a01a64d8-68c7-492c-8eaa-ace508822bae:04a4bec6-d67a-4ccb-8759-362795b46993","cc:a01a64d8-68c7-492c-8eaa-ace508822bae","true","https://sthpiprd.blob.core.windows.net/machine-readable-files/8819/851941193-1184233785_hendrick-medical-center_standardcharges.csv","https://www.hendrickhealth.org/patients-visitors/billing/price-transparency","851941193-1184233785_hendrick-medical-center_standardcharges.csv","csv","spreadsheet","121658505","false"
"cc:a0353803-071d-4bcc-8f01-f990ced6d19f:31aabc66-70f2-44e5-ab8d-cac90919d283","cc:a0353803-071d-4bcc-8f01-f990ced6d19f","true","https://stronger.childrensnational.org/files/530196580_childrens-national-hospital_standardcharges.csv","https://www.childrensnational.org/plan-your-visit/insurance-and-billing/hospital-services-and-charges","530196580_childrens-national-hospital_standardcharges.csv","csv","spreadsheet","239617936","false"
"cc:a0e5a91a-ae74-4636-80dd-cb99664b3f84:0e070bb4-75d2-4cf7-9754-27caaa564902","cc:a0e5a91a-ae74-4636-80dd-cb99664b3f84","true","https://dam.upmc.com/-/media/upmc/locations/hospitals/documents/cdm-json-files/250523970_upmc-horizon_standardcharges.csv?la=en&rev=9e985e6272294673850e9afbe4a644d8&hash=FAF366492A4F42BA54C957FE0D135741","https://www.upmc.com/locations/hospitals/horizon/patients-visitors/cdm","250523970_upmc-horizon_standardcharges.csv","csv","spreadsheet","124970374","false"
"cc:a15460b6-1fb2-4b4a-a7c6-86605c31742b:6b781542-7ffc-4527-a836-bbeba12ebc74","cc:a15460b6-1fb2-4b4a-a7c6-86605c31742b","true","https://www.independence.health/documents/content/250965414_LatrobeAreaHospital_StandardCharges.csv","https://www.independence.health/patients-visitors/financial-services/price-transparency/","250965414_LatrobeAreaHospital_StandardCharges.csv","csv","spreadsheet","15599740","false"
"cc:a16d9db8-15ef-4afa-852d-c6b023ed7879:0e55c911-5e3c-409e-a320-eb7fcd590ce2","cc:a16d9db8-15ef-4afa-852d-c6b023ed7879","true","https://cdn.iuhealth.org/resources/351932442_indiana-university-health-north-hospital-inc._standardcharges.zip","https://iuhealth.org/schedule-an-appointment/price-estimates/standard-charge-listing","351932442_indiana-university-health-north-hospital-inc._standardcharges.zip","zip","unknown","67299193","false"
"cc:a17fc2de-3571-4007-9737-dff011aa432b:c42bd40d-c02b-45f7-9432-216ae848eb8f","cc:a17fc2de-3571-4007-9737-dff011aa432b","true","https://stctrprodsnsvc00455826e6.blob.core.windows.net/pt-final-posting-files/59-1764486_HCA-FLORIDA-LAWNWOOD-HOSPITAL_standardcharges.json?si=pt-json-access-policy&spr=https&sv=2024-11-04&sr=c&sig=o5IofreS%2F7ETlsnhPakPWCwHVVUZRobywQ5wUKGjVuQ%3D","https://www.hcafloridahealthcare.com/patient-resources/patient-financial-resources/pricing-transparency-cms-required-file-of-standard-charges","59-1764486_HCA-FLORIDA-LAWNWOOD-HOSPITAL_standardcharges.json","json","other","361680645","false"
"cc:a19bd8c8-c25d-4fb6-a1db-9e408125b835:5ecefd1b-ca7e-4830-a2fa-5ab923e5ed44","cc:a19bd8c8-c25d-4fb6-a1db-9e408125b835","true","https://mcorgstatic.blob.core.windows.net/cms-price/390813418_mayo-clinic-health-system-osseo_standardcharges.csv","https://www.mayoclinichealthsystem.org/for-patients-and-visitors/price-transparency","390813418_mayo-clinic-health-system-osseo_standardcharges.csv","csv","spreadsheet","3237843671","false"
"cc:a1b7e0cd-09b0-42de-8ae3-db8fc6570e5d:c3ad8af3-5383-4b52-9dd8-39976b4b4ed5","cc:a1b7e0cd-09b0-42de-8ae3-db8fc6570e5d","true","https://www.cityofhope.org/320197974_western-regional-medical-center-_standardcharges.json","https://www.cityofhope.org/patients/our-value-and-pricing/pricing-information","320197974_western-regional-medical-center-_standardcharges.json","json","other","487128110","false"
"cc:a1e0ecad-2bbf-4ec5-b286-7582c857ca68:3e2a2ad1-497c-4092-b07f-f394fd2dae51","cc:a1e0ecad-2bbf-4ec5-b286-7582c857ca68","true","https://resources.selectmedical.com/Pricing-Transparency/inpatient-rehabilitation/81-3115273_UF_Health_Rehab_Hospital_standardcharges.csv","https://rehabhospitals.ufhealth.org/patients-and-caregivers/admissions/price-transparency","81-3115273_UF_Health_Rehab_Hospital_standardcharges.csv","csv","spreadsheet","48919056","false"
"cc:a1ea5bcc-9602-4b35-826c-d99b33971d08:d4bafc78-e44f-4c2e-b5dc-1b8acdb6394f","cc:a1ea5bcc-9602-4b35-826c-d99b33971d08","true","https://www.wth.org/wp-content/uploads/standard-charges/82-5179383_DH_Standard_Charges.csv","https://www.wth.org/financial-assistance-billing/hospital-charges/","82-5179383_DH_Standard_Charges.csv","csv","spreadsheet","21338841","false"
"cc:a211de9c-0ad4-48b6-87aa-338d4f01476b:475034fe-858f-4317-ac97-31f2ad72880d","cc:a211de9c-0ad4-48b6-87aa-338d4f01476b","true","https://hgcastaner.com/pdf/660352014_Hospital-General-de-Castaner-Inc_standardcharges.csv","https://hgcastaner.com/ley-de-transparencia.html","660352014_Hospital-General-de-Castaner-Inc_standardcharges.csv","csv","spreadsheet","902047","false"
"cc:a24e6bb0-7cfe-412d-9b59-21e22c3229e9:315a3c02-30d6-436c-9187-45381d865a39","cc:a24e6bb0-7cfe-412d-9b59-21e22c3229e9","true","https://www.northeastrehab.com/wp-content/uploads/2026/06/02-0369797_northeast-rehabilitation-hospital_standardcharges_portsmouth.csv","https://www.northeastrehab.com/faqs/our-networks-standard-charges","02-0369797_northeast-rehabilitation-hospital_standardcharges_portsmouth.csv","csv","spreadsheet","8230764","false"
"cc:a26f0f5a-c008-4455-8758-18e18d48084c:c0026822-b2a3-4a85-8191-cc720faf676b","cc:a26f0f5a-c008-4455-8758-18e18d48084c","true","https://www.irwincntyhospital.com/fileadmin/Files/Irwin/2025_Transparency_Docs/chargemaster_082624.xlsm","https://www.irwincntyhospital.com/about/pricing-transparency-information","chargemaster_082624.xlsm","xlsm","spreadsheet","1471427","false"
"cc:a275c2cc-efa3-4ee5-bca1-3387a4bcfc2a:654b4cef-06cf-418f-9c65-8dfcc4de0488","cc:a275c2cc-efa3-4ee5-bca1-3387a4bcfc2a","true","https://asset-storage-prod.s3.us-east-1.amazonaws.com/patient-information/492931956_new-rochelle-hospital_standardcharges.csv","https://montefiorenewrochelle.org/patients-and-visitors/paying-for-your-care","492931956_new-rochelle-hospital_standardcharges.csv","csv","spreadsheet","299963990","false"
"cc:a27ffe0e-76ea-44e6-8d71-6efba481eb5f:997f70ed-7d52-4d52-86eb-5fa060c5d1b0","cc:a27ffe0e-76ea-44e6-8d71-6efba481eb5f","true","https://www.centrahealth.com/sites/default/files/2023-12/540566100_BedfordMemorialHospital_standardcharges.csv","https://www.centrahealth.com/price-transparency","540566100_BedfordMemorialHospital_standardcharges.csv","csv","spreadsheet","1966080","false"
"cc:a29536cc-fb29-4f28-bd5c-e7f1adbda4d7:a2658e98-1e3d-4d7c-b205-c0818bfb23ae","cc:a29536cc-fb29-4f28-bd5c-e7f1adbda4d7","true","https://memorialhermann.org/-/media/memorial-hermann/org/files/patients-and-visitors/cms-standard-hospital-charges/741152597_memorial-hermann-southwest-hospital_standardcharges.csv","https://memorialhermann.org/patients-visitors/patient-services/financial-care/financial-resources/cms-price-transparency-information","741152597_memorial-hermann-southwest-hospital_standardcharges.csv","csv","spreadsheet","33835531","false"
"cc:a2b1dea3-50b2-452f-b018-b79a2a416370:57e0219e-f745-48d5-aca3-22eef5c9f1c4","cc:a2b1dea3-50b2-452f-b018-b79a2a416370","true","https://apps.para-hcfs.com/PTT/FinalLinks/Reports.aspx?dbName=dbNMHPPOPLARMT&type=CDMWithoutLabel&fileType=CSV","https://apps.para-hcfs.com/PTT/FinalLinks/Northeast_Montana_V3.aspx","810226578_northeast-montana-health-services-inc_standardcharges.csv","csv","spreadsheet","8373966","false"
"cc:a2f1ee6f-3168-4241-b3fe-6fa3bc4b4ece:99416447-3cc3-412f-9d64-50f69f5c87a8","cc:a2f1ee6f-3168-4241-b3fe-6fa3bc4b4ece","true","https://ucihealth.org/pricetransparency/952226406_uci-health-fountain-valley_standardcharges.json","https://www.ucihealth.org/patients-and-visitors/financial-resources/price-transparency","952226406_uci-health-fountain-valley_standardcharges.json","json","other","67267538","false"
"cc:a31606a9-891c-480b-9d21-d34baa147396:f4be7ad6-56a5-4ba4-97e0-aad2895f4f29","cc:a31606a9-891c-480b-9d21-d34baa147396","true","https://www.medstarhealth.org/-/media/project/mho/medstar/billing-and-insurance/2026/521369749_1528061827_national_rehabilitation_hospital_inc_standardcharges.csv","https://www.medstarhealth.org/price-transparency-disclosures","521369749_1528061827_National_Rehabilitation_Hospital_Inc_standardcharges.csv","csv","spreadsheet","10229198","false"
"cc:a31739be-95f1-427d-b0f3-01c5e6c3bb0b:f4be7ad6-56a5-4ba4-97e0-aad2895f4f29","cc:a31739be-95f1-427d-b0f3-01c5e6c3bb0b","true","https://www.medstarhealth.org/-/media/project/mho/medstar/billing-and-insurance/2026/521369749_1528061827_national_rehabilitation_hospital_inc_standardcharges.csv","https://www.medstarhealth.org/price-transparency-disclosures","521369749_1528061827_National_Rehabilitation_Hospital_Inc_standardcharges.csv","csv","spreadsheet","10229198","false"
"cc:a3186dcd-39de-4bd4-a4ce-a2c94e08ef0b:6f1e9e46-29c0-466d-83d7-9275195a67a1","cc:a3186dcd-39de-4bd4-a4ce-a2c94e08ef0b","true","https://ucihealth.org/pricetransparency/952226406_uci-health-los-alamitos_standardcharges.json","https://www.ucihealth.org/patients-and-visitors/financial-resources/price-transparency","952226406_uci-health-los-alamitos_standardcharges.json","json","other","67073070","false"
"cc:a31b705c-f398-4c38-bb25-3168801de611:0b2ae460-f8d8-4c7d-bd0c-5a5070ca4788","cc:a31b705c-f398-4c38-bb25-3168801de611","true","https://www.wcch.com/documents/Charges/726008355_west-calcasieu-cameron-hospital_standardcharges.csv","https://www.wcch.com/patients-visitors/pricing-transparency-tool","726008355_west-calcasieu-cameron-hospital_standardcharges.csv","csv","spreadsheet","34931360","false"
"cc:a36a2569-0b7e-4d59-a5ce-a71d5b3397ec:f9b4d574-f1a8-4192-80fd-2e2eb879619e","cc:a36a2569-0b7e-4d59-a5ce-a71d5b3397ec","true","https://hospitalpricedisclosure.com/download.aspx?pi=6A9Tvh1Xp4FdNkBVhNfrkA*-*","https://hospitalpricedisclosure.com/default.aspx?ci=G*__*Z8NUFPd0POQzXwg*__*32OA*-*","586001307_john-d-archbold-memorial-hospital-inc-mitchell_standardcharges.json","json","other","6957509","false"
"cc:a382e8ba-9ff8-4877-84fd-1657a53d8a92:e3bfaa55-ab4d-4937-9cfd-de8b159bac5a","cc:a382e8ba-9ff8-4877-84fd-1657a53d8a92","true","https://www.medstarhealth.org/-/media/project/mho/medstar/billing-and-insurance/2026/521369749_1669549614_national_rehabilitation_hospital_inc_standardcharges.csv","https://www.medstarhealth.org/price-transparency-disclosures","521369749_1669549614_National_Rehabilitation_Hospital_Inc_standardcharges.csv","csv","spreadsheet","5016300","false"
"cc:a3f39395-114d-4274-bdbd-7f369fb66bf3:e0ef9565-fb97-4078-b230-cb33ec22ed27","cc:a3f39395-114d-4274-bdbd-7f369fb66bf3","true","https://apim.services.craneware.com/api-pricing-transparency/api/public/b233ca14577091a17c8b68abc579a25c/charges/mrf","https://www.centracare.com/patient-resources/estimates/pricing/","452438973_CentraCare-Health-System---Sauk-Centre_standardcharges.csv","csv","spreadsheet","12831112","false"
"cc:a42d4ebc-3814-4df9-8eea-7fde36d7ce46:fb0aed19-44de-4949-9f0b-1a0b4ed276ca","cc:a42d4ebc-3814-4df9-8eea-7fde36d7ce46","true","https://stctrprodsnsvc00455826e6.blob.core.windows.net/pt-final-posting-files/61-0947837_HCA-FLORIDA-BRANDON-HOSPITAL_standardcharges.json?si=pt-json-access-policy&spr=https&sv=2024-11-04&sr=c&sig=o5IofreS%2F7ETlsnhPakPWCwHVVUZRobywQ5wUKGjVuQ%3D","https://www.hcafloridahealthcare.com/patient-resources/patient-financial-resources/pricing-transparency-cms-required-file-of-standard-charges","61-0947837_HCA-FLORIDA-BRANDON-HOSPITAL_standardcharges.json","json","other","446925048","false"
"cc:a43f3966-d36f-41fd-bad9-3e0a20df474e:e3bfaa55-ab4d-4937-9cfd-de8b159bac5a","cc:a43f3966-d36f-41fd-bad9-3e0a20df474e","true","https://www.medstarhealth.org/-/media/project/mho/medstar/billing-and-insurance/2026/521369749_1669549614_national_rehabilitation_hospital_inc_standardcharges.csv","https://www.medstarhealth.org/price-transparency-disclosures","521369749_1669549614_National_Rehabilitation_Hospital_Inc_standardcharges.csv","csv","spreadsheet","5016300","false"
"cc:a48c6259-da4c-4e06-a09a-a23bb475cd2c:8df89c06-ec16-46d8-aa5a-6a682ff72cb1","cc:a48c6259-da4c-4e06-a09a-a23bb475cd2c","true","https://mrfs.hyvehealthcare.com/TenetHealth/760714523-1598744856_vhs-san-antonio-partners-llc_standardcharges.json","https://www.baptisthealthsystem.com/patients/pricing-info-estimates/hospital-pricing-information","760714523-1598744856_vhs-san-antonio-partners-llc_standardcharges.json","json","other","3297182","false"
"cc:a4d48d2b-96e4-4331-b5d3-4917de7ccd20:ec891eee-6534-4c2b-bb33-d91e0819a6ff","cc:a4d48d2b-96e4-4331-b5d3-4917de7ccd20","true","https://www.avera.org/app/files/public/e19f17eb-f168-4bb3-9c7f-d8503919d4c3/460369929_bowdle-healthcare-center_standardcharges.csv","https://www.avera.org/patients-visitors/price-transparency/","460369929_bowdle-healthcare-center_standardcharges.csv","csv","spreadsheet","2191699","false"
"cc:a535761d-8f05-4be2-a59c-59d52fa3115e:a4263014-1194-4562-a6fb-43f0d32b6ab1","cc:a535761d-8f05-4be2-a59c-59d52fa3115e","true","https://stctrprodsnsvc00455826e6.blob.core.windows.net/pt-final-posting-files/74-2730328_METHODIST-HOSPITAL_standardcharges.json?si=pt-json-access-policy&spr=https&sv=2024-11-04&sr=c&sig=o5IofreS%2F7ETlsnhPakPWCwHVVUZRobywQ5wUKGjVuQ%3D","https://www.sahealth.com/patient-resources/patient-financial-resources/pricing-transparency-cms-required-file-of-standard-charges","74-2730328_METHODIST-HOSPITAL_standardcharges.json","json","other","1311944481","false"
"cc:a576d9f8-4dec-4fcb-bfdd-d02a2663258a:21e5ee18-0d2c-4745-9e56-9e801d74406f","cc:a576d9f8-4dec-4fcb-bfdd-d02a2663258a","true","https://greatriver.pt.panaceainc.com/MRFDownload/greatriver/great-river-health","https://www.greatriverhealth.org/patients-visitors/billing-financial-services/price-transparency/","420680407_southeast-iowa-regional-medical-center-inc.csv","csv","spreadsheet","188775640","false"
"cc:a57a6691-ebdd-4438-91bc-7ba242b7029b:3f5f9c3d-334d-48c2-9c9b-cb45c773347d","cc:a57a6691-ebdd-4438-91bc-7ba242b7029b","true","https://www.tghnorth.org/-/media/files/tgh-north-files/93-3085834_tampa-general-hospital-crystal-river_standardcharges.csv?rev=27286936bd9f4061ba1fc0020af4fd39&hash=3E6AF7507886CB6B06DF627095C4D56B","https://www.tghnorth.org/patients-visitors/billing-insurance/pricing-information","93-3085834_tampa-general-hospital-crystal-river_standardcharges.csv","csv","spreadsheet","27370346","false"
"cc:a5c83b33-dbf6-4e49-a755-8911aab2f6ae:43876ee9-347b-4be5-b22c-ec17611b691e","cc:a5c83b33-dbf6-4e49-a755-8911aab2f6ae","true","https://bergen.pt.panaceainc.com/MRFDownload/bergen/bergen","https://www.newbridgehealth.org/patients-visitors/patient-financial-services/estimate-costs/","223240487_bergen-new-bridge_standardcharges.zip","zip","unknown","4957870","false"
"cc:a5f1fccf-c66f-4d82-8942-93437a541c4a:4533a15d-67b9-4052-b562-98e31f964d08","cc:a5f1fccf-c66f-4d82-8942-93437a541c4a","true","https://sthpiprd.blob.core.windows.net/machine-readable-files/7984/440665664_cass-regional-medical-center_standardcharges.csv","https://search.hospitalpriceindex.com/hpi2/machineReadable/CassRegionalMedicalCenter/7984","440665664_cass-regional-medical-center_standardcharges.csv","csv","spreadsheet","95159139","false"
"cc:a5f6d92d-a45d-4858-8457-dd5b8d13512e:131ea072-171c-4ced-971c-c857a7504edf","cc:a5f6d92d-a45d-4858-8457-dd5b8d13512e","true","https://apps.para-hcfs.com/PTT/FinalLinks/Reports.aspx?dbName=dbMajor&type=CDMWithoutLabel&fileType=CSV","https://apps.para-hcfs.com/PTT/FinalLinks/Major_V2.aspx","351118234_major-hospital_standardcharges.csv","csv","spreadsheet","19991398","false"
"cc:a5fa1216-9351-410a-aceb-160946b27f6b:cfd61bba-dfce-491f-8c2a-35c23744e1f4","cc:a5fa1216-9351-410a-aceb-160946b27f6b","true","https://resources.selectmedical.com/Pricing-Transparency/critical-illness-recovery/64-0859336_Select_Specialty_Hospital-Gulfcoast_standardcharges.csv","https://www.selectspecialtyhospitals.com/patients-and-caregivers/admissions/price-transparency","64-0859336_Select_Specialty_Hospital-Gulfcoast_standardcharges.csv","csv","spreadsheet","146051864","false"
"cc:a654bb8b-ff3c-4a05-b019-8342d3038958:10c6803b-473e-48d0-850e-81749649d9c0","cc:a654bb8b-ff3c-4a05-b019-8342d3038958","true","https://shelteringarmsinstitute.com/wp-content/uploads/2026/04/Price-Transparency-File-January-2026-SAI.csv","https://shelteringarmsinstitute.com/patients-and-visitors/fee-schedule","Price-Transparency-File-January-2026-SAI.csv","csv","spreadsheet","10896057","false"
"cc:a756df20-3d94-446d-940d-8bfe2ecc10c6:971906dd-d51c-4b9c-93a5-813974dcdaea","cc:a756df20-3d94-446d-940d-8bfe2ecc10c6","true","https://resources.selectmedical.com/Pricing-Transparency/critical-illness-recovery/26-4770769_Acuity_Hospital_of_New_Jersey_standardcharges.csv","https://www.selectspecialtyhospitals.com/patients-and-caregivers/admissions/price-transparency","26-4770769_Acuity_Hospital_of_New_Jersey_standardcharges.csv","csv","spreadsheet","61549672","false"
"cc:a78dc712-01ea-4bc9-a2a1-6fe692fbe79c:2f63c694-0fd3-4d3e-9a73-c2f461fbc0f2","cc:a78dc712-01ea-4bc9-a2a1-6fe692fbe79c","true","https://www.asante.org/app/files/public/361f9b00-187a-4091-ba37-1c3308bed5eb/AsanteRogueRegionalMedicalCenter_StandardCharges.zip","https://www.asante.org/patients-visitors/bill-pay/standard-charges/","AsanteRogueRegionalMedicalCenter_StandardCharges.zip","zip","unknown","273078593","false"
"cc:a7ae67b3-0e3c-4c25-ab9a-a39039ce37ea:14989afa-50a0-4892-aa9d-ac5b575ca32c","cc:a7ae67b3-0e3c-4c25-ab9a-a39039ce37ea","true","https://www.geisinger.org/-/media/onegeisinger/pdfs/ghs/patient-care/patients-and-visitors/billing-and-insurance/hosp-charges-csv/24-0862246_geisinger-community-medical-center_standardcharges.csv?sc_lang=en&hash=E4F781CD9E395FE11B03FF5D53B40D32","https://www.geisinger.org/patient-care/patients-and-visitors/billing-and-insurance/tools-to-use/shop-services-and-view-hospital-charge-lists","24-0862246_Geisinger-Community-Medical-Center_standardcharges.csv","csv","spreadsheet","221203877","false"
"cc:a7c9ce0d-7f1a-44a8-b67c-7ce2423ac3ee:93e19b50-59ec-4541-af6d-69aa5bb021be","cc:a7c9ce0d-7f1a-44a8-b67c-7ce2423ac3ee","true","https://app.box.com/shared/static/014qldrhzg4gzylftskt3wtnjfulb9id.csv","https://linkprotect.cudasvc.com/url?a=https%3a%2f%2fus.flow-prod.boomi.com%2ff2a4d421-8a52-4b09-8a4c-8476aae2d651%2fplay%2fptt%3fflow-id%3da91f6d2f-a3ad-4257-9185-99463fe7c6a3%26flow-version-id%3d1c1ee65c-1ada-473e-bde2-3aa7100683ac%26hospital-id%3d109&c=E,1,o_i-7c4MQBHCKaOuhblwl_uYFTv1YYxOuZ8z1NWl4NPerom3yBm0nOj9pz2qcv2iBTnzt9JacsYxiZ2OV2_Pc9wVIDlgpZ3QVUY1UbQ1&typo=1","273026151-1326349986_Llano_Regional_Hospital_standardcharges.csv","csv","spreadsheet","2603792","false"
"cc:a7d7bdba-477e-42f4-808a-0684672d9f10:f12469cc-3619-4361-b152-15815b9c72f5","cc:a7d7bdba-477e-42f4-808a-0684672d9f10","true","https://www.avera.org/app/files/public/14ca39ed-760e-484f-8e7e-19bb3f14df01/460225483_avera-sacred-heart-hospital_standardcharges.csv","https://www.avera.org/patients-visitors/price-transparency/","460225483_avera-sacred-heart-hospital_standardcharges.csv","csv","spreadsheet","3881703","false"
"cc:a82a8c2f-451b-4028-92c2-a2e933979d35:cd57c032-1743-4e0c-b020-dca51a60750f","cc:a82a8c2f-451b-4028-92c2-a2e933979d35","true","https://apps.para-hcfs.com/PTT/FinalLinks/Reports.aspx?dbName=dbHCMCHANFORDCA&type=CDMWithoutLabel&fileType=CSV","https://www.adventisthealth.org/patients-and-visitors/price-transparency/","940535360_hanford-community-hospital_standardcharges.csv","csv","spreadsheet","686446547","false"
"cc:a841fee5-a8a9-490c-be78-4534a0d4598c:bfe2116f-0bfc-47a4-a845-2ca32034aa07","cc:a841fee5-a8a9-490c-be78-4534a0d4598c","true","https://s3.amazonaws.com/ycubaa-production-marlin-1-charge-management-public/facilities/2ece4713-3f71-47d0-8ee5-6c4585b6cdc9/660561027_SERVICIOS-MEDICOS-UNIVERSITARIOS_standardcharges.zip","https://www.yourcareeverywhere.com/content/medhost/your-care-everywhere/pricing-estimator-page.html?facility_id=2ece4713-3f71-47d0-8ee5-6c4585b6cdc9","660561027_SERVICIOS-MEDICOS-UNIVERSITARIOS_standardcharges.zip","zip","unknown","25950384","false"
"cc:a869a995-cf3b-4934-8202-aaed80ff414a:5cb1a1d1-72c3-4807-8719-70dca6f65179","cc:a869a995-cf3b-4934-8202-aaed80ff414a","true","https://www.ovsurgical.com/documents/205882991_Ohio-Valley-Medical-Center_standardcharges.csv","https://www.ovsurgical.com/patients-visitors/price-transparency","205882991_Ohio-Valley-Medical-Center_standardcharges.csv","csv","spreadsheet","40581585","false"
"cc:a88263c9-4f7a-465e-80b7-887730cf7ddc:bf5e4c7c-de65-4e95-9bcd-955e32408864","cc:a88263c9-4f7a-465e-80b7-887730cf7ddc","true","https://www.cottagehealth.org/app/files/public/df13ef04-e541-49f0-9c44-c07617438867/952224265_SantaYnezCottageHospital_standardcharges.csv","https://www.cottagehealth.org/billing/cost-of-care-estimates/","952224265_SantaYnezCottageHospital_standardcharges.csv","csv","spreadsheet","454490474","false"
"cc:a89454a1-444f-4a6a-b5fc-248bd256d574:95e4ec94-a6cc-4baa-a082-516f63548241","cc:a89454a1-444f-4a6a-b5fc-248bd256d574","true","https://stctrprodsnsvc00455826e6.blob.core.windows.net/pt-final-posting-files/05-0631189_HCA-HOUSTON-HEALTHCARE-PEARLAND_standardcharges.json?si=pt-json-access-policy&spr=https&sv=2024-11-04&sr=c&sig=o5IofreS%2F7ETlsnhPakPWCwHVVUZRobywQ5wUKGjVuQ%3D","https://www.hcahoustonhealthcare.com/patient-resources/patient-financial-resources/pricing-transparency-cms-required-file-of-standard-charges","05-0631189_HCA-HOUSTON-HEALTHCARE-PEARLAND_standardcharges.json","json","other","568944393","false"
"cc:a8994ff6-673a-4ff1-a5ab-697a1222c1cd:df2ada3f-265e-406a-aa38-858fa0be317e","cc:a8994ff6-673a-4ff1-a5ab-697a1222c1cd","true","https://media.ecommunity.com/PricingTransparency/Community_Hospital_East.csv","https://www.ecommunity.com/central-pricing-office/list-of-standard-charges","Community_Hospital_East.csv","csv","spreadsheet","7796524940","false"
"cc:a89f8b4c-a4fc-462a-86e8-2dd09507b73f:078a4ed9-f7db-4792-8e7a-55a37353aff4","cc:a89f8b4c-a4fc-462a-86e8-2dd09507b73f","true","https://media.ecommunity.com/PricingTransparency/South_Campus_Surgery_Center.csv","https://www.ecommunity.com/central-pricing-office/list-of-standard-charges","South_Campus_Surgery_Center.csv","csv","spreadsheet","1944006740","false"
"cc:a8bb90e8-4021-4342-8873-5e5ba1fb42ff:b8c41f11-6a06-49af-aae7-6f53467cbcdd","cc:a8bb90e8-4021-4342-8873-5e5ba1fb42ff","true","https://ahssmc.org/wp-content/uploads/2025/11/932380612_ahs-sherman-llc_standardcharges.csv","https://ahssmc.org/price-transparency/","932380612_ahs-sherman-llc_standardcharges.csv","csv","spreadsheet","7987363","false"
"cc:a8ca7a9c-070c-412c-bd2c-9d671db65fae:2c3d7f1d-8da5-42ea-aa0c-8bb2b7a25301","cc:a8ca7a9c-070c-412c-bd2c-9d671db65fae","true","https://oklahomaspine.com/wp-content/uploads/731538478_Oklahoma-Spine-Hospital-LLC_standardcharges.csv","https://oklahomaspine.com/price-transparency","731538478_Oklahoma-Spine-Hospital-LLC_standardcharges.csv","csv","spreadsheet","33972656","false"
"cc:a8d52c41-0544-4d5c-9d77-0123b6ec9cb8:9e15b8eb-de34-4641-9a26-aee41e6a76d7","cc:a8d52c41-0544-4d5c-9d77-0123b6ec9cb8","true","https://prismahealth.org/getmedia/00c3c12a-98d3-42af-8ef5-e7cb2df53d12/582296052_prisma-health-richland-hospital_standardcharges.zip","https://prismahealth.org/patients-and-guests/billing-and-insurance/price-transparency","582296052_prisma-health-richland-hospital_standardcharges.zip","zip","unknown","15940229","false"
"cc:a937a945-3481-4807-aa28-d8db95adedb1:511d6997-2266-40ea-b2a9-2cfa429c016b","cc:a937a945-3481-4807-aa28-d8db95adedb1","true","https://mrfs.hyvehealthcare.com/RWJBarnabasHealth/210634572_robert-wood-johnson-university-hospital-hamilton_standardcharges.json","https://www.rwjbh.org/rwj-university-hospital-hamilton/billing/charges","210634572_robert-wood-johnson-university-hospital-hamilton_standardcharges.json","json","other","310562536","false"
"cc:a9488ed1-7b22-4b6d-9e05-916ca411a220:741738c8-5967-4180-8762-c3eb4abb4913","cc:a9488ed1-7b22-4b6d-9e05-916ca411a220","true","https://gardengrovehospital.com/wp-content/uploads/2026/04/262583411_GardenGroveHospitalMedicalCenter_standardcharges.JSON","https://gardengrovehospital.com/price-transparency","262583411_GardenGroveHospitalMedicalCenter_standardcharges.JSON","json","other","30355423","false"
"cc:a960814a-3f97-414e-bf68-d6943fbf93cf:41e595ec-d0ab-4433-b542-1027028fd6d5","cc:a960814a-3f97-414e-bf68-d6943fbf93cf","true","https://images.pricetransparency.healthcare/public-mrfs/banner/900220728_banner-gateway-medical-center_standardcharges.csv","https://www.bannerhealth.com/patients/billing/pricing-resources/hospital-price-transparency","900220728_banner-gateway-medical-center_standardcharges.csv","csv","spreadsheet","127432401","false"
"cc:a9616427-ffd7-432f-89b9-896aff3e2963:67a49fb4-98c6-4304-b61e-8db8d58c82e7","cc:a9616427-ffd7-432f-89b9-896aff3e2963","true","https://stctrprodsnsvc00455826e6.blob.core.windows.net/pt-final-posting-files/62-1768106_HCA-Healthcare-Trident-Hospital_standardcharges.json?si=pt-json-access-policy&spr=https&sv=2024-11-04&sr=c&sig=o5IofreS%2F7ETlsnhPakPWCwHVVUZRobywQ5wUKGjVuQ%3D","https://www.tridenthealthsystem.com/patient-resources/patient-financial-resources/pricing-transparency-cms-required-file-of-standard-charges","62-1768106_HCA-Healthcare-Trident-Hospital_standardcharges.json","json","other","402489312","false"
"cc:a96178ca-16b7-4b7c-8865-0ca4448d5284:69d6b252-609a-435d-99cd-8a47f182668b","cc:a96178ca-16b7-4b7c-8865-0ca4448d5284","true","https://www.prohealthcare.org/app/files/public/013687fb-5b2f-4e12-aba2-f7b1c99d931b/39-0794174_ProHealth_Care_Oconomowoc_Hospital_StandardCharges.csv","https://www.prohealthcare.org/patients-families/cost-of-care","39-0794174_ProHealth_Care_Oconomowoc_Hospital_StandardCharges.csv","csv","spreadsheet","148634879","false"
"cc:a97aa3df-1d74-4f08-b32b-94198417e4a5:153197ec-29dc-4f6c-8b20-34151905ab88","cc:a97aa3df-1d74-4f08-b32b-94198417e4a5","true","https://cdn.accureg.net/trans/smrmc/640468873_Southwest-Mississippi-Regional-Medical-Center_standardcharges.csv","https://pricetransparency.accureg.net/southwestms","640468873_Southwest-Mississippi-Regional-Medical-Center_standardcharges.csv","csv","spreadsheet","31622281","false"
"cc:a981c05b-d2bf-490c-996c-b4b71d09eaf9:c41578aa-45a1-468f-b72e-f46688f5ecad","cc:a981c05b-d2bf-490c-996c-b4b71d09eaf9","true","https://mrfs.hyvehealthcare.com/RWJBarnabasHealth/223601678_trinitas-regional-medical-center_standardcharges.json","https://www.rwjbh.org/trinitas-regional-medical-center/billing/charges/","223601678_trinitas-regional-medical-center_standardcharges.json","json","other","218457793","false"
"cc:a9ee1668-73d1-481a-869d-5a2b7c2f7fbe:68a4dfeb-7945-4307-9692-acd66a2af301","cc:a9ee1668-73d1-481a-869d-5a2b7c2f7fbe","true","https://intensivespecialty.com/wp-content/uploads/2026/04/83-4071258_ShreveportCampus_IntensiveSpecialtyHospital_Standardcharges.csv","https://intensivespecialty.com/price-transparency","83-4071258_ShreveportCampus_IntensiveSpecialtyHospital_Standardcharges.csv","csv","spreadsheet","1946465","false"
"cc:aa25bc7d-1972-405c-9b73-b734422c714b:4e53f53b-3f80-4e06-a19e-0cd8412dd9ff","cc:aa25bc7d-1972-405c-9b73-b734422c714b","true","https://totallykids.com/wp-content/uploads/2025/03/Machine-Readable-CSV.csv","https://totallykids.com/legal-and-notices/price-transparency/","Machine-Readable-CSV.csv","csv","spreadsheet","16665","false"
"cc:aa309a28-6724-4c2d-a24e-0986994ab717:4082330b-b387-4ea7-9532-a7b3944d1a4a","cc:aa309a28-6724-4c2d-a24e-0986994ab717","true","https://cdn.accureg.net/trans/roane/550484469_Hospital-Development-Co_standardcharges.csv","https://link.edgepilot.com/s/4501bbc3/_9wSsOrQ5E2Oyd4eCur2Uw?u=https://pricetransparency.accureg.net/roane","550484469_Hospital-Development-Co_standardcharges.csv","csv","spreadsheet","8078688","false"
"cc:aa4c7e89-8352-4001-9ea1-02b76126d645:d49ae6ad-6103-4ab3-b7e2-208348592a78","cc:aa4c7e89-8352-4001-9ea1-02b76126d645","true","https://commonwealthhealth.net//wp-content/uploads/sheets/274564798_regional-hospital-of-scranton_standardcharges.csv","https://commonwealthhealth.net/pricing-information","452672023_moses-taylor-hospital_standardcharges.csv","csv","spreadsheet","145466405","false"
"cc:aaab8e52-3c19-4c24-85ab-5317a7f88a7e:f8b9117a-f633-4d08-b8d4-9d644b7af6ea","cc:aaab8e52-3c19-4c24-85ab-5317a7f88a7e","true","https://hospitalpricedisclosure.com/default.aspx?pi=0KQ*__*myUH*_*YaVyzqfBdtHPg*-*","https://reunionrehabhospital.com/billing-information","834704765_denver-rehabilitation-hospital,-llc_standardcharges.csv","csv","spreadsheet","1425288","false"
"cc:aaaeb0b2-d176-4d92-83bb-d54ac9cc63a5:f8556554-aff2-4c03-9107-ceea1ad8143c","cc:aaaeb0b2-d176-4d92-83bb-d54ac9cc63a5","true","https://sierraview.pt.panaceainc.com/MRFDownload/sierraview/medicalcenter","https://www.sierra-view.com/patients-visitors/price-transparency-and-charge-master/","941397461_sierra-view-local-health-care-district_standardcharges.csv","csv","spreadsheet","103213229","false"
"cc:aac539a5-db8a-4150-bb40-230a3fdf6775:f1ae8d72-dad5-433d-a176-a792086a23f7","cc:aac539a5-db8a-4150-bb40-230a3fdf6775","true","https://www.karmanos.org/Uploads/Public/Documents/corporate/ChargeMasterFile/2026/38-1613280_KarmanosCancerInstitute_standardcharges.csv","https://www.karmanos.org/karmanos/mclaren-charge-master-files","38-1613280_KarmanosCancerInstitute_standardcharges.csv","csv","spreadsheet","49992528","false"
"cc:aad8a3d0-7124-4236-8849-ae1cb29807b0:23aa7c2e-a338-4b7d-8a78-f617e17d22d5","cc:aad8a3d0-7124-4236-8849-ae1cb29807b0","true","https://www.vistahospitals.com/s/Vista-Specialty-Hospital-West-Monroe_Standard-Charges.csv","https://www.vistahospitals.com/pricing-transparency","Vista+Specialty+Hospital+West+Monroe_Standard+Charges.csv","csv","spreadsheet","1159862","false"
"cc:aadc680f-48ed-4ef0-a7a1-ff11ce7eff4b:01ec9fad-d624-4882-8a21-cdd00e68a94c","cc:aadc680f-48ed-4ef0-a7a1-ff11ce7eff4b","true","https://apps.para-hcfs.com/PTT/FinalLinks/Reports.aspx?dbName=dbElCentro&type=CDMWithoutLabel&fileType=CSV","https://apps.para-hcfs.com/PTT/FinalLinks/ElCentro_V2.aspx","951915820_el-centro-regional-medical-center_standardcharges.csv","csv","spreadsheet","56056377","false"
"cc:aaf8386f-fd35-4567-b524-a266fd88ac85:af3d2336-fb5d-49d9-80d1-5bfdd69cc39e","cc:aaf8386f-fd35-4567-b524-a266fd88ac85","true","https://hospitalpricedisclosure.com/download.aspx?pi=NZqVlXSAun5*_*Y59vJ8UnCA*-*","https://hospitalpricedisclosure.com/default.aspx?ci=G*__*Z8NUFPd0POQzXwg*__*32OA*-*","580566121_john-d-archbold-memorial-hospital-inc_standardcharges.json","json","other","12883360","false"
"cc:ab09024e-3530-456c-9986-1c7f25abd8f5:c4c7846b-8afd-412c-96b0-2772587cf016","cc:ab09024e-3530-456c-9986-1c7f25abd8f5","true","https://www.benefis.org/app/files/public/ecc68e09-9516-4e98-9c6a-e892ac1d14f0/810232122_BenefisHospitalsInc_standardcharges.csv","https://www.benefis.org/patients-visitors/billing-financial-assistance/price-transparency/","810232122_BenefisHospitalsInc_standardcharges.csv","csv","spreadsheet","598317827","false"
"cc:ab121e0a-1649-4516-905e-cf98688de393:1bd2d809-26d5-4eba-87c0-0cd98cfb4587","cc:ab121e0a-1649-4516-905e-cf98688de393","true","https://hospitalpricedisclosure.com/download.aspx?pi=R*__*SxOuSCwCrcUCJQhmi*_*5A*-*&f=p22CpYLrWLxCnt4HoK7iZA*-*","https://www.orlandohealth.com/patients-and-visitors/patient-financial-resources/financial-information-prior-to-care/pricing-transparency-guide","800764192_orlando-health-central,-inc._standardcharges.json","json","other","69500918","false"
"cc:ab1a4a19-4455-4a7d-8f69-45e0fc828a75:1799a6e7-038a-44c1-808e-8c91bc8754a6","cc:ab1a4a19-4455-4a7d-8f69-45e0fc828a75","true","https://sthpiprd.blob.core.windows.net/machine-readable-files/7856/951945832_valley-presbyterian-hospital_standardcharges.csv","https://search.hospitalpriceindex.com/hpi2/machineReadable/ValleyPresbyterianHospital/7856","951945832_valley-presbyterian-hospital_standardcharges.csv","csv","spreadsheet","411347784","false"
"cc:ab4bd0dd-c4f1-422d-a9b9-ee4fcdab1104:156cbe1e-4432-4602-a010-6968293cd333","cc:ab4bd0dd-c4f1-422d-a9b9-ee4fcdab1104","true","https://cueroregionalhospital.slicedhealth.io/home","https://www.cueroregionalhospital.org/patient-and-visitors/price-transparency","746075588_cuero-regional-hospital_standardcharges.csv","csv","spreadsheet","10660400","false"
"cc:ab543c6f-e220-4314-9333-c23c3a6d9554:2f266364-f414-4841-afb9-8655a6c2b51e","cc:ab543c6f-e220-4314-9333-c23c3a6d9554","true","https://www.northwesthealth.com/Uploads/Public/Documents/charge-masters/charge-masters-2024/205896848_northwest-medical-center-bentonville_standardcharges.csv","https://www.northwesthealth.com/pricing-information","205896848_northwest-medical-center-bentonville_standardcharges.csv","csv","spreadsheet","125088807","false"
"cc:ab7ce9ef-07fd-4682-bcae-d0694424d241:ab352730-de45-4bc9-823a-cf1fa4117f10","cc:ab7ce9ef-07fd-4682-bcae-d0694424d241","true","https://resources.selectmedical.com/Pricing-Transparency/critical-illness-recovery/38-3345654_Select_Specialty_Hospital-Macomb_standardcharges.csv","https://www.selectspecialtyhospitals.com/patients-and-caregivers/admissions/price-transparency","38-3345654_Select_Specialty_Hospital-Macomb_standardcharges.csv","csv","spreadsheet","93580441","false"
"cc:ab817984-dcb0-4900-b63a-75c54cf55edc:9ce0f814-00ed-4bf8-8872-09bcad3b50d9","cc:ab817984-dcb0-4900-b63a-75c54cf55edc","true","https://stctrprodsnsvc00455826e6.blob.core.windows.net/pt-final-posting-files/62-1091430_HCA-FLORIDA-CAPITAL-HOSPITAL_standardcharges.json?si=pt-json-access-policy&spr=https&sv=2024-11-04&sr=c&sig=o5IofreS%2F7ETlsnhPakPWCwHVVUZRobywQ5wUKGjVuQ%3D","https://www.hcafloridahealthcare.com/patient-resources/patient-financial-resources/pricing-transparency-cms-required-file-of-standard-charges","62-1091430_HCA-FLORIDA-CAPITAL-HOSPITAL_standardcharges.json","json","other","401912236","false"
"cc:abb08893-07eb-4e17-bfdf-d25c5ffa560f:2784050a-f040-4483-a3d0-0a5f06eca7f7","cc:abb08893-07eb-4e17-bfdf-d25c5ffa560f","true","https://resources.selectmedical.com/Pricing-Transparency/inpatient-rehabilitation/20-2971876_West_Gables_Rehabilitation_Hospital_standardcharges.csv","https://www.westgablesrehabhospital.com/patients-and-caregivers/admissions/price-transparency","20-2971876_West_Gables_Rehabilitation_Hospital_standardcharges.csv","csv","spreadsheet","86357889","false"
"cc:abca839f-abf8-4cc0-9770-b659a433ad22:fc1d5f11-42d8-4429-b420-31a818ba6907","cc:abca839f-abf8-4cc0-9770-b659a433ad22","true","https://www.massgeneralbrigham.org/content/dam/mgb-global/en/price-transparency/042697981_McLean-Hospital_StandardCharges.zip","https://www.mcleanhospital.org/patients-families/billing-financial-assistance","042697981_McLean-Hospital_StandardCharges.zip","zip","unknown","20896","false"
"cc:abe0e7d9-c5cd-49e6-a78c-90b6c59656d5:a028ce64-5f4d-4291-8e29-7a80f7a5632c","cc:abe0e7d9-c5cd-49e6-a78c-90b6c59656d5","true","https://www.medstarhealth.org/-/media/project/mho/medstar/billing-and-insurance/2026/521369749_1326897398_national_rehabilitation_hospital_inc_standardcharges.csv","https://www.medstarhealth.org/price-transparency-disclosures","521369749_1326897398_National_Rehabilitation_Hospital_Inc_standardcharges.csv","csv","spreadsheet","244651","false"
"cc:abec2099-5892-4d75-869f-711629bd1727:edead104-f9ad-44d3-9689-a8d7db52b73d","cc:abec2099-5892-4d75-869f-711629bd1727","true","https://www.medstarhealth.org/-/media/project/mho/medstar/billing-and-insurance/2026/521369749_1023903622_national_rehabilitation_hospital_inc_standardcharges.csv","https://www.medstarhealth.org/price-transparency-disclosures","521369749_1023903622_National_Rehabilitation_Hospital_Inc_standardcharges.csv","csv","spreadsheet","676031","false"
"cc:ac258ba1-5a9a-4f2e-9685-398d78983af3:4b283168-34c4-4b10-a613-dcc1ac85dd1c","cc:ac258ba1-5a9a-4f2e-9685-398d78983af3","true","https://www.cityofhope.org/951683875_city-of-hope-national-medical-center-_standardcharges.json","https://www.cityofhope.org/patients/our-value-and-pricing/pricing-information","951683875_city-of-hope-national-medical-center-_standardcharges.json","json","other","696067822","false"
"cc:ac3a29fc-8d12-4557-bac4-9632f9054cd0:488cdf80-1db7-4f1b-b046-20e965410099","cc:ac3a29fc-8d12-4557-bac4-9632f9054cd0","true","https://edge.sitecorecloud.io/sutterhealt962c-sutterhealt8fce-production57cc-4860/media/Project/SutterHealth/SutterHealth/Files/billing-insurance/costs-and-charges/940562680-1063812907_eden-medical-center_standardcharges.csv","https://www.sutterhealth.org/billing-insurance/costs-and-charges/cost-transparency","940562680-1063812907_eden-medical-center_standardcharges.csv","csv","spreadsheet","18037863","false"
"cc:ac9a5065-5440-4303-8f73-00e75f6f9b4c:9e3e40c4-f399-461e-bfdc-56979cbdc487","cc:ac9a5065-5440-4303-8f73-00e75f6f9b4c","true","https://stctrprodsnsvc00455826e6.blob.core.windows.net/pt-final-posting-files/59-1525468_HCA-FLORIDA-WEST-HOSPITAL_standardcharges.json?si=pt-json-access-policy&spr=https&sv=2024-11-04&sr=c&sig=o5IofreS%2F7ETlsnhPakPWCwHVVUZRobywQ5wUKGjVuQ%3D","https://www.hcafloridahealthcare.com/patient-resources/patient-financial-resources/pricing-transparency-cms-required-file-of-standard-charges","59-1525468_HCA-FLORIDA-WEST-HOSPITAL_standardcharges.json","json","other","435748293","false"
"cc:acaf0dcf-324a-4afd-b678-ad726b1f3be8:31af1473-d274-47c9-b5b6-1a4f71d57dd1","cc:acaf0dcf-324a-4afd-b678-ad726b1f3be8","true","https://sthpiprd.blob.core.windows.net/machine-readable-files/12617/752559845_shannon-river-crest-hospital_standardcharges.csv","https://search.hospitalpriceindex.com/hpi2/machineReadable/ShannonHealthRiverCrest/12617","752559845_shannon-river-crest-hospital_standardcharges.csv","csv","spreadsheet","495658817","false"
"cc:ad098c9d-c06f-4303-a0b1-c54b20484f21:bbb9c5b5-c635-43c2-b837-cff28a8f6271","cc:ad098c9d-c06f-4303-a0b1-c54b20484f21","true","https://mercymedcenter.com/wp-content/uploads/2026/04/992367318_MercyMedicalCenter_standardcharges.JSON","https://mercymedcenter.com/price-transparency","992367318_MercyMedicalCenter_standardcharges.JSON","json","other","56414162","false"
"cc:ad1d8b6f-b500-48d4-8c8e-2a5722a5bbe8:42d8f5b5-15ed-45da-b525-3b4a13c76ab3","cc:ad1d8b6f-b500-48d4-8c8e-2a5722a5bbe8","true","https://seymourhospital.slicedhealth.io/pricer/75-2299922-1194893263_SeymourHospital_standardcharges.CSV","https://seymourhospital.slicedhealth.io/home","752299922_seymour-hospital_standardcharges.csv","csv","spreadsheet","11996491","false"
"cc:ad634bce-ffb3-4404-9fb4-a9629abe9816:32c5b081-87e1-4bae-993b-29c00f375906","cc:ad634bce-ffb3-4404-9fb4-a9629abe9816","true","https://hospitalpricedisclosure.com/Download.aspx?pxi=y*_*vsOUlttySnnr*__*x*_*M3JAQ*-*&f=zQE8Q8LGgK4WiLoSWXcFLg*-*","https://www.cincinnati-rehabhospital.com/price-transparency","863147414_cincinnati-rehabilitation-hospital,-llc_standardcharges.csv","csv","spreadsheet","3518287","false"
"cc:ad92e014-b56c-4202-9eb0-bb8f52dfcc6f:c1999959-3a3a-4788-9949-135259c1229d","cc:ad92e014-b56c-4202-9eb0-bb8f52dfcc6f","true","https://stctrprodsnsvc00455826e6.blob.core.windows.net/pt-final-posting-files/74-2781812_ST.-DAVID'S-ROUND-ROCK-MEDICAL-CENTER_standardcharges.json?si=pt-json-access-policy&spr=https&sv=2024-11-04&sr=c&sig=o5IofreS%2F7ETlsnhPakPWCwHVVUZRobywQ5wUKGjVuQ%3D","https://stdavids.com/about/legal/pricing-transparency-cms-required-file-of-standard-charges.dot","74-2781812_ST.-DAVID'S-ROUND-ROCK-MEDICAL-CENTER_standardcharges.json","json","other","918062098","false"
"cc:ada9be77-df87-4afa-a650-5841c4bf20bc:f83831aa-6550-4750-a895-c975c7533b2e","cc:ada9be77-df87-4afa-a650-5841c4bf20bc","true","https://madisonparish.pg.quadax.revenuemasters.com/cdm-files/720985610_madison-parish-hospital_standardcharges.csv","https://madisonparish.pg.quadax.revenuemasters.com/disclaimer?","720985610_madison-parish-hospital_standardcharges.csv","csv","spreadsheet","5134001","false"
"cc:adcc25fa-334f-49fc-8dcc-7c6651bc8263:2c46638d-3788-42f7-b05e-8d42ebb5a1ac","cc:adcc25fa-334f-49fc-8dcc-7c6651bc8263","true","https://www.uwmedicine.org/sites/stevie/files/mrf/916001537_university-of-washington-medical-center_standardcharges.json","https://www.uwmedicine.org/patient-resources/billing-and-insurance/price-transparency","916001537_university-of-washington-medical-center_standardcharges.json","json","other","77795301","false"
"cc:add100d4-6ae6-490d-b1ef-dc19428a19d6:e3157fb8-dca1-491e-9c84-405af7391aad","cc:add100d4-6ae6-490d-b1ef-dc19428a19d6","true","https://www.franklinhospital.net/docs/Franklin-Hospital-District_StandardCharges.csv","https://www.franklinhospital.net/getpage.php?name=Hospital_Charges","Franklin-Hospital-District_StandardCharges.csv","csv","spreadsheet","82781180","false"
"cc:add5a5c8-cbec-496a-96ce-2b9820e6cab7:3ab1741b-e919-465e-8459-744477823888","cc:add5a5c8-cbec-496a-96ce-2b9820e6cab7","true","https://resources.selectmedical.com/pricing-transparency/inpatient-rehabilitation/83-1728077_Northshore_Rehabilitation_Hospital_standardcharges.csv","https://www.northshore-rehab.com/patients-and-caregivers/admissions/price-transparency/","83-1728077_Northshore_Rehabilitation_Hospital_standardcharges.csv","csv","spreadsheet","23412714","false"
"cc:ade54320-3ff2-4972-b40c-3b003d1b6de6:70ba728a-11a4-49c9-bdf5-2186ba090f31","cc:ade54320-3ff2-4972-b40c-3b003d1b6de6","true","https://www.massgeneralbrigham.org/content/dam/mgb-global/en/price-transparency/043399616_Salem-Hospital_StandardCharges.zip","https://salem.massgeneralbrigham.org/patients_and_visitors/hospital_charge_data","043399616_Salem-Hospital_StandardCharges.zip","zip","unknown","946050","false"
"cc:ae236775-4175-4178-bfce-7ef9ad01813e:c7065731-a250-495a-9b04-10096431e695","cc:ae236775-4175-4178-bfce-7ef9ad01813e","true","https://hospitalpricetransparencyfiles.com/seminole-hospital-district/751362671_Seminole-Hospital-District_standardcharges.csv","https://www.ezcost.info/seminole-hospital-district","751362671_Seminole-Hospital-District_standardcharges.csv","csv","spreadsheet","2381914","false"
"cc:ae2f0d14-e467-461b-8a52-7415912af0ad:597b9baa-dc81-49ed-b378-eb59d225bb4a","cc:ae2f0d14-e467-461b-8a52-7415912af0ad","true","https://eforms.moffitt.org/Moffittcancercenter_standardcharges/593238634_H.-Lee-Moffitt-Cancer-Center-and-Research-Institute-Hospital,-Inc._standardcharges.csv","https://www.moffitt.org/patient-family/insurance-financial-information/obtain-a-cost-estimate/","593238634_H.-Lee-Moffitt-Cancer-Center-and-Research-Institute-Hospital,-Inc._standardcharges.csv","csv","spreadsheet","487141259","false"
"cc:ae7478f7-e708-4a6e-9ead-31dfe6798c87:5b131c99-9505-4975-a61c-8e4da298ccb2","cc:ae7478f7-e708-4a6e-9ead-31dfe6798c87","true","https://ufhealth.pt.panaceainc.com/MRFDownload/ufhealth/uf-villages","https://ufhealth.org/price-transparency","593527036_uf-health_standardcharges.zip","zip","unknown","6202464","false"
"cc:aeb248ab-bcc9-4798-9a86-a7a2fcbd7f18:e3bfaa55-ab4d-4937-9cfd-de8b159bac5a","cc:aeb248ab-bcc9-4798-9a86-a7a2fcbd7f18","true","https://www.medstarhealth.org/-/media/project/mho/medstar/billing-and-insurance/2026/521369749_1669549614_national_rehabilitation_hospital_inc_standardcharges.csv","https://www.medstarhealth.org/price-transparency-disclosures","521369749_1669549614_National_Rehabilitation_Hospital_Inc_standardcharges.csv","csv","spreadsheet","5016300","false"
"cc:aecee68a-aaff-4427-ba15-500df46f86b3:6b1ba53f-0493-41d5-b18e-438b10d61168","cc:aecee68a-aaff-4427-ba15-500df46f86b3","true","https://www.northoaks.org/documents/2026/721301620_north-oaks-rehabilitation-hospital_standardcharges.csv","https://www.northoaks.org/price-transparency","721301620_north-oaks-rehabilitation-hospital_standardcharges.csv","csv","spreadsheet","20566825","false"
"cc:aee4656d-0dc0-49df-9e37-cf99a54c4053:6249b701-1df7-4c99-9a35-e1ba027e958c","cc:aee4656d-0dc0-49df-9e37-cf99a54c4053","true","https://cdn.accureg.net/trans/newmanregionalhospital/48-6026835_Newman-Regional-Health_standardcharges.csv","https://pricetransparency.accureg.net/newman","48-6026835_Newman-Regional-Health_standardcharges.csv","csv","spreadsheet","52615957","false"
"cc:aeecf979-4ae5-4d15-b6de-e9f61be18ee5:37d66628-83b6-4986-8ad3-61f277578a7c","cc:aeecf979-4ae5-4d15-b6de-e9f61be18ee5","true","https://resources.selectmedical.com/pricing-transparency/critical-illness-recovery/62-1684861_Select_Specialty_Hospital-North_Knoxville_standardcharges.csv","https://www.selectspecialtyhospitals.com/patients-and-caregivers/admissions/price-transparency/","62-1684861_Select_Specialty_Hospital-North_Knoxville_standardcharges.csv","csv","spreadsheet","164434287","false"
"cc:af3b7b26-b1a5-4ce1-a14a-f89331946b40:88cd0b4a-3cee-49f9-9b10-0a4e616f8776","cc:af3b7b26-b1a5-4ce1-a14a-f89331946b40","true","https://hpt.inmediata.com/?handler=DF&d=452547A5-86D8-4E7C-9258-8BD1146EFE45","https://www.sistemamenonita.com/price-transparency","660938154-1578196820_hospital-menonita-humacao-inc_standardcharges.json","json","other","1334931","false"
"cc:af92c455-d38b-4055-802c-b9250edad2fa:f4be7c8e-898f-42ad-8396-be4b109e5322","cc:af92c455-d38b-4055-802c-b9250edad2fa","true","https://images.pricetransparency.healthcare/hawaii_health_systems_corporation_honokaa/990262226_honokaa-hospital-and-skilled-nursing-facility_standardcharges.csv","https://pricetransparency.healthcare/honokaa-hospital-and-skilled-nursing-facility/charges/","990262226_honokaa-hospital-and-skilled-nursing-facility_standardcharges.csv","csv","spreadsheet","45989509","false"
"cc:afa57c0a-db16-4b55-909d-42ed508b17c2:6a479f03-8438-4722-a01f-fcefcc4258a6","cc:afa57c0a-db16-4b55-909d-42ed508b17c2","true","https://www.emanatehealth.org/clientfiles/getfile/956006469_emanate-health-inter-community-hospital_standardcharges.csv","https://www.emanatehealth.org/patients-visitors/financial-resources-assistance/","956006469_emanate-health-inter-community-hospital_standardcharges.csv","csv","spreadsheet","61414184","false"
"cc:afc8447b-4007-4f1e-87fc-0d58a56e8644:8abbc092-5376-46cf-bd6e-953f20d4b480","cc:afc8447b-4007-4f1e-87fc-0d58a56e8644","true","https://apps.para-hcfs.com/PTT/FinalLinks/Reports.aspx?dbName=dbMeeMemorial&type=CDMWithoutLabel&fileType=CSV","https://apps.para-hcfs.com/PTT/FinalLinks/Mee_V2.aspx","941502014_southern-monterey-county-memorial-hospital_standardcharges.csv","csv","spreadsheet","40578528","false"
"cc:afed1c7c-4918-4820-bf13-8992751b82fe:7c4f52cf-8ddc-4326-a8fb-14fc7a7985f3","cc:afed1c7c-4918-4820-bf13-8992751b82fe","true","https://apim.services.craneware.com/api-pricing-transparency/api/public/cc145ba21e574ef7da4a1ed8325d54f9/charges/mrf","https://www.cdmpricing.com/cc145ba21e574ef7da4a1ed8325d54f9","942823538_MarinHealth-Medical-Center_standardcharges.csv","csv","spreadsheet","127355707","false"
"cc:b00b7270-de1c-41c3-9998-0c6ef5e8aec8:24df5da2-fb29-43bd-8eda-f37525f65d95","cc:b00b7270-de1c-41c3-9998-0c6ef5e8aec8","true","https://www.abbevillegeneral.com/wp-content/uploads/720574846_abbeville-general-hospital_standardcharges.csv","https://www.abbevillegeneral.com/patients-visitors/for-patients/charges-billing-and-insurance/","720574846_abbeville-general-hospital_standardcharges.csv","csv","spreadsheet","99946453","false"
"cc:b03fbc17-1109-484a-81b4-bdd3d504ca3f:9b730151-5f24-4d09-be3e-2649e1185ec1","cc:b03fbc17-1109-484a-81b4-bdd3d504ca3f","true","https://resources.selectmedical.com/Pricing-Transparency/critical-illness-recovery/20-5457719_Regency_Hospital_of_Cleveland_West_standardcharges.csv","https://www.regencyhospital.com/patients-and-caregivers/admissions/price-transparency","20-5457719_Regency_Hospital_of_Cleveland_West_standardcharges.csv","csv","spreadsheet","179289107","false"
"cc:b04938fc-013d-4a12-8463-0e79e4208e12:7d56f8d7-7d67-498f-b5d2-b347501ad05a","cc:b04938fc-013d-4a12-8463-0e79e4208e12","true","https://resources.selectmedical.com/Pricing-Transparency/critical-illness-recovery/73-1678377_Select_Specialty_Hospital-Pittsburgh-UPMC_standardcharges.csv","https://www.selectspecialtyhospitals.com/patients-and-caregivers/admissions/price-transparency","73-1678377_Select_Specialty_Hospital-Pittsburgh-UPMC_standardcharges.csv","csv","spreadsheet","149346546","false"
"cc:b0543434-ec1e-4bd4-a581-5cd0fb1decba:ca136b60-672c-4340-8f83-798db34c5f68","cc:b0543434-ec1e-4bd4-a581-5cd0fb1decba","true","https://www.valleyhealthlink.com/app/files/public/75c2ad76-0ace-489c-9fcc-0144062d0eb9/Price%20Transparency/540505979_winchester-medical-center-inc_standardcharges.csv","https://www.valleyhealthlink.com/patient-visitors/for-patients/billing-information/request-a-patient-cost-estimate/price-transparency","Price Transparency_540505979_winchester-medical-center-inc_standardcharges.csv","csv","spreadsheet","115404461","false"
"cc:b058dd37-b6f1-475d-8954-b736e4f891a8:c67337b0-6ebb-444e-91a6-8cd6adef109f","cc:b058dd37-b6f1-475d-8954-b736e4f891a8","true","https://stctrprodsnsvc00455826e6.blob.core.windows.net/pt-final-posting-files/59-2047041_HCA-FLORIDA-TRINITY-HOSPITAL_standardcharges.json?si=pt-json-access-policy&spr=https&sv=2024-11-04&sr=c&sig=o5IofreS%2F7ETlsnhPakPWCwHVVUZRobywQ5wUKGjVuQ%3D","https://www.hcafloridahealthcare.com/patient-resources/patient-financial-resources/pricing-transparency-cms-required-file-of-standard-charges","59-2047041_HCA-FLORIDA-TRINITY-HOSPITAL_standardcharges.json","json","other","391604930","false"
"cc:b066769d-59e0-4258-bed0-98f09a41418c:cd57c032-1743-4e0c-b020-dca51a60750f","cc:b066769d-59e0-4258-bed0-98f09a41418c","true","https://apps.para-hcfs.com/PTT/FinalLinks/Reports.aspx?dbName=dbHCMCHANFORDCA&type=CDMWithoutLabel&fileType=CSV","https://www.adventisthealth.org/patients-and-visitors/price-transparency/","940535360_hanford-community-hospital_standardcharges.csv","csv","spreadsheet","686446547","false"
"cc:b07448ef-b468-487a-8a25-e82007d4fae8:33705467-3eac-4b62-b967-ca93b2ad78e4","cc:b07448ef-b468-487a-8a25-e82007d4fae8","true","https://resources.selectmedical.com/pricing-transparency/critical-illness-recovery/02-0631042_Select_Specialty_Hospital-Central_Kentucky_standardcharges.csv","https://www.selectspecialtyhospitals.com/patients-and-caregivers/admissions/price-transparency/","02-0631042_Select_Specialty_Hospital-Central_Kentucky_standardcharges.csv","csv","spreadsheet","47582327","false"
"cc:b0812edc-b8c8-47c4-ba13-b97a64da1354:e2aa626e-b2d7-465a-91b7-03ea804fd043","cc:b0812edc-b8c8-47c4-ba13-b97a64da1354","true","https://memorialhermann.org/-/media/memorial-hermann/org/files/patients-and-visitors/cms-standard-hospital-charges/741152597_memorial-hermann-the-woodlands-medical-center_standardcharges.csv","https://memorialhermann.org/patients-visitors/patient-services/financial-care/financial-resources/cms-price-transparency-information","741152597_memorial-hermann-the-woodlands-medical-center_standardcharges.csv","csv","spreadsheet","33835702","false"
"cc:b0e21fc1-45c7-4278-9aa4-fc2aba3fef5e:f4be7ad6-56a5-4ba4-97e0-aad2895f4f29","cc:b0e21fc1-45c7-4278-9aa4-fc2aba3fef5e","true","https://www.medstarhealth.org/-/media/project/mho/medstar/billing-and-insurance/2026/521369749_1528061827_national_rehabilitation_hospital_inc_standardcharges.csv","https://www.medstarhealth.org/price-transparency-disclosures","521369749_1528061827_National_Rehabilitation_Hospital_Inc_standardcharges.csv","csv","spreadsheet","10229198","false"
"cc:b10f489d-09a0-4b5c-b23e-453de1999665:6366590a-7232-4821-a343-7a7d9c4f99d0","cc:b10f489d-09a0-4b5c-b23e-453de1999665","true","https://omh.ny.gov/omhweb/adults/141663311_nysomh_standardcharges.csv","https://omh.ny.gov/omhweb/adults/omh-hospital-pricing-transparency.pdf","141663311_nysomh_standardcharges.csv","csv","spreadsheet","929041","false"
"cc:b11a5d1b-9fd6-42c9-abc9-7ebcca88f3ce:b4439d1b-ea34-4bfd-b92a-e4b408f95036","cc:b11a5d1b-9fd6-42c9-abc9-7ebcca88f3ce","true","https://www.deltahealthsystem.org/documents/640586958_delta-regional-medical-center_standardcharges.csv","https://www.deltahealthsystem.org/patients-visitors/billing/price-estimate-information/chargemaster-transparency/","640586958_delta-regional-medical-center_standardcharges.csv","csv","spreadsheet","12310604","false"
"cc:b14245eb-a85a-4bb1-9591-055670cfd50c:13c35600-aa13-4c39-a6c4-103c5f7be30c","cc:b14245eb-a85a-4bb1-9591-055670cfd50c","true","https://www.geisinger.org/-/media/onegeisinger/pdfs/ghs/patient-care/patients-and-visitors/billing-and-insurance/hosp-charges-csv/23-1352187_geisinger-lewistown-hospital_standardcharges.csv?sc_lang=en&hash=9734796DE517C9206D7D1975588E1C59","https://www.geisinger.org/patient-care/patients-and-visitors/billing-and-insurance/tools-to-use/shop-services-and-view-hospital-charge-lists","23-1352187_Geisinger-Lewistown-Hospital_standardcharges.csv","csv","spreadsheet","124669737","false"
"cc:b15b8782-a042-4d05-8fef-c98ba1227fd2:ddb3ea8b-56eb-48c9-913d-d34d7b53de1a","cc:b15b8782-a042-4d05-8fef-c98ba1227fd2","true","https://www.alamedahealthsystem.org/wp-content/uploads/pricing/943302014_highland-hospital_standardcharges.csv","https://www.alamedahealthsystem.org/price-transparency/","943302014_highland-hospital_standardcharges.csv","csv","spreadsheet","198467365","false"
"cc:b17b98fc-47ae-4d8c-a403-ae087ee6ed9b:4081634b-56a9-4f06-8220-e5bbe21f427a","cc:b17b98fc-47ae-4d8c-a403-ae087ee6ed9b","true","https://www.irmc.org/clientfiles/getfile/250965404_Indiana-Regional-Medical-Center_standardcharges.csv","https://www.irmc.org/patients-and-visitors/financial-services/price-transparency","250965404_Indiana-Regional-Medical-Center_standardcharges.csv","csv","spreadsheet","116939660","false"
"cc:b1860b1d-25dd-4597-b65a-0dfcd27b7ca7:fca72b41-c85d-43f7-ab8c-e4b75f18af2f","cc:b1860b1d-25dd-4597-b65a-0dfcd27b7ca7","true","https://mrfs.hyvehealthcare.com/TenetHealth/473550779_hdmc-holdings%2C-llc_standardcharges.json","https://www.desertcarenetwork.com/patients/pricing-info-estimates/hospital-pricing-information","473550779_hdmc-holdings,-llc_standardcharges.json","json","other","1341029","false"
"cc:b1b24519-4c65-405c-b47b-50b9393ae9b8:80b12449-633b-4eaa-87ea-6191e41243f5","cc:b1b24519-4c65-405c-b47b-50b9393ae9b8","true","https://ummh-price-transparency.s3.us-east-2.amazonaws.com/042103555_umass-memorial-healthalliance-clinton-hospital-inc._standardcharges.csv","https://www.ummhealth.org/patients-visitors/price-transparency","042103555_umass-memorial-healthalliance-clinton-hospital-inc._standardcharges.csv","csv","spreadsheet","489022220","false"
"cc:b1b66a3e-12ba-4d49-b949-2b3427525e65:9bf0a0b8-337a-4a84-80fa-420dc803e270","cc:b1b66a3e-12ba-4d49-b949-2b3427525e65","true","https://emilyprogram.com/wp-content/uploads/price-transparency/Douglas_Consumer.csv","https://emilyprogram.com/trust-compliance/transparency-in-coverage","Douglas_Consumer.csv","csv","spreadsheet","37801","false"
"cc:b1d3eeda-d34f-4beb-af76-298bb52221ec:a5c89870-a27f-4770-8016-4235a2be1cab","cc:b1d3eeda-d34f-4beb-af76-298bb52221ec","true","https://www.valleyhealthlink.com/app/files/public/811c265a-f05c-49e7-aff9-a71562bdd90e/Price%20Transparency/208241398_hampshire-memorial-hospital-inc_standardcharges.csv","https://www.valleyhealthlink.com/patient-visitors/for-patients/billing-information/request-a-patient-cost-estimate/price-transparency","Price Transparency_208241398_hampshire-memorial-hospital-inc_standardcharges.csv","csv","spreadsheet","123988903","false"
"cc:b1d4f6a1-4ec7-4714-a123-24d724bbd6bb:c2d876d3-67a6-436f-9748-203251151d79","cc:b1d4f6a1-4ec7-4714-a123-24d724bbd6bb","true","https://www.henryfordbhh.com/wp-content/uploads/pricing/2026/580/87-2121325_HFHS-Acadia-Joint-Venture-LLC_standardcharges.csv","https://www.henryfordbhh.com/about/rates-pricing/","87-2121325_HFHS-Acadia-Joint-Venture-LLC_standardcharges.csv","csv","spreadsheet","4627119","false"
"cc:b1f4d475-9ebb-41d7-b35f-04804e18164c:12aa9377-b0a5-45dc-9d6a-030ac298141a","cc:b1f4d475-9ebb-41d7-b35f-04804e18164c","true","https://mrfs.hyvehealthcare.com/TenetHealth/621867232_hospital-development-of-west-phoenix-inc_standardcharges.json","https://www.abrazohealth.com/patients/pricing-info-estimates/hospital-pricing-information","621867232_hospital-development-of-west-phoenix-inc_standardcharges.json","json","other","53477127","false"
"cc:b210c416-44eb-455a-96f0-095331cf2675:02c4c1ec-1ae7-4282-988c-9c14e1b1214c","cc:b210c416-44eb-455a-96f0-095331cf2675","true","https://resources.selectmedical.com/pricing-transparency/inpatient-rehabilitation/46-5646557_Trihealth_Rehabilitation_Hospital_standardcharges.csv","https://www.trihealthrehab.com/patients-and-caregivers/admissions/price-transparency/","46-5646557_Trihealth_Rehabilitation_Hospital_standardcharges.csv","csv","spreadsheet","83347654","false"
"cc:b2126c06-b5b1-43bf-a94b-dac76099ea34:05f2337f-9b03-47cf-b194-37d95f6318ab","cc:b2126c06-b5b1-43bf-a94b-dac76099ea34","true","https://hpt.inmediata.com/?handler=DF&d=AFBBF4FF-7A9F-48C4-90E6-EF406125A085","https://www.sistemamenonita.com/price-transparency","660219758-1093942617_hospital-menonita-cima_standardcharges.json","json","other","314231","false"
"cc:b22cbaf2-d7a3-4885-9e6d-060c7e31409b:6366590a-7232-4821-a343-7a7d9c4f99d0","cc:b22cbaf2-d7a3-4885-9e6d-060c7e31409b","true","https://omh.ny.gov/omhweb/adults/141663311_nysomh_standardcharges.csv","https://omh.ny.gov/omhweb/adults/omh-hospital-pricing-transparency.pdf","141663311_nysomh_standardcharges.csv","csv","spreadsheet","929041","false"
"cc:b254d4df-e54f-4515-b7ab-ed4209031483:3abba857-3315-422e-9a5e-e1c22fa9017b","cc:b254d4df-e54f-4515-b7ab-ed4209031483","true","https://baptisthealth.net/-/media/Documents/Patient-Resources/Patient-Pricing/Apr-2026/590872594_south-miami-hospital_standardcharges.zip","https://baptisthealth.net/patient-resources/billing-and-financial-assistance/patient-pricing","590872594_south-miami-hospital_standardcharges.zip","zip","unknown","24143862","false"
"cc:b2711324-c3a3-4b9a-8b75-459b69261969:3f1e338b-a83b-43f6-85e3-6dce8ce7ec47","cc:b2711324-c3a3-4b9a-8b75-459b69261969","true","https://hospitalpricedisclosure.com/Download.aspx?pxi=AEq1Okiq8l6y84nlCfk8rw*-*&f=iFd*_*cEPwhQHJy3lVvHy9uQ*-*","https://www.orlandohealth.com/patients-and-visitors/patient-financial-resources/financial-information-prior-to-care/pricing-transparency-guide","99-4762475_orlando-health-sebastian-river-hospital_standardcharges.json","json","other","48322626","false"
"cc:b281397f-b4b3-46bd-9c59-9db989782cfc:b1a6e256-99bc-486c-ac61-e639c270d4b4","cc:b281397f-b4b3-46bd-9c59-9db989782cfc","true","https://resources.selectmedical.com/Pricing-Transparency/critical-illness-recovery/65-0366469_Select_Specialty_Hospital-Springfield_standardcharges.csv","https://www.selectspecialtyhospitals.com/patients-and-caregivers/admissions/price-transparency","65-0366469_Select_Specialty_Hospital-Springfield_standardcharges.csv","csv","spreadsheet","75753803","false"
"cc:b28bf5e2-6052-481f-b688-ac7628ccc42c:402a5b1e-318e-4fc4-922f-b91b39a76e78","cc:b28bf5e2-6052-481f-b688-ac7628ccc42c","true","https://assets.contentstack.io/v3/assets/blt3055f692fe7bf193/bltd5654d9b66d96180/381405141_1295785285_oakwood-healthcare-inc_standardcharges-1.csv","https://corewellhealth.org/billing/price-estimates","381405141_1295785285_oakwood-healthcare-inc_standardcharges-1.csv","csv","spreadsheet","32944020","false"
"cc:b2bbd8c7-b092-4fea-8bb5-dcaec146c3f3:43a1cc92-1015-4e6b-b3ee-f722a0f52ca4","cc:b2bbd8c7-b092-4fea-8bb5-dcaec146c3f3","true","https://memorialhermann.org/-/media/memorial-hermann/org/files/patients-and-visitors/cms-standard-hospital-charges/741152597_childrens-memorial-hermann-hospital_standardcharges.csv","https://memorialhermann.org/patients-visitors/patient-services/financial-care/financial-resources/cms-price-transparency-information","741152597_childrens-memorial-hermann-hospital_standardcharges.csv","csv","spreadsheet","36141330","false"
"cc:b2e3b42e-e6f0-4a2c-b92b-e99c04e8ff6a:e672fd24-0258-4d4d-b000-3dcf847ca852","cc:b2e3b42e-e6f0-4a2c-b92b-e99c04e8ff6a","true","https://www.dpbh.nv.gov/contentassets/76f8975072b04c78ae20f202ccb7386d/886000022_northern-nevada-adult-mental-health-services_standard-charges.csv","https://www.dpbh.nv.gov/about/dpbh-overview/nnamhs-overview/","886000022_northern-nevada-adult-mental-health-services_standard-charges.csv","csv","spreadsheet","16566","false"
"cc:b2e709c1-1996-4233-9136-4644f2ff6942:a151c60b-9f36-4373-820c-850e06732f01","cc:b2e709c1-1996-4233-9136-4644f2ff6942","true","https://hospitalpricedisclosure.com/Download.aspx?pxi=Y7CFVOkRijEf*_*CtQ8OxDvw*-*&f=zQE8Q8LGgK4WiLoSWXcFLg*-*","https://www.indianapolis-rehabhospital.com/price-transparency","842304405_indianapolis-rehabilitation-hospital,-llc-_standardcharges.csv","csv","spreadsheet","1718818","false"
"cc:b318ba0f-2006-453e-b904-2dbea469e5d1:e695df7d-bdf2-40ce-b1e0-f9c6c97e0861","cc:b318ba0f-2006-453e-b904-2dbea469e5d1","true","https://sundelaware.com/wp-content/uploads/2026/03/DE-Price-Transparency-OP-only-with-Percentile-Allowed-Amounts-v2.csv","https://sundelaware.com/standard-services","DE-Price-Transparency-OP-only-with-Percentile-Allowed-Amounts-v2.csv","csv","spreadsheet","41935","false"
"cc:b337a275-80d5-45c6-acaa-6fb42b7d404f:19b31244-82ca-43be-9140-191b69771b93","cc:b337a275-80d5-45c6-acaa-6fb42b7d404f","true","https://hospitalpricedisclosure.com/Download.aspx?pxi=aGcFMhesA8bJCn9LdB9vSg*-*&f=1Uqk9sV2mcxtBmvoqWiwog*-*","https://hospitalpricedisclosure.com/default.aspx?ci=fFJE38ye7xsB8Of*_*qxAfVQ*-*","731034824_integris-cancer-institute_standardcharges.csv","csv","spreadsheet","22126828","false"
"cc:b39836f5-e246-4569-bb50-74ffe3b5561b:011ea88e-717d-42aa-8933-a28b9a5cd4be","cc:b39836f5-e246-4569-bb50-74ffe3b5561b","true","https://www.avera.org/app/files/public/94f0fb48-c0d0-4b65-b98b-5628b62587c7/460225483_avera-creighton-hospital_standardcharges.csv","https://www.avera.org/patients-visitors/price-transparency/","460225483_avera-creighton-hospital_standardcharges.csv","csv","spreadsheet","3257546","false"
"cc:b39dba5a-55ab-48bf-ba46-b5820e234967:445442c3-d063-4ca6-8d44-3ffad7133d2d","cc:b39dba5a-55ab-48bf-ba46-b5820e234967","true","https://resources.selectmedical.com/Pricing-Transparency/critical-illness-recovery/25-1816235_Select_Specialty_Hospital-Columbus_standardcharges.csv","https://www.selectspecialtyhospitals.com/patients-and-caregivers/admissions/price-transparency","25-1816235_Select_Specialty_Hospital-Columbus_standardcharges.csv","csv","spreadsheet","105476909","false"
"cc:b3fe7323-3a28-4309-9289-0d84e39b8dfb:784a5194-b1cc-46bc-bb72-cf039245fdf9","cc:b3fe7323-3a28-4309-9289-0d84e39b8dfb","true","https://houltonregional.org/wp-content/uploads/2025/06/1508823741_Houlton-Regional-General-Hospital_standardcharges.csv","https://houltonregional.org/patients/price-transparency/","1508823741_Houlton-Regional-General-Hospital_standardcharges.csv","csv","spreadsheet","1833778","false"
"cc:b405d856-7421-4bfc-b827-46d861803cde:77c35696-a931-47e1-a21c-566d228d20d2","cc:b405d856-7421-4bfc-b827-46d861803cde","true","https://www.mizellmh.com/docs/630307951_mizell-memorial-hospital%2C-inc_standardcharges.csv","https://www.mizellmh.com/getpage.php?name=Hospital_Pricing","630307951_mizell-memorial-hospital,-inc_standardcharges.csv","csv","spreadsheet","31220905","false"
"cc:b437ef21-7036-4ece-a89b-9dedadf9bb39:f0933794-1a6e-471e-bc97-b92bd35ae03e","cc:b437ef21-7036-4ece-a89b-9dedadf9bb39","true","https://apim.services.craneware.com/api-pricing-transparency/api/public/ebdcd27316bbcd47fb02c60d601d05cc/charges/mrf","https://www.ouhealth.com/ou-health-patients-families/insurance-billing/billing-ou-health-hospitals-ers/hospital-charges-pricing-transparency/","821883948_OU-Health---University-of-Oklahoma-Medical-Center_standardcharges.zip","zip","unknown","27791301","false"
"cc:b486cb9d-7de2-4185-8550-624eba75eaf2:33763ba2-6131-4920-a625-4aa1745a0dbb","cc:b486cb9d-7de2-4185-8550-624eba75eaf2","true","https://stctrprodsnsvc00455826e6.blob.core.windows.net/pt-final-posting-files/65-0260078_HCA-FLORIDA-KENDALL-HOSPITAL_standardcharges.json?si=pt-json-access-policy&spr=https&sv=2024-11-04&sr=c&sig=o5IofreS%2F7ETlsnhPakPWCwHVVUZRobywQ5wUKGjVuQ%3D","https://www.hcafloridahealthcare.com/patient-resources/patient-financial-resources/pricing-transparency-cms-required-file-of-standard-charges","65-0260078_HCA-FLORIDA-KENDALL-HOSPITAL_standardcharges.json","json","other","559414952","false"
"cc:b4920b4e-a812-444d-9222-75a06a9793d3:a2cb1f84-4909-4fa2-a83c-d3d6917b7d72","cc:b4920b4e-a812-444d-9222-75a06a9793d3","true","https://resources.selectmedical.com/Pricing-Transparency/critical-illness-recovery/86-3621087_select_specialty_hospital_west_tennessee_standardcharges.csv","https://www.selectspecialtyhospitals.com/patients-and-caregivers/admissions/price-transparency/","86-3621087_select_specialty_hospital_west_tennessee_standardcharges.csv","csv","spreadsheet","140966009","false"
"cc:b4ab9b9a-492b-41d3-b757-60a563b23254:319449f6-63ed-4aa7-95ef-e9751b5b33c3","cc:b4ab9b9a-492b-41d3-b757-60a563b23254","true","https://sanluis.pt.panaceainc.com/MRFDownload/sanluis/slvhealth","https://www.sanluisvalleyhealth.org/patient-center/price-transparency/","840255530-1235181744_san-luis-valley-health_standardcharges.csv","csv","spreadsheet","45485537","false"
"cc:b4f4c80e-55b4-47e3-a663-9423e9b3bc6b:2354f487-128b-472d-8577-79beae574725","cc:b4f4c80e-55b4-47e3-a663-9423e9b3bc6b","true","https://www.valleyhealthlink.com/app/files/public/67c1d87f-1380-4fde-b2e6-4415a0f316c0/Price%20Transparency/540490687_shenandoah-memorial-hospital-inc_standardcharges.csv","https://www.valleyhealthlink.com/patient-visitors/for-patients/billing-information/request-a-patient-cost-estimate/price-transparency","Price Transparency_540490687_shenandoah-memorial-hospital-inc_standardcharges.csv","csv","spreadsheet","99158410","false"
"cc:b4f6aeb5-5db9-490b-a52a-cf3e24a35b00:1108ba9a-a1de-432a-9814-fc77919bbc62","cc:b4f6aeb5-5db9-490b-a52a-cf3e24a35b00","true","https://www.hopkinsmedicine.org/-/media/patient-care/documents/billing-insurance/charge-fees/520610545_suburban-hospital_standardcharges.csv","https://www.hopkinsmedicine.org/patient-care/patients-visitors/billing-insurance/pay-bill/charges-fees","520610545_suburban-hospital_standardcharges.csv","csv","spreadsheet","9345894","false"
"cc:b50691c8-5925-4a5e-a512-4a007cc9ad88:1e9a5930-5694-49aa-85cf-c00e3ac3498b","cc:b50691c8-5925-4a5e-a512-4a007cc9ad88","true","https://www1.pennmedicine.org/images/pricing/231352685_the-trustees-of-the-university-of-pennsylvania-dba-the-hospital-of-the-univer_standardcharges.csv","https://www.pennmedicine.org/Patient-resources/Policies/Pricing-transparency","231352685_the-trustees-of-the-university-of-pennsylvania-dba-the-hospital-of-the-univer_standardcharges.csv","csv","spreadsheet","2346343903","false"
"cc:b508f810-3363-457e-97f4-1575bf3677bd:a8caf1c5-2d62-4bcd-a36f-08f34aa589ca","cc:b508f810-3363-457e-97f4-1575bf3677bd","true","https://stctrprodsnsvc00455826e6.blob.core.windows.net/pt-final-posting-files/62-1113737_TRISTAR-CENTENNIAL-MEDICAL-CENTER_standardcharges.json?si=pt-json-access-policy&spr=https&sv=2024-11-04&sr=c&sig=o5IofreS%2F7ETlsnhPakPWCwHVVUZRobywQ5wUKGjVuQ%3D","https://www.tristarhealth.com/patient-resources/patient-financial-resources/pricing-transparency-cms-required-file-of-standard-charges","62-1113737_TRISTAR-CENTENNIAL-MEDICAL-CENTER_standardcharges.json","json","other","654308152","false"
"cc:b522ad1f-97d1-4c39-bbdb-85ef78355ded:3b3517d4-158b-43b0-b236-ce133c980ea4","cc:b522ad1f-97d1-4c39-bbdb-85ef78355ded","true","https://drive.google.com/uc?export=download&id=1Zx7aLF9aaolYO3J-8dLE0AEHxJqKXgK_","https://www.ballingerhospital.org/public-notices","75-2312009_BALLINGER MEMORIAL HOSPITAL DISTRICT_STANDARD CHARGES.csv","csv","spreadsheet","1789081","false"
"cc:b52cfdc0-6c15-448a-b2f8-3ef64813f97e:e58f0495-1b66-4e42-9749-85f4fe446504","cc:b52cfdc0-6c15-448a-b2f8-3ef64813f97e","true","https://iredell.pt.panaceainc.com/MRFDownload/iredell/idbhh","https://www.iredelldavis.org/price-transparency","560591303-1417783705_iredell-memorial-hospital-incorporated_standardcharges.csv","csv","spreadsheet","373461718","false"
"cc:b53c7ae5-b624-4e1f-9d24-01d0b57303c3:41659bca-0d78-4f49-84f3-8219b08ad507","cc:b53c7ae5-b624-4e1f-9d24-01d0b57303c3","true","https://www.adventisthealthcare.com/app/files/public/5234573e-a91f-456f-919e-dd37620e586c/52-1532556_AdventistHealthCareShadyGroveMedicalCenter_StandardCharges.csv","https://www.adventisthealthcare.com/patients-visitors/billing-financial/price-transparency","52-1532556_AdventistHealthCareShadyGroveMedicalCenter_StandardCharges.csv","csv","spreadsheet","6154358","false"
"cc:b59912b9-6ba5-4e16-8e47-3f241d6e8bdc:285c958e-3931-473a-82c0-1bb9ec5953c8","cc:b59912b9-6ba5-4e16-8e47-3f241d6e8bdc","true","https://www.docshealth.com/wp-content/uploads/2021/12/DSH-CHARGE-MASTER-12-6-21-BY-REV-AND-CPT-CODES.xlsm","https://www.docshealth.com/patient-information/pricing-transparency/","DSH-CHARGE-MASTER-12-6-21-BY-REV-AND-CPT-CODES.xlsm","xlsm","spreadsheet","444872","false"
"cc:b59b38b8-2852-4991-90a5-4658e76a0960:adad5062-6f84-4e5d-bf1b-5f42b40333ab","cc:b59b38b8-2852-4991-90a5-4658e76a0960","true","https://www.alamedahealthsystem.org/wp-content/uploads/pricing/943302014_san-leandro-hospital_standardcharges.csv","https://www.alamedahealthsystem.org/price-transparency/","943302014_san-leandro-hospital_standardcharges.csv","csv","spreadsheet","154003088","false"
"cc:b5b281e0-bfca-4606-9253-03725e2a8f66:3699cd99-a696-4308-98e1-afe4d814c74b","cc:b5b281e0-bfca-4606-9253-03725e2a8f66","true","https://edge.sitecorecloud.io/sutterhealt962c-sutterhealt8fce-production57cc-4860/media/Project/SutterHealth/SutterHealth/Files/billing-insurance/costs-and-charges/941156621-1194774299_sutter-auburn-faith-hospital_standardcharges.csv","https://www.sutterhealth.org/billing-insurance/costs-and-charges/cost-transparency","941156621-1194774299_sutter-auburn-faith-hospital_standardcharges.csv","csv","spreadsheet","15282367","false"
"cc:b5be061a-44de-4ac9-ae0f-4fea481ee398:a0b1e69d-3e12-4394-9e5c-936ef2968ca9","cc:b5be061a-44de-4ac9-ae0f-4fea481ee398","true","https://www.geisinger.org/-/media/onegeisinger/pdfs/ghs/patient-care/patients-and-visitors/billing-and-insurance/hosp-charges-csv/23-1996150_geisinger-wyoming-valley_standardcharges.csv?sc_lang=en&hash=C9CA7279C0783981CE90DF308EA56831","https://www.geisinger.org/patient-care/patients-and-visitors/billing-and-insurance/tools-to-use/shop-services-and-view-hospital-charge-lists","23-1996150_Geisinger-Wyoming-Valley_standardcharges.csv","csv","spreadsheet","215991313","false"
"cc:b5c14368-2ea9-4f9b-9c8d-8b8be2ba7af7:db32bf4a-2695-4438-bd24-6582e9d9fa8e","cc:b5c14368-2ea9-4f9b-9c8d-8b8be2ba7af7","true","https://us.flow-prod.boomi.com/f2a4d421-8a52-4b09-8a4c-8476aae2d651/play/ptt?join=bae45653-c062-401b-aaa6-46032d365595&hospital-id=80","https://www.ricelandhealthcare.com/","752922928-1316623481_Riceland_Medical_Center_standardcharges.csv","csv","spreadsheet","1224496","false"
"cc:b5ea8ab9-6fa3-415e-879a-6fdb99634ffc:94a0c89a-cb7b-45f8-90df-ca5908ad6e92","cc:b5ea8ab9-6fa3-415e-879a-6fdb99634ffc","true","https://hospitalpricedisclosure.com/download.aspx?pi=EQGzpo*__*Zt8w*__*tMoFmXcTzQ*-*","https://www.wkhs.com/patients-and-visitors/billing-insurance-and-financial-assistance/pricing-transparency","720400933_willis-knighton-health-system_standardcharges.json","json","other","29254833","false"
"cc:b61c508b-8596-455b-80a4-f8f921db173e:31819cc4-5017-4823-908f-39fac2f9101c","cc:b61c508b-8596-455b-80a4-f8f921db173e","true","https://hospitalpricedisclosure.com/Download.aspx?pxi=yH*__*IHP8lFSh*__*1*__*uy0umYNg*-*&f=iFd*_*cEPwhQHJy3lVvHy9uQ*-*","https://hospitalpricedisclosure.com/Default.aspx?ci=RsbcVwMa5jfnDZuYpIqAxQ*-*","480637331_adventhealth-shawnee-mission_standardcharges.json","json","other","30418603","false"
"cc:b62949a4-ee9b-4034-a1dc-0671c9c4ed0c:d5283ad8-fa9d-4b67-a72e-1c254c2b9270","cc:b62949a4-ee9b-4034-a1dc-0671c9c4ed0c","true","https://d3crna64wemw02.cloudfront.net/asset/339713052848/document_fv9fh00c5560t34q025oqlfu3a/571098556_musc-chester-regional-medical-center_standardcharges","https://muschealth.org/patients-visitors/billing/costs-price-transparency","571098556_musc-chester-regional-medical-center_standardcharges","","unknown","34656799","false"
"cc:b66af804-e5cf-4748-8f81-ede3830b6f04:49e48019-fe0f-4f87-a649-c2a731762bda","cc:b66af804-e5cf-4748-8f81-ede3830b6f04","true","https://hospitalpricetransparencyfiles.com/milford-memorial-hospital/870222074_Milford-Memorial-Hospital_standardcharges.csv","https://www.beaver.utah.gov/98/Milford-Area-Health-Care-Service-Distric","870222074_Milford-Memorial-Hospital_standardcharges.csv","csv","spreadsheet","479602","false"
"cc:b67d734e-c3ff-45f4-a0df-a154e509de90:ffdc012e-f3a8-44a8-abe6-14beb63520e9","cc:b67d734e-c3ff-45f4-a0df-a154e509de90","true","https://app.box.com/shared/static/an7gliwbbvy0qmlwjgiyuwznebasg3s7.csv","https://midcoasthealthsystem.org/pricing-transparency","452750258-1003192311_El_Campo_Memorial_Hospital_standardcharges.csv","csv","spreadsheet","3772606","false"
"cc:b688cf5c-ec47-4b76-84ca-59707a39ea9e:7f536ade-ae69-4681-bf1d-68ff73320a5a","cc:b688cf5c-ec47-4b76-84ca-59707a39ea9e","true","https://cherokeehospital.org/wp-content/uploads/2025/01/2025-Chargemaster.xlsx","https://cherokeehospital.org/patients/purchased-and-referred-care/","2025-Chargemaster.xlsx","xlsx","spreadsheet","1283568","false"
"cc:b6acf5ed-a572-4031-b0c9-379e030b1535:201a86e1-972e-410d-bc7c-561fb7d7f36b","cc:b6acf5ed-a572-4031-b0c9-379e030b1535","true","https://www.ridgeviewmedical.org/app/files/public/e0449e3a-6d2c-4103-b916-a33cfd8a8a98/411384056_ridgeview-sibley-medical-center_standardcharges.csv","https://www.ridgeview.com/patient-resources/charge-information","411384056_ridgeview-sibley-medical-center_standardcharges.csv","csv","spreadsheet","252658850","false"
"cc:b6b27cd5-a5f8-446d-8bd0-0e0cb35ba4cb:c37f00f2-f8d6-408a-b312-da1ef3b6626e","cc:b6b27cd5-a5f8-446d-8bd0-0e0cb35ba4cb","true","https://www.wth.org/wp-content/uploads/standard-charges/62-1624171_BH_Standard_Charges.csv","https://www.wth.org/financial-assistance-billing/hospital-charges/","62-1624171_BH_Standard_Charges.csv","csv","spreadsheet","18445744","false"
"cc:b6bcbe75-2adb-4798-8d96-71597e3602f2:a1677cb0-f37c-48d3-95c7-3695a7901692","cc:b6bcbe75-2adb-4798-8d96-71597e3602f2","true","https://rca.centaurihs.com/ptapp/api/cdm/export/oneclick?recno=5513c0b0708cfdba6ecf6c72ebc0ceff139528327651bb768f8dc97ad86227ee","https://www.conehealth.com/patients-visitors/patient-financial-services/patient-estimates--charges/","581588823_anniepennhospital_standardcharges.csv","csv","spreadsheet","326252298","false"
"cc:b714b867-5922-4dae-853b-4ff030560de4:b3cf1c35-ecb3-4ed2-8431-c2e4ab3e0c8c","cc:b714b867-5922-4dae-853b-4ff030560de4","true","https://www.benefis.org/app/files/public/6b9acda4-fa4b-4d2c-b09f-072262faa536/473448483_BenefisCommunityHospitalsIncMRMC_standardcharges.csv","https://www.benefis.org/patients-visitors/billing-financial-assistance/price-transparency","473448483_BenefisCommunityHospitalsIncMRMC_standardcharges.csv","csv","spreadsheet","6557315","false"
"cc:b7165ced-4ca0-44ac-9d0b-fefd5ebcf915:6366590a-7232-4821-a343-7a7d9c4f99d0","cc:b7165ced-4ca0-44ac-9d0b-fefd5ebcf915","true","https://omh.ny.gov/omhweb/adults/141663311_nysomh_standardcharges.csv","https://omh.ny.gov/omhweb/adults/omh-hospital-pricing-transparency.pdf","141663311_nysomh_standardcharges.csv","csv","spreadsheet","929041","false"
"cc:b72b309d-3c1c-4003-89a7-b2fe80d300d7:9cfc52f6-05dd-4d2c-92a0-744f544bfe8e","cc:b72b309d-3c1c-4003-89a7-b2fe80d300d7","true","https://memorialhermann.org/-/media/memorial-hermann/org/files/patients-and-visitors/cms-standard-hospital-charges/741152597_memorial-hermann-southeast-hospital_standardcharges.csv","https://memorialhermann.org/patients-visitors/patient-services/financial-care/financial-resources/cms-price-transparency-information","741152597_memorial-hermann-southeast-hospital_standardcharges.csv","csv","spreadsheet","33835629","false"
"cc:b73b846e-ff69-4249-838b-125f5971e54b:ba956d45-3c2e-454c-a06a-680346d59b5e","cc:b73b846e-ff69-4249-838b-125f5971e54b","true","https://mauihealth.org/clientfiles/getfile/811559375-kulahospital-standardcharges.csv","https://www.mauihealth.org/patients-and-visitors/billing-information/hospital-charges/","811559375-kulahospital-standardcharges.csv","csv","spreadsheet","77845000","false"
"cc:b783bac7-d730-4560-a99c-f6146bb0e5e7:525caee8-aad7-406f-92d0-90372d5c21b1","cc:b783bac7-d730-4560-a99c-f6146bb0e5e7","true","https://www.mvmc.org/documents/content/810255832_mountainview-medical-center-inc._standardcharges.csv.csv","www.mvmc.org","810255832_mountainview-medical-center-inc._standardcharges.csv.csv","csv","spreadsheet","4715911","false"
"cc:b7869e58-f746-4646-ac3e-520c65952554:d23f6960-9f1d-4f8d-b972-d623ca601f26","cc:b7869e58-f746-4646-ac3e-520c65952554","true","https://mountauburnhospital.org/042103606_mount-auburn-hospital_standardcharges.json","https://mountauburnhospital.org/patients-visitors/billing-financial-services/price-transparency","042103606_mount-auburn-hospital_standardcharges.json","json","other","16217463","false"
"cc:b79068b0-6781-4cf1-9dc4-8f205295788f:1461a561-6d23-4a09-8504-a1e25455e7aa","cc:b79068b0-6781-4cf1-9dc4-8f205295788f","true","https://apps.para-hcfs.com/PTT/FinalLinks/Reports.aspx?dbName=dbCCHPOMONACA&type=CDMWithoutLabel&fileType=CSV","https://apps.para-hcfs.com/PTT/FinalLinks/CasaColina.aspx","951643989_casa-colina-hospital-and-centers-for-healthcare_standardcharges.csv","csv","spreadsheet","99277776","false"
"cc:b793a8b4-2f16-4c28-ad24-b390b8635fc2:36b7cd2f-6ff7-49a1-bffd-c841b80fa1e8","cc:b793a8b4-2f16-4c28-ad24-b390b8635fc2","true","https://resources.selectmedical.com/Pricing-Transparency/HBOP/27-4586141_BSW-Institute-for-Rehabilitation-Frisco_standardcharges.csv","https://www.bswrehab.com/patients-and-caregivers/admissions/price-transparency","27-4586141_BSW-Institute-for-Rehabilitation-Frisco_standardcharges.csv","csv","spreadsheet","45949704","false"
"cc:b7a14e26-0dae-4d81-a24b-fdfb610fd590:f21df574-3355-4831-969d-fb1607088529","cc:b7a14e26-0dae-4d81-a24b-fdfb610fd590","true","https://resources.selectmedical.com/Pricing-Transparency/critical-illness-recovery/26-1466122_Select_Specialty_Hospital-San_Diego_standardcharges.csv","https://www.selectspecialtyhospitals.com/patients-and-caregivers/admissions/price-transparency","26-1466122_Select_Specialty_Hospital-San_Diego_standardcharges.csv","csv","spreadsheet","92440461","false"
"cc:b7b03454-dad5-49e2-972e-4c671dab6d36:dc201767-94a5-45da-ad13-e5cbb3d098fa","cc:b7b03454-dad5-49e2-972e-4c671dab6d36","true","https://media.ecommunity.com/PricingTransparency/CHN_JMH_Ventures_Imaging.csv","https://www.ecommunity.com/central-pricing-office/list-of-standard-charges","CHN_JMH_Ventures_Imaging.csv","csv","spreadsheet","3748741452","false"
"cc:b7b4d4ea-4d66-4dca-9ea2-c45090a14e53:8c859e87-8509-493b-803a-43bc5119b229","cc:b7b4d4ea-4d66-4dca-9ea2-c45090a14e53","true","https://stctrprodsnsvc00455826e6.blob.core.windows.net/pt-final-posting-files/62-1682202_MEDICAL-CITY-FORT-WORTH_standardcharges.json?si=pt-json-access-policy&spr=https&sv=2024-11-04&sr=c&sig=o5IofreS%2F7ETlsnhPakPWCwHVVUZRobywQ5wUKGjVuQ%3D","https://medicalcityhealthcare.com/about/legal/pricing-transparency-cms-required-file-of-standard-charges.dot","62-1682202_MEDICAL-CITY-FORT-WORTH_standardcharges.json","json","other","1255037737","false"
"cc:b7bb13fb-1b91-41a3-b107-091ddad3a63c:c76a9a92-30ab-45f5-b5cd-72c930b88606","cc:b7bb13fb-1b91-41a3-b107-091ddad3a63c","true","https://www.massgeneralbrigham.org/content/dam/mgb-global/en/price-transparency/042103611_Newton-Wellesley-Hospital_StandardCharges.zip","https://www.nwh.org/patients-and-visitors/billing-and-records/cms-required-hospital-charge-data","042103611_Newton-Wellesley-Hospital_StandardCharges.zip","zip","unknown","1034717","false"
"cc:b7bf949e-9198-49ca-b90f-a00be3c98531:3e7ddf32-2e01-422c-9ebd-5dfa03c124ee","cc:b7bf949e-9198-49ca-b90f-a00be3c98531","true","https://csdam.widen.net/content/dhzssnfvo0/original/840405257_st-francis-medical-center_standardcharges.csv","https://www.mountain.commonspirit.org/price-transparency","840405257_st-francis-medical-center_standardcharges.csv","csv","spreadsheet","715380846","false"
"cc:b7ce4780-3fa4-473d-83c2-282eb58f8124:d7442159-c654-4bca-9bca-690659ef77c2","cc:b7ce4780-3fa4-473d-83c2-282eb58f8124","true","https://res.cloudinary.com/dpmykpsih/raw/upload/southeast-georgia-site-441/media/r/2b7af40f710742bdb73b6db38189c1a2/581911751_southeast-georgia-health-system-camden-campus_standardcharges.csv","https://www.sghs.org/patients-visitors/billing-information/understanding-health-care-pricing/","581911751_southeast-georgia-health-system-camden-campus_standardcharges.csv","csv","spreadsheet","43749488","false"
"cc:b7ededa9-ac17-4964-a4d3-cd563889ee11:4f5c75b0-0ebe-44c9-b6c1-0017a86c0445","cc:b7ededa9-ac17-4964-a4d3-cd563889ee11","true","https://assets.contentstack.io/v3/assets/blt3055f692fe7bf193/bltb5fef439ff2462ab/381360529_corewell-health-butterworth-hospital_standardcharges-1.csv","https://corewellhealth.org/billing/price-estimates","381360529_corewell-health-butterworth-hospital_standardcharges-1.csv","csv","spreadsheet","31052639","false"
"cc:b7f37258-a2ec-40d8-b48d-097ed752423d:4d7b0bda-9352-4762-8d80-87ea46652575","cc:b7f37258-a2ec-40d8-b48d-097ed752423d","true","https://assets.contentstack.io/v3/assets/blt3055f692fe7bf193/blt3721dcf820996363/381459362_1811044878_william-beaumont-hospital-troy_standardcharges.csv","https://corewellhealth.org/billing/price-estimates","381459362_1811044878_william-beaumont-hospital-troy_standardcharges.csv","csv","spreadsheet","39356565","false"
"cc:b8142674-861e-4514-ad6d-5978cc28de00:f561d6e4-1a15-464a-a725-43164803b252","cc:b8142674-861e-4514-ad6d-5978cc28de00","true","https://assets.contentstack.io/v3/assets/blt3055f692fe7bf193/blt2ba743c7788831fc/381405141_1740230119_oakwood-healthcare-inc_standardcharges-1.csv","https://corewellhealth.org/billing/price-estimates","381405141_1740230119_oakwood-healthcare-inc_standardcharges-1.csv","csv","spreadsheet","36565461","false"
"cc:b8276424-6ae5-43e6-b4a6-400898964852:b18b03ba-851e-4934-b96b-769bdc232bda","cc:b8276424-6ae5-43e6-b4a6-400898964852","true","https://mrfs.hyvehealthcare.com/USPI/352167462_memorial-hermann-sugar-land-surgical-hospital%2C-llp_standardcharges.json","https://memorialhermannfirstcolony.com/Hospital-Pricing-Information","352167462_memorial-hermann-sugar-land-surgical-hospital,-llp_standardcharges.json","json","other","31225515","false"
"cc:b835004a-8cf4-4b4d-b7c4-b97dd39b4602:f2e77e4d-cbdf-4368-9fcb-731234e7d907","cc:b835004a-8cf4-4b4d-b7c4-b97dd39b4602","true","https://hospitalpricedisclosure.com/download.aspx?pi=PrhxnWdv5cbTLHhT7XTNGA*-*","https://www.orlandohealth.com/patients-and-visitors/patient-financial-resources/financial-information-prior-to-care/pricing-transparency-guide","994094755_orlando-health-lakeland-highlands-hospital_standardcharges.json","json","other","70579767","false"
"cc:b84cdf28-b308-46a8-8b7f-4cb12396b77d:7b264fd7-d613-4b97-9347-f2b898d19f80","cc:b84cdf28-b308-46a8-8b7f-4cb12396b77d","true","https://sthpiprd.blob.core.windows.net/machine-readable-files/10081/411763968-1285525436_prairie-ridge-hospital-and-health-services_standardcharges.csv","https://search.hospitalpriceindex.com/hpi2/machineReadable/LakeRegionHealthcareFergusFalls/10081","411763968-1285525436_prairie-ridge-hospital-and-health-services_standardcharges.csv","csv","spreadsheet","147417520","false"
"cc:b87bc3cf-5943-4e8b-a9b9-f07e42460533:a2e9dcb5-7205-4ff0-ab38-6c47bafbbfd6","cc:b87bc3cf-5943-4e8b-a9b9-f07e42460533","true","https://mrfs.hyvehealthcare.com/TenetHealth/621811285-1255640819_vhs-of-arrowhead%2C-inc_standardcharges.json","https://www.abrazohealth.com/patients/pricing-info-estimates/hospital-pricing-information","621811285-1255640819_vhs-of-arrowhead,-inc_standardcharges.json","json","other","53235234","false"
"cc:b88ef9dc-aeb2-4026-acde-2387563067a1:7fb58c0f-0d68-402e-9271-e8fc16a747f0","cc:b88ef9dc-aeb2-4026-acde-2387563067a1","true","https://www.methodistfamily.org/wp-content/uploads/2022/10/Charge-Master-List-MBH-2022-.xlsx","https://www.methodistfamily.org/behavioral-hospital/","Charge-Master-List-MBH-2022-.xlsx","xlsx","spreadsheet","35698","false"
"cc:b8b20c87-d4d7-437c-a5fb-99083fe1372a:95eee790-b447-4dc1-b70b-84ce25e33ed8","cc:b8b20c87-d4d7-437c-a5fb-99083fe1372a","true","https://resources.selectmedical.com/pricing-transparency/critical-illness-recovery/25-1897325_Select_Specialty_Hospital-Miami_standardcharges.csv","https://www.selectspecialtyhospitals.com/patients-and-caregivers/admissions/price-transparency/","25-1897325_Select_Specialty_Hospital-Miami_standardcharges.csv","csv","spreadsheet","98512170","false"
"cc:b8d8610a-e0f7-4e57-90c3-f2b4ad0ceaed:2a1ba865-674c-4f36-a7e8-f544d9a207f5","cc:b8d8610a-e0f7-4e57-90c3-f2b4ad0ceaed","true","https://www.mauryregional.com/clientfiles/getfile/621605071_wayne-medical-center_standardcharges.csv","https://www.mauryregional.com/billing-and-insurance/understanding-charges/price-transparency/","621605071_wayne-medical-center_standardcharges.csv","csv","spreadsheet","126689064","false"
"cc:b8ea90fd-c05d-4009-8515-b3f3cdb3f5d0:ccad0f08-e05f-42d2-b39c-e8d6be26ed64","cc:b8ea90fd-c05d-4009-8515-b3f3cdb3f5d0","true","https://www.mymichigan.org/app/files/public/bf8b6458-15f9-4144-83e1-6682421ddc4c/386020434_mymichigan-medical-center-gladwin_standardcharges.csv","https://www.mymichigan.org/patients-visitors/billing-insurance/cost-estimates/","386020434_mymichigan-medical-center-gladwin_standardcharges.csv","csv","spreadsheet","137276155","false"
"cc:b925219b-0d11-4e8c-b1d7-57f28e57baf8:903c3c4c-48a3-44df-8f73-1d2ebb73201a","cc:b925219b-0d11-4e8c-b1d7-57f28e57baf8","true","https://apim.services.craneware.com/api-pricing-transparency/api/public/083fbdd0522a19460e64fb1672b04180/charges/mrf","https://www.centracare.com/patient-resources/estimates/pricing/","411924645_CentraCare-Health-System---Long-Prairie-_standardcharges.csv","csv","spreadsheet","10385120","false"
"cc:b94536f4-b46f-46d1-a35c-6e94467f8333:99fa2aea-5240-4f20-a677-5676833402ae","cc:b94536f4-b46f-46d1-a35c-6e94467f8333","true","https://apps.para-hcfs.com/PTT/FinalLinks/Reports.aspx?dbName=dbKHDILLINGHAMAK&type=CDMWithoutLabel&fileType=CSV","https://apps.para-hcfs.com/PTT/FinalLinks/Kanakanak_V3.aspx","920044965_bristol-bay-area-health-corporation_standardcharges.csv","csv","spreadsheet","3940214","false"
"cc:b9530f77-e57b-47b3-81ff-9764129dde01:55b67716-d233-4c6b-8a24-dc881630ffb4","cc:b9530f77-e57b-47b3-81ff-9764129dde01","true","https://suncolumbus.com/files/sun-columbus-standardcharges.csv","https://suncolumbus.com/price-transparency","sun-columbus-standardcharges.csv","csv","spreadsheet","70673","false"
"cc:b9669ad5-f4f1-44e0-aa0a-1de4e4b71a1a:58f1c8e9-5f4a-48f8-bd15-25f6a727cdef","cc:b9669ad5-f4f1-44e0-aa0a-1de4e4b71a1a","true","https://memorialhermann.org/-/media/memorial-hermann/org/files/patients-and-visitors/cms-standard-hospital-charges/741152597_memorial-hermann-greater-heights-hospital_standardcharges.csv","https://memorialhermann.org/patients-visitors/patient-services/financial-care/financial-resources/cms-price-transparency-information","741152597_memorial-hermann-greater-heights-hospital_standardcharges.csv","csv","spreadsheet","33835547","false"
"cc:b979b736-c202-435b-8990-9df0c2b2dcd5:5b55e029-5d02-4065-aef8-629cd759be78","cc:b979b736-c202-435b-8990-9df0c2b2dcd5","true","https://images.pricetransparency.healthcare/bronson-lakeview/381359218_bronson-lakeview-hospital_standardcharges.csv","https://www.bronsonhealth.com/help/billing/standard-charges","381359218_bronson-lakeview-hospital_standardcharges.csv","csv","spreadsheet","119397788","false"
"cc:b9b241d5-b955-449f-ae39-42f7c2612ea5:0a1b8e34-a498-451c-9107-91ac41df1957","cc:b9b241d5-b955-449f-ae39-42f7c2612ea5","true","https://www.madison-health.com/content/uploads/2024/06/166189498_Madison-Health_standardcharges.csv","https://www.madison-health.com/price-transparency","166189498_Madison-Health_standardcharges.csv","csv","spreadsheet","22927975","false"
"cc:b9b52487-69fa-4295-b2f0-f4a53eea162e:56ad55bd-da57-458f-bd7d-7681d72351a8","cc:b9b52487-69fa-4295-b2f0-f4a53eea162e","true","https://www.universityhealthkc.org/clientfiles/getfile/440661018_university-health-lakewood-medical-center_standardcharges.csv","https://www.universityhealthkc.org/patients-visitors/billing-information/understanding-costs/","440661018_university-health-lakewood-medical-center_standardcharges.csv","csv","spreadsheet","72250414","false"
"cc:b9ce7758-abe7-49df-b029-6bcc0b70dec3:3a49f3f1-bb96-4f89-a4d5-dbd17dcdeba4","cc:b9ce7758-abe7-49df-b029-6bcc0b70dec3","true","https://hospitalpricedisclosure.com/Download.aspx?pxi=IdTD*_*HhubWa61vodDxXQmA*-*&f=iFd*_*cEPwhQHJy3lVvHy9uQ*-*","https://hospitalpricedisclosure.com/Default.aspx?ci=RsbcVwMa5jfnDZuYpIqAxQ*-*","592108057_adventhealth-zephyrhills_standardcharges.json","json","other","22901255","false"
"cc:b9e83439-d856-4133-90c8-51b453887271:c6432adc-a8b9-48ec-bd82-e377fddbfe8c","cc:b9e83439-d856-4133-90c8-51b453887271","true","https://apps.para-hcfs.com/PTT/FinalLinks/Reports.aspx?dbName=dbAHTTILLAMOOKOR&type=CDMWithoutLabel&fileType=CSV","https://www.adventisthealth.org/patients-and-visitors/price-transparency","930622075_northwest-medical-foundation-of-tillamook_standardcharges.csv","csv","spreadsheet","440022754","false"
"cc:b9fb18da-4fa7-4432-b6f6-2f81b2b8ed92:d3da0e27-63f6-4871-93e1-d657774697ee","cc:b9fb18da-4fa7-4432-b6f6-2f81b2b8ed92","true","https://emilyprogram.com/wp-content/uploads/price-transparency/RTP_Consumer.csv","https://emilyprogram.com/trust-compliance/transparency-in-coverage","RTP_Consumer.csv","csv","spreadsheet","37814","false"
"cc:ba3721d0-7504-44c8-8294-2230421ccb8f:f83fcf67-02a9-4670-8c06-bbdcacfca754","cc:ba3721d0-7504-44c8-8294-2230421ccb8f","true","https://sthpiprd.blob.core.windows.net/machine-readable-files/10168/871708365_pam-rehabilitation-hospital-of-tavares-llc_standardcharges.csv","https://search.hospitalpriceindex.com/hpi2/machineReadable/PAMHealthRehabilitationHospitalofTavares/10168","871708365_pam-rehabilitation-hospital-of-tavares-llc_standardcharges.csv","csv","spreadsheet","98971706","false"
"cc:ba54d1de-617c-4381-a37f-92ad02e02392:06e21da3-6b1a-4f1b-b242-ae6c9b514c48","cc:ba54d1de-617c-4381-a37f-92ad02e02392","true","https://www.marywashingtonhealthcare.com/documents/134316364_stafford-hospital_standardcharges.csv","https://www.marywashingtonhealthcare.com/patients-visitors/cost-estimates/","134316364_stafford-hospital_standardcharges.csv","csv","spreadsheet","6506116","false"
"cc:ba5c6aae-4c5b-4a46-8a92-8ece71fad625:fe593369-c904-46da-a9e7-a95035a902b1","cc:ba5c6aae-4c5b-4a46-8a92-8ece71fad625","true","https://memorialhermann.org/-/media/memorial-hermann/org/files/patients-and-visitors/cms-standard-hospital-charges/741152597_memorial-hermann-cypress-hospital_standardcharges.csv","https://memorialhermann.org/patients-visitors/patient-services/financial-care/financial-resources/cms-price-transparency-information","741152597_memorial-hermann-cypress-hospital_standardcharges.csv","csv","spreadsheet","36141336","false"
"cc:ba8dc513-0959-46a8-913a-5ee935456460:75965fa5-1591-40b2-957a-4c50c093bbfa","cc:ba8dc513-0959-46a8-913a-5ee935456460","true","https://www.massgeneralbrigham.org/content/dam/mgb-global/en/price-transparency/222617175_Cooley-Dickinson-Hospital_StandardCharges.zip","https://www.cooleydickinson.org/billing-insurance/cms-required-hospital-charge-data/","222617175_Cooley-Dickinson-Hospital_StandardCharges.zip","zip","unknown","469863","false"
"cc:baa280fd-b1e0-4c9a-afb6-bca7f9f46040:c316b0d3-910d-442c-9557-a59c765cd550","cc:baa280fd-b1e0-4c9a-afb6-bca7f9f46040","true","https://mrfs.hyvehealthcare.com/TenetHealth/474131755-1487218509_smsj-tucson-holdings-llc_standardcharges.json","https://www.carondelet.org/patients/pricing-info-estimates/hospital-pricing-information","474131755-1487218509_smsj-tucson-holdings-llc_standardcharges.json","json","other","41927867","false"
"cc:badae699-08b4-42d3-981c-136c4851939f:bdf69218-1eec-48de-b03c-a7a949522950","cc:badae699-08b4-42d3-981c-136c4851939f","true","https://resources.selectmedical.com/pricing-transparency/critical-illness-recovery/47-0815478_Select_Specialty_Hospital-Omaha_standardcharges.csv","https://www.selectspecialtyhospitals.com/patients-and-caregivers/admissions/price-transparency/","47-0815478_Select_Specialty_Hospital-Omaha_standardcharges.csv","csv","spreadsheet","117004201","false"
"cc:bb22f010-1b86-4b4f-bcd0-e9da2b43bc3c:0b093e1d-89bc-4709-a64c-269fa8253c72","cc:bb22f010-1b86-4b4f-bcd0-e9da2b43bc3c","true","https://resources.selectmedical.com/pricing-transparency/critical-illness-recovery/25-1813120_Select_Specialty_Hospital-Memphis_standardcharges.csv","https://www.selectspecialtyhospitals.com/patients-and-caregivers/admissions/price-transparency/","25-1813120_Select_Specialty_Hospital-Memphis_standardcharges.csv","csv","spreadsheet","166572060","false"
"cc:bb58e151-d28e-44df-bd0f-f032e0001dcc:293499e0-0a14-4b48-a65f-e63e24ff271d","cc:bb58e151-d28e-44df-bd0f-f032e0001dcc","true","https://www.montefiorenyack.org/sites/default/files/131740119_nyack-hospital_standardcharges_2.csv","https://www.montefiorenyack.org/manage-my-care/billing/price-transparency","131740119_nyack-hospital_standardcharges_2.csv","csv","spreadsheet","310421522","false"
"cc:bb99c782-29fe-4bfd-87b1-6d14e42b3975:a04b7207-56ba-49df-9b93-e3987d3365a0","cc:bb99c782-29fe-4bfd-87b1-6d14e42b3975","true","https://cdn.iuhealth.org/resources/351955872_indiana-university-health-inc._standardcharges.zip","https://iuhealth.org/schedule-an-appointment/price-estimates/standard-charge-listing","351955872_indiana-university-health-inc._standardcharges.zip","zip","unknown","67370134","false"
"cc:bb9c2999-22c6-4b26-a8ba-b256c9100148:fa6e52c7-fa94-4db5-9131-b72b03331bd7","cc:bb9c2999-22c6-4b26-a8ba-b256c9100148","true","http://rca.centaurihs.com/ptapp/api/cdm/export/oneclick?recno=64b090e9230d0a7820a0da64fcf12a15e107940e4f0fc0a6af4cb1fe5cd401c2","https://rca.centaurihs.com/ptapp/#64b090e9230d0a7820a0da64fcf12a15e107940e4f0fc0a6af4cb1fe5cd401c2&previewid=d8885965cda2f6767b9319ac4a4013a0ceda1eaf23f4af72696ce56c522c9691","58-2224545_BaconCountyHospital_standardcharges.csv","csv","spreadsheet","13124182","false"
"cc:bbd18ff1-a93e-4900-99ab-d7c5a205d43e:1e76ae55-3630-4c91-bef3-53623a69343e","cc:bbd18ff1-a93e-4900-99ab-d7c5a205d43e","true","https://www.in.gov/fssa/dmha/files/356000158-Logansport-State-Hospital_standardcharges.csv","https://www.in.gov/fssa/dmha/state-psychiatric-hospitals/state-psychiatric-hospitals-billing-information/","356000158-Logansport-State-Hospital_standardcharges.csv","csv","spreadsheet","4348","false"
"cc:bbdcab57-626a-496c-988a-060ba553bfae:e36ac372-0470-4a45-a020-43a58cdc31c7","cc:bbdcab57-626a-496c-988a-060ba553bfae","true","https://img1.wsimg.com/blobby/go/236f7919-963e-4efb-96f3-f57d384f3683/downloads/120924a5-d8af-4de9-af62-c9ad109c320b/370702309_HardinCountyGeneralHospital_Standard.csv?ver=1782154986963","https://ilhcgh.org/current-prices","370702309_HardinCountyGeneralHospital_Standard.csv","csv","spreadsheet","242620","false"
"cc:bbff8f88-62ce-4559-b00d-0d8c608bf869:98ac155a-bdaa-402c-ad02-a63da11e831b","cc:bbff8f88-62ce-4559-b00d-0d8c608bf869","true","https://lcmchealthfiles.blob.core.windows.net/mrf/PricingTransparency-New%20Orleans%20East%20Hospital-2026-06-24%2015_05_38.csv","https://www.lcmchealth.org/for-patients/financial-assistance/price-transparency/","PricingTransparency-New Orleans East Hospital-2026-06-24 15_05_38.csv","csv","spreadsheet","1574698520","false"
"cc:bc1d4a80-d243-4390-9387-2258823f36ed:d86dc46b-e752-41cb-8ed3-7bb8a8b97d42","cc:bc1d4a80-d243-4390-9387-2258823f36ed","true","https://dbhdd.georgia.gov/media/25806/download","https://dbhdd.georgia.gov/be-caring/state-hospital-price-transparency","943473160_east-central-regional-hospital_standardcharges_0.csv","csv","spreadsheet","76378","false"
"cc:bcb43384-f5e3-49dc-a3bc-7ffffce13002:276a7105-a7ef-42f2-9677-4a449f80cdea","cc:bcb43384-f5e3-49dc-a3bc-7ffffce13002","true","https://www.stbernards.info/app/files/public/fbd5b848-7d77-4957-a92e-11d22b425db5/710290019_st-bernards-hospital-inc_standardcharges.csv","https://www.stbernards.info/patients-visitors/cost-of-care","710290019_st-bernards-hospital-inc_standardcharges.csv","csv","spreadsheet","88632258","false"
"cc:bce9268b-499e-4bb9-8348-f92c0b8913c4:ed980abc-6d3d-46f3-b933-e21ce0449bd0","cc:bce9268b-499e-4bb9-8348-f92c0b8913c4","true","https://www.childrensmn.org/applications/PriceTransparency/411756478_childrens-health-care-services-inc_standardcharges.csv","https://www.childrensmn.org/your-visit/after-your-visit/billing-and-financial-matters/price-transparency","411756478_childrens-health-care-services-inc_standardcharges.csv","csv","spreadsheet","4758260","false"
"cc:bd0652ff-cf95-4478-ace9-f9ea032c2586:4b2726ba-795a-4c3b-acc9-1d0e66283c9b","cc:bd0652ff-cf95-4478-ace9-f9ea032c2586","true","https://www.independence.health/documents/content/250965612_WestmorelandRegionalHospital_StandardCharges.csv","https://www.independence.health/patients-visitors/financial-services/price-transparency/","250965612_WestmorelandRegionalHospital_StandardCharges.csv","csv","spreadsheet","17904153","false"
"cc:bd2b4b6f-b700-47a0-96a2-161ae9b95d26:b3a5d0e5-2286-4e59-a3e0-be68d3fcc4a3","cc:bd2b4b6f-b700-47a0-96a2-161ae9b95d26","true","https://friendmed.org/price-transparency/476000549_zimmermedicalclinic_standardcharges.csv","https://friendmed.org/price-transparency/","476000549_zimmermedicalclinic_standardcharges.csv","csv","spreadsheet","243610","false"
"cc:bd700350-945e-4992-9e2f-c7b74bf5c940:870c8fee-cad2-4264-844e-934b68238acc","cc:bd700350-945e-4992-9e2f-c7b74bf5c940","true","https://www.forresthealth.org/app/files/public/e4556156-a742-4f35-9ae2-acc79c74881e/646001587_Jefferson-Davis-Community-Hospital_standardcharges.csv","http://www.forresthealth.org/patients-visitors/forrest-health-price-transparency/","646001587_Jefferson-Davis-Community-Hospital_standardcharges.csv","csv","spreadsheet","95681303","false"
"cc:be065198-c005-4314-b9b3-17d8c6c5fc4a:7a9bbeab-c119-4aac-bbfd-cc0a4524425c","cc:be065198-c005-4314-b9b3-17d8c6c5fc4a","true","https://evansmemorialhospital.slicedhealth.io/home","https://evansmemorialhospital.slicedhealth.io/home","582257925_evans-memorial-hospital_standardcharges.csv","csv","spreadsheet","10335288","false"
"cc:be2b7c05-4730-4936-a66e-db2ad551f30d:42a9bb23-c2be-4dd2-99d0-122e188272ec","cc:be2b7c05-4730-4936-a66e-db2ad551f30d","true","https://resources.selectmedical.com/Pricing-Transparency/critical-illness-recovery/20-3802570_Regency_Hospital_of_Toledo_standardcharges.csv","https://www.regencyhospital.com/patients-and-caregivers/admissions/price-transparency","20-3802570_Regency_Hospital_of_Toledo_standardcharges.csv","csv","spreadsheet","168336025","false"
"cc:be4db1c5-5c67-4924-b172-4b5c9e19dbf6:78b75515-ca8e-47be-9424-75f08e10cb6e","cc:be4db1c5-5c67-4924-b172-4b5c9e19dbf6","true","https://sthpiprd.blob.core.windows.net/machine-readable-files/7955/420504780_st-luke's-methodist-hospital_standardcharges.csv","https://search.hospitalpriceindex.com/hpi2/machineReadable/UnityPointHealth-St.LukesHospital/7955","420504780_st-luke's-methodist-hospital_standardcharges.csv","csv","spreadsheet","174225482","false"
"cc:be93b8d6-917d-4ec5-928e-1b4cbc6700c1:03553a8d-b09f-470f-8ac4-9f4bb648f27b","cc:be93b8d6-917d-4ec5-928e-1b4cbc6700c1","true","https://edge.sitecorecloud.io/sutterhealt962c-sutterhealt8fce-production57cc-4860/media/Project/SutterHealth/SutterHealth/Files/billing-insurance/costs-and-charges/941156621-1356390264_sutter-roseville-medical-center_standardcharges.csv","https://www.sutterhealth.org/billing-insurance/costs-and-charges/cost-transparency","941156621-1356390264_sutter-roseville-medical-center_standardcharges.csv","csv","spreadsheet","18994215","false"
"cc:becbacd3-7ffe-4498-9efc-2bc0cfe6f764:ff469613-5ea9-4f70-829b-19204da53493","cc:becbacd3-7ffe-4498-9efc-2bc0cfe6f764","true","https://resources.selectmedical.com/pricing-transparency/critical-illness-recovery/51-0382465_Select_Specialty_Hospital-Wilmington_standardcharges.csv","https://www.selectspecialtyhospitals.com/patients-and-caregivers/admissions/price-transparency/","51-0382465_Select_Specialty_Hospital-Wilmington_standardcharges.csv","csv","spreadsheet","116735743","false"
"cc:bed69ac9-ecfd-41dd-9328-57877b77846d:0614e6d7-7e86-4b4e-a726-ea4d2a19dd42","cc:bed69ac9-ecfd-41dd-9328-57877b77846d","true","https://secure.claraprice.net/price-transparency/QKVC-1735933463837/machine-readable","https://secure.claraprice.net/price-transparency/roy-lester-schneider-vi","660573658_roy-lester-schneider-hospital_standardcharges.json","json","other","9447904","false"
"cc:bf097f6a-1117-47f5-a9a1-3a15d4b22ad5:f0933794-1a6e-471e-bc97-b92bd35ae03e","cc:bf097f6a-1117-47f5-a9a1-3a15d4b22ad5","true","https://apim.services.craneware.com/api-pricing-transparency/api/public/ebdcd27316bbcd47fb02c60d601d05cc/charges/mrf","https://www.ouhealth.com/ou-health-patients-families/insurance-billing/billing-ou-health-hospitals-ers/hospital-charges-pricing-transparency/","821883948_OU-Health---University-of-Oklahoma-Medical-Center_standardcharges.zip","zip","unknown","27791301","false"
"cc:bf59e466-307b-4688-a31d-3d72a331187b:a43c7ff9-6ea0-4a9a-9a82-84e00ea11b56","cc:bf59e466-307b-4688-a31d-3d72a331187b","true","https://www.mbhcares.com/getmedia/7d921bed-783b-41cf-aa0f-5d845046eac3/Mission-Behavioral-Health-Huntingburg-2024-Standard-Pricing.xlsx","https://www.mbhcares.com/price-transparency","Mission-Behavioral-Health-Huntingburg-2024-Standard-Pricing.xlsx","xlsx","spreadsheet","9496","false"
"cc:bf6c0f85-b12f-48af-9679-1f6a525ff958:6366590a-7232-4821-a343-7a7d9c4f99d0","cc:bf6c0f85-b12f-48af-9679-1f6a525ff958","true","https://omh.ny.gov/omhweb/adults/141663311_nysomh_standardcharges.csv","https://omh.ny.gov/omhweb/adults/omh-hospital-pricing-transparency.pdf","141663311_nysomh_standardcharges.csv","csv","spreadsheet","929041","false"
"cc:bf98e4c5-1b1f-4ffd-afc1-b90e83350e90:854a35b3-cfd5-41a2-896f-a706d32c683e","cc:bf98e4c5-1b1f-4ffd-afc1-b90e83350e90","true","https://www.wth.org/wp-content/uploads/standard-charges/62-1753289_MH_Standard_Charges.csv","https://www.wth.org/financial-assistance-billing/hospital-charges/","62-1753289_MH_Standard_Charges.csv","csv","spreadsheet","15530591","false"
"cc:bfb08cd3-93e0-4499-ad40-0be171d98e3f:144b7fda-aa1f-4ad5-9f9a-5139b01e3cdd","cc:bfb08cd3-93e0-4499-ad40-0be171d98e3f","true","https://grandlakehealth.org/wp-content/uploads/2026/08/34-1623770_grand-lake-health-system_standardcharges.csv","https://grandlakehealth.org/patients-visitors/price-transparency","34-1623770_grand-lake-health-system_standardcharges.csv","csv","spreadsheet","21434893","false"
"cc:bfe0ea0a-7be7-4337-81dd-9e144073a969:c00becc6-de25-4250-b623-2e32c764b0a5","cc:bfe0ea0a-7be7-4337-81dd-9e144073a969","true","https://nam11.safelinks.protection.outlook.com/?url=https%3A%2F%2Fwww.threecrossesregional.com%2Fwp-content%2Fuploads%2F2025%2F05%2FTCRH-Standard-Charges-MRF-05.05.25.csv&data=05%7C02%7CMGOrtiz%403crossesrh.com%7C6bd72c67580e40e6963408dd8cb60368%7C075dcb93891d4039b25d0bd33c642f2d%7C0%7C0%7C638821435572990517%7CUnknown%7CTWFpbGZsb3d8eyJFbXB0eU1hcGkiOnRydWUsIlYiOiIwLjAuMDAwMCIsIlAiOiJXaW4zMiIsIkFOIjoiTWFpbCIsIldUIjoyfQ%3D%3D%7C0%7C%7C%7C&sdata=ubb13XPMf6VC%2B2PyCw8DwbKLgUoW78dFcPUm8%2Bd2S%2Bc%3D&reserved=0","https://www.threecrossesregional.com/price-transparency/","TCRH-Standard-Charges-MRF-05.05.25.csv","csv","spreadsheet","1110687","false"
"cc:bfe1ccff-6bb0-422a-b427-30250e65cb73:dcbd87c9-cceb-4a4b-89a6-89acc0117a18","cc:bfe1ccff-6bb0-422a-b427-30250e65cb73","true","https://www.brentwoodsprings.com/docs/bhbrentwoodspringslibraries/3q26/263471636_brentwood-springs_standardcharges.csv","https://www.brentwoodsprings.com/resources/accepted-insurance/#price-list","263471636_brentwood-springs_standardcharges.csv","csv","spreadsheet","323331","false"
"cc:bff1977d-ea8b-4f33-b038-771cbc141054:64a4d574-38e5-4aca-bfb6-4342ccea7b18","cc:bff1977d-ea8b-4f33-b038-771cbc141054","true","https://resources.selectmedical.com/Pricing-Transparency/critical-illness-recovery/25-1813118_Select_Specialty_Hospital-Oklahoma_City_standardcharges.csv","https://www.selectspecialtyhospitals.com/patients-and-caregivers/admissions/price-transparency","25-1813118_Select_Specialty_Hospital-Oklahoma_City_standardcharges.csv","csv","spreadsheet","155414858","false"
"cc:c036015b-b7ff-48da-99b0-fb4d38153f7d:9ee0c133-4d44-4127-a309-fa7781667827","cc:c036015b-b7ff-48da-99b0-fb4d38153f7d","true","https://saintjosephmedicalcenter.com/wp-content/uploads/2026/04/992141118_SaintJosephMedicalCenter_standardcharges.JSON","https://saintjosephmedicalcenter.com/price-transparency","992141118_SaintJosephMedicalCenter_standardcharges.JSON","json","other","70601355","false"
"cc:c0a48e04-2961-4793-be29-45a36671cd28:04885f75-6524-4739-89fc-b109595a8e15","cc:c0a48e04-2961-4793-be29-45a36671cd28","true","https://ukhspricetransparency.blob.core.windows.net/ukhs-price-transparency/48-1155548_TheUniversityOfKansasHealthSystemPaolaCampus_standardcharges.csv","https://www.kansashealthsystem.com/patient-visitor/financial/patient-bills/services-fees/charge-descriptions","48-1155548_TheUniversityOfKansasHealthSystemPaolaCampus_standardcharges.csv","csv","spreadsheet","147193999","false"
"cc:c0deabf4-f9e3-407f-8905-5b802fa5bc4c:f2fdc2c2-3411-47ff-af7b-f1d13e7a5856","cc:c0deabf4-f9e3-407f-8905-5b802fa5bc4c","true","https://www.highlandclarksburghospital.com/_files/ugd/4deb26_72cd3b5adbba4c98befd9b1381220b81.csv?dn=Price%20Transparency%20Machine%20Readable%20File","https://www.highlandclarksburghospital.com/price-transparency","Price Transparency Machine Readable File of Standard Charges.csv","csv","spreadsheet","12328","false"
"cc:c101cadf-7ce0-4a99-8c7d-51100791ac90:ae7f9454-f683-4df5-aa9f-53c40f932de0","cc:c101cadf-7ce0-4a99-8c7d-51100791ac90","true","https://www.cottagehealth.org/app/files/public/73845ed9-a256-4683-a051-5f53e1e7dfa6/952413596_GoletaValleyCottageHospital_standardcharges.csv","https://www.cottagehealth.org/billing/cost-of-care-estimates/","952413596_GoletaValleyCottageHospital_standardcharges.csv","csv","spreadsheet","412203404","false"
"cc:c11b6cef-4373-43cc-b07b-5fe07dd2208c:62cc420b-51b4-462a-bbf0-2ae472e85d36","cc:c11b6cef-4373-43cc-b07b-5fe07dd2208c","true","https://app.box.com/shared/static/4r7tmerz340doey8llp6x3waak1khkr3.csv","https://us.flow-prod.boomi.com/f2a4d421-8a52-4b09-8a4c-8476aae2d651/play/ptt?flow-id=55c677ad-57f7-4e47-b22f-19d1bb1871bd&flow-version-id=1c9a934c-0b86-4339-84c3-2e713f995ea6&hospital-id=68","751300105-1679560886_Martin_County_Hospital_standardcharges.csv","csv","spreadsheet","311987","false"
"cc:c139e9c4-e54b-4cbe-9662-d91f17810970:1f8da916-e001-43fd-bbb9-9cf395694380","cc:c139e9c4-e54b-4cbe-9662-d91f17810970","true","https://mcorgstatic.blob.core.windows.net/cms-price/590714831_mayo-clinic-florida_standardcharges.csv","https://www.mayoclinic.org/patient-visitor-guide/billing-insurance/price-estimates/chargemaster","590714831_mayo-clinic-florida_standardcharges.csv","csv","spreadsheet","14771333430","false"
"cc:c13c897b-a47f-419f-b7ac-f9b1cd80f7a3:16567a47-731f-46f3-9299-6149f9dde49f","cc:c13c897b-a47f-419f-b7ac-f9b1cd80f7a3","true","https://resources.selectmedical.com/Pricing-Transparency/critical-illness-recovery/58-2658683_Regency_Hospital_of_Macon_standardcharges.csv","https://www.regencyhospital.com/patients-and-caregivers/admissions/price-transparency","58-2658683_Regency_Hospital_of_Macon_standardcharges.csv","csv","spreadsheet","158195814","false"
"cc:c148833f-3896-40f7-8072-2e9b8e778b6d:fc1d5f11-42d8-4429-b420-31a818ba6907","cc:c148833f-3896-40f7-8072-2e9b8e778b6d","true","https://www.massgeneralbrigham.org/content/dam/mgb-global/en/price-transparency/042697981_McLean-Hospital_StandardCharges.zip","https://www.mcleanhospital.org/patients-families/billing-financial-assistance","042697981_McLean-Hospital_StandardCharges.zip","zip","unknown","20896","false"
"cc:c1792fbf-c7c1-4377-ab92-7298f8ff7089:00e0bfd8-a5a1-4311-9c16-487a0e8e18b7","cc:c1792fbf-c7c1-4377-ab92-7298f8ff7089","true","https://hospitalpricedisclosure.com/download.aspx?pi=SoRAGcrfU7IdykPOHI4HYg*-*&f=p22CpYLrWLxCnt4HoK7iZA*-*","https://www.orlandohealth.com/patients-and-visitors/patient-financial-resources/financial-information-prior-to-care/pricing-transparency-guide","203728235_1164478442_orlando-health,-inc._standardcharges.json","json","other","61789373","false"
"cc:c1f4f40b-3e02-4671-b267-57c9051e9c37:69fbcdbc-d260-4d9f-bd5a-32b7acf1403f","cc:c1f4f40b-3e02-4671-b267-57c9051e9c37","true","https://media.ecommunity.com/PricingTransparency/Community_Endoscopy_Center.csv","https://www.ecommunity.com/central-pricing-office/list-of-standard-charges","Community_Endoscopy_Center.csv","csv","spreadsheet","862093313","false"
"cc:c2645dff-ff3e-445c-bd7f-1bd3f4591c2c:a4b8d20d-eda9-4117-af14-3c4f0a6090b9","cc:c2645dff-ff3e-445c-bd7f-1bd3f4591c2c","true","https://mrfs.hyvehealthcare.com/TenetHealth/752918774-1396087672_doctors-medical-center-of-modesto%2C-inc._standardcharges.json","https://www.cvdoctorshealthsystem.com/patients/pricing-info-estimates/hospital-pricing-information","752918774-1396087672_doctors-medical-center-of-modesto,-inc._standardcharges.json","json","other","2281661","false"
"cc:c33e69f7-1674-4690-86e9-587c9a3cefc8:b87def05-cf34-4959-ba71-cd571221f99e","cc:c33e69f7-1674-4690-86e9-587c9a3cefc8","true","https://mcorgstatic.blob.core.windows.net/cms-price/410944601_mayo-clinic-hospital-rochester_standardcharges.csv","https://www.mayoclinic.org/patient-visitor-guide/billing-insurance/price-estimates/chargemaster","410944601_mayo-clinic-hospital-rochester_standardcharges.csv","csv","spreadsheet","13350569463","false"
"cc:c349ad4a-9828-4999-884b-cb79b5acb840:e1596fd7-91d8-4a87-9fcc-69ec505f8d68","cc:c349ad4a-9828-4999-884b-cb79b5acb840","true","https://cdn.accureg.net/trans/romememorialhospital/16-1471634_Rome-Memorial-Hospital_standardcharges.csv","https://pricetransparency.accureg.net/rome","16-1471634_Rome-Memorial-Hospital_standardcharges.csv","csv","spreadsheet","19369991","false"
"cc:c34a88ea-9254-4cb5-975b-56bdadcc85b2:bc61d7eb-2168-4f32-93a1-fc362d0c599d","cc:c34a88ea-9254-4cb5-975b-56bdadcc85b2","true","https://www.firelands.com/app/files/public/f431cc81-07d8-4f2b-a027-dab8621d088d/341401659%20_firelands-regional-medical-center_standardcharges.csv","https://www.firelands.com/patients-guests/billing-insurance/price-transparency/","341401659 _firelands-regional-medical-center_standardcharges.csv","csv","spreadsheet","19280368","false"
"cc:c36c6da5-4e83-4436-b385-b5658535a9d3:8b082d79-7fe0-4c6a-b842-45f053b35d62","cc:c36c6da5-4e83-4436-b385-b5658535a9d3","true","https://apim.services.craneware.com/api-pricing-transparency/api/public/bfe46f369e2a6c95ba3ca8faaf1e0c32/charges/mrf","https://www.cdmpricing.com/bfe46f369e2a6c95ba3ca8faaf1e0c32/","910889551_North-Valley-Hospital_standardcharges.csv","csv","spreadsheet","13595801","false"
"cc:c3850166-372d-4e03-800a-6c89e556f8f5:36bd30d6-2d2b-4ba5-94b8-8b543850b6cd","cc:c3850166-372d-4e03-800a-6c89e556f8f5","true","https://hospitalpricedisclosure.com/download.aspx?pi=r5C56pFicSGYmflCJ5*__*QXg*-*&f=p22CpYLrWLxCnt4HoK7iZA*-*","https://www.orlandohealth.com/patients-and-visitors/patient-financial-resources/financial-information-prior-to-care/pricing-transparency-guide","591726273_orlando-health,-inc._standardcharges.json","json","other","90570353","false"
"cc:c392ec94-cc80-4dcb-8870-cffcd7263d9a:4c1c4d47-f46c-441d-9784-6e6354959c49","cc:c392ec94-cc80-4dcb-8870-cffcd7263d9a","true","https://hospitalpricedisclosure.com/Download.aspx?pxi=NdMlMpoRW9z9Ox*__*c2j7l5A*-*&f=zQE8Q8LGgK4WiLoSWXcFLg*-*","https://www.tulsa-rehabhospital.com/price-transparency","863131904_tulsa-rehabilitation-hospital,-llc_standardcharges.csv","csv","spreadsheet","2636967","false"
"cc:c4137530-b23d-48cf-ac33-ff1eced5a1a9:9713c866-eac7-4611-b93e-2694616423fd","cc:c4137530-b23d-48cf-ac33-ff1eced5a1a9","true","https://resources.selectmedical.com/Pricing-Transparency/critical-illness-recovery/56-2569339_Select_Specialty_Hospital-Columbus_South_standardcharges.csv","https://www.selectspecialtyhospitals.com/patients-and-caregivers/admissions/price-transparency","56-2569339_Select_Specialty_Hospital-Columbus_South_standardcharges.csv","csv","spreadsheet","170081469","false"
"cc:c415d6c0-349c-41ef-b332-12e7c2add09e:7b73bd1c-5454-4532-af42-54e39c14c27c","cc:c415d6c0-349c-41ef-b332-12e7c2add09e","true","https://mcorgstatic.blob.core.windows.net/cms-price/410760836_mayo-clinic-health-system-fairmont_standardcharges.csv","https://www.mayoclinichealthsystem.org/for-patients-and-visitors/price-transparency","410760836_mayo-clinic-health-system-fairmont_standardcharges.csv","csv","spreadsheet","3467570193","false"
"cc:c45ab645-523e-444c-9652-cb29a4a0f1bf:31544a6e-c0ce-4af5-8396-d91aafab419d","cc:c45ab645-523e-444c-9652-cb29a4a0f1bf","true","https://www.bluestone.org/ManagedFiles/PageImages/Copy%20of%20(66522484.2).BCAH%20Price%20Transparency_MRF.xlsx","https://www.bluestone.org/Price-Transparency","Copy of (66522484.2).BCAH Price Transparency_MRF.xlsx","xlsx","spreadsheet","14642","false"
"cc:c46f9a48-f306-44b6-bf13-b8191592b9bb:394b5ef1-c012-4752-8fa6-402bd5d23382","cc:c46f9a48-f306-44b6-bf13-b8191592b9bb","true","https://www.mercyhealthsystem.org/clientfiles/getfile/390816848-mercyjanesvillehospital-standardcharges.json","https://www.mercyhealthsystem.org/patientsvisitors/billing-information/chargemaster","390816848-mercyjanesvillehospital-standardcharges.json","json","other","30396501","false"
"cc:c47cd44b-6738-4fbb-85b0-1b365fe7ae69:c85d8db6-4ac9-4cf0-a8f4-36d9dd2b5d3a","cc:c47cd44b-6738-4fbb-85b0-1b365fe7ae69","true","https://linkprotect.cudasvc.com/url?a=https%3a%2f%2fapp.box.com%2fshared%2fstatic%2fm45p2gsz7uqx6co53epmtovfibhcl8px.csv&c=E,1,QN3v6ll8Cz0DT2bOZnSN5C44STf5sP1DsTvNn9hi9JAJOuwgemLNcodeNPwWs2xeGYwKJedwOfLkklhIG8O-1smi6GI6xpbTtMEmTCyB&typo=1","https://linkprotect.cudasvc.com/url?a=https%3a%2f%2fmidcoasthealthsystem.org%2fpricing-transparency%2f&c=E,1,4p1E6WKlY2zqPwxH1_gdo2Oq9IDoxnPTgOBncJzThBwOzP-IPELZoeZ4WBfpv3Ieyk76DJ9lH4vbLE2J7ECTSRggDCCtNtYOBhv4r7fb3wyfv2qWoBlkRSM,&typo=1","452750258-1194349217_El_Campo_Memorial_Hospital_standardcharges.csv","csv","spreadsheet","599707","false"
"cc:c48aecdb-4ea7-46cf-8681-87c4a0082c63:77d3bcf4-53c4-41f2-bd0d-c322ffa8e086","cc:c48aecdb-4ea7-46cf-8681-87c4a0082c63","true","https://stctrprodsnsvc00455826e6.blob.core.windows.net/pt-final-posting-files/75-2482249_HCA-FLORIDA-WESTSIDE-HOSPITAL_standardcharges.json?si=pt-json-access-policy&spr=https&sv=2024-11-04&sr=c&sig=o5IofreS%2F7ETlsnhPakPWCwHVVUZRobywQ5wUKGjVuQ%3D","https://www.hcafloridahealthcare.com/patient-resources/patient-financial-resources/pricing-transparency-cms-required-file-of-standard-charges","75-2482249_HCA-FLORIDA-WESTSIDE-HOSPITAL_standardcharges.json","json","other","496407865","false"
"cc:c4903daf-fb3f-4ab0-a7a0-aba5370c71f2:e36111eb-3e75-4584-9fb4-4f5f8988525a","cc:c4903daf-fb3f-4ab0-a7a0-aba5370c71f2","true","https://www.firsthealth.org/app/files/public/c8161d8d-00da-4f34-ba95-fcc9c470cf2e/561936354_1740208081_firsthealth-of-the-carolinas-inc._standardcharges.csv","https://www.firsthealth.org/patients-visitors/price-transparency/","561936354_1740208081_firsthealth-of-the-carolinas-inc._standardcharges.csv","csv","spreadsheet","17840524","false"
"cc:c4a2d3e5-c008-41af-9a82-13cd1db93806:754386ce-1a00-45bf-9c4d-6feb35209a63","cc:c4a2d3e5-c008-41af-9a82-13cd1db93806","true","https://www.frederickhealth.org/documents/billing%20and%20finance/52-0591612_frederick_health_standardcharges[3].csv","https://www.frederickhealth.org/about/billing-financial-assistance","52-0591612_frederick_health_standardcharges[3].csv","csv","spreadsheet","30940408","false"
"cc:c4c7790c-c510-4405-aeee-7902c1b8b532:3940ca76-8e43-4f7b-acc3-d269b77484af","cc:c4c7790c-c510-4405-aeee-7902c1b8b532","true","https://www.jenkinsmedicalcenter.com/wp-content/uploads/2025/06/PPR-581158547_JenkinsHospital_StandardCharges.csv","https://www.jenkinsmedicalcenter.com/pricing-transparency/","PPR-581158547_JenkinsHospital_StandardCharges.csv","csv","spreadsheet","6465194","false"
"cc:c50bba05-ace7-48ab-9282-166a83e5af19:6253359c-c7f2-4e6f-87ab-6e4f6b8a79e8","cc:c50bba05-ace7-48ab-9282-166a83e5af19","true","https://edge.sitecorecloud.io/sutterhealt962c-sutterhealt8fce-production57cc-4860/media/Project/SutterHealth/SutterHealth/Files/billing-insurance/costs-and-charges/941156621-1770532608_sutter-davis-hospital_standardcharges.csv","https://www.sutterhealth.org/billing-insurance/costs-and-charges/cost-transparency","941156621-1770532608_sutter-davis-hospital_standardcharges.csv","csv","spreadsheet","15029552","false"
"cc:c513db1a-b449-4e90-8a81-6d016d5b58bb:cc5e961f-84a9-4f34-a79c-064d50092d16","cc:c513db1a-b449-4e90-8a81-6d016d5b58bb","true","https://www.karmanos.org/Uploads/Public/Documents/corporate/ChargeMasterFile/2026/38-1420304_McLarenCentral_standardcharges.csv","https://www.karmanos.org/karmanos/mclaren-charge-master-files","38-1420304_McLarenCentral_standardcharges.csv","csv","spreadsheet","62502881","false"
"cc:c558703f-4cfc-43a6-9778-aeb2827bd819:b58fccac-bbf6-41f4-b257-a7fc8b5ca972","cc:c558703f-4cfc-43a6-9778-aeb2827bd819","true","https://cdn.accureg.net/trans/cgh/363479824_CGH-Medical-Center_standardcharges.csv","https://www.cghmc.com/patients-visitors/billing-information/price-list","363479824_CGH-Medical-Center_standardcharges.csv","csv","spreadsheet","42300753","false"
"cc:c55bed00-8cdd-443d-8386-da9925cd9bf8:006637ee-0a97-4b99-b79c-6a19b9a82d38","cc:c55bed00-8cdd-443d-8386-da9925cd9bf8","true","https://stctrprodsnsvc00455826e6.blob.core.windows.net/pt-final-posting-files/62-1682201_MEDICAL-CITY-ARLINGTON_standardcharges.json?si=pt-json-access-policy&spr=https&sv=2024-11-04&sr=c&sig=o5IofreS%2F7ETlsnhPakPWCwHVVUZRobywQ5wUKGjVuQ%3D","https://medicalcityhealthcare.com/about/legal/pricing-transparency-cms-required-file-of-standard-charges.dot","62-1682201_MEDICAL-CITY-ARLINGTON_standardcharges.json","json","other","1080954109","false"
"cc:c5e2df13-a046-48e9-bb61-06b47e686890:846b6dca-87ee-45c7-83a7-b7ef5555a5ae","cc:c5e2df13-a046-48e9-bb61-06b47e686890","true","https://www.stbernards.info/app/files/public/f3ad58e6-259c-46c1-aea3-1405c3bcf70c/710835247_st-bernards-community-hospital-corporation_standardcharges.csv","https://www.stbernards.info/patients-visitors/cost-of-care","710835247_st-bernards-community-hospital-corporation_standardcharges.csv","csv","spreadsheet","66007667","false"
"cc:c6aedc20-41b0-4e39-a55e-b9fdd3ad8931:091a36b3-e4ab-4cf3-bcde-6b92e389ecef","cc:c6aedc20-41b0-4e39-a55e-b9fdd3ad8931","true","https://resources.selectmedical.com/Pricing-Transparency/inpatient-rehabilitation/82-3481322_banner_rehab_hospital-phoenix_standardcharges.csv","https://www.banner-rehabhospitals.com/locations-and-tours/banner-rehabilitation-hospital-phoenix/","82-3481322_banner_rehab_hospital-phoenix_standardcharges.csv","csv","spreadsheet","58353460","false"
"cc:c6bbfdef-026a-4c13-95c0-cc226ae14acb:4b80f2bc-98b4-4175-8d31-cafc3bd007b1","cc:c6bbfdef-026a-4c13-95c0-cc226ae14acb","true","https://ukhspricetransparency.blob.core.windows.net/ukhs-price-transparency/83-0516935_TheUniversityOfKansasHealthSystemGreatBendCampus_standardcharges.csv","https://www.kansashealthsystem.com/patient-visitor/financial/patient-bills/services-fees/charge-descriptions","83-0516935_TheUniversityOfKansasHealthSystemGreatBendCampus_standardcharges.csv","csv","spreadsheet","133805511","false"
"cc:c738a02b-086b-4290-bcf5-eab730d80710:85a9167b-5b18-4bd4-8027-d3d1e5f20ae0","cc:c738a02b-086b-4290-bcf5-eab730d80710","true","https://hospitalpricedisclosure.com/Download.aspx?pxi=xO*_*y3fOOMLGcE*__*jd2jdm*_*A*-*&f=1Uqk9sV2mcxtBmvoqWiwog*-*","https://hospitalpricedisclosure.com/default.aspx?ci=fFJE38ye7xsB8Of*_*qxAfVQ*-*","932949739_integris-health-ponca-city-hospital_standardcharges.csv","csv","spreadsheet","31664931","false"
"cc:c7671cdc-a7dc-4824-b7fc-5213ed17ce04:917390bc-84a3-4817-b26f-bcd22fb0302e","cc:c7671cdc-a7dc-4824-b7fc-5213ed17ce04","true","https://www.benefis.org/app/files/public/89af54e0-260a-4558-ad76-87c8fecb5e8a/810232122_BenefisPeaceHospice_standardcharges.csv","https://www.benefis.org/patients-visitors/billing-financial-assistance/price-transparency","810232122_BenefisPeaceHospice_standardcharges.csv","csv","spreadsheet","103405","false"
"cc:c77038cc-44f4-46bb-9330-cda80a4803f5:e3bfaa55-ab4d-4937-9cfd-de8b159bac5a","cc:c77038cc-44f4-46bb-9330-cda80a4803f5","true","https://www.medstarhealth.org/-/media/project/mho/medstar/billing-and-insurance/2026/521369749_1669549614_national_rehabilitation_hospital_inc_standardcharges.csv","https://www.medstarhealth.org/price-transparency-disclosures","521369749_1669549614_National_Rehabilitation_Hospital_Inc_standardcharges.csv","csv","spreadsheet","5016300","false"
"cc:c78b14a8-e339-40e4-ae35-706af8740182:84e986d6-9e2b-4a52-9b4a-65a02fc43394","cc:c78b14a8-e339-40e4-ae35-706af8740182","true","https://baycare.org/-/media/project/baycare/consumer-portal/billing-and-insurance/pricing-files-compressed/590774199_StJosephsHospital_standardcharges.zip","https://baycare.org/billing-and-insurance","590774199_StJosephsHospital_standardcharges.zip","zip","unknown","9489980","false"
"cc:c7a63201-6c41-4797-8956-15f35f423b62:32544b8d-34c2-46e2-ab01-5269d5616eae","cc:c7a63201-6c41-4797-8956-15f35f423b62","true","https://hospitalpricedisclosure.com/Download.aspx?pxi=Jd8dxaq5YxQQS4ceW8qokg*-*&f=1Uqk9sV2mcxtBmvoqWiwog*-*","https://hospitalpricedisclosure.com/default.aspx?ci=fFJE38ye7xsB8Of*_*qxAfVQ*-*","731493662_lakeside-women’s-hospital_standardcharges.csv","csv","spreadsheet","41582061","false"
"cc:c7d10d5f-93db-4de8-96f0-01de139163d1:eea87de0-90cc-49c8-869f-f9086b27ea50","cc:c7d10d5f-93db-4de8-96f0-01de139163d1","true","https://sanjuanhealth.goredde.com/Estimator/Files/87-6000616_San_Juan_Health_Monticello_Clinic_standardcharges.csv","https://sanjuanhealth.goredde.com/estimator","87-6000616_San_Juan_Health_Monticello_Clinic_standardcharges.csv","csv","spreadsheet","177999013","false"
"cc:c7d14bbd-85e9-4567-a038-6981e241b328:2923a03b-d97d-4bd3-8217-810999fbb3af","cc:c7d14bbd-85e9-4567-a038-6981e241b328","true","https://www.yourlourdes.com/docs/ahlourdeshealthlibraries/hcl/mrf3q25/364850536_lourdes-health_standardcharges.csv","https://www.yourlourdes.com/hospital-charges-listing","364850536_lourdes-health_standardcharges.csv","csv","spreadsheet","1142173","false"
"cc:c7e63537-0002-407c-a269-5840f88f0cb6:d6f3436a-9dff-4a6e-a594-5f5d2d6d8a15","cc:c7e63537-0002-407c-a269-5840f88f0cb6","true","https://sthpiprd.blob.core.windows.net/machine-readable-files/9451/390872080_sauk-prairie-healthcare_standardcharges.csv","https://search.hospitalpriceindex.com/hpi2/machineReadable/SaukPrairieHealthcare/9451","390872080_sauk-prairie-healthcare_standardcharges.csv","csv","spreadsheet","138292215","false"
"cc:c7f9a876-0234-4f97-b89a-fc6937922ee5:602f5e92-46aa-48da-b5f5-2b8787fa78d3","cc:c7f9a876-0234-4f97-b89a-fc6937922ee5","true","https://hpt.trinity-health.org/520738041-1669417838_holy-cross-hospital-silver-spring_standardcharges.zip","https://www.holycrosshealth.org/for-patients/billing-financial-assistance-and-insurance/charge-estimates","520738041-1669417838_holy-cross-hospital-silver-spring_standardcharges.zip","zip","unknown","161676182","false"
"cc:c824830e-e591-4a8f-a15a-7ba5c00e4d56:18b55c2a-ff79-44df-a0f3-2d599f7af0a6","cc:c824830e-e591-4a8f-a15a-7ba5c00e4d56","true","https://www.unchealthcare.org/app/files/public/c47a84e0-cf5b-4c13-93b4-d01ebb8499e6/johnston-health-services-corporation_standardcharges.csv","https://www.unchealth.org/records-insurance/standard-charges","johnston-health-services-corporation_standardcharges.csv","csv","spreadsheet","29835194","false"
"cc:c8ff39a0-2762-4901-a8bd-526e3c9c2d64:dce12f19-3840-4a8d-bda5-d4ce00c6b176","cc:c8ff39a0-2762-4901-a8bd-526e3c9c2d64","true","http://www.choctawregional.com/wp-content/uploads/2019/01/CRMC-Standard-Charges1.1.csv","http://www.choctawregional.com/standard-charges/","CRMC-Standard-Charges1.1.csv","csv","spreadsheet","97594","false"
"cc:c9026dee-5d9e-4eac-82ce-1bbe67e6f719:a860e7a5-60ff-43c9-8554-4547aa43c8e1","cc:c9026dee-5d9e-4eac-82ce-1bbe67e6f719","true","https://resources.selectmedical.com/pricing-transparency/critical-illness-recovery/81-2297468_Select_Specialty_Hospital_Tucson_Northwest_standardcharges.csv","https://www.selectspecialtyhospitals.com/patients-and-caregivers/admissions/price-transparency/","81-2297468_Select_Specialty_Hospital_Tucson_Northwest_standardcharges.csv","csv","spreadsheet","87018251","false"
"cc:c907a6b9-a2ba-4355-aeb8-3612332af434:0668a2b5-a929-4bed-ba8b-095c139e50ca","cc:c907a6b9-a2ba-4355-aeb8-3612332af434","true","https://resources.selectmedical.com/Pricing-Transparency/critical-illness-recovery/83-3353703_Select_Specialty_Hospital-The_Villages_standardcharges.csv","https://www.selectspecialtyhospitals.com/patients-and-caregivers/admissions/price-transparency","83-3353703_Select_Specialty_Hospital-The_Villages_standardcharges.csv","csv","spreadsheet","92337957","false"
"cc:c91b73e1-452b-4ff2-89ad-29b0a9296fad:97f3a955-73de-48a3-aa94-6106e96b81e5","cc:c91b73e1-452b-4ff2-89ad-29b0a9296fad","true","https://sthpiprd.blob.core.windows.net/machine-readable-files/11273/840175870_boulder-community-health_standardcharges.csv","https://search.hospitalpriceindex.com/hpi2/machineReadable/BoulderCommunityHealth/11273","840175870_boulder-community-health_standardcharges.csv","csv","spreadsheet","912552766","false"
"cc:c95826dd-ea54-4399-8d1a-1d727addebdc:e0f46256-0fd4-40a0-89a1-cdf5d9e64e47","cc:c95826dd-ea54-4399-8d1a-1d727addebdc","true","https://hospitalpricedisclosure.com/Download.aspx?pi=01WinMDoS5BLgyO*__*cluecg*-*","https://www.mystfrancis.com/price-transparency","475259919_st-francis-hospital---emory-healthcare_standardcharges.json","json","other","38393151","false"
"cc:c9a9b0a3-b1b5-4293-9a57-a37e7123aac3:1c10b494-46c3-41a9-a126-2b69e00ee22b","cc:c9a9b0a3-b1b5-4293-9a57-a37e7123aac3","true","https://clariti-health.com/csp/clariti/QuotableService.csp?orgKey=4345WE","https://clariti-health.com/csp/clariti/QuotableService.csp?orgKey=4345WE","205071967_Physicians-Medical-Center-LLC_standardcharges.csv","csv","spreadsheet","3063595","false"
"cc:c9df8f82-fd9a-42cb-bb19-f6397472e46a:32de8e8e-428a-43cb-bb78-86a88e24851a","cc:c9df8f82-fd9a-42cb-bb19-f6397472e46a","true","https://memorialhermann.org/-/media/memorial-hermann/org/files/patients-and-visitors/cms-standard-hospital-charges/741152597_mhhs-opid-upper-kirby_standardcharges.csv","https://memorialhermann.org/patients-visitors/patient-services/financial-care/financial-resources/cms-price-transparency-information","741152597_mhhs-opid-upper-kirby_standardcharges.csv","csv","spreadsheet","36141350","false"
"cc:ca291712-4d95-440b-992e-c936d7b98418:8bd9274a-0fdc-44f1-9dd9-255d87a5287c","cc:ca291712-4d95-440b-992e-c936d7b98418","true","https://urldefense.com/v3/__https://hospitalpricedisclosure.com/download.aspx?pi=sLxj45uZ*__*ORsI*_*U82A0bfw*-*__;KioqKioq!!OwHQNGuS!NNxzc3gzcCDbWC_3aBKJU3Bm28st5mdzWI_DoAkJmDmhsUhsHjB8niD15jvlGIrs7b_d4aR0fJBjowy6rVbgBT4WjbYZLA$","https://urldefense.com/v3/__https://HospitalPriceDisclosure.com/Default.aspx?ci=RsbcVwMa5jfnDZuYpIqAxQ*-*__;Kio!!OwHQNGuS!NNxzc3gzcCDbWC_3aBKJU3Bm28st5mdzWI_DoAkJmDmhsUhsHjB8niD15jvlGIrs7b_d4aR0fJBjowy6rVbgBT5sJPyOLA$","581425000_adventhealth-murray_standardcharges.json","json","other","15224781","false"
"cc:ca338bd5-5a28-4a69-a858-20c45aa7c375:084517ce-ffce-4809-b0a1-97064d2fa803","cc:ca338bd5-5a28-4a69-a858-20c45aa7c375","true","https://stctrprodsnsvc00455826e6.blob.core.windows.net/pt-final-posting-files/90-0811360_HCA-FLORIDA-POINCIANA-HOSPITAL_standardcharges.json?si=pt-json-access-policy&spr=https&sv=2024-11-04&sr=c&sig=o5IofreS%2F7ETlsnhPakPWCwHVVUZRobywQ5wUKGjVuQ%3D","https://www.hcafloridahealthcare.com/patient-resources/patient-financial-resources/pricing-transparency-cms-required-file-of-standard-charges","90-0811360_HCA-FLORIDA-POINCIANA-HOSPITAL_standardcharges.json","json","other","677764527","false"
"cc:ca49dcf9-0196-4e3b-9ed2-7bf585ed183c:95b8fe97-0f14-47dc-9dd6-dc65c92aa548","cc:ca49dcf9-0196-4e3b-9ed2-7bf585ed183c","true","https://www.avera.org/app/files/public/552f58d0-bf09-4093-b27e-8b2b093f53ab/460224598_avera-st-lukes-hospital_standardcharges.csv","https://www.avera.org/patients-visitors/price-transparency/","460224598_avera-st-lukes-hospital_standardcharges.csv","csv","spreadsheet","13805471","false"
"cc:ca4e9372-f6f1-472f-a59e-272883f39625:8139546f-940b-49bb-b817-c8ce1a2daa4b","cc:ca4e9372-f6f1-472f-a59e-272883f39625","true","https://www.allinahealth.org/-/media/allina-health/files/customer-service/billing-and-insurance/price-transparency/363261413_owatonna-hospital_standardcharges.csv","https://www.allinahealth.org/customer-service/billing-and-insurance","363261413_Owatonna-Hospital_standardcharges.csv","csv","spreadsheet","156565724","false"
"cc:ca69fbe6-a879-4e97-9b10-605739b51efb:d0736fa3-32fb-49af-8d87-3cc2a5ce9850","cc:ca69fbe6-a879-4e97-9b10-605739b51efb","true","https://resources.selectmedical.com/Pricing-Transparency/critical-illness-recovery/37-1426852_Select_Specialty_Hospital-Orlando_North_standardcharges.csv","https://www.selectspecialtyhospitals.com/patients-and-caregivers/admissions/price-transparency","37-1426852_Select_Specialty_Hospital-Orlando_North_standardcharges.csv","csv","spreadsheet","101132763","false"
"cc:cad26209-b5fc-42e6-ad7f-06f6d88d972c:2c53e69e-31d5-4d75-af0d-1bae71e69fa6","cc:cad26209-b5fc-42e6-ad7f-06f6d88d972c","true","https://images.pricetransparency.healthcare/bronson-methodist/381359087_bronson-methodist-hospital_standardcharges.csv","https://www.bronsonhealth.com/help/billing/standard-charges","381359087_bronson-methodist-hospital_standardcharges.csv","csv","spreadsheet","190575107","false"
"cc:cad55541-f1d2-4496-a507-e116a59e7b00:66bc8c61-5540-4b9c-84a4-c21dd07441c0","cc:cad55541-f1d2-4496-a507-e116a59e7b00","true","https://apps.para-hcfs.com/PTT/FinalLinks/Reports.aspx?dbName=dbTJSamsonCommunity&type=CDMWithoutLabel&fileType=CSV","https://www.tjregionalhealth.org/patients-visitors/billing-insurance-pricing/price-lists","610461767_t-j-samson-community-hospital_standardcharges.csv","csv","spreadsheet","90364189","false"
"cc:cade0674-9926-40e1-b6c7-c08a992c6023:bae09182-0a48-41eb-a57c-38c521d5e0e6","cc:cade0674-9926-40e1-b6c7-c08a992c6023","true","https://umrhospital.com/wp-content/uploads/2021/01/CMS-Price-Transparency-01012021.xlsx","https://umrhospital.com/pricing-transparency/","CMS-Price-Transparency-01012021.xlsx","xlsx","spreadsheet","116192","false"
"cc:cb4eb6f3-203b-45b8-982e-8d4be05ed328:6cb4d4b9-bec0-4ecb-8bc5-39570345899a","cc:cb4eb6f3-203b-45b8-982e-8d4be05ed328","true","https://www.mercyhealthsystem.org/media/5014c1033bbf4dfd915202e2e2cd1dcf/390816848-mercywalworthhospital-standardcharges.json","https://www.mercyhealthsystem.org/patientsvisitors/billing-information/chargemaster","390816848-mercywalworthhospital-standardcharges.json","json","other","16248357","false"
"cc:cb569e25-2497-481f-8c11-dfebcdf8042f:18056af5-bfe0-43ec-812b-ec003908fdf8","cc:cb569e25-2497-481f-8c11-dfebcdf8042f","true","https://mrfs.hyvehealthcare.com/USPI/731623669_oklahoma-center-for-orthopaedic-%26-multi-specialty-surgery%2C-llc_standardcharges.json","https://ocomhospital.com/Hospital-Pricing-Information","-multi-specialty-surgery,-llc_standardcharges.json","json","other","31686740","false"
"cc:cb5a7570-9262-4149-86eb-f4c81ba3bc1f:feed7832-06c4-4056-b1c0-10f8d9753832","cc:cb5a7570-9262-4149-86eb-f4c81ba3bc1f","true","https://apim.services.craneware.com/api-pricing-transparency/api/public/adaa9f424037c14e38f67f19213947d9/charges/mrf","https://www.centracare.com/patient-resources/estimates/pricing/","463298651_CentraCare-Health-Paynesville-LLC_standardcharges.csv","csv","spreadsheet","13605546","false"
"cc:cbb61e9f-d01c-451d-bb3c-93296fdae163:546cf8a7-63b3-40cd-bf13-8911d14b8fcf","cc:cbb61e9f-d01c-451d-bb3c-93296fdae163","true","https://hospitalpricetransparencyfiles.com/carteret-county-general-hospital-corporation/560952955_Carteret-County-General-Hospital-Corporation_standardcharges.csv","https://ezcost.info/carteret-healthcare/estimate_cost","560952955_Carteret-County-General-Hospital-Corporation_standardcharges.csv","csv","spreadsheet","5870876","false"
"cc:cc095bcc-b384-4283-b91a-5bb98d1ae4f4:051d9a5f-7e3d-4c41-82b0-251da4eb35e5","cc:cc095bcc-b384-4283-b91a-5bb98d1ae4f4","true","https://stctrprodsnsvc00455826e6.blob.core.windows.net/pt-final-posting-files/74-2781812_ST.-DAVID'S-SOUTH-AUSTIN-MEDICAL-CENTER_standardcharges.json?si=pt-json-access-policy&spr=https&sv=2024-11-04&sr=c&sig=o5IofreS%2F7ETlsnhPakPWCwHVVUZRobywQ5wUKGjVuQ%3D","https://stdavids.com/about/legal/pricing-transparency-cms-required-file-of-standard-charges.dot","74-2781812_ST.-DAVID'S-SOUTH-AUSTIN-MEDICAL-CENTER_standardcharges.json","json","other","1062913954","false"
"cc:cc1a20a4-ac1f-4dcb-8382-7c6c431bd80b:1d0271fe-2362-4057-977a-ce41991db847","cc:cc1a20a4-ac1f-4dcb-8382-7c6c431bd80b","true","https://resources.selectmedical.com/Pricing-Transparency/critical-illness-recovery/38-3647406_Select_Specialty_Hospital-Panama_City_standardcharges.csv","https://www.selectspecialtyhospitals.com/patients-and-caregivers/admissions/price-transparency","38-3647406_Select_Specialty_Hospital-Panama_City_standardcharges.csv","csv","spreadsheet","95265056","false"
"cc:cc23f983-59ce-44e8-a169-dc75d3a06d1f:665ea9c1-18e8-4c03-8c76-e88a9d181fa4","cc:cc23f983-59ce-44e8-a169-dc75d3a06d1f","true","https://urldefense.com/v3/__https://hospitalpricedisclosure.com/download.aspx?pi=pIW4qmkwQPrZ*_*xZuw*__*zMfg*-*__;KioqKioq!!OwHQNGuS!NNxzc3gzcCDbWC_3aBKJU3Bm28st5mdzWI_DoAkJmDmhsUhsHjB8niD15jvlGIrs7b_d4aR0fJBjowy6rVbgBT68ajrOsA$","https://urldefense.com/v3/__https://HospitalPriceDisclosure.com/Default.aspx?ci=RsbcVwMa5jfnDZuYpIqAxQ*-*__;Kio!!OwHQNGuS!NNxzc3gzcCDbWC_3aBKJU3Bm28st5mdzWI_DoAkJmDmhsUhsHjB8niD15jvlGIrs7b_d4aR0fJBjowy6rVbgBT5sJPyOLA$","590725553_adventhealth-sebring_standardcharges.json","json","other","20319455","false"
"cc:cc3ce20e-8d6a-419e-9fba-bf22a4e72508:67b7d6c1-6bc7-4118-83df-072b0c4bac3e","cc:cc3ce20e-8d6a-419e-9fba-bf22a4e72508","true","https://resources.selectmedical.com/Pricing-Transparency/critical-illness-recovery/25-1890958_Select_Specialty_Hospital-Saginaw_standardcharges.csv","https://www.selectspecialtyhospitals.com/patients-and-caregivers/admissions/price-transparency","25-1890958_Select_Specialty_Hospital-Saginaw_standardcharges.csv","csv","spreadsheet","159217165","false"
"cc:cc79b8d6-6df8-44f5-aa3c-b87203b81d2c:a4ec3b0d-14e5-4907-86fd-e187500da7cc","cc:cc79b8d6-6df8-44f5-aa3c-b87203b81d2c","true","https://www.firstcarehc.com/wp-content/uploads/2025/11/2026-FCHC-Pricing-Transparency-Standard-Charges.csv","https://www.firstcarehc.com/resources/	","2026-FCHC-Pricing-Transparency-Standard-Charges.csv","csv","spreadsheet","3999778","false"
"cc:cc9d5a78-2d32-459b-8685-8cd417102aa6:f87aa25e-3340-4e5a-aa37-1e53eaf08ac1","cc:cc9d5a78-2d32-459b-8685-8cd417102aa6","true","https://mrfs.hyvehealthcare.com/USPI/680561190_surgical-institute-of-reading-llc_standardcharges.json","https://sireading.com/hospital-pricing-information/","680561190_surgical-institute-of-reading-llc_standardcharges.json","json","other","28466348","false"
"cc:cca41300-f49c-4106-9b98-0cb487715512:f58ac02a-6409-4d7c-a3c6-7137628264c8","cc:cca41300-f49c-4106-9b98-0cb487715512","true","https://mrfs.hyvehealthcare.com/USPI/202501360_community-hospital-llc_standardcharges.csv","https://communityhospitalokc.com/about/hospital-pricing-information","202501360_community-hospital-llc_standardcharges.csv","csv","spreadsheet","108658868","false"
"cc:ccf183e3-964a-4008-a47f-4bc8204d3607:2bd16202-e206-484f-bd4d-3c922e6eb6af","cc:ccf183e3-964a-4008-a47f-4bc8204d3607","true","https://www.pihhealth.org/app/files/public/e2abca98-4814-42a8-8b5d-393e0e670622/951656366_PIH%20Good%20Samaritan%20Hospital_standardcharges_3.16.26.csv","https://www.pihhealth.org/patients-visitors/billing-financial-assistance/cms-hospital-pricing/","951656366_PIH Good Samaritan Hospital_standardcharges_3.16.26.csv","csv","spreadsheet","662689837","false"
"cc:cd028f1f-8d22-4fcd-8fcd-b8658be9c253:69515966-ebc7-485b-af83-6d7d23f37fa6","cc:cd028f1f-8d22-4fcd-8fcd-b8658be9c253","true","https://saintjosephelgin.com/wp-content/uploads/2026/04/992115457_SaintJosephHospital_standardcharges.JSON","https://saintjosephelgin.com/price-transparency","992115457_SaintJosephHospital_standardcharges.JSON","json","other","54961492","false"
"cc:cd5c8bd3-4551-43c8-8f05-838f5c3051bf:2f63c694-0fd3-4d3e-9a73-c2f461fbc0f2","cc:cd5c8bd3-4551-43c8-8f05-838f5c3051bf","true","https://www.asante.org/app/files/public/361f9b00-187a-4091-ba37-1c3308bed5eb/AsanteRogueRegionalMedicalCenter_StandardCharges.zip","https://www.asante.org/patients-visitors/bill-pay/standard-charges/","AsanteRogueRegionalMedicalCenter_StandardCharges.zip","zip","unknown","273078593","false"
"cc:cd87c292-3b80-4bba-9813-46984a248f46:ac17bd07-977e-42d8-b77f-cb1ef66da708","cc:cd87c292-3b80-4bba-9813-46984a248f46","true","https://stctrprodsnsvc00455826e6.blob.core.windows.net/pt-final-posting-files/62-1113737_TRISTAR-SUMMIT-MEDICAL-CENTER_standardcharges.json?si=pt-json-access-policy&spr=https&sv=2024-11-04&sr=c&sig=o5IofreS%2F7ETlsnhPakPWCwHVVUZRobywQ5wUKGjVuQ%3D","https://www.tristarhealth.com/patient-resources/patient-financial-resources/pricing-transparency-cms-required-file-of-standard-charges","62-1113737_TRISTAR-SUMMIT-MEDICAL-CENTER_standardcharges.json","json","other","366104176","false"
"cc:cdcae80d-e05a-4de6-9d29-4d08a8e9f861:6524a13f-6499-4998-99a3-8f8de3d3afbc","cc:cdcae80d-e05a-4de6-9d29-4d08a8e9f861","true","https://stctrprodsnsvc00455826e6.blob.core.windows.net/pt-final-posting-files/74-2499952_DEL-SOL-MEDICAL-CENTER_standardcharges.json?si=pt-json-access-policy&spr=https&sv=2024-11-04&sr=c&sig=o5IofreS%2F7ETlsnhPakPWCwHVVUZRobywQ5wUKGjVuQ%3D","https://www.laspalmasdelsolhealthcare.com/patient-resources/patient-financial-resources/pricing-transparency-cms-required-file-of-standard-charges","74-2499952_DEL-SOL-MEDICAL-CENTER_standardcharges.json","json","other","928378384","false"
"cc:cde633d8-1170-4539-b6b8-c206a31e779a:49c0c896-5c45-449b-ae1e-4b0f05ae8706","cc:cde633d8-1170-4539-b6b8-c206a31e779a","true","https://lcmchealthfiles.blob.core.windows.net/mrf/Lakeside%20Hospital-PricingTransparency-2026-07-01%2009_47_04.csv","https://www.lcmchealth.org/for-patients/financial-assistance/price-transparency/","Lakeside Hospital-PricingTransparency-2026-07-01 09_47_04.csv","csv","spreadsheet","1451476303","false"
"cc:ce480e7b-6fbc-4766-97a4-38fddc53a13d:3bd2cb11-dca4-46d7-8404-fbe1fa55bf08","cc:ce480e7b-6fbc-4766-97a4-38fddc53a13d","true","https://edge.sitecorecloud.io/sutterhealt962c-sutterhealt8fce-production57cc-4860/media/Project/SutterHealth/SutterHealth/Files/billing-insurance/costs-and-charges/940562680-1104059153_novato-community-hospital_standardcharges.csv","https://www.sutterhealth.org/billing-insurance/costs-and-charges/cost-transparency","940562680-1104059153_novato-community-hospital_standardcharges.csv","csv","spreadsheet","9845276","false"
"cc:cee3dadb-c17b-4c9d-97a4-324508c7521f:803622f0-19c5-4982-aeac-e631a6be6664","cc:cee3dadb-c17b-4c9d-97a4-324508c7521f","true","https://resources.selectmedical.com/Pricing-Transparency/critical-illness-recovery/80-0077092_Select_Specialty_Hospital-McKeesport_standardcharges.csv","https://www.selectspecialtyhospitals.com/patients-and-caregivers/admissions/price-transparency","80-0077092_Select_Specialty_Hospital-McKeesport_standardcharges.csv","csv","spreadsheet","146090239","false"
"cc:cf2a016a-4168-46fd-a976-df8056994def:19512662-9eaa-4789-85c1-d78ba7311504","cc:cf2a016a-4168-46fd-a976-df8056994def","true","https://apps.para-hcfs.com/PTT/FinalLinks/Reports.aspx?dbName=dbRMHMARYSVILLECA&type=CDMWithoutLabel&fileType=CSV","https://www.adventisthealth.org/patients-and-visitors/price-transparency/","941387866_rideout-memorial-hospital_standardcharges.csv","csv","spreadsheet","188423466","false"
"cc:cf5ae72d-c3f3-446b-9772-4641d148f695:6c216ca1-1758-49cb-92e9-cc12c91ed8bb","cc:cf5ae72d-c3f3-446b-9772-4641d148f695","true","https://edge.sitecorecloud.io/childrensnationalhospital-cm4i6knf/media/cnhs-site/files/specialty-care/insurance-and-billing/530204670_childrens-national-rehabilitation-and-specialized-care_standardcharges.csv","https://www.childrensnational.org/plan-your-visit/insurance-and-billing/hospital-services-and-charges","530204670_childrens-national-rehabilitation-and-specialized-care_standardcharges.csv","csv","spreadsheet","25551614","false"
"cc:cfad979f-ca95-48c4-a726-ea8f40085d25:b91ca0a9-b842-47c5-8908-2fbc63486a19","cc:cfad979f-ca95-48c4-a726-ea8f40085d25","true","https://resources.selectmedical.com/pricing-transparency/critical-illness-recovery/37-1426852_Select_Specialty_Hospital-Orlando_South_standardcharges.csv","https://www.selectspecialtyhospitals.com/patients-and-caregivers/admissions/price-transparency/","37-1426852_Select_Specialty_Hospital-Orlando_South_standardcharges.csv","csv","spreadsheet","101139181","false"
"cc:cfcee2b7-9cfe-480d-86a2-bd4dd7b4884c:4e6f6375-2c71-44bc-951e-6c60ce5d0116","cc:cfcee2b7-9cfe-480d-86a2-bd4dd7b4884c","true","https://edge.sitecorecloud.io/unitedsurgi1178-uspi-prod-c5b4/media/Project/Uspi/Sites/Midwest-Specialty-Surgery-Center/IN---Indianapolis.xlsx","https://midwestspecialtysurgery.com/Indiana-Price-Transparency","IN---Indianapolis.xlsx","xlsx","spreadsheet","15753","false"
"cc:cfdaf185-c3ac-4d17-aa5b-98f00abe4d0f:c7e4d077-9af3-4698-9272-68fe9c2f7867","cc:cfdaf185-c3ac-4d17-aa5b-98f00abe4d0f","true","https://mrfs.hyvehealthcare.com/TenetHealth/452662980-1457994188_vhs-harlingen-hospital-company-llc_standardcharges.json","https://www.valleybaptist.net/patients/pricing-info-estimates/hospital-pricing-information","452662980-1457994188_vhs-harlingen-hospital-company-llc_standardcharges.json","json","other","3331307","false"
"cc:cff3011c-a4d7-436c-8de3-36a317aef2a5:22614e17-5a5d-4b79-ad59-1997293d9c1f","cc:cff3011c-a4d7-436c-8de3-36a317aef2a5","true","https://dam.upmc.com/-/media/upmc/locations/hospitals/documents/cdm-json-files/240795508_upmc-williamsport_standardcharges.csv?la=en&rev=51d7e3604964437b8be6b7516d37307d&hash=B572CEBCE01AD52AF081D8B2CAE216F5","https://www.upmc.com/locations/hospitals/williamsport/patients-visitors/patient-info/cdm","240795508_upmc-williamsport_standardcharges.csv","csv","spreadsheet","148601359","false"
"cc:d0110dbf-865b-46ac-9df9-be3c2e87247c:fec34702-bf6b-4cbf-966c-207d1de7f401","cc:d0110dbf-865b-46ac-9df9-be3c2e87247c","true","https://www.owensborohealth.org/sites/default/files/documents/611286361_owensboro-health-regional-hospital_standardcharges.zip","https://www.owensborohealth.org/patient-visitor/billing/pricing-information","611286361_owensboro-health-regional-hospital_standardcharges.zip","zip","unknown","62931625","false"
"cc:d079c9c4-558d-4139-89bd-c3a7adb75412:36a8efad-2353-4dbe-bcd0-355eadbb5a34","cc:d079c9c4-558d-4139-89bd-c3a7adb75412","true","https://hospitalpricedisclosure.com/Download.aspx?pxi=frGwcF6pG1MW96eqg4b2tg*-*&f=iFd*_*cEPwhQHJy3lVvHy9uQ*-*","https://hospitalpricedisclosure.com/Default.aspx?ci=RsbcVwMa5jfnDZuYpIqAxQ*-*","840438224_adventhealth-parker_standardcharges.json","json","other","41937485","false"
"cc:d07f411e-f795-4090-917c-1aeba861680f:cd7700ca-4ba6-4d73-874d-f548e4255cc0","cc:d07f411e-f795-4090-917c-1aeba861680f","true","https://files.trueaccess.care/broadlawns/426005830_broadlawns_standardcharges.csv","https://www.broadlawns.org/patients-and-visitors/billing-financial/price-list-and-cost-estimates","426005830_broadlawns_standardcharges.csv","csv","spreadsheet","15313728","false"
"cc:d096de58-a652-459b-a319-fc38f6617e1e:db32bf4a-2695-4438-bd24-6582e9d9fa8e","cc:d096de58-a652-459b-a319-fc38f6617e1e","true","https://us.flow-prod.boomi.com/f2a4d421-8a52-4b09-8a4c-8476aae2d651/play/ptt?join=bae45653-c062-401b-aaa6-46032d365595&hospital-id=80","https://www.ricelandhealthcare.com/","752922928-1316623481_Riceland_Medical_Center_standardcharges.csv","csv","spreadsheet","1224496","false"
"cc:d0a90fda-5591-45a5-9dc7-31d28e0ef78a:68a4dfeb-7945-4307-9692-acd66a2af301","cc:d0a90fda-5591-45a5-9dc7-31d28e0ef78a","true","https://intensivespecialty.com/wp-content/uploads/2026/04/83-4071258_ShreveportCampus_IntensiveSpecialtyHospital_Standardcharges.csv","https://intensivespecialty.com/price-transparency","83-4071258_ShreveportCampus_IntensiveSpecialtyHospital_Standardcharges.csv","csv","spreadsheet","1946465","false"
"cc:d0be8ce4-57c5-4f13-b39c-128924d58225:6fe6c3cd-a120-4615-8999-4b54f0acfc64","cc:d0be8ce4-57c5-4f13-b39c-128924d58225","true","https://mrfs.hyvehealthcare.com/TenetHealth/752922687_delray-medical-center%2C-inc._standardcharges.json","https://www.palmbeachhealthnetwork.com/patients/pricing-info-estimates/hospital-pricing-information","752922687_delray-medical-center,-inc._standardcharges.json","json","other","3320916","false"
"cc:d0d36b81-c68e-49a4-b44c-f88e36a1cab0:70f6ae38-97fe-4ad4-970e-6db9236d1d42","cc:d0d36b81-c68e-49a4-b44c-f88e36a1cab0","true","https://urldefense.com/v3/__https://hospitalpricedisclosure.com/download.aspx?pi=8yRK*__*VbB1oVNoIJqoD58NA*-*__;KioqKg!!OwHQNGuS!NNxzc3gzcCDbWC_3aBKJU3Bm28st5mdzWI_DoAkJmDmhsUhsHjB8niD15jvlGIrs7b_d4aR0fJBjowy6rVbgBT4ML-wWrA$","https://urldefense.com/v3/__https://HospitalPriceDisclosure.com/Default.aspx?ci=RsbcVwMa5jfnDZuYpIqAxQ*-*__;Kio!!OwHQNGuS!NNxzc3gzcCDbWC_3aBKJU3Bm28st5mdzWI_DoAkJmDmhsUhsHjB8niD15jvlGIrs7b_d4aR0fJBjowy6rVbgBT5sJPyOLA$","742225672_adventhealth-central-texas_standardcharges.json","json","other","18056145","false"
"cc:d0d649a4-3bee-4e20-8cce-bf14264b1859:7fb1dde6-d33e-4c9f-b032-44db2630b12a","cc:d0d649a4-3bee-4e20-8cce-bf14264b1859","true","https://www.unchealthcare.org/app/files/public/7c4fb899-ac62-4a7f-9eb8-65a532c51fdc/university-of-north-carolina-hospitals-at-chapel-hill_standardcharges.csv","https://www.unchealth.org/records-insurance/standard-charges","university-of-north-carolina-hospitals-at-chapel-hill_standardcharges.csv","csv","spreadsheet","91057468","false"
"cc:d0f8104c-7fd5-4c6f-a135-906b9e7da7da:1fc8cf1d-d65b-43d2-bf58-dbd96f1dde32","cc:d0f8104c-7fd5-4c6f-a135-906b9e7da7da","true","https://altru.org/documents/450310462altru-hospitalstandardcharges.csv","https://www.altru.org/patients-visitors/billing-insurance/price-estimates-transparency/","450310462_altru-hospital_standardcharges_1.csv","csv","spreadsheet","43220776","false"
"cc:d1007f2f-15e6-4921-b968-839df9741b60:2872c7f0-9f96-4e92-92d7-5d4cbd51e394","cc:d1007f2f-15e6-4921-b968-839df9741b60","true","https://clearskyhealth.com/rosepine/wp-content/uploads/sites/5/2023/12/721420590_ClearSky-Rehabilitation-Hospital-of-Rosepine_Standard-Charges.csv","https://clearskyhealth.com/rosepine/about-us/pricing-transparency/","721420590_ClearSky-Rehabilitation-Hospital-of-Rosepine_Standard-Charges.csv","csv","spreadsheet","237339","false"
"cc:d112cc26-312f-4343-bd38-0ea8007724a0:ccd510c2-0927-4358-be7e-52b2fcc4c9da","cc:d112cc26-312f-4343-bd38-0ea8007724a0","true","https://sweetwater.goredde.com/Estimator/Files/83-6000295_Memorial_Hospital_of_Sweetwater_County_Clinics_standardcharges.csv","https://sweetwater.goredde.com/Estimator","83-6000295_Memorial_Hospital_of_Sweetwater_County_Cancer_Center_standardcharges.csv","csv","spreadsheet","44787054","false"
"cc:d131c1d9-2620-46db-a30c-dd500b7b574d:5bb19820-03b6-4067-8fbe-b066ae0e352e","cc:d131c1d9-2620-46db-a30c-dd500b7b574d","true","https://apps.para-hcfs.com/PTT/FinalLinks/Reports.aspx?dbName=dbMMCHARLANIA&type=CDMWithoutLabel&fileType=CSV","https://apps.para-hcfs.com/PTT/FinalLinks/Myrtue_V2.aspx","426037826_shelby-county-chris-a-myrtue-memorial-hospital_standardcharges.csv","csv","spreadsheet","18507615","false"
"cc:d1400f6b-dfb0-4bd8-974b-38c8720bb64b:04ebec8d-560f-49ff-89b6-829d16dd0a12","cc:d1400f6b-dfb0-4bd8-974b-38c8720bb64b","true","https://resources.selectmedical.com/Pricing-Transparency/critical-illness-recovery/38-3345654_Select_Specialty_Hospital-Pontiac_standardcharges.csv","https://www.selectspecialtyhospitals.com/patients-and-caregivers/admissions/price-transparency","38-3345654_Select_Specialty_Hospital-Pontiac_standardcharges.csv","csv","spreadsheet","157065877","false"
"cc:d1860fe2-a507-4aa1-a079-dbc2f7a00fe2:e129dff8-7b57-4c8e-9e86-d6d70eb33545","cc:d1860fe2-a507-4aa1-a079-dbc2f7a00fe2","true","https://resources.selectmedical.com/Pricing-Transparency/critical-illness-recovery/25-1858065_Select_Specialty_Hospital_Erie_standardcharges.csv","https://www.selectspecialtyhospitals.com/patients-and-caregivers/admissions/price-transparency","25-1858065_Select_Specialty_Hospital_Erie_standardcharges.csv","csv","spreadsheet","143504561","false"
"cc:d18be18b-224d-440b-b4a5-bdccadcb7f6b:f3ea3f49-6bdf-45b0-ac21-c055a8e763be","cc:d18be18b-224d-440b-b4a5-bdccadcb7f6b","true","https://stctrprodsnsvc00455826e6.blob.core.windows.net/pt-final-posting-files/46-4660005_OVIEDO-MEDICAL-CENTER_standardcharges.json?si=pt-json-access-policy&spr=https&sv=2024-11-04&sr=c&sig=o5IofreS%2F7ETlsnhPakPWCwHVVUZRobywQ5wUKGjVuQ%3D","https://www.hcafloridahealthcare.com/patient-resources/patient-financial-resources/pricing-transparency-cms-required-file-of-standard-charges","46-4660005_OVIEDO-MEDICAL-CENTER_standardcharges.json","json","other","236459130","false"
"cc:d19a7c94-760c-4093-a2c4-7ec2ec6e9e0d:1a19dda1-3f14-46b3-9b57-1234e00c5f1f","cc:d19a7c94-760c-4093-a2c4-7ec2ec6e9e0d","true","https://www.bryanhealth.com/app/files/public/e01c3132-8364-4d8d-b232-e46446138095/352621082_grand-island-regional-medical-center_standardcharges.csv","https://www.bryanhealth.com/patients-visitors/pricing-insurance-financial-assistance-billing/price-estimates/","352621082_grand-island-regional-medical-center_standardcharges.csv","csv","spreadsheet","1801395","false"
"cc:d1a83357-246e-48a6-b703-67779fc804bc:1040f04e-6fe5-460d-a986-c0b3685dfad9","cc:d1a83357-246e-48a6-b703-67779fc804bc","true","https://www.milebluff.com/documents/standard_charges/390992883_mile-bluff-medical-center_standardcharges.csv","https://www.milebluff.com/patients-visitors/billing-information/understanding-medical-bill/price-estimates","390992883_mile-bluff-medical-center_standardcharges.csv","csv","spreadsheet","15574973","false"
"cc:d1c65a6a-8937-4805-b380-06326de11bbe:23614206-6b90-4e2a-8f0b-63ceb6be5895","cc:d1c65a6a-8937-4805-b380-06326de11bbe","true","https://www.tidelandshealth.org/app/files/public/c8f58b1e-fc58-4888-80f7-b58544e47b8d/570341194_GeorgetownMemorialHospital_standardcharges.csv","https://www.tidelandshealth.org/patients-visitors/standard-charges","570341194_GeorgetownMemorialHospital_standardcharges.csv","csv","spreadsheet","10878976","false"
"cc:d2a1a434-bd95-4006-97a5-bf1989709880:75b34f4c-43be-4a5e-8314-1089333925d8","cc:d2a1a434-bd95-4006-97a5-bf1989709880","true","https://www.medstarhealth.org/-/media/project/mho/medstar/billing-and-insurance/2026/521369749_1508932708_national_rehabilitation_hospital_inc_standardcharges.csv","https://www.medstarhealth.org/price-transparency-disclosures","521369749_1508932708_National_Rehabilitation_Hospital_Inc_standardcharges.csv","csv","spreadsheet","539532","false"
"cc:d2e0a6af-d774-4ea1-b393-2b07e84e44d1:9079de65-73d8-4300-b231-e0a911a0bab1","cc:d2e0a6af-d774-4ea1-b393-2b07e84e44d1","true","https://wvumedicine.org/wp-content/uploads/2026/08/341571750_Harrison-Community-Hospital-Inc._standardcharges.csv","https://wvumedicine.org/billing-and-insurance/costs-and-charges","341571750_Harrison-Community-Hospital-Inc._standardcharges.csv","csv","spreadsheet","43303132","false"
"cc:d2f0c59a-cfd7-4920-8d13-708728dfcfd5:08ab20c4-3895-45bf-ab12-0c9ad525b780","cc:d2f0c59a-cfd7-4920-8d13-708728dfcfd5","true","https://clariti-health.com/csp/clariti/QuotableService.csp?orgKey=4285QX","https://txsurgical.com/","843385649_Texas-Surgical-Hospital_standardcharges.csv","csv","spreadsheet","22275576","false"
"cc:d3513392-a5ad-48d7-b19d-f3c601251f08:11a60463-6d14-4ed2-ba0a-5b385f12002a","cc:d3513392-a5ad-48d7-b19d-f3c601251f08","true","https://dam.upmc.com/-/media/upmc/locations/hospitals/documents/cdm-json-files/250965451_upmc-passavant_standardcharges.csv?la=en&rev=a6411c7523944e34a8394ccdc727a966&hash=D6F079CE6B68021734C23FB0844A1DAC","https://www.upmc.com/locations/hospitals/passavant/patients-visitors/passavant-patient-info/cdm","250965451_upmc-passavant_standardcharges.csv","csv","spreadsheet","156077720","false"
"cc:d35a4c9d-01d6-4861-98ff-fd26e146353f:bea74939-9175-4678-8dc0-1cb1705b0c55","cc:d35a4c9d-01d6-4861-98ff-fd26e146353f","true","https://smmcnj.com/wp-content/uploads/2026/04/1568825545_SaintMichaelsMedicalCenter_standardcharges.JSON","https://smmcnj.com/financial-assistance","1568825545_SaintMichaelsMedicalCenter_standardcharges.json","json","other","41694314","false"
"cc:d36bc8ef-677d-4d47-bb2f-d76f766952f2:a0bd8bf2-55f5-4b65-9a8a-05c98c3443b7","cc:d36bc8ef-677d-4d47-bb2f-d76f766952f2","true","https://www.marshfieldclinic.org/mPatientResources/Documents/810977948_marshfield-medical-center--weston_standardcharges.zip","https://www.marshfieldclinic.org/patient-resources/billing/cms-hospital-transparency-requirement","810977948_marshfield-medical-center--weston_standardcharges.zip","zip","unknown","37842758","false"
"cc:d3740024-87f2-42b5-9ef8-8d301fcf0513:d5525035-719c-4a89-97f2-8d84556028a5","cc:d3740024-87f2-42b5-9ef8-8d301fcf0513","true","https://cdn.iuhealth.org/resources/273532963_indiana-university-health-white-memorial-hospital-inc._standardcharges.zip","https://iuhealth.org/schedule-an-appointment/price-estimates/standard-charge-listing","273532963_indiana-university-health-white-memorial-hospital-inc._standardcharges.zip","zip","unknown","63121148","false"
"cc:d3bc0883-82b4-4dbf-9209-089cd92ca534:4cd64b17-335d-4f59-92d8-13df465b4c65","cc:d3bc0883-82b4-4dbf-9209-089cd92ca534","true","https://www.forresthealth.org/app/files/public/40217a9c-ae8d-4da3-8613-b883e32c29d5/646001587_Highland-Community-Hospital_standardcharges.csv","http://www.forresthealth.org/patients-visitors/forrest-health-price-transparency/","646001587_Highland-Community-Hospital_standardcharges.csv","csv","spreadsheet","298521247","false"
"cc:d3deb30e-0307-4efc-a54f-aa0df401d1e7:bae09182-0a48-41eb-a57c-38c521d5e0e6","cc:d3deb30e-0307-4efc-a54f-aa0df401d1e7","true","https://umrhospital.com/wp-content/uploads/2021/01/CMS-Price-Transparency-01012021.xlsx","https://umrhospital.com/pricing-transparency/","CMS-Price-Transparency-01012021.xlsx","xlsx","spreadsheet","116192","false"
"cc:d3e071a3-8656-4de6-857e-553446ea4262:2d223866-af4e-4859-99fb-48676711e975","cc:d3e071a3-8656-4de6-857e-553446ea4262","true","https://healthcare.ascension.org/-/media/project/ascension/healthcare/price-transparency-files/tx-csv/741109643-1124137054_ascension-seton_standardcharges.zip","https://healthcare.ascension.org/price-transparency","741109643-1124137054_ascension-seton_standardcharges.zip","zip","unknown","256756693","false"
"cc:d44b3536-5f07-4100-a5eb-abf0c033b05d:c88372bf-b958-4c6a-a972-ac176172438e","cc:d44b3536-5f07-4100-a5eb-abf0c033b05d","true","https://hospitalpricetransparencyfiles.com/hutchinson-regional-medical-center-inc/480774005_Hutchinson-Regional-Medical-Center-Inc_standardcharges.csv","https://www.hutchregional.com/medical-center/patients-visitors/billing/price-transparency/","480774005_Hutchinson-Regional-Medical-Center-Inc_standardcharges.csv","csv","spreadsheet","8123200","false"
"cc:d483ce29-57e5-4fb9-9e83-096bb5cfdf8d:070dc4eb-57a9-461f-8eb1-f56b3c2ec2fa","cc:d483ce29-57e5-4fb9-9e83-096bb5cfdf8d","true","https://cdn.iuhealth.org/resources/351720796_indiana-university-health-bloomington-inc._standardcharges.zip","https://iuhealth.org/schedule-an-appointment/price-estimates/standard-charge-listing","351720796_indiana-university-health-bloomington-inc._standardcharges.zip","zip","unknown","65268833","false"
"cc:d49072f6-5f44-4fe5-905c-e848af4bb3cc:8b4cd971-3169-414b-a257-648f6351a616","cc:d49072f6-5f44-4fe5-905c-e848af4bb3cc","true","https://dch.pt.panaceainc.com/MRFDownload/dch/fayette","https://www.dchsystem.com/patient-visitor/understanding-the-cost-of-your-care/chargemaster/list-of-charges/","636004942_fayette-medical-center_standardcharges.csv","csv","spreadsheet","210570047","false"
"cc:d49f4e4d-d7ed-4fe6-9e5b-3beb885ddb8a:615be9fd-fae2-43b2-a734-75a087fa98e0","cc:d49f4e4d-d7ed-4fe6-9e5b-3beb885ddb8a","true","https://www.infirmaryhealth.org/documents/price%20transparency%20files/630288856_Mobile-Infirmary_standardcharges(1).csv","https://www.infirmaryhealth.org/patients-visitors/community/cms-price-transparency-patient-estimates/","630288856_Mobile-Infirmary_standardcharges(1).csv","csv","spreadsheet","232778474","false"
"cc:d4d93657-0126-4315-b5e0-8fd4613c3ac8:26effc86-6068-4b32-bac7-f33ffdd742ac","cc:d4d93657-0126-4315-b5e0-8fd4613c3ac8","true","https://apps.para-hcfs.com/PTT/FinalLinks/Reports.aspx?dbName=dbSJRMCIFARMINGTONNM&type=CDMWithoutLabel&fileType=CSV","https://www.sanjuanregional.com/transparency","85012794_san-juan-regional-medical-center-inc_standardcharges.csv","csv","spreadsheet","83855780","false"
"cc:d4da9f7d-7bca-4d8c-9724-4fc981dc2990:368693a7-a6cf-470a-95ff-c9cd13dbde65","cc:d4da9f7d-7bca-4d8c-9724-4fc981dc2990","true","https://www.mymichigan.org/app/files/public/967b0974-cff5-453b-b79a-af75d75813b5/464088182_mymichigan-medical-center-west-branch_standardcharges.csv","https://www.mymichigan.org/patients-visitors/billing-insurance/cost-estimates/","464088182_mymichigan-medical-center-west-branch_standardcharges.csv","csv","spreadsheet","97741370","false"
"cc:d4e6c02b-2529-428c-87ce-aaa444f3546c:b7c6afbe-9bee-47f0-a4f7-92d9545d5d74","cc:d4e6c02b-2529-428c-87ce-aaa444f3546c","true","https://resources.selectmedical.com/Pricing-Transparency/inpatient-rehabilitation/99-1385271_UF-Health-Rehab-Hospital-North_standardcharges.csv","https://rehabhospitals.ufhealth.org/patients-and-caregivers/admissions/price-transparency","99-1385271_UF-Health-Rehab-Hospital-North_standardcharges.csv","csv","spreadsheet","23413345","false"
"cc:d4f88376-c14c-43b9-a660-956107f34785:c00bc023-6095-4eac-a278-3c0575cdd70b","cc:d4f88376-c14c-43b9-a660-956107f34785","true","https://secure.claraprice.net/price-transparency/KNHL-1747862097603/machine-readable/450447670_mountrail-county-medical-center_standardcharges.json","https://secure.claraprice.net/price-transparency/mountrail-county-medical-center-nd","450447670_mountrail-county-medical-center_standardcharges.json","json","other","7456939","false"
"cc:d54935ce-c912-4127-99f7-1bff060bb413:734b30ca-2b5d-4cb0-b317-14c4352204b7","cc:d54935ce-c912-4127-99f7-1bff060bb413","true","https://apps.para-hcfs.com/PTT/FinalLinks/Reports.aspx?dbName=dbSSCHINDIANOLAMS&type=CDMWithoutLabel","https://apps.para-hcfs.com/PTT/FinalLinks/SouthSunflower_V3.aspx?sub=Patients%20and%20Visitors","646008276_south-sunflower-county-hospital_standardcharges.csv","csv","spreadsheet","10776516","false"
"cc:d55ce726-e52a-4d6e-a462-bc99a01bbdd5:d6c190a5-1561-4c80-82b4-72385307fa3e","cc:d55ce726-e52a-4d6e-a462-bc99a01bbdd5","true","https://www.normanregional.com/documents/PFS/736048282_norman-regional-health-system_standardcharges.csv","https://www.normanregional.com/patients-visitors/price-transparency","736048282_norman-regional-health-system_standardcharges.csv","csv","spreadsheet","39141747","false"
"cc:d57fbac2-0a97-424d-87b3-508ba8a4272a:f4094613-3cdf-4437-9c0a-5d06e84c504b","cc:d57fbac2-0a97-424d-87b3-508ba8a4272a","true","https://resources.selectmedical.com/Pricing-Transparency/critical-illness-recovery/56-2314944_Select_Medical_Rehabilitation_Hospital_of_Tallahassee_standardcharges.csv","https://www.selectspecialtyhospitals.com/patients-and-caregivers/admissions/price-transparency","56-2314944_Select_Medical_Rehabilitation_Hospital_of_Tallahassee_standardcharges.csv","csv","spreadsheet","23993210","false"
"cc:d58a4374-696e-40b8-9914-0a15c0396b86:98793dfe-8c5b-462a-a369-e3a17cb33229","cc:d58a4374-696e-40b8-9914-0a15c0396b86","true","https://healthcare.ascension.org/-/media/project/ascension/healthcare/price-transparency-files/tx-csv/741109643-1164526786_ascension-seton_standardcharges.zip","https://healthcare.ascension.org/price-transparency","741109643-1164526786_ascension-seton_standardcharges.zip","zip","unknown","257412838","false"
"cc:d5ca2965-4e2c-415c-98f3-9cca92621bd0:c27fe34f-222b-4170-b24a-a0e0fb60c8f0","cc:d5ca2965-4e2c-415c-98f3-9cca92621bd0","true","https://hospitalpricedisclosure.com/download.aspx?pi=aoYxoUPTxKbYJUPeM0nw6A*-*","https://hospitalpricedisclosure.com/default.aspx?pi=aoYxoUPTxKbYJUPeM0nw6A*-*","621762468_sagewest-health-care_standardcharges.json","json","other","5651461","false"
"cc:d5d8be9e-734b-4c69-bfe6-84a47f509a0e:8a80c071-34e0-40c9-9582-d99fc2e13114","cc:d5d8be9e-734b-4c69-bfe6-84a47f509a0e","true","https://apps.para-hcfs.com/PTT/FinalLinks/Reports.aspx?dbName=dbOLOTBOGALUSALA&type=CDMWithoutLabel&fileType=CSV","https://fmolhs.org/patients-guests/fmolhs-price-transparency","463123178_our-lady-of-the-angels-hospital-inc_standardcharges.csv","csv","spreadsheet","77720622","false"
"cc:d5d8db8a-b496-48b5-9f65-e708636bdd03:6fe6c3cd-a120-4615-8999-4b54f0acfc64","cc:d5d8db8a-b496-48b5-9f65-e708636bdd03","true","https://mrfs.hyvehealthcare.com/TenetHealth/752922687_delray-medical-center%2C-inc._standardcharges.json","https://www.palmbeachhealthnetwork.com/patients/pricing-info-estimates/hospital-pricing-information","752922687_delray-medical-center,-inc._standardcharges.json","json","other","3320916","false"
"cc:d5ddcc47-01b8-44e5-999c-0d0021251ddc:28738317-dea0-409d-9421-5eb752c3a54a","cc:d5ddcc47-01b8-44e5-999c-0d0021251ddc","true","https://hospitalpricetransparencyfiles.com/columbia-lutheran-charities/930583856_Columbia-Lutheran-Charities_standardcharges.csv","https://www.columbiamemorial.org/patient-and-visitors/billing-information/price-transparency/","930583856_Columbia-Lutheran-Charities_standardcharges.csv","csv","spreadsheet","199991431","false"
"cc:d5e0ccf1-6ced-4827-9280-6c7eb4bb2351:48e6eac2-2b4a-4fd4-839d-050cd218eeb7","cc:d5e0ccf1-6ced-4827-9280-6c7eb4bb2351","true","https://images.pricetransparency.healthcare/public-mrfs/banner/840826336_east-morgan-county-hospital_standardcharges.csv","https://www.bannerhealth.com/patients/billing/pricing-resources/hospital-price-transparency","840826336_east-morgan-county-hospital_standardcharges.csv","csv","spreadsheet","49681179","false"
"cc:d5f074d9-4ef8-4d9d-948c-4567083a6de0:c1c678ed-28ac-438f-b2d5-ab57882e9774","cc:d5f074d9-4ef8-4d9d-948c-4567083a6de0","true","https://resources.selectmedical.com/Pricing-Transparency/critical-illness-recovery/25-1855814_Select_Specialty_Hospital-Laurel_Highlands_standardcharges.csv","https://www.selectspecialtyhospitals.com/patients-and-caregivers/admissions/price-transparency","25-1855814_Select_Specialty_Hospital-Laurel_Highlands_standardcharges.csv","csv","spreadsheet","144049884","false"
"cc:d62d9a2f-5828-4f8a-9aba-26fe0718ab49:975ed6cd-a37e-4106-bdc5-21d40281fd6f","cc:d62d9a2f-5828-4f8a-9aba-26fe0718ab49","true","https://ufhealth.pt.panaceainc.com/MRFDownload/ufhealth/uf-stjohns","https://ufhealth.org/price-transparency","590675143_uf-health_standardcharges.zip","zip","unknown","5367213","false"
"cc:d637fcf6-09a9-4c26-8b35-baac35f57654:a6011e96-7bcc-41ea-953b-9b8395ddaba2","cc:d637fcf6-09a9-4c26-8b35-baac35f57654","true","https://stctrprodsnsvc00455826e6.blob.core.windows.net/pt-final-posting-files/62-1768105_GRAND-STRAND-MEDICAL-CENTER_standardcharges.json?si=pt-json-access-policy&spr=https&sv=2024-11-04&sr=c&sig=o5IofreS%2F7ETlsnhPakPWCwHVVUZRobywQ5wUKGjVuQ%3D","https://www.mygrandstrandhealth.com/patient-resources/patient-financial-resources/pricing-transparency-cms-required-file-of-standard-charges","62-1768105_GRAND-STRAND-MEDICAL-CENTER_standardcharges.json","json","other","421988913","false"
"cc:d672be9f-8779-4e52-81ad-e64d191c3a39:e9f5469f-c42c-4fd7-9151-bfb3cb76702c","cc:d672be9f-8779-4e52-81ad-e64d191c3a39","true","https://media.ecommunity.com/PricingTransparency/East_Campus_Surgery_Center.csv","https://www.ecommunity.com/central-pricing-office/list-of-standard-charges","East_Campus_Surgery_Center.csv","csv","spreadsheet","2366503872","false"
"cc:d721c50a-17b6-44a0-b756-b94a00969d08:6780c0e9-b0e4-4b80-9ddb-111b7502a1e9","cc:d721c50a-17b6-44a0-b756-b94a00969d08","true","https://resources.selectmedical.com/Pricing-Transparency/critical-illness-recovery/56-2314944_Select_Specialty_Hospital-Tallahassee_standardcharges.csv","https://www.selectspecialtyhospitals.com/patients-and-caregivers/admissions/price-transparency","56-2314944_Select_Specialty_Hospital-Tallahassee_standardcharges.csv","csv","spreadsheet","98414127","false"
"cc:d73757fe-d6f9-4809-ac73-8fa38a18803c:351e044a-1e6a-4817-8db2-db97b8d7bcd6","cc:d73757fe-d6f9-4809-ac73-8fa38a18803c","true","https://dch.pt.panaceainc.com/MRFDownload/dch/rmc","https://www.dchsystem.com/patient-visitor/understanding-the-cost-of-your-care/chargemaster/list-of-charges/","636000271_the-dch-healthcare-authority_standardcharges.csv","csv","spreadsheet","275110186","false"
"cc:d75f466d-b266-4de2-b459-c5d4da3a7a6b:388198e0-15ca-48d9-97a5-f5b82a68b6be","cc:d75f466d-b266-4de2-b459-c5d4da3a7a6b","true","https://mrfs.hyvehealthcare.com/USPI/208385914_memorial-hermann-specialty-hospital-kingwood-l-l-c_standardcharges.json","https://memorialhermannkingwood.com/Hospital-Pricing-Information","208385914_memorial-hermann-specialty-hospital-kingwood-l-l-c_standardcharges.json","json","other","29807682","false"
"cc:d768f0ab-5d26-4f25-be87-5e495236b2e8:99c1a021-6306-4e02-abe8-8399f1b5ebc9","cc:d768f0ab-5d26-4f25-be87-5e495236b2e8","true","https://www.medstarhealth.org/-/media/project/mho/medstar/billing-and-insurance/2026/521369749_1326496456_national_rehabilitation_hospital_inc_standardcharges.csv","https://www.medstarhealth.org/price-transparency-disclosures","521369749_1326496456_National_Rehabilitation_Hospital_Inc_standardcharges.csv","csv","spreadsheet","1058357","false"
"cc:d76cecd4-62ac-4e97-9253-680f2b192000:8d52a570-4777-4b55-be03-16d0021357d2","cc:d76cecd4-62ac-4e97-9253-680f2b192000","true","https://stctrprodsnsvc00455826e6.blob.core.windows.net/pt-final-posting-files/75-2379007_HCA-FLORIDA-AVENTURA-HOSPITAL_standardcharges.json?si=pt-json-access-policy&spr=https&sv=2024-11-04&sr=c&sig=o5IofreS%2F7ETlsnhPakPWCwHVVUZRobywQ5wUKGjVuQ%3D","https://www.hcafloridahealthcare.com/patient-resources/patient-financial-resources/pricing-transparency-cms-required-file-of-standard-charges","75-2379007_HCA-FLORIDA-AVENTURA-HOSPITAL_standardcharges.json","json","other","520641425","false"
"cc:d7835228-aacd-4462-a79c-4c73cd5f79e5:23e9cf85-8faa-469e-805b-29bf559fb686","cc:d7835228-aacd-4462-a79c-4c73cd5f79e5","true","https://www.tanner.org/upload/docs/PDFs/FinancialAssistance/582414416_Higgins-General-Hospital_standardcharges.csv","https://www.tanner.org/patients-and-visitors/billing-and-financial-resources/price-transparency","582414416_Higgins-General-Hospital_standardcharges.csv","csv","spreadsheet","51584825","false"
"cc:d7994d53-dca8-4de9-94c7-8fa899717431:88f95706-f158-4ddb-a28b-44b55c2e0d5a","cc:d7994d53-dca8-4de9-94c7-8fa899717431","true","https://apps.para-hcfs.com/PTT/FinalLinks/Reports.aspx?dbName=dbWPHCODYWY&type=CDMWithoutLabel&fileType=CSV","https://www.codyregionalhealth.org/patients-visitors/financial-services","830207671_west-park-hospital-district_standardcharges.csv","csv","spreadsheet","26920482","false"
"cc:d79c6f96-e04c-47cb-91ee-5438ed3909b1:ba5da457-3e37-4337-a8f0-975f5156d945","cc:d79c6f96-e04c-47cb-91ee-5438ed3909b1","true","https://www.christushealth.org/-/media/christus-health/plan-care/files/bill-pay/machine-readable-files/720408984_stfrancescabrinihospital_standardcharges.ashx","https://www.christushealth.org/plan-care/bill-pay/pricing-transparency","720408984_StFrancesCabriniHospital_standardcharges.json","json","other","200446460","false"
"cc:d7c8235c-e24b-4699-9ef1-60565d839fa6:bb9c0755-33ea-44d7-944a-d979c10cceb0","cc:d7c8235c-e24b-4699-9ef1-60565d839fa6","true","https://hscbmocaorg.ipage.com/prices/data/660371418_Hospital-San-Carlos-Inc.json","https://hscbmocaorg.ipage.com/prices/index.php","660371418_Hospital-San-Carlos-Inc.json","json","other","2005081","false"
"cc:d7d24b0f-bb6d-43d6-a71b-ac4d85108808:809119bf-cfb4-4b1a-8d7d-b53b83ea994c","cc:d7d24b0f-bb6d-43d6-a71b-ac4d85108808","true","https://www.infirmaryhealth.org/documents/price%20transparency%20files/630891904_North-Baldwin-Infirmary_standardcharges-2.csv","https://www.infirmaryhealth.org/patients-visitors/community/cms-price-transparency-patient-estimates/","630891904_North-Baldwin-Infirmary_standardcharges-2.csv","csv","spreadsheet","105167493","false"
"cc:d819add8-86c9-4f6a-81f0-9cbc9ff2ed46:7ced4040-6856-44ae-b886-012144a772dc","cc:d819add8-86c9-4f6a-81f0-9cbc9ff2ed46","true","https://resources.selectmedical.com/Pricing-Transparency/critical-illness-recovery/06-1713547_Select_Specialty_Hospital-Gainesville_standardcharges.csv","https://www.selectspecialtyhospitals.com/locations-and-tours/fl/gainesville/gainesville/","06-1713547_Select_Specialty_Hospital-Gainesville_standardcharges.csv","csv","spreadsheet","199651205","false"
"cc:d832130c-9143-4bc5-89f8-7fbe13e4f294:db9c5843-7d0b-49c4-bcf7-ef89263743ac","cc:d832130c-9143-4bc5-89f8-7fbe13e4f294","true","https://app.box.com/shared/static/jcuhk9tqybb7r0ls9p81r10w0xaqhfr3.csv","https://www.camc.org/patients-and-visitors/billing-insurance-and-financial-assistance/price-transparency","884128022-1679299408_Greenbrier_Valley_Medical_Center_standardcharges.csv","csv","spreadsheet","72447995","false"
"cc:d8327faf-19ea-41f3-bb6c-10c41b3409ab:8fa94002-2c72-4b38-b245-56a66c05e387","cc:d8327faf-19ea-41f3-bb6c-10c41b3409ab","true","https://apps.para-hcfs.com/PTT/FinalLinks/Reports.aspx?dbName=dbAHWMLOSANGELESCA&type=CDMWithoutLabel&fileType=CSV","https://www.adventisthealth.org/patients-and-visitors/price-transparency","952282647_white-memorial-medical-center_standardcharges.csv","csv","spreadsheet","721377222","false"
"cc:d8361a53-bede-4a8d-a5cc-2172e4c59150:52e3829f-76d5-4e16-8183-853b8294d0d4","cc:d8361a53-bede-4a8d-a5cc-2172e4c59150","true","https://mcorgstatic.blob.core.windows.net/cms-price/390806374_mayo-clinic-health-system-sparta_standardcharges.csv","https://www.mayoclinichealthsystem.org/for-patients-and-visitors/price-transparency","390806374_mayo-clinic-health-system-sparta_standardcharges.csv","csv","spreadsheet","5511232310","false"
"cc:d86505b4-c30b-49da-bf91-3bffbf8e2833:09d5f0a3-d10d-492c-90af-10fcefe16467","cc:d86505b4-c30b-49da-bf91-3bffbf8e2833","true","https://medcenterhealth.org/download/16252/?tmstv=1777746465","https://medcenterhealth.org/price-transparency","610920842_The-Medical-Center_20260501.0.zip","zip","unknown","25516242","false"
"cc:d8856862-c3d3-4583-a8b3-da539e5e5736:4bb664c7-716a-4b03-a6dd-388af0976679","cc:d8856862-c3d3-4583-a8b3-da539e5e5736","true","https://stctrprodsnsvc00455826e6.blob.core.windows.net/pt-final-posting-files/62-1762545_WESLEY-MEDICAL-CENTER_standardcharges.json?si=pt-json-access-policy&spr=https&sv=2024-11-04&sr=c&sig=o5IofreS%2F7ETlsnhPakPWCwHVVUZRobywQ5wUKGjVuQ%3D","https://www.wesleymc.com/patient-resources/patient-financial-resources/pricing-transparency-cms-required-file-of-standard-charges","62-1762545_WESLEY-MEDICAL-CENTER_standardcharges.json","json","other","380095325","false"
"cc:d88dbb50-d308-4b60-bdcc-49fd512ab908:315a3c02-30d6-436c-9187-45381d865a39","cc:d88dbb50-d308-4b60-bdcc-49fd512ab908","true","https://www.northeastrehab.com/wp-content/uploads/2026/06/02-0369797_northeast-rehabilitation-hospital_standardcharges_portsmouth.csv","https://www.northeastrehab.com/faqs/our-networks-standard-charges","02-0369797_northeast-rehabilitation-hospital_standardcharges_portsmouth.csv","csv","spreadsheet","8230764","false"
"cc:d89977d7-1abe-4e57-b1d6-3ad3a789e2c1:e4517ca8-505a-47b4-9f20-3328cd71f97e","cc:d89977d7-1abe-4e57-b1d6-3ad3a789e2c1","true","https://www.grmc.gu/fee-schedule/","https://www.grmc.gu/fee-schedule/","GRMC-Price-Transparency-CSV-UPDATED-07242025-ALL.xls","xls","spreadsheet","5059072","false"
"cc:d8ac7092-7bd3-48d3-9d15-023e0b0b2c27:2b036ee3-4e1e-445a-9493-1593be4cd449","cc:d8ac7092-7bd3-48d3-9d15-023e0b0b2c27","true","https://ellettmemorial.com/_common/documents/patients/430906258_ellett-memorial-hospital_standardcharges.csv","https://www.ellettmemorial.com/patients-visitors/pricing-transparency.html","430906258_ellett-memorial-hospital_standardcharges.csv","csv","spreadsheet","1116507","false"
"cc:d8ebfd12-e450-435a-b068-c6a6076245fe:fb2c51d8-f65c-4592-8157-cd1756868684","cc:d8ebfd12-e450-435a-b068-c6a6076245fe","true","https://custom.pvhmc.org/CostEstimator/downloadable/Machine-Readable-File.csv","https://www.pvhmc.org/patients-visitors/financial-and-insurance-information/machine-readable-file/","Machine-Readable-File.csv","csv","spreadsheet","18044510","false"
"cc:d8fb6ff4-ede3-4943-9749-0e75d2b3a177:e3bfaa55-ab4d-4937-9cfd-de8b159bac5a","cc:d8fb6ff4-ede3-4943-9749-0e75d2b3a177","true","https://www.medstarhealth.org/-/media/project/mho/medstar/billing-and-insurance/2026/521369749_1669549614_national_rehabilitation_hospital_inc_standardcharges.csv","https://www.medstarhealth.org/price-transparency-disclosures","521369749_1669549614_National_Rehabilitation_Hospital_Inc_standardcharges.csv","csv","spreadsheet","5016300","false"
"cc:d9953791-e93b-40bf-8f90-79b46d3c2322:ed27e89e-cb18-413a-a35a-f54a366ac7cf","cc:d9953791-e93b-40bf-8f90-79b46d3c2322","true","https://memorialhermann.org/-/media/memorial-hermann/org/files/patients-and-visitors/cms-standard-hospital-charges/741152597_memorial-hermann-pearland-hospital_standardcharges.csv","https://memorialhermann.org/patients-visitors/patient-services/financial-care/financial-resources/cms-price-transparency-information","741152597_memorial-hermann-pearland-hospital_standardcharges.csv","csv","spreadsheet","33835537","false"
"cc:d9d587c9-1982-427e-9920-ef689f23d672:e5866ecf-f115-4149-bf6f-3e6ce9ed8409","cc:d9d587c9-1982-427e-9920-ef689f23d672","true","https://www.unchealthcare.org/app/files/public/ceb48f12-78a7-43ee-b71b-4f760b169c83/blue-ridge-healthcare-hospitals-inc_standardcharges.csv","https://www.unchealth.org/records-insurance/standard-charges","blue-ridge-healthcare-hospitals-inc_standardcharges.csv","csv","spreadsheet","25549691","false"
"cc:d9d65f5a-33e6-4de7-808e-5354b4773d6c:979b072a-a6b0-44f4-b2aa-530a4b1289ef","cc:d9d65f5a-33e6-4de7-808e-5354b4773d6c","true","https://sthpiprd.blob.core.windows.net/machine-readable-files/10273/223548695-1073516183_capital-health-system-inc_standardcharges.csv","https://search.hospitalpriceindex.com/hpi2/machineReadable/CapitalHealthRegionalMedicalCenterHopewell/10273","223548695-1073516183_capital-health-system-inc_standardcharges.csv","csv","spreadsheet","240109417","false"
"cc:da0f3c70-adff-487e-8443-5e01eb5a8ff3:86a4001d-2047-487e-baad-b63b4b698877","cc:da0f3c70-adff-487e-8443-5e01eb5a8ff3","true","https://s3.amazonaws.com/ycubaa-production-marlin-1-charge-management-public/facilities/741f735f-d6cc-4802-8169-175329ceb889/432080293_MEDICAL-ARTS-HOSPITAL_standardcharges.zip","https://www.yourcareeverywhere.com/content/medhost/your-care-everywhere/pricing-estimator-page.html?facility_id=741f735f-d6cc-4802-8169-175329ceb889","432080293_MEDICAL-ARTS-HOSPITAL_standardcharges.zip","zip","unknown","122677505","false"
"cc:da51bac4-a12e-40ea-9d17-addbb0378406:2c30ea6b-f509-4cf6-9617-0cdc47dcc4f2","cc:da51bac4-a12e-40ea-9d17-addbb0378406","true","https://www.libertyhospital.org/clientfiles/getfile/431684627_Liberty_Hospital_standardcharges.csv","https://www.libertyhospital.org/patients-and-visitors/financial-assistanceinfo/price-transparency/","431684627_Liberty_Hospital_standardcharges.csv","csv","spreadsheet","220693915","false"
"cc:da51d055-ca1f-4693-b10a-d87decbe59ce:b4241b9c-b870-4339-946c-98d9585e9fe8","cc:da51d055-ca1f-4693-b10a-d87decbe59ce","true","https://apps.para-hcfs.com/PTT/FinalLinks/Reports.aspx?dbName=dbLivingstonHCMT&type=CDMWithoutLabel&fileType=CSV","https://apps.para-hcfs.com/PTT/FinalLinks/Livingston.aspx","810378200_livingston-healthcare_standardcharges.csv","csv","spreadsheet","52144871","false"
"cc:da5e4937-bcfa-4f3e-92c0-67d9e33199d0:a4db01fc-972c-48f9-a72d-1538771deaca","cc:da5e4937-bcfa-4f3e-92c0-67d9e33199d0","true","https://sthpiprd.blob.core.windows.net/machine-readable-files/8073/221487602_st-josephs-university-medical-center-inc_standardcharges.csv","https://search.hospitalpriceindex.com/hpi2/machineReadable/StJosephsHealth/8073","221487602_st-josephs-university-medical-center-inc_standardcharges.csv","csv","spreadsheet","1141301972","false"
"cc:da6125f4-c79c-4738-a541-63b66a112718:06db1abc-4609-4d57-b2f9-3894ad8afe2a","cc:da6125f4-c79c-4738-a541-63b66a112718","true","https://ummh-price-transparency.s3.us-east-2.amazonaws.com/042103577_umass-memorial-health-harrington-hospital-inc._standardcharges.csv","https://www.ummhealth.org/patients-visitors/price-transparency","042103577_umass-memorial-health-harrington-hospital-inc._standardcharges.csv","csv","spreadsheet","474252320","false"
"cc:da940231-4186-45ac-ab6b-fac583afb9fe:6beda5b5-6f8e-4455-9851-b8509f78e8b9","cc:da940231-4186-45ac-ab6b-fac583afb9fe","true","https://res.cloudinary.com/dpmykpsih/raw/upload/prosser-health-site-416/media/r/2d06da03ae8f43c18e8cf93f52165137/916013490_prosser-memorial-health-hospital_standardcharges-033126.csv","https://www.prosserhealth.org/patients-and-visitors/financial-services/price-transparency","916013490_prosser-memorial-health-hospital_standardcharges-033126.csv","csv","spreadsheet","37344888","false"
"cc:daba002e-cff0-46dd-ba93-69abbd90989f:ab710463-0698-4a64-b537-4c4325e1bddd","cc:daba002e-cff0-46dd-ba93-69abbd90989f","true","https://www.nih.org/documents/price%20transparency/956005449_northern-inyo-hospital_standardcharges.txt","https://www.nih.org/resources/price-transparency","956005449_northern-inyo-hospital_standardcharges.txt","txt","unknown","3311194","false"
"cc:daeafa89-6dd5-4e67-b115-0ce52f64ed7d:e3bfaa55-ab4d-4937-9cfd-de8b159bac5a","cc:daeafa89-6dd5-4e67-b115-0ce52f64ed7d","true","https://www.medstarhealth.org/-/media/project/mho/medstar/billing-and-insurance/2026/521369749_1669549614_national_rehabilitation_hospital_inc_standardcharges.csv","https://www.medstarhealth.org/price-transparency-disclosures","521369749_1669549614_National_Rehabilitation_Hospital_Inc_standardcharges.csv","csv","spreadsheet","5016300","false"
"cc:daeda585-b9bb-495e-9329-e6dd867ca481:fe279b69-baea-48ae-8a1e-b2aad33ae5ca","cc:daeda585-b9bb-495e-9329-e6dd867ca481","true","https://sthpiprd.blob.core.windows.net/machine-readable-files/11019/752559845-1992707228_shannon-medical-center_standardcharges.csv","https://search.hospitalpriceindex.com/hpi2/machineReadable/ShannonMedicalCenter/11019","752559845-1992707228_shannon-medical-center_standardcharges.csv","csv","spreadsheet","495658965","false"
"cc:db00deb5-9aa6-4d79-b1b2-94cb7b524625:d85b89e8-674a-4fad-b1e5-e6de9926fb5d","cc:db00deb5-9aa6-4d79-b1b2-94cb7b524625","true","https://www.allinahealth.org/-/media/allina-health/files/customer-service/billing-and-insurance/price-transparency/363261413_buffalo-hospital_standardcharges.csv","https://www.allinahealth.org/customer-service/billing-and-insurance","363261413_Buffalo-Hospital_standardcharges.csv","csv","spreadsheet","165024543","false"
"cc:db05aa01-e202-4628-9598-ca508148b089:7a260cd6-5801-4b55-a93e-bd41b317a2e6","cc:db05aa01-e202-4628-9598-ca508148b089","true","https://www.vistahospitals.com/s/Vista-Specialty-Hospital-Tucson_Standard-Charges.csv","https://www.vistahospitals.com/pricing-transparency","Vista+Specialty+Hospital+Tucson_Standard+Charges.csv","csv","spreadsheet","1131948","false"
"cc:db0e2fc9-e3b2-477f-9095-fbe677d5a814:a6a759fe-9e3f-4239-9856-2cec28b14689","cc:db0e2fc9-e3b2-477f-9095-fbe677d5a814","true","https://rca.centaurihs.com/ptapp/api/cdm/export/oneclick?recno=0c56ff10e16a9265ec5b4214036ef34cc4d2a600f392101051e41873f20e34f0","https://www.conehealth.com/patients-visitors/patient-financial-services/patient-estimates--charges/","581588823_conehealthbehavioralhealthhospital_standardcharges.csv","csv","spreadsheet","326252303","false"
"cc:db3a2ba6-c058-468e-98d2-282ca6502cb7:6fec8f4e-f85c-4754-907b-1ed6ccd77f00","cc:db3a2ba6-c058-468e-98d2-282ca6502cb7","true","https://stctrprodsnsvc00455826e6.blob.core.windows.net/pt-final-posting-files/62-1760148_LEWISGALE-MEDICAL-CENTER_standardcharges.json?si=pt-json-access-policy&spr=https&sv=2024-11-04&sr=c&sig=o5IofreS%2F7ETlsnhPakPWCwHVVUZRobywQ5wUKGjVuQ%3D","https://www.hcavirginia.com/patient-resources/patient-financial-resources/pricing-transparency-cms-required-file-of-standard-charges","62-1760148_LEWISGALE-MEDICAL-CENTER_standardcharges.json","json","other","466922590","false"
"cc:db5b599d-3fee-4dd3-9d80-db58f4fa7bae:88d4e1cb-6ca5-4597-b79e-c8095396225d","cc:db5b599d-3fee-4dd3-9d80-db58f4fa7bae","true","https://sthpiprd.blob.core.windows.net/machine-readable-files/7916/464661337_prospect-chartercare-sjhsri%2C-llc_standardcharges.csv","https://search.hospitalpriceindex.com/hpi2/machineReadable/OurLadyofFatimaHospital/7916or","464661337_prospect-chartercare-sjhsri,-llc_standardcharges.csv","csv","spreadsheet","65517502","false"
"cc:dbcd0ad0-8a76-4675-9d8c-5cd5eb051346:23a5743e-f882-405a-940d-531e1c4e2a6b","cc:dbcd0ad0-8a76-4675-9d8c-5cd5eb051346","true","http://134.197.228.190/Files/880115812_WilliamBeeRirieHospital_standardcharges.csv","https://www.wbrhely.org/","880115812_WilliamBeeRirieHospital_standardcharges.csv","csv","spreadsheet","875263","false"
"cc:dbd637d7-6a69-4413-8eee-044d8388ad3e:362d6af4-13bb-49fd-80f7-b86813914383","cc:dbd637d7-6a69-4413-8eee-044d8388ad3e","true","https://whiteriverhealth.slicedhealth.io/pricer/71-0411459-1417913419_WhiteRiverHealth_standardcharges.CSV","https://whiteriverhealth.slicedhealth.io/home","710411459-1710943881_white-river-health_standardcharges.csv","csv","spreadsheet","44197075","false"
"cc:dbdc6109-8256-4041-8ef9-044e31328b5c:5013d2db-998b-46cd-85ea-c51d1a250c1a","cc:dbdc6109-8256-4041-8ef9-044e31328b5c","true","https://www.allinahealth.org/-/media/allina-health/files/customer-service/billing-and-insurance/price-transparency/363261413_cambridge-medical-center_standardcharges.csv","https://www.allinahealth.org/customer-service/billing-and-insurance","363261413_Cambridge-Medical-Center_standardcharges.csv","csv","spreadsheet","165208304","false"
"cc:dbe29c46-db85-4669-bb23-f21d4bfbfbcd:4acb0d47-ed5f-49d0-aaec-2450985e3da8","cc:dbe29c46-db85-4669-bb23-f21d4bfbfbcd","true","https://sanfranciscogeneralhospitalfou.app.box.com/s/1dok3bsci7gdjga08ezy1cpp6elw5cct","https://www.sf.gov/price-transparency","-rehabilitation-center_standardcharges.csv","csv","spreadsheet","165880","false"
"cc:dbe4668c-8df1-4c60-a494-ed3662bfd0c2:1e44ecc4-b785-40e3-b40b-2252545076fd","cc:dbe4668c-8df1-4c60-a494-ed3662bfd0c2","true","https://apim.services.craneware.com/api-pricing-transparency/api/public/d3b6b861569568a87f28dfbc66463efd/charges/mrf","https://www.archildrens.org/patients-and-visitors/billing-and-insurance/financial-assistance","710236857_Arkansas-Childrens-Hospital_standardcharges (2).csv","csv","spreadsheet","66828950","false"
"cc:dc1f8c3d-89c8-4806-a54f-b2cad2f5dbf1:4fce0d46-9f9a-45e4-8d4a-e622fb0db0db","cc:dc1f8c3d-89c8-4806-a54f-b2cad2f5dbf1","true","https://hospitalpricedisclosure.com/Download.aspx?pxi=8GrbJvubW41Bxk4RBghkTA*-*&f=1Uqk9sV2mcxtBmvoqWiwog*-*","https://hospitalpricedisclosure.com/default.aspx?ci=fFJE38ye7xsB8Of*_*qxAfVQ*-*","932826081_integris-health-woodward-hospital_standardcharges.csv","csv","spreadsheet","27200305","false"
"cc:dc3900c8-0193-45a4-a7ea-3a14d6761f2f:7d1eec9d-a003-4c0b-a45f-158b62b37cef","cc:dc3900c8-0193-45a4-a7ea-3a14d6761f2f","true","https://sthpiprd.blob.core.windows.net/machine-readable-files/8015/222472997_signature-healthcare-brockton-hospital_standardcharges.csv","https://search.hospitalpriceindex.com/hpi2/machineReadable/SignatureHealthcareBrockton/8015","222472997_signature-healthcare-brockton-hospital_standardcharges.csv","csv","spreadsheet","110816095","false"
"cc:dc6a427f-a48a-4e1f-b4ea-a6742d79126d:00708122-b7ee-4519-9a57-196affbb5605","cc:dc6a427f-a48a-4e1f-b4ea-a6742d79126d","true","https://www.allinahealth.org/-/media/allina-health/files/customer-service/billing-and-insurance/price-transparency/363261413_united-hospital_standardcharges.csv","https://www.allinahealth.org/customer-service/billing-and-insurance","363261413_United-Hospital_standardcharges.csv","csv","spreadsheet","234757644","false"
"cc:dc6f9bff-f271-4fa9-adf3-d2b4665a576e:6f256375-1bd4-4e1e-af61-6f41f19722eb","cc:dc6f9bff-f271-4fa9-adf3-d2b4665a576e","true","https://stctrprodsnsvc00455826e6.blob.core.windows.net/pt-final-posting-files/62-0976863_HCA-FLORIDA-GULF-COAST-HOSPITAL_standardcharges.json?si=pt-json-access-policy&spr=https&sv=2024-11-04&sr=c&sig=o5IofreS%2F7ETlsnhPakPWCwHVVUZRobywQ5wUKGjVuQ%3D","https://www.hcafloridahealthcare.com/patient-resources/patient-financial-resources/pricing-transparency-cms-required-file-of-standard-charges","62-0976863_HCA-FLORIDA-GULF-COAST-HOSPITAL_standardcharges.json","json","other","342267434","false"
"cc:dc73771b-3338-4bd0-b199-7ce0fd5227cf:90a7c80c-a917-4b54-b4b0-7cca52adcaf4","cc:dc73771b-3338-4bd0-b199-7ce0fd5227cf","true","https://catholiccarecenter.org/lmg-cms/wp-content/uploads/2023/12/Standard-Charges-7-1-23-1.xlsx","https://catholiccarecenter.org/services/st-veronica-senior-behavioral-health-hospital/standard-charges/","Standard-Charges-7-1-23-1.xlsx","xlsx","spreadsheet","448945","false"
"cc:dc90c1eb-92ef-44bc-9eae-dc68c763dcd3:91b4382d-08d0-43b0-b6fa-8e1122a06d11","cc:dc90c1eb-92ef-44bc-9eae-dc68c763dcd3","true","https://resources.selectmedical.com/Pricing-transparency/inpatient-rehabilitation/82-1270202_Riverside_Rehabilitation_Hospital_standardcharges.csv","https://www.riverside-rehabilitation.com/patients-and-caregivers/admissions/price-transparency","82-1270202_Riverside_Rehabilitation_Hospital_standardcharges.csv","csv","spreadsheet","2633780","false"
"cc:dc9a42a0-2a3c-40f1-af55-def2651c9f8b:c5a3cf83-a33d-44b7-a86b-3916d3ca02d5","cc:dc9a42a0-2a3c-40f1-af55-def2651c9f8b","true","https://healthcare.ascension.org/-/media/project/ascension/healthcare/price-transparency-files/tx-csv/741109643-1619115383_ascension-seton_standardcharges.zip","https://healthcare.ascension.org/price-transparency","741109643-1619115383_ascension-seton_standardcharges.zip","zip","unknown","185082750","false"
"cc:dcb26f3a-d6af-4be2-9b87-535103377c33:6df0e8f6-50af-4056-8ac9-59ae57a527ab","cc:dcb26f3a-d6af-4be2-9b87-535103377c33","true","https://apim.services.craneware.com/api-pricing-transparency/api/public/75a0cb7c61513f26189187ede8493cd6/charges/mrf","https://www.cdmpricing.com/75a0cb7c61513f26189187ede8493cd6/","860107344_Little-Colorado-Medical-Center_standardcharges.csv","csv","spreadsheet","22753276","false"
"cc:dcc3d1b2-73f6-4d99-b298-612be895095a:94bb0a38-4631-45ff-a1eb-ca209a9f3290","cc:dcc3d1b2-73f6-4d99-b298-612be895095a","true","https://sthpiprd.blob.core.windows.net/machine-readable-files/7846/431530883_harrison-county-community-hospital-district_standardcharges.csv","https://search.hospitalpriceindex.com/hpi2/machineReadable/HarrisonCountyCommunityHospital/7846","431530883_harrison-county-community-hospital-district_standardcharges.csv","csv","spreadsheet","67412176","false"
"cc:dcc747fd-035f-4151-8e76-42b3267f4775:6e3d2128-197b-43b7-82e1-d7d28c72fadf","cc:dcc747fd-035f-4151-8e76-42b3267f4775","true","https://apim.services.craneware.com/api-pricing-transparency/api/public/17918c17c905f5eee281a0f0352904f3/charges/mrf","https://www.bbgh.org/patients-visitors/patient-financial-resources/price-transparency","470557565_Box-Butte-General-Hospital_standardcharges.csv","csv","spreadsheet","3336131","false"
"cc:dcf80708-412c-425e-b173-25f277afe0c0:3fd84276-cbc3-4405-965f-0eefba878415","cc:dcf80708-412c-425e-b173-25f277afe0c0","true","https://app.box.com/shared/static/yjskcm1mknwtpok4zo0fp52dlcnna85b.csv","https://www.camc.org/patients-and-visitors/billing-insurance-and-financial-assistance/price-transparency","921715117-1285340877_Plateau_Medical_Center_standardcharges.csv","csv","spreadsheet","42054234","false"
"cc:dcfd0810-9a6d-400b-a23f-961ec1da48be:025a6554-64ad-4fca-839e-04b63de822ca","cc:dcfd0810-9a6d-400b-a23f-961ec1da48be","true","https://edge.sitecorecloud.io/sutterhealt962c-sutterhealt8fce-production57cc-4860/media/Project/SutterHealth/SutterHealth/Files/billing-insurance/costs-and-charges/940562680-1467808659_sutter-delta-medical-center_standardcharges.csv","https://www.sutterhealth.org/billing-insurance/costs-and-charges/cost-transparency","940562680-1467808659_sutter-delta-medical-center_standardcharges.csv","csv","spreadsheet","16153964","false"
"cc:dd0847c7-d525-4424-a5cf-7d48b511dc25:572fe873-0001-4ac2-838d-e82d7ff5720f","cc:dd0847c7-d525-4424-a5cf-7d48b511dc25","true","https://sthpiprd.blob.core.windows.net/machine-readable-files/11039/383743546_post-acute-medical-at-san-antonio-llc_standardcharges.csv","https://search.hospitalpriceindex.com/hpi2/machineReadable/pamWarmSpringsSanAntonio/11039","383743546_post-acute-medical-at-san-antonio-llc_standardcharges.csv","csv","spreadsheet","125561042","false"
"cc:dd116aff-004b-4639-92ee-fcc8534efca2:94a0c89a-cb7b-45f8-90df-ca5908ad6e92","cc:dd116aff-004b-4639-92ee-fcc8534efca2","true","https://hospitalpricedisclosure.com/download.aspx?pi=EQGzpo*__*Zt8w*__*tMoFmXcTzQ*-*","https://www.wkhs.com/patients-and-visitors/billing-insurance-and-financial-assistance/pricing-transparency","720400933_willis-knighton-health-system_standardcharges.json","json","other","29254833","false"
"cc:dd409ae5-4dc8-459b-b2d6-a2f6dc893ab8:11728f3b-f96d-44b3-a996-57c8cc5d926c","cc:dd409ae5-4dc8-459b-b2d6-a2f6dc893ab8","true","https://app.box.com/shared/static/krlyghspmtr412zow6geaejgibpxjk0p.csv","https://us.flow-prod.boomi.com/f2a4d421-8a52-4b09-8a4c-8476aae2d651/play/ptt?flow-id=a91f6d2f-a3ad-4257-9185-99463fe7c6a3&flow-version-id=691a537c-ea37-41a1-96ba-24e7272b0047&hospital-id=13","751248028-1326592692_Rankin County_Hospital_District_standardcharges.csv","csv","spreadsheet","34491","false"
"cc:dd520e86-1fa3-4f42-9579-1dc659604ef7:2d8efd83-58ec-4944-8634-bc796dcc113c","cc:dd520e86-1fa3-4f42-9579-1dc659604ef7","true","https://fultoncountyhealthcenter.org/wp-content/uploads/2026/04/344428214-fulton-county-health-center_standardcharges.json","https://fultoncountyhealthcenter.org/price-transparency","344428214-fulton-county-health-center_standardcharges.json","json","other","14603968","false"
"cc:dd555b1a-e5aa-4481-8ad5-ec8a846adc28:e1bfb123-ac15-4a18-859b-6cd43011fd82","cc:dd555b1a-e5aa-4481-8ad5-ec8a846adc28","true","https://parkview.com/-/media/parkview-media/file/price-transparency/471753440_parkview-wabash-hospital_standardcharges.ashx","https://www.parkview.com/patients-and-visitors/billing-and-insurance/request-an-estimate","471753440_parkview-wabash-hospital_standardcharges.csv","csv","spreadsheet","23099573","false"
"cc:dd7a94bc-7abf-4c0f-8380-209cf54472ae:676218a4-7471-47d9-b44f-cb5f1ed2829e","cc:dd7a94bc-7abf-4c0f-8380-209cf54472ae","true","https://memorialhermann.org/-/media/memorial-hermann/org/files/patients-and-visitors/cms-standard-hospital-charges/741152597_memorial-hermann-texas-medical-center_standardcharges.csv","https://memorialhermann.org/patients-visitors/patient-services/financial-care/financial-resources/cms-price-transparency-information","741152597_memorial-hermann-texas-medical-center_standardcharges.csv","csv","spreadsheet","36141332","false"
"cc:de13a4dd-bf9f-40da-99f8-8167cafc9913:5281c542-41fd-4d2d-b4f7-a2cd2b32b7e4","cc:de13a4dd-bf9f-40da-99f8-8167cafc9913","true","https://apps.para-hcfs.com/PTT/FinalLinks/Reports.aspx?dbName=dbMHOTGUYMONOK&type=CDMWithoutLabel","https://apps.para-hcfs.com/PTT/FinalLinks/MemorialTexas_V3.aspx","730725208_memorial-hospital-of-texas-county-authority_standardcharges.csv","csv","spreadsheet","21597669","false"
"cc:de2c7f39-a829-477b-8a69-0b9fbfd2c627:45f469ff-97d6-413e-8ae1-88ea28c0858d","cc:de2c7f39-a829-477b-8a69-0b9fbfd2c627","true","https://cdn.accureg.net/trans/greenwoodleflore/64-6000400_Greenwood-Leflore-Hospital_standardcharges.csv","https://pricetransparency.accureg.net/greenwoodleflore","64-6000400_Greenwood-Leflore-Hospital_standardcharges.csv","csv","spreadsheet","17040937","false"
"cc:de310f5a-e03c-4222-ab20-dd6162f5c94f:17c33252-7356-48d0-be55-afc6678c833c","cc:de310f5a-e03c-4222-ab20-dd6162f5c94f","true","https://hospitalpricedisclosure.com/Download.aspx?pxi=DGoqeRgxZD8421GymxBLnQ*-*&f=1Uqk9sV2mcxtBmvoqWiwog*-*","https://hospitalpricedisclosure.com/default.aspx?ci=fFJE38ye7xsB8Of*_*qxAfVQ*-*","730612674_integris-health-enid-hospital_standardcharges.csv","csv","spreadsheet","43187114","false"
"cc:de54e6b6-56c5-434f-b599-f1ee7ba8f292:1ef9156e-38f2-4546-8904-77fe0f26193c","cc:de54e6b6-56c5-434f-b599-f1ee7ba8f292","true","https://edge.sitecorecloud.io/sutterhealt962c-sutterhealt8fce-production57cc-4860/media/Project/SutterHealth/SutterHealth/Files/billing-insurance/costs-and-charges/940562680-1447604814_alta-bates-summit-medical-center-herrick-campus_standardcharges.csv","https://www.sutterhealth.org/billing-insurance/costs-and-charges/cost-transparency","940562680-1447604814_alta-bates-summit-medical-center-herrick-campus_standardcharges.csv","csv","spreadsheet","20347332","false"
"cc:deab2612-d7cb-4d81-9691-b98c8feddd1b:f49686c6-bd0c-4d7d-acb6-0926557d0864","cc:deab2612-d7cb-4d81-9691-b98c8feddd1b","true","https://www.massgeneralbrigham.org/content/dam/mgb-global/en/price-transparency/042697983_Massachusetts-General-Hospital_StandardCharges.zip","https://www.massgeneral.org/notices/billing/cms-required-hospital-charge-data","042697983_Massachusetts-General-Hospital_StandardCharges.zip","zip","unknown","3756817","false"
"cc:df03cc73-836a-485b-8fac-c7fe2cbb0892:0aaac319-1123-460b-b02d-2fe0d2b3ed05","cc:df03cc73-836a-485b-8fac-c7fe2cbb0892","true","https://stctrprodsnsvc00455826e6.blob.core.windows.net/pt-final-posting-files/61-1257509_HCA-FLORIDA-OSCEOLA-HOSPITAL_standardcharges.json?si=pt-json-access-policy&spr=https&sv=2024-11-04&sr=c&sig=o5IofreS%2F7ETlsnhPakPWCwHVVUZRobywQ5wUKGjVuQ%3D","https://www.hcafloridahealthcare.com/patient-resources/patient-financial-resources/pricing-transparency-cms-required-file-of-standard-charges","61-1257509_HCA-FLORIDA-OSCEOLA-HOSPITAL_standardcharges.json","json","other","533341119","false"
"cc:df0c6cee-3197-4e16-bc39-689b16c1d128:a89d9313-54b5-48af-8f21-7f6ca142620e","cc:df0c6cee-3197-4e16-bc39-689b16c1d128","true","https://www.massgeneralbrigham.org/content/dam/mgb-global/en/price-transparency/042103823_Nantucket-Cottage-Hospital_StandardCharges.zip","https://nantuckethospital.org/patients-visitors/billing-insurance/cms-required-hospital-charge-data/","042103823_Nantucket-Cottage-Hospital_StandardCharges.zip","zip","unknown","112982","false"
"cc:df20a4ce-8e47-4d33-84b1-f715bde840d3:26aa3088-8f23-486b-82e2-9b4fcc99564e","cc:df20a4ce-8e47-4d33-84b1-f715bde840d3","true","https://hospitalpricedisclosure.com/Download.aspx?pxi=A7H2v*_*svHhuGAp2wfaahGA*-*&f=iFd*_*cEPwhQHJy3lVvHy9uQ*-*","https://hospitalpricedisclosure.com/Default.aspx?ci=RsbcVwMa5jfnDZuYpIqAxQ*-*","590724459_adventhealth-orlando_standardcharges.json","json","other","36565578","false"
"cc:df45126a-0483-4c5a-a06d-0cab8f43a19a:5551b9c1-1043-4c62-aa96-e00a58879901","cc:df45126a-0483-4c5a-a06d-0cab8f43a19a","true","https://app.box.com/shared/static/ilodngxt34u4srge28mqc5f923xouemk.csv","https://midcoasthealthsystem.org/pricing-transparency","823280177-1114435260_Crockett_Medical_Center_standardcharges.csv","csv","spreadsheet","5006777","false"
"cc:df95bccb-0421-405f-b381-6d36995d6c78:3b7ea1dd-cf27-40eb-9c4e-bd097965d530","cc:df95bccb-0421-405f-b381-6d36995d6c78","true","https://www.christianhealthnj.org/documents/compliance/221546163_ramapo-ridge-psychiatric-hospital_standardcharges.csv","https://www.christianhealthnj.org/about-us/resources/patient-accounting/price-transparency/","221546163_ramapo-ridge-psychiatric-hospital_standardcharges.csv","csv","spreadsheet","20877","false"
"cc:df9eeebc-19e1-4670-a9b9-6511f9c8a346:309c1d88-e2aa-4329-bdd9-312bf8e91e90","cc:df9eeebc-19e1-4670-a9b9-6511f9c8a346","true","https://mrfs.hyvehealthcare.com/USPI/460423353_siouxland-surgery-center-limited-liability-partnership_standardcharges.json","https://dunessurgicalhospital.com/Hospital-Pricing-Information","460423353_siouxland-surgery-center-limited-liability-partnership_standardcharges.json","json","other","25405950","false"
"cc:dfc6c305-f994-4b76-8988-7ae3dd700f12:dbd7f332-687f-47da-ad7f-e516f1d2b302","cc:dfc6c305-f994-4b76-8988-7ae3dd700f12","true","https://stctrprodsnsvc00455826e6.blob.core.windows.net/pt-final-posting-files/82-1969974_MEMORIAL-HEALTH-UNIVERSITY-MEDICAL-CENTER_standardcharges.json?si=pt-json-access-policy&spr=https&sv=2024-11-04&sr=c&sig=o5IofreS%2F7ETlsnhPakPWCwHVVUZRobywQ5wUKGjVuQ%3D","https://www.memorialhealth.com/patient-resources/patient-financial-resources/pricing-transparency-cms-required-file-of-standard-charges","82-1969974_MEMORIAL-HEALTH-UNIVERSITY-MEDICAL-CENTER_standardcharges.json","json","other","480636815","false"
"cc:dfc8a945-0176-4a98-8001-f1882457c688:d0a2ee80-7368-47c5-a59c-9ce12899e5de","cc:dfc8a945-0176-4a98-8001-f1882457c688","true","https://resources.selectmedical.com/Pricing-Transparency/critical-illness-recovery/25-1813125_Select_Specialty_Hospital-TriCities_standardcharges.csv","https://www.selectspecialtyhospitals.com/patients-and-caregivers/admissions/price-transparency","25-1813125_Select_Specialty_Hospital-TriCities_standardcharges.csv","csv","spreadsheet","166652075","false"
"cc:dfc8afe6-e9f4-49c8-8cbc-b172a033a165:9677019d-8ca1-4f65-8378-235600be9f73","cc:dfc8afe6-e9f4-49c8-8cbc-b172a033a165","true","https://edge.sitecorecloud.io/sutterhealt962c-sutterhealt8fce-production57cc-4860/media/Project/SutterHealth/SutterHealth/Files/billing-insurance/costs-and-charges/940562680-1043670342_mills-health-center_standardcharges.csv","https://www.sutterhealth.org/billing-insurance/costs-and-charges/cost-transparency","940562680-1043670342_mills-health-center_standardcharges.csv","csv","spreadsheet","18532211","false"
"cc:dfd945e9-0392-4348-af45-ebf8e61aa7dd:14391dc1-78ee-4b2c-8eaf-d63d74ae8a8e","cc:dfd945e9-0392-4348-af45-ebf8e61aa7dd","true","https://resources.selectmedical.com/Pricing-Transparency/critical-illness-recovery/38-3345654_Select_Specialty_Hospital-Grosse_Pointe_standardcharges.csv","https://www.selectspecialtyhospitals.com/patients-and-caregivers/admissions/price-transparency","38-3345654_Select_Specialty_Hospital-Grosse_Pointe_standardcharges.csv","csv","spreadsheet","158123208","false"
"cc:e005d4d8-8584-4f1e-b32e-f4b9fa3ff447:57de6659-5a48-4944-8112-d3e3ffa1c94e","cc:e005d4d8-8584-4f1e-b32e-f4b9fa3ff447","true","https://saintmaryofnazarethhospital.com/wp-content/uploads/2026/04/992171028_SaintMaryOfNazarethHospital_StandardCharges.JSON","https://saintmaryofnazarethhospital.com/price-transparency","992171028_SaintMaryOfNazarethHospital_StandardCharges.JSON","json","other","39532116","false"
"cc:e0148ad8-67a4-4213-88b6-4266300f86c1:4f850cda-6143-4162-978e-988d408703ba","cc:e0148ad8-67a4-4213-88b6-4266300f86c1","true","https://stctrprodsnsvc00455826e6.blob.core.windows.net/pt-final-posting-files/62-1682213_MEDICAL-CITY-DENTON_standardcharges.json?si=pt-json-access-policy&spr=https&sv=2024-11-04&sr=c&sig=o5IofreS%2F7ETlsnhPakPWCwHVVUZRobywQ5wUKGjVuQ%3D","https://medicalcityhealthcare.com/about/legal/pricing-transparency-cms-required-file-of-standard-charges.dot","62-1682213_MEDICAL-CITY-DENTON_standardcharges.json","json","other","1164750463","false"
"cc:e01a4aba-93aa-4a1a-9ca8-3667e618ce71:6421bcf6-6b1b-41e6-b4b1-cd432e9a5da7","cc:e01a4aba-93aa-4a1a-9ca8-3667e618ce71","true","https://apps.para-hcfs.com/PTT/FinalLinks/Reports.aspx?dbName=dbHHMHHOLLISTERCA&type=CDMWithoutLabel&fileType=CSV","https://apps.para-hcfs.com/PTT/FinalLinks/Hazel_V2.aspx","946034863_hazel-hawkins-memorial-hospital_standardcharges.csv","csv","spreadsheet","160672526","false"
"cc:e06e4361-e2c7-47db-8766-33a570cfe578:9f3cf44c-9aeb-4c26-9395-faabf56404cf","cc:e06e4361-e2c7-47db-8766-33a570cfe578","true","https://resources.selectmedical.com/Pricing-Transparency/HBOP/27-4586141_BSW-Institute-for-Rehabilitation-Lakeway_standardcharges.csv","https://www.bswrehab.com/patients-and-caregivers/admissions/price-transparency","27-4586141_BSW-Institute-for-Rehabilitation-Lakeway_standardcharges.csv","csv","spreadsheet","45728505","false"
"cc:e07c3906-f7d6-49ec-b5e7-14f819b9bc8f:da6c0f3e-d33e-48e9-92c6-cf53fc3f6e27","cc:e07c3906-f7d6-49ec-b5e7-14f819b9bc8f","true","https://app.box.com/shared/static/d62b6hgl2m86dyl0u1zet8xzciozozjp.csv","https://us.flow-prod.boomi.com/f2a4d421-8a52-4b09-8a4c-8476aae2d651/play/ptt?flow-id=a91f6d2f-a3ad-4257-9185-99463fe7c6a3&flow-version-id=1c1ee65c-1ada-473e-bde2-3aa7100683ac&hospital-id=34","742019736-1326589409_Connally_Memorial_Medical_Center_standardcharges.csv","csv","spreadsheet","23731","false"
"cc:e0bc6248-9636-41a3-8083-894828b1cb0b:6524a13f-6499-4998-99a3-8f8de3d3afbc","cc:e0bc6248-9636-41a3-8083-894828b1cb0b","true","https://stctrprodsnsvc00455826e6.blob.core.windows.net/pt-final-posting-files/74-2499952_DEL-SOL-MEDICAL-CENTER_standardcharges.json?si=pt-json-access-policy&spr=https&sv=2024-11-04&sr=c&sig=o5IofreS%2F7ETlsnhPakPWCwHVVUZRobywQ5wUKGjVuQ%3D","https://www.laspalmasdelsolhealthcare.com/patient-resources/patient-financial-resources/pricing-transparency-cms-required-file-of-standard-charges","74-2499952_DEL-SOL-MEDICAL-CENTER_standardcharges.json","json","other","928378384","false"
"cc:e105cb0e-6967-4fdb-8482-9df57f38c93b:4008406c-bbc6-4062-96ba-671803659c76","cc:e105cb0e-6967-4fdb-8482-9df57f38c93b","true","http://www.arccenters.com/wp-content/uploads/2025/11/923006033_arc-health-systems-llc_standardcharges.csv-bellefonte_hospital_standardcharges.csv","https://www.arccenters.com/bellefonte-hrc/standard-services","923006033_arc-health-systems-llc_standardcharges.csv-bellefonte_hospital_standardcharges.csv","csv","spreadsheet","55246","false"
"cc:e151b90f-6115-4f8b-83b6-7da2e42b95fe:9ce0f814-00ed-4bf8-8872-09bcad3b50d9","cc:e151b90f-6115-4f8b-83b6-7da2e42b95fe","true","https://stctrprodsnsvc00455826e6.blob.core.windows.net/pt-final-posting-files/62-1091430_HCA-FLORIDA-CAPITAL-HOSPITAL_standardcharges.json?si=pt-json-access-policy&spr=https&sv=2024-11-04&sr=c&sig=o5IofreS%2F7ETlsnhPakPWCwHVVUZRobywQ5wUKGjVuQ%3D","https://www.hcafloridahealthcare.com/patient-resources/patient-financial-resources/pricing-transparency-cms-required-file-of-standard-charges","62-1091430_HCA-FLORIDA-CAPITAL-HOSPITAL_standardcharges.json","json","other","401912236","false"
"cc:e178db64-49a9-41d4-918c-090cdff77bbb:56687f6e-ca5f-4563-b7e0-cf73265f5247","cc:e178db64-49a9-41d4-918c-090cdff77bbb","true","https://edge.sitecorecloud.io/sutterhealt962c-sutterhealt8fce-production57cc-4860/media/Project/SutterHealth/SutterHealth/Files/billing-insurance/costs-and-charges/941156621-1447494323_sutter-amador-hospital_standardcharges.csv","https://www.sutterhealth.org/billing-insurance/costs-and-charges/cost-transparency","941156621-1447494323_sutter-amador-hospital_standardcharges.csv","csv","spreadsheet","7330877","false"
"cc:e18db454-b3e7-4b57-99d9-a3fdd363f8fc:deacec25-f1e0-4f7a-93b6-33c111751722","cc:e18db454-b3e7-4b57-99d9-a3fdd363f8fc","true","https://pricetransparency.providence.org/wamt/live/352346161_providence-regional-medical-center-everett_standardcharges.json","https://www.providence.org/obp/price-transparency","352346161_providence-regional-medical-center-everett_standardcharges.json","json","other","218857959","false"
"cc:e19d6051-8194-4aae-ba69-c34b7356edac:d311e47d-f280-4029-a028-dbf9fe0177e9","cc:e19d6051-8194-4aae-ba69-c34b7356edac","true","https://www.sturdyhealth.org/app/files/public/1c200832-86f8-4295-b5a2-038937879590/04-2768252_Sturdy-Memorial-Hospital_standardcharges.csv","https://www.sturdyhealth.org/patients-visitors/billing-insurance","04-2768252_Sturdy-Memorial-Hospital_standardcharges.csv","csv","spreadsheet","10453406","false"
"cc:e1aedcf0-c1d5-4c4e-bcab-a24735205c1c:0c7ebb3a-aa2c-49bc-986d-0455d5c82e8b","cc:e1aedcf0-c1d5-4c4e-bcab-a24735205c1c","true","https://bayamonmedical.com/wp-content/price-transparency/BMC Price Transparency.csv","https://bayamonmedical.com/wp-content/price-transparency/","BMC Price Transparency.csv","csv","spreadsheet","5028372","false"
"cc:e1c7fc9a-a7c4-4527-8c30-270f62dff263:31e1bf9b-e741-4007-9c22-cfde083acd46","cc:e1c7fc9a-a7c4-4527-8c30-270f62dff263","true","https://secure.claraprice.net/price-transparency/VREQ-1740765512660/machine-readable","https://secure.claraprice.net/price-transparency/north-runnels-hospital-district-tx","751306626_north-runnels-hospital-district_standardcharges.json","json","other","2459778","false"
"cc:e1d0fcb8-a256-43dc-8857-4daeb27150d6:e3bfaa55-ab4d-4937-9cfd-de8b159bac5a","cc:e1d0fcb8-a256-43dc-8857-4daeb27150d6","true","https://www.medstarhealth.org/-/media/project/mho/medstar/billing-and-insurance/2026/521369749_1669549614_national_rehabilitation_hospital_inc_standardcharges.csv","https://www.medstarhealth.org/price-transparency-disclosures","521369749_1669549614_National_Rehabilitation_Hospital_Inc_standardcharges.csv","csv","spreadsheet","5016300","false"
"cc:e1e04615-e01a-4b5f-87e2-f6c2714708eb:16970d01-67fc-4576-a52f-02ad9bcd3ecb","cc:e1e04615-e01a-4b5f-87e2-f6c2714708eb","true","https://hospitalpricedisclosure.com/Download.aspx?pxi=S5J32lAid*__*wSkByufBjdpw*-*&f=iFd*_*cEPwhQHJy3lVvHy9uQ*-*","https://hospitalpricedisclosure.com/Default.aspx?ci=RsbcVwMa5jfnDZuYpIqAxQ*-*","822567308_adventhealth-dade-city_standardcharges.json","json","other","20330161","false"
"cc:e1e20e85-6fc0-4936-a7bc-cf6e3fc66f60:9bf0a0b8-337a-4a84-80fa-420dc803e270","cc:e1e20e85-6fc0-4936-a7bc-cf6e3fc66f60","true","https://emilyprogram.com/wp-content/uploads/price-transparency/Douglas_Consumer.csv","https://emilyprogram.com/trust-compliance/transparency-in-coverage","Douglas_Consumer.csv","csv","spreadsheet","37801","false"
"cc:e1ec2cf7-3a01-43dd-be48-200f5e16ba41:69292c9d-a7c9-4e20-b97e-35426b1f7dd8","cc:e1ec2cf7-3a01-43dd-be48-200f5e16ba41","true","https://www.independence.health/documents/content/250965375_FrickHospital_StandardCharges.csv","https://www.independence.health/patients-visitors/financial-services/price-transparency/","250965375_FrickHospital_StandardCharges.csv","csv","spreadsheet","9764315","false"
"cc:e27254f9-2b59-4de5-8858-946b7f92b2b2:79502ca4-eddf-49cd-99c4-6d40b0e6b682","cc:e27254f9-2b59-4de5-8858-946b7f92b2b2","true","https://www.christushealth.org/-/media/christus-health/plan-care/files/bill-pay/machine-readable-files/750818167_motherfranceshospitaltyler_standardcharges.ashx","https://www.christushealth.org/plan-care/bill-pay/pricing-transparency","750818167_MotherFrancesHospitalTyler_standardcharges.json","json","other","133237068","false"
"cc:e2c9577c-65e5-4c67-a0f2-636e15d76b9a:cb3f222a-f91a-4d2d-841c-8bd60f724432","cc:e2c9577c-65e5-4c67-a0f2-636e15d76b9a","true","https://jamaicahospital.org/docs/financial/price-transparency/111631788_111631781_jamaica%20and%20flushing_physician%20standard%20charges.csv","https://jamaicahospital.org/hospital-disclosure-statement/price-transparency","111631788_111631781_jamaica and flushing_physician standard charges.csv","csv","spreadsheet","33365233","false"
"cc:e2cbcf4c-f99a-4e2b-99d5-702939d5cfee:ac737ab2-a733-49d2-95c6-4a8cf77942d3","cc:e2cbcf4c-f99a-4e2b-99d5-702939d5cfee","true","https://d3crna64wemw02.cloudfront.net/asset/339713052848/document_tt6t30451l5sn2ucbf23rab30t/571098556_musc-medical-center_standardcharges","https://muschealth.org/patients-visitors/billing/costs-price-transparency","571098556_musc-medical-center_standardcharges","","unknown","49441106","false"
"cc:e2cc6f78-ac56-4ac4-91a1-a71afca006d4:845c9be1-f917-48e7-bb60-1282c9becb82","cc:e2cc6f78-ac56-4ac4-91a1-a71afca006d4","true","https://sthpiprd.blob.core.windows.net/machine-readable-files/10082/411763968-1407838329_prairie-ridge-hospital-and-health-services_standardcharges.csv","https://search.hospitalpriceindex.com/hpi2/machineReadable/LakeRegionHealthcareElbowLake/10082","411763968-1407838329_prairie-ridge-hospital-and-health-services_standardcharges.csv","csv","spreadsheet","81821742","false"
"cc:e33d878f-a52d-43ac-9ea5-6ab22fd3a393:bab45064-caef-4227-b0af-11292f9f4e97","cc:e33d878f-a52d-43ac-9ea5-6ab22fd3a393","true","https://urldefense.com/v3/__https://hospitalpricedisclosure.com/download.aspx?pi=m2Kq6olSod3nywRT*__*WFzCQ*-*__;KioqKg!!OwHQNGuS!NNxzc3gzcCDbWC_3aBKJU3Bm28st5mdzWI_DoAkJmDmhsUhsHjB8niD15jvlGIrs7b_d4aR0fJBjowy6rVbgBT5MSfo5Gg$","https://urldefense.com/v3/__https://HospitalPriceDisclosure.com/Default.aspx?ci=RsbcVwMa5jfnDZuYpIqAxQ*-*__;Kio!!OwHQNGuS!NNxzc3gzcCDbWC_3aBKJU3Bm28st5mdzWI_DoAkJmDmhsUhsHjB8niD15jvlGIrs7b_d4aR0fJBjowy6rVbgBT5sJPyOLA$","593149293_adventhealth-fish-memorial_standardcharges.json","json","other","24641901","false"
"cc:e356f157-ae69-4843-ac9d-783e22c1e8e3:179542b6-ea57-4940-a5ee-dad51c8af1a4","cc:e356f157-ae69-4843-ac9d-783e22c1e8e3","true","https://lakecharlesmemorialhospital.pg.revenuemasters.com/cdm-files/720551963_lake-charles-memorial-hospital_standardcharges.csv","https://lakecharlesmemorialhospital.pg.revenuemasters.com/disclaimer?","720551963_lake-charles-memorial-hospital_standardcharges.csv","csv","spreadsheet","83175626","false"
"cc:e3734cc1-a3f0-4f8c-92a3-8b7161505c9f:89572e18-073e-40b8-a558-8bce332b0487","cc:e3734cc1-a3f0-4f8c-92a3-8b7161505c9f","true","https://mrfs.hyvehealthcare.com/OpelousasGeneralHealthSystem/720708111_opelousas-general-main-campus_standardcharges.csv","https://www.opelousasgeneral.com/patient-resources/healthcare-price-transparency/","720708111_opelousas-general-main-campus_standardcharges.csv","csv","spreadsheet","109941996","false"
"cc:e393720d-95e7-4f5e-99c0-47d302a97217:4bc274e5-d614-4c64-803b-5f147ab54884","cc:e393720d-95e7-4f5e-99c0-47d302a97217","true","https://www.hurleymc.com/files/patients-and-visitors/386005601_hurley-medical-center_standardcharges.csv","https://www.hurleymc.com/patients-and-visitors/insurance-and-billing/","386005601_hurley-medical-center_standardcharges.csv","csv","spreadsheet","3638675001","false"
"cc:e3c256b1-f17c-4454-be70-9c66325824ee:dc70fe7d-3120-4b89-9136-b4e0aea82f4c","cc:e3c256b1-f17c-4454-be70-9c66325824ee","true","https://www.concordhospital.org/app/files/public/fe1159b3-be6a-4316-a76c-c13776e363d6/851433123_concord-hospital-franklin_standardcharges.csv","https://www.concordhospital.org/patients-visitors/cost-of-care-estimates","851433123_concord-hospital-franklin_standardcharges.csv","csv","spreadsheet","74254986","false"
"cc:e3df34f7-245b-4aa2-a77e-93597cc44cc9:4dd4d231-7cba-4f0c-8382-bd75fdcb0c8a","cc:e3df34f7-245b-4aa2-a77e-93597cc44cc9","true","https://pricetransparency.providence.org/wamt/live/810231793_st-patrick-hospital_standardcharges.json","https://www.providence.org/obp/price-transparency","810231793_st-patrick-hospital_standardcharges.json","json","other","182407616","false"
"cc:e3e91592-a7c3-499d-a7ea-6900cf1fe50a:ae3e3ba9-5826-4eba-8f4e-4b6454f55082","cc:e3e91592-a7c3-499d-a7ea-6900cf1fe50a","true","https://hospitalpricetransparencyfiles.com/memorial-medical-center-inc/237013497_Memorial-Medical-Center-Inc_standardcharges.csv","https://www.tamarackhealth.org/patients-visitors/billing-services/price-transparency/","237013497_Memorial-Medical-Center-Inc_standardcharges.csv","csv","spreadsheet","5641129","false"
"cc:e3f64148-f99c-42d5-9943-9088e3747e27:b40b881d-0818-4ac1-a1f9-0a07591e4b1f","cc:e3f64148-f99c-42d5-9943-9088e3747e27","true","https://www.gmha.org/guide/billing/fee-schedule/","https://www.gmha.org/guide/billing/fee-schedule/","2026-GMHA-Machine-Readable.csv","csv","spreadsheet","10095763","false"
"cc:e40c9bb6-6606-4014-aef3-67e42254598d:e180a351-b10f-4c72-aef4-528bad5d6af5","cc:e40c9bb6-6606-4014-aef3-67e42254598d","true","https://apim.services.craneware.com/api-pricing-transparency/api/public/7a5b17a8f7a5fd3972038ec65aab46c7/charges/mrf","https://www.columbushosp.org/patients-visitors/price-estimator","470542043_Columbus-Community-Hospital_standardcharges.csv","csv","spreadsheet","37400381","false"
"cc:e4165eec-b314-4a4a-91a1-b12600cd0f34:4c9af827-30f5-42a4-bcdf-29ad481c9775","cc:e4165eec-b314-4a4a-91a1-b12600cd0f34","true","https://apim.services.craneware.com/api-pricing-transparency/api/public/eb18b2f68dd86a27732870abb762237f/charges/mrf","https://www.archildrens.org/patients-and-visitors/billing-and-insurance/financial-assistance","810817660_Arkansas-Childrens-Northwest_standardcharges (2).csv","csv","spreadsheet","58140789","false"
"cc:e4966c85-6052-41dc-b767-040daae74f33:c4c7846b-8afd-412c-96b0-2772587cf016","cc:e4966c85-6052-41dc-b767-040daae74f33","true","https://www.benefis.org/app/files/public/ecc68e09-9516-4e98-9c6a-e892ac1d14f0/810232122_BenefisHospitalsInc_standardcharges.csv","https://www.benefis.org/patients-visitors/billing-financial-assistance/price-transparency/","810232122_BenefisHospitalsInc_standardcharges.csv","csv","spreadsheet","598317827","false"
"cc:e4c15bbd-5f91-4145-9a9f-713540d1ee9f:214ac775-a928-4d1a-ae8d-37ae39124dd6","cc:e4c15bbd-5f91-4145-9a9f-713540d1ee9f","true","https://stctrprodsnsvc00455826e6.blob.core.windows.net/pt-final-posting-files/74-2499952_LAS-PALMAS-MEDICAL-CENTER_standardcharges.json?si=pt-json-access-policy&spr=https&sv=2024-11-04&sr=c&sig=o5IofreS%2F7ETlsnhPakPWCwHVVUZRobywQ5wUKGjVuQ%3D","https://www.laspalmasdelsolhealthcare.com/patient-resources/patient-financial-resources/pricing-transparency-cms-required-file-of-standard-charges","74-2499952_LAS-PALMAS-MEDICAL-CENTER_standardcharges.json","json","other","954832567","false"
"cc:e4d16646-fc47-43e2-981d-e85b2ca6bd0e:35d47741-0ad4-49c4-84a5-c593b503023f","cc:e4d16646-fc47-43e2-981d-e85b2ca6bd0e","true","https://lvhn.pt.panaceainc.com/MRFDownload/lvhn/Macungie","https://www.lvhn.org/get-price-quote","863918453-1659150514_chp-lvhn-jv-llc_standardcharges.json","json","other","422699328","false"
"cc:e4f41b5c-2617-4441-abf1-90c1101c0d73:29a41e3e-363d-48ac-a162-12a9f349b061","cc:e4f41b5c-2617-4441-abf1-90c1101c0d73","true","https://www.mmhealth.org/wp-content/uploads/356067049_Margaret-Mary-Health_standardcharges-2.csv","https://www.mmhealth.org/for-patients/bill-payment/price-transparency","356067049_Margaret-Mary-Health_standardcharges-2.csv","csv","spreadsheet","8614209","false"
"cc:e5348309-612b-43a6-bc8f-2b6b69b53058:1a362bc2-a92a-4c48-bb0f-bc744ea375b7","cc:e5348309-612b-43a6-bc8f-2b6b69b53058","true","https://hospitalpricedisclosure.com/Default.aspx?ci=5e1Dixix6NSobAE4Zcg9iQ*-*","https://www.uhcc.com/about-us/patient-financial-services","510103684_christianacare_standardcharges.json","json","other","211919973","false"
"cc:e5460e35-d058-421b-ba65-d5214cd610fe:8ff967dc-6831-476a-b9fd-56397455fc45","cc:e5460e35-d058-421b-ba65-d5214cd610fe","true","https://www.wgh.org/s/250965598_warren-general-hospital_standardcharges.csv","https://www.wgh.org/price-transparency","250965598_warren-general-hospital_standardcharges.csv","csv","spreadsheet","8038157","false"
"cc:e54d076b-4419-43e1-96a5-99370efb05cb:277f0ce9-4631-4546-af75-f2aced25944d","cc:e54d076b-4419-43e1-96a5-99370efb05cb","true","https://cdn.accureg.net/trans/ridgecrest/952082686_Ridgecrest-Regional-Hospital_standardcharges.csv","https://pricetransparency.accureg.net/ridgecrest","952082686_Ridgecrest-Regional-Hospital_standardcharges.csv","csv","spreadsheet","31157083","false"
"cc:e5a43e20-15d1-4669-894f-36e33a157bcd:f4be7ad6-56a5-4ba4-97e0-aad2895f4f29","cc:e5a43e20-15d1-4669-894f-36e33a157bcd","true","https://www.medstarhealth.org/-/media/project/mho/medstar/billing-and-insurance/2026/521369749_1528061827_national_rehabilitation_hospital_inc_standardcharges.csv","https://www.medstarhealth.org/price-transparency-disclosures","521369749_1528061827_National_Rehabilitation_Hospital_Inc_standardcharges.csv","csv","spreadsheet","10229198","false"
"cc:e5c2f736-8837-42bc-90a5-67e542a028a5:2e3abadf-6d18-42fb-a09d-400449adebde","cc:e5c2f736-8837-42bc-90a5-67e542a028a5","true","https://pricetransparency.providence.org/socal/live/951914489_providence-st-mary-medical-center_standardcharges.json","https://www.providence.org/obp/price-transparency","951914489_providence-st-mary-medical-center_standardcharges.json","json","other","193148945","false"
"cc:e5c8c1b8-858b-4ad2-bb9a-73882329c147:8d23ac78-cd5e-463f-a835-5d4370d21f47","cc:e5c8c1b8-858b-4ad2-bb9a-73882329c147","true","https://southwestmedicalcenter.pg.quadax.revenuemasters.com/cdm-files/480684878_southwest-medical-center_standardcharges.csv","https://www.swmedcenter.com/for-patients/billing-patient-financial-services/price-transparency","480684878_southwest-medical-center_standardcharges.csv","csv","spreadsheet","39293055","false"
"cc:e5cf02b0-7982-475b-9983-fcb838706361:28163bab-3baf-4c83-864c-2b76b4b917c9","cc:e5cf02b0-7982-475b-9983-fcb838706361","true","https://www.wth.org/wp-content/uploads/standard-charges/62-6010402_JH_standard_Charges.csv","https://www.wth.org/financial-assistance-billing/hospital-charges/","62-6010402_JH_standard_Charges.csv","csv","spreadsheet","22246903","false"
"cc:e5e7640c-f6a2-48d5-a016-fd0b61c24a86:8c099232-7a63-4039-b219-0fccc26d926c","cc:e5e7640c-f6a2-48d5-a016-fd0b61c24a86","true","https://apim.services.craneware.com/api-pricing-transparency/api/public/d0f326b7ccd797911ca61ce5b53df1c6/charges/mrf","https://www.centracare.com/patient-resources/estimates/pricing/","461584944_CentraCare-Health-System-NR-LLC-_standardcharges.csv","csv","spreadsheet","21206539","false"
"cc:e618c630-65af-4be8-a5b2-f65e4132e6a0:4251ef86-8f58-45e9-91a6-d5fadea050f1","cc:e618c630-65af-4be8-a5b2-f65e4132e6a0","true","https://www.centrahealth.com/sites/default/files/2023-12/540555201_SouthsideCommunityHospital_standardcharges.csv","https://www.centrahealth.com/price-transparency","540555201_SouthsideCommunityHospital_standardcharges.csv","csv","spreadsheet","1998848","false"
"cc:e61d8175-df22-4660-94a5-9dd93d60b4db:4007bc2c-665e-431c-889c-9bb205fef860","cc:e61d8175-df22-4660-94a5-9dd93d60b4db","true","https://www.4chealthin.org/s/35-1362298_4CHealth_standardchargesJan20251-update.csv","https://www.4chealthin.org/patient-forms","35-1362298_4C+Health_standardcharges+Jan+2025+(1)+update.csv","csv","spreadsheet","21853","false"
"cc:e644279d-7ec5-4b74-a5fa-909587fa0ada:b4dd3f74-e826-4e13-b340-6ffd8732b9ca","cc:e644279d-7ec5-4b74-a5fa-909587fa0ada","true","https://apps.para-hcfs.com/PTT/FinalLinks/Reports.aspx?dbName=dbWHAMCCOLFAXWA&type=CDMWithoutLabel&fileType=CSV","https://apps.para-hcfs.com/PTT/FinalLinks/Whitman_HMC.aspx#","911451777_public-hospital-district-no-3-of-whitman-county_standardcharges.csv","csv","spreadsheet","22858596","false"
"cc:e66b1378-f692-4a08-a29e-58d16161e8e0:5de0e432-bd16-4582-a422-42a196902ea7","cc:e66b1378-f692-4a08-a29e-58d16161e8e0","true","https://intermountainhealthcare.org/sc10media/files/intermountain-health/locations/hospital-prices/942854057_primary-childrens-hospital_lehi_standardcharges.ashx","https://intermountainhealthcare.org/locations/primary-childrens-lehi/about/standard-charges","942854057_primary-childrens-hospital_lehi_standardcharges.zip","zip","unknown","4972610","false"
"cc:e67619b9-51a9-42d4-9dee-79dd4019c4ab:80b12449-633b-4eaa-87ea-6191e41243f5","cc:e67619b9-51a9-42d4-9dee-79dd4019c4ab","true","https://ummh-price-transparency.s3.us-east-2.amazonaws.com/042103555_umass-memorial-healthalliance-clinton-hospital-inc._standardcharges.csv","https://www.ummhealth.org/patients-visitors/price-transparency","042103555_umass-memorial-healthalliance-clinton-hospital-inc._standardcharges.csv","csv","spreadsheet","489022220","false"
"cc:e6a41729-e409-40e2-917c-29b5c5f15284:f4be7ad6-56a5-4ba4-97e0-aad2895f4f29","cc:e6a41729-e409-40e2-917c-29b5c5f15284","true","https://www.medstarhealth.org/-/media/project/mho/medstar/billing-and-insurance/2026/521369749_1528061827_national_rehabilitation_hospital_inc_standardcharges.csv","https://www.medstarhealth.org/price-transparency-disclosures","521369749_1528061827_National_Rehabilitation_Hospital_Inc_standardcharges.csv","csv","spreadsheet","10229198","false"
"cc:e6a61515-b6f2-41a3-9d82-697252110dc9:15c3d687-cb67-47d7-b05c-449d2c427728","cc:e6a61515-b6f2-41a3-9d82-697252110dc9","true","https://hospitalpricetransparencyfiles.com/grays-harbor-community-hospital/910568304_Grays-Harbor-Community-Hospital_standardcharges.csv","https://www.ezcost.info/Grays-Harbor-Community-Hospital","910568304_Grays-Harbor-Community-Hospital_standardcharges.csv","csv","spreadsheet","7912828","false"
"cc:e6ade4c5-2f57-4ce0-bae6-5843db6a2ec1:8a528a1c-9295-4c3a-b05a-d3adb0735b5e","cc:e6ade4c5-2f57-4ce0-bae6-5843db6a2ec1","true","https://baptisthealth.net/-/media/Documents/Patient-Resources/Patient-Pricing/Apr-2026/591006663_boca-raton-regional-hospital_standardcharges.zip","https://baptisthealth.net/patient-resources/billing-and-financial-assistance/patient-pricing","591006663_boca-raton-regional-hospital_standardcharges.zip","zip","unknown","7983207","false"
"cc:e6b1a469-70b6-4ac5-a1e0-eea1b47ad320:c67337b0-6ebb-444e-91a6-8cd6adef109f","cc:e6b1a469-70b6-4ac5-a1e0-eea1b47ad320","true","https://stctrprodsnsvc00455826e6.blob.core.windows.net/pt-final-posting-files/59-2047041_HCA-FLORIDA-TRINITY-HOSPITAL_standardcharges.json?si=pt-json-access-policy&spr=https&sv=2024-11-04&sr=c&sig=o5IofreS%2F7ETlsnhPakPWCwHVVUZRobywQ5wUKGjVuQ%3D","https://www.hcafloridahealthcare.com/patient-resources/patient-financial-resources/pricing-transparency-cms-required-file-of-standard-charges","59-2047041_HCA-FLORIDA-TRINITY-HOSPITAL_standardcharges.json","json","other","391604930","false"
"cc:e6e85110-9501-4d7e-93f2-f078de7985ba:080ae170-3e71-4985-b4e2-66c78fd5c6a0","cc:e6e85110-9501-4d7e-93f2-f078de7985ba","true","https://stctrprodsnsvc00455826e6.blob.core.windows.net/pt-final-posting-files/62-1113740_HCA-FLORIDA-BLAKE-HOSPITAL_standardcharges.json?si=pt-json-access-policy&spr=https&sv=2024-11-04&sr=c&sig=o5IofreS%2F7ETlsnhPakPWCwHVVUZRobywQ5wUKGjVuQ%3D","https://www.hcafloridahealthcare.com/patient-resources/patient-financial-resources/pricing-transparency-cms-required-file-of-standard-charges","62-1113740_HCA-FLORIDA-BLAKE-HOSPITAL_standardcharges.json","json","other","447924770","false"
"cc:e70743f2-29ea-4d4c-9fcf-60cecddeaf8b:d106c99d-364e-4687-bb04-0ee824ad853a","cc:e70743f2-29ea-4d4c-9fcf-60cecddeaf8b","true","https://ernesthealth.com/pricing/2026/205292745_advanced-care-hospital-of-montana_standard-charges.json","https://achm.ernesthealth.com/price-transparency/","205292745_advanced-care-hospital-of-montana_standard-charges.json","json","other","15520081","false"
"cc:e74020a6-62c1-4190-8499-b05abc660771:42e676ff-0671-4856-80fa-c6d7be2788f8","cc:e74020a6-62c1-4190-8499-b05abc660771","true","https://mrfs.hyvehealthcare.com/RWJBarnabasHealth/221494440_cooperman-barnabas-medical-center_standardcharges.json","https://www.rwjbh.org/cooperman-barnabas-medical-center/billing/charges","221494440_cooperman-barnabas-medical-center_standardcharges.json","json","other","434070222","false"
"cc:e757ab9e-4d06-4ba3-8a81-97cf41e744a5:dfcb48da-6b59-4ae0-8227-e5df306b782c","cc:e757ab9e-4d06-4ba3-8a81-97cf41e744a5","true","https://mgmc.pt.panaceainc.com/MRFDownload/marygreeley/marygreeley","https://www.mgmc.org/patients-visitors/billing-financial/price-transparency/","421347891_mary-greeley-medical-center_standardcharges.csv","csv","spreadsheet","122097133","false"
"cc:e77aecdb-10a5-46a5-958a-5942b574e615:f915b421-9f07-4e4e-b3a9-11353a607193","cc:e77aecdb-10a5-46a5-958a-5942b574e615","true","https://urldefense.com/v3/__https://hospitalpricedisclosure.com/download.aspx?pi=5rO7TxQGaDed3J*_*ixqO2Bw*-*__;KioqKg!!OwHQNGuS!NNxzc3gzcCDbWC_3aBKJU3Bm28st5mdzWI_DoAkJmDmhsUhsHjB8niD15jvlGIrs7b_d4aR0fJBjowy6rVbgBT7XpvOvWg$","https://urldefense.com/v3/__https://HospitalPriceDisclosure.com/Default.aspx?ci=RsbcVwMa5jfnDZuYpIqAxQ*-*__;Kio!!OwHQNGuS!NNxzc3gzcCDbWC_3aBKJU3Bm28st5mdzWI_DoAkJmDmhsUhsHjB8niD15jvlGIrs7b_d4aR0fJBjowy6rVbgBT5sJPyOLA$","591113901_adventhealth-carrollwood_standardcharges.json","json","other","29787621","false"
"cc:e7847fe8-c44f-46ed-a022-465e1c852b63:13aec701-8053-4bff-9b54-8fdafcf26627","cc:e7847fe8-c44f-46ed-a022-465e1c852b63","true","https://apps.para-hcfs.com/PTT/FinalLinks/Reports.aspx?dbName=dbMMRCJACKSONMS&type=CDMWithoutLabel&fileType=CSV","https://apps.para-hcfs.com/PTT/FinalLinks/MethodistRehabilitation.aspx","-rehabilitation-center-inc_standardcharges.csv","csv","spreadsheet","56353468","false"
"cc:e7ccce78-92a0-4b62-b484-e9d664f4914e:bc289454-761d-48d6-98d1-b27cf6d68521","cc:e7ccce78-92a0-4b62-b484-e9d664f4914e","true","https://www.methodisthealthsystem.org/sites/default/files/Price%20Transparency/750800661_MethodistLegacyERandUrgentCare_standardcharges.zip?","https://www.methodisthealthsystem.org/patients-visitors/patient-tools-support/estimates-charges/?","750800661_MethodistLegacyERandUrgentCare_standardcharges.zip","zip","unknown","41506160","false"
"cc:e8970753-1615-4dbd-bdad-dc79bd497aed:d65bb791-fbc3-4e4c-8daa-7bc2f9f51219","cc:e8970753-1615-4dbd-bdad-dc79bd497aed","true","https://media.ecommunity.com/PricingTransparency/Hamilton_Surgery_Center.csv","https://www.ecommunity.com/central-pricing-office/list-of-standard-charges","Hamilton_Surgery_Center.csv","csv","spreadsheet","2349034555","false"
"cc:e89e6c15-6aaf-4b25-a00c-8623974e4475:b773994b-82a2-482f-93c5-24967588b09a","cc:e89e6c15-6aaf-4b25-a00c-8623974e4475","true","https://www.bibbmed.com/_files/ugd/7e0044_cfc8941aea9f4e33a01d9d33599258da.csv?dn=636005283_bibb-medical-center_standardcharges.csv","https://www.bibbmed.com/patientresources","636005283_bibb-medical-center_standardcharges.csv","csv","spreadsheet","448214","false"
"cc:e9013f70-8ce8-40a0-93ce-4a5406570c69:f5a83399-b994-4dbd-bee3-28c6be332def","cc:e9013f70-8ce8-40a0-93ce-4a5406570c69","true","https://apim.services.craneware.com/api-pricing-transparency/api/public/3e72239e2ed18f899ee8ef754af0792d/charges/mrf","https://www.centracare.com/patient-resources/estimates/pricing/","411865315_CentraCare-Health-System---Melrose-_standardcharges.csv","csv","spreadsheet","13465277","false"
"cc:e90c70a7-906e-4096-8c69-c1274081320f:604e2775-b0a8-4f39-8358-58c37cf4aae9","cc:e90c70a7-906e-4096-8c69-c1274081320f","true","https://apps.para-hcfs.com/PTT/FinalLinks/Reports.aspx?dbName=dbOakBendRichmondTX&type=CDMWithoutLabel&fileType=CSV","https://oakbendmedcenter.org/fannin-surgical-hospital-campus-pricing-transparency","760339462_oakbend-medical-center_standardcharges.csv","csv","spreadsheet","13384430","false"
"cc:e954f35c-44ef-4739-af29-1e14c9644d7d:67fc9de7-a02d-4e7c-b604-d6a6d1f3b4c7","cc:e954f35c-44ef-4739-af29-1e14c9644d7d","true","https://www.silvercross.org/app/files/public/7826a82a-6eb9-413a-bdc4-45692fb49edc/36-2174832_Silver-Cross-Hospital_standardcharges%20033026.csv","https://www.silvercross.org/patient-family/before/price-transparency/","36-2174832_Silver-Cross-Hospital_standardcharges 033026.csv","csv","spreadsheet","6374271","false"
"cc:ea0739d3-a200-4801-a48d-da0066c103a6:490cc796-9171-40cd-81bc-d539023895cb","cc:ea0739d3-a200-4801-a48d-da0066c103a6","true","https://resources.selectmedical.com/Pricing-Transparency/critical-illness-recovery/86-1139477_Acuity_Specialty_Hospital-Willingboro_standardcharges.csv","https://www.selectspecialtyhospitals.com/patients-and-caregivers/admissions/price-transparency","86-1139477_Acuity_Specialty_Hospital-Willingboro_standardcharges.csv","csv","spreadsheet","65788747","false"
"cc:ea2c4d0c-836e-4c4a-874a-c741163414af:ed7eb784-cc11-4520-b7d8-96780137fecc","cc:ea2c4d0c-836e-4c4a-874a-c741163414af","true","https://ukhspricetransparency.blob.core.windows.net/ukhs-price-transparency/48-1201402_TheUniversityOfKansasHealthSystemKansasCityCampus_standardcharges.csv","https://www.kansashealthsystem.com/patient-visitor/financial/patient-bills/services-fees/charge-descriptions","48-1201402_TheUniversityOfKansasHealthSystemKansasCityCampus_standardcharges.csv","csv","spreadsheet","1126409043","false"
"cc:ea5ed972-e33a-40ef-93c2-7a8dd8f24813:1faf3460-d608-4dfb-a4af-d68e72938730","cc:ea5ed972-e33a-40ef-93c2-7a8dd8f24813","true","https://mcorgstatic.blob.core.windows.net/cms-price/411236756_mayo-clinic-health-system-new-prague_standardcharges.csv","https://www.mayoclinichealthsystem.org/for-patients-and-visitors/price-transparency","411236756_mayo-clinic-health-system-new-prague_standardcharges.csv","csv","spreadsheet","3431642467","false"
"cc:eaa1da79-0737-4d9e-a38b-7c9df4a67bf2:a7a0585a-a47e-4fb9-8b96-c228d622f812","cc:eaa1da79-0737-4d9e-a38b-7c9df4a67bf2","true","https://apps.para-hcfs.com/PTT/FinalLinks/Reports.aspx?dbName=dbMHBBeaumontCombined&type=CDMWithoutLabel&fileType=CSV","https://apps.para-hcfs.com/ParaSite_New/FinalPTT/BHSET.aspx","741303720_baptist-hospitals-of-southeast-texas_standardcharges.csv","csv","spreadsheet","111216071","false"
"cc:eaaf1fc3-71f5-46fa-8a18-f614c506767d:c78c58bb-5c69-4a17-a64c-8399f8f1861e","cc:eaaf1fc3-71f5-46fa-8a18-f614c506767d","true","https://resources.selectmedical.com/Pricing-Transparency/critical-illness-recovery/25-1820734_Select_Specialty_Hospital-Milwaukee_West_Allis_standardcharges.csv","https://www.selectspecialtyhospitals.com/patients-and-caregivers/admissions/price-transparency","25-1820734_Select_Specialty_Hospital-Milwaukee_West_Allis_standardcharges.csv","csv","spreadsheet","98165365","false"
"cc:eac85eae-9ec5-427a-8387-6e63254c7c3a:52f44fb6-fd8e-4012-8464-4ba219c7d3f7","cc:eac85eae-9ec5-427a-8387-6e63254c7c3a","true","https://www.allinahealth.org/-/media/allina-health/files/customer-service/billing-and-insurance/price-transparency/363261413_abbott-northwestern-hospital_standardcharges.csv","https://www.allinahealth.org/customer-service/billing-and-insurance","363261413_Abbott-Northwestern-Hospital_standardcharges.csv","csv","spreadsheet","209031552","false"
"cc:eac8bfcd-fe0e-41b6-ae39-a3a54765d4f6:08e0ff95-2e22-4b35-800e-931d5da134c6","cc:eac8bfcd-fe0e-41b6-ae39-a3a54765d4f6","true","https://www.bryanhealth.com/app/files/public/7bc02f30-8db7-4319-a386-a6260e5f399b/470376552_bryan-medical-center-west-campus_standardcharges.csv","https://www.bryanhealth.com/patients-visitors/pricing-insurance-financial-assistance-billing/price-estimates","470376552_bryan-medical-center-west-campus_standardcharges.csv","csv","spreadsheet","23324763","false"
"cc:eacfd2eb-22fc-4646-a0b0-e010f84322db:3335daf8-d66e-4551-a346-986c52a36c33","cc:eacfd2eb-22fc-4646-a0b0-e010f84322db","true","https://uhsfilecdn.eskycity.net/ac/811112022_henderson-hospital_standardcharges.csv","https://www.hendersonhospital.com/patients-visitors/pricing-guide","811112022_henderson-hospital_standardcharges.csv","csv","spreadsheet","165178868","false"
"cc:eae83ec6-536d-46d3-8723-29fb43e33311:79cb8aaa-b5ac-459a-856f-e857255200aa","cc:eae83ec6-536d-46d3-8723-29fb43e33311","true","https://mrfs.hyvehealthcare.com/TenetHealth/752918774-1184654923_doctors-medical-center-of-modesto%2C-inc._standardcharges.json","https://www.cvdoctorshealthsystem.com/patients/pricing-info-estimates/hospital-pricing-information","752918774-1184654923_doctors-medical-center-of-modesto,-inc._standardcharges.json","json","other","3474098","false"
"cc:eb06fd2a-8fb3-4b03-992f-dea572630434:cb398205-5d79-4d0b-a57c-44bdd91be6bf","cc:eb06fd2a-8fb3-4b03-992f-dea572630434","true","https://incompasshc.org/wp-content/uploads/2026/06/351129339_community-mental-health-center-inc_standardcharges.csv","https://incompasshc.org/price-transparency/","351129339_community-mental-health-center-inc_standardcharges.csv","csv","spreadsheet","45945","false"
"cc:eb3ffb95-5f99-4fb3-b7b3-1019a060e3a3:06885c98-330c-4eff-8bc6-e12497397b1c","cc:eb3ffb95-5f99-4fb3-b7b3-1019a060e3a3","true","https://www.in.gov/fssa/dmha/files/356000158-Richmond-State-Hospital_standardcharges.csv","https://www.in.gov/fssa/dmha/state-psychiatric-hospitals/state-psychiatric-hospitals-billing-information/","356000158-Richmond-State-Hospital_standardcharges.csv","csv","spreadsheet","4350","false"
"cc:eb573900-4f79-47ec-9cd1-df0832e40e6b:8c60419f-7c12-489f-b4ed-d9931b4d7e9d","cc:eb573900-4f79-47ec-9cd1-df0832e40e6b","true","https://resources.selectmedical.com/pricing-transparency/critical-illness-recovery/03-0508545_Select_Specialty_Hospital-Pensacola_standardcharges.csv","https://www.selectspecialtyhospitals.com/patients-and-caregivers/admissions/price-transparency/","03-0508545_Select_Specialty_Hospital-Pensacola_standardcharges.csv","csv","spreadsheet","96075955","false"
"cc:eb6bd445-bfbe-46a6-9809-7dd777b7e4eb:f09749de-c7fa-46b4-9483-4e0f77e09549","cc:eb6bd445-bfbe-46a6-9809-7dd777b7e4eb","true","https://bucktailmedicalcenter.org/wp-content/uploads/2026/03/240701920_bucktail-medical-center_standardcharges.zip","https://bucktailmedicalcenter.org/price-transparency","240701920_bucktail-medical-center_standardcharges.zip","zip","unknown","841769","false"
"cc:eb8939dc-98c9-46d9-90e9-b5e9ae25298f:aa3f1b17-d836-4fa3-86ff-5760eb2cf11e","cc:eb8939dc-98c9-46d9-90e9-b5e9ae25298f","true","https://www.lifebridgehealth.org/sites/default/files/2026-04/52-1452024_Carroll-Hospital-Center_standardcharges.csv","https://www.lifebridgehealth.org/patients/price-transparency","52-1452024_Carroll-Hospital-Center_standardcharges.csv","csv","spreadsheet","9160693","false"
"cc:ebad0b9b-1df3-4d49-97fc-0df26ed77a34:10edb3e5-9a6a-41e6-8201-bdb4adfbfbc8","cc:ebad0b9b-1df3-4d49-97fc-0df26ed77a34","true","https://resources.selectmedical.com/Pricing-Transparency/critical-illness-recovery/71-0958380_Select_Specialty_Hospital-Greensboro_standardcharges.csv","https://www.selectspecialtyhospitals.com/patients-and-caregivers/admissions/price-transparency","71-0958380_Select_Specialty_Hospital-Greensboro_standardcharges.csv","csv","spreadsheet","159938822","false"
"cc:ec8214cf-82a5-483b-b8b5-be4b6d9b8c92:11d3b4f7-5e67-44c5-9caa-62b18850e2e6","cc:ec8214cf-82a5-483b-b8b5-be4b6d9b8c92","true","https://resources.selectmedical.com/pricing-transparency/critical-illness-recovery/25-1820734_Select_Specialty_Hospital-Milwaukee_St_Francis_standardcharges.csv","https://www.selectspecialtyhospitals.com/patients-and-caregivers/admissions/price-transparency/","25-1820734_Select_Specialty_Hospital-Milwaukee_St_Francis_standardcharges.csv","csv","spreadsheet","181012986","false"
"cc:eca32b30-8edb-485b-b493-6e0279ba6d20:e7900ecd-fdfd-474b-a371-1541a2e1d0fe","cc:eca32b30-8edb-485b-b493-6e0279ba6d20","true","https://rca.centaurihs.com/ptapp/api/cdm/export/oneclick?recno=4263023a5f130d4eb5cb1e4abe03548c291beec09fcc93ce1aa00de82380e386","https://www.dukehealth.org/paying-for-care/what-duke-charges-services","562070036_Duke-Raleigh-Hospital-a-Campus-of-Duke-University-Hospital_standardcharges.csv","csv","spreadsheet","950021412","false"
"cc:eca70c57-bf0f-4328-a47f-2c8afe2322b2:b70ba1ec-a71a-4939-8c51-4e73f530d5a1","cc:eca70c57-bf0f-4328-a47f-2c8afe2322b2","true","https://resources.selectmedical.com/pricing-transparency/critical-illness-recovery/25-1813119_Select_Specialty_Hospital-Nashville_West_standardcharges.csv","https://www.selectspecialtyhospitals.com/patients-and-caregivers/admissions/price-transparency/","25-1813119_Select_Specialty_Hospital-Nashville_West_standardcharges.csv","csv","spreadsheet","78394947","false"
"cc:ecb22e8c-6ab7-4070-96f8-4ff06d6ffdaa:442cc54b-d9b9-43bd-97d3-b95f04b0ba03","cc:ecb22e8c-6ab7-4070-96f8-4ff06d6ffdaa","true","https://mrfs.hyvehealthcare.com/TenetHealth/474131755-1265818488_smsj-tucson-holdings-llc_standardcharges.json","https://www.carondelet.org/patients/pricing-info-estimates/hospital-pricing-information","474131755-1265818488_smsj-tucson-holdings-llc_standardcharges.json","json","other","3124091","false"
"cc:eccd907f-9fdb-483e-83e9-097c5fdc9c0d:7f13deec-ca93-4899-87d5-08ac96c99fe5","cc:eccd907f-9fdb-483e-83e9-097c5fdc9c0d","true","https://vrhamarillo.com/wp-content/uploads/sites/19/2021/12/Rehabilitation-Hospital-of-Amarillo-CDM-DECEMBER-2021.xls","https://vrhamarillo.com/about-us/price-transparency","Rehabilitation-Hospital-of-Amarillo-CDM-DECEMBER-2021.xls","xls","spreadsheet","532992","false"
"cc:ece4c6e4-90ef-43d4-bc6b-18a739e80c73:99c1a021-6306-4e02-abe8-8399f1b5ebc9","cc:ece4c6e4-90ef-43d4-bc6b-18a739e80c73","true","https://www.medstarhealth.org/-/media/project/mho/medstar/billing-and-insurance/2026/521369749_1326496456_national_rehabilitation_hospital_inc_standardcharges.csv","https://www.medstarhealth.org/price-transparency-disclosures","521369749_1326496456_National_Rehabilitation_Hospital_Inc_standardcharges.csv","csv","spreadsheet","1058357","false"
"cc:ed080b8c-088a-4d7b-9b0e-ade3b046a1c5:9e3e40c4-f399-461e-bfdc-56979cbdc487","cc:ed080b8c-088a-4d7b-9b0e-ade3b046a1c5","true","https://stctrprodsnsvc00455826e6.blob.core.windows.net/pt-final-posting-files/59-1525468_HCA-FLORIDA-WEST-HOSPITAL_standardcharges.json?si=pt-json-access-policy&spr=https&sv=2024-11-04&sr=c&sig=o5IofreS%2F7ETlsnhPakPWCwHVVUZRobywQ5wUKGjVuQ%3D","https://www.hcafloridahealthcare.com/patient-resources/patient-financial-resources/pricing-transparency-cms-required-file-of-standard-charges","59-1525468_HCA-FLORIDA-WEST-HOSPITAL_standardcharges.json","json","other","435748293","false"
"cc:ed0f7f3f-c3d7-4269-92e6-0e625e886e18:08230d5c-04cb-408e-b0d0-60cb301d9aae","cc:ed0f7f3f-c3d7-4269-92e6-0e625e886e18","true","https://www.allinahealth.org/-/media/allina-health/files/customer-service/billing-and-insurance/price-transparency/ambulatory-surgery-centers-2026/vadnais-heights-asc.csv","https://www.allinahealth.org/customer-service/billing-and-insurance","Vadnais Heights ASC.csv","csv","spreadsheet","6157891","false"
"cc:ed32be1b-b651-486a-b199-783c7768105c:89d54d12-13d1-4db4-aaea-9eaf7c06073a","cc:ed32be1b-b651-486a-b199-783c7768105c","true","https://baptisthealth.net/-/media/Documents/Patient-Resources/Patient-Pricing/Apr-2026/43775926_doctors-hospital_standardcharges.zip","https://baptisthealth.net/patient-resources/billing-and-financial-assistance/patient-pricing","43775926_doctors-hospital_standardcharges.zip","zip","unknown","22742687","false"
"cc:ed5c462a-4868-4f2d-bf0b-4e957d37c640:b8b122cd-3b35-4bd9-a3b8-13270fd9a14a","cc:ed5c462a-4868-4f2d-bf0b-4e957d37c640","true","https://edge.sitecorecloud.io/sutterhealt962c-sutterhealt8fce-production57cc-4860/media/Project/SutterHealth/SutterHealth/Files/billing-insurance/costs-and-charges/940562680-1740348929_california-pacific-medical-center-van-ness-campus_standardcharges.csv","https://www.sutterhealth.org/billing-insurance/costs-and-charges/cost-transparency","940562680-1740348929_california-pacific-medical-center-van-ness-campus_standardcharges.csv","csv","spreadsheet","23541768","false"
"cc:ed711899-6a87-4eb1-bb1a-1b35691203e4:e1c97bfb-0cdb-42c0-b496-cc6f7d60edf1","cc:ed711899-6a87-4eb1-bb1a-1b35691203e4","true","https://www.mammothhospital.com/app/files/public/c7118e42-0fad-4c08-86c6-fdd8fb0915f0/953154530_southern-mono-healthcare-district_standardcharges.csv","https://www.mammothhospital.com/patient-information/help-paying-your-bill","953154530_southern-mono-healthcare-district_standardcharges.csv","csv","spreadsheet","7442414","false"
"cc:ed73e701-d1d0-4c48-a494-f253269681ab:6e6304ee-879d-4abb-bb79-d95589dbdd27","cc:ed73e701-d1d0-4c48-a494-f253269681ab","true","https://www.forresthealth.org/app/files/public/1748a209-6533-4749-86be-1db859681bb0/646001587_Marion-General-Hospital_standardcharges.csv","http://www.forresthealth.org/patients-visitors/forrest-health-price-transparency/","646001587_Marion-General-Hospital_standardcharges.csv","csv","spreadsheet","271702131","false"
"cc:eda60275-8db6-4f2e-8c3c-355f130c46be:6278b2f5-e514-45f8-ada4-c12ff086e049","cc:eda60275-8db6-4f2e-8c3c-355f130c46be","true","https://apps.para-hcfs.com/PTT/FinalLinks/Reports.aspx?dbName=dbPrairieduChien&type=CDMWithoutLabel&fileType=CSV","https://apps.para-hcfs.com/PTT/FinalLinks/CrossingRivers_V2.aspx","390926284_prairie-du-chien-memorial-hospital-association-inc_standardcharges.csv","csv","spreadsheet","48276550","false"
"cc:eda6d339-9b4d-489a-90f7-80deac1da251:74a531bd-38e3-4f56-b1d4-4f4d9ba7bd1f","cc:eda6d339-9b4d-489a-90f7-80deac1da251","true","https://resources.selectmedical.com/Pricing-Transparency/inpatient-rehabilitation/26-3694972_SSM_Select_Rehab_Lake_St_Louis_standardcharges.csv","https://www.ssm-rehab.com/patients-and-caregivers/admissions/price-transparency","26-3694972_SSM_Select_Rehab_Lake_St_Louis_standardcharges.csv","csv","spreadsheet","57387942","false"
"cc:edc92149-340a-472e-b437-f42dc37fddf8:2eb88f4e-909e-4fa1-a241-e5ede393653d","cc:edc92149-340a-472e-b437-f42dc37fddf8","true","https://apps.para-hcfs.com/PTT//FinalLinks/Reports.aspx?dbName=dbCarolinaEastMC&type=CDMWithoutLabel&fileType=CSV","https://apps.para-hcfs.com/PTT/FinalLinks/CarolinaEast_V2.aspx","560755775_carolinaeast-medical-center-_standardcharges.csv","csv","spreadsheet","74772978","false"
"cc:ee35310e-2b60-4ec4-9c37-a1f3f103d15d:9e289f3c-0910-404a-af3c-4d4c80419336","cc:ee35310e-2b60-4ec4-9c37-a1f3f103d15d","true","https://www.genesisbh.com/_files/ugd/b56b0c_25d34f84c2594f069cfa89d56971881e.csv?dn=BBPRICE.csv","https://www.genesisbh.com/program-costs","BBPRICE_512603.csv","csv","spreadsheet","19773","false"
"cc:ee3579f2-b279-42df-9bc7-b8477798bbf7:224c7436-4786-428e-9782-b618d845af84","cc:ee3579f2-b279-42df-9bc7-b8477798bbf7","true","https://riograndehospital.pg.revenuemasters.com/cdm-files/841276376_rio-grande-hospital_standardcharges.csv","https://riograndehospital.pg.revenuemasters.com/disclaimer?","841276376_rio-grande-hospital_standardcharges.csv","csv","spreadsheet","6761366","false"
"cc:ee4ab832-5107-4f85-80e3-a2a89e11e350:8f7c7b41-7eb2-4bb2-8900-49db738beedf","cc:ee4ab832-5107-4f85-80e3-a2a89e11e350","true","https://mrfs.hyvehealthcare.com/TenetHealth/621861200-1700858560_vhs-acquisition-subsidiary-number-9-inc_standardcharges.json","https://www.mwmc.com/patients/pricing-info-estimates/hospital-pricing-information","621861200-1700858560_vhs-acquisition-subsidiary-number-9-inc_standardcharges.json","json","other","36735625","false"
"cc:ee79bc0c-ed31-48a5-9e35-4bc99f632001:d5e633b1-533b-41ff-adee-7d4f902ae367","cc:ee79bc0c-ed31-48a5-9e35-4bc99f632001","true","https://upland.pt.panaceainc.com/MRFDownload/upland/upland","https://www.uplandhillshealth.org/patient-visitors/quality-and-pricing","421017512_upland-hills-health-inc._standardcharges.csv","csv","spreadsheet","56420245","false"
"cc:eebea7f2-df42-4f2b-8582-325861a46f4d:31e57a75-9867-4e37-9939-8bf19d204eba","cc:eebea7f2-df42-4f2b-8582-325861a46f4d","true","https://nec24.com/wp-content/uploads/2026/03/832040784_Neighbors-Emergency-Center-Pearland_standardcharges.csv","https://nec24.com/price-transparency","832040784_Neighbors-Emergency-Center-Pearland_standardcharges.csv","csv","spreadsheet","218407","false"
"cc:eef513e6-d96a-49e4-986d-4718b731036f:1751eca1-30ca-44b2-a233-1e30e28949e4","cc:eef513e6-d96a-49e4-986d-4718b731036f","true","https://apps.para-hcfs.com/PTT/FinalLinks/Reports.aspx?dbName=dbOLOTBATONROUGELA&type=CDMWithoutLabel&fileType=CSV","https://www.fmolhs.org/locations/greater-baton-rouge/greater-baton-rouge-patients-and-guests/greater-baton-rouge-pricing-transparency","720423651_our-lady-of-the-lake-hospital-inc_standardcharges.csv","csv","spreadsheet","404368817","false"
"cc:ef1d0b83-840f-426a-8edf-dbb8a1f56134:a1dfe0a0-40f4-4d00-837d-cbe196a16917","cc:ef1d0b83-840f-426a-8edf-dbb8a1f56134","true","https://parkview.com/-/media/parkview-media/file/price-transparency/341048666_parkview-montpelier-hospital_standardcharges.ashx","https://www.parkview.com/patients-and-visitors/billing-and-insurance/request-an-estimate","341048666_parkview-montpelier-hospital_standardcharges.csv","csv","spreadsheet","4961228","false"
"cc:ef202563-0c41-420d-9db6-9cba42d6e0ef:b35db1c9-c52a-483d-aa6c-90f4c16018ff","cc:ef202563-0c41-420d-9db6-9cba42d6e0ef","true","https://www1.pennmedicine.org/images/pricing/311538725_Pennsylvania-Hospital-of-the-University-of-Pennsylvania-Health-System_standardcharges.csv","https://www.pennmedicine.org/Patient-resources/Policies/Pricing-transparency","311538725_Pennsylvania-Hospital-of-the-University-of-Pennsylvania-Health-System_standardcharges.csv","csv","spreadsheet","604508569","false"
"cc:ef20ca54-293c-480b-bd55-afd6850f99a8:51673e2e-cd7f-4dd7-81ef-9808e79a2068","cc:ef20ca54-293c-480b-bd55-afd6850f99a8","true","https://files.trueaccess.care/broadlawns/426005830_cityville_standardcharges.csv","https://www.broadlawns.org/patients-and-visitors/billing-financial/price-list-and-cost-estimates","426005830_cityville_standardcharges.csv","csv","spreadsheet","734256","false"
"cc:ef4bd0ce-5da7-4c87-9694-6d93b40baa0e:a5f78824-077d-4de4-ab32-7a529d297571","cc:ef4bd0ce-5da7-4c87-9694-6d93b40baa0e","true","https://mrfs.hyvehealthcare.com/USPI/752936470_orthopedic-and-surgical-specialty-company%2C-llc_standardcharges.json","https://arizonaspecialtyhospital.com/Hospital-Pricing-Information","752936470_orthopedic-and-surgical-specialty-company,-llc_standardcharges.json","json","other","98254","false"
"cc:ef637bf0-8e86-4b7d-8501-5ba2f83490c7:1949ebe4-4cbc-4722-8512-cbb796b9d4c3","cc:ef637bf0-8e86-4b7d-8501-5ba2f83490c7","true","https://hospitalpricetransparencyfiles.com/gila-regional-medical-center/856000321_Gila-Regional-Medical-Center_standardcharges.csv","https://ezcost.info/gila-medical-center","856000321_Gila-Regional-Medical-Center_standardcharges.csv","csv","spreadsheet","4769323","false"
"cc:ef7da1f7-7d8d-4e17-b429-2034d72f9d07:9f33dc7e-b10e-4084-b036-c461234637d8","cc:ef7da1f7-7d8d-4e17-b429-2034d72f9d07","true","https://www.morrowcountyhealthdistrict.org/files/7445aa9f8/871_CHARGEMASTER_20210331194517.csv","https://www.morrowcountyhealthdistrict.org/hospital-charges","871_CHARGEMASTER_20210331194517.csv","csv","spreadsheet","220495","false"
"cc:f015d317-5b00-415c-b775-f6a298ca977d:39e9af51-cd78-44d6-8bf4-c89625a6e898","cc:f015d317-5b00-415c-b775-f6a298ca977d","true","https://hospitalpricedisclosure.com/Download.aspx?pxi=6zygLFNJwULWEO0nVbhl5Q*-*&f=iFd*_*cEPwhQHJy3lVvHy9uQ*-*","https://HospitalPriceDisclosure.com/Default.aspx?ci=tWKNrFY5HZER1VRkXeC4JQ*-*","956003843_palomar-medical-center-escondido_standardcharges.json","json","other","15669735","false"
"cc:f024282b-b4f8-4dfe-95a4-7562ef0dd8bb:f4be7ad6-56a5-4ba4-97e0-aad2895f4f29","cc:f024282b-b4f8-4dfe-95a4-7562ef0dd8bb","true","https://www.medstarhealth.org/-/media/project/mho/medstar/billing-and-insurance/2026/521369749_1528061827_national_rehabilitation_hospital_inc_standardcharges.csv","https://www.medstarhealth.org/price-transparency-disclosures","521369749_1528061827_National_Rehabilitation_Hospital_Inc_standardcharges.csv","csv","spreadsheet","10229198","false"
"cc:f04f7f6d-e005-44da-a548-7cb2afb7528a:6a09ea55-c5c4-4c50-a66b-0f9c52b41798","cc:f04f7f6d-e005-44da-a548-7cb2afb7528a","true","https://apps.para-hcfs.com/PTT/FinalLinks/HudsonRegional.aspx#","https://apps.para-hcfs.com/PTT/FinalLinks/HudsonRegional.aspx#","812857619_njmhmc-llc_standardcharges.csv","csv","spreadsheet","13132644","false"
"cc:f07fb6e8-ff9a-4ace-b64e-76778101d83c:84e986d6-9e2b-4a52-9b4a-65a02fc43394","cc:f07fb6e8-ff9a-4ace-b64e-76778101d83c","true","https://baycare.org/-/media/project/baycare/consumer-portal/billing-and-insurance/pricing-files-compressed/590774199_StJosephsHospital_standardcharges.zip","https://baycare.org/billing-and-insurance","590774199_StJosephsHospital_standardcharges.zip","zip","unknown","9489980","false"
"cc:f09bb047-6fe4-4dbd-88c5-ffed477e5bb4:213e0bd9-3270-47e1-b001-a13dd9843523","cc:f09bb047-6fe4-4dbd-88c5-ffed477e5bb4","true","https://hospitalpricedisclosure.com/download.aspx?pi=XaLyScdpDeNZiuQ2wyc8fQ*-*","https://hospitalpricedisclosure.com/default.aspx?pi=XaLyScdpDeNZiuQ2wyc8fQ*-*","994070432_orlando-health-wiregrass-ranch-hospital_standardcharges.json","json","other","61789495","false"
"cc:f0b00498-bc5f-4ae3-a299-08c38c8f838c:2a8309f8-ebbe-480f-a807-e2eddba9775b","cc:f0b00498-bc5f-4ae3-a299-08c38c8f838c","true","https://holyfamilymedicalcenter.com/wp-content/uploads/2026/04/992219992_HolyFamilyMedicalCenter_standardcharges.JSON","https://holyfamilymedicalcenter.com/price-transparency","992219992_HolyFamilyMedicalCenter_standardcharges.JSON","json","other","17352953","false"
"cc:f0ba25b9-94e1-43f7-bbe6-9cf95be81f4f:da8978aa-9b59-4759-8ce4-3bbc35872aab","cc:f0ba25b9-94e1-43f7-bbe6-9cf95be81f4f","true","https://d3crna64wemw02.cloudfront.net/asset/339713052848/document_tr2itvqeg97gh4j0inunmnr505/571098556_musc-health-columbia-medical-center-downtown_standardcharges","https://muschealth.org/patients-visitors/billing/costs-price-transparency","571098556_musc-health-columbia-medical-center-downtown_standardcharges","","unknown","45549399","false"
"cc:f10753b5-aef9-487a-b6fc-a71b71b27f3c:2c803e64-ae8b-4af5-9838-0d852ec105ed","cc:f10753b5-aef9-487a-b6fc-a71b71b27f3c","true","https://s3.amazonaws.com/ycubaa-production-marlin-1-charge-management-public/facilities/7b394f9e-d9c2-4b0b-9109-00d32890267b/710578871_EUREKA-SPRINGS-HOSPITAL_standardcharges.zip","https://www.eurekaspringshospital.com/transparency","710578871_EUREKA-SPRINGS-HOSPITAL_standardcharges.zip","zip","unknown","30639285","false"
"cc:f1118c9f-24e0-40aa-9c29-9ec3af702328:9bcce430-9423-40c2-af3b-775419764217","cc:f1118c9f-24e0-40aa-9c29-9ec3af702328","true","https://images.franciscanhealth.org/pdfs/enterprise/price_transparency/350913537_franciscan-health-indianapolis-orthopedic_standardcharges.zip","https://www.franciscanhealth.org/patient-resources/hospital-price-transparency","350913537_franciscan-health-indianapolis-orthopedic_standardcharges.zip","zip","unknown","5301704","false"
"cc:f14273a8-cc46-45c4-8f8e-c58953eaf72e:73388846-4889-4786-a6b9-27d843128d5b","cc:f14273a8-cc46-45c4-8f8e-c58953eaf72e","true","https://www.westparksprings.com/docs/bhwestparkspringslibraries/3q26/800940225_westpark-springs_standardcharges.csv","https://westparksprings.com/resources/accepted-insurance/#price-list","800940225_westpark-springs_standardcharges.csv","csv","spreadsheet","248871","false"
"cc:f150fda4-9a27-4f52-8820-8054535287f5:f7031ae1-076d-4b12-8e7b-11dbbd334524","cc:f150fda4-9a27-4f52-8820-8054535287f5","true","https://lcmchealthfiles.blob.core.windows.net/mrf/Tulane%20Hospital-PricingTransparency-2026-06-25%2008_19_45.csv","https://www.lcmchealth.org/for-patients/financial-assistance/price-transparency/","Tulane Hospital-PricingTransparency-2026-06-25 08_19_45.csv","csv","spreadsheet","1451476040","false"
"cc:f17cac4e-7489-4a15-9c2c-e96e1548c969:e7431726-6ebd-452e-ba27-7bd57c8759d9","cc:f17cac4e-7489-4a15-9c2c-e96e1548c969","true","https://apim.services.craneware.com/api-pricing-transparency/api/public/6e8a5a2ffad6b97f31198aa99dbc26b1/charges/mrf","https://www.cdmpricing.com/6e8a5a2ffad6b97f31198aa99dbc26b1/","870276435_Uintah-Basin-Medical-Center_standardcharges.csv","csv","spreadsheet","31980277","false"
"cc:f18c393b-924d-4bb6-af85-6e39502084eb:71381ff4-7d12-460c-8266-ac4b513351e3","cc:f18c393b-924d-4bb6-af85-6e39502084eb","true","https://apps.para-hcfs.com/PTT/FinalLinks/Reports.aspx?dbName=dbRWHCGrantRegional&type=CDMWithoutLabel&fileType=CSV","https://apps.para-hcfs.com/PTT/FinalLinks/RWHC_Grant_V2.aspx","391834961_grant-regional-health-center-inc_standardcharges.csv","csv","spreadsheet","6885338","false"
"cc:f192caa9-451f-4306-a4e9-7daad17970fb:e7065497-d955-4b61-bd6c-9a43ddf85ba1","cc:f192caa9-451f-4306-a4e9-7daad17970fb","true","https://resources.selectmedical.com/pricing-transparency/critical-illness-recovery/81-1467358_Select_Specialty_Hospital-Midtown_Atlanta_standardcharges.csv","https://www.selectspecialtyhospitals.com/patients-and-caregivers/admissions/price-transparency/","81-1467358_Select_Specialty_Hospital-Midtown_Atlanta_standardcharges.csv","csv","spreadsheet","90285938","false"
"cc:f1ed8b6b-2c82-4fca-a177-30e8c4eb9cc3:dd471731-68d6-405d-910b-cde87ef2f2f9","cc:f1ed8b6b-2c82-4fca-a177-30e8c4eb9cc3","true","https://www.torrancememorial.org/app/files/public/72290ad6-2a3d-4b7e-acf0-1daa4ba8ba5e/951644042_TORRANCE-MEMORIAL-MEDICAL-CENTER_standardcharges.csv","https://www.torrancememorial.org/patients-visitors/billing-insurance/price-transparency/","951644042_TORRANCE-MEMORIAL-MEDICAL-CENTER_standardcharges.csv","csv","spreadsheet","308737600","false"
"cc:f1f30eb6-d912-45f4-a32d-3fae86e6e952:f7cdad65-c738-401e-989b-01da9bc0d600","cc:f1f30eb6-d912-45f4-a32d-3fae86e6e952","true","https://stctrprodsnsvc00455826e6.blob.core.windows.net/pt-final-posting-files/74-3048428_SOUTHERN-HILLS-HOSPITAL-AND-MEDICAL-CENTER_standardcharges.json?si=pt-json-access-policy&spr=https&sv=2024-11-04&sr=c&sig=o5IofreS%2F7ETlsnhPakPWCwHVVUZRobywQ5wUKGjVuQ%3D","https://www.sunrisehealthinfo.com/patient-resources/patient-financial-resources/pricing-transparency-cms-required-file-of-standard-charges","74-3048428_SOUTHERN-HILLS-HOSPITAL-AND-MEDICAL-CENTER_standardcharges.json","json","other","444622906","false"
"cc:f2219120-5a5f-4048-bac3-8b26b6e73e8b:eb7a6a59-8900-44d4-902b-98128da3383f","cc:f2219120-5a5f-4048-bac3-8b26b6e73e8b","true","https://stctrprodsnsvc00455826e6.blob.core.windows.net/pt-final-posting-files/62-1694180_HCA-FLORIDA-JFK-HOSPITAL_standardcharges.json?si=pt-json-access-policy&spr=https&sv=2024-11-04&sr=c&sig=o5IofreS%2F7ETlsnhPakPWCwHVVUZRobywQ5wUKGjVuQ%3D","https://www.hcafloridahealthcare.com/patient-resources/patient-financial-resources/pricing-transparency-cms-required-file-of-standard-charges","62-1694180_HCA-FLORIDA-JFK-HOSPITAL_standardcharges.json","json","other","449375439","false"
"cc:f224f9bc-db53-4027-929b-abe55f58f2ab:3839d1e8-ea8e-4a93-9549-6f36a5c8389f","cc:f224f9bc-db53-4027-929b-abe55f58f2ab","true","https://hpt.inmediata.com/index?h=3B91F08A-B6C0-49B1-8C25-8AA5364E9CA5","https://prwch.com/","660903293_PR-WOMEN-AND-CHILDREN-HOSPITAL_standardcharges.json","json","other","5596597","false"
"cc:f2e9afab-325b-4d02-b13a-c27820f8fd5b:fe05dc6f-db20-4b68-873f-eff7806bfdc6","cc:f2e9afab-325b-4d02-b13a-c27820f8fd5b","true","https://apim.services.craneware.com/api-pricing-transparency/api/public/d87101865046a9e2bd4c33f9057cdfa6/charges/mrf","https://www.centracare.com/patient-resources/estimates/pricing/","823166379_Carris-Health-LLC_standardcharges.csv","csv","spreadsheet","27246877","false"
"cc:f31bece9-3ef4-428e-a56c-aeba2cf4e65f:9e3e40c4-f399-461e-bfdc-56979cbdc487","cc:f31bece9-3ef4-428e-a56c-aeba2cf4e65f","true","https://stctrprodsnsvc00455826e6.blob.core.windows.net/pt-final-posting-files/59-1525468_HCA-FLORIDA-WEST-HOSPITAL_standardcharges.json?si=pt-json-access-policy&spr=https&sv=2024-11-04&sr=c&sig=o5IofreS%2F7ETlsnhPakPWCwHVVUZRobywQ5wUKGjVuQ%3D","https://www.hcafloridahealthcare.com/patient-resources/patient-financial-resources/pricing-transparency-cms-required-file-of-standard-charges","59-1525468_HCA-FLORIDA-WEST-HOSPITAL_standardcharges.json","json","other","435748293","false"
"cc:f323acb1-6068-4da7-8dbc-b1a87d08f8bd:8b030324-370a-4eca-8ebc-9c537e5229db","cc:f323acb1-6068-4da7-8dbc-b1a87d08f8bd","true","https://resources.selectmedical.com/pricing-transparency/critical-illness-recovery/88-1391845_Select_Specialty_Hospital-Boardman_standardcharges.csv","https://www.selectspecialtyhospitals.com/patients-and-caregivers/admissions/price-transparency/","88-1391845_Select_Specialty_Hospital-Boardman_standardcharges.csv","csv","spreadsheet","74960585","false"
"cc:f382f6e0-e76d-4ad1-ac39-d2c46f0c99d4:f62d1631-41cf-4db6-9f44-9510c6dbd8e7","cc:f382f6e0-e76d-4ad1-ac39-d2c46f0c99d4","true","https://media.ecommunity.com/PricingTransparency/Community_Hospital_North.csv","https://www.ecommunity.com/central-pricing-office/list-of-standard-charges","Community_Hospital_North.csv","csv","spreadsheet","2793551939","false"
"cc:f39a57b9-f086-4a9f-b718-fe88c80caf35:56c6d52a-d177-48c7-8143-96a2bf61a391","cc:f39a57b9-f086-4a9f-b718-fe88c80caf35","true","https://www.allinahealth.org/-/media/allina-health/files/customer-service/billing-and-insurance/price-transparency/363261413_mercy-hospital_standardcharges.csv","https://www.allinahealth.org/customer-service/billing-and-insurance","363261413_Mercy-Hospital_standardcharges.csv","csv","spreadsheet","200829417","false"
"cc:f3badadd-0012-4ecf-9470-7a71cad7661c:2d32bce7-ee06-4859-903d-971bb8bce92f","cc:f3badadd-0012-4ecf-9470-7a71cad7661c","true","https://pricetransparency.providence.org/socal/live/421672806_providence-little-co-of-mary-med-center-san-pedro_standardcharges.json","https://www.providence.org/obp/price-transparency","421672806_providence-little-co-of-mary-med-center-san-pedro_standardcharges.json","json","other","217265239","false"
"cc:f3ca6f22-5316-49a0-baee-6f54269533e5:1a3d7fca-aa55-45d8-9a9d-59972b13626b","cc:f3ca6f22-5316-49a0-baee-6f54269533e5","true","https://cdn.ketteringhealth.org/wp-content/uploads/2026/03/310621866_1316966518_kettering-medical-center-_standardcharges.json","https://ketteringhealth.org/billing-insurance/patient-pricing","310621866_1316966518_kettering-medical-center-_standardcharges.json","json","other","61244397","false"
"cc:f41ed7b2-9e47-419b-b7eb-ae18b4d7e37c:213e0bd9-3270-47e1-b001-a13dd9843523","cc:f41ed7b2-9e47-419b-b7eb-ae18b4d7e37c","true","https://hospitalpricedisclosure.com/download.aspx?pi=XaLyScdpDeNZiuQ2wyc8fQ*-*","https://hospitalpricedisclosure.com/default.aspx?pi=XaLyScdpDeNZiuQ2wyc8fQ*-*","994070432_orlando-health-wiregrass-ranch-hospital_standardcharges.json","json","other","61789495","false"
"cc:f45a061c-1b1c-442a-8bd9-efbe306041c1:5126b310-0269-451d-8391-2a9f5acf4e38","cc:f45a061c-1b1c-442a-8bd9-efbe306041c1","true","https://www.baxterhealth.org/documents/systems/710561765_baxter-health_standardcharges.csv","https://www.baxterhealth.org/patient-visitors/patients/price-transparency/","710561765_baxter-health_standardcharges.csv","csv","spreadsheet","50929339","false"
"cc:f470e714-fc8d-4340-bf92-c063aee8cd7c:df3ad7d7-3231-4c9b-a910-f9f4653acc18","cc:f470e714-fc8d-4340-bf92-c063aee8cd7c","true","https://resources.selectmedical.com/pricing-transparency/critical-illness-recovery/25-1821705_Select_Specialty_Hospital-Phoenix_Downtown_standardcharges.csv","https://www.selectspecialtyhospitals.com/patients-and-caregivers/admissions/price-transparency/","25-1821705_Select_Specialty_Hospital-Phoenix_Downtown_standardcharges.csv","csv","spreadsheet","214376101","false"
"cc:f4757a0e-d034-4c7e-aa9e-dbd320a0695d:65493f53-0c63-4dd8-bb08-b2bc90fc8387","cc:f4757a0e-d034-4c7e-aa9e-dbd320a0695d","true","https://apps.para-hcfs.com/PTT/FinalLinks/Reports.aspx?dbName=dbMRHLINCOLNNE&type=CDMWithoutLabel&fileType=CSV","https://apps.para-hcfs.com/PTT/FinalLinks/Madonna_Lincoln_V2.aspx","470439599_madonna-rehabilitation-hospital_standardcharges.csv","csv","spreadsheet","9332337","false"
"cc:f4ae693f-0137-416c-84e0-05c9deb4b12c:f87e63dd-6c81-4ec0-b6bc-01be3ef0a17a","cc:f4ae693f-0137-416c-84e0-05c9deb4b12c","true","https://urldefense.com/v3/__https://hospitalpricedisclosure.com/download.aspx?pi=krUxWyrvLIl1OAx7MWYtOg*-*__;Kio!!OwHQNGuS!NNxzc3gzcCDbWC_3aBKJU3Bm28st5mdzWI_DoAkJmDmhsUhsHjB8niD15jvlGIrs7b_d4aR0fJBjowy6rVbgBT6f0jLlsQ$","https://urldefense.com/v3/__https://HospitalPriceDisclosure.com/Default.aspx?ci=RsbcVwMa5jfnDZuYpIqAxQ*-*__;Kio!!OwHQNGuS!NNxzc3gzcCDbWC_3aBKJU3Bm28st5mdzWI_DoAkJmDmhsUhsHjB8niD15jvlGIrs7b_d4aR0fJBjowy6rVbgBT5sJPyOLA$","590973502_adventhealth-daytona-beach_standardcharges.json","json","other","29368955","false"
"cc:f4b0dd22-3002-494d-a014-8d3f853cf22f:e47ebc31-9564-4195-ae53-20954cb5e0e9","cc:f4b0dd22-3002-494d-a014-8d3f853cf22f","true","https://www.avera.org/app/files/public/6d849323-cf99-4a3e-afbc-49241f8e3b6f/411392082_pipestone-county-medical-center_standardcharges.csv","https://www.avera.org/patients-visitors/price-transparency/","411392082_pipestone-county-medical-center_standardcharges.csv","csv","spreadsheet","488805","false"
"cc:f4df04dc-a542-447d-b280-1d0cc5382f95:4f0a411c-fb5c-428a-834d-cf191b81a6b2","cc:f4df04dc-a542-447d-b280-1d0cc5382f95","true","https://www.medstarhealth.org/-/media/project/mho/medstar/billing-and-insurance/2026/521369749_1396176426_national_rehabilitation_hospital_inc_standardcharges.csv","https://www.medstarhealth.org/price-transparency-disclosures","521369749_1396176426_National_Rehabilitation_Hospital_Inc_standardcharges.csv","csv","spreadsheet","285626","false"
"cc:f4ea4772-d848-4f1a-b7a8-671efe2e6eea:85940321-a2e6-45e5-890d-d6b886dda60b","cc:f4ea4772-d848-4f1a-b7a8-671efe2e6eea","true","https://www.bridgeporthospital.org/-/media/Files/YNHHS/sc/06-0646554-Bridgeport-Hospital_standard_charges-2.ashx","https://www.bridgeporthospital.org/patients-visitors/billing-insurance/Pricing","06-0646554 Bridgeport Hospital_standard_charges 2.csv","csv","spreadsheet","140969577","false"
"cc:f53594ce-96c0-4b3b-8f18-bb9157ac3b30:22aaa43b-a90b-4c7b-a63a-1e8a1be865e0","cc:f53594ce-96c0-4b3b-8f18-bb9157ac3b30","true","https://media.ecommunity.com/PricingTransparency/Community_Surgery_Center_Plus.csv","https://www.ecommunity.com/central-pricing-office/list-of-standard-charges","Community_Surgery_Center_Plus.csv","csv","spreadsheet","2421244711","false"
"cc:f5947ac1-7f5a-405b-a9ba-e155959fb4e4:99509c8d-ae60-4b20-af57-2a691f2e2055","cc:f5947ac1-7f5a-405b-a9ba-e155959fb4e4","true","https://www.dcstlukes.org/_files/ugd/bbb1a5_a86541ee3f5441edb50bd9f104d5ba0a.csv?dn=450254692_st.-luke%27s-medical-center_standardcharges.csv","https://www.dcstlukes.org/resources","450254692_st.-luke's-medical-center_standardcharges.csv","csv","spreadsheet","593898","false"
"cc:f5a50675-71b7-4992-814b-8d04e8b11bf5:71e4d243-4c75-4c6b-840d-1856802019f3","cc:f5a50675-71b7-4992-814b-8d04e8b11bf5","true","https://madisonregionalhealth.org/wp-content/uploads/46-0228038_Madison_Regional_Health_System_standardcharges-July-2025-Prices.csv","https://madisonregionalhealth.org/patient-visitor-guide/#price-estimates-cost-estimator","46-0228038_Madison_Regional_Health_System_standardcharges-July-2025-Prices.csv","csv","spreadsheet","4575906","false"
"cc:f5ad246b-adaa-4a4a-a5dd-cd9dcb62e718:fa6692e3-d851-4efa-814b-7fa5469e240d","cc:f5ad246b-adaa-4a4a-a5dd-cd9dcb62e718","true","https://hospitalpricedisclosure.com/Download.aspx?pxi=Vxv3c*__*4cxI3fab3ACdIqHA*-*&f=iFd*_*cEPwhQHJy3lVvHy9uQ*-*","https://hospitalpricedisclosure.com/default.aspx?pi=Vxv3c*__*4cxI3fab3ACdIqHA*-*","810398400 _billings-clinic-broadwater_standardcharges.json","json","other","2477238","false"
"cc:f600619b-908c-4896-bbaa-0e81dae8f30a:c17ef2d0-5d6e-4524-86b7-596c12c35c99","cc:f600619b-908c-4896-bbaa-0e81dae8f30a","true","https://mrfs.hyvehealthcare.com/RWJBarnabasHealth/222977312_saint-barnabas-behavioral-health-center_standardcharges.json","https://www.rwjbh.org/billing/charges/","222977312_saint-barnabas-behavioral-health-center_standardcharges.json","json","other","957576","false"
"cc:f66da6b2-7af8-4cb2-bc8e-f5a698a2feaf:89572e18-073e-40b8-a558-8bce332b0487","cc:f66da6b2-7af8-4cb2-bc8e-f5a698a2feaf","true","https://mrfs.hyvehealthcare.com/OpelousasGeneralHealthSystem/720708111_opelousas-general-main-campus_standardcharges.csv","https://www.opelousasgeneral.com/patient-resources/healthcare-price-transparency/","720708111_opelousas-general-main-campus_standardcharges.csv","csv","spreadsheet","109941996","false"
"cc:f68a45e0-be68-4a20-a4c8-ff9e9870994f:3cdb833e-77a0-4d57-8cbf-a3eb021994f0","cc:f68a45e0-be68-4a20-a4c8-ff9e9870994f","true","https://prairie-care.com/wp-content/uploads/2024/01/2024-Hospital-Charges-Inpatient-and-PHP.csv","https://prairie-care.com/resources/price-transparency/","2024-Hospital-Charges-Inpatient-and-PHP.csv","csv","spreadsheet","936","false"
"cc:f6a551d2-0f6a-47cc-accd-6bfa2ba9b325:f5b9489a-7e31-4629-8ad6-4bae1c9242a8","cc:f6a551d2-0f6a-47cc-accd-6bfa2ba9b325","true","https://resources.selectmedical.com/Pricing-Transparency/critical-illness-recovery/03-0508537_Select_Specialty_Hospital-Southeast_Ohio_standardcharges.csv","https://www.selectspecialtyhospitals.com/patients-and-caregivers/admissions/price-transparency","03-0508537_Select_Specialty_Hospital-Southeast_Ohio_standardcharges.csv","csv","spreadsheet","107939363","false"
"cc:f6b3e29f-71bd-4ded-b4a3-bcfe3a163e02:2f1cc927-48e1-46e8-b9d1-3ca922b70e29","cc:f6b3e29f-71bd-4ded-b4a3-bcfe3a163e02","true","https://bitterroothealth.goredde.com/Estimator/Files/810240726_bitterroot-health_standardcharges.csv","https://bitterroothealth.goredde.com/Estimator/","810240726_bitterroot-health_standardcharges.csv","csv","spreadsheet","45765809","false"
"cc:f6ff644d-69bf-4b28-9f3d-61ac8c0bb6f3:961ea058-9f9a-4ba6-ab53-d80918f8e456","cc:f6ff644d-69bf-4b28-9f3d-61ac8c0bb6f3","true","https://archviewhospital.com/csv-download/393946099_archview-er-hospital-llc_standardcharges_1in","https://archviewhospital.com/price-transparency","393946099_archview-er-hospital-llc_standardcharges_1in.csv","csv","spreadsheet","402955","false"
"cc:f7247720-f4d9-450d-9c03-2e4883207c7a:1640ed21-6898-4f47-85df-0dd892de583a","cc:f7247720-f4d9-450d-9c03-2e4883207c7a","true","https://resources.selectmedical.com/pricing-transparency/critical-illness-recovery/03-0508559_Select_Specialty_Hospital-Palm_Beach_standardcharges.csv","https://www.selectspecialtyhospitals.com/patients-and-caregivers/admissions/price-transparency/","03-0508559_Select_Specialty_Hospital-Palm_Beach_standardcharges.csv","csv","spreadsheet","96038171","false"
"cc:f73751be-260c-497b-adc3-7d269202b41f:5c694d32-1082-432b-9071-c7b2b0e1a562","cc:f73751be-260c-497b-adc3-7d269202b41f","true","https://drive.google.com/uc?export=download&id=1y8mzHTTE6XDBpOz6yJm8BgY2R2KweJvq","https://www.cmcvictoria.com/price-transparency","Citizens Medical Center Standard Charges.csv","csv","spreadsheet","54012053","false"
"cc:f750cd36-946f-470f-b649-ab6b0c176a76:c54ae213-0fdc-4cad-98cc-9997103c6413","cc:f750cd36-946f-470f-b649-ab6b0c176a76","true","https://hospitalpricedisclosure.com/Download.aspx?pi=LOtuFO5IRvB3oKhbaBUfFA*-*","https://www.vaughanregional.com/price-transparency","621864231_vaughan-regional-medical-center-parkway-campus_standardcharges.json","json","other","19430677","false"
"cc:f7a309ea-095b-4416-a4a1-c52982240fff:0113fded-1f23-4d39-9cdb-a7265a82a620","cc:f7a309ea-095b-4416-a4a1-c52982240fff","true","https://memorialhermann.org/-/media/memorial-hermann/org/files/patients-and-visitors/cms-standard-hospital-charges/741152597_mhhs-opid-hermann_standardcharges.csv","https://memorialhermann.org/patients-visitors/patient-services/financial-care/financial-resources/cms-price-transparency-information","741152597_mhhs-opid-hermann_standardcharges.csv","csv","spreadsheet","36141378","false"
"cc:f7b7319e-9e2c-4fe4-b9a9-207c77f6ab66:1d50b6e1-dae3-4c99-a5c9-a00c3c3852c5","cc:f7b7319e-9e2c-4fe4-b9a9-207c77f6ab66","true","https://www.cityofhope.org/362510771_midwestern-regional-medical-center,-inc._standardcharges.json","https://www.cityofhope.org/patients/our-value-and-pricing/pricing-information","362510771_midwestern-regional-medical-center,-inc._standardcharges.json","json","other","278160360","false"
"cc:f7e19e4f-721a-4810-b18f-91cd821bf1b2:fcb45faa-fabb-4088-a8ba-0fe0a08e02f1","cc:f7e19e4f-721a-4810-b18f-91cd821bf1b2","true","https://apps.para-hcfs.com/PTT/FinalLinks/Reports.aspx?dbName=dbAHSVSIMIVALLEYCA&type=CDMWithoutLabel&fileType=CSV","https://www.adventisthealth.org/patients-and-visitors/price-transparency","956064971_simi-valley-hospital-and-health-care-services_standardcharges.csv","csv","spreadsheet","654208296","false"
"cc:f805a26c-05fa-414e-ad2f-68f5cc85ba87:669df9c9-ad0d-42dd-8a8c-540c2a81e92c","cc:f805a26c-05fa-414e-ad2f-68f5cc85ba87","true","https://stctrprodsnsvc00455826e6.blob.core.windows.net/pt-final-posting-files/61-1258724_HCA-FLORIDA-SARASOTA-DOCTORS-HOSPITAL_standardcharges.json?si=pt-json-access-policy&spr=https&sv=2024-11-04&sr=c&sig=o5IofreS%2F7ETlsnhPakPWCwHVVUZRobywQ5wUKGjVuQ%3D","https://www.hcafloridahealthcare.com/patient-resources/patient-financial-resources/pricing-transparency-cms-required-file-of-standard-charges","61-1258724_HCA-FLORIDA-SARASOTA-DOCTORS-HOSPITAL_standardcharges.json","json","other","435930787","false"
"cc:f8293562-7b7f-4a6e-b2b7-b3c627ee9ed9:850ac0d9-f7d0-4314-81b9-8b6be28c7bfc","cc:f8293562-7b7f-4a6e-b2b7-b3c627ee9ed9","true","https://apps.para-hcfs.com/PTT/FinalLinks/Reports.aspx?dbName=dbMidColumbia&type=CDMWithoutLabel&fileType=CSV","https://www.adventisthealth.org/patients-and-visitors/price-transparency/","930386936_mid-columbia-medical-center_standardcharges.csv","csv","spreadsheet","57598170","false"
"cc:f847d6da-a5e9-4243-9343-039ff1485e04:def075cf-e770-4cf7-b4a2-1777c8e5ae63","cc:f847d6da-a5e9-4243-9343-039ff1485e04","true","https://firstsurgical.com/wp-content/uploads/2025/04/843119330_First-surgical-hospital_standardcharges.csv","https://firstsurgical.com/price-transparency/","843119330_First-surgical-hospital_standardcharges.csv","csv","spreadsheet","176384","false"
"cc:f891f07a-8a6c-42d7-aa02-bc0cd0b65960:8a2722ed-e8c7-4fcb-b8ac-7dda63c11fc0","cc:f891f07a-8a6c-42d7-aa02-bc0cd0b65960","true","https://www.genesisbh.com/_files/ugd/b56b0c_bdfb22a6f4514b929042b7e7b1deec6f.csv?dn=CroPrice.csv","https://www.genesisbh.com/program-costs","CroPrice_789129.csv","csv","spreadsheet","19734","false"
"cc:f8cfe0f3-49bc-4c58-b311-1747344e8215:38d58d69-5493-47e7-86dd-3b59714359cc","cc:f8cfe0f3-49bc-4c58-b311-1747344e8215","true","https://axiombh.com/wp-content/uploads/2026/08/Axiom-machine-readable-file.csv","https://axiombh.com/price-transparency","Axiom-machine-readable-file.csv","csv","spreadsheet","22826","false"
"cc:f939c389-81d5-4239-96b2-72b0b7bf3b27:0840d4f7-0dd1-4481-b2ec-813a37899486","cc:f939c389-81d5-4239-96b2-72b0b7bf3b27","true","https://apps.para-hcfs.com/PTT/FinalLinks/Reports.aspx?dbName=dbRMHRoundupMT&type=CDMWithoutLabel&fileType=CSV","https://www.rmhmt.org/patient-resources/pricing-transparency","810245848_roundup-memorial-hospital-association_standardcharges.csv","csv","spreadsheet","12337912","false"
"cc:f982fef9-be0d-48ca-98a4-ed34ff8d3e1b:7a5cd1fa-574e-4b34-9fc1-d97a49dc68b2","cc:f982fef9-be0d-48ca-98a4-ed34ff8d3e1b","true","https://www.allinahealth.org/-/media/allina-health/files/customer-service/billing-and-insurance/price-transparency/363261413_river-falls-area-hospital_standardcharges.csv","https://www.allinahealth.org/customer-service/billing-and-insurance","363261413_River-Falls-Area-Hospital_standardcharges.csv","csv","spreadsheet","71494085","false"
"cc:f9de8e35-c936-4b44-91af-ca8741e036ca:be41d9d3-1a64-4614-b3c3-ab815e89bbb4","cc:f9de8e35-c936-4b44-91af-ca8741e036ca","true","https://stctrprodsnsvc00455826e6.blob.core.windows.net/pt-final-posting-files/61-1269294_HCA-FLORIDA-NORTH-FLORIDA-HOSPITAL_standardcharges.json?si=pt-json-access-policy&spr=https&sv=2024-11-04&sr=c&sig=o5IofreS%2F7ETlsnhPakPWCwHVVUZRobywQ5wUKGjVuQ%3D","https://www.hcafloridahealthcare.com/patient-resources/patient-financial-resources/pricing-transparency-cms-required-file-of-standard-charges","61-1269294_HCA-FLORIDA-NORTH-FLORIDA-HOSPITAL_standardcharges.json","json","other","406079042","false"
"cc:f9e67983-a8e6-40ce-b667-03e7441429c2:f0e4a9f4-c125-46c6-8cb3-5c66e61399ce","cc:f9e67983-a8e6-40ce-b667-03e7441429c2","true","https://slrh.scvh.org/946000533_st-louise-regional-hospital_standardcharges.csv","https://slrh.scvh.org/about-us/price-transparency-cost-estimator","946000533_st-louise-regional-hospital_standardcharges.csv","csv","spreadsheet","100286981","false"
"cc:f9f6344b-59e5-4a82-9b44-b1175e7e368b:afcce718-e5ee-4edf-aecb-6046cca1fcab","cc:f9f6344b-59e5-4a82-9b44-b1175e7e368b","true","https://www.forresthealth.org/app/files/public/5df74aad-58b8-4447-8372-fdc436632326/646001587_Forrest-General-Hospital_standardcharges.csv","http://www.forresthealth.org/patients-visitors/forrest-health-price-transparency/","646001587_Forrest-General-Hospital_standardcharges.csv","csv","spreadsheet","423308886","false"
"cc:fa0011e8-f942-4dfb-864d-7b2e37b87241:23ff9751-410e-443a-ae2e-9eaa43f8c089","cc:fa0011e8-f942-4dfb-864d-7b2e37b87241","true","https://mrfs.hyvehealthcare.com/TenetHealth/752932830_st.-marys-medical-center%2C-inc_standardcharges.json","https://www.palmbeachhealthnetwork.com/patients/pricing-info-estimates/hospital-pricing-information","752932830_st.-marys-medical-center,-inc_standardcharges.json","json","other","3443129","false"
"cc:fa36444a-7543-4367-8f1c-0e7c7dc41fc7:d86dc46b-e752-41cb-8ed3-7bb8a8b97d42","cc:fa36444a-7543-4367-8f1c-0e7c7dc41fc7","true","https://dbhdd.georgia.gov/media/25806/download","https://dbhdd.georgia.gov/be-caring/state-hospital-price-transparency","943473160_east-central-regional-hospital_standardcharges_0.csv","csv","spreadsheet","76378","false"
"cc:fa371d4e-4ce4-4bb4-bea9-528f2ee122fc:5c8eb656-4d49-47a5-b70c-38783427fe38","cc:fa371d4e-4ce4-4bb4-bea9-528f2ee122fc","true","https://www.tghealthsystem.com/documents/price transparency/721275428_physicians-medical-center_standardcharges.csv","https://www.tghealthsystem.com/price-transparency/","721275428_physicians-medical-center_standardcharges.csv","csv","spreadsheet","2094373","false"
"cc:fa3747ce-0525-4126-b7d7-535382e78aad:b13b12bd-20f4-475d-a81d-3d493f7d1ad9","cc:fa3747ce-0525-4126-b7d7-535382e78aad","true","https://www.centrahealth.com/sites/default/files/2023-12/540715569_VirginiaBaptistHospital_standardcharges.csv","https://www.centrahealth.com/price-transparency","540715569_VirginiaBaptistHospital_standardcharges.csv","csv","spreadsheet","2146304","false"
"cc:fa541579-cc48-425b-bd74-baf789e2f75c:6366590a-7232-4821-a343-7a7d9c4f99d0","cc:fa541579-cc48-425b-bd74-baf789e2f75c","true","https://omh.ny.gov/omhweb/adults/141663311_nysomh_standardcharges.csv","https://omh.ny.gov/omhweb/adults/omh-hospital-pricing-transparency.pdf","141663311_nysomh_standardcharges.csv","csv","spreadsheet","929041","false"
"cc:faa787d3-c275-4baf-95a5-b429e0fc3361:653ca637-7760-4f43-ae1e-9d59ac07c5d3","cc:faa787d3-c275-4baf-95a5-b429e0fc3361","true","https://resources.selectmedical.com/Pricing-Transparency/critical-illness-recovery/43-1726282_Select_Specialty_Hospital-St_Louis_standardcharges.csv","https://www.selectspecialtyhospitals.com/patients-and-caregivers/admissions/price-transparency","43-1726282_Select_Specialty_Hospital-St_Louis_standardcharges.csv","csv","spreadsheet","180745337","false"
"cc:fad2b6c6-9f94-49c6-abee-1472ed91d41e:1b20531c-827a-4b0b-9405-481b95fecfdb","cc:fad2b6c6-9f94-49c6-abee-1472ed91d41e","true","https://www.jpshealthnet.org/price-transparency/75-6000439_jps-health-network_standardcharges.csv","https://www.jpshealthnet.org/financial-resources/price-transparency-jps-health-network","75-6000439_jps-health-network_standardcharges.csv","csv","spreadsheet","38040747","false"
"cc:faf1c42f-2178-4baa-ae92-91cf4feaa912:8e815345-071d-4e89-ae32-8a2aa6c175f5","cc:faf1c42f-2178-4baa-ae92-91cf4feaa912","true","https://www.massgeneralbrigham.org/content/dam/mgb-global/en/price-transparency/042312909_Brigham-and-Womens-Hospital_StandardCharges.zip","https://www.brighamandwomens.org/patients-and-families/patients/insurance-billing-payment/hospital-charge-data","042312909_Brigham-and-Womens-Hospital_StandardCharges.zip","zip","unknown","2879322","false"
"cc:fb071a91-9f7e-4dbb-93a5-89233f7fda8f:a72f9120-4fb7-46ff-8d31-f91b60504dd3","cc:fb071a91-9f7e-4dbb-93a5-89233f7fda8f","true","https://greatriver.pt.panaceainc.com/MRFDownload/greatriver/henrycounty","https://www.greatriverhealth.org/patients-visitors/billing-financial-services/price-transparency/","862701018_henry-county-health-center-inc_standardcharges.csv","csv","spreadsheet","220493077","false"
"cc:fb53e705-70f5-4ff6-b4ec-47f8d6700b84:475a0395-b34c-415c-ad79-88797dfc3ff1","cc:fb53e705-70f5-4ff6-b4ec-47f8d6700b84","true","https://urldefense.com/v3/__https://hospitalpricedisclosure.com/download.aspx?pi=URt8djdtH*__*GTsWWQK*__*ofUg*-*__;KioqKioq!!OwHQNGuS!NNxzc3gzcCDbWC_3aBKJU3Bm28st5mdzWI_DoAkJmDmhsUhsHjB8niD15jvlGIrs7b_d4aR0fJBjowy6rVbgBT71rHrhqg$","https://urldefense.com/v3/__https://HospitalPriceDisclosure.com/Default.aspx?ci=RsbcVwMa5jfnDZuYpIqAxQ*-*__;Kio!!OwHQNGuS!NNxzc3gzcCDbWC_3aBKJU3Bm28st5mdzWI_DoAkJmDmhsUhsHjB8niD15jvlGIrs7b_d4aR0fJBjowy6rVbgBT5sJPyOLA$","841793121_adventhealth-heart-of-florida_standardcharges.json","json","other","24061509","false"
"cc:fb8b8292-70ad-440e-892d-6bb5a7d13e1d:05cd8bb4-b64c-41f7-b6bb-8a095970f52c","cc:fb8b8292-70ad-440e-892d-6bb5a7d13e1d","true","https://bidmilton.org/042103604_beth-israel-deaconess-hospital-milton-inc_standardcharges.json","https://bidmilton.org/patients-visitors/billing-financial-services/price-transparency","042103604_beth-israel-deaconess-hospital-milton-inc_standardcharges.json","json","other","16454531","false"
"cc:fbb019c2-e1f2-48b5-861c-2b383d517fc5:14d1e67d-4474-4d28-a47f-7d6b5c4ffe77","cc:fbb019c2-e1f2-48b5-861c-2b383d517fc5","true","https://stctrprodsnsvc00455826e6.blob.core.windows.net/pt-final-posting-files/83-2048706_MISSION-HOSPITAL_standardcharges.json?si=pt-json-access-policy&spr=https&sv=2024-11-04&sr=c&sig=o5IofreS%2F7ETlsnhPakPWCwHVVUZRobywQ5wUKGjVuQ%3D","https://www.missionhealth.org/patient-resources/patient-financial-resources/pricing-transparency-cms-required-file-of-standard-charges","83-2048706_MISSION-HOSPITAL_standardcharges.json","json","other","812845487","false"
"cc:fbcb755e-0883-4cbc-bbbc-c99283d6b893:6366590a-7232-4821-a343-7a7d9c4f99d0","cc:fbcb755e-0883-4cbc-bbbc-c99283d6b893","true","https://omh.ny.gov/omhweb/adults/141663311_nysomh_standardcharges.csv","https://omh.ny.gov/omhweb/adults/omh-hospital-pricing-transparency.pdf","141663311_nysomh_standardcharges.csv","csv","spreadsheet","929041","false"
"cc:fbcc84b7-908b-402f-89d3-f25164198f9d:f6d4e498-634c-46c7-827a-39b020fcd809","cc:fbcc84b7-908b-402f-89d3-f25164198f9d","true","https://s3.amazonaws.com/ycubaa-production-marlin-1-charge-management-public/facilities/2fad22c3-5672-4324-a2c7-84df7a355f88/832451967_PANOLA-MEDICAL-CENTER_standardcharges.zip","https://www.yourcareeverywhere.com/content/medhost/your-care-everywhere/pricing-estimator-page.html?facility_id=2fad22c3-5672-4324-a2c7-84df7a355f88","832451967_PANOLA-MEDICAL-CENTER_standardcharges.zip","zip","unknown","53963149","false"
"cc:fbe01049-5101-467d-a486-96995232d229:9dd4aa84-295e-49c0-b939-af0a685414d9","cc:fbe01049-5101-467d-a486-96995232d229","true","https://bidneedham.org/043229679_beth-israel-deaconess-hospital---needham_standardcharges.json","https://bidneedham.org/patients-visitors/billing-financial-services/price-transparency","043229679_beth-israel-deaconess-hospital---needham_standardcharges.json","json","other","15340209","false"
"cc:fbeb3e07-d554-4d02-8588-696ac2976eb6:bef838e6-c892-4b45-9dfc-e41a9e035c3a","cc:fbeb3e07-d554-4d02-8588-696ac2976eb6","true","https://odessamemorial.goredde.com/Estimator/Files/91-6001722_Lincoln_County_Public_Hospital_District_1_standardcharges.csv","https://www.omhc.org/","91-6001722_Lincoln_County_Public_Hospital_District_1_standardcharges.csv","csv","spreadsheet","58025633","false"
"cc:fc0ec671-1cef-4276-8a4f-29ec3e7f0d18:13e4a015-5635-47e0-a4f6-bd12d5330e80","cc:fc0ec671-1cef-4276-8a4f-29ec3e7f0d18","true","https://www.edgertonhospital.com/media/3385/390819992_edgerton-hospital-and-health-services_standardcharges.csv","https://www.edgertonhospital.com/patients-visitors/estimate-your-cost","390819992_edgerton-hospital-and-health-services_standardcharges.csv","csv","spreadsheet","2610457","false"
"cc:fc108208-8f33-4328-9107-a9f9f7f4930d:1042724d-deab-4978-84c6-c7072ec9e3fb","cc:fc108208-8f33-4328-9107-a9f9f7f4930d","true","https://www.myrgh.org/images/PricingTransparency-Roosevelt-General-Hospital-3161-20260302140656.2).csv","https://www.myrgh.org/patient-visitor-information/patient-satisfaction/hospital-charges/","PricingTransparency-Roosevelt-General-Hospital-3161-20260302140656.2).csv","csv","spreadsheet","25527210","false"
"cc:fc33fd37-ce7a-484e-ac51-9208d2c49df9:604e2775-b0a8-4f39-8358-58c37cf4aae9","cc:fc33fd37-ce7a-484e-ac51-9208d2c49df9","true","https://apps.para-hcfs.com/PTT/FinalLinks/Reports.aspx?dbName=dbOakBendRichmondTX&type=CDMWithoutLabel&fileType=CSV","https://oakbendmedcenter.org/fannin-surgical-hospital-campus-pricing-transparency","760339462_oakbend-medical-center_standardcharges.csv","csv","spreadsheet","13384430","false"
"cc:fc3a7cec-9b8e-43eb-82a1-f9379c63ce33:cea84302-c3a8-43dc-8737-49cd51f455b6","cc:fc3a7cec-9b8e-43eb-82a1-f9379c63ce33","true","https://www.umc.edu/Healthcare/Patients-and-Visitors/Bill%20Pay/Pricing%20Files/646008520-1194770404_university-of-mississippi-medical-center_standardcharges.csv","https://www.umc.edu/pricing","646008520-1194770404_university-of-mississippi-medical-center_standardcharges.csv","csv","spreadsheet","76611981","false"
"cc:fc5f5c32-ce0e-4b06-a272-231238d40e7c:0dc6510f-dca4-411e-b8f9-6210722b5d1e","cc:fc5f5c32-ce0e-4b06-a272-231238d40e7c","true","https://d3crna64wemw02.cloudfront.net/asset/339713052848/document_j9remo2pi11c9fhq99oscsnu6t/571098556_musc-health-columbia-medical-center-northeast_standardcharges","https://muschealth.org/patients-visitors/billing/costs-price-transparency","571098556_musc-health-columbia-medical-center-northeast_standardcharges","","unknown","45549410","false"
"cc:fc826979-8f1f-4cba-8f69-0ddde795941e:961c710d-b979-4f3d-bcfd-66762ead966e","cc:fc826979-8f1f-4cba-8f69-0ddde795941e","true","https://resources.selectmedical.com/Pricing-Transparency/critical-illness-recovery/43-1732618_Select_Specialty_Hospital-Kansas_City_standardcharges.csv","https://www.selectspecialtyhospitals.com/patients-and-caregivers/admissions/price-transparency","43-1732618_Select_Specialty_Hospital-Kansas_City_standardcharges.csv","csv","spreadsheet","46697521","false"
"cc:fc956b36-ada3-438c-9220-646227a4e9c6:51e5ef15-e491-483b-b1ce-18b588e1a821","cc:fc956b36-ada3-438c-9220-646227a4e9c6","true","https://www.avera.org/app/files/public/11a2dd03-9af9-4627-8834-6553f37a9ec8/460246437_eureka-hospital_standardcharges.csv","https://www.avera.org/patients-visitors/price-transparency/","460246437_eureka-hospital_standardcharges.csv","csv","spreadsheet","1727606","false"
"cc:fd055341-cafc-4e06-b63b-c66cb03be63c:4e0b0e0c-5013-4220-85d8-2ad79d2778ab","cc:fd055341-cafc-4e06-b63b-c66cb03be63c","true","http://www.chal.org/Community_Hospital_Machine_Readable_Standard_Charges_12_2020.csv","http://www.chal.org/about/resources","Community_Hospital_Machine_Readable_Standard_Charges_12_2020.csv","csv","spreadsheet","434296","false"
"cc:fd0b3ec7-bd25-4750-bfcb-d8803b988fa6:29319406-fee3-48c7-9c36-0c795153696a","cc:fd0b3ec7-bd25-4750-bfcb-d8803b988fa6","true","https://www.medstarhealth.org/-/media/project/mho/medstar/billing-and-insurance/2026/521369749_1063283505_national_rehabilitation_hospital_inc_standardcharges.csv","https://www.medstarhealth.org/price-transparency-disclosures","521369749_1063283505_National_Rehabilitation_Hospital_Inc_standardcharges.csv","csv","spreadsheet","248606","false"
"cc:fd257d4b-2d25-472a-b36d-9ac450762adc:84001016-23a2-42a5-ac44-990c18ba79a6","cc:fd257d4b-2d25-472a-b36d-9ac450762adc","true","https://www.montefioreslc.org/141340054_st-lukes-cornwall-hospital_standardcharges.csv","https://www.montefioreslc.org/patients/billing-insurance-information","141340054_st-lukes-cornwall-hospital_standardcharges.csv","csv","spreadsheet","564196408","false"
"cc:fd3b1590-9f94-49ff-8d03-2ac9dd82fb99:e078739c-8d47-46ca-ad5e-a5112e84538f","cc:fd3b1590-9f94-49ff-8d03-2ac9dd82fb99","true","https://www.wellstar.org/-/media/project/wellstar/org/documents/hospital-pricing-transparency-2026/464824043_wellstar-roosevelt-long-term-acute-care-at-warm-sp_standardcharges.csv?rev=f837dd7eb39148ebbe2e9b917d3c90c9&hash=5967DA67DF45A447E062A1BE43FB2A13","https://www.wellstar.org/financial-policy-and-privacy-info/hospital-pricing-transparency","464824043_wellstar-roosevelt-long-term-acute-care-at-warm-sp_standardcharges.csv","csv","spreadsheet","12320339","false"
"cc:fd6072d9-2a42-4984-a185-69c5059b9b71:24073003-6858-4504-9de1-2ab0a653a00d","cc:fd6072d9-2a42-4984-a185-69c5059b9b71","true","https://www.centrahealth.com/sites/default/files/2023-12/204712023_CentraSpecialtyHospital_standardcharges.csv","https://www.centrahealth.com/price-transparency","204712023_CentraSpecialtyHospital_standardcharges.csv","csv","spreadsheet","66556282","false"
"cc:fd85e397-d597-4d65-873b-db17b702348a:432d827d-0c2f-46e0-9511-acad5249cee3","cc:fd85e397-d597-4d65-873b-db17b702348a","true","https://www.medstarhealth.org/-/media/project/mho/medstar/billing-and-insurance/2026/521369749_1568202075_national_rehabilitation_hospital_inc_standardcharges.csv","https://www.medstarhealth.org/price-transparency-disclosures","521369749_1568202075_National_Rehabilitation_Hospital_Inc_standardcharges.csv","csv","spreadsheet","244641","false"
"cc:fda255ae-fab1-4f3c-bd43-7f76c2d33f1e:4750990e-0060-46ab-90f2-20e6a2862a20","cc:fda255ae-fab1-4f3c-bd43-7f76c2d33f1e","true","https://mrfs.hyvehealthcare.com/USPI/203793927_foundation-bariatric-hospital-of-san-antonio%2C-llc_standardcharges.json","https://fshsanantonio.com/Hospital-Pricing-Information","203793927_foundation-bariatric-hospital-of-san-antonio,-llc_standardcharges.json","json","other","13702140","false"
"cc:fdc59c7b-0e73-4e42-a946-e6a9dd67bf1e:7c5ab3e1-a750-446f-9d59-03119bb40e96","cc:fdc59c7b-0e73-4e42-a946-e6a9dd67bf1e","true","https://stctrprodsnsvc00455826e6.blob.core.windows.net/pt-final-posting-files/26-1512163_HCA-HOUSTON-HEALTHCARE-NORTHWEST_standardcharges.json?si=pt-json-access-policy&spr=https&sv=2024-11-04&sr=c&sig=o5IofreS%2F7ETlsnhPakPWCwHVVUZRobywQ5wUKGjVuQ%3D","https://www.hcahoustonhealthcare.com/patient-resources/patient-financial-resources/pricing-transparency-cms-required-file-of-standard-charges","26-1512163_HCA-HOUSTON-HEALTHCARE-NORTHWEST_standardcharges.json","json","other","684073072","false"
"cc:fdcea0f9-dcab-457a-a520-30f8ded0abc1:f8be3c5e-9a20-488b-80b5-5845990d7a65","cc:fdcea0f9-dcab-457a-a520-30f8ded0abc1","true","https://www.mercy.net/content/dam/mercy/en/web-assets/charge-files/237037718_mercy-health-love-county_standardcharges.zip","https://www.mercy.net/forms/items-and-services-files","237037718_mercy-health-love-county_standardcharges.zip","zip","unknown","7759597","false"
"cc:fddcd0b2-a662-46d5-bbfd-3cf267fc2efa:8688c558-9fff-48b1-95b4-85843ced9ef8","cc:fddcd0b2-a662-46d5-bbfd-3cf267fc2efa","true","https://lvhn.pt.panaceainc.com/MRFDownload/lvhn/schuylkill","https://www.lvhn.org/get-price-quote","231352202-1235138405_lehigh-valley-hospital-schuylkill_standardcharges.json","json","other","436128558","false"
"cc:fde1a178-7208-4833-97e5-15dc778119b0:1751eca1-30ca-44b2-a233-1e30e28949e4","cc:fde1a178-7208-4833-97e5-15dc778119b0","true","https://apps.para-hcfs.com/PTT/FinalLinks/Reports.aspx?dbName=dbOLOTBATONROUGELA&type=CDMWithoutLabel&fileType=CSV","https://www.fmolhs.org/locations/greater-baton-rouge/greater-baton-rouge-patients-and-guests/greater-baton-rouge-pricing-transparency","720423651_our-lady-of-the-lake-hospital-inc_standardcharges.csv","csv","spreadsheet","404368817","false"
"cc:fe09e4c3-6e68-4b4d-bebb-b93ab5268d7c:e8a9e3e3-d461-4a6f-8ffc-319d83ffdc4b","cc:fe09e4c3-6e68-4b4d-bebb-b93ab5268d7c","true","https://apps.para-hcfs.com/PTT/FinalLinks/Reports.aspx?dbName=dbOLOLLAFAYETTELA&type=CDMWithoutLabel&fileType=CSV","https://www.fmolhs.org/patients-guests/fmolhs-price-transparency","720423635_our-lady-of-lourdes-reg-med-center_standardcharges.csv","csv","spreadsheet","291087105","false"
"cc:fe23b411-31d9-400f-a62a-3e3a2e1d83e0:ee0cc98f-df6c-4d2b-8abb-347f3cffc007","cc:fe23b411-31d9-400f-a62a-3e3a2e1d83e0","true","https://mchonline.org/050704_Mission_Community_Hospital_standardcharges.csv","https://mchonline.org/price-transparency/","050704_Mission_Community_Hospital_standardcharges.csv","csv","spreadsheet","26479230","false"
"cc:fe6292e9-c6bc-427a-87d2-c880b2052581:0c4839a3-f7fd-40e0-b47d-2021d7372582","cc:fe6292e9-c6bc-427a-87d2-c880b2052581","true","https://www.henrycountyhospital.org/documents/344477047_henry-county-hospital_standardcharges.csv","https://www.henrycountyhospital.org/","344477047_henry-county-hospital_standardcharges.csv","csv","spreadsheet","10873177","false"
"cc:fe629555-9cd7-455e-a3a0-a34fc37593ae:2fefd49f-3f3d-460e-8b1e-37921cbc3057","cc:fe629555-9cd7-455e-a3a0-a34fc37593ae","true","https://lexhealth.com/lexhealth/docs/852276567_lexington-medical-center_standardcharges-Q2-2026.json","https://www.lexhealth.com/billing-insurance/price-transparency","852276567_lexington-medical-center_standardcharges-Q2-2026.json","json","other","42597452","false"
"cc:fe7fad5d-7cbe-492c-8ebf-a979c0583e6a:647dbb08-28b2-4700-a6cb-537d142a3b95","cc:fe7fad5d-7cbe-492c-8ebf-a979c0583e6a","true","https://resources.selectmedical.com/Pricing-Transparency/critical-illness-recovery/31-1574892_Select_Specialty_Hospital-Cincinnati_North_standardcharges.csv","https://www.selectspecialtyhospitals.com/patients-and-caregivers/admissions/price-transparency","31-1574892_Select_Specialty_Hospital-Cincinnati_North_standardcharges.csv","csv","spreadsheet","156305787","false"
"cc:fe87e2f8-dcef-489c-af9c-aab2eab32f90:2425fb2e-63c9-4ce3-9802-748c9aaf8244","cc:fe87e2f8-dcef-489c-af9c-aab2eab32f90","true","https://sthpiprd.blob.core.windows.net/machine-readable-files/12701/470529089_fillmore-county-hospital_standardcharges.csv","https://search.hospitalpriceindex.com/hpi2/machineReadable/FillmoreCountyHospital/12701","470529089_fillmore-county-hospital_standardcharges.csv","csv","spreadsheet","47226178","false"
"cc:fe8a485b-bd04-466c-93b2-30876cae08e0:23cf4392-c158-4a5c-a78f-1557f21f5ff0","cc:fe8a485b-bd04-466c-93b2-30876cae08e0","true","https://www.lifebridgehealth.org/sites/default/files/2026-04/52-0486540_Grace-Medical-Center_standardcharges_0.csv","https://www.lifebridgehealth.org/patients/price-transparency","52-0486540_Grace-Medical-Center_standardcharges_0.csv","csv","spreadsheet","476085","false"
"cc:fea07f8f-beca-4559-b460-7167e8b19c17:5bab658f-3224-4e93-b1ba-90eccdf2af0a","cc:fea07f8f-beca-4559-b460-7167e8b19c17","true","https://stctrprodsnsvc00455826e6.blob.core.windows.net/pt-final-posting-files/62-0840204_PARKRIDGE-MEDICAL-CENTER_standardcharges.json?si=pt-json-access-policy&spr=https&sv=2024-11-04&sr=c&sig=o5IofreS%2F7ETlsnhPakPWCwHVVUZRobywQ5wUKGjVuQ%3D","https://parkridgehealth.com/about/legal/pricing-transparency-cms-required-file-of-standard-charges.dot","62-0840204_PARKRIDGE-MEDICAL-CENTER_standardcharges.json","json","other","595600184","false"
"cc:fec7d54b-f0f0-4a23-bcea-a2161d1e251d:5dd37c50-f804-4005-926e-bc5b72dbedee","cc:fec7d54b-f0f0-4a23-bcea-a2161d1e251d","true","https://www.kcchsd.org/wp-content/uploads/2025/02/841435504_kitcarson_county_memorial_hospital_standardcharges.csv","https://www.kcchsd.org/pricing-transparency/","841435504_kitcarson_county_memorial_hospital_standardcharges.csv","csv","spreadsheet","12752200","false"
"cc:fed5d13e-3fa8-4233-a7c1-920fb11ba0cb:f51ca988-b06c-4f06-9eee-c991b4fef082","cc:fed5d13e-3fa8-4233-a7c1-920fb11ba0cb","true","https://lcmchealthfiles.blob.core.windows.net/mrf/West%20Jefferson%20Medical%20Center-PricingTransparency-2026-06-30%2016_41_44.csv","https://www.lcmchealth.org/for-patients/financial-assistance/price-transparency/","West Jefferson Medical Center-PricingTransparency-2026-06-30 16_41_44.csv","csv","spreadsheet","2061184276","false"
"cc:fedb48d3-c698-46fc-8641-e3ea9ac454e5:b4e1cccd-7be4-4c27-b598-8de5a1fc47c9","cc:fedb48d3-c698-46fc-8641-e3ea9ac454e5","true","http://searhc.org/wp-content/uploads/2026/04/Wrangell-Medical-Center-Standard-Charges.xlsx","https://searhc.org/patient-resources/billing-financing/","Wrangell-Medical-Center-Standard-Charges.xlsx","xlsx","spreadsheet","583686","false"
"cc:ff398bc5-f99f-4b66-afcb-960fb43b2972:8634a179-a18a-4061-81e2-7764d2dc8134","cc:ff398bc5-f99f-4b66-afcb-960fb43b2972","true","https://resources.selectmedical.com/Pricing-Transparency/critical-illness-recovery/62-1684861_Select_Specialty_Hospital-Knoxville_standardcharges.csv","https://www.selectspecialtyhospitals.com/patients-and-caregivers/admissions/price-transparency","62-1684861_Select_Specialty_Hospital-Knoxville_standardcharges.csv","csv","spreadsheet","164386962","false"
"cc:ff50c4d5-fad7-486c-b65e-d30a862c819a:a8798ee3-d14b-4427-a563-752d60525bef","cc:ff50c4d5-fad7-486c-b65e-d30a862c819a","true","https://resources.selectmedical.com/Pricing-Transparency/inpatient-rehabilitation/47-1551361_Pinnacle_Health_Select_Rehab_West_Shore_standardcharges.csv","https://www.simpson-rehab.com/patients-and-caregivers/admissions/price-transparency","47-1551361_Pinnacle_Health_Select_Rehab_West_Shore_standardcharges.csv","csv","spreadsheet","70954722","false"
"cc:ff723519-af78-4223-bb71-12ae95de5efe:391a07be-bd0d-4eae-aad7-3f56d8ae6245","cc:ff723519-af78-4223-bb71-12ae95de5efe","true","https://stctrprodsnsvc00455826e6.blob.core.windows.net/pt-final-posting-files/62-1763090_GOOD-SAMARITAN-HOSPITAL_standardcharges.json?si=pt-json-access-policy&spr=https&sv=2024-11-04&sr=c&sig=o5IofreS%2F7ETlsnhPakPWCwHVVUZRobywQ5wUKGjVuQ%3D","https://www.goodsamsanjose.com/patient-resources/patient-financial-resources/pricing-transparency-cms-required-file-of-standard-charges","62-1763090_GOOD-SAMARITAN-HOSPITAL_standardcharges.json","json","other","677466998","false"
"cc:ff7565d0-ab60-4c5f-ac94-ca30222439c8:f1cbb4db-655f-4781-a064-8a52a2bdcf61","cc:ff7565d0-ab60-4c5f-ac94-ca30222439c8","true","https://ppgh.slicedhealth.io/pricer/751256948_palo-pinto-general-hospital_standardcharges.csv","https://ppgh.slicedhealth.io/home","751256948_palo-pinto-general-hospital_standardcharges.csv","csv","spreadsheet","9481775","false"
"cc:ff8bf809-f2af-4260-9134-f93fb33ecc05:445302ac-6c04-4bf4-a241-9886f0318e4a","cc:ff8bf809-f2af-4260-9134-f93fb33ecc05","true","https://www.centracare.com/app/files/public/cb55e5b8-b12c-4f3f-b677-ac80d32716b9/823166379_1902319478_carris-health-llc_standardcharges.csv","https://www.centracare.com/patient-resources/estimates/pricing/","823166379_1902319478_carris-health-llc_standardcharges.csv","csv","spreadsheet","5923854","false"
"cc:ffa73376-9918-4013-b76b-f48acd452f61:01e6b689-e373-4632-ac92-d31d35eedaab","cc:ffa73376-9918-4013-b76b-f48acd452f61","true","https://woodlandpsychiatric.com/wp-content/uploads/2025/12/883980176_woodlands-ph-operations-llc_standardcharges.csv","https://woodlandpsychiatric.com/price-transparency/","883980176_woodlands-ph-operations-llc_standardcharges.csv","csv","spreadsheet","4840","false"
"cc:ffbfda0b-8d22-454b-b728-98a8b84d2e94:25760cf6-9c19-492d-aaf8-b9b639c32f51","cc:ffbfda0b-8d22-454b-b728-98a8b84d2e94","true","https://www.lauderdalehospital.org/docs/LCH_FINAL_MRF_2026_1.csv","https://www.lauderdalehospital.org/getpage.php?name=Chargemaster&sub=Patients%20%26%20Visitors","LCH_FINAL_MRF_2026_1.csv","csv","spreadsheet","8108686","false"
"cc:fff67f4d-39ec-4f7f-bebb-4ac50f283a11:24fb5857-e99b-4567-bc29-c08b3538b6a2","cc:fff67f4d-39ec-4f7f-bebb-4ac50f283a11","true","https://www.montagehealth.org/app/files/public/035422d6-6b4c-4d9b-9a7f-9da8873ba197/940760193_Community-Hospital-of-the-Monterey-Peninsula_standardcharges.csv","https://www.montagehealth.org/patient-family-resources/financial/cost-care-estimates/","940760193_Community-Hospital-of-the-Monterey-Peninsula_standardcharges.csv","csv","spreadsheet","239429644","false"
